Unix_Timestamp,Elapsed_Time_s,EOM0_Target_V,EOM1_Target_V,Raw_Count0,Raw_Count1,Rate0_Hz,Rate1_Hz
1789159692.1337783,0.06277469999986351,-200.0,-200.0,155.0,372.0,1471.8946964488678,5537.12766759336
1789159692.1961377,0.12513540000009016,-193.22033898305085,-200.0,234.0,789.0,1278.6701830122495,6766.296385106487
1789159692.2583919,0.18739049999976487,-186.4406779661017,-200.0,305.0,1140.0,1143.5226479036737,5664.8352711535845
1789159692.3202553,0.24925309999980527,-179.66101694915255,-200.0,384.0,1523.0,1270.5740347642736,6176.401557881885
1789159692.3826609,0.3116598999999951,-172.8813559322034,-200.0,468.0,1893.0,1384.8153224558257,6107.390652882103
1789159692.4432845,0.372282499999983,-166.10169491525426,-200.0,559.0,2260.0,1509.6401305568922,6038.560522227569
1789159692.5049636,0.4339621999997689,-159.32203389830508,-200.0,650.0,2653.0,1493.7847882849965,6419.717959177187
1789159692.5670042,0.49600269999973534,-152.54237288135593,-200.0,757.0,3026.0,1723.2314458213984,6013.726066029778
1789159692.6283307,0.5573297000000821,-145.76271186440678,-200.0,872.0,3376.0,1899.2263340198892,5805.18237945702
1789159692.6897566,0.6187555999999859,-138.98305084745763,-200.0,1013.0,3741.0,2257.3002333827226,5847.65178569225
1789159692.75116,0.6801582999996754,-132.20338983050848,-200.0,1185.0,4049.0,2898.9064186885853,4908.5777396199355
1789159692.8131936,0.742192299999715,-125.42372881355932,-200.0,1350.0,4343.0,2808.639232070026,4515.154208517637
1789159692.8762443,0.8052429999997912,-118.64406779661017,-200.0,1545.0,4661.0,3178.5587143358657,5249.162676817516
1789159692.9409869,0.8699858999998469,-111.86440677966102,-200.0,1752.0,4958.0,3323.564069256271,4481.775790360729
1789159693.0023925,0.931391000000076,-105.08474576271186,-200.0,1971.0,5208.0,3693.2544958503354,4071.587883230126
1789159693.064237,0.9932361999999557,-98.30508474576271,-200.0,2210.0,5455.0,3932.0330219414413,4039.2702861762077
1789159693.1276195,1.056618300000082,-91.52542372881356,-200.0,2463.0,5707.0,4043.1912128029285,4096.391097181914
1789159693.1898723,1.1188708999998198,-84.74576271186442,-200.0,2757.0,5924.0,4499.010569176761,3532.4262672051914
1789159693.251337,1.180334799999855,-77.96610169491527,-200.0,3069.0,6129.0,4956.220056149001,3464.0247704267213
1789159693.3146672,1.2436659999998483,-71.18644067796612,-200.0,3382.0,6333.0,5084.790186863515,3319.9661013885498
1789159693.3760552,1.3050537999997687,-64.40677966101697,-200.0,3738.0,6517.0,5784.894483548773,3043.7444821133545
1789159693.4371276,1.3661263999997573,-57.62711864406779,-200.0,4104.0,6684.0,5972.786269050905,2700.271636606846
1789159693.4985096,1.4275078999999096,-50.847457627118644,-200.0,4471.0,6843.0,5901.120679694549,2470.6499231251273
1789159693.5601947,1.489193399999749,-44.067796610169495,-200.0,4931.0,6985.0,7366.319843166626,2367.1147697465894
1789159693.6208348,1.5498333999998977,-37.288135593220346,-200.0,5380.0,7110.0,7315.2362316857325,2090.067494767352
1789159693.681069,1.6100658000000294,-30.508474576271198,-200.0,5809.0,7233.0,7098.40458364028,2051.457079159467
1789159693.7426548,1.671652499999709,-23.72881355932205,-200.0,6227.0,7340.0,6749.460043206468,1740.6502216690367
1789159693.8033543,1.7323530999997274,-16.9491525423729,-200.0,6664.0,7420.0,7041.603385807688,1303.330189661063
1789159693.8646982,1.7936965999997483,-10.169491525423723,-200.0,7138.0,7503.0,7802.93240955998,1421.9466805576274
1789159693.9263847,1.8553836000000956,-3.3898305084745743,-200.0,7605.0,7588.0,7650.839030251956,1378.2111878975809
1789159693.988521,1.9175193000000945,3.3898305084745743,-200.0,8109.0,7679.0,7990.5027167451,1387.3620101601382
1789159694.0497992,1.9787975999997798,10.169491525423723,-200.0,8571.0,7742.0,7565.195776507768,1080.742253786824
1789159694.1119585,2.040956499999993,16.94915254237287,-200.0,9034.0,7797.0,7229.871301285112,912.5080283175384
1789159694.173575,2.1025732999996762,23.72881355932202,-200.0,9514.0,7871.0,7753.742568586809,1163.956736623886
1789159694.2346444,2.1636430999997174,30.50847457627117,-200.0,9990.0,7939.0,7760.074239250304,1072.8213233986596
1789159694.2953725,2.2243713999996544,37.28813559322032,-200.0,10435.0,8013.0,7338.459463138507,1330.995098706494
1789159694.356206,2.2852038999999422,44.06779661016947,-200.0,10855.0,8100.0,7175.711651214041,1488.9601676269135
1789159694.4180758,2.3470743999996557,50.847457627118644,-200.0,11309.0,8178.0,7545.005690112092,1236.5923815148085
1789159694.4788387,2.407836999999745,57.627118644067764,-200.0,11756.0,8279.0,7395.850765801304,1637.5241354937193
1789159694.540184,2.469182699999692,64.40677966101691,-200.0,12202.0,8385.0,7330.46268792482,1628.9917084277379
1789159694.6019871,2.5309843,71.18644067796606,-200.0,12611.0,8477.0,6651.059317947871,1481.9336411342736
1789159694.6625714,2.5915703000000576,77.96610169491527,-200.0,12983.0,8600.0,5962.769842489826,2102.3747772912457
1789159694.7232764,2.652274799999759,84.74576271186442,-200.0,13339.0,8739.0,5826.989093402691,2352.5111246656825
1789159694.7853677,2.7143662999997105,91.52542372881356,-200.0,13721.0,8894.0,6376.19553667347,2476.7040514351497
1789159694.8467302,2.7757283000000825,98.30508474576271,-200.0,14090.0,9070.0,6203.330601955921,2879.482972827677
1789159694.9108677,2.8398663999996643,105.08474576271186,-200.0,14459.0,9237.0,5949.95994877796,2557.5947242508246
1789159694.9722738,2.9012721999997666,111.86440677966101,-200.0,14777.0,9431.0,5299.803480433082,3236.792729660473
1789159695.0356412,2.9646397999999863,118.64406779661016,-200.0,15107.0,9653.0,5030.298566177624,3413.416884191959
1789159695.098687,3.0276860999997552,125.42372881355931,-200.0,15390.0,9870.0,4464.847514264048,3499.4750787474977
1789159695.1607277,3.0897257999999965,132.20338983050846,-200.0,15661.0,10112.0,4339.618547542163,3941.8201806841307
1789159695.2220898,3.1510886000000937,138.9830508474576,-200.0,15893.0,10371.0,3775.81036084483,4063.4911502425316
1789159695.2841723,3.213170199999695,145.76271186440675,-200.0,16112.0,10650.0,3579.8347906187864,4582.188531992047
1789159695.3455691,3.2745678999999654,152.5423728813559,-200.0,16339.0,10937.0,3705.402512832004,4856.595526527383
1789159695.4069118,3.3359098000000813,159.32203389830505,-200.0,16539.0,11276.0,3250.165216740651,5814.184443280497
1789159695.4689126,3.397911099999874,166.1016949152542,-200.0,16706.0,11629.0,2639.8734278177094,5899.851352102666
1789159695.5327168,3.4617144999997436,172.88135593220335,-200.0,16843.0,11971.0,2187.9174025906286,5663.882953480579
1789159695.595434,3.5244324999998753,179.66101694915255,-200.0,16987.0,12305.0,2374.3224015457927,5412.058415288204
1789159695.6571505,3.5861488000000463,186.4406779661017,-200.0,17110.0,12633.0,2027.9274581416287,5232.777101811881
1789159695.7196853,3.648684299999786,193.22033898305085,-200.0,17201.0,13010.0,1479.915801495204,5989.306302521767
1789159695.7815864,3.7105845999999474,200.0,-200.0,17309.0,13346.0,1840.6892398295886,5468.4554115325645
1789159695.8439617,3.772960299999795,-200.0,-193.22033898305085,17396.0,13752.0,1396.065569133878,6573.878376174716
1789159695.9066923,3.835689900000034,-193.22033898305085,-193.22033898305085,17480.0,14117.0,1289.0762267848988,5915.6237804512475
1789159695.9710834,3.9000820999999632,-186.4406779661017,-193.22033898305085,17574.0,14491.0,1510.2920463658143,5922.381170580553
1789159696.034885,3.9638820000000123,-179.66101694915255,-193.22033898305085,17679.0,14905.0,1527.5512300223766,6443.808062278302
1789159696.09787,4.026868899999954,-172.8813559322034,-193.22033898305085,17776.0,15302.0,1503.0103899938786,6344.101994974162
1789159696.1592617,4.088259999999991,-166.10169491525426,-193.22033898305085,17858.0,15672.0,1377.006495181589,6008.755615337842
1789159696.2214792,4.15047770000001,-159.32203389830508,-193.22033898305085,17978.0,16043.0,1962.1205617891787,5903.88061895494
1789159696.2824872,4.21148439999979,-152.54237288135593,-193.22033898305085,18112.0,16380.0,2194.5318688755037,5334.675030843704
1789159696.345412,4.274410699999862,-145.76271186440678,-193.22033898305085,18250.0,16730.0,2299.2042984534983,5571.1488770219385
1789159696.4068508,4.335848299999725,-138.98305084745763,-193.22033898305085,18405.0,17056.0,2520.639958537693,5307.544701427959
1789159696.4681904,4.397188699999788,-132.20338983050848,-193.22033898305085,18566.0,17385.0,2629.615915077179,5402.340179274204
1789159696.5288954,4.457893699999659,-125.42372881355932,-193.22033898305085,18733.0,17668.0,2803.884458379876,4655.167145643512
1789159696.5899422,4.518940399999792,-118.64406779661017,-193.22033898305085,18916.0,17952.0,3002.0800125703036,4538.859066624149
1789159696.6513188,4.580316999999923,-111.86440677966102,-193.22033898305085,19117.0,18219.0,3324.148964538575,4372.944627147002
1789159696.7123544,4.641352999999981,-105.08474576271186,-193.22033898305085,19355.0,18482.0,3863.151437304524,4471.240089472829
1789159696.7727072,4.701705199999651,-98.30508474576271,-193.22033898305085,19634.0,18720.0,4758.888989417821,3854.1572423802127
1789159696.834063,4.7630614999998215,-91.52542372881356,-193.22033898305085,19923.0,18955.0,4661.168877722196,3764.7902473910044
1789159696.895527,4.824524499999825,-84.74576271186442,-193.22033898305085,20196.0,19188.0,4349.987571471097,3657.540570298147
1789159696.9585385,4.88753719999977,-77.96610169491527,-193.22033898305085,20488.0,19350.0,4648.350534547788,2726.1003134941916
1789159697.0195568,4.948555099999794,-71.18644067796612,-193.22033898305085,20812.0,19561.0,5272.677876882942,3413.8355067275993
1789159697.0799482,5.008946999999807,-64.40677966101697,-193.22033898305085,21181.0,19732.0,6224.4643160708865,2786.5334438224318
1789159697.1412904,5.070288800000071,-57.62711864406779,-193.22033898305085,21558.0,19888.0,6327.145408834031,2523.749011388855
1789159697.2027035,5.131701999999677,-50.847457627118644,-193.22033898305085,21940.0,20030.0,6083.759047325544,2344.0365741166065
1789159697.2633824,5.1923806999998305,-44.067796610169495,-193.22033898305085,22303.0,20151.0,6040.970726435688,2031.6359883548596
1789159697.3244338,5.253432099999827,-37.288135593220346,-193.22033898305085,22693.0,20263.0,6327.19083450377,1894.5825662638406
1789159697.3865693,5.315566599999784,-30.508474576271198,-193.22033898305085,23159.0,20376.0,7633.467226137455,1754.8200519856218
1789159697.449193,5.378191499999957,-23.72881355932205,-193.22033898305085,23598.0,20477.0,6850.823322145381,1555.4165195687217
1789159697.5107396,5.4397368999998434,-16.9491525423729,-193.22033898305085,24067.0,20571.0,7618.966620077335,1523.793324015467
1789159697.572313,5.501311299999998,-10.169491525423723,-193.22033898305085,24573.0,20654.0,7910.670277138242,1288.615972746501
1789159697.6330595,5.562057399999958,-3.3898305084745743,-193.22033898305085,25027.0,20729.0,7636.509342627465,1257.7780093739354
1789159697.6943812,5.623379999999997,3.3898305084745743,-193.22033898305085,25553.0,20797.0,8716.055260104806,1073.8466439554174
1789159697.7554388,5.6844372999998996,10.169491525423723,-193.22033898305085,26050.0,20860.0,8153.471215179245,1001.3034825658721
1789159697.8170936,5.746091999999862,16.94915254237287,-193.22033898305085,26537.0,20930.0,7932.077391602664,1112.9640883540485
1789159697.877454,5.806452499999978,23.72881355932202,-193.22033898305085,26971.0,21006.0,7154.254789287961,1304.0666957689448
1789159697.938847,5.86784519999992,30.50847457627117,-193.22033898305085,27441.0,21067.0,7564.686973237618,1050.1565445200458
1789159697.9999135,5.9289114999996855,37.28813559322032,-193.22033898305085,27901.0,21127.0,7470.555644910261,982.9678480145081
1789159698.060691,5.989687899999808,44.06779661016947,-193.22033898305085,28348.0,21213.0,7463.84083849419,1402.8423744639683
1789159698.1216297,6.050627899999654,50.847457627118644,-193.22033898305085,28822.0,21292.0,7710.624381627986,1305.9758233383827
1789159698.1819742,6.1109724999996615,57.627118644067764,-193.22033898305085,29230.0,21407.0,6863.915184439221,1901.6123861902856
1789159698.2424047,6.171402200000102,64.40677966101691,-193.22033898305085,29684.0,21514.0,7577.0453501826805,1754.1131240279713
1789159698.3094327,6.238431199999923,71.18644067796606,-193.22033898305085,30127.0,21641.0,6587.983255691345,1692.1752502149839
1789159698.3712735,6.3002707999999075,77.96610169491527,-193.22033898305085,30491.0,21778.0,5872.01137613566,2246.221219184424
1789159698.433591,6.3625890999996955,84.74576271186442,-193.22033898305085,30899.0,21942.0,6644.4715535440155,2689.4289621487683
1789159698.4950142,6.424011600000085,91.52542372881356,-193.22033898305085,31264.0,22109.0,6004.352267135214,2664.653372989
1789159698.5563147,6.485312999999678,98.30508474576271,-193.22033898305085,31574.0,22291.0,4976.406819461531,2882.0197767385125
1789159698.6173544,6.546352999999726,105.08474576271186,-193.22033898305085,31866.0,22507.0,4829.759907285334,3595.4879309790817
1789159698.6783886,6.60738689999971,111.86440677966101,-193.22033898305085,32162.0,22723.0,4709.117962534584,3473.6459495502254
1789159698.7395759,6.668573200000083,118.64406779661016,-193.22033898305085,32425.0,22979.0,4302.5802984637685,4159.756056191112
1789159698.8018243,6.73082260000001,125.42372881355931,-193.22033898305085,32681.0,23212.0,4234.272701397108,3807.2872189032823
1789159698.863275,6.792272400000002,132.20338983050846,-193.22033898305085,32918.0,23463.0,3603.2901766661353,4171.296509933703
1789159698.92526,6.854258099999697,138.9830508474576,-193.22033898305085,33138.0,23727.0,3649.0308707903114,4254.235990823826
1789159698.9863498,6.915347899999688,145.76271186440675,-193.22033898305085,33355.0,24004.0,3684.565426981303,4650.422383568634
1789159699.0462995,6.975297599999976,152.5423728813559,-193.22033898305085,33531.0,24283.0,2932.984047109682,4663.626807826575
1789159699.1074202,7.036417699999674,159.32203389830505,-193.22033898305085,33681.0,24634.0,2397.83264558928,5565.119050584076
1789159699.1698222,7.098818799999663,166.1016949152542,-193.22033898305085,33823.0,24948.0,2231.490582580517,5118.260145760075
1789159699.2304914,7.159488999999667,172.88135593220335,-193.22033898305085,33948.0,25281.0,2121.893808215095,5520.520331542662
1789159699.2925167,7.221514599999864,179.66101694915255,-193.22033898305085,34039.0,25595.0,1512.789298714478,5303.661306081346
1789159699.35362,7.282616899999994,186.4406779661017,-193.22033898305085,34156.0,25956.0,1859.4838144358328,5828.76657217386
1789159699.4149,7.343898399999944,193.22033898305085,-193.22033898305085,34262.0,26307.0,1765.1519381543794,5925.867220946845
1789159699.476378,7.405374999999822,200.0,-193.22033898305085,34348.0,26685.0,1404.2372414361214,6310.180008985102
1789159699.5380602,7.467058599999746,-200.0,-186.4406779661017,34419.0,27027.0,1026.3557349003422,5563.928457617644
1789159699.5991418,7.5281387999998515,-193.22033898305085,-186.4406779661017,34488.0,27386.0,1143.4758449686126,5967.514565929948
1789159699.6600978,7.5890958999998475,-186.4406779661017,-186.4406779661017,34559.0,27769.0,1159.5169162599354,6250.520876713715
1789159699.7208068,7.649803999999676,-179.66101694915255,-186.4406779661017,34643.0,28171.0,1367.5090642563441,6603.629297132609
1789159699.783581,7.7125787999998465,-172.8813559322034,-186.4406779661017,34762.0,28528.0,1815.1386050279325,5724.667908165018
1789159699.844928,7.7739252999999735,-166.10169491525426,-186.4406779661017,34867.0,28875.0,1681.6494476390164,5688.984301587311
1789159699.908068,7.837064299999838,-159.32203389830508,-186.4406779661017,34989.0,29203.0,1924.891096256947,5289.11517439972
1789159699.9697497,7.898746899999878,-152.54237288135593,-186.4406779661017,35135.0,29530.0,2363.340705542448,5379.245635749602
1789159700.0317235,7.9607215999999426,-145.76271186440678,-186.4406779661017,35306.0,29870.0,2775.406013616341,5427.067810065075
1789159700.093617,8.022614099999828,-138.98305084745763,-186.4406779661017,35478.0,30214.0,2766.237107032558,5691.048315742141
1789159700.157232,8.086230500000056,-132.20338983050848,-186.4406779661017,35659.0,30510.0,2761.4154325134814,4435.523538474779
1789159700.218291,8.14728789999981,-125.42372881355932,-186.4406779661017,35865.0,30804.0,3322.496516745945,4787.253045633943
1789159700.2805893,8.20958759999985,-118.64406779661017,-186.4406779661017,36111.0,31079.0,4134.957990591634,4416.4870452702135
1789159700.3424368,8.271433800000068,-111.86440677966102,-186.4406779661017,36367.0,31345.0,4235.657885927387,4253.306460452084
1789159700.4040146,8.333012900000085,-105.08474576271186,-186.4406779661017,36613.0,31589.0,3983.9272870147033,4038.007747924405
1789159700.464834,8.393831899999896,-98.30508474576271,-186.4406779661017,36889.0,31804.0,4584.558129488498,3469.8812509461964
1789159700.5261197,8.455118099999709,-91.52542372881356,-186.4406779661017,37158.0,32024.0,4368.798186609597,3545.172298970083
1789159700.5875347,8.516532199999801,-84.74576271186442,-186.4406779661017,37507.0,32197.0,5832.147937422625,2827.1692745432842
1789159700.6492593,8.578256799999963,-77.96610169491527,-186.4406779661017,37829.0,32393.0,5189.83787087532,3039.254369587944
1789159700.7106183,8.639616200000091,-71.18644067796612,-186.4406779661017,38182.0,32572.0,5776.387629573563,2950.7862504013556
1789159700.7713096,8.700307600000087,-64.40677966101697,-186.4406779661017,38520.0,32711.0,5499.40333269802,2174.6006642367984
1789159700.8317568,8.760753699999896,-57.62711864406779,-186.4406779661017,38897.0,32855.0,6127.15195876834,2259.274321079771
1789159700.892689,8.821686899999804,-50.847457627118644,-186.4406779661017,39332.0,32982.0,7157.3185836070425,2127.3642137673323
1789159700.954464,8.88346109999975,-44.067796610169495,-186.4406779661017,39742.0,33105.0,6720.975441117733,2046.2812366657663
1789159701.01545,8.944447899999886,-37.288135593220346,-186.4406779661017,40200.0,33198.0,7383.010791815627,1494.6095017577977
1789159701.076902,9.005899100000079,-30.508474576271198,-186.4406779661017,40671.0,33280.0,7559.813027741687,1259.9688379569477
1789159701.1389046,9.067902100000083,-23.72881355932205,-186.4406779661017,41150.0,33367.0,7619.148635274839,1414.2271248770003
1789159701.2011824,9.130179700000099,-16.9491525423729,-186.4406779661017,41662.0,33437.0,8125.905809850673,1125.6666056935996
1789159701.2629695,9.191967400000067,-10.169491525423723,-186.4406779661017,42102.0,33506.0,7247.1307461110555,1183.9372010973507
1789159701.324056,9.25305329999992,-3.3898305084745743,-186.4406779661017,42563.0,33572.0,7523.002339113493,1054.2924893294444
1789159701.38507,9.314067799999975,3.3898305084745743,-186.4406779661017,42969.0,33640.0,6853.825615723325,1127.3916809153252
1789159701.4471214,9.376119099999869,10.169491525423723,-186.4406779661017,43446.0,33723.0,7587.4404095261825,1320.320256878106
1789159701.5085504,9.437548500000048,16.94915254237287,-186.4406779661017,43941.0,33810.0,8047.224595716892,1350.086245639037
1789159701.5702546,9.499251700000059,23.72881355932202,-186.4406779661017,44410.0,33896.0,7619.108228462694,1378.8641341533414
1789159701.6332827,9.562280699999974,30.50847457627117,-186.4406779661017,44911.0,33985.0,7821.411685713631,1423.672688860234
1789159701.694321,9.623318799999652,37.28813559322032,-186.4406779661017,45385.0,34078.0,7912.213808775847,1539.4805148296898
1789159701.7546885,9.683686399999715,44.06779661016947,-186.4406779661017,45799.0,34176.0,6897.6754290492745,1629.372148594317
1789159701.8153527,9.744350599999962,50.847457627118644,-186.4406779661017,46225.0,34290.0,6945.144156687028,1799.2601442194373
1789159701.8761053,9.80510299999969,57.627118644067764,-186.4406779661017,46621.0,34407.0,6454.710050483133,1851.9084545954395
1789159701.9375358,9.86653299999989,64.40677966101691,-186.4406779661017,47056.0,34520.0,7155.349200546989,1917.5625649108556
1789159702.0001657,9.929163699999663,71.18644067796606,-186.4406779661017,47420.0,34676.0,5680.17966846542,2464.3241023188434
1789159702.0612893,9.990285800000038,77.96610169491527,-186.4406779661017,47777.0,34848.0,5680.671248146165,2786.7443858830247
1789159702.1222591,10.051257000000078,84.74576271186442,-186.4406779661017,48140.0,35026.0,6002.206216325338,2974.0661432242664
1789159702.1836915,10.112688599999728,91.52542372881356,-186.4406779661017,48470.0,35196.0,5248.092451841408,2810.8427369184487
1789159702.2459877,10.17498569999998,98.30508474576271,-186.4406779661017,48818.0,35403.0,5432.145644812898,3357.7340393503673
1789159702.3067539,10.235750599999847,105.08474576271186,-186.4406779661017,49133.0,35625.0,5170.4351993078235,3585.0752775688393
1789159702.3687878,10.297785700000077,111.86440677966101,-186.4406779661017,49426.0,35840.0,4616.633678101705,3343.079560004683
1789159702.4301732,10.359170400000039,118.64406779661016,-186.4406779661017,49687.0,36114.0,4303.017802400568,4498.609520691503
1789159702.491897,10.420894999999746,125.42372881355931,-186.4406779661017,49925.0,36401.0,3892.454503609986,4674.500157303317
1789159702.5529797,10.481976600000053,132.20338983050846,-186.4406779661017,50176.0,36692.0,4052.8621776842915,4606.3367482050535
1789159702.6146667,10.543664799999988,138.9830508474576,-186.4406779661017,50375.0,36990.0,3074.7083026075484,4763.131936987416
1789159702.6746106,10.603608399999757,145.76271186440675,-186.4406779661017,50539.0,37263.0,2716.504496810959,4484.9671558086975
1789159702.7359757,10.664973800000098,152.5423728813559,-186.4406779661017,50714.0,37574.0,2795.350104249269,5038.752098742313
1789159702.798137,10.72713369999974,159.32203389830505,-186.4406779661017,50838.0,37891.0,2075.4806584571925,5047.99109302724
1789159702.8595862,10.788584399999763,166.1016949152542,-186.4406779661017,50964.0,38226.0,1986.2323677069162,5386.089573691728
1789159702.9224188,10.851415999999972,172.88135593220335,-186.4406779661017,51100.0,38589.0,2192.272760481158,5724.26776347858
1789159702.9869027,10.915900599999986,179.66101694915255,-186.4406779661017,51198.0,38978.0,1538.1512788898162,5964.608848139398
1789159703.0477884,10.976784799999677,186.4406779661017,-186.4406779661017,51301.0,39342.0,1705.0971636165234,6066.556224235631
1789159703.1113622,11.040360399999827,193.22033898305085,-186.4406779661017,51390.0,39735.0,1442.3594915879357,6308.150547547237
1789159703.1724632,11.101460099999713,200.0,-186.4406779661017,51479.0,40126.0,1500.5895173139054,6395.369609504502
1789159703.233828,11.162826199999927,-200.0,-179.66101694915255,51560.0,40480.0,1367.6567181569906,5812.54105216721
1789159703.2945528,11.223549899999853,-193.22033898305085,-179.66101694915255,51628.0,40839.0,1060.9602589483732,5844.272612851209
1789159703.35653,11.285527799999727,-186.4406779661017,-179.66101694915255,51715.0,41216.0,1370.7970383650772,5999.462362714688
1789159703.4177105,11.346707299999707,-179.66101694915255,-179.66101694915255,51801.0,41508.0,1498.1246689427337,4672.7221817023365
1789159703.4800162,11.409013799999684,-172.8813559322034,-179.66101694915255,51938.0,41877.0,2190.49536992766,5864.874700128897
1789159703.5407975,11.469794000000093,-166.10169491525426,-179.66101694915255,52055.0,42209.0,1884.3815280246906,5401.89371367078
1789159703.6033692,11.532366999999795,-159.32203389830508,-179.66101694915255,52200.0,42561.0,2340.3173329475326,5754.013292284535
1789159703.6651561,11.594154099999741,-152.54237288135593,-179.66101694915255,52371.0,42906.0,2792.1064676030446,5442.840455833783
1789159703.7258148,11.654812700000093,-145.76271186440678,-179.66101694915255,52538.0,43229.0,2769.669599979963,5215.6115843778525
1789159703.7868974,11.71589449999965,-138.98305084745763,-179.66101694915255,52712.0,43520.0,2807.8282968403596,4828.749300298708
1789159703.8489788,11.777976699999726,-132.20338983050848,-179.66101694915255,52938.0,43806.0,3606.1962623618697,4601.009024392731
1789159703.9093227,11.838320199999998,-125.42372881355932,-179.66101694915255,53144.0,44089.0,3380.742063852614,4718.575821740814
1789159703.9716434,11.900641199999882,-118.64406779661017,-179.66101694915255,53397.0,44361.0,4131.911721285232,4553.894194948404
1789159704.0323362,11.96133379999992,-111.86440677966102,-179.66101694915255,53648.0,44625.0,4246.009470787519,4299.984167450071
1789159704.093761,12.02275869999994,-105.08474576271186,-179.66101694915255,53901.0,44864.0,4298.531216752271,3907.7556515929737
1789159704.1547964,12.083793299999797,-98.30508474576271,-179.66101694915255,54244.0,45065.0,5703.547821268177,3254.06176636617
1789159704.2157822,12.144780000000083,-91.52542372881356,-179.66101694915255,54530.0,45232.0,4734.848484871323,2718.487152910912
1789159704.2765906,12.205587500000092,-84.74576271186442,-179.66101694915255,54851.0,45397.0,5280.665579409281,2640.3327897046406
1789159704.3386335,12.267631400000027,-77.96610169491527,-179.66101694915255,55190.0,45559.0,5357.180743840395,2545.9868881617717
1789159704.3999767,12.328974000000017,-71.18644067796612,-179.66101694915255,55584.0,45707.0,6398.873798213064,2506.225570966784
1789159704.4620364,12.391034299999774,-64.40677966101697,-179.66101694915255,55973.0,45851.0,6237.238982203648,2256.7787770366476
1789159704.5231063,12.452103399999942,-57.62711864406779,-179.66101694915255,56382.0,45982.0,6591.757623370145,2125.797173932377
1789159704.5847816,12.513779200000045,-50.847457627118644,-179.66101694915255,56821.0,46090.0,7191.5552628384075,1815.6896950730634
1789159704.644736,12.573733700000048,-44.067796610169495,-179.66101694915255,57257.0,46186.0,7352.7399447284315,1678.5411288213788
1789159704.7068121,12.635809899999913,-37.288135593220346,-179.66101694915255,57766.0,46292.0,8203.776899448578,1739.1304347867433
1789159704.7686522,12.697648899999876,-30.508474576271198,-179.66101694915255,58212.0,46388.0,7280.239877785858,1586.4929515756107
1789159704.8299553,12.75895330000003,-23.72881355932205,-179.66101694915255,58696.0,46485.0,7940.680967038932,1555.9442435414123
1789159704.8907056,12.819702799999959,-16.9491525423729,-179.66101694915255,59181.0,46538.0,8046.063714713289,897.9981824456796
1789159704.9516652,12.880662799999754,-10.169491525423723,-179.66101694915255,59688.0,46622.0,8331.383945426904,1385.564932608794
1789159705.0133388,12.94233660000009,-3.3898305084745743,-179.66101694915255,60186.0,46707.0,8020.311039333498,1345.5709469963485
1789159705.0750904,13.00408809999999,3.3898305084745743,-179.66101694915255,60696.0,46774.0,8370.06665965069,1061.742070991631
1789159705.1364849,13.065481499999805,10.169491525423723,-179.66101694915255,61170.0,46851.0,7673.097622376374,1207.802403522207
1789159705.1985118,13.12750959999994,16.94915254237287,-179.66101694915255,61638.0,46932.0,7601.739560839722,1308.2063430282312
1789159705.2588756,13.187872399999833,23.72881355932202,-179.66101694915255,62089.0,47028.0,7458.214988494579,1520.6069394018075
1789159705.3219643,13.250961299999744,30.50847457627117,-179.66101694915255,62524.0,47117.0,6605.40070142504,1310.595377266873
1789159705.382663,13.311659999999847,37.28813559322032,-179.66101694915255,62917.0,47199.0,6426.943475325807,1368.2008518900877
1789159705.4443285,13.373325799999748,44.06779661016947,-179.66101694915255,63342.0,47296.0,6975.246816393102,1502.360852761591
1789159705.505777,13.434773999999834,50.847457627118644,-179.66101694915255,63749.0,47412.0,6594.664543077328,1937.5159978313443
1789159705.5667748,13.495772299999771,57.627118644067764,-179.66101694915255,64155.0,47526.0,6694.934166524176,1925.6934296185132
1789159705.6277578,13.556755300000077,64.40677966101691,-179.66101694915255,64497.0,47660.0,5715.862503944531,2132.249648806894
1789159705.6885643,13.617561300000034,71.18644067796606,-179.66101694915255,64807.0,47800.0,5264.746681228185,2353.8628506515092
1789159705.749942,13.67893819999972,77.96610169491527,-179.66101694915255,65146.0,47954.0,5404.185043544441,2470.9925034627545
1789159705.8123255,13.741322699999728,84.74576271186442,-179.66101694915255,65513.0,48146.0,5793.949334126406,3101.9913358092144
1789159705.8748727,13.803822800000034,91.52542372881356,-179.66101694915255,65848.0,48340.0,5234.250141337701,3157.9975852737466
1789159705.9499648,13.8789612999999,98.30508474576271,-179.66101694915255,66200.0,48600.0,5480.557410162284,3374.0239430640772
1789159706.0128613,13.941858899999716,105.08474576271186,-179.66101694915255,66452.0,48823.0,4061.9019855864417,3624.197030243075
1789159706.0740285,14.003025499999694,111.86440677966101,-179.66101694915255,66722.0,49066.0,4323.675338440957,3894.881090000531
1789159706.1373942,14.066391999999723,118.64406779661016,-179.66101694915255,66963.0,49352.0,3780.979429038668,4488.834025342711
1789159706.2001736,14.129170400000021,125.42372881355931,-179.66101694915255,67181.0,49616.0,3436.6169803585994,4269.7362483243205
1789159706.2626326,14.191630399999667,132.20338983050846,-179.66101694915255,67383.0,49877.0,3121.505941439342,4197.279175494708
1789159706.3232512,14.252247599999919,138.9830508474576,-179.66101694915255,67560.0,50197.0,3023.0997208996837,5434.381641141098
1789159706.3871465,14.316144099999747,145.76271186440675,-179.66101694915255,67738.0,50551.0,2826.0925416799287,5583.673749016101
1789159706.449128,14.378124500000013,152.5423728813559,-179.66101694915255,67888.0,50924.0,2365.9361691675485,5914.840422918872
1789159706.5114605,14.440457599999718,159.32203389830505,-179.66101694915255,68024.0,51276.0,2203.531692643823,5757.615067875796
1789159706.5745296,14.503526099999817,166.1016949152542,-179.66101694915255,68155.0,51648.0,2117.8401560220377,5877.006432961154
1789159706.637239,14.566236799999842,172.88135593220335,-179.66101694915255,68265.0,52031.0,1763.3789833201706,5988.504864146718
1789159706.698629,14.627625499999795,179.66101694915255,-179.66101694915255,68365.0,52353.0,1634.7447221684688,5206.3065608191455
1789159706.7617056,14.690702500000043,186.4406779661017,-179.66101694915255,68459.0,52772.0,1492.2569420613654,6741.490185312521
1789159706.8234706,14.752466999999797,193.22033898305085,-179.66101694915255,68538.0,53153.0,1359.3372157979513,6188.561535080146
1789159706.8853998,14.814397499999814,200.0,-179.66101694915255,68629.0,53504.0,1531.7672497560634,5735.221563040144
1789159706.9464476,14.875444699999662,-200.0,-172.8813559322034,68712.0,53859.0,1270.9687467054666,5603.003066462127
1789159707.007511,14.936507800000072,-193.22033898305085,-172.8813559322034,68794.0,54231.0,1287.712539637449,6188.174148813297
1789159707.0685267,14.997524200000043,-186.4406779661017,-172.8813559322034,68879.0,54632.0,1430.8633650790364,6528.314103173103
1789159707.1296096,15.058606999999938,-179.66101694915255,-172.8813559322034,68991.0,54998.0,1786.623549486875,5913.723948801556
1789159707.1895876,15.118585100000018,-172.8813559322034,-172.8813559322034,69096.0,55318.0,1784.3097270419548,5261.8929705625
1789159707.2506604,15.179657799999859,-166.10169491525426,-172.8813559322034,69211.0,55636.0,1931.392641387877,5347.096294212733
1789159707.3123784,15.241374599999745,-159.32203389830508,-172.8813559322034,69345.0,55936.0,2085.177743737723,4877.195400606878
1789159707.3744102,15.303407800000059,-152.54237288135593,-172.8813559322034,69523.0,56255.0,2844.141069396708,4999.328712045146
1789159707.4365087,15.365505299999768,-145.76271186440678,-172.8813559322034,69699.0,56566.0,2930.0970090250366,5035.555937665781
1789159707.4985242,15.427521600000091,-138.98305084745763,-172.8813559322034,69911.0,56835.0,3374.6656254189725,4328.759571872503
1789159707.559557,15.4885534,-132.20338983050848,-172.8813559322034,70126.0,57105.0,3612.51001488072,4381.509671513745
1789159707.6226053,15.551602699999876,-125.42372881355932,-172.8813559322034,70384.0,57383.0,3965.9071142708467,4383.371021036199
1789159707.6832802,15.612277400000039,-118.64406779661017,-172.8813559322034,70632.0,57610.0,4101.007085029162,3867.177733689781
1789159707.7446742,15.673671600000034,-111.86440677966102,-172.8813559322034,70895.0,57841.0,4287.844228476707,3896.4227636365094
1789159707.8061004,15.735096899999917,-105.08474576271186,-172.8813559322034,71169.0,58031.0,4331.325065932747,3159.7371382624137
1789159707.867472,15.796468900000036,-98.30508474576271,-172.8813559322034,71477.0,58224.0,4795.87125590217,3167.422433935388
1789159707.9292014,15.858198899999934,-91.52542372881356,-172.8813559322034,71848.0,58408.0,5970.0543486903425,2967.3642916567383
1789159707.989831,15.9188280999997,-84.74576271186442,-172.8813559322034,72211.0,58574.0,5958.001505726848,2690.1279525857585
1789159708.050934,15.97993069999984,-77.96610169491527,-172.8813559322034,72611.0,58713.0,6583.396245343988,2200.4286363513875
1789159708.1133082,16.042305499999657,-71.18644067796612,-172.8813559322034,73044.0,58836.0,7101.369398391264,2031.4862706840681
1789159708.1747417,16.103737899999942,-64.40677966101697,-172.8813559322034,73495.0,58949.0,7048.8429776966495,1864.303558332867
1789159708.2373993,16.16639669999995,-57.62711864406779,-172.8813559322034,73909.0,59073.0,6628.486583921781,1979.7079930646385
1789159708.298122,16.22711819999995,-50.847457627118644,-172.8813559322034,74356.0,59199.0,7521.814160777731,2141.37771562811
1789159708.359538,16.288533599999937,-44.067796610169495,-172.8813559322034,74825.0,59292.0,7601.631092873109,1556.5244618740176
1789159708.4204886,16.349485599999753,-37.288135593220346,-172.8813559322034,75306.0,59364.0,7743.301507720328,1162.3893718286868
1789159708.4808257,16.40982299999996,-30.508474576271198,-172.8813559322034,75779.0,59435.0,7971.346632195491,1213.818691720677
1789159708.5423443,16.471340600000076,-23.72881355932205,-172.8813559322034,76234.0,59503.0,7433.585614019146,1046.7340124752498
1789159708.604626,16.533623199999965,-16.9491525423729,-172.8813559322034,76741.0,59579.0,8171.301818305303,1228.365632817137
1789159708.6660578,16.595053799999732,-10.169491525423723,-172.8813559322034,77231.0,59640.0,7975.544033360423,923.6710239081114
1789159708.7274265,16.656423899999936,-3.3898305084745743,-172.8813559322034,77726.0,59708.0,8044.733758937161,1133.8215364944992
1789159708.7880983,16.717094899999665,3.3898305084745743,-172.8813559322034,78204.0,59791.0,7800.816749126754,1419.9643391267593
1789159708.849769,16.778766599999926,10.169491525423723,-172.8813559322034,78647.0,59862.0,6925.885899182535,1192.8903733810535
1789159708.911262,16.840258299999732,16.94915254237287,-172.8813559322034,79119.0,59958.0,7865.822910698624,1580.2669053096558
1789159708.9722984,16.901295899999695,23.72881355932202,-172.8813559322034,79635.0,60052.0,8472.899314604294,1565.057835181685
1789159709.0332916,16.962287599999854,30.50847457627117,-172.8813559322034,80069.0,60143.0,7062.39942785759,1430.3593777939423
1789159709.095305,17.024302299999817,37.28813559322032,-172.8813559322034,80504.0,60238.0,7029.851763366122,1649.8631689532735
1789159709.1571283,17.08612489999996,44.06779661016947,-172.8813559322034,80909.0,60373.0,6416.5391584784575,2115.3425797181726
1789159709.2183988,17.147395899999992,50.847457627118644,-172.8813559322034,81312.0,60496.0,6618.109882203158,1924.2873842275485
1789159709.280499,17.20949530000007,57.627118644067764,-172.8813559322034,81729.0,60639.0,6655.509761088968,2388.256800812928
1789159709.342892,17.271887200000037,64.40677966101691,-172.8813559322034,82107.0,60798.0,6232.657717958704,2623.3502824176467
1789159709.4042833,17.33327999999983,71.18644067796606,-172.8813559322034,82465.0,60965.0,5841.142236236174,2858.4313070942976
1789159709.466918,17.395914899999752,77.96610169491527,-172.8813559322034,82834.0,61156.0,5834.982477479595,3075.6684745750877
1789159709.5269766,17.455973300000096,84.74576271186442,-172.8813559322034,83154.0,61351.0,5465.655641804287,3352.268793639963
1789159709.5883756,17.51737299999968,91.52542372881356,-172.8813559322034,83444.0,61577.0,4720.3294217579105,3808.447601645587
1789159709.649136,17.57813279999982,98.30508474576271,-172.8813559322034,83694.0,61791.0,4021.8255856515166,3357.5061808787214
1789159709.712416,17.64141299999983,105.08474576271186,-172.8813559322034,83953.0,62034.0,4153.148660140686,3822.9820302550247
1789159709.7725341,17.701530399999683,111.86440677966101,-172.8813559322034,84182.0,62320.0,3823.284164666321,4806.41437843766
1789159709.8341906,17.763187600000037,118.64406779661016,-172.8813559322034,84410.0,62611.0,3787.8181633923205,4659.1941728112115
1789159709.8954089,17.824405299999853,125.42372881355931,-172.8813559322034,84600.0,62924.0,3048.410904410859,5134.165733744605
1789159709.9590483,17.88804540000001,132.20338983050846,-172.8813559322034,84794.0,63234.0,3038.510501217813,4819.70631227653
1789159710.0201085,17.949104599999828,138.9830508474576,-172.8813559322034,84962.0,63551.0,2676.3968561266865,5227.895192300794
1789159710.0820286,18.01102579999997,145.76271186440675,-172.8813559322034,85097.0,63871.0,2154.1518160799933,5198.449010705438
1789159710.143865,18.07286129999966,152.5423728813559,-172.8813559322034,85207.0,64230.0,1801.2831493473664,5757.0422224239355
1789159710.204809,18.133805999999822,159.32203389830505,-172.8813559322034,85325.0,64571.0,1997.908495779177,5525.746920758625
1789159710.2655227,18.19451879999997,166.1016949152542,-172.8813559322034,85438.0,64913.0,1799.38317144883,5722.038485207279
1789159710.3279414,18.256934699999874,172.88135593220335,-172.8813559322034,85545.0,65286.0,1705.7284339535374,5890.91778736531
1789159710.3890562,18.31805209999993,179.66101694915255,-172.8813559322034,85642.0,65624.0,1605.7349716686738,5655.755400210774
1789159710.4502864,18.37928359999978,186.4406779661017,-172.8813559322034,85734.0,65969.0,1486.2645873327192,5497.388292905359
1789159710.51211,18.441106299999774,193.22033898305085,-172.8813559322034,85828.0,66314.0,1606.6866413707592,5720.510679166219
1789159710.5751297,18.5041269999997,200.0,-172.8813559322034,85917.0,66659.0,1348.091137963654,5427.379906087438
1789159710.6361933,18.565189500000088,-200.0,-166.10169491525426,86030.0,67011.0,1822.1606895577686,5788.039837418794
1789159710.6978955,18.626892400000088,-193.22033898305085,-166.10169491525426,86154.0,67380.0,2007.1903597983721,6003.808332848228
1789159710.759665,18.688661199999842,-186.4406779661017,-166.10169491525426,86260.0,67736.0,1780.604806228267,5958.855688169844
1789159710.8217425,18.750738100000035,-179.66101694915255,-166.10169491525426,86393.0,68100.0,2134.961314837371,5893.199001286627
1789159710.8820632,18.81105959999968,-172.8813559322034,-166.10169491525426,86529.0,68416.0,2274.51379992486,5258.675905426277
1789159710.9429965,18.87199389999978,-166.10169491525426,-166.10169491525426,86690.0,68716.0,2738.0332635169607,4917.651848290331
1789159711.0041242,18.93312049999986,-159.32203389830508,-166.10169491525426,86860.0,69030.0,2842.9714236800314,5203.174115037039
1789159711.0654726,18.994469599999775,-152.54237288135593,-166.10169491525426,87024.0,69343.0,2660.3104885775724,4999.241186588727
1789159711.1258302,19.054827299999943,-145.76271186440678,-166.10169491525426,87224.0,69613.0,3271.7426277415693,4482.829677789553
1789159711.187208,19.116204899999957,-138.98305084745763,-166.10169491525426,87473.0,69926.0,4122.824632447109,4904.739648945699
1789159711.2489316,19.17792789999976,-132.20338983050848,-166.10169491525426,87713.0,70178.0,3784.910939627223,4067.8949351133706
1789159711.3106174,19.239614399999937,-125.42372881355932,-166.10169491525426,87960.0,70411.0,3860.769222509367,3789.273496166601
1789159711.371335,19.300330999999915,-118.64406779661017,-166.10169491525426,88249.0,70650.0,4802.806133931729,3867.4281602821043
1789159711.4333696,19.362366500000007,-111.86440677966102,-166.10169491525426,88587.0,70868.0,5547.232743507117,3639.2673412817394
1789159711.4944463,19.42344269999967,-105.08474576271186,-166.10169491525426,88934.0,71045.0,5608.975790318184,2893.8027962788083
1789159711.5557606,19.484757799999898,-98.30508474576271,-166.10169491525426,89241.0,71219.0,5127.248997855576,2724.9714953638027
1789159711.616837,19.545833899999707,-91.52542372881356,-166.10169491525426,89564.0,71359.0,5317.092034043301,2237.833347661322
1789159711.6784887,19.607486099999733,-84.74576271186442,-166.10169491525426,89959.0,71501.0,6583.899341051443,2348.8505757264606
1789159711.7389295,19.667925599999762,-77.96610169491527,-166.10169491525426,90361.0,71622.0,6491.940382919382,2085.3998436752204
1789159711.8002172,19.729214299999967,-71.18644067796612,-166.10169491525426,90791.0,71747.0,6897.614321249745,2042.4104743440805
1789159711.8616984,19.79069419999996,-64.40677966101697,-166.10169491525426,91242.0,71869.0,7441.321891339997,1953.5689929532211
1789159711.9233308,19.85232790000009,-57.62711864406779,-166.10169491525426,91675.0,71957.0,7081.031553300612,1441.114461852637
1789159711.984819,19.913814600000023,-50.847457627118644,-166.10169491525426,92068.0,72048.0,6305.763823393453,1509.830774615334
1789159712.0457275,19.974724400000014,-44.067796610169495,-166.10169491525426,92588.0,72147.0,8510.009177125612,1604.6415609410583
1789159712.1061256,20.035122299999784,-37.288135593220346,-166.10169491525426,93122.0,72218.0,8594.282902086932,1176.0597655487381
1789159712.1678145,20.096810900000037,-30.508474576271198,-166.10169491525426,93580.0,72313.0,7457.79365950567,1484.4897331717448
1789159712.2285898,20.15758649999998,-23.72881355932205,-166.10169491525426,94059.0,72383.0,7963.415028770121,1150.470794224126
1789159712.289919,20.218915500000094,-16.9491525423729,-166.10169491525426,94530.0,72460.0,7651.368082412735,1245.5715482997475
1789159712.350997,20.279993099999956,-10.169491525423723,-166.10169491525426,95000.0,72521.0,7690.7805426512505,912.1623434307297
1789159712.4127417,20.34173819999978,-3.3898305084745743,-166.10169491525426,95486.0,72596.0,7671.059282567848,1245.8796978648477
1789159712.4737887,20.402784099999735,3.3898305084745743,-166.10169491525426,95996.0,72689.0,8599.651365496526,1501.810217675069
1789159712.5364373,20.46543389999988,10.169491525423723,-166.10169491525426,96466.0,72782.0,7612.035806485388,1459.1200275711021
1789159712.5986547,20.527650300000005,16.94915254237287,-166.10169491525426,96941.0,72877.0,7788.461875076775,1627.7010210834608
1789159712.6605825,20.58957939999982,23.72881355932202,-166.10169491525426,97386.0,72985.0,6946.7440286625715,1763.6811264480102
1789159712.7219834,20.650979600000028,30.50847457627117,-166.10169491525426,97871.0,73082.0,7927.916397763547,1635.3549520050367
1789159712.7830257,20.712021699999696,37.28813559322032,-166.10169491525426,98270.0,73180.0,6533.776904154213,1578.9960851706016
1789159712.8453107,20.77430729999969,44.06779661016947,-166.10169491525426,98705.0,73311.0,7086.636327155702,2039.82584106715
1789159712.9097867,20.83878229999982,50.847457627118644,-166.10169491525426,99147.0,73458.0,6939.613099036752,2278.1558153403475
1789159712.9764946,20.905491099999836,57.627118644067764,-166.10169491525426,99557.0,73609.0,5862.296452580076,2237.1437715974107
1789159713.0396113,20.9686071000001,64.40677966101691,-166.10169491525426,99985.0,73812.0,6721.676246975724,3155.8002538851542
1789159713.1014407,21.030437699999766,71.18644067796606,-166.10169491525426,100331.0,74024.0,5713.846972460479,3303.3177809537146
1789159713.164433,21.093428899999708,77.96610169491527,-166.10169491525426,100677.0,74232.0,5361.416266041393,3231.0521868196474
1789159713.226748,21.155744700000014,84.74576271186442,-166.10169491525426,101018.0,74459.0,5489.990445318227,3659.9936302121514
1789159713.289236,21.218231899999864,91.52542372881356,-166.10169491525426,101301.0,74712.0,4490.067934385046,3995.0998156339383
1789159713.350959,21.279955799999698,98.30508474576271,-166.10169491525426,101556.0,74949.0,3964.7122827990743,3875.817388565911
1789159713.411962,21.340957999999773,105.08474576271186,-166.10169491525426,101775.0,75199.0,3538.994174957106,4039.4579976783134
1789159713.4739344,21.402931499999795,111.86440677966101,-166.10169491525426,101989.0,75526.0,3474.4308614865904,5434.366219248257
1789159713.5357933,21.464789299999666,118.64406779661016,-166.10169491525426,102206.0,75834.0,3602.3818100997396,5032.739293521695
1789159713.5980682,21.527065199999925,125.42372881355931,-166.10169491525426,102388.0,76156.0,2889.0533065721283,5091.075643898446
1789159713.6591709,21.588167399999747,132.20338983050846,-166.10169491525426,102537.0,76506.0,2469.7677165615337,5691.203868598316
1789159713.7206707,21.64966779999986,138.9830508474576,-166.10169491525426,102677.0,76832.0,2285.8762968839687,5085.631761284489
1789159713.7816448,21.710640499999954,145.76271186440675,-166.10169491525426,102787.0,77156.0,1902.8744174718279,5277.783761667145
1789159713.8446207,21.773617399999694,152.5423728813559,-166.10169491525426,102905.0,77533.0,1844.4642358404453,5990.117184967541
1789159713.906709,21.83570499999996,159.32203389830505,-166.10169491525426,103019.0,77900.0,1720.4572905180037,5863.599337071564
1789159713.969043,21.89803979999988,166.1016949152542,-166.10169491525426,103112.0,78286.0,1476.6089324400878,6187.694574034654
1789159714.0290794,21.95807620000005,172.88135593220335,-166.10169491525426,103204.0,78657.0,1511.9691485490803,6120.742577258928
1789159714.0900812,22.019077899999957,179.66101694915255,-166.10169491525426,103283.0,78990.0,1306.6022792157055,5494.889037249611
1789159714.150144,22.079140699999698,186.4406779661017,-166.10169491525426,103361.0,79336.0,1329.2400024803335,5717.55288738116
1789159714.210843,22.139839999999822,193.22033898305085,-166.10169491525426,103458.0,79707.0,1583.0868754814412,6062.503148150519
1789159714.2705348,22.199531299999762,200.0,-166.10169491525426,103550.0,80075.0,1520.4110605351884,6228.189886529687
1789159714.3312273,22.2602238999998,-200.0,-159.32203389830508,103670.0,80428.0,2014.4718216794283,5899.524620632612
1789159714.3919704,22.320965299999898,-193.22033898305085,-159.32203389830508,103790.0,80793.0,2012.401423764487,6037.204271293461
1789159714.454031,22.383027599999878,-186.4406779661017,-159.32203389830508,103941.0,81145.0,2527.341237019445,5920.694506304294
1789159714.5154667,22.44446259999995,-179.66101694915255,-159.32203389830508,104080.0,81516.0,2254.519245969619,6053.472936028662
1789159714.5767841,22.505780999999843,-172.8813559322034,-159.32203389830508,104227.0,81838.0,2378.58912108097,5257.933846600039
1789159714.6384974,22.567493000000013,-166.10169491525426,-159.32203389830508,104385.0,82148.0,2419.4986869381923,4909.639671305237
1789159714.7018397,22.630835999999817,-159.32203389830508,-159.32203389830508,104561.0,82439.0,2847.744068917631,4470.095235452523
1789159714.7637362,22.692732499999693,-152.54237288135593,-159.32203389830508,104775.0,82725.0,3591.916075922129,4507.502526647378
1789159714.8264046,22.755401099999744,-145.76271186440678,-159.32203389830508,105006.0,83027.0,3818.804784826587,4808.8652845964425
1789159714.8887072,22.817703899999742,-138.98305084745763,-159.32203389830508,105257.0,83299.0,4110.895806365985,4251.439252737471
1789159714.9497938,22.878789999999753,-132.20338983050848,-159.32203389830508,105520.0,83518.0,4183.359881586596,3629.1540853080296
1789159715.01115,22.940145499999744,-125.42372881355932,-159.32203389830508,105803.0,83735.0,4547.2040960734685,3455.159017882596
1789159715.074867,23.003863099999762,-118.64406779661017,-159.32203389830508,106130.0,83965.0,5159.605553417629,3562.5847868836013
1789159715.136359,23.065355700000055,-111.86440677966102,-159.32203389830508,106472.0,84135.0,5484.704065599747,2839.97621519728
1789159715.1992495,23.128245699999752,-105.08474576271186,-159.32203389830508,106802.0,84295.0,5264.995931579833,2464.0890050154776
1789159715.263498,23.192494800000077,-98.30508474576271,-159.32203389830508,107212.0,84466.0,6312.703935899788,2640.165721180608
1789159715.3258119,23.254807899999832,-91.52542372881356,-159.32203389830508,107619.0,84586.0,6592.979017776433,1873.4148028654342
1789159715.3877904,23.316787100000056,-84.74576271186442,-159.32203389830508,108025.0,84717.0,6530.037286692919,2035.106471462563
1789159715.4492583,23.3782541999999,-77.96610169491527,-159.32203389830508,108412.0,84833.0,6204.659134945585,1892.3300587517326
1789159715.5119128,23.44090959999994,-71.18644067796612,-159.32203389830508,108851.0,84933.0,7079.142352266028,1580.949904972562
1789159715.5740323,23.50302819999979,-64.40677966101697,-159.32203389830508,109305.0,85043.0,7234.6491463557295,1750.6064601058308
1789159715.6359835,23.56498029999966,-57.62711864406779,-159.32203389830508,109767.0,85120.0,7377.880159858449,1273.878588752538
1789159715.6981485,23.627144000000044,-50.847457627118644,-159.32203389830508,110243.0,85210.0,7793.526579674982,1366.973910330236
1789159715.7612221,23.69021900000007,-44.067796610169495,-159.32203389830508,110714.0,85294.0,7281.366019329144,1333.4549818530481
1789159715.8225944,23.75158999999985,-37.288135593220346,-159.32203389830508,111195.0,85359.0,7856.26754583679,1010.8515803898352
1789159715.8856437,23.814640600000075,-30.508474576271198,-159.32203389830508,111666.0,85441.0,7460.014323233435,1316.473115864724
1789159715.9466538,23.875649600000088,-23.72881355932205,-159.32203389830508,112144.0,85517.0,7842.871026727681,1268.4369997668914
1789159716.0090408,23.938037599999916,-16.9491525423729,-159.32203389830508,112677.0,85603.0,8526.513060532592,1406.4351440053758
1789159716.0711448,24.000140099999953,-10.169491525423723,-159.32203389830508,113145.0,85673.0,7291.900381418958,1104.3022212245057
1789159716.1327605,24.061757399999806,-3.3898305084745743,-159.32203389830508,113665.0,85758.0,8201.095150557185,1360.8804179963888
1789159716.1945589,24.123554899999817,3.3898305084745743,-159.32203389830508,114138.0,85828.0,7828.072209144103,1166.2590650192117
1789159716.257567,24.18656349999992,10.169491525423723,-159.32203389830508,114617.0,85915.0,7464.252001544692,1380.9740237049898
1789159716.3186734,24.247669399999722,16.94915254237287,-159.32203389830508,115031.0,86015.0,6595.586855285319,1572.9312825612683
1789159716.3809705,24.309966999999688,23.72881355932202,-159.32203389830508,115501.0,86114.0,7578.7226471899185,1583.3481586852179
1789159716.441707,24.37070279999989,30.50847457627117,-159.32203389830508,115947.0,86222.0,7215.682322843426,1853.4046864161419
1789159716.5030863,24.432082999999693,37.28813559322032,-159.32203389830508,116392.0,86353.0,7068.7648727322385,2140.4148087916956
1789159716.563504,24.492499399999815,44.06779661016947,-159.32203389830508,116803.0,86527.0,6935.889979447026,2835.767517638498
1789159716.6261947,24.555191299999933,50.847457627118644,-159.32203389830508,117215.0,86688.0,6516.740860822236,2480.90402744439
1789159716.6873055,24.61630100000002,57.627118644067764,-159.32203389830508,117607.0,86884.0,6586.5805116178235,3320.0649733358136
1789159716.7481976,24.677194299999883,64.40677966101691,-159.32203389830508,117964.0,87091.0,5655.237166514702,3498.2717087735177
1789159716.8093028,24.738298199999917,71.18644067796606,-159.32203389830508,118261.0,87305.0,4965.739966685212,3465.300552291119
1789159716.8713102,24.80030689999967,77.96610169491527,-159.32203389830508,118583.0,87544.0,5073.6653784895025,3836.1860178823067
1789159716.9321227,24.861117999999806,84.74576271186442,-159.32203389830508,118853.0,87803.0,4290.227615433463,4218.424642790225
1789159716.9954338,24.924430399999892,91.52542372881356,-159.32203389830508,119109.0,88026.0,3947.1294239440394,3597.8259350994344
1789159717.056843,24.98583860000008,98.30508474576271,-159.32203389830508,119348.0,88314.0,3783.8750077691525,4636.57923487206
1789159717.1185331,25.04752929999995,105.08474576271186,-159.32203389830508,119561.0,88594.0,3305.873257078285,4496.698570111861
1789159717.1810336,25.110029099999792,111.86440677966101,-159.32203389830508,119769.0,88880.0,3274.913293174774,4442.0366476572735
1789159717.2429557,25.17195189999984,118.64406779661016,-159.32203389830508,119945.0,89210.0,2889.089470251611,5257.7839427560375
1789159717.303355,25.232351199999812,125.42372881355931,-159.32203389830508,120103.0,89525.0,2659.983533439602,5265.681688645743
1789159717.3657546,25.294750900000054,132.20338983050846,-159.32203389830508,120256.0,89850.0,2425.642708053793,5357.354758075643
1789159717.4267492,25.355745099999695,138.9830508474576,-159.32203389830508,120398.0,90194.0,2198.5171627281043,5380.111105537881
1789159717.4877393,25.416735699999663,145.76271186440675,-159.32203389830508,120519.0,90532.0,1969.596590812546,5514.870454275128
1789159717.54916,25.478155799999968,152.5423728813559,-159.32203389830508,120645.0,90909.0,1956.7000076440486,6119.13456935957
1789159717.6152644,25.544260799999847,159.32203389830505,-159.32203389830508,120733.0,91337.0,1458.700973414912,6457.420162800159
1789159717.6794283,25.608423899999707,166.1016949152542,-159.32203389830508,120824.0,91738.0,1363.3102536275735,6168.97889766477
1789159717.7451234,25.674119299999802,172.88135593220335,-159.32203389830508,120928.0,92145.0,1607.1548414242673,6269.669985775988
1789159717.8103662,25.73936279999998,179.66101694915255,-159.32203389830508,121013.0,92553.0,1389.0190513120342,6258.953315550612
1789159717.872296,25.801291899999796,186.4406779661017,-159.32203389830508,121107.0,92916.0,1520.995165412862,5866.695638021039
1789159717.9339538,25.862950499999897,193.22033898305085,-159.32203389830508,121213.0,93314.0,1701.4966005873162,6411.955610634307
1789159717.9960668,25.925061999999798,200.0,-159.32203389830508,121323.0,93689.0,1761.5570726490864,6093.549465592248
1789159718.0587127,25.98770949999971,-200.0,-152.54237288135593,121460.0,94046.0,2249.7464641121264,5641.942304531191
1789159718.1198826,26.04887809999991,-193.22033898305085,-152.54237288135593,121606.0,94356.0,2464.2153081364722,5017.713779611222
1789159718.1812377,26.110234499999933,-186.4406779661017,-152.54237288135593,121741.0,94642.0,2181.2122533923603,4630.6063412182075
1789159718.2432559,26.172251199999664,-179.66101694915255,-152.54237288135593,121905.0,94983.0,2752.7822763643085,5451.938923968273
1789159718.3049355,26.233932099999947,-172.8813559322034,-152.54237288135593,122080.0,95301.0,2991.3090828387108,5194.488826486384
1789159718.366724,26.295718999999735,-166.10169491525426,-152.54237288135593,122268.0,95567.0,3087.1384519809635,4251.430668156641
1789159718.4284081,26.35740420000002,-159.32203389830508,-152.54237288135593,122483.0,95865.0,3416.8401920601364,4901.645092274751
1789159718.4894521,26.41844749999973,-152.54237288135593,-152.54237288135593,122696.0,96146.0,3537.040675954712,4662.4627092130295
1789159718.5511246,26.480120700000043,-145.76271186440678,-152.54237288135593,122920.0,96394.0,3770.14225173284,4196.950808532784
1789159718.6118958,26.540891299999657,-138.98305084745763,-152.54237288135593,123184.0,96644.0,4364.65527303292,4041.347475030482
1789159718.6728418,26.601838099999895,-132.20338983050848,-152.54237288135593,123481.0,96864.0,4949.586214597331,3689.6915417907376
1789159718.7339766,26.66297170000007,-125.42372881355932,-152.54237288135593,123791.0,97081.0,5108.2648510243325,3447.185721145791
1789159718.7959547,26.724951299999702,-118.64406779661017,-152.54237288135593,124147.0,97267.0,5794.100969299562,2897.050484649781
1789159718.8574924,26.786488299999746,-111.86440677966102,-152.54237288135593,124457.0,97437.0,5029.032856353096,2657.184026938338
1789159718.9193857,26.848381999999674,-105.08474576271186,-152.54237288135593,124866.0,97595.0,6597.291376199488,2489.5439155469767
1789159718.980844,26.909839399999782,-98.30508474576271,-152.54237288135593,125259.0,97755.0,6355.90211200179,2609.8257275538076
1789159719.0431201,26.972116399999777,-91.52542372881356,-152.54237288135593,125674.0,97912.0,6598.86174056484,2565.2411592008093
1789159719.103963,27.032958400000098,-84.74576271186442,-152.54237288135593,126030.0,98017.0,5846.396281355362,1672.9687820493805
1789159719.1651812,27.09417779999967,-77.96610169491527,-152.54237288135593,126432.0,98116.0,6466.126682025847,1711.0920189204887
1789159719.2259572,27.154952599999888,-71.18644067796612,-152.54237288135593,126877.0,98224.0,7081.160160019311,1779.2762838627202
1789159719.2876778,27.216673399999763,-64.40677966101697,-152.54237288135593,127377.0,98308.0,7887.430030137325,1314.5716716895543
1789159719.3483737,27.27736929999992,-57.62711864406779,-152.54237288135593,127846.0,98405.0,7897.970455491503,1673.1463607305463
1789159719.4114642,27.34045879999985,-50.847457627118644,-152.54237288135593,128331.0,98481.0,7922.1604115254895,1151.6797074023839
1789159719.4714847,27.4004802999998,-44.067796610169495,-152.54237288135593,128787.0,98551.0,7603.5252708289745,1127.7956143334843
1789159719.532757,27.461753099999896,-37.288135593220346,-152.54237288135593,129281.0,98617.0,8092.0343589652675,1074.1638529599913
1789159719.593575,27.522570300000098,-30.508474576271198,-152.54237288135593,129778.0,98691.0,8303.826590228691,1186.2609414612416
1789159719.6555746,27.58457069999986,-23.72881355932205,-152.54237288135593,130297.0,98759.0,8175.786519510328,1155.2741821047202
1789159719.717036,27.646030999999766,-16.9491525423729,-152.54237288135593,130756.0,98834.0,7526.56486867002,1242.5932566200504
1789159719.7796967,27.708692899999733,-10.169491525423723,-152.54237288135593,131258.0,98920.0,8163.3085783643755,1378.2209288147646
1789159719.8414512,27.770446399999855,-3.3898305084745743,-152.54237288135593,131745.0,98996.0,7609.570756640603,1200.5819291219514
1789159719.9027848,27.831780999999864,3.3898305084745743,-152.54237288135593,132235.0,99092.0,8082.1972056506465,1530.0373329182737
1789159719.9643872,27.893382100000053,10.169491525423723,-152.54237288135593,132682.0,99183.0,7561.590661152806,1540.6519614058411
1789159720.0275114,27.956507500000043,16.94915254237287,-152.54237288135593,133128.0,99295.0,7101.860722664729,1775.4651806661823
1789159720.0893257,28.018320799999856,23.72881355932202,-152.54237288135593,133542.0,99426.0,6501.364756629628,2137.6769987831112
1789159720.1506445,28.079640599999948,30.50847457627117,-152.54237288135593,133966.0,99555.0,6953.058809654334,2144.9024605617483
1789159720.2128553,28.14185039999984,37.28813559322032,-152.54237288135593,134390.0,99702.0,6689.080339010183,2416.4740491712178
1789159720.2798884,28.208877399999892,44.06779661016947,-152.54237288135593,134781.0,99862.0,6087.576403507235,2417.385412407221
1789159720.3479404,28.276936400000068,50.847457627118644,-152.54237288135593,135214.0,100045.0,6230.169434915628,2745.7705499241556
1789159720.4117186,28.340714200000093,57.627118644067764,-152.54237288135593,135597.0,100254.0,5985.4562347008605,3108.8638353371634
1789159720.4754226,28.40441899999996,64.40677966101691,-152.54237288135593,135900.0,100451.0,4786.782304364488,3156.8743512654687
1789159720.5371497,28.46614479999971,71.18644067796606,-152.54237288135593,136203.0,100657.0,4646.872990188026,3357.056532835456
1789159720.5995312,28.528527499999655,77.96610169491527,-152.54237288135593,136497.0,100908.0,4702.571210350727,4083.811840567736
1789159720.6602724,28.589267599999857,84.74576271186442,-152.54237288135593,136731.0,101165.0,3798.366162515624,4320.4164881694305
1789159720.721269,28.65026540000008,91.52542372881356,-152.54237288135593,136962.0,101409.0,3760.589026992768,3868.5485205906466
1789159720.7823832,28.71137839999983,98.30508474576271,-152.54237288135593,137201.0,101678.0,3945.3365586110126,4373.789397555195
1789159720.8440728,28.77306879999969,105.08474576271186,-152.54237288135593,137380.0,101994.0,2840.383056223464,5141.452873923486
1789159720.90542,28.83441559999983,111.86440677966101,-152.54237288135593,137564.0,102295.0,2953.1954107948513,4838.970793591563
1789159720.966061,28.895057299999735,118.64406779661016,-152.54237288135593,137702.0,102606.0,2319.5002926625484,5110.149082272176
1789159721.0282524,28.957247399999687,125.42372881355931,-152.54237288135593,137837.0,102898.0,2088.6793578830984,4703.916537081264
1789159721.090581,29.01957709999988,132.20338983050846,-152.54237288135593,137945.0,103253.0,1653.5438611214383,5453.176563272828
1789159721.1523302,29.0813248999998,138.9830508474576,-152.54237288135593,138050.0,103568.0,1750.2545824909007,5162.367051387303
1789159721.2139351,29.14293120000002,145.76271186440675,-152.54237288135593,138166.0,103936.0,1832.1338489482062,5994.457350442189
1789159721.2754095,29.204405099999803,152.5423728813559,-152.54237288135593,138258.0,104291.0,1455.1468722314848,5767.350408234544
1789159721.3387446,29.267740499999945,159.32203389830505,-152.54237288135593,138363.0,104675.0,1559.2110392183927,5976.975650337172
1789159721.4002013,29.329195999999683,166.1016949152542,-152.54237288135593,138439.0,105027.0,1207.6501082508148,5683.059332945011
1789159721.462896,29.391891700000087,172.88135593220335,-152.54237288135593,138516.0,105424.0,1237.3546771129377,6222.126376339344
1789159721.523621,29.452615700000024,179.66101694915255,-152.54237288135593,138596.0,105788.0,1239.3465590194708,5981.1942630939675
1789159721.5852945,29.514290600000095,186.4406779661017,-152.54237288135593,138665.0,106149.0,1191.195818367166,5955.979091835831
1789159721.6453056,29.574301699999978,193.22033898305085,-152.54237288135593,138780.0,106487.0,1949.2218596920034,5556.193151458514
1789159721.7059865,29.63498249999975,200.0,-152.54237288135593,138872.0,106880.0,1492.78696131487,6330.855546781136
1789159721.7663755,29.695371299999806,-200.0,-145.76271186440678,138982.0,107180.0,1844.3612271884099,4936.378578651333
1789159721.8281028,29.757098900000074,-193.22033898305085,-145.76271186440678,139126.0,107524.0,2317.017520898309,5730.638753977497
1789159721.889505,29.818499999999858,-186.4406779661017,-145.76271186440678,139274.0,107835.0,2381.3755109277354,4976.00853029676
1789159721.951508,29.880503800000042,-179.66101694915255,-145.76271186440678,139453.0,108164.0,2988.6165729540267,5283.447155758012
1789159722.0129414,29.941936599999735,-172.8813559322034,-145.76271186440678,139654.0,108431.0,3285.7929417706764,4351.455517480085
1789159722.0756288,30.004624700000022,-166.10169491525426,-145.76271186440678,139864.0,108728.0,3394.861494989802,4834.567155168723
1789159722.1367254,30.065720900000088,-159.32203389830508,-145.76271186440678,140095.0,108976.0,3818.918996079493,4086.600234122448
1789159722.198364,30.127359799999795,-152.54237288135593,-145.76271186440678,140364.0,109234.0,4337.130099652974,4230.479359497574
1789159722.2587428,30.187738300000092,-145.76271186440678,-145.76271186440678,140617.0,109482.0,4257.17696633162,4239.06131966638
1789159722.3198173,30.2488129999997,-138.98305084745763,-145.76271186440678,140933.0,109708.0,5092.068165831265,3716.3164157645724
1789159722.3801818,30.309176599999773,-132.20338983050848,-145.76271186440678,141223.0,109913.0,4864.807189066705,3381.8548117303862
1789159722.4429066,30.371901099999832,-125.42372881355932,-145.76271186440678,141591.0,110091.0,5765.625552706029,2812.0689045406707
1789159722.5045736,30.433569299999817,-118.64406779661017,-145.76271186440678,141942.0,110255.0,5717.18855923433,2708.141949110998
1789159722.5666327,30.495627899999818,-111.86440677966102,-145.76271186440678,142295.0,110408.0,5791.4346436430305,2527.1714808624133
1789159722.6272779,30.55627319999985,-105.08474576271186,-145.76271186440678,142670.0,110546.0,6121.25118374353,2286.4673539277305
1789159722.6896982,30.618693800000074,-98.30508474576271,-145.76271186440678,143058.0,110669.0,6485.351525745146,1988.6022634190917
1789159722.7536027,30.682598599999892,-91.52542372881356,-145.76271186440678,143430.0,110795.0,5971.581397254329,1888.4488179351297
1789159722.8151906,30.74418549999973,-84.74576271186442,-145.76271186440678,143868.0,110906.0,6592.182173519037,1827.180928529733
1789159722.8809092,30.809905399999934,-77.96610169491527,-145.76271186440678,144323.0,111016.0,6943.772137418652,1702.559514463227
1789159722.944065,30.873060099999748,-71.18644067796612,-145.76271186440678,144811.0,111111.0,7555.217386656869,1482.4658229137592
1789159723.0066373,30.935633300000063,-64.40677966101697,-145.76271186440678,145305.0,111195.0,7843.664956899321,1345.6400377524794
1789159723.0684562,30.99745129999974,-57.62711864406779,-145.76271186440678,145782.0,111266.0,7811.798509499283,1113.4057645723117
1789159723.130797,31.05979279999974,-50.847457627118644,-145.76271186440678,146283.0,111333.0,7983.119395127122,1002.2859152472378
1789159723.1915922,31.12058799999977,-44.067796610169495,-145.76271186440678,146723.0,111404.0,7089.6973971699035,1127.0800990372668
1789159723.2559419,31.184937999999875,-37.288135593220346,-145.76271186440678,147184.0,111474.0,7134.038979179922,1079.3817840839597
1789159723.317405,31.246400099999846,-30.508474576271198,-145.76271186440678,147630.0,111545.0,7416.38608308618,1149.2704826089964
1789159723.381692,31.310688000000027,-23.72881355932205,-145.76271186440678,148108.0,111627.0,7180.627583438237,1205.2590033667018
1789159723.443828,31.372823499999868,-16.9491525423729,-145.76271186440678,148614.0,111691.0,7886.575414534987,941.4155337170142
1789159723.5078852,31.436881000000085,-10.169491525423723,-145.76271186440678,149160.0,111776.0,8522.087842838971,1288.6221536550865
1789159723.5689588,31.497953300000063,-3.3898305084745743,-145.76271186440678,149608.0,111868.0,7144.745397040133,1482.5346698858277
1789159723.629909,31.558904900000016,3.3898305084745743,-145.76271186440678,150044.0,111952.0,7048.169098377991,1424.0546260149904
1789159723.69214,31.621135299999878,10.169491525423723,-145.76271186440678,150486.0,112075.0,7167.9813808036415,1997.9214606640958
1789159723.7545123,31.683508399999937,16.94915254237287,-145.76271186440678,150911.0,112187.0,6669.62704499188,1807.8199621951674
1789159723.8165367,31.74553130000004,23.72881355932202,-145.76271186440678,151388.0,112323.0,7593.348086491409,2144.417746648037
1789159723.8775542,31.806548199999725,30.50847457627117,-145.76271186440678,151820.0,112471.0,7013.429818970469,2373.776246420774
1789159723.9396713,31.868666200000007,37.28813559322032,-145.76271186440678,152217.0,112648.0,6376.634888600423,2890.5075731293127
1789159724.0020149,31.93101099999967,44.06779661016947,-145.76271186440678,152568.0,112815.0,5732.546443417048,2741.6526468516317
1789159724.062635,31.991629799999828,50.847457627118644,-145.76271186440678,152919.0,112978.0,5541.621536065154,2482.934324600621
1789159724.1243343,32.05333019999989,57.627118644067764,-145.76271186440678,153270.0,113210.0,5783.165117381344,3719.020029331388
1789159724.185791,32.11478609999995,64.40677966101691,-145.76271186440678,153558.0,113441.0,4549.372239936283,3767.448886197235
1789159724.246809,32.175804799999696,71.18644067796606,-145.76271186440678,153865.0,113672.0,5200.114438529332,3832.6102955250785
1789159724.3071377,32.23613329999989,77.96610169491527,-145.76271186440678,154130.0,113927.0,4344.268823341249,4326.167703243994
1789159724.3674898,32.29648550000002,84.74576271186442,-145.76271186440678,154358.0,114168.0,3877.310306196349,3986.0199409495176
1789159724.4285455,32.35754139999972,91.52542372881356,-145.76271186440678,154569.0,114437.0,3520.7366024300613,4485.811610202769
1789159724.48988,32.41887580000002,98.30508474576271,-145.76271186440678,154784.0,114758.0,3589.6561038377936,5064.613809870155
1789159724.5511086,32.48010350000004,105.08474576271186,-145.76271186440678,154974.0,115066.0,3001.801080661205,4985.133937526644
1789159724.613674,32.542669699999806,111.86440677966101,-145.76271186440678,155117.0,115342.0,2231.154711097073,4391.47911390535
1789159724.6752124,32.60420739999972,118.64406779661016,-145.76271186440678,155270.0,115667.0,2536.4098980382423,5250.191117617621
1789159724.7372122,32.66620789999979,125.42372881355931,-145.76271186440678,155413.0,116011.0,2399.0690179902235,5729.120042961728
1789159724.7982032,32.727197799999885,132.20338983050846,-145.76271186440678,155518.0,116373.0,1735.0180298893283,5902.638658386374
1789159724.8605235,32.78951899999993,138.9830508474576,-145.76271186440678,155635.0,116740.0,1804.067641929183,5960.497993432693
1789159724.9219148,32.8509097000001,145.76271186440675,-145.76271186440678,155736.0,117093.0,1617.303368796352,5793.85602447924
1789159724.9836307,32.91262619999998,152.5423728813559,-145.76271186440678,155838.0,117443.0,1646.3644871958318,5744.380439020239
1789159725.0449767,32.97397180000007,159.32203389830505,-145.76271186440678,155912.0,117782.0,1263.035055448497,5514.660101254
1789159725.107078,33.036072800000056,166.1016949152542,-145.76271186440678,155988.0,118124.0,1123.6763882222197,5355.020287621515
1789159725.169173,33.09816789999968,172.88135593220335,-145.76271186440678,156074.0,118459.0,1353.0349276251684,5499.999121385425
1789159725.2304466,33.15944199999967,179.66101694915255,-145.76271186440678,156163.0,118844.0,1379.0386130811828,6339.995701697905
1789159725.2912753,33.2202699999998,186.4406779661017,-145.76271186440678,156260.0,119223.0,1615.2653342541983,6281.587410988549
1789159725.3532255,33.282216900000094,193.22033898305085,-145.76271186440678,156364.0,119610.0,1731.9597831851788,6362.301244353718
1789159725.415065,33.34406009999975,200.0,-145.76271186440678,156488.0,120021.0,2009.7490458148336,6628.645975669978
1789159725.476401,33.40539639999997,-200.0,-138.98305084745763,156638.0,120348.0,2462.460951119796,5284.405252768029
1789159725.5388842,33.46787879999965,-193.22033898305085,-138.98305084745763,156806.0,120648.0,2669.767343826251,4900.428216628447
1789159725.6069584,33.535953399999926,-186.4406779661017,-138.98305084745763,157030.0,120992.0,3729.413461779915,5101.556150547997
1789159725.6743662,33.60336189999998,-179.66101694915255,-138.98305084745763,157249.0,121294.0,3180.0650690194952,4615.1713565770115
1789159725.737749,33.66674329999978,-172.8813559322034,-138.98305084745763,157522.0,121651.0,4317.850923519447,5709.554940191004
1789159725.7998981,33.72889409999971,-166.10169491525426,-138.98305084745763,157750.0,121902.0,3689.0013043877,3989.063611443159
1789159725.862514,33.79150869999967,-159.32203389830508,-138.98305084745763,157998.0,122178.0,3954.8467452099935,4366.437130458092
1789159725.923557,33.85255310000002,-152.54237288135593,-138.98305084745763,158287.0,122435.0,4805.641499163534,4175.688493655205
1789159725.9860692,33.91506449999997,-145.76271186440678,-138.98305084745763,158589.0,122714.0,4746.770500782305,4657.545491369104
1789159726.050313,33.97930869999982,-138.98305084745763,-138.98305084745763,158926.0,122944.0,5400.278558683109,3622.971691268415
1789159726.111698,34.04069369999979,-132.20338983050848,-138.98305084745763,159235.0,123122.0,5153.882770637154,2845.3727796225953
1789159726.1726346,34.101630099999966,-125.42372881355932,-138.98305084745763,159593.0,123305.0,5879.116053417568,3136.723504109983
1789159726.2339485,34.1629425000001,-118.64406779661017,-138.98305084745763,159930.0,123464.0,5478.581778960466,2551.9126853138328
1789159726.2948525,34.22384779999993,-111.86440677966102,-138.98305084745763,160367.0,123602.0,7211.183890632011,2239.8374205750943
1789159726.3548572,34.28385239999989,-105.08474576271186,-138.98305084745763,160792.0,123740.0,7071.594425873412,2205.3168183780485
1789159726.4159105,34.34490589999996,-98.30508474576271,-138.98305084745763,161193.0,123862.0,6630.932316222614,1912.4252232771419
1789159726.4760146,34.40500999999995,-91.52542372881356,-138.98305084745763,161629.0,123977.0,7178.176888403076,1944.4681697699473
1789159726.537677,34.46667260000004,-84.74576271186442,-138.98305084745763,162076.0,124078.0,7001.643786932497,1563.8189168783242
1789159726.599501,34.52849560000004,-77.96610169491527,-138.98305084745763,162513.0,124168.0,6990.544276384823,1426.2823334689438
1789159726.661352,34.5903473999997,-71.18644067796612,-138.98305084745763,163006.0,124251.0,7990.483083837367,1325.7752201882627
1789159726.7231522,34.652146399999765,-64.40677966101697,-138.98305084745763,163502.0,124313.0,8141.898634286474,1024.360348782246
1789159726.7841966,34.713192100000015,-57.62711864406779,-138.98305084745763,164007.0,124387.0,8381.732140722326,1223.0853767577644
1789159726.84601,34.77500430000009,-50.847457627118644,-138.98305084745763,164551.0,124464.0,8877.060651679853,1200.0797700084095
1789159726.9072373,34.836232899999686,-44.067796610169495,-138.98305084745763,165046.0,124530.0,8013.2791482896555,1108.9805964150862
1789159726.9679997,34.89699459999974,-37.288135593220346,-138.98305084745763,165540.0,124595.0,8188.93452258336,1059.533194807935
1789159727.030693,34.959688500000084,-30.508474576271198,-138.98305084745763,166091.0,124683.0,8877.238968979493,1345.5657492350806
1789159727.092602,35.021596600000066,-23.72881355932205,-138.98305084745763,166612.0,124755.0,8483.182354975963,1143.9976204843103
1789159727.154758,35.08375309999974,-16.9491525423729,-138.98305084745763,167128.0,124826.0,8384.766428185243,1139.3313193287804
1789159727.2162654,35.14526029999979,-10.169491525423723,-138.98305084745763,167556.0,124912.0,7099.701102589421,1366.6924622484635
1789159727.27889,35.20788509999966,-3.3898305084745743,-138.98305084745763,168022.0,125017.0,7281.570557007072,1679.0029196982327
1789159727.3407168,35.269710999999916,3.3898305084745743,-138.98305084745763,168495.0,125148.0,7729.7073123524515,2205.9666987307223
1789159727.403347,35.3323419999997,10.169491525423723,-138.98305084745763,168960.0,125288.0,7520.213908342664,2240.063717378666
1789159727.4654334,35.39442770000005,16.94915254237287,-138.98305084745763,169396.0,125434.0,6979.612463630518,2332.427456200578
1789159727.5278354,35.45683030000009,23.72881355932202,-138.98305084745763,169805.0,125597.0,6290.486169753074,2721.165365567341
1789159727.5899348,35.5189292,30.50847457627117,-138.98305084745763,170157.0,125766.0,5668.1787733169695,2665.287824443716
1789159727.6567104,35.585705099999814,37.28813559322032,-138.98305084745763,170557.0,125957.0,5985.605700064182,2884.6292530429796
1789159727.7189705,35.64796589999969,44.06779661016947,-138.98305084745763,170897.0,126172.0,5598.415327539565,3387.5761536067425
1789159727.7813542,35.71034929999996,50.847457627118644,-138.98305084745763,171234.0,126362.0,5555.43530802483,2994.163185493902
1789159727.8450687,35.77406410000003,57.627118644067764,-138.98305084745763,171579.0,126571.0,5332.749921360684,3350.060848034276
1789159727.908275,35.83726999999999,64.40677966101691,-138.98305084745763,171868.0,126848.0,4558.450336500731,4488.5890286616395
1789159727.9707391,35.899734799999806,71.18644067796606,-138.98305084745763,172117.0,127111.0,3873.2992973732116,4293.929085323244
1789159728.0323708,35.96136569999999,77.96610169491527,-138.98305084745763,172369.0,127395.0,4016.82088179483,4461.159474913727
1789159728.094601,36.023594799999955,84.74576271186442,-138.98305084745763,172554.0,127673.0,3011.7440301011206,4446.751479737537
1789159728.1560397,36.08503440000004,91.52542372881356,-138.98305084745763,172724.0,127995.0,2745.469974535885,5187.86858824638
1789159728.218163,36.14715780000006,98.30508474576271,-138.98305084745763,172912.0,128297.0,2967.6404273372136,4881.680702957074
1789159728.281059,36.21005269999978,105.08474576271186,-138.98305084745763,173065.0,128652.0,2479.8272211118065,5540.039536526376
1789159728.347819,36.27681389999998,111.86440677966101,-138.98305084745763,173200.0,129031.0,2029.7654195160499,5720.248000454322
1789159728.4104052,36.33939939999982,118.64406779661016,-138.98305084745763,173352.0,129403.0,2228.2499991314203,6000.484249629494
1789159728.472485,36.401479899999686,125.42372881355931,-138.98305084745763,173477.0,129735.0,2094.1479213843736,5483.828031421793
1789159728.544268,36.4732627999997,132.20338983050846,-138.98305084745763,173591.0,130175.0,1654.1807828825556,6139.555598006408
1789159728.605289,36.53428389999999,138.9830508474576,-138.98305084745763,173661.0,130538.0,1215.3882450561027,6041.194512190628
1789159728.6700902,36.59908499999983,145.76271186440675,-138.98305084745763,173772.0,130951.0,1693.451707284417,6270.801371528435
1789159728.7322407,36.661234299999705,152.5423728813559,-138.98305084745763,173852.0,131324.0,1305.6235322746847,6104.672191446499
1789159728.7971528,36.72614769999973,159.32203389830505,-138.98305084745763,173930.0,131767.0,1189.3980456488996,6796.560260850855
1789159728.8650734,36.79406779999999,166.1016949152542,-138.98305084745763,174027.0,132163.0,1609.6291593304754,5848.319278900727
1789159728.927842,36.85683609999978,172.88135593220335,-138.98305084745763,174122.0,132557.0,1472.3229575466394,6204.789606803694
1789159728.997259,36.9262533000001,179.66101694915255,-138.98305084745763,174248.0,132973.0,1879.0243837036485,6022.944229907231
1789159729.0584161,36.98741079999991,186.4406779661017,-138.98305084745763,174349.0,133351.0,1759.3528454047207,6067.972058640772
1789159729.1200867,37.04908119999982,193.22033898305085,-138.98305084745763,174443.0,133747.0,1489.4013138677265,6365.417519982307
1789159729.1872642,37.11625920000006,200.0,-138.98305084745763,174570.0,134117.0,1786.5827634474806,5558.257486281051
1789159729.2571645,37.18615909999971,-200.0,-132.20338983050848,174781.0,134485.0,3217.9194989520265,5490.367804912994
1789159729.3200407,37.24903489999997,-193.22033898305085,-132.20338983050848,174987.0,134801.0,3190.160128306029,4962.471310698267
1789159729.3854187,37.31441369999993,-186.4406779661017,-132.20338983050848,175193.0,135110.0,3001.341381625847,4862.508383639641
1789159729.451267,37.3802611000001,-179.66101694915255,-132.20338983050848,175427.0,135400.0,3510.8642724457463,4428.276042130062
1789159729.5172083,37.446202300000095,-172.8813559322034,-132.20338983050848,175673.0,135691.0,3824.2906192624537,4411.352775728181
1789159729.593211,37.522205400000075,-166.10169491525426,-132.20338983050848,175987.0,136003.0,4414.0470371139745,4194.130102880538
1789159729.6543355,37.58333029999994,-159.32203389830508,-132.20338983050848,176244.0,136235.0,4412.36326176767,3926.102820674907
1789159729.7224011,37.65139569999974,-152.54237288135593,-132.20338983050848,176570.0,136444.0,4954.256757940675,3074.5066054101294
1789159729.7839193,37.71291339999971,-145.76271186440678,-132.20338983050848,176919.0,136657.0,5599.034255744632,3298.794067875022
1789159729.8496974,37.77869190000001,-138.98305084745763,-132.20338983050848,177259.0,136872.0,5230.5213534728755,3229.1321539125147
1789159729.9173899,37.84638339999992,-132.20338983050848,-132.20338983050848,177673.0,137078.0,6178.35756695959,3164.9352114125422
1789159729.979807,37.90880169999991,-125.42372881355932,-132.20338983050848,178051.0,137236.0,5982.772455814402,2414.4126231179785
1789159730.0505505,37.97954519999985,-118.64406779661017,-132.20338983050848,178514.0,137425.0,6634.627521842815,2663.0871491387634
1789159730.1128464,38.041839900000014,-111.86440677966102,-132.20338983050848,178910.0,137575.0,6403.253697234348,2445.198527240589
1789159730.1763558,38.10535059999984,-105.08474576271186,-132.20338983050848,179378.0,137691.0,7244.985248178333,1745.779577874297
1789159730.239581,38.16857519999985,-98.30508474576271,-132.20338983050848,179870.0,137807.0,7727.948124377036,1861.732957236286
1789159730.308092,38.23708719999968,-91.52542372881356,-132.20338983050848,180408.0,137912.0,8076.919356574585,1563.794765644181
1789159730.3729613,38.30195569999978,-84.74576271186442,-132.20338983050848,180973.0,138010.0,8416.430010158952,1387.9102342334002
1789159730.4351168,38.3641118999999,-77.96610169491527,-132.20338983050848,181463.0,138095.0,8115.1565742520215,1376.359154663889
1789159730.5044007,38.43339549999973,-71.18644067796612,-132.20338983050848,181983.0,138183.0,7614.388525353932,1287.3811527402524
1789159730.566331,38.49532479999971,-64.40677966101697,-132.20338983050848,182485.0,138262.0,7816.534268962523,1255.597133702125
1789159730.6308007,38.559795699999995,-57.62711864406779,-132.20338983050848,183035.0,138338.0,8612.89497929126,1183.844130619715
1789159730.6944559,38.62345000000005,-50.847457627118644,-132.20338983050848,183589.0,138416.0,8867.842384365724,1266.8346263379606
1789159730.7564547,38.685448599999745,-44.067796610169495,-132.20338983050848,184070.0,138488.0,7634.275777645838,1201.6915575924004
1789159730.8192394,38.74823329999981,-37.288135593220346,-132.20338983050848,184588.0,138565.0,7972.404568715538,1196.7406416614936
1789159730.8809578,38.80995189999976,-30.508474576271198,-132.20338983050848,185050.0,138638.0,7630.300333641412,1090.0429048059161
1789159730.9446194,38.87361409999994,-23.72881355932205,-132.20338983050848,185607.0,138706.0,8574.062157601686,1095.6712290647185
1789159731.0098941,38.938887599999816,-16.9491525423729,-132.20338983050848,186104.0,138809.0,7692.162731163734,1558.9906648906453
1789159731.0728807,39.001874600000065,-10.169491525423723,-132.20338983050848,186579.0,138911.0,7534.044021348954,1619.4674064581861
1789159731.1430879,39.07208189999983,-3.3898305084745743,-132.20338983050848,187094.0,139019.0,7603.999506245217,1678.8050857943986
1789159731.2065217,39.13551609999968,3.3898305084745743,-132.20338983050848,187522.0,139133.0,6602.654686367342,1851.5380866532757
1789159731.2705498,39.19954409999991,10.169491525423723,-132.20338983050848,187982.0,139254.0,6993.3088711503315,1864.8823656400884
1789159731.3358335,39.26482679999981,16.94915254237287,-132.20338983050848,188394.0,139402.0,6288.201249750232,2238.462944883914
1789159731.4017856,39.330780499999946,23.72881355932202,-132.20338983050848,188802.0,139588.0,5901.465642418468,2883.670711636297
1789159731.471692,39.40068579999979,30.50847457627117,-132.20338983050848,189231.0,139822.0,6062.974326977037,3241.763729742057
1789159731.5399585,39.46895309999991,37.28813559322032,-132.20338983050848,189595.0,140040.0,5440.160654227997,3228.5819906397605
1789159731.606082,39.5350755999998,44.06779661016947,-132.20338983050848,189946.0,140277.0,5329.939003741981,3734.4638414376377
1789159731.669851,39.598845099999835,50.847457627118644,-132.20338983050848,190290.0,140484.0,5308.336001988186,3219.8103618616865
1789159731.7330856,39.662080199999764,57.627118644067764,-132.20338983050848,190548.0,140736.0,4153.41324039459,3997.6602438797927
1789159731.803117,39.7321108000001,64.40677966101691,-132.20338983050848,190860.0,141023.0,4847.660960482748,4174.853923262723
1789159731.866118,39.79511309999998,71.18644067796606,-132.20338983050848,191097.0,141310.0,3598.247809773451,4450.006953149775
1789159731.9307184,39.85971190000009,77.96610169491527,-132.20338983050848,191267.0,141570.0,2648.5434742054845,3998.7813238004373
1789159731.9932935,39.9222878999999,84.74576271186442,-132.20338983050848,191469.0,141848.0,3287.334345013638,4477.882459153712
1789159732.0591466,39.98814059999995,91.52542372881356,-132.20338983050848,191622.0,142173.0,2261.352488304631,4955.022364079266
1789159732.1255548,40.05454869999994,98.30508474576271,-132.20338983050848,191797.0,142511.0,2639.003428981946,5278.006857963892
1789159732.1890943,40.118088700000044,105.08474576271186,-132.20338983050848,191956.0,142857.0,2332.584817322715,5431.093007497664
1789159732.2533073,40.182301800000005,111.86440677966101,-132.20338983050848,192088.0,143262.0,2212.043226561644,6132.5751240448835
1789159732.3150766,40.24407059999976,118.64406779661016,-132.20338983050848,192193.0,143658.0,1697.7321872141245,6290.544525256545
1789159732.380287,40.30928189999986,125.42372881355931,-132.20338983050848,192300.0,144061.0,1614.145293245196,6086.672876612093
1789159732.444316,40.37331039999981,132.20338983050846,-132.20338983050848,192377.0,144463.0,1310.201986484673,6299.7383185769895
1789159732.509265,40.43825969999989,138.9830508474576,-132.20338983050848,192477.0,144825.0,1636.552397809475,5540.411763417494
1789159732.5791435,40.5081368000001,145.76271186440675,-132.20338983050848,192577.0,145254.0,1572.8377754603498,6188.7747251809415
1789159732.6459134,40.57490719999987,152.5423728813559,-132.20338983050848,192658.0,145586.0,1257.9840051565961,5065.482260763894
1789159732.7138567,40.64284980000002,159.32203389830505,-132.20338983050848,192749.0,145999.0,1272.7613589653956,6002.617760525987
1789159732.7770438,40.70603839999967,166.1016949152542,-132.20338983050848,192852.0,146377.0,1693.2024161145662,6166.821431322525
1789159732.8418088,40.77080339999975,172.88135593220335,-132.20338983050848,192950.0,146779.0,1494.0255763770442,6227.90436894251
1789159732.9032886,40.83228310000004,179.66101694915255,-132.20338983050848,193055.0,147116.0,1734.8876973136416,5437.173814261309
1789159732.9679384,40.89693289999968,186.4406779661017,-132.20338983050848,193165.0,147545.0,1685.8886065961674,6608.683337856976
1789159733.0296943,40.95868870000004,193.22033898305085,-132.20338983050848,193273.0,147881.0,1872.2651555439381,5313.666822400892
1789159733.0976582,41.0266529999999,200.0,-132.20338983050848,193422.0,148243.0,2146.7758607041155,5088.653892039385
1789159733.1616964,41.09069090000003,-200.0,-125.42372881355932,193627.0,148564.0,2997.1868509294595,4732.400290941252
1789159733.2242432,41.15323649999982,-193.22033898305085,-125.42372881355932,193832.0,148884.0,3348.9380853911002,5156.301496554551
1789159733.293528,41.22252189999972,-186.4406779661017,-125.42372881355932,194085.0,149211.0,3663.509323368875,4495.320619013015
1789159733.3555238,41.28451809999979,-179.66101694915255,-125.42372881355932,194323.0,149523.0,3793.1943326674686,4986.358747168503
1789159733.4196422,41.348635699999704,-172.8813559322034,-125.42372881355932,194595.0,149793.0,4277.422367354929,4158.131703723516
1789159733.4830606,41.41205420000006,-166.10169491525426,-125.42372881355932,194898.0,150049.0,4845.517716670876,4271.23413543581
1789159733.5526698,41.48166420000007,-159.32203389830508,-125.42372881355932,195162.0,150267.0,3799.314231658193,3011.07476450919
1789159733.6138387,41.54283189999978,-152.54237288135593,-125.42372881355932,195501.0,150457.0,5185.447016008082,2817.00754848882
1789159733.683447,41.61244179999994,-145.76271186440678,-125.42372881355932,195887.0,150662.0,5628.72193322928,2979.9116117096187
1789159733.7489345,41.67792779999991,-138.98305084745763,-125.42372881355932,196275.0,150815.0,5868.17824278554,2211.7145960650664
1789159733.8122284,41.74122229999966,-132.20338983050848,-125.42372881355932,196660.0,150973.0,6238.57725296361,2337.2697877300284
1789159733.8783617,41.8073559999998,-125.42372881355932,-125.42372881355932,197043.0,151142.0,5797.787177879369,2599.008045256269
1789159733.9415138,41.87050629999976,-118.64406779661017,-125.42372881355932,197500.0,151291.0,7321.528973441629,2312.0617810868303
1789159734.0145655,41.943559899999855,-111.86440677966102,-125.42372881355932,198017.0,151433.0,7156.164600893232,1907.2933371250617
1789159734.079293,42.0082867000001,-105.08474576271186,-125.42372881355932,198445.0,151541.0,7103.0738860687115,1727.298364354178
1789159734.1418598,42.07085479999978,-98.30508474576271,-125.42372881355932,198889.0,151650.0,6845.66285899395,1707.016188489494
1789159734.2040946,42.13308899999993,-91.52542372881356,-125.42372881355932,199365.0,151727.0,7555.817269790161,1241.5662180406368
1789159734.265795,42.19478859999981,-84.74576271186442,-125.42372881355932,199839.0,151815.0,7848.539210633265,1423.7712853756489
1789159734.3302665,42.259260899999845,-77.96610169491527,-125.42372881355932,200312.0,151905.0,7681.429524676434,1415.9317096177758
1789159734.392002,42.32099549999975,-71.18644067796612,-125.42372881355932,200834.0,151976.0,8728.308635849151,1124.5060205695227
1789159734.4634943,42.39248849999967,-64.40677966101697,-125.42372881355932,201400.0,152076.0,7941.05154295713,1277.3396861733368
1789159734.5267055,42.4556991999998,-57.62711864406779,-125.42372881355932,201925.0,152140.0,8034.076872510586,1049.4190347390702
1789159734.5916605,42.520655499999975,-50.847457627118644,-125.42372881355932,202404.0,152207.0,7057.816826951444,1061.1991887779022
1789159734.66277,42.591764599999806,-44.067796610169495,-125.42372881355932,203007.0,152307.0,8951.988802373027,1257.0155054565541
1789159734.7255397,42.654533999999785,-37.288135593220346,-125.42372881355932,203516.0,152384.0,8060.4587552981375,1293.2164596412397
1789159734.791908,42.7209026999999,-30.508474576271198,-125.42372881355932,204039.0,152471.0,7635.161319597386,1269.7784483995654
1789159734.8635647,42.79255809999995,-23.72881355932205,-125.42372881355932,204584.0,152587.0,7294.203669021493,1607.197418597956
1789159734.9284203,42.857413599999745,-16.9491525423729,-125.42372881355932,205078.0,152687.0,7725.004030864408,1559.1751254955686
1789159734.9999676,42.9289604999999,-10.169491525423723,-125.42372881355932,205551.0,152798.0,6313.510397593877,1406.8148168551575
1789159735.06247,42.99146350000001,-3.3898305084745743,-125.42372881355932,206033.0,152918.0,7528.686431070487,1940.0161252640262
1789159735.1282737,43.057267899999715,3.3898305084745743,-125.42372881355932,206459.0,153048.0,6469.326731573713,2020.6033623550443
1789159735.1890028,43.11799719999999,10.169491525423723,-125.42372881355932,206858.0,153188.0,6507.768648838086,2223.487621686346
1789159735.25555,43.18454389999988,16.94915254237287,-125.42372881355932,207261.0,153360.0,5981.493130207213,2665.66541672278
1789159735.3168142,43.245807799999966,23.72881355932202,-125.42372881355932,207622.0,153566.0,5659.756971847531,3306.01677085697
1789159735.3821216,43.3111157999997,30.50847457627117,-125.42372881355932,207933.0,153732.0,4635.025341499114,2552.6226518400917
1789159735.4486437,43.3776370999999,37.28813559322032,-125.42372881355932,208318.0,153963.0,5447.247201019117,3437.583185109151
1789159735.5135992,43.4425925999999,44.06779661016947,-125.42372881355932,208588.0,154199.0,4106.07937290453,3817.6357805930547
1789159735.5784695,43.507463800000096,50.847457627118644,-125.42372881355932,208890.0,154417.0,4497.210190711087,3437.031362482618
1789159735.6403239,43.56931749999967,57.627118644067764,-125.42372881355932,209133.0,154657.0,3871.7090473059,3782.499161423276
1789159735.7059205,43.63491440000007,64.40677966101691,-125.42372881355932,209392.0,154956.0,4044.889814846854,4637.237695682167
1789159735.7726946,43.70168849999982,71.18644067796606,-125.42372881355932,209611.0,155270.0,3340.147906447172,4716.4902598575645
1789159735.83777,43.76676389999966,77.96610169491527,-125.42372881355932,209820.0,155574.0,3040.4378230509446,4577.548055815589
1789159735.9074783,43.83647070000006,84.74576271186442,-125.42372881355932,210009.0,155920.0,2541.4115437351984,4914.517687223032
1789159735.9732692,43.90226249999978,91.52542372881356,-125.42372881355932,210189.0,156240.0,2785.1156666825386,5030.087688917555
1789159736.0408616,43.969854999999825,98.30508474576271,-125.42372881355932,210347.0,156629.0,2225.948873461932,5506.294581721621
1789159736.1050212,44.03401510000003,105.08474576271186,-125.42372881355932,210489.0,157008.0,2271.3371558489976,5651.516072821128
1789159736.1739533,44.10294709999971,111.86440677966101,-125.42372881355932,210620.0,157394.0,1858.080745522514,5685.409460658633
1789159736.2394462,44.1684393999999,118.64406779661016,-125.42372881355932,210749.0,157807.0,1812.4948214438514,6024.387549370515
1789159736.3109984,44.239992899999834,125.42372881355931,-125.42372881355932,210855.0,158239.0,1449.9942763447048,5891.555691253222
1789159736.377258,44.306250499999805,132.20338983050846,-125.42372881355932,210959.0,158614.0,1406.1766733918753,5421.404041992772
1789159736.439924,44.368917299999794,138.9830508474576,-125.42372881355932,211057.0,159008.0,1606.236480840182,6460.640067379399
1789159736.502645,44.431638999999905,145.76271186440675,-125.42372881355932,211142.0,159421.0,1343.024314035619,6644.436079965694
1789159736.5650818,44.49407549999978,152.5423728813559,-125.42372881355932,211236.0,159791.0,1535.8271400105477,5878.510777281752
1789159736.6366909,44.565685199999734,159.32203389830505,-125.42372881355932,211352.0,160243.0,1704.9853156321246,6558.8173853596145
1789159736.7031226,44.632116100000076,166.1016949152542,-125.42372881355932,211453.0,160672.0,1505.6826233600063,6536.433976704027
1789159736.76646,44.695454100000006,172.88135593220335,-125.42372881355932,211542.0,161035.0,1454.030730848408,5868.678251014659
1789159736.8295126,44.75850609999998,179.66101694915255,-125.42372881355932,211651.0,161397.0,1657.2462209478845,5782.731494371342
1789159736.8912861,44.82027930000004,186.4406779661017,-125.42372881355932,211766.0,161757.0,1866.1889222977297,5829.61872870148
1789159736.9535446,44.88253889999987,193.22033898305085,-125.42372881355932,211907.0,162097.0,2388.519420980145,5400.905854902864
1789159737.0167947,44.945788600000014,200.0,-125.42372881355932,212053.0,162413.0,2238.534020505833,4962.951394299754
1789159737.08062,45.00961409999991,-200.0,-118.64406779661017,212265.0,162710.0,3390.9157882642053,4836.788510163664
1789159737.1441855,45.07317879999982,-193.22033898305085,-118.64406779661017,212474.0,162972.0,3291.804123332743,4186.3161133688145
1789159737.2090373,45.1380307999998,-186.4406779661017,-118.64406779661017,212714.0,163250.0,3649.628898331672,4339.190118753785
1789159737.2787998,45.20779319999974,-179.66101694915255,-118.64406779661017,213015.0,163536.0,4337.045735378313,4140.651211512125
1789159737.3405843,45.26957719999973,-172.8813559322034,-118.64406779661017,213267.0,163786.0,4207.02093216734,4153.767502646234
1789159737.4066517,45.33564519999982,-166.10169491525426,-118.64406779661017,213552.0,164025.0,4246.1989805629055,3709.1303348000083
1789159737.4740732,45.40306650000002,-159.32203389830508,-118.64406779661017,213886.0,164239.0,5468.1965781270355,3497.515343802032
1789159737.5415869,45.47057989999985,-152.54237288135593,-118.64406779661017,214265.0,164433.0,5607.99155193308,2967.972137134174
1789159737.6044788,45.5334727999998,-145.76271186440678,-118.64406779661017,214623.0,164622.0,5685.279907036982,2886.9178344144175
1789159737.6671553,45.59614879999981,-138.98305084745763,-118.64406779661017,215012.0,164772.0,6268.199047428617,2378.7902202152923
1789159737.7304676,45.659460599999875,-132.20338983050848,-118.64406779661017,215398.0,164902.0,6171.222108808913,1947.8997159089586
1789159737.8008816,45.7298751999997,-125.42372881355932,-118.64406779661017,215883.0,165053.0,6788.409650831502,2158.526571001722
1789159737.8739026,45.802894399999786,-118.64406779661017,-118.64406779661017,216428.0,165189.0,8196.535481444898,2057.8535889585064
1789159737.9401083,45.869102699999985,-111.86440677966102,-118.64406779661017,216909.0,165317.0,7242.9922357706355,1895.3624542203531
1789159738.0024118,45.9314046999998,-105.08474576271186,-118.64406779661017,217339.0,165404.0,6665.981157966831,1329.6504969348732
1789159738.0646734,45.99366729999974,-98.30508474576271,-118.64406779661017,217814.0,165480.0,7608.569463900576,1214.5134355522048
1789159738.129718,46.058711799999855,-91.52542372881356,-118.64406779661017,218353.0,165566.0,8338.252131702591,1404.5243462782619
1789159738.1914806,46.12047429999984,-84.74576271186442,-118.64406779661017,218783.0,165637.0,6831.510118648317,1171.1160203397117
1789159738.25676,46.18575359999977,-77.96610169491527,-118.64406779661017,219221.0,165711.0,6820.463391307707,1133.9645736159514
1789159738.3205612,46.24955490000002,-71.18644067796612,-118.64406779661017,219714.0,165791.0,7819.372495360255,1268.9332558260062
1789159738.3930562,46.32205029999977,-64.40677966101697,-118.64406779661017,220314.0,165878.0,8210.482849982176,1216.367829626989
1789159738.4547763,46.38376999999991,-57.62711864406779,-118.64406779661017,220775.0,165934.0,7506.225542519664,978.2995375321836
1789159738.5214133,46.4504066999998,-50.847457627118644,-118.64406779661017,221320.0,165997.0,7946.580776443747,942.5392331978268
1789159738.5883713,46.517364499999985,-44.067796610169495,-118.64406779661017,221851.0,166079.0,8280.175553950754,1154.9601094566503
1789159738.6541586,46.58315309999989,-37.288135593220346,-118.64406779661017,222368.0,166172.0,7778.518855761944,1461.6223335880975
1789159738.7163098,46.6453034000001,-30.508474576271198,-118.64406779661017,222838.0,166275.0,7548.208006036182,1675.4200013398067
1789159738.7817786,46.71077209999976,-23.72881355932205,-118.64406779661017,223335.0,166374.0,7514.110903398003,1562.51371589351
1789159738.8464518,46.77544519999992,-16.9491525423729,-118.64406779661017,223793.0,166505.0,7085.2604388173695,2065.8229231250643
1789159738.9089675,46.8379603999997,-10.169491525423723,-118.64406779661017,224201.0,166621.0,6330.475292810102,1871.1625865488422
1789159738.9792526,46.90824619999967,-3.3898305084745743,-118.64406779661017,224642.0,166774.0,6039.611086593114,2096.652553376884
1789159739.0422173,46.97121010000001,3.3898305084745743,-118.64406779661017,225070.0,166932.0,6332.546138403121,2501.530656883001
1789159739.1146123,47.043606400000044,10.169491525423723,-118.64406779661017,225480.0,167114.0,5535.276165404475,2513.3145832106807
1789159739.1802235,47.109216099999685,16.94915254237287,-118.64406779661017,225879.0,167308.0,5563.239482898616,2910.0021910546607
1789159739.2437346,47.17272779999985,23.72881355932202,-118.64406779661017,226262.0,167503.0,5672.07958578963,3056.9151661732276
1789159739.308413,47.23740689999977,30.50847457627117,-118.64406779661017,226551.0,167707.0,4417.5867162352315,3153.0103661678945
1789159739.3718731,47.300866099999894,37.28813559322032,-118.64406779661017,226868.0,167911.0,5055.10925888797,3255.833081995642
1789159739.439658,47.368651999999656,44.06779661016947,-118.64406779661017,227153.0,168189.0,4155.91584192025,3995.455770803638
1789159739.500355,47.429349099999854,50.847457627118644,-118.64406779661017,227403.0,168421.0,4117.357267942722,3739.783020664131
1789159739.5616307,47.49062490000006,57.627118644067764,-118.64406779661017,227650.0,168696.0,4104.00884601652,4444.516130183829
1789159739.6285343,47.55752789999997,64.40677966101691,-118.64406779661017,227887.0,169018.0,3502.1579473303386,4566.539284264069
1789159739.6921558,47.62114819999988,71.18644067796606,-118.64406779661017,228095.0,169341.0,3185.290644560113,4945.119729952441
1789159739.7600243,47.689017799999874,77.96610169491527,-118.64406779661017,228283.0,169637.0,2748.2880798341243,4311.685490518207
1789159739.822507,47.7515000999997,84.74576271186442,-118.64406779661017,228470.0,169992.0,2980.244485237019,5452.094322992429
1789159739.8939123,47.822906500000045,91.52542372881356,-118.64406779661017,228629.0,170366.0,2163.1572891499704,5262.148582825815
1789159739.9583795,47.887372700000014,98.30508474576271,-118.64406779661017,228771.0,170738.0,2064.088189037931,5684.988656248538
1789159740.0237322,47.95272639999985,105.08474576271186,-118.64406779661017,228905.0,171092.0,2138.9373491775964,5531.15830138894
1789159740.0895345,48.01852800000006,111.86440677966101,-118.64406779661017,229038.0,171468.0,2128.969419131272,5730.47601982834
1789159740.151595,48.08058899999969,118.64406779661016,-118.64406779661017,229134.0,171825.0,1545.635774445343,5848.826282844309
1789159740.2133684,48.14236200000005,125.42372881355931,-118.64406779661017,229205.0,172185.0,1185.695906165116,5857.69171553214
1789159740.2808795,48.20987289999994,132.20338983050846,-118.64406779661017,229294.0,172586.0,1315.627321087327,6211.759376779404
1789159740.3496575,48.27865100000008,138.9830508474576,-118.64406779661017,229393.0,173004.0,1430.7331581630938,6295.225895917612
1789159740.4116585,48.34065169999985,145.76271186440675,-118.64406779661017,229484.0,173406.0,1468.3846176992865,6669.650612923266
1789159740.4783983,48.40739219999978,152.5423728813559,-118.64406779661017,229592.0,173825.0,1489.0327014509062,6365.205723784643
1789159740.547362,48.476355599999806,159.32203389830505,-118.64406779661017,229698.0,174197.0,1640.7961919418742,5010.603424854756
1789159740.6093547,48.53834770000003,166.1016949152542,-118.64406779661017,229781.0,174570.0,1416.1868362676555,5987.42282675186
1789159740.6892707,48.61826329999985,172.88135593220335,-118.64406779661017,229906.0,175050.0,1486.037504460549,5959.792517889148
1789159740.754554,48.68354629999976,179.66101694915255,-118.64406779661017,230021.0,175394.0,1746.8608391782352,5136.808606296395
1789159740.8187766,48.74777069999982,186.4406779661017,-118.64406779661017,230169.0,175765.0,2369.627259375529,5673.268183030464
1789159740.8817837,48.810775999999805,193.22033898305085,-118.64406779661017,230325.0,176118.0,2452.0715657095957,5512.813378226538
1789159740.9480546,48.87704829999984,200.0,-118.64406779661017,230505.0,176474.0,2765.4074507407336,5446.5036987149815
1789159741.0116415,48.9406356999998,-200.0,-111.86440677966102,230723.0,176757.0,3450.8274870839728,4411.367096890852
1789159741.0725453,49.001538699999855,-193.22033898305085,-111.86440677966102,230975.0,177036.0,4253.310672924112,4486.6146338861945
1789159741.1406333,49.069625599999654,-186.4406779661017,-111.86440677966102,231277.0,177330.0,4784.37987279588,4505.000026209259
1789159741.2067635,49.13575559999981,-179.66101694915255,-111.86440677966102,231577.0,177574.0,4559.583376560008,3725.9282069650812
1789159741.2704415,49.1994351999997,-172.8813559322034,-111.86440677966102,231898.0,177790.0,5019.377946887256,3148.0419179083838
1789159741.3339124,49.26290479999989,-166.10169491525426,-111.86440677966102,232228.0,178007.0,5108.8641408359335,3365.2245023253763
1789159741.404069,49.33306159999984,-159.32203389830508,-111.86440677966102,232624.0,178210.0,5567.755056223205,2682.50383661174
1789159741.4757822,49.40477439999995,-152.54237288135593,-111.86440677966102,232989.0,178420.0,5219.162603080544,2803.8219809429456
1789159741.5407526,49.469745299999886,-145.76271186440678,-111.86440677966102,233387.0,178584.0,6005.923556600155,2556.8074569526375
1789159741.6079586,49.53695169999992,-138.98305084745763,-111.86440677966102,233825.0,178735.0,6649.360418847473,2266.827415516184
1789159741.6705484,49.59954029999972,-132.20338983050848,-111.86440677966102,234243.0,178853.0,6637.664102714715,1891.4715648896815
1789159741.7367437,49.66573699999981,-125.42372881355932,-111.86440677966102,234715.0,178973.0,6925.637435332063,1710.4479864500497
1789159741.803665,49.73265790000005,-118.64406779661017,-111.86440677966102,235211.0,179101.0,7389.397406541827,1855.8624822881548
1789159741.8684993,49.797493199999735,-111.86440677966102,-111.86440677966102,235651.0,179219.0,6697.638272962844,1806.4876766770012
1789159741.9419389,49.87093209999966,-105.08474576271186,-111.86440677966102,236186.0,179315.0,8480.00337794521,1442.6561763309278
1789159742.0064862,49.93547940000008,-98.30508474576271,-111.86440677966102,236694.0,179393.0,7854.901018090844,1201.9352850957973
1789159742.0721364,50.001128999999764,-91.52542372881356,-111.86440677966102,237198.0,179466.0,8028.889979646149,1104.4106303880073
1789159742.1363647,50.065358399999695,-84.74576271186442,-111.86440677966102,237699.0,179552.0,8106.926465934309,1398.3563118096297
1789159742.2041013,50.13309439999966,-77.96610169491527,-111.86440677966102,238218.0,179617.0,7821.666014838428,937.3070844227868
1789159742.2681901,50.19718349999994,-71.18644067796612,-111.86440677966102,238724.0,179687.0,8250.896143769218,1171.3171978628536
1789159742.335672,50.26466540000001,-64.40677966101697,-111.86440677966102,239257.0,179755.0,8012.693515301883,1056.6189250947539
1789159742.397896,50.32688959999996,-57.62711864406779,-111.86440677966102,239763.0,179833.0,8402.598816769427,1234.0749882080368
1789159742.4656866,50.39467990000003,-50.847457627118644,-111.86440677966102,240246.0,179905.0,7146.428067841464,1073.5665483080227
1789159742.5328898,50.461883599999965,-44.067796610169495,-111.86440677966102,240806.0,180017.0,7951.379045689485,1624.847022380025
1789159742.594198,50.5231917000001,-37.288135593220346,-111.86440677966102,241273.0,180101.0,7651.890930999715,1397.7693035549833
1789159742.6556723,50.58466580000004,-30.508474576271198,-111.86440677966102,241696.0,180215.0,6973.562567756597,1916.3988735819655
1789159742.717295,50.64628790000006,-23.72881355932205,-111.86440677966102,242160.0,180313.0,7504.756847681296,1522.1912474070552
1789159742.7831886,50.712181699999746,-16.9491525423729,-111.86440677966102,242641.0,180434.0,7316.892298354374,1878.661536063961
1789159742.8475573,50.776550399999905,-10.169491525423723,-111.86440677966102,243086.0,180578.0,6906.253996659137,2199.7697915284657
1789159742.9092157,50.83820930000002,-3.3898305084745743,-111.86440677966102,243488.0,180729.0,6616.441320196374,2431.989242018127
1789159742.9745111,50.903503999999884,3.3898305084745743,-111.86440677966102,243880.0,180884.0,6047.847780320432,2375.9401994115983
1789159743.0372038,50.966196899999886,10.169491525423723,-111.86440677966102,244272.0,181091.0,6213.385407432805,3355.2281200137145
1789159743.0993955,51.028389399999924,16.94915254237287,-111.86440677966102,244606.0,181286.0,5193.789987814482,3239.5164669758124
1789159743.1629176,51.09191009999995,23.72881355932202,-111.86440677966102,244950.0,181511.0,5640.279113242746,3473.6957078383894
1789159743.2287092,51.15770199999997,30.50847457627117,-111.86440677966102,245269.0,181723.0,4823.186372274382,3153.621858794788
1789159743.2930732,51.222066399999676,37.28813559322032,-111.86440677966102,245558.0,181963.0,4516.349534058718,3679.3426706038204
1789159743.354745,51.283738000000085,44.06779661016947,-111.86440677966102,245798.0,182235.0,3859.294051524969,4392.837007956992
1789159743.4169793,51.345972000000074,50.847457627118644,-111.86440677966102,246037.0,182515.0,3797.3310187944817,4532.298312754704
1789159743.4803503,51.40934329999982,57.627118644067764,-111.86440677966102,246251.0,182835.0,3290.482020980982,5108.90629573363
1789159743.5447252,51.473718799999915,64.40677966101691,-111.86440677966102,246447.0,183143.0,3121.4180448640823,4844.167894761745
1789159743.6090763,51.53806789999999,71.18644067796606,-111.86440677966102,246617.0,183469.0,2584.930915075609,5222.976848954142
1789159743.6763687,51.60536239999965,77.96610169491527,-111.86440677966102,246790.0,183870.0,2689.0131810392572,5981.01719661459
1789159743.7458138,51.67480639999985,84.74576271186442,-111.86440677966102,246932.0,184224.0,2000.7589085420075,4846.665976726759
1789159743.8083613,51.73735459999989,91.52542372881356,-111.86440677966102,247078.0,184576.0,2348.813216959638,5799.761866492644
1789159743.8707266,51.79971999999998,98.30508474576271,-111.86440677966102,247197.0,184930.0,1880.8424768118855,5783.151167019722
1789159743.9326997,51.86169259999997,105.08474576271186,-111.86440677966102,247288.0,185283.0,1441.9661384241883,5574.430071713021
1789159744.0005772,51.92957099999967,111.86440677966101,-111.86440677966102,247398.0,185690.0,1609.5441088225252,6129.274030566586
1789159744.0632508,51.9922432999997,118.64406779661016,-111.86440677966102,247494.0,186074.0,1495.1139329046462,6154.306188933078
1789159744.1296308,52.05862429999979,125.42372881355931,-111.86440677966102,247595.0,186494.0,1441.285029855367,6411.233408666977
1789159744.1939523,52.1229444999999,132.20338983050846,-111.86440677966102,247683.0,186905.0,1364.1538835529545,6243.627390107754
1789159744.2588742,52.18786759999966,138.9830508474576,-111.86440677966102,247786.0,187340.0,1607.576817376864,6789.4467712618625
1789159744.323801,52.252793199999815,145.76271186440675,-111.86440677966102,247905.0,187711.0,1746.7889651918997,5292.770564531456
1789159744.3857899,52.314782899999955,152.5423728813559,-111.86440677966102,247979.0,188075.0,1262.722821671801,5797.854082605734
1789159744.4495158,52.37850929999968,159.32203389830505,-111.86440677966102,248086.0,188448.0,1637.4512389134666,5816.3632548905425
1789159744.512071,52.441063100000065,166.1016949152542,-111.86440677966102,248190.0,188782.0,1628.4163913352859,5095.367418049121
1789159744.5810971,52.510090799999944,172.88135593220335,-111.86440677966102,248310.0,189168.0,1742.486128049117,5707.0417221425205
1789159744.6457794,52.57477249999965,179.66101694915255,-111.86440677966102,248451.0,189545.0,2252.723381668975,5846.353538140911
1789159744.71636,52.64535429999978,186.4406779661017,-111.86440677966102,248599.0,189930.0,1976.9561053960529,5498.409168132772
1789159744.782465,52.7114575999999,193.22033898305085,-111.86440677966102,248785.0,190283.0,2794.690439699599,5273.000829621885
1789159744.844257,52.77325019999989,200.0,-111.86440677966102,248950.0,190594.0,2766.3800934690275,4943.788941231746
1789159744.9175086,52.846501499999704,-200.0,-105.08474576271186,249229.0,190888.0,3690.478565303739,4155.944330297003
1789159744.9796796,52.90867279999975,-193.22033898305085,-105.08474576271186,249500.0,191136.0,4357.267603538295,3967.59326501048
1789159745.046308,52.975301599999966,-186.4406779661017,-105.08474576271186,249789.0,191393.0,4366.042404981159,3954.1516120584083
1789159745.1095502,53.038544099999854,-179.66101694915255,-105.08474576271186,250108.0,191619.0,5070.281213817884,3415.768396677311
1789159745.1771564,53.10614940000005,-172.8813559322034,-105.08474576271186,250400.0,191792.0,4591.060665719799,2712.1568345533333
1789159745.2441647,53.17315699999972,-166.10169491525426,-105.08474576271186,250750.0,192004.0,5142.0925948756085,3146.148758706787
1789159745.3070166,53.2360091999999,-159.32203389830508,-105.08474576271186,251116.0,192176.0,5930.41295795875,2824.0061704565474
1789159745.368605,53.29759779999995,-152.54237288135593,-105.08474576271186,251521.0,192318.0,6643.191636133765,2450.3575707050773
1789159745.4317477,53.36074039999994,-145.76271186440678,-105.08474576271186,251917.0,192471.0,6313.415197901032,2410.2496766915624
1789159745.495854,53.42484729999978,-138.98305084745763,-105.08474576271186,252353.0,192626.0,6887.465327066628,2450.0187606232034
1789159745.564775,53.4937673999998,-132.20338983050848,-105.08474576271186,252787.0,192759.0,6648.538432504727,1862.9580697763888
1789159745.6350179,53.56401179999966,-125.42372881355932,-105.08474576271186,253230.0,192889.0,6455.065929280896,1946.251033954039
1789159745.7016764,53.63066839999965,-118.64406779661017,-105.08474576271186,253766.0,192991.0,7900.978996864735,1518.0920343320888
1789159745.7648654,53.69382580000001,-111.86440677966102,-105.08474576271186,254245.0,193086.0,7454.249982354452,1572.1048540984507
1789159745.8278248,53.75681829999985,-105.08474576271186,-105.08474576271186,254717.0,193164.0,7613.4823997913845,1201.1990793174343
1789159745.8901591,53.8191512999997,-98.30508474576271,-105.08474576271186,255225.0,193244.0,7929.597886388674,1289.221928076555
1789159745.9563146,53.88530779999974,-91.52542372881356,-105.08474576271186,255776.0,193331.0,8254.985861704661,1281.519982563022
1789159746.0240092,53.95300180000004,-84.74576271186442,-105.08474576271186,256307.0,193408.0,8440.860120157262,1236.109222617172
1789159746.088448,54.01744129999997,-77.96610169491527,-105.08474576271186,256833.0,193466.0,8190.737954611271,873.9071876258887
1789159746.1508243,54.07981699999982,-71.18644067796612,-105.08474576271186,257389.0,193536.0,8782.12898596274,1042.546499339641
1789159746.2146087,54.14360140000008,-64.40677966101697,-105.08474576271186,257937.0,193617.0,8648.656219409737,1313.0550940399398
1789159746.2807844,54.209777699999904,-57.62711864406779,-105.08474576271186,258470.0,193697.0,8166.76979943269,1173.868348994432
1789159746.3462155,54.2752075999997,-50.847457627118644,-105.08474576271186,258946.0,193776.0,7064.739331916038,1142.8254801628887
1789159746.4149802,54.343972699999995,-44.067796610169495,-105.08474576271186,259444.0,193878.0,7366.795812983864,1524.7180876546124
1789159746.4870307,54.416023400000086,-37.288135593220346,-105.08474576271186,259983.0,193993.0,7531.31916190919,1728.780080347337
1789159746.5523038,54.48129719999997,-30.508474576271198,-105.08474576271186,260439.0,194092.0,7108.237983106991,1583.4331584645113
1789159746.6182926,54.547284599999784,-23.72881355932205,-105.08474576271186,260931.0,194222.0,7208.0970957756,2052.305423102775
1789159746.6861186,54.61511169999994,-16.9491525423729,-105.08474576271186,261381.0,194360.0,7223.297846521859,1871.4113064838714
1789159746.7553275,54.684320899999875,-10.169491525423723,-105.08474576271186,261814.0,194517.0,6209.733757676522,2328.6501591286956
1789159746.8177195,54.74671259999968,-3.3898305084745743,-105.08474576271186,262210.0,194671.0,6251.766035622179,2419.468776497849
1789159746.884832,54.81382389999999,3.3898305084745743,-105.08474576271186,262582.0,194859.0,5614.314398354843,2879.9653109716487
1789159746.957962,54.88695490000009,10.169491525423723,-105.08474576271186,263003.0,195077.0,6201.576303650782,2992.135197718302
1789159747.0206678,54.94965999999977,16.94915254237287,-105.08474576271186,263339.0,195292.0,5375.0399201557075,3525.1885190631588
1789159747.0885212,55.01751419999982,23.72881355932202,-105.08474576271186,263654.0,195533.0,4291.701163099474,3555.0658888361313
1789159747.1505146,55.07950690000007,30.50847457627117,-105.08474576271186,263924.0,195777.0,4174.593954103997,3872.602051041155
1789159747.214923,55.143916499999705,37.28813559322032,-105.08474576271186,264211.0,196053.0,4271.641832358704,4288.935928845986
1789159747.2775085,55.2065005999998,44.06779661016947,-105.08474576271186,264438.0,196332.0,3570.5079526495606,4389.112214964338
1789159747.3444033,55.27339660000007,50.847457627118644,-105.08474576271186,264685.0,196643.0,3650.2197564460093,4723.813802459542
1789159747.4071076,55.33610069999986,57.627118644067764,-105.08474576271186,264881.0,196966.0,3170.254951549906,5289.596659492108
1789159747.469565,55.398557699999856,64.40677966101691,-105.08474576271186,265058.0,197271.0,2790.0666651744446,4812.864997425917
1789159747.5359585,55.4649515000001,71.18644067796606,-105.08474576271186,265240.0,197615.0,2670.8788993969015,5112.357157127812
1789159747.5978224,55.526815299999726,77.96610169491527,-105.08474576271186,265387.0,197944.0,2308.821637368037,5375.500758757643
1789159747.6606264,55.589619500000026,84.74576271186442,-105.08474576271186,265519.0,198280.0,2060.34885050921,5300.555589771558
1789159747.728815,55.65780719999975,91.52542372881356,-105.08474576271186,265652.0,198686.0,2024.2701186186014,5949.593913852933
1789159747.792344,55.72133589999976,98.30508474576271,-105.08474576271186,265752.0,199079.0,1562.2860633505393,6178.929149431346
1789159747.8653264,55.794318700000076,105.08474576271186,-105.08474576271186,265878.0,199524.0,2019.543512300187,6377.50582831638
1789159747.9300895,55.85908139999992,111.86440677966101,-105.08474576271186,265970.0,199962.0,1423.2190471281208,6738.856452064475
1789159747.994021,55.92301330000009,118.64406779661016,-105.08474576271186,266058.0,200333.0,1267.6097915043108,5730.290838307158
1789159748.060308,55.98929929999986,125.42372881355931,-105.08474576271186,266138.0,200757.0,1112.5945705380616,6490.1349948053585
1789159748.1283567,56.05734919999986,132.20338983050846,-105.08474576271186,266242.0,201204.0,1442.5383488299597,6596.776494087569
1789159748.1938615,56.12285410000004,138.9830508474576,-105.08474576271186,266353.0,201585.0,1657.7323912342024,5751.316459383967
1789159748.25847,56.18746340000007,145.76271186440675,-105.08474576271186,266459.0,202012.0,1687.639997402862,6665.3256463082735
1789159748.3203633,56.249355699999796,152.5423728813559,-105.08474576271186,266549.0,202400.0,1427.0990248070702,6307.425319517669
1789159748.3869102,56.31590249999999,159.32203389830505,-105.08474576271186,266664.0,202799.0,1795.8052004577462,6226.576909998354
1789159748.450262,56.379253999999946,166.1016949152542,-105.08474576271186,266782.0,203195.0,1956.0346288092583,6339.647948730007
1789159748.5192485,56.448241399999915,172.88135593220335,-105.08474576271186,266941.0,203594.0,2433.666044732185,5678.554104375098
1789159748.585527,56.51451999999972,179.66101694915255,-105.08474576271186,267089.0,203962.0,2357.0307889274627,5613.691649964644
1789159748.646687,56.57567969999991,186.4406779661017,-105.08474576271186,267253.0,204267.0,2711.808399062122,5100.354869759223
1789159748.7117739,56.64076729999988,193.22033898305085,-105.08474576271186,267418.0,204580.0,2666.4017692328835,4775.124737057583
1789159748.773209,56.70220100000006,200.0,-105.08474576271186,267600.0,204897.0,2933.3695831205746,5240.715169843466
1789159748.8410754,56.77006829999982,-200.0,-98.30508474576271,267855.0,205122.0,3798.4075659316813,3235.084409967237
1789159748.9037905,56.83278259999997,-193.22033898305085,-98.30508474576271,268187.0,205401.0,5065.85612966119,4412.766663467935
1789159748.9667528,56.89574589999984,-186.4406779661017,-98.30508474576271,268523.0,205611.0,5303.923665939413,3235.393436223042
1789159749.0291717,56.95816439999999,-179.66101694915255,-98.30508474576271,268867.0,205797.0,5487.036433933857,2973.6197448415737
1789159749.090855,57.01984730000004,-172.8813559322034,-98.30508474576271,269221.0,206008.0,5684.402000925415,3446.168713061033
1789159749.1549723,57.08396509999966,-166.10169491525426,-98.30508474576271,269589.0,206183.0,5759.860517934164,2663.7192785641478
1789159749.2180712,57.14706290000004,-159.32203389830508,-98.30508474576271,269978.0,206359.0,6028.984694407704,2751.6005727384
1789159749.2888308,57.217823599999974,-152.54237288135593,-98.30508474576271,270433.0,206531.0,6565.732787141927,2473.8187515534746
1789159749.3533754,57.28236769999967,-145.76271186440678,-98.30508474576271,270901.0,206688.0,6933.353569979497,2414.600745764004
1789159749.4157288,57.3447213999998,-138.98305084745763,-98.30508474576271,271377.0,206803.0,7474.956264480264,1859.9656432744318
1789159749.4799142,57.40890709999985,-132.20338983050848,-98.30508474576271,271839.0,206907.0,6878.397178310155,1585.9963418660006
1789159749.5421827,57.4711757,-125.42372881355932,-98.30508474576271,272294.0,207003.0,7447.088348421638,1528.5193268836776
1789159749.605457,57.5344498999998,-118.64406779661017,-98.30508474576271,272701.0,207104.0,6453.137967731922,1552.894163357949
1789159749.6693592,57.59835199999998,-111.86440677966102,-98.30508474576271,273215.0,207204.0,7993.789304296187,1453.4162371447612
1789159749.7330117,57.66200429999981,-105.08474576271186,-98.30508474576271,273661.0,207290.0,6789.196322380556,1267.5481624904874
1789159749.7983813,57.727374300000065,-98.30508474576271,-98.30508474576271,274203.0,207367.0,8725.12143347334,1188.1771057778735
1789159749.860081,57.78907299999992,-91.52542372881356,-98.30508474576271,274682.0,207429.0,8085.35542249646,900.373655066421
1789159749.9293334,57.858325199999854,-84.74576271186442,-98.30508474576271,275239.0,207504.0,8375.15337727608,1086.596745554781
1789159749.994532,57.92352409999967,-77.96610169491527,-98.30508474576271,275769.0,207585.0,7953.205243699068,1223.5700374921644
1789159750.0594804,57.98847309999974,-71.18644067796612,-98.30508474576271,276259.0,207650.0,7380.880785115988,990.9515868905725
1789159750.1226602,58.0516518999998,-64.40677966101697,-98.30508474576271,276783.0,207739.0,8144.099326201125,1413.2927247203688
1789159750.187616,58.1166089999997,-57.62711864406779,-98.30508474576271,277308.0,207837.0,8183.766476218194,1500.357187306669
1789159750.2571526,58.186144299999796,-50.847457627118644,-98.30508474576271,277846.0,207935.0,7787.300931095422,1377.9997532391076
1789159750.3274527,58.25644539999985,-44.067796610169495,-98.30508474576271,278391.0,208040.0,7227.205902932545,1514.5852917307384
1789159750.3996677,58.328658800000085,-37.288135593220346,-98.30508474576271,278942.0,208146.0,7102.421426448799,1449.473760499755
1789159750.46251,58.39150289999998,-30.508474576271198,-98.30508474576271,279394.0,208257.0,7214.917242179071,1852.7194893496874
1789159750.5289116,58.45790399999987,-23.72881355932205,-98.30508474576271,279857.0,208405.0,6897.822538405435,2315.5810885427227
1789159750.5903244,58.51931749999994,-16.9491525423729,-98.30508474576271,280249.0,208560.0,6412.659050818547,2451.3765900635995
1789159750.656675,58.58566729999984,-10.169491525423723,-98.30508474576271,280655.0,208734.0,6071.159868999123,2660.2125232442395
1789159750.7246652,58.65365639999982,-3.3898305084745743,-98.30508474576271,281061.0,208914.0,5480.229495680231,2678.0409509634783
1789159750.8023946,58.7313866999998,3.3898305084745743,-98.30508474576271,281454.0,209133.0,4852.082022759372,2778.6632514058033
1789159750.8697596,58.79875109999966,10.169491525423723,-98.30508474576271,281883.0,209353.0,5665.00365792289,3197.4253774779504
1789159750.9316666,58.86065909999979,16.94915254237287,-98.30508474576271,282196.0,209587.0,5108.0486716486985,3781.748314799563
1789159750.9957476,58.92474029999994,23.72881355932202,-98.30508474576271,282468.0,209823.0,4398.834479371015,3597.496415299551
1789159751.057844,58.98683589999973,30.50847457627117,-98.30508474576271,282732.0,210060.0,4140.90299758347,3877.7100104489273
1789159751.1235986,59.052591199999824,37.28813559322032,-98.30508474576271,282956.0,210355.0,3234.028649471483,4400.946203404492
1789159751.184978,59.11396999999988,44.06779661016947,-98.30508474576271,283192.0,210706.0,3554.4257986737916,5403.4452798020775
1789159751.2476084,59.17660139999998,50.847457627118644,-98.30508474576271,283391.0,211033.0,3064.1063577584405,5130.1895018469895
1789159751.3090806,59.23807279999983,57.627118644067764,-98.30508474576271,283560.0,211359.0,2757.3728184262436,5352.54723576859
1789159751.3690634,59.29805589999978,64.40677966101691,-98.30508474576271,283740.0,211713.0,2914.8835777408576,5902.639244925237
1789159751.4351356,59.364128100000016,71.18644067796606,-98.30508474576271,283899.0,212103.0,2341.109554044008,5786.827137108779
1789159751.4985569,59.42754960000002,77.96610169491527,-98.30508474576271,284029.0,212471.0,2137.2578804721857,5722.905398950315
1789159751.5614305,59.490423700000065,84.74576271186442,-98.30508474576271,284149.0,212847.0,1865.1382991305022,5978.901276651984
1789159751.630469,59.55946189999986,91.52542372881356,-98.30508474576271,284281.0,213273.0,2017.6216742539832,6286.308852840923
1789159751.6929474,59.621939999999995,98.30508474576271,-98.30508474576271,284372.0,213679.0,1508.7534324136084,6585.264981475867
1789159751.7562444,59.68523749999986,105.08474576271186,-98.30508474576271,284474.0,214077.0,1569.2820793150897,6242.638601231456
1789159751.8188426,59.747833699999774,111.86440677966101,-98.30508474576271,284553.0,214426.0,1200.5825435337129,5550.519295467455
1789159751.8879886,59.81698109999979,118.64406779661016,-98.30508474576271,284654.0,214888.0,1468.8127473585387,6682.290960510275
1789159751.9515662,59.88055869999971,125.42372881355931,-98.30508474576271,284734.0,215284.0,1255.9351658321257,6175.014565341285
1789159752.0144722,59.94346279999991,132.20338983050846,-98.30508474576271,284824.0,215651.0,1410.346370623193,6024.442521427466
1789159752.0914302,60.020422600000074,138.9830508474576,-98.30508474576271,284938.0,216136.0,1553.3621201096719,6312.5992540627085
1789159752.1545763,60.083569200000056,145.76271186440675,-98.30508474576271,285031.0,216517.0,1375.4842850872328,6030.969557690175
1789159752.2184942,60.147486800000024,152.5423728813559,-98.30508474576271,285165.0,216895.0,2069.4543366345238,5811.717595381954
1789159752.2865193,60.21551139999974,159.32203389830505,-98.30508474576271,285303.0,217259.0,2230.7118078553467,5181.574671789979
1789159752.353946,60.28293880000001,166.1016949152542,-98.30508474576271,285417.0,217668.0,1724.8549993335598,5964.451866854366
1789159752.4167051,60.34569650000003,172.88135593220335,-98.30508474576271,285598.0,218029.0,2789.7575542904033,5737.42591354064
1789159752.4796119,60.40860339999972,179.66101694915255,-98.30508474576271,285766.0,218382.0,2710.2321824232445,5684.448018978623
1789159752.5422106,60.47120300000006,186.4406779661017,-98.30508474576271,285952.0,218705.0,2918.2809713806723,5138.322937338975
1789159752.6038878,60.53288010000006,193.22033898305085,-98.30508474576271,286149.0,219004.0,3071.1817800495473,4713.9069182155845
1789159752.6692104,60.598203099999864,200.0,-98.30508474576271,286355.0,219304.0,3284.0777804403456,4513.501770041091
1789159752.7355006,60.664492099999734,-200.0,-91.52542372881356,286663.0,219520.0,4859.856892723265,3274.3716653100014
1789159752.8022015,60.73119419999966,-193.22033898305085,-91.52542372881356,287013.0,219778.0,5155.516318208493,4009.8460252732725
1789159752.8635545,60.7925467,-186.4406779661017,-91.52542372881356,287366.0,219955.0,5732.187857165855,2902.1454245399455
1789159752.924129,60.85312019999992,-179.66101694915255,-91.52542372881356,287692.0,220138.0,5498.596505742747,2974.650568680502
1789159752.9900293,60.91902179999988,-172.8813559322034,-91.52542372881356,288061.0,220299.0,5618.731490837954,2326.2264134042484
1789159753.0534966,60.98248969999986,-166.10169491525426,-91.52542372881356,288439.0,220471.0,5949.207143844775,2640.2821330031566
1789159753.1162386,61.04523089999975,-159.32203389830508,-91.52542372881356,288848.0,220623.0,6170.815217600343,2380.171583931561
1789159753.1793647,61.108357499999784,-152.54237288135593,-91.52542372881356,289269.0,220775.0,6581.054918734069,2454.837945876994
1789159753.2419133,61.17090579999967,-145.76271186440678,-91.52542372881356,289718.0,220898.0,7160.514261660038,2033.0103305718198
1789159753.303883,61.232875799999874,-138.98305084745763,-91.52542372881356,290183.0,221004.0,7499.788738319129,1778.118926221202
1789159753.3664117,61.29540429999997,-132.20338983050848,-91.52542372881356,290644.0,221104.0,7326.910670633002,1679.828300096347
1789159753.4287398,61.35773259999996,-125.42372881355932,-91.52542372881356,291112.0,221199.0,7396.826568134498,1475.851381765553
1789159753.4894753,61.418467599999985,-118.64406779661017,-91.52542372881356,291577.0,221285.0,7678.102303972441,1402.5573295312656
1789159753.5511642,61.480156799999804,-111.86440677966102,-91.52542372881356,292092.0,221362.0,8304.230000465968,1209.181242037871
1789159753.612856,61.54184839999971,-105.08474576271186,-91.52542372881356,292617.0,221439.0,8769.475768255505,1291.2111560621602
1789159753.675008,61.604000499999984,-98.30508474576271,-91.52542372881356,293143.0,221513.0,8577.683288765538,1192.8066741023654
1789159753.7362792,61.66527189999988,-91.52542372881356,-91.52542372881356,293676.0,221599.0,8528.466421849504,1403.6434319293976
1789159753.7970006,61.72599369999989,-84.74576271186442,-91.52542372881356,294174.0,221663.0,8081.048052559635,1079.8727909879244
1789159753.8587282,61.78772079999999,-77.96610169491527,-91.52542372881356,294710.0,221744.0,8669.581246903224,1341.9311095002956
1789159753.9204483,61.84944089999999,-71.18644067796612,-91.52542372881356,295194.0,221840.0,7869.726840883967,1538.57580934136
1789159753.9814703,61.910462599999846,-64.40677966101697,-91.52542372881356,295670.0,221905.0,7724.645015037587,1001.3428723196871
1789159754.0448716,61.97386449999976,-57.62711864406779,-91.52542372881356,296160.0,221994.0,7713.730266116475,1372.4880428450483
1789159754.1066904,62.035681699999714,-50.847457627118644,-91.52542372881356,296627.0,222094.0,7790.344555365001,1674.3953229856902
1789159754.1679626,62.09695509999983,-44.067796610169495,-91.52542372881356,297056.0,222195.0,7090.347948936099,1673.6100488605514
1789159754.229388,62.15837959999999,-37.288135593220346,-91.52542372881356,297465.0,222294.0,6682.888074036476,1581.8538260352295
1789159754.292026,62.22101870000006,-30.508474576271198,-91.52542372881356,297905.0,222438.0,7143.259296802652,2287.2505137545436
1789159754.35209,62.28108219999967,-23.72881355932205,-91.52542372881356,298307.0,222594.0,6546.889589160587,2589.5774976624048
1789159754.4127548,62.34174690000009,-16.9491525423729,-91.52542372881356,298670.0,222750.0,6067.589708484434,2592.679281963675
1789159754.473888,62.402879700000085,-10.169491525423723,-91.52542372881356,298969.0,222935.0,4791.386945618654,2878.407829270908
1789159754.5352669,62.46425909999971,-3.3898305084745743,-91.52542372881356,299302.0,223096.0,5344.448833596053,2627.5383897612705
1789159754.5970411,62.52603289999979,3.3898305084745743,-91.52542372881356,299652.0,223312.0,5823.543093320852,3533.1862060086873
1789159754.658646,62.587638499999684,10.169491525423723,-91.52542372881356,299976.0,223536.0,5262.02749137473,3579.6105383501563
1789159754.7204194,62.64941090000002,16.94915254237287,-91.52542372881356,300296.0,223801.0,5047.438866000987,4288.558197336503
1789159754.7848053,62.71379799999977,23.72881355932202,-91.52542372881356,300554.0,224046.0,4416.038032456404,3925.3671399612476
1789159754.851888,62.78088059999982,30.50847457627117,-91.52542372881356,300768.0,224339.0,3146.2656745574604,4362.605497195654
1789159754.913931,62.84292310000001,37.28813559322032,-91.52542372881356,301016.0,224658.0,3319.5380068868562,5249.921521761278
1789159754.976635,62.90562799999998,44.06779661016947,-91.52542372881356,301227.0,224962.0,3461.1269988803247,4824.601271166513
1789159755.0384352,62.96742670000003,50.847457627118644,-91.52542372881356,301416.0,225318.0,3000.183540639991,5912.126388908217
1789159755.1014242,63.03041699999994,57.627118644067764,-91.52542372881356,301593.0,225677.0,2707.1020999353664,5713.040145967494
1789159755.1648538,63.093846199999916,64.40677966101691,-91.52542372881356,301739.0,226056.0,2268.929353461657,6068.485651718876
1789159755.2255576,63.15455040000006,71.18644067796606,-91.52542372881356,301870.0,226399.0,2194.6788033761786,5720.556225193645
1789159755.2872984,63.216290899999876,77.96610169491527,-91.52542372881356,301975.0,226828.0,1655.7572659782297,6928.984210887157
1789159755.3486335,63.27762589999975,84.74576271186442,-91.52542372881356,302095.0,227190.0,1830.209834445657,5881.548108752548
1789159755.4093804,63.338371499999994,91.52542372881356,-91.52542372881356,302207.0,227545.0,1868.839791909449,5822.154736333284
1789159755.470473,63.399465599999985,98.30508474576271,-91.52542372881356,302292.0,227942.0,1422.9952428787367,6592.610872071109
1789159755.5315032,63.46049499999981,105.08474576271186,-91.52542372881356,302382.0,228339.0,1483.1095267340759,6557.845738691636
1789159755.593455,63.52244759999985,111.86440677966101,-91.52542372881356,302474.0,228742.0,1521.6525854904553,6546.644844551959
1789159755.6545134,63.58350560000008,118.64406779661016,-91.52542372881356,302549.0,229154.0,1181.0706584481327,6800.103791065007
1789159755.7158642,63.64485659999991,125.42372881355931,-91.52542372881356,302625.0,229530.0,1281.264180659461,6068.209522289948
1789159755.777333,63.70632499999965,132.20338983050846,-91.52542372881356,302720.0,229859.0,1581.4574996668712,5384.063173023168
1789159755.8386586,63.76765099999966,138.9830508474576,-91.52542372881356,302799.0,230249.0,1396.3855098178367,6068.90625420829
1789159755.8997052,63.82869660000006,145.76271186440675,-91.52542372881356,302924.0,230610.0,1966.3679574955768,5863.351727804993
1789159755.9617507,63.89074299999993,152.5423728813559,-91.52542372881356,303047.0,230974.0,2019.8264736715782,5862.859144816616
1789159756.0230973,63.95208969999976,159.32203389830505,-91.52542372881356,303184.0,231302.0,2223.301264434518,5282.563804296416
1789159756.0840042,64.01299659999995,166.1016949152542,-91.52542372881356,303316.0,231667.0,2283.9097657921943,5988.519307155911
1789159756.1455386,64.07453050000004,172.88135593220335,-91.52542372881356,303476.0,231993.0,2558.459914470458,5260.050453526676
1789159756.206319,64.13531139999986,179.66101694915255,-91.52542372881356,303660.0,232306.0,3072.6797201241766,4916.2875521986825
1789159756.2680252,64.19701749999967,186.4406779661017,-91.52542372881356,303854.0,232609.0,3071.412117432308,4892.830931258444
1789159756.3303285,64.25932079999984,193.22033898305085,-91.52542372881356,304076.0,232881.0,3589.2176970462147,4303.398769417656
1789159756.393712,64.32270470000003,200.0,-91.52542372881356,304328.0,233176.0,3966.1009965064572,4670.041000215396
1789159756.4564319,64.3854223999997,-200.0,-84.74576271186442,304697.0,233388.0,5965.7864864731955,3336.4884909151006
1789159756.5174704,64.44646289999991,-193.22033898305085,-84.74576271186442,305032.0,233601.0,5529.162305076995,3578.7458285287994
1789159756.5789757,64.50796719999971,-186.4406779661017,-84.74576271186442,305405.0,233791.0,5971.835820974053,3039.5571543879905
1789159756.6410565,64.57004929999994,-179.66101694915255,-84.74576271186442,305800.0,233989.0,6387.996245273219,3123.020386578018
1789159756.702015,64.63100729999996,-172.8813559322034,-84.74576271186442,306190.0,234153.0,6379.384703850584,2767.3950546281403
1789159756.7639816,64.69297419999975,-166.10169491525426,-84.74576271186442,306592.0,234304.0,6386.170491300356,2317.419208754423
1789159756.8247447,64.75373679999984,-159.32203389830508,-84.74576271186442,306985.0,234445.0,6652.4866815020405,2283.421104191241
1789159756.884794,64.81378659999973,-152.54237288135593,-84.74576271186442,307435.0,234558.0,7389.247734560423,1783.6115221352745
1789159756.9465003,64.87549249999984,-145.76271186440678,-84.74576271186442,307906.0,234688.0,7614.244658083115,2036.3677573943212
1789159757.0088992,64.93789130000005,-138.98305084745763,-84.74576271186442,308357.0,234796.0,7268.733427684472,1741.6525083449346
1789159757.069269,64.99826080000003,-132.20338983050848,-84.74576271186442,308800.0,234870.0,7466.546230642291,1238.3540089845753
1789159757.1312778,65.06027039999981,-125.42372881355932,-84.74576271186442,309347.0,234953.0,9032.89671385181,1378.7983242278692
1789159757.191346,65.12033780000002,-118.64406779661017,-84.74576271186442,309845.0,235016.0,8458.113240482362,1036.8009778655799
1789159757.251953,65.18094539999993,-111.86440677966102,-84.74576271186442,310370.0,235106.0,8734.961458127467,1494.849074277484
1789159757.3126872,65.24167910000006,-105.08474576271186,-84.74576271186442,310869.0,235191.0,8152.980877430897,1421.8222722230482
1789159757.374027,65.30301949999966,-98.30508474576271,-84.74576271186442,311362.0,235285.0,7809.925053363742,1522.5771319631149
1789159757.437141,65.3661331999997,-91.52542372881356,-84.74576271186442,311871.0,235344.0,8270.784446801828,949.6725356453038
1789159757.4985063,65.42749860000004,-84.74576271186442,-84.74576271186442,312350.0,235423.0,7751.2213507159095,1262.2401740844714
1789159757.5595813,65.48857359999965,-77.96610169491527,-84.74576271186442,312833.0,235502.0,7909.268875814076,1306.281963652551
1789159757.6209397,65.54993190000005,-71.18644067796612,-84.74576271186442,313300.0,235576.0,7598.811367067839,1269.4484872042742
1789159757.681614,65.61060520000001,-64.40677966101697,-84.74576271186442,313764.0,235651.0,7580.900452562882,1134.43403446903
1789159757.7437005,65.67269279999982,-57.62711864406779,-84.74576271186442,314238.0,235736.0,7719.082829355663,1310.448945448752
1789159757.805183,65.73417479999989,-50.847457627118644,-84.74576271186442,314653.0,235837.0,6442.018286127016,1632.6878300927974
1789159757.868501,65.7974933999999,-44.067796610169495,-84.74576271186442,315084.0,235943.0,6834.4273855367655,1704.074732733305
1789159757.9319468,65.8609392999997,-37.288135593220346,-84.74576271186442,315514.0,236070.0,6833.560833256942,2038.0795467608425
1789159757.9942412,65.92323339999984,-30.508474576271198,-84.74576271186442,315906.0,236223.0,6312.880084182876,2496.210463086639
1789159758.0556235,65.98461610000004,-23.72881355932205,-84.74576271186442,316302.0,236385.0,6352.6603330984,2594.7485867585015
1789159758.1176908,66.04668279999987,-16.9491525423729,-84.74576271186442,316651.0,236545.0,5744.479067887356,2637.402339344509
1789159758.1784039,66.10739639999974,-10.169491525423723,-84.74576271186442,317026.0,236756.0,6190.312520771547,3563.028718351065
1789159758.2418485,66.17083999999977,-3.3898305084745743,-84.74576271186442,317386.0,236946.0,5612.4397239945765,2788.4589767947737
1789159758.3059602,66.23495259999981,3.3898305084745743,-84.74576271186442,317698.0,237155.0,4696.219714507496,3325.0606737753806
1789159758.368312,66.29730249999966,10.169491525423723,-84.74576271186442,318002.0,237393.0,4926.949524585811,3895.3138840588176
1789159758.4319522,66.36094449999973,16.94915254237287,-84.74576271186442,318258.0,237661.0,3848.876609146316,4175.343821529262
1789159758.4940526,66.42304459999968,23.72881355932202,-84.74576271186442,318499.0,237941.0,3736.8940510112557,4469.96896053978
1789159758.5560982,66.48509079999985,30.50847457627117,-84.74576271186442,318711.0,238231.0,3342.475296493455,4661.873439846135
1789159758.6175067,66.54649829999971,37.28813559322032,-84.74576271186442,318917.0,238524.0,3378.6066626088796,4801.177888970513
1789159758.6792035,66.60819569999967,44.06779661016947,-84.74576271186442,319086.0,238804.0,2772.274430449298,4573.3699202953385
1789159758.7402272,66.6692192999999,50.847457627118644,-84.74576271186442,319254.0,239165.0,2701.3730488889073,5778.433740338523
1789159758.8016036,66.73059579999972,57.627118644067764,-84.74576271186442,319405.0,239507.0,2477.740443316234,5632.848777611007
1789159758.8623333,66.79132519999985,64.40677966101691,-84.74576271186442,319542.0,239909.0,2302.96596828416,6746.970610207501
1789159758.9243836,66.85337589999972,71.18644067796606,-84.74576271186442,319653.0,240251.0,1757.51557598215,5501.02375282413
1789159758.9850445,66.91403649999984,77.96610169491527,-84.74576271186442,319774.0,240605.0,1961.5712005281284,5848.721469464603
1789159759.0458152,66.97480730000007,84.74576271186442,-84.74576271186442,319876.0,240962.0,1617.9513500007615,5698.784199447126
1789159759.1071315,67.03612359999988,91.52542372881356,-84.74576271186442,319962.0,241336.0,1323.7451253965955,6243.068226532592
1789159759.168504,67.09749609999972,98.30508474576271,-84.74576271186442,320048.0,241703.0,1246.052683101863,6087.857394583389
1789159759.229935,67.1589254999999,105.08474576271186,-84.74576271186442,320134.0,242086.0,1411.8185294963685,6219.149978034636
1789159759.2915926,67.22058449999986,111.86440677966101,-84.74576271186442,320220.0,242501.0,1288.0603957191602,6708.647894370626
1789159759.352315,67.28130680000004,118.64406779661016,-84.74576271186442,320308.0,242888.0,1475.157095239954,6386.350839148581
1789159759.4143422,67.34333389999983,125.42372881355931,-84.74576271186442,320402.0,243274.0,1563.36182516367,6130.486258226077
1789159759.4747767,67.40376839999999,132.20338983050846,-84.74576271186442,320494.0,243666.0,1591.1186649174483,6653.768962382056
1789159759.5388093,67.46780039999976,138.9830508474576,-84.74576271186442,320590.0,244034.0,1515.8405335700922,5960.009370627862
1789159759.6029406,67.5319328999999,145.76271186440675,-84.74576271186442,320700.0,244391.0,1704.8554282551647,5591.92580467694
1789159759.666315,67.59530679999989,152.5423728813559,-84.74576271186442,320828.0,244765.0,2050.86880609309,5898.516477701364
1789159759.7280152,67.65700749999996,159.32203389830505,-84.74576271186442,320981.0,245106.0,2509.084308798848,5427.451873642898
1789159759.7907429,67.71973459999981,166.1016949152542,-84.74576271186442,321150.0,245420.0,2735.2346491622757,5023.535532121565
1789159759.8544078,67.7833999999998,172.88135593220335,-84.74576271186442,321301.0,245718.0,2397.8690242160865,4813.113910926492
1789159759.9148567,67.8438486,179.66101694915255,-84.74576271186442,321440.0,245951.0,2116.3944597444706,3834.834405690836
1789159759.977304,67.90629629999967,186.4406779661017,-84.74576271186442,321631.0,246169.0,3174.44081343892,3597.6995885641095
1789159760.0379136,67.96690559999979,193.22033898305085,-84.74576271186442,321891.0,246450.0,4263.1343210945915,4586.916674595447
1789159760.0996048,68.02859699999999,200.0,-84.74576271186442,322171.0,246690.0,4659.336921445039,3791.2475330389284
1789159760.1606603,68.08965219999982,-200.0,-77.96610169491527,322509.0,246886.0,5633.621452826424,3147.674208563335
1789159760.2220411,68.15103329999965,-193.22033898305085,-77.96610169491527,322831.0,247027.0,5209.31489507736,2186.8455020290626
1789159760.2828424,68.21183369999972,-186.4406779661017,-77.96610169491527,323159.0,247203.0,5505.597357310073,2878.743716240561
1789159760.3438327,68.2728248999997,-179.66101694915255,-77.96610169491527,323539.0,247342.0,6023.164912469382,2283.4087877122734
1789159760.4052782,68.33426939999981,-172.8813559322034,-77.96610169491527,323923.0,247501.0,6157.067319655042,2572.837928962482
1789159760.466514,68.3955062,-166.10169491525426,-77.96610169491527,324375.0,247641.0,7206.622886419996,2180.0034231420486
1789159760.528345,68.45733590000009,-159.32203389830508,-77.96610169491527,324817.0,247773.0,7166.155975088535,2100.4250271811225
1789159760.590004,68.51899599999979,-152.54237288135593,-77.96610169491527,325281.0,247856.0,7606.711678920033,1386.2698854106602
1789159760.6517622,68.58075379999991,-145.76271186440678,-77.96610169491527,325776.0,247973.0,8295.664544498228,1976.839210603833
1789159760.713468,68.64246019999973,-138.98305084745763,-77.96610169491527,326227.0,248057.0,7284.397852781651,1228.9081952125523
1789159760.7737727,68.70276419999982,-132.20338983050848,-77.96610169491527,326709.0,248140.0,7962.316527402205,1393.405392295386
1789159760.8374722,68.76646409999967,-125.42372881355932,-77.96610169491527,327213.0,248220.0,7887.966812063484,1271.6983531431326
1789159760.8989499,68.82794130000002,-118.64406779661017,-77.96610169491527,327683.0,248285.0,7720.239806582652,1064.8606629769174
1789159760.9599218,68.88891379999995,-111.86440677966102,-77.96610169491527,328165.0,248351.0,7796.477720589061,1062.3376108885789
1789159761.0213265,68.95031789999985,-105.08474576271186,-77.96610169491527,328706.0,248414.0,8901.99806322635,1030.5706340661243
1789159761.0840633,69.01305490000004,-98.30508474576271,-77.96610169491527,329190.0,248481.0,7598.65145775364,1030.6216919711833
1789159761.144471,69.0734623999997,-91.52542372881356,-77.96610169491527,329688.0,248570.0,8111.052309017009,1509.4559229785018
1789159761.2061155,69.13510749999978,-84.74576271186442,-77.96610169491527,330252.0,248652.0,9229.15200490148,1407.5347652262874
1789159761.268334,69.19732399999975,-77.96610169491527,-77.96610169491527,330702.0,248729.0,7398.187268803205,1262.2499605541013
1789159761.3330579,69.26204890000008,-71.18644067796612,-77.96610169491527,331243.0,248826.0,8745.49033043474,1519.4185220553288
1789159761.3993983,69.32839039999999,-64.40677966101697,-77.96610169491527,331750.0,248939.0,7823.692749578066,1755.3156809950788
1789159761.4610481,69.39003989999992,-57.62711864406779,-77.96610169491527,332232.0,249041.0,7379.87307341739,1650.0453309115048
1789159761.5272608,69.45625299999983,-50.847457627118644,-77.96610169491527,332720.0,249175.0,7194.4450362696625,2064.920443211794
1789159761.5909142,69.51990579999983,-44.067796610169495,-77.96610169491527,333172.0,249305.0,7362.760313287811,2147.4717580422785
1789159761.656412,69.58540409999978,-37.288135593220346,-77.96610169491527,333630.0,249459.0,7089.931138209375,2269.4405746137486
1789159761.7207942,69.64978530000008,-30.508474576271198,-77.96610169491527,334032.0,249618.0,6176.520322914789,2563.166935157722
1789159761.7849844,69.71397630000001,-23.72881355932205,-77.96610169491527,334407.0,249802.0,5790.348510894686,3031.4177498213353
1789159761.8469028,69.77589439999974,-16.9491525423729,-77.96610169491527,334759.0,249994.0,5580.550504924446,3045.5945566090927
1789159761.9096162,69.83860830000003,-10.169491525423723,-77.96610169491527,335084.0,250230.0,5175.89262216753,3754.7153259113607
1789159761.971412,69.90040339999996,-3.3898305084745743,-77.96610169491527,335392.0,250425.0,4987.9235041888405,3110.747991859707
1789159762.0321493,69.96114149999994,3.3898305084745743,-77.96610169491527,335666.0,250664.0,4555.026345025688,3904.3082957363044
1789159762.0937617,70.02275289999989,10.169491525423723,-77.96610169491527,335921.0,250912.0,4141.59948569257,4015.550805693231
1789159762.156324,70.08531409999978,16.94915254237287,-77.96610169491527,336155.0,251164.0,3748.8087897164737,3976.5401647927083
1789159762.2182639,70.14725559999988,23.72881355932202,-77.96610169491527,336393.0,251432.0,3724.539419226541,4360.005860421591
1789159762.2802107,70.20920260000003,30.50847457627117,-77.96610169491527,336601.0,251749.0,3258.1076414932963,5064.232529712406
1789159762.3417177,70.27070849999973,37.28813559322032,-77.96610169491527,336781.0,252064.0,2859.060736401419,5061.070247667108
1789159762.4030156,70.3320077999997,44.06779661016947,-77.96610169491527,336945.0,252396.0,2671.950793072275,5415.6318087773625
1789159762.4638004,70.39279089999991,50.847457627118644,-77.96610169491527,337094.0,252724.0,2425.2179552284883,5299.550346610401
1789159762.52748,70.45647179999969,57.627118644067764,-77.96610169491527,337253.0,253085.0,2396.5839057953995,5842.766602450099
1789159762.588917,70.51790809999966,64.40677966101691,-77.96610169491527,337366.0,253421.0,1847.8442409495503,5632.371388278918
1789159762.650541,70.57953309999994,71.18644067796606,-77.96610169491527,337480.0,253781.0,1795.6321691945811,6009.145279086816
1789159762.7116177,70.64060849999987,77.96610169491527,-77.96610169491527,337558.0,254156.0,1250.9583234324427,6183.308284394646
1789159762.7732658,70.7022579999998,84.74576271186442,-77.96610169491527,337647.0,254543.0,1441.3167870138157,6233.695103834752
1789159762.8342566,70.7632478999999,91.52542372881356,-77.96610169491527,337726.0,254976.0,1341.972054773545,7264.542056507457
1789159762.8960671,70.82505910000009,98.30508474576271,-77.96610169491527,337809.0,255363.0,1351.514763521649,6348.562770753009
1789159762.9577951,70.88678600000003,105.08474576271186,-77.96610169491527,337896.0,255734.0,1361.169545160755,5939.64892433784
1789159763.019521,70.94851249999965,111.86440677966101,-77.96610169491527,337987.0,256107.0,1386.4300492721882,6096.737267953341
1789159763.080281,71.0092722999998,118.64406779661016,-77.96610169491527,338083.0,256453.0,1598.347775336943,5998.293898455494
1789159763.1415234,71.07051550000006,125.42372881355931,-77.96610169491527,338168.0,256830.0,1451.3502036332236,6342.9379269896435
1789159763.2029512,71.13194189999967,132.20338983050846,-77.96610169491527,338264.0,257205.0,1615.9305895677828,6250.632610196259
1789159763.26736,71.19633930000009,138.9830508474576,-77.96610169491527,338369.0,257612.0,1658.2387111568607,6325.240444618953
1789159763.329162,71.25815289999991,145.76271186440675,-77.96610169491527,338473.0,257956.0,1659.0304202678237,5506.569054505969
1789159763.3914113,71.32040299999971,152.5423728813559,-77.96610169491527,338650.0,258351.0,2744.155037744095,6367.846946560015
1789159763.4528923,71.38188330000003,159.32203389830505,-77.96610169491527,338802.0,258709.0,2485.6718771044525,5770.309714706765
1789159763.514546,71.44353759999967,166.1016949152542,-77.96610169491527,338971.0,259022.0,2845.972415423467,5211.686985744224
1789159763.575289,71.50428009999996,172.88135593220335,-77.96610169491527,339169.0,259345.0,3216.919197836227,5373.513073480625
1789159763.63798,71.56697170000007,179.66101694915255,-77.96610169491527,339395.0,259636.0,3755.97680726901,4524.641828291505
1789159763.6986828,71.62767429999985,186.4406779661017,-77.96610169491527,339590.0,259905.0,3258.056038560907,4482.077091721911
1789159763.7610822,71.6900740000001,193.22033898305085,-77.96610169491527,339840.0,260165.0,3852.3047561845383,4046.6871062672444
1789159763.8225067,71.75149819999979,200.0,-77.96610169491527,340114.0,260401.0,4528.028496405134,3853.263465568291
1789159763.8834407,71.81243240000003,-200.0,-71.18644067796612,340475.0,260564.0,6178.710649004328,2828.156186278949
1789159763.944558,71.87354849999974,-193.22033898305085,-71.18644067796612,340846.0,260726.0,6206.336544405191,2682.854414008007
1789159764.0055315,71.93452290000005,-186.4406779661017,-71.18644067796612,341228.0,260871.0,6447.604210748374,2431.3591297514818
1789159764.0666068,71.99559769999996,-179.66101694915255,-71.18644067796612,341615.0,261010.0,6322.1653684891535,2292.4565642113644
1789159764.1280222,72.05701379999982,-172.8813559322034,-71.18644067796612,342041.0,261120.0,6923.202799467244,1852.1815281691588
1789159764.1893773,72.1183688000001,-166.10169491525426,-71.18644067796612,342486.0,261246.0,7266.344389187684,2025.3380449080587
1789159764.2507062,72.17969719999974,-159.32203389830508,-71.18644067796612,342965.0,261353.0,7790.253645645944,1707.452853840207
1789159764.3118181,72.2408089999999,-152.54237288135593,-71.18644067796612,343428.0,261441.0,7659.059381831059,1463.9693923313446
1789159764.3738346,72.30282579999994,-145.76271186440678,-71.18644067796612,343909.0,261554.0,7604.629981668927,1839.2593444036474
1789159764.4359555,72.36494619999985,-138.98305084745763,-71.18644067796612,344392.0,261641.0,7623.080995243639,1358.7436033188894
1789159764.5023024,72.43129389999967,-132.20338983050848,-71.18644067796612,344924.0,261730.0,8625.531573482907,1276.5057296909165
1789159764.5676115,72.49660240000003,-125.42372881355932,-71.18644067796612,345401.0,261816.0,7412.972369205407,1246.5760710547208
1789159764.6328976,72.5618884999999,-118.64406779661017,-71.18644067796612,345970.0,261875.0,8612.583001728757,952.9580356818876
1789159764.695651,72.62464299999965,-111.86440677966102,-71.18644067796612,346490.0,261938.0,8240.66264102097,1058.757512765007
1789159764.7580543,72.68704449999996,-105.08474576271186,-71.18644067796612,347015.0,262008.0,8501.521466754368,1132.3379543457193
1789159764.8210719,72.75006389999999,-98.30508474576271,-71.18644067796612,347544.0,262090.0,8275.115495965227,1266.422287642477
1789159764.8834705,72.8124614999997,-91.52542372881356,-71.18644067796612,347965.0,262155.0,6703.456082602283,1078.9203721338765
1789159764.9477944,72.87678629999982,-84.74576271186442,-71.18644067796612,348444.0,262240.0,7123.993099922896,1407.8367316514295
1789159765.0092616,72.93825250000009,-77.96610169491527,-71.18644067796612,348938.0,262312.0,8027.719769998579,1144.2629516256327
1789159765.071429,73.00042110000004,-71.18644067796612,-71.18644067796612,349383.0,262410.0,7014.909326126661,1533.4098275704007
1789159765.13402,73.06301089999988,-64.40677966101697,-71.18644067796612,349838.0,262523.0,6940.691525988345,1801.400854073311
1789159765.1957295,73.12472109999999,-57.62711864406779,-71.18644067796612,350289.0,262635.0,7410.724758234008,1848.2383090080018
1789159765.2564108,73.1854014999999,-50.847457627118644,-71.18644067796612,350728.0,262745.0,7229.643697262291,1708.4978886565118
1789159765.317419,73.24641070000007,-44.067796610169495,-71.18644067796612,351126.0,262869.0,6371.616428685153,2069.875393499414
1789159765.3777716,73.3067630999999,-37.288135593220346,-71.18644067796612,351490.0,263041.0,5888.15050475746,2862.54701462055
1789159765.4382539,73.36724550000008,-30.508474576271198,-71.18644067796612,351848.0,263211.0,5817.230564664932,2691.824081164829
1789159765.4988568,73.42784789999996,-23.72881355932205,-71.18644067796612,352204.0,263414.0,6042.176550256528,3308.810967997622
1789159765.5599034,73.48889509999981,-16.9491525423729,-71.18644067796612,352535.0,263625.0,5540.691013542475,3324.4146081254853
1789159765.6212876,73.55027900000005,-10.169491525423723,-71.18644067796612,352845.0,263806.0,5063.561015915009,3002.6028480338127
1789159765.6829977,73.61198939999986,-3.3898305084745743,-71.18644067796612,353114.0,264068.0,4192.501260428372,4334.020290316249
1789159765.7437775,73.67276899999979,3.3898305084745743,-71.18644067796612,353387.0,264343.0,4542.67964235776,4668.366430881492
1789159765.8064349,73.7354264999999,10.169491525423723,-71.18644067796612,353641.0,264648.0,4009.8040577274605,4843.010095696803
1789159765.8674479,73.7964394999999,16.94915254237287,-71.18644067796612,353845.0,264917.0,3379.3629990295162,4452.176649515077
1789159765.9291844,73.85817589999988,23.72881355932202,-71.18644067796612,354065.0,265244.0,3374.188693122947,5388.102363363868
1789159765.9901958,73.91918709999982,30.50847457627117,-71.18644067796612,354249.0,265549.0,2989.301165835788,4958.301933751577
1789159766.05164,73.98063139999977,37.28813559322032,-71.18644067796612,354416.0,265900.0,2575.877352727509,5684.69484739864
1789159766.1130211,74.04201179999973,44.06779661016947,-71.18644067796612,354553.0,266262.0,2180.3819242857794,5951.37033432102
1789159766.1798174,74.10880849999967,50.847457627118644,-71.18644067796612,354711.0,266679.0,2518.6037289598507,6180.403476738357
1789159766.245183,74.17417440000008,57.627118644067764,-71.18644067796612,354822.0,267084.0,1586.9621868728277,6164.095231116563
1789159766.3083131,74.23730380000006,64.40677966101691,-71.18644067796612,354941.0,267501.0,1797.744809231369,6550.198908882611
1789159766.371016,74.30000749999999,71.18644067796606,-71.18644067796612,355029.0,267906.0,1334.8883611817853,6551.491562115867
1789159766.4341295,74.36311989999967,77.96610169491527,-71.18644067796612,355127.0,268273.0,1582.9131718185774,5648.1219994435605
1789159766.4960842,74.42507599999999,84.74576271186442,-71.18644067796612,355222.0,268667.0,1502.5897576329103,6310.876982058223
1789159766.5595968,74.48858699999982,91.52542372881356,-71.18644067796612,355326.0,269084.0,1604.8222262606525,6630.913814000059
1789159766.6222246,74.5512163999997,98.30508474576271,-71.18644067796612,355418.0,269513.0,1441.4465091570391,6908.39607437459
1789159766.6843252,74.61331609999979,105.08474576271186,-71.18644067796612,355514.0,269916.0,1563.8995123427535,6717.659268926827
1789159766.747494,74.67648549999967,111.86440677966101,-71.18644067796612,355611.0,270314.0,1576.3608237980118,6270.798002361322
1789159766.8094516,74.7384420999997,118.64406779661016,-71.18644067796612,355710.0,270737.0,1617.2228906431199,6859.868525145542
1789159766.8716018,74.8005932000001,125.42372881355931,-71.18644067796612,355805.0,271134.0,1534.6080575712326,6526.494037946622
1789159766.9335222,74.86251369999991,132.20338983050846,-71.18644067796612,355924.0,271494.0,1747.899871813827,5773.366243263853
1789159766.9938335,74.92282509999995,138.9830508474576,-71.18644067796612,356048.0,271830.0,2012.586826805527,5584.475159063984
1789159767.055268,74.98425889999999,145.76271186440675,-71.18644067796612,356182.0,272181.0,2134.851449912653,5728.518057265619
1789159767.1166217,75.04561329999979,152.5423728813559,-71.18644067796612,356319.0,272527.0,2254.238773982237,5760.83242239905
1789159767.1780143,75.10700479999969,159.32203389830505,-71.18644067796612,356472.0,272841.0,2434.884609579388,5154.13530494907
1789159767.2400737,75.16906500000005,166.1016949152542,-71.18644067796612,356669.0,273168.0,3166.292254084774,5200.502361457674
1789159767.3018174,75.23080739999978,172.88135593220335,-71.18644067796612,356906.0,273458.0,3907.7764751907175,4791.8887998945
1789159767.3652256,75.29421719999982,179.66101694915255,-71.18644067796612,357168.0,273778.0,4121.183757663172,5064.166481874237
1789159767.4262574,75.35524799999985,186.4406779661017,-71.18644067796612,357450.0,274032.0,4715.161387116827,4197.208052925964
1789159767.487633,75.41662409999981,193.22033898305085,-71.18644067796612,357726.0,274273.0,4450.537371094213,3824.959828972537
1789159767.5483284,75.47731939999994,200.0,-71.18644067796612,358039.0,274511.0,5216.850065938969,3993.588671167073
1789159767.6096091,75.53860069999973,-200.0,-64.40677966101697,358393.0,274666.0,5854.238361784363,2580.135448202835
1789159767.6707256,75.59971619999988,-193.22033898305085,-64.40677966101697,358792.0,274828.0,6543.7888537438375,2717.6390868007193
1789159767.7322202,75.66121159999966,-186.4406779661017,-64.40677966101697,359233.0,274976.0,7145.141036131595,2518.662215236387
1789159767.7931256,75.72211599999991,-179.66101694915255,-64.40677966101697,359655.0,275120.0,7008.986522014309,2306.52872790777
1789159767.8545244,75.78351479999992,-172.8813559322034,-64.40677966101697,360092.0,275231.0,7044.860023593916,1680.7534066442338
1789159767.9155788,75.84456909999972,-166.10169491525426,-64.40677966101697,360534.0,275335.0,7402.908696312335,1706.9813741496891
1789159767.9792814,75.90827279999985,-159.32203389830508,-64.40677966101697,361043.0,275449.0,8006.544177530698,1788.8808032226939
1789159768.0407534,75.96974389999968,-152.54237288135593,-64.40677966101697,361525.0,275541.0,7806.484349771795,1508.070840296824
1789159768.1024072,76.03139809999993,-145.76271186440678,-64.40677966101697,361965.0,275624.0,7078.722183396367,1197.6625916352439
1789159768.1637423,76.0927330999998,-138.98305084745763,-64.40677966101697,362486.0,275705.0,8466.90347904844,1280.7080892678312
1789159768.2251072,76.15409839999984,-132.20338983050848,-64.40677966101697,363002.0,275789.0,8241.338047838819,1439.5350301901865
1789159768.2873077,76.21629819999998,-125.42372881355932,-64.40677966101697,363501.0,275878.0,8151.230748206558,1402.3622792613432
1789159768.3488917,76.2778828999999,-118.64406779661017,-64.40677966101697,364027.0,275958.0,8377.08330722591,1342.4812992349216
1789159768.4102716,76.33926199999996,-111.86440677966102,-64.40677966101697,364553.0,276033.0,8711.312439190378,1280.0295829014433
1789159768.47229,76.40128099999993,-105.08474576271186,-64.40677966101697,365025.0,276124.0,7534.862002411199,1521.1223760736223
1789159768.5323412,76.46133199999986,-98.30508474576271,-64.40677966101697,365496.0,276192.0,7453.167140441847,1056.9283475443206
1789159768.5940435,76.52303439999969,-91.52542372881356,-64.40677966101697,365968.0,276267.0,7752.451511327202,1181.6669740129223
1789159768.6555052,76.58449549999978,-84.74576271186442,-64.40677966101697,366420.0,276350.0,7324.210069761291,1404.3995036678205
1789159768.7174907,76.64648099999977,-77.96610169491527,-64.40677966101697,366890.0,276450.0,7648.101936700517,1654.1243723561583
1789159768.7785604,76.70755099999997,-71.18644067796612,-64.40677966101697,367332.0,276566.0,7247.341142968391,1978.182445971521
1789159768.8432975,76.77228829999967,-64.40677966101697,-64.40677966101697,367787.0,276698.0,7570.146096543661,2118.916491137819
1789159768.9074385,76.83642999999984,-57.62711864406779,-64.40677966101697,368226.0,276816.0,6933.6785975721305,1856.9311231827082
1789159768.9698021,76.89879259999998,-50.847457627118644,-64.40677966101697,368628.0,276948.0,6662.735533948502,2048.7021026846996
1789159769.032774,76.96176530000002,-44.067796610169495,-64.40677966101697,369001.0,277098.0,5790.85115082026,2434.592075419929
1789159769.0961845,77.02517480000006,-37.288135593220346,-64.40677966101697,369349.0,277285.0,5282.545012779098,2756.8837608779804
1789159769.158262,77.08725370000002,-30.508474576271198,-64.40677966101697,369691.0,277465.0,5464.123344173726,2811.636283895218
1789159769.2196994,77.14868949999982,-23.72881355932205,-64.40677966101697,370061.0,277651.0,6166.585112504125,2983.2447151937363
1789159769.28271,77.21170159999974,-16.9491525423729,-64.40677966101697,370364.0,277874.0,4816.667779996044,3744.3439311648085
1789159769.3447402,77.27373089999992,-10.169491525423723,-64.40677966101697,370669.0,278106.0,5042.165105669011,3799.6315617720043
1789159769.4061222,77.3351131999998,-3.3898305084745743,-64.40677966101697,370958.0,278336.0,4643.665399898503,3754.0743271210117
1789159769.4668283,77.39581929999986,3.3898305084745743,-64.40677966101697,371230.0,278613.0,4408.441175198772,4642.358462046054
1789159769.528588,77.45757950000007,10.169491525423723,-64.40677966101697,371445.0,278919.0,3374.2423412783533,4822.8699432931435
1789159769.5896301,77.51862119999987,16.94915254237287,-64.40677966101697,371638.0,279213.0,3090.4170276411546,4590.966335859982
1789159769.6520145,77.58100609999974,23.72881355932202,-64.40677966101697,371813.0,279530.0,2685.0914247216806,4984.0912720324
1789159769.7126803,77.64167090000001,30.50847457627117,-64.40677966101697,371982.0,279853.0,2789.9073750752545,5165.828494494181
1789159769.7754178,77.7044090999998,37.28813559322032,-64.40677966101697,372141.0,280243.0,2523.9688165493167,6132.177758517706
1789159769.8375318,77.76652209999975,44.06779661016947,-64.40677966101697,372252.0,280577.0,1791.6708384478382,5252.054712704938
1789159769.9011998,77.83019109999987,50.847457627118644,-64.40677966101697,372387.0,280978.0,2060.3829565211504,6301.3378753605175
1789159769.9615812,77.89057169999978,57.627118644067764,-64.40677966101697,372487.0,281323.0,1520.6179501704396,5702.317313139149
1789159770.0229568,77.95194779999974,64.40677966101691,-64.40677966101697,372590.0,281653.0,1734.8814914990023,5437.154365110276
1789159770.0833385,78.01232869999967,71.18644067796606,-64.40677966101697,372685.0,282057.0,1592.1723019872254,6802.918017581781
1789159770.1443374,78.07332869999982,77.96610169491527,-64.40677966101697,372792.0,282459.0,1817.9592777129435,6641.851222535407
1789159770.2064552,78.13544569999976,84.74576271186442,-64.40677966101697,372870.0,282917.0,1334.7359769350078,7341.047873142543
1789159770.2681408,78.19713189999993,91.52542372881356,-64.40677966101697,372936.0,283294.0,1067.3098987694273,6065.877924672911
1789159770.3288035,78.25779469999998,98.30508474576271,-64.40677966101697,373026.0,283647.0,1493.0528072958755,5828.302524865827
1789159770.3894997,78.31849069999998,105.08474576271186,-64.40677966101697,373102.0,284047.0,1332.697000524818,6465.381394437968
1789159770.450632,78.37962259999995,111.86440677966101,-64.40677966101697,373198.0,284409.0,1606.5031246552387,5854.811387632425
1789159770.512911,78.44190189999972,118.64406779661016,-64.40677966101697,373304.0,284812.0,1825.761494678918,6318.566741388805
1789159770.5755825,78.50457340000003,125.42372881355931,-64.40677966101697,373425.0,285184.0,1981.10650010189,5891.185118724042
1789159770.638791,78.56778149999991,132.20338983050846,-64.40677966101697,373559.0,285532.0,2086.966364460289,5465.022089984994
1789159770.7024662,78.63145769999983,138.9830508474576,-64.40677966101697,373676.0,285882.0,1769.8658854017729,5429.879803756896
1789159770.7658947,78.69488479999973,145.76271186440675,-64.40677966101697,373857.0,286199.0,2861.1848484373395,4998.242667331896
1789159770.829358,78.7583494999999,152.5423728813559,-64.40677966101697,374044.0,286511.0,2933.150360619733,4940.961619377288
1789159770.8903954,78.81938579999996,159.32203389830505,-64.40677966101697,374223.0,286841.0,2981.6013380939244,5308.704821484304
1789159770.9546278,78.88361929999974,166.1016949152542,-64.40677966101697,374435.0,287142.0,3339.9961090807983,4717.314092206901
1789159771.016861,78.94585079999979,172.88135593220335,-64.40677966101697,374668.0,287419.0,3884.503159512124,4421.531246080621
1789159771.079252,79.00824349999994,179.66101694915255,-64.40677966101697,374931.0,287712.0,4273.677852985956,4520.915414728945
1789159771.1402557,79.0692455999997,186.4406779661017,-64.40677966101697,375201.0,287957.0,4387.80262800657,3902.2670913009247
1789159771.2023468,79.13133769999968,193.22033898305085,-64.40677966101697,375461.0,288247.0,4111.813080157502,4641.231073310828
1789159771.263366,79.19235589999971,200.0,-64.40677966101697,375824.0,288500.0,5838.8373749830525,4017.5486525112747
1789159771.326013,79.25500429999965,-200.0,-57.62711864406779,376230.0,288626.0,6447.543381124568,1922.0319022322562
1789159771.3865097,79.31549949999999,-193.22033898305085,-57.62711864406779,376640.0,288760.0,6723.697599890172,2187.0091655556744
1789159771.4487703,79.3777611999999,-186.4406779661017,-57.62711864406779,377081.0,288889.0,7085.764119672081,2039.5747838262068
1789159771.509291,79.43828129999974,-179.66101694915255,-57.62711864406779,377542.0,289017.0,7795.582503227025,2075.212934886824
1789159771.5716493,79.50064029999976,-172.8813559322034,-57.62711864406779,377986.0,289124.0,7402.391919783824,1648.874029525307
1789159771.6322832,79.56127349999997,-166.10169491525426,-57.62711864406779,378429.0,289212.0,7339.5287590909165,1475.1013682486646
1789159771.6932452,79.62223640000002,-159.32203389830508,-57.62711864406779,378897.0,289308.0,7783.414251870984,1542.1683249627824
1789159771.7543662,79.68335660000002,-152.54237288135593,-57.62711864406779,379379.0,289391.0,7912.692458850477,1303.8974029256995
1789159771.8157,79.74469090000002,-145.76271186440678,-57.62711864406779,379877.0,289472.0,8281.432777306318,1305.71186337659
1789159771.8760507,79.80504109999993,-138.98305084745763,-57.62711864406779,380311.0,289559.0,7179.85723686083,1486.7381147035053
1789159771.9371016,79.86609270000008,-132.20338983050848,-57.62711864406779,380827.0,289644.0,8296.022228308782,1349.6782367096719
1789159771.999265,79.92825539999967,-125.42372881355932,-57.62711864406779,381275.0,289717.0,7241.21848843245,1209.7919508519103
1789159772.0609438,79.98993470000005,-118.64406779661017,-57.62711864406779,381776.0,289784.0,8029.2988937885475,1126.605412714206
1789159772.1215763,80.05056719999993,-111.86440677966102,-57.62711864406779,382269.0,289847.0,8188.7405716878,1007.8449934384985
1789159772.1829376,80.11192809999966,-105.08474576271186,-57.62711864406779,382789.0,289924.0,8299.595861271033,1297.3672331323028
1789159772.2430475,80.17203749999999,-98.30508474576271,-57.62711864406779,383271.0,290002.0,8316.33367972443,1237.4413352762826
1789159772.3050234,80.23401389999981,-91.52542372881356,-57.62711864406779,383763.0,290085.0,7798.562073315979,1264.1504730717684
1789159772.3671234,80.29611350000005,-84.74576271186442,-57.62711864406779,384245.0,290171.0,7858.124808768576,1423.9555022600775
1789159772.428858,80.35784839999997,-77.96610169491527,-57.62711864406779,384683.0,290273.0,7050.357667991889,1616.0769465674102
1789159772.4905944,80.41958429999977,-71.18644067796612,-57.62711864406779,385135.0,290398.0,7275.6052504524505,1987.4824098796937
1789159772.552545,80.48153559999992,-64.40677966101697,-57.62711864406779,385518.0,290516.0,6123.36978706805,1844.1727721286818
1789159772.613266,80.54225670000005,-57.62711864406779,-57.62711864406779,385958.0,290663.0,7287.803456009272,2465.256971538939
1789159772.6763232,80.6053136999999,-50.847457627118644,-57.62711864406779,386359.0,290814.0,6298.423604775693,2379.8021006680888
1789159772.7397673,80.66875839999966,-44.067796610169495,-57.62711864406779,386762.0,290971.0,6363.7891819075985,2470.0421622498498
1789159772.802154,80.73114469999973,-37.288135593220346,-57.62711864406779,387120.0,291164.0,5755.868930595926,3163.9403748927916
1789159772.863959,80.79295039999988,-30.508474576271198,-57.62711864406779,387451.0,291361.0,5201.510024781565,3261.963913846066
1789159772.9262152,80.85520589999987,-23.72881355932205,-57.62711864406779,387775.0,291592.0,5250.627557885352,3704.2098524807625
1789159772.987423,80.91641419999996,-16.9491525423729,-57.62711864406779,388049.0,291826.0,4635.7627701859155,3744.2699297655467
1789159773.051143,80.9801322999997,-10.169491525423723,-57.62711864406779,388344.0,292071.0,4744.147243993062,3920.634892205587
1789159773.1144183,81.0434092999999,-3.3898305084745743,-57.62711864406779,388596.0,292386.0,3918.137285910907,4937.204382694909
1789159773.175771,81.10476179999978,3.3898305084745743,-57.62711864406779,388828.0,292678.0,3757.691246008013,4701.566298322822
1789159773.2368236,81.16581459999998,10.169491525423723,-57.62711864406779,389037.0,292957.0,3502.3828711998995,4556.671592632522
1789159773.2972798,81.22627029999967,16.94915254237287,-57.62711864406779,389215.0,293261.0,2891.41124361885,5078.040996605606
1789159773.3585691,81.28756010000006,23.72881355932202,-57.62711864406779,389387.0,293599.0,2721.3594702490445,5602.7989093362685
1789159773.4192605,81.34825120000005,30.50847457627117,-57.62711864406779,389524.0,293938.0,2199.212609794679,5498.031524486697
1789159773.4806592,81.40965019999976,37.28813559322032,-57.62711864406779,389697.0,294270.0,2772.140696793131,5366.580066868754
1789159773.5410154,81.4700058999997,44.06779661016947,-57.62711864406779,389838.0,294644.0,2261.853924047517,6188.432336194007
1789159773.6020272,81.53101799999968,50.847457627118644,-57.62711864406779,389957.0,295026.0,1950.5421254376743,6066.364958930015
1789159773.6636243,81.59261389999983,57.627118644067764,-57.62711864406779,390064.0,295404.0,1737.188236760311,6186.517292136209
1789159773.7254477,81.65443849999974,64.40677966101691,-57.62711864406779,390153.0,295831.0,1449.5476874418591,6889.825427964392
1789159773.7875597,81.71654970000009,71.18644067796606,-57.62711864406779,390252.0,296215.0,1649.7450792773082,6283.071684907195
1789159773.848904,81.77789480000001,77.96610169491527,-57.62711864406779,390335.0,296590.0,1413.248037553669,5921.3303851932205
1789159773.9099438,81.83893420000004,84.74576271186442,-57.62711864406779,390430.0,296967.0,1590.0722321542457,6235.2270676610315
1789159773.970947,81.89993779999986,91.52542372881356,-57.62711864406779,390509.0,297337.0,1270.0070834227404,6063.836637750831
1789159774.0313785,81.96036890000005,98.30508474576271,-57.62711864406779,390603.0,297709.0,1590.940318043418,6345.682404923179
1789159774.0933638,82.02235470000005,105.08474576271186,-57.62711864406779,390686.0,298085.0,1363.522066032347,6180.119494094664
1789159774.1544719,82.08346170000004,111.86440677966101,-57.62711864406779,390788.0,298447.0,1660.6579419639988,5874.800676410276
1789159774.21727,82.14626079999971,118.64406779661016,-57.62711864406779,390910.0,298800.0,1911.9385653745055,5700.734254557012
1789159774.2792802,82.20826989999978,125.42372881355931,-57.62711864406779,391027.0,299154.0,1855.5859321895884,5690.463525381404
1789159774.3425994,82.27159019999999,132.20338983050846,-57.62711864406779,391155.0,299510.0,2104.3880839569197,5495.757310168485
1789159774.4033604,82.33234999999968,138.9830508474576,-57.62711864406779,391299.0,299828.0,2353.824785591783,5138.884646406488
1789159774.4647102,82.39370039999994,145.76271186440675,-57.62711864406779,391488.0,300131.0,3111.115084441709,4988.512118156533
1789159774.5254123,82.45440259999987,152.5423728813559,-57.62711864406779,391662.0,300420.0,2900.794636417763,4967.610814865418
1789159774.5857396,82.51472999999987,159.32203389830505,-57.62711864406779,391867.0,300702.0,3438.360155564945,4668.931158609242
1789159774.6472025,82.57619189999969,166.1016949152542,-57.62711864406779,392079.0,300964.0,3530.9919958188566,4311.713844140614
1789159774.7085335,82.63752369999975,172.88135593220335,-57.62711864406779,392328.0,301228.0,4065.906750477066,4296.722417534716
1789159774.7704113,82.69940169999973,179.66101694915255,-57.62711864406779,392605.0,301476.0,4504.991850228969,4026.114763787307
1789159774.8343034,82.76329339999984,186.4406779661017,-57.62711864406779,392902.0,301698.0,4716.132051694969,3294.0922345808376
1789159774.8973975,82.82638829999996,193.22033898305085,-57.62711864406779,393199.0,301919.0,4698.886940221323,3563.4681628444237
1789159774.9599087,82.88889819999986,200.0,-57.62711864406779,393550.0,302105.0,5651.566610685605,2950.976236592167
1789159775.02381,82.95280049999974,-200.0,-50.847457627118644,393999.0,302262.0,7192.590760768195,2455.581833579456
1789159775.087273,83.0162636,-193.22033898305085,-50.847457627118644,394437.0,302389.0,6820.204144357353,2006.9871570634918
1789159775.1492462,83.07823689999987,-186.4406779661017,-50.847457627118644,394884.0,302494.0,7260.42785542225,1705.2336609587367
1789159775.2113564,83.14034679999986,-179.66101694915255,-50.847457627118644,395314.0,302610.0,6819.533422833932,1798.3625997551621
1789159775.274387,83.2033778,-172.8813559322034,-50.847457627118644,395811.0,302722.0,7726.773009206626,1763.156257134398
1789159775.3372004,83.26619009999968,-166.10169491525426,-50.847457627118644,396285.0,302818.0,7539.840197769245,1606.8511896885277
1789159775.3992064,83.32819729999983,-159.32203389830508,-50.847457627118644,396755.0,302886.0,7399.541441888297,1102.8162725891214
1789159775.4595935,83.38858320000008,-152.54237288135593,-50.847457627118644,397185.0,302966.0,6904.85400392321,1283.3629169595495
1789159775.5216095,83.45060019999983,-145.76271186440678,-50.847457627118644,397672.0,303046.0,7881.053410243949,1271.7154366530008
1789159775.5826488,83.5116395,-138.98305084745763,-50.847457627118644,398173.0,303129.0,8302.690322186814,1377.8171439835878
1789159775.642679,83.57166959999995,-132.20338983050848,-50.847457627118644,398681.0,303207.0,8754.47961806235,1346.8430181634385
1789159775.7033782,83.63236899999993,-125.42372881355932,-50.847457627118644,399204.0,303278.0,8454.08890107221,1205.1573539826343
1789159775.7640414,83.69303219999983,-118.64406779661017,-50.847457627118644,399714.0,303352.0,8598.328542514324,1187.216911727919
1789159775.8241363,83.75312619999977,-111.86440677966102,-50.847457627118644,400216.0,303424.0,8435.682023973775,1184.2750141647848
1789159775.8864477,83.81543809999994,-105.08474576271186,-50.847457627118644,400738.0,303501.0,8438.729549249565,1213.067372704625
1789159775.9482937,83.87728319999997,-98.30508474576271,-50.847457627118644,401212.0,303593.0,7730.9897961912375,1482.6555773517441
1789159776.0112715,83.94026189999977,-91.52542372881356,-50.847457627118644,401709.0,303677.0,7918.403733726421,1398.3935953600744
1789159776.0719805,84.00097030000006,-84.74576271186442,-50.847457627118644,402162.0,303774.0,7495.443417474194,1617.721600893711
1789159776.134037,84.06302749999986,-77.96610169491527,-50.847457627118644,402653.0,303889.0,7722.812871141698,1926.2851326188677
1789159776.1954558,84.12444529999993,-71.18644067796612,-50.847457627118644,403063.0,304019.0,6736.244907851067,2115.0742586656384
1789159776.2564578,84.18544810000003,-64.40677966101697,-50.847457627118644,403456.0,304168.0,6347.523293769818,2452.4521816837932
1789159776.316501,84.24549099999967,-57.62711864406779,-50.847457627118644,403796.0,304313.0,5703.331984958044,2423.4605559086895
1789159776.378492,84.30748249999988,-50.847457627118644,-50.847457627118644,404126.0,304484.0,5165.389765792889,2741.9021017051296
1789159776.43997,84.36895980000008,-44.067796610169495,-50.847457627118644,404456.0,304667.0,5322.281910630323,3015.9597493571832
1789159776.502261,84.43125119999968,-37.288135593220346,-50.847457627118644,404812.0,304889.0,5567.722059289536,3623.438165569381
1789159776.5637386,84.49272780000001,-30.508474576271198,-50.847457627118644,405103.0,305127.0,4579.29908323156,3780.5841268539625
1789159776.627535,84.55652519999967,-23.72881355932205,-50.847457627118644,405401.0,305375.0,4724.007613554365,3827.480621200982
1789159776.6892526,84.61824209999986,-16.9491525423729,-50.847457627118644,405683.0,305616.0,4625.846964224467,3792.8400396323223
1789159776.7516918,84.68068119999998,-10.169491525423723,-50.847457627118644,405931.0,305864.0,3921.3077561523214,3973.8252707436473
1789159776.8134696,84.74245919999976,-3.3898305084745743,-50.847457627118644,406165.0,306175.0,3636.3506725501093,5062.370544138387
1789159776.8759758,84.80496619999985,3.3898305084745743,-50.847457627118644,406392.0,306465.0,3533.562661566215,4540.6280201125865
1789159776.9377067,84.86669630000006,10.169491525423723,-50.847457627118644,406584.0,306773.0,3087.5578475956627,5081.238057757433
1789159776.9990857,84.92807589999984,16.94915254237287,-50.847457627118644,406747.0,307084.0,2592.753522123052,5060.339632833267
1789159777.060442,84.98943109999982,23.72881355932202,-50.847457627118644,406880.0,307446.0,2108.0463055557366,5841.789338277337
1789159777.12588,85.05486969999993,30.50847457627117,-50.847457627118644,407031.0,307837.0,2540.1652368443833,5963.082931882914
1789159777.1879582,85.11694790000001,37.28813559322032,-50.847457627118644,407124.0,308205.0,1500.8864058457057,6109.490546148402
1789159777.2563899,85.18538009999975,44.06779661016947,-50.847457627118644,407262.0,308588.0,2079.4016914752315,5713.98616060841
1789159777.322812,85.2518027000001,50.847457627118644,-50.847457627118644,407362.0,308996.0,1590.8393891874668,6117.351465638403
1789159777.385573,85.3145626999999,57.627118644067764,-50.847457627118644,407460.0,309376.0,1411.8260987709907,6058.342373207162
1789159777.4489284,85.37791900000002,64.40677966101691,-50.847457627118644,407551.0,309791.0,1467.3109024675282,6577.005339295627
1789159777.5110698,85.44005919999972,71.18644067796606,-50.847457627118644,407643.0,310144.0,1499.887056698879,5547.775016946455
1789159777.574064,85.50305479999997,77.96610169491527,-50.847457627118644,407735.0,310511.0,1408.9517750985074,5776.702277903881
1789159777.63656,85.56554920000008,84.74576271186442,-50.847457627118644,407821.0,310883.0,1374.0896656042696,6049.563592725291
1789159777.6986015,85.62759229999983,91.52542372881356,-50.847457627118644,407917.0,311317.0,1457.2441026026047,6930.795122134339
1789159777.7599473,85.68893690000004,98.30508474576271,-50.847457627118644,408004.0,311722.0,1438.4479147018294,6401.093220423141
1789159777.8216128,85.75060319999966,105.08474576271186,-50.847457627118644,408097.0,312100.0,1557.0051810670807,6120.641056608524
1789159777.8823743,85.81136329999981,111.86440677966101,-50.847457627118644,408193.0,312440.0,1580.6471313005402,5586.150657209864
1789159777.9446876,85.87367790000008,118.64406779661016,-50.847457627118644,408310.0,312774.0,1951.3224164824744,5326.5828125602675
1789159778.0050392,85.93402930000002,125.42372881355931,-50.847457627118644,408434.0,313087.0,2044.8861559423256,4994.589195044972
1789159778.0667539,85.99574419999999,132.20338983050846,-50.847457627118644,408576.0,313411.0,2335.2788092870746,5342.834851550731
1789159778.1271358,86.05612599999995,138.9830508474576,-50.847457627118644,408737.0,313676.0,2751.4549223005192,4398.707540256752
1789159778.1881828,86.11717309999995,145.76271186440675,-50.847457627118644,408919.0,313979.0,3057.0980094796596,5095.163349132767
1789159778.2496006,86.1785903,152.5423728813559,-50.847457627118644,409127.0,314284.0,3301.665743624941,4828.242377774108
1789159778.3117006,86.24068929999976,159.32203389830505,-50.847457627118644,409324.0,314553.0,3214.4975615907624,4404.394449030437
1789159778.3730023,86.30199229999971,166.1016949152542,-50.847457627118644,409574.0,314825.0,4018.385000404213,4427.335686286057
1789159778.4343483,86.36333869999999,172.88135593220335,-50.847457627118644,409854.0,315063.0,4625.223478344915,3878.0719933815053
1789159778.4954882,86.42447739999989,179.66101694915255,-50.847457627118644,410138.0,315290.0,4695.900282662863,3749.5781724684457
1789159778.556735,86.48572549999972,186.4406779661017,-50.847457627118644,410450.0,315510.0,5100.798946168351,3597.405572560837
1789159778.6178608,86.54685040000004,193.22033898305085,-50.847457627118644,410793.0,315720.0,5589.32563802256,3357.1668368953397
1789159778.6808546,86.6098449000001,200.0,-50.847457627118644,411147.0,315910.0,5622.814570105669,2951.977649305476
1789159778.7423477,86.67133699999977,-200.0,-44.067796610169495,411552.0,316025.0,6784.814803014493,1864.9360060641932
1789159778.8050292,86.73401960000001,-193.22033898305085,-44.067796610169495,411998.0,316139.0,7101.243954235427,1854.8025253599997
1789159778.8657467,86.79473689999986,-186.4406779661017,-44.067796610169495,412492.0,316226.0,7965.204820883074,1510.332291092953
1789159778.927393,86.85638309999968,-179.66101694915255,-44.067796610169495,412946.0,316328.0,7538.141936470785,1645.6507044408052
1789159778.9881272,86.91711739999982,-172.8813559322034,-44.067796610169495,413402.0,316404.0,7279.341588036136,1204.2367565393113
1789159779.0494845,86.97847439999987,-166.10169491525426,-44.067796610169495,413856.0,316491.0,7435.023585710737,1422.971021188658
1789159779.1112947,87.04028389999985,-159.32203389830508,-44.067796610169495,414372.0,316571.0,8446.154442926592,1304.8338805356323
1789159779.1725724,87.1015626999997,-152.54237288135593,-44.067796610169495,414838.0,316643.0,7566.677995760226,1162.7282972208384
1789159779.2339334,87.16292309999972,-145.76271186440678,-44.067796610169495,415323.0,316721.0,8023.997267205898,1263.2013436177801
1789159779.295279,87.22426929999983,-138.98305084745763,-44.067796610169495,415849.0,316796.0,8736.110390096483,1235.2287231898715
1789159779.3570826,87.28607220000004,-132.20338983050848,-44.067796610169495,416336.0,316874.0,8031.334560693285,1306.1950714094573
1789159779.418407,87.34739679999984,-125.42372881355932,-44.067796610169495,416843.0,316948.0,8232.16126446244,1270.616195167029
1789159779.4798822,87.4088711999998,-118.64406779661017,-44.067796610169495,417347.0,317018.0,8156.462223191979,1099.3492561693538
1789159779.5459194,87.47490949999974,-111.86440677966102,-44.067796610169495,417882.0,317111.0,8293.622847505427,1429.9349737078323
1789159779.6096017,87.53859229999989,-105.08474576271186,-44.067796610169495,418392.0,317195.0,8105.536837302072,1356.6470553958975
1789159779.6717386,87.6007282999999,-98.30508474576271,-44.067796610169495,418809.0,317289.0,6720.0152391302545,1552.1295040510824
1789159779.7357378,87.66472799999974,-91.52542372881356,-44.067796610169495,419242.0,317386.0,6982.48359722109,1547.8411915022123
1789159779.7964807,87.72547050000003,-84.74576271186442,-44.067796610169495,419672.0,317509.0,6997.485222516874,2050.676903256873
1789159779.8578262,87.78681669999969,-77.96610169491527,-44.067796610169495,420104.0,317636.0,7076.650077404256,2115.882812088207
1789159779.9187038,87.8476928,-71.18644067796612,-44.067796610169495,420487.0,317757.0,6204.753271374426,2080.206299073507
1789159779.9815612,87.91055129999995,-64.40677966101697,-44.067796610169495,420875.0,317917.0,6070.173327318852,2406.83257293109
1789159780.0423222,87.9713112999998,-57.62711864406779,-44.067796610169495,421227.0,318061.0,5826.248327677096,2283.745486466022
1789159780.1039698,88.0329598999997,-50.847457627118644,-44.067796610169495,421600.0,318230.0,5997.23232204884,2810.6432076467695
1789159780.1658401,88.09482919999982,-44.067796610169495,-44.067796610169495,421903.0,318431.0,4957.149762357234,3245.9628337143454
1789159780.2291405,88.15813069999967,-37.288135593220346,-44.067796610169495,422215.0,318631.0,4775.783105951413,3253.8302480108523
1789159780.2905881,88.21957759999987,-30.508474576271198,-44.067796610169495,422491.0,318844.0,4528.0767393727465,3480.404082027679
1789159780.351532,88.28052209999987,-23.72881355932205,-44.067796610169495,422761.0,319072.0,4194.64597548527,3798.584982091811
1789159780.412947,88.34193639999967,-16.9491525423729,-44.067796610169495,422995.0,319342.0,3837.70760932715,4477.3255442150075
1789159780.474601,88.40359089999993,-10.169491525423723,-44.067796610169495,423232.0,319623.0,3684.8082653584597,4610.460583226286
1789159780.536722,88.46571139999969,-3.3898305084745743,-44.067796610169495,423441.0,319922.0,3248.1840895330038,4775.708499205281
1789159780.5974092,88.52639939999972,3.3898305084745743,-44.067796610169495,423663.0,320240.0,3714.797760963209,5400.047476912372
1789159780.6578114,88.58680090000007,10.169491525423723,-44.067796610169495,423806.0,320572.0,2224.0705916398156,5442.644293362475
1789159780.7191904,88.6481804,16.94915254237287,-44.067796610169495,423971.0,320929.0,2575.531024407342,5848.60170125834
1789159780.7808843,88.70987379999997,23.72881355932202,-44.067796610169495,424103.0,321252.0,2030.3851552335377,5243.690357429224
1789159780.8425584,88.77154859999973,30.50847457627117,-44.067796610169495,424241.0,321598.0,2146.955527603515,5474.736595388963
1789159780.9036524,88.83264129999998,37.28813559322032,-44.067796610169495,424344.0,321945.0,1732.5450551103775,5626.306106801741
1789159780.9663162,88.89530620000005,44.06779661016947,-44.067796610169495,424440.0,322325.0,1450.5572262440164,5961.436405417482
1789159781.0277689,88.95675779999965,50.847457627118644,-44.067796610169495,424507.0,322696.0,983.8118236264468,6010.195867972475
1789159781.0904193,89.01940909999985,57.627118644067764,-44.067796610169495,424594.0,323108.0,1398.9315660122772,6749.844806009238
1789159781.1509244,89.07991349999975,64.40677966101691,-44.067796610169495,424687.0,323497.0,1498.4410796713814,6372.88796534937
1789159781.213848,89.14283829999977,71.18644067796606,-44.067796610169495,424768.0,323860.0,1327.3067706831869,5610.083284087604
1789159781.2746089,89.20359800000006,77.96610169491527,-44.067796610169495,424862.0,324255.0,1455.2641034857365,6449.874236436783
1789159781.3366652,89.2656549999997,84.74576271186442,-44.067796610169495,424948.0,324628.0,1314.9617772542824,6023.946520124347
1789159781.3983834,89.32737240000006,91.52542372881356,-44.067796610169495,425034.0,324982.0,1412.7037383633449,5527.203376346587
1789159781.4611144,89.39010409999992,98.30508474576271,-44.067796610169495,425116.0,325360.0,1342.5782802595472,6041.602261167963
1789159781.5229897,89.45197869999993,105.08474576271186,-44.067796610169495,425209.0,325699.0,1471.6129409790217,5514.115959571996
1789159781.5855174,89.51450709999972,111.86440677966101,-44.067796610169495,425304.0,326053.0,1547.7590406098232,5568.374479435341
1789159781.6461878,89.57517779999989,118.64406779661016,-44.067796610169495,425446.0,326418.0,2284.8301669657794,6134.858952246698
1789159781.706545,89.63553460000003,125.42372881355931,-44.067796610169495,425577.0,326738.0,2209.528501099404,5415.155916628866
1789159781.7680016,89.69699069999979,132.20338983050846,-44.067796610169495,425707.0,327036.0,2091.3397086399796,4790.419161671064
1789159781.8337374,89.76272699999981,138.9830508474576,-44.067796610169495,425893.0,327353.0,2886.2651194929786,4578.827998207997
1789159781.9004395,89.82942969999976,145.76271186440675,-44.067796610169495,426116.0,327671.0,3325.9513437613127,4851.0217160225975
1789159781.962625,89.89161429999967,152.5423728813559,-44.067796610169495,426344.0,327941.0,3535.171384391949,4285.056223505392
1789159782.0245614,89.95355149999978,159.32203389830505,-44.067796610169495,426621.0,328191.0,4427.874354640654,4020.509914013714
1789159782.0853233,90.0143121000001,166.1016949152542,-44.067796610169495,426881.0,328421.0,4110.903855567997,3748.7096832712573
1789159782.1487975,90.0777877999999,172.88135593220335,-44.067796610169495,427181.0,328657.0,4664.591588121363,3641.5027267861947
1789159782.2108252,90.13981399999966,179.66101694915255,-44.067796610169495,427474.0,328890.0,4699.018808725321,3759.215046980257
1789159782.273094,90.20208400000001,186.4406779661017,-44.067796610169495,427791.0,329096.0,5079.915747735602,3274.510150979395
1789159782.3355808,90.26457049999999,193.22033898305085,-44.067796610169495,428145.0,329286.0,5593.240934660582,2984.2531504419076
1789159782.3981721,90.32716189999974,200.0,-44.067796610169495,428499.0,329464.0,5646.142443609142,2761.890111734503
1789159782.459998,90.38898749999998,-200.0,-37.288135593220346,428967.0,329572.0,7740.131778855474,1787.559302276091
1789159782.5241446,90.45313420000002,-193.22033898305085,-37.288135593220346,429434.0,329676.0,7355.1468233097285,1609.9975765309314
1789159782.5843966,90.51338630000009,-186.4406779661017,-37.288135593220346,429901.0,329762.0,8041.759189151283,1412.7414791752253
1789159782.6454136,90.57440389999965,-179.66101694915255,-37.288135593220346,430320.0,329857.0,6928.34444792529,1647.0482925300432
1789159782.707569,90.63655769999968,-172.8813559322034,-37.288135593220346,430775.0,329929.0,7208.730456662923,1087.4483900562075
1789159782.769563,90.69855299999972,-166.10169491525426,-37.288135593220346,431255.0,330009.0,7608.592517818093,1235.2773734810553
1789159782.8312848,90.76027359999989,-159.32203389830508,-37.288135593220346,431717.0,330086.0,7525.265283297602,1289.540764508744
1789159782.893004,90.82199390000005,-152.54237288135593,-37.288135593220346,432222.0,330160.0,8186.971071522238,1128.6196444330437
1789159782.9537723,90.88276139999971,-145.76271186440678,-37.288135593220346,432728.0,330234.0,8303.602721139374,1186.2289601627679
1789159783.0157375,90.94472749999977,-138.98305084745763,-37.288135593220346,433249.0,330303.0,8336.799624775216,1185.9141716771537
1789159783.0764933,91.00548209999988,-132.20338983050848,-37.288135593220346,433700.0,330359.0,7368.481589622927,898.595315807674
1789159783.1392517,91.06824179999967,-125.42372881355932,-37.288135593220346,434174.0,330421.0,7552.9625271579725,1083.9899923235978
1789159783.1989005,91.12789029999976,-118.64406779661017,-37.288135593220346,434653.0,330500.0,7951.047926135537,1355.7086325668886
1789159783.2598612,91.1888512999999,-111.86440677966102,-37.288135593220346,435138.0,330571.0,7903.032136021492,1170.15282196218
1789159783.321302,91.25029069999982,-105.08474576271186,-37.288135593220346,435596.0,330670.0,7426.912429970308,1652.3991770029634
1789159783.3829634,91.31195329999991,-98.30508474576271,-37.288135593220346,436025.0,330750.0,6966.542777432343,1282.841636765035
1789159783.4444332,91.37342229999967,-91.52542372881356,-37.288135593220346,436441.0,330852.0,6599.980838780313,1667.7370936702941
1789159783.5060415,91.4350316,-84.74576271186442,-37.288135593220346,436849.0,330963.0,6710.704552794872,1869.0291194786778
1789159783.5675092,91.49649799999997,-77.96610169491527,-37.288135593220346,437221.0,331103.0,6131.97067320824,2292.823816938733
1789159783.629218,91.55820779999976,-71.18644067796612,-37.288135593220346,437623.0,331262.0,6544.467511014049,2664.2777572161017
1789159783.6906652,91.61965419999979,-64.40677966101697,-37.288135593220346,437982.0,331409.0,5816.139076662022,2358.3734670611248
1789159783.7529457,91.68193560000009,-57.62711864406779,-37.288135593220346,438325.0,331598.0,5412.672020393522,2953.974599365092
1789159783.8133197,91.7423088999999,-50.847457627118644,-37.288135593220346,438625.0,331802.0,4811.362049599414,3454.775005539429
1789159783.8767068,91.80569620000006,-44.067796610169495,-37.288135593220346,438917.0,332021.0,4639.9115810157355,3492.967145259037
1789159783.9380631,91.86705260000008,-37.288135593220346,-37.288135593220346,439232.0,332257.0,5225.774801102863,3892.66898449499
1789159784.0002012,91.92919099999972,-30.508474576271198,-37.288135593220346,439512.0,332493.0,4283.640181253016,3844.742621698403
1789159784.0605435,91.98953230000006,-23.72881355932205,-37.288135593220346,439763.0,332737.0,3996.3472301221523,3996.3472301221523
1789159784.1223223,92.05131039999969,-16.9491525423729,-37.288135593220346,439992.0,333024.0,3765.2942879305397,4529.009638784375
1789159784.183271,92.11225969999987,-10.169491525423723,-37.288135593220346,440168.0,333326.0,2841.371077704183,4807.099496241668
1789159784.2456295,92.17461939999976,-3.3898305084745743,-37.288135593220346,440341.0,333625.0,2758.7475286220315,4810.123896058926
1789159784.3063805,92.2353693,3.3898305084745743,-37.288135593220346,440506.0,333916.0,2750.616191971869,4889.9843412833225
1789159784.3681142,92.29710329999989,10.169491525423723,-37.288135593220346,440638.0,334248.0,2131.0866943801243,5274.4395685908075
1789159784.4291945,92.35818339999969,16.94915254237287,-37.288135593220346,440779.0,334589.0,2339.50713191848,5732.6854148536795
1789159784.4914446,92.42043409999997,23.72881355932202,-37.288135593220346,440893.0,334934.0,1833.4579372767582,5713.980561804266
1789159784.5532727,92.48226119999981,30.50847457627117,-37.288135593220346,440988.0,335257.0,1519.9717214579596,5213.856486396489
1789159784.6153336,92.54432319999978,37.28813559322032,-37.288135593220346,441074.0,335619.0,1385.7453000089051,5880.534542345482
1789159784.6763132,92.60530199999994,44.06779661016947,-37.288135593220346,441165.0,335963.0,1414.5588545945402,5765.670268094202
1789159784.7390168,92.66800639999974,50.847457627118644,-37.288135593220346,441254.0,336362.0,1484.6279871638042,6305.302392542745
1789159784.8004584,92.72944729999972,57.627118644067764,-37.288135593220346,441333.0,336726.0,1259.8838777418703,6068.73642517915
1789159784.8614185,92.7904080999997,64.40677966101691,-37.288135593220346,441417.0,337082.0,1267.8541025904067,5795.904468984716
1789159784.9222162,92.8512053999998,71.18644067796606,-37.288135593220346,441495.0,337446.0,1275.8563062330943,5948.006160044425
1789159784.9835248,92.91251449999982,77.96610169491527,-37.288135593220346,441581.0,337843.0,1422.414406213771,6294.183747495937
1789159785.0442615,92.97325039999987,84.74576271186442,-37.288135593220346,441687.0,338202.0,1834.0804513889511,5789.940248502376
1789159785.1048913,93.03388109999969,91.52542372881356,-37.288135593220346,441789.0,338563.0,1764.4495817522152,5977.523072874851
1789159785.167081,93.09607039999992,98.30508474576271,-37.288135593220346,441893.0,338940.0,1613.3444630706547,6085.114442233883
1789159785.2287393,93.1577285999997,105.08474576271186,-37.288135593220346,442004.0,339331.0,1825.8366627966423,6336.7272414707
1789159785.2898178,93.21880620000002,111.86440677966101,-37.288135593220346,442135.0,339645.0,2120.4524830060927,5283.16127121857
1789159785.3558419,93.28483090000009,118.64406779661016,-37.288135593220346,442295.0,339991.0,2665.786309874165,5437.49790358439
1789159785.4236946,93.35268419999966,125.42372881355931,-37.288135593220346,442457.0,340360.0,2403.326203472509,5575.716792056221
1789159785.485391,93.41437989999986,132.20338983050846,-37.288135593220346,442654.0,340688.0,2913.286564880515,5341.025368947611
1789159785.5492449,93.47823500000004,138.9830508474576,-37.288135593220346,442850.0,340992.0,3204.2226831298517,4823.561028367519
1789159785.6121914,93.5411810999999,145.76271186440675,-37.288135593220346,443114.0,341250.0,4102.371028399237,4031.334300634748
1789159785.6742,93.60318989999996,152.5423728813559,-37.288135593220346,443376.0,341495.0,4179.926517601814,3934.048487154649
1789159785.735224,93.66421339999988,159.32203389830505,-37.288135593220346,443636.0,341731.0,4206.777626462557,4043.5836668153033
1789159785.7959287,93.72491859999991,166.1016949152542,-37.288135593220346,443922.0,341947.0,4642.2916366609115,3526.702173587359
1789159785.8566105,93.78560010000001,172.88135593220335,-37.288135593220346,444173.0,342151.0,4155.655379236513,3382.0918237942187
1789159785.91737,93.8463597,179.66101694915255,-37.288135593220346,444530.0,342315.0,5822.280285288611,2713.470132958581
1789159785.9787555,93.90774449999981,186.4406779661017,-37.288135593220346,444855.0,342498.0,5379.427153114009,2964.8987939605267
1789159786.0398734,93.96886270000005,193.22033898305085,-37.288135593220346,445174.0,342655.0,5262.118137219923,2640.0387923936128
1789159786.1008818,94.02987069999972,200.0,-37.288135593220346,445541.0,342784.0,6049.919869790403,2034.486327894118
1789159786.1632047,94.0921942,-200.0,-30.508474576271198,445985.0,342874.0,7210.238538743333,1537.4773354673284
1789159786.2242532,94.15324209999972,-193.22033898305085,-30.508474576271198,446427.0,342961.0,7330.657345431637,1358.853556714157
1789159786.2859402,94.21492959999978,-186.4406779661017,-30.508474576271198,446860.0,343035.0,7046.8526727165245,1210.065610466474
1789159786.3467236,94.27571259999968,-179.66101694915255,-30.508474576271198,447321.0,343120.0,7611.40202380916,1418.1621695304802
1789159786.4080372,94.33702679999988,-172.8813559322034,-30.508474576271198,447749.0,343192.0,7153.114293879826,1111.5114942870907
1789159786.4701624,94.39915079999992,-166.10169491525426,-30.508474576271198,448208.0,343265.0,7384.811845134954,1140.1728501989833
1789159786.5321696,94.46115719999989,-159.32203389830508,-30.508474576271198,448706.0,343344.0,8160.165322827283,1201.0632942689508
1789159786.593559,94.52254749999975,-152.54237288135593,-30.508474576271198,449177.0,343390.0,7401.517222292235,763.225996543324
1789159786.6572547,94.58624379999992,-145.76271186440678,-30.508474576271198,449723.0,343465.0,8665.165167782623,1146.0939901275613
1789159786.7179487,94.64693699999998,-138.98305084745763,-30.508474576271198,450225.0,343538.0,8261.933904558988,1259.9899200852485
1789159786.7813592,94.71034830000008,-132.20338983050848,-30.508474576271198,450668.0,343603.0,6910.598044545459,1041.7987001827325
1789159786.8434367,94.77242509999996,-125.42372881355932,-30.508474576271198,451101.0,343690.0,7231.571778650865,1456.8457709418003
1789159786.904751,94.83374049999975,-118.64406779661017,-30.508474576271198,451564.0,343784.0,7547.985552578712,1567.2428235664627
1789159786.9662213,94.89520919999995,-111.86440677966102,-30.508474576271198,452006.0,343872.0,6802.576098255399,1438.6649189521863
1789159787.0302408,94.95922999999993,-105.08474576271186,-30.508474576271198,452481.0,343999.0,7535.966317192931,1888.3627894590174
1789159787.0913203,95.02030909999985,-98.30508474576271,-30.508474576271198,452927.0,344113.0,7418.450670031918,1841.2058289476809
1789159787.1567686,95.08575659999997,-91.52542372881356,-30.508474576271198,453396.0,344241.0,7206.705804054287,1944.3834966384093
1789159787.2222307,95.15122049999991,-84.74576271186442,-30.508474576271198,453804.0,344386.0,5993.316949392771,2193.0852524314328
1789159787.284583,95.21357140000009,-77.96610169491527,-30.508474576271198,454225.0,344547.0,6539.065556784401,2679.944900321476
1789159787.3465354,95.27552489999971,-71.18644067796612,-30.508474576271198,454610.0,344701.0,6358.748025201077,2471.8513450077426
1789159787.4092958,95.33828479999966,-64.40677966101697,-30.508474576271198,454987.0,344870.0,6212.1223065828735,2762.9497468231966
1789159787.4717324,95.40072220000002,-57.62711864406779,-30.508474576271198,455306.0,345060.0,5002.510093395133,3111.1016835248884
1789159787.5344677,95.4634560999998,-50.847457627118644,-30.508474576271198,455660.0,345293.0,5357.563032814741,3692.3745226155643
1789159787.5969286,95.52591799999982,-44.067796610169495,-30.508474576271198,455921.0,345500.0,4115.355507444317,3278.3340483030997
1789159787.660606,95.58959449999975,-37.288135593220346,-30.508474576271198,456226.0,345763.0,4768.236706061552,4120.476247879605
1789159787.725599,95.65458850000005,-30.508474576271198,-30.508474576271198,456499.0,346033.0,4187.816830322366,4306.021337629852
1789159787.786756,95.71574459999965,-23.72881355932205,-30.508474576271198,456739.0,346309.0,3878.8858124028898,4593.8878054725465
1789159787.849522,95.77851169999985,-16.9491525423729,-30.508474576271198,456937.0,346627.0,3034.784240874658,5122.294788065897
1789159787.9118185,95.84080649999987,-10.169491525423723,-30.508474576271198,457141.0,346966.0,3306.1942521897013,5498.536964871642
1789159787.9755697,95.90455930000007,-3.3898305084745743,-30.508474576271198,457307.0,347271.0,2564.0665392979618,4882.263684416667
1789159788.0372682,95.96625659999972,3.3898305084745743,-30.508474576271198,457446.0,347572.0,2210.4723337320047,4863.03913421041
1789159788.0999653,96.02895499999977,10.169491525423723,-30.508474576271198,457593.0,347947.0,2409.943744524256,6033.654776436641
1789159788.160776,96.08976419999999,16.94915254237287,-30.508474576271198,457720.0,348306.0,2123.0200139700114,5937.259361102574
1789159788.2227633,96.15175249999993,23.72881355932202,-30.508474576271198,457842.0,348663.0,1942.1350656932577,5968.94722024992
1789159788.2828739,96.21186229999967,30.50847457627117,-30.508474576271198,457961.0,349002.0,1925.5047638040446,5667.523455725112
1789159788.3437595,96.2727488999999,37.28813559322032,-30.508474576271198,458054.0,349365.0,1506.0732858905146,5806.5476082525865
1789159788.4049368,96.33392520000007,44.06779661016947,-30.508474576271198,458149.0,349728.0,1518.9312442368991,5968.506300883815
1789159788.4661913,96.39518069999986,50.847457627118644,-30.508474576271198,458223.0,350114.0,1198.7039684340384,6333.450818293277
1789159788.5276515,96.45663960000002,57.627118644067764,-30.508474576271198,458305.0,350500.0,1402.2656352656277,6212.569270164174
1789159788.5897095,96.51869889999989,64.40677966101691,-30.508474576271198,458391.0,350904.0,1430.1478702310708,6585.742661681351
1789159788.6507065,96.57969529999991,71.18644067796606,-30.508474576271198,458469.0,351265.0,1232.6623362710961,6020.3943090341945
1789159788.712471,96.64146019999998,77.96610169491527,-30.508474576271198,458544.0,351678.0,1260.4340863941775,6799.243029422113
1789159788.7734716,96.7024594999998,84.74576271186442,-30.508474576271198,458633.0,352048.0,1545.8589853116277,6129.510627805407
1789159788.8362052,96.76519460000009,91.52542372881356,-30.508474576271198,458727.0,352396.0,1535.8597061974751,5550.038483759058
1789159788.8979318,96.82691969999996,98.30508474576271,-30.508474576271198,458823.0,352747.0,1535.591299722798,5612.850957607468
1789159788.9598968,96.88888569999972,105.08474576271186,-30.508474576271198,458971.0,353083.0,2440.979955453722,5345.211581285523
1789159789.0223172,96.95130629999994,111.86440677966101,-30.508474576271198,459131.0,353423.0,2584.9948038059147,5554.245591961357
1789159789.0836675,97.0126565999999,118.64406779661016,-30.508474576271198,459322.0,353710.0,2971.509099587168,4750.855865807029
1789159789.1451113,97.07409989999996,125.42372881355931,-30.508474576271198,459479.0,354008.0,2504.5339169106464,4866.966618677427
1789159789.206768,97.13575739999987,132.20338983050846,-30.508474576271198,459697.0,354295.0,3521.796899021974,4731.302904746692
1789159789.2682374,97.19722539999975,138.9830508474576,-30.508474576271198,459929.0,354605.0,3889.19177621803,5061.276969050861
1789159789.3315866,97.26057539999965,145.76271186440675,-30.508474576271198,460213.0,354851.0,4433.309978787026,3981.286216244035
1789159789.3926847,97.32167279999976,152.5423728813559,-30.508474576271198,460472.0,355092.0,4212.450289494399,3944.7098049926362
1789159789.4553862,97.38437429999976,159.32203389830505,-30.508474576271198,460721.0,355330.0,3988.733146737935,3742.731983502996
1789159789.5164511,97.4454396000001,166.1016949152542,-30.508474576271198,460986.0,355549.0,4418.627207953783,3592.379843864864
1789159789.5784009,97.50738989999991,172.88135593220335,-30.508474576271198,461262.0,355742.0,4513.1606989771135,3169.9581099958295
1789159789.6394856,97.5684741,179.66101694915255,-30.508474576271198,461624.0,355917.0,6006.338832614239,2824.4093320031247
1789159789.701497,97.63048589999971,186.4406779661017,-30.508474576271198,462020.0,356090.0,6334.769568365749,2760.402381745969
1789159789.7622461,97.69123459999992,193.22033898305085,-30.508474576271198,462385.0,356246.0,6063.517595898508,2644.917170911219
1789159789.8235729,97.75256199999967,200.0,-30.508474576271198,462743.0,356389.0,5653.659671137516,2343.7639775918183
1789159789.884057,97.81304539999974,-200.0,-23.72881355932205,463124.0,356471.0,6361.840523858901,1355.5057934358454
1789159789.9463668,97.8753555999997,-193.22033898305085,-23.72881355932205,463609.0,356558.0,7579.801430525463,1370.0580050480296
1789159790.0077672,97.93675540000004,-186.4406779661017,-23.72881355932205,464045.0,356624.0,7053.877767139465,1083.8451984773485
1789159790.0687625,97.99775150000005,-179.66101694915255,-23.72881355932205,464561.0,356711.0,8518.586753660034,1422.8046397976073
1789159790.1305008,98.05948959999978,-172.8813559322034,-23.72881355932205,465061.0,356782.0,8077.987043401836,1131.2717084851586
1789159790.1912408,98.12022959999967,-166.10169491525426,-23.72881355932205,465534.0,356859.0,7696.134269596017,1279.6850893239277
1789159790.252154,98.1811432999998,-159.32203389830508,-23.72881355932205,465976.0,356919.0,7107.804082417655,1038.4197400005642
1789159790.3149803,98.24396899999965,-152.54237288135593,-23.72881355932205,466496.0,356977.0,8230.687280182668,944.2130429646784
1789159790.3759747,98.30496399999993,-145.76271186440678,-23.72881355932205,466980.0,357052.0,8049.0360964668525,1242.4686591861584
1789159790.439753,98.36874119999993,-138.98305084745763,-23.72881355932205,467486.0,357131.0,8069.417953916203,1240.1053565542215
1789159790.504837,98.43382619999966,-132.20338983050848,-23.72881355932205,468014.0,357202.0,7797.4946750758345,1097.0501166232234
1789159790.567338,98.4963260999998,-125.42372881355932,-23.72881355932205,468473.0,357289.0,7076.274793521675,1401.0669390682012
1789159790.6289628,98.55795199999966,-118.64406779661017,-23.72881355932205,468890.0,357389.0,6843.495479748614,1688.6547287691385
1789159790.6903846,98.61937259999968,-111.86440677966102,-23.72881355932205,469326.0,357479.0,6994.223552392981,1402.395077764075
1789159790.753385,98.68237389999967,-105.08474576271186,-23.72881355932205,469740.0,357578.0,6770.551227011282,1527.7141230179304
1789159790.814785,98.74377349999986,-98.30508474576271,-23.72881355932205,470161.0,357697.0,6763.425666227195,1952.6950742388226
1789159790.8761246,98.80511369999977,-91.52542372881356,-23.72881355932205,470554.0,357824.0,6387.592682743295,2129.1975609144315
1789159790.937312,98.86630009999999,-84.74576271186442,-23.72881355932205,470887.0,357970.0,5594.7445036947,2458.8367564008554
1789159790.9995687,98.92855789999976,-77.96610169491527,-23.72881355932205,471230.0,358134.0,5484.347495353693,2689.09941707665
1789159791.0606472,98.98963539999977,-71.18644067796612,-23.72881355932205,471590.0,358287.0,5770.783754639715,2376.2050754398824
1789159791.121283,99.0502720999998,-64.40677966101697,-23.72881355932205,471921.0,358468.0,5251.330487954189,2951.6098949535613
1789159791.1826859,99.11167410000007,-57.62711864406779,-23.72881355932205,472234.0,358681.0,5087.003772592167,3628.4922014293775
1789159791.2453668,99.17435599999999,-50.847457627118644,-23.72881355932205,472527.0,358936.0,4729.795071504629,4026.4798192362828
1789159791.3068078,99.23579579999978,-44.067796610169495,-23.72881355932205,472801.0,359178.0,4587.506690123857,4018.5136122790377
1789159791.3694525,99.29844169999978,-37.288135593220346,-23.72881355932205,473048.0,359448.0,3992.9217985413256,4379.9010036863
1789159791.430559,99.35954709999987,-30.508474576271198,-23.72881355932205,473259.0,359685.0,3485.236004099639,3789.0770916365304
1789159791.4929628,99.42195189999984,-23.72881355932205,-23.72881355932205,473432.0,360001.0,2933.059109972567,5053.34280392864
1789159791.5543182,99.48330619999979,-16.9491525423729,-23.72881355932205,473624.0,360325.0,3179.2266841997357,5328.312878547043
1789159791.6156843,99.54467339999974,-10.169491525423723,-23.72881355932205,473789.0,360618.0,2592.75864118009,4627.3539637728
1789159791.6764178,99.60540579999997,-3.3898305084745743,-23.72881355932205,473935.0,360966.0,2425.7452428487186,5821.788582836924
1789159791.7384448,99.6674337999998,3.3898305084745743,-23.72881355932205,474083.0,361330.0,2297.830671093609,5779.927918827771
1789159791.8001664,99.72915459999967,10.169491525423723,-23.72881355932205,474194.0,361657.0,1697.1895601677513,5268.359259687395
1789159791.8625853,99.79157420000001,16.94915254237287,-23.72881355932205,474299.0,361973.0,1632.5212271690948,5108.211581787167
1789159791.9235702,99.85255860000007,23.72881355932202,-23.72881355932205,474407.0,362311.0,1752.9957445184634,5688.292313845626
1789159791.9839323,99.91292089999979,30.50847457627117,-23.72881355932205,474500.0,362676.0,1484.385889647733,6028.05489332555
1789159792.0463765,99.97536409999975,37.28813559322032,-23.72881355932205,474602.0,363064.0,1606.7848235653858,6392.209189401426
1789159792.109074,100.0380626000001,44.06779661016947,-23.72881355932205,474672.0,363422.0,1196.0018362144888,5768.950033505182
1789159792.170512,100.09949989999996,50.847457627118644,-23.72881355932205,474745.0,363764.0,1172.426656713278,5648.964800527611
1789159792.2326381,100.16162660000009,57.627118644067764,-23.72881355932205,474831.0,364116.0,1312.822550743519,5783.5155613836105
1789159792.2946007,100.22358889999987,64.40677966101691,-23.72881355932205,474915.0,364493.0,1339.850365512061,6199.041024435803
1789159792.3555794,100.28456800000004,71.18644067796606,-23.72881355932205,475016.0,364872.0,1655.6470160502179,6172.683983752443
1789159792.4162989,100.34528679999994,77.96610169491527,-23.72881355932205,475110.0,365180.0,1599.7871743826342,5015.063164637696
1789159792.478719,100.40770750000001,84.74576271186442,-23.72881355932205,475208.0,365542.0,1626.007638702525,5832.4187040416655
1789159792.5407624,100.46974969999974,91.52542372881356,-23.72881355932205,475324.0,365888.0,1847.5028511970545,5649.09525654484
1789159792.6065116,100.53550009999981,98.30508474576271,-23.72881355932205,475448.0,366234.0,2027.76058068524,5491.103873360031
1789159792.66753,100.59651749999966,105.08474576271186,-23.72881355932205,475596.0,366529.0,2486.338553436888,4686.479863312696
1789159792.7340431,100.66303149999976,111.86440677966101,-23.72881355932205,475755.0,366877.0,2307.710059302285,5201.223441350535
1789159792.7981703,100.72715939999989,118.64406779661016,-23.72881355932205,475922.0,367162.0,2588.8997516623936,4377.284448534442
1789159792.8611403,100.79012869999997,125.42372881355931,-23.72881355932205,476126.0,367468.0,3341.7350715229604,5012.602607284441
1789159792.9235742,100.85256329999993,132.20338983050846,-23.72881355932205,476363.0,367734.0,3809.965253815963,4196.229012267351
1789159792.9862816,100.91527019999967,138.9830508474576,-23.72881355932205,476631.0,368004.0,4298.8061043158905,4369.860750668219
1789159793.0487022,100.97769059999973,145.76271186440675,-23.72881355932205,476903.0,368216.0,4399.395257730257,3351.92019636591
1789159793.109354,101.03834280000001,152.5423728813559,-23.72881355932205,477197.0,368425.0,4925.39996406258,3343.5196836337223
1789159793.1700718,101.09906069999988,159.32203389830505,-23.72881355932205,477473.0,368623.0,4550.34334410143,3255.3839734480584
1789159793.2307446,101.15973230000009,166.1016949152542,-23.72881355932205,477780.0,368819.0,5049.715436842968,3054.987986702152
1789159793.2928414,101.22182539999994,172.88135593220335,-23.72881355932205,478140.0,368994.0,5700.860617469753,2885.839380893074
1789159793.3538594,101.28284729999996,179.66101694915255,-23.72881355932205,478474.0,369151.0,5418.803785640325,2575.273086244907
1789159793.4166195,101.34560819999979,186.4406779661017,-23.72881355932205,478847.0,369307.0,5967.508670426032,2544.966932975808
1789159793.4779618,101.40694929999972,193.22033898305085,-23.72881355932205,479265.0,369461.0,6874.830127772252,2504.783069808495
1789159793.5409582,101.46994670000004,200.0,-23.72881355932205,479679.0,369590.0,6630.800857291582,2029.4799457673444
1789159793.6031175,101.53210519999993,-200.0,-16.9491525423729,480159.0,369676.0,7928.544866405617,1350.6591918434347
1789159793.6641777,101.59316549999994,-193.22033898305085,-16.9491525423729,480617.0,369748.0,7222.707329422778,1203.7845549037963
1789159793.7262049,101.6551927999999,-186.4406779661017,-16.9491525423729,481095.0,369824.0,7762.42385664108,1149.3338284320507
1789159793.788253,101.71724180000001,-179.66101694915255,-16.9491525423729,481564.0,369891.0,7328.064190317691,1041.8211740451657
1789159793.8492405,101.7782285999997,-172.8813559322034,-16.9491525423729,482069.0,369948.0,8532.499521503998,983.8311817247798
1789159793.9116647,101.84065359999977,-166.10169491525426,-16.9491525423729,482525.0,370006.0,7286.876423309895,895.495656840493
1789159793.973381,101.90236879999975,-159.32203389830508,-16.9491525423729,483003.0,370068.0,7698.800329145822,988.8367395233165
1789159794.0350008,101.96398939999972,-152.54237288135593,-16.9491525423729,483479.0,370143.0,7694.899921237105,1225.4173176677357
1789159794.0961058,102.02509379999992,-145.76271186440678,-16.9491525423729,483921.0,370212.0,7357.996047050525,1109.9653404309793
1789159794.1577942,102.08678310000005,-138.98305084745763,-16.9491525423729,484378.0,370292.0,7607.080849810171,1306.6280047909233
1789159794.2188642,102.14785219999976,-132.20338983050848,-16.9491525423729,484856.0,370376.0,7844.90322536852,1393.8552427761836
1789159794.281229,102.21021780000001,-125.42372881355932,-16.9491525423729,485323.0,370468.0,7470.859254277165,1459.014866129423
1789159794.3420062,102.27099419999968,-118.64406779661017,-16.9491525423729,485784.0,370559.0,7468.83645941615,1579.9461741072626
1789159794.403953,102.3329418999997,-111.86440677966102,-16.9491525423729,486224.0,370674.0,7024.607466691495,1796.1654535084583
1789159794.46507,102.3940577999997,-105.08474576271186,-16.9491525423729,486628.0,370792.0,6475.618045859022,1949.8407928139043
1789159794.5263882,102.45537689999992,-98.30508474576271,-16.9491525423729,487049.0,370928.0,6799.690077239469,2129.3766294513075
1789159794.5878088,102.51679639999975,-91.52542372881356,-16.9491525423729,487403.0,371062.0,5827.599011447901,2114.2813486655496
1789159794.6508243,102.57981259999997,-84.74576271186442,-16.9491525423729,487742.0,371225.0,5471.769689208843,2587.2904600731913
1789159794.7126615,102.64164899999969,-77.96610169491527,-16.9491525423729,488063.0,371377.0,5136.088700770624,2506.2700876612666
1789159794.7742548,102.70324329999994,-71.18644067796612,-16.9491525423729,488342.0,371541.0,4642.159410679241,2742.2794974282774
1789159794.8359954,102.76498300000003,-64.40677966101697,-16.9491525423729,488670.0,371750.0,5316.959688261439,3391.5490370305524
1789159794.8987575,102.82774599999993,-57.62711864406779,-16.9491525423729,488922.0,371952.0,4055.328016350256,3282.8845846644926
1789159794.9590657,102.8880537,-50.847457627118644,-16.9491525423729,489172.0,372181.0,4021.60070579454,3858.56283934341
1789159795.0231936,102.952182,-44.067796610169495,-16.9491525423729,489423.0,372430.0,4054.8953890655625,4001.0693440779664
1789159795.089854,103.01884269999982,-37.288135593220346,-16.9491525423729,489641.0,372738.0,3230.9076090288586,4562.236372548287
1789159795.1519997,103.08098789999985,-30.508474576271198,-16.9491525423729,489867.0,373027.0,3445.617849001056,4795.447521805594
1789159795.2130742,103.14206299999978,-23.72881355932205,-16.9491525423729,490027.0,373264.0,2552.7309727082934,3649.326672251997
1789159795.2757292,103.2047176000001,-16.9491525423729,-16.9491525423729,490201.0,373575.0,2858.3754840209504,5130.872763242575
1789159795.33709,103.26607829999966,-10.169491525423723,-16.9491525423729,490348.0,373872.0,2507.112375518112,4854.196301535068
1789159795.3974693,103.32645759999969,-3.3898305084745743,-16.9491525423729,490486.0,374230.0,2265.0590183692675,5943.514864200958
1789159795.4582648,103.38725339999974,3.3898305084745743,-16.9491525423729,490615.0,374554.0,2030.5882056949247,5408.911946143118
1789159795.5209084,103.44989619999978,10.169491525423723,-16.9491525423729,490715.0,374924.0,1588.7759092636386,5988.4630426091
1789159795.5836887,103.51267719999987,16.94915254237287,-16.9491525423729,490822.0,375266.0,1651.4000007103439,5604.219151346805
1789159795.6439636,103.57295209999984,23.72881355932202,-16.9491525423729,490927.0,375624.0,1703.744249866924,5926.854996877491
1789159795.7055323,103.63452129999996,30.50847457627117,-16.9491525423729,491014.0,376040.0,1418.6887414623723,6774.238740482827
1789159795.766774,103.69576179999967,37.28813559322032,-16.9491525423729,491089.0,376377.0,1233.7886430721917,5435.8224274484965
1789159795.8281987,103.75718729999971,44.06779661016947,-16.9491525423729,491177.0,376779.0,1518.3967159774163,6412.993188657558
1789159795.8902433,103.8192310999998,50.847457627118644,-16.9491525423729,491278.0,377138.0,1683.3245660196378,5698.7550412123155
1789159795.9525898,103.8815783,57.627118644067764,-16.9491525423729,491363.0,377485.0,1351.1471417006462,5564.592833582925
1789159796.013636,103.9426239999998,64.40677966101691,-16.9491525423729,491464.0,377860.0,1679.5731739889698,6128.655305087411
1789159796.0757012,104.00468980000005,71.18644067796606,-16.9491525423729,491570.0,378270.0,1608.4497225526763,6558.900535298136
1789159796.1363537,104.06534229999988,77.96610169491527,-16.9491525423729,491664.0,378583.0,1637.7481143509638,5147.208359388743
1789159796.1968207,104.12580750000006,84.74576271186442,-16.9491525423729,491766.0,378919.0,1771.0533972554304,5548.095846504257
1789159796.2581851,104.18717259999994,91.52542372881356,-16.9491525423729,491874.0,379253.0,1792.4804557508987,5483.925354723047
1789159796.3187745,104.2477629,98.30508474576271,-16.9491525423729,492025.0,379560.0,2612.9938376866494,5044.529769978393
1789159796.3805645,104.30955229999972,105.08474576271186,-16.9491525423729,492195.0,379828.0,2700.0746491265445,4429.534228305639
1789159796.443262,104.37225089999993,111.86440677966101,-16.9491525423729,492376.0,380133.0,2986.962172143432,4873.464596655073
1789159796.5054023,104.4343902999999,118.64406779661016,-16.9491525423729,492561.0,380377.0,2996.8515430282287,4072.192390820711
1789159796.5676782,104.49666649999972,125.42372881355931,-16.9491525423729,492782.0,380652.0,3624.348584932588,4468.856993072221
1789159796.628053,104.55704160000005,132.20338983050846,-16.9491525423729,493018.0,380898.0,3873.6887834778436,4127.107675854899
1789159796.6890883,104.61807679999993,138.9830508474576,-16.9491525423729,493239.0,381162.0,3508.1941391703635,4438.939523031889
1789159796.7505116,104.67949920000001,145.76271186440675,-16.9491525423729,493470.0,381385.0,3870.779873356855,3746.488776505947
1789159796.8122098,104.74119819999987,152.5423728813559,-16.9491525423729,493777.0,381573.0,4937.026085731399,3005.146313053895
1789159796.8732553,104.8022431999998,159.32203389830505,-16.9491525423729,494083.0,381762.0,5083.183433130814,3060.6491798076377
1789159796.9346914,104.86367939999991,166.1016949152542,-16.9491525423729,494378.0,381909.0,4857.038777733325,2410.6626286544074
1789159796.9963694,104.92535689999977,172.88135593220335,-16.9491525423729,494724.0,382108.0,5573.581931685174,3390.299837426332
1789159797.0583696,104.98735749999969,179.66101694915255,-16.9491525423729,495112.0,382228.0,6373.554378171741,1904.945023643509
1789159797.119812,105.04880019999973,186.4406779661017,-16.9491525423729,495492.0,382353.0,6375.319875855009,2113.2675911608526
1789159797.1828363,105.11182430000008,193.22033898305085,-16.9491525423729,495904.0,382472.0,6583.084079357706,1910.6576483623949
1789159797.2445428,105.17353000000003,200.0,-16.9491525423729,496299.0,382589.0,6391.558904766064,1730.311526704625
1789159797.3078883,105.23687679999966,-200.0,-10.169491525423723,496788.0,382674.0,7879.617534149983,1321.9667386211893
1789159797.3690743,105.29806139999982,-193.22033898305085,-10.169491525423723,497233.0,382744.0,7228.967275089788,1178.0539263109283
1789159797.4317312,105.36071899999979,-186.4406779661017,-10.169491525423723,497775.0,382841.0,8726.034696677156,1591.428459025137
1789159797.4921408,105.42112829999996,-179.66101694915255,-10.169491525423723,498269.0,382926.0,8238.103049217054,1476.2972278464188
1789159797.553478,105.48246609999978,-172.8813559322034,-10.169491525423723,498779.0,382986.0,8466.504392005645,932.7504838650287
1789159797.6141307,105.54311869999992,-166.10169491525426,-10.169491525423723,499273.0,383041.0,8094.777249698183,971.3732699637819
1789159797.6752238,105.60421229999974,-159.32203389830508,-10.169491525423723,499741.0,383112.0,7761.366719187706,1113.899853216754
1789159797.736945,105.66593319999993,-152.54237288135593,-10.169491525423723,500204.0,383184.0,7398.056023946366,1165.3262472087354
1789159797.8023922,105.73137959999985,-145.76271186440678,-10.169491525423723,500712.0,383254.0,7931.074340506672,1120.3087072913013
1789159797.867132,105.79612029999998,-138.98305084745763,-10.169491525423723,501201.0,383343.0,7449.491092813733,1408.4459241538493
1789159797.9315445,105.8605319999997,-132.20338983050848,-10.169491525423723,501633.0,383439.0,6754.7456989621305,1586.2067736349065
1789159797.9940224,105.92301109999971,-125.42372881355932,-10.169491525423723,502108.0,383547.0,7744.901421237028,1776.35353698097
1789159798.0566282,105.98561530000006,-118.64406779661017,-10.169491525423723,502549.0,383637.0,6967.452045420319,1404.1548765005236
1789159798.1203773,106.04936610000004,-111.86440677966102,-10.169491525423723,502916.0,383753.0,6007.312349178058,1847.075923454173
1789159798.1824477,106.1114348000001,-105.08474576271186,-10.169491525423723,503307.0,383891.0,6193.939523032393,2271.702747702425
1789159798.2449014,106.17388989999972,-98.30508474576271,-10.169491525423723,503736.0,384008.0,6841.367349450199,1883.5972442642105
1789159798.3062613,106.23524849999967,-91.52542372881356,-10.169491525423723,504102.0,384179.0,5880.397364703815,2752.526426031573
1789159798.3695529,106.29854099999966,-84.74576271186442,-10.169491525423723,504494.0,384350.0,6317.322886787006,2755.9992197314414
1789159798.4304028,106.35938989999977,-77.96610169491527,-10.169491525423723,504826.0,384550.0,5383.46415153602,3265.968251931852
1789159798.492316,106.42130449999968,-71.18644067796612,-10.169491525423723,505113.0,384727.0,4721.392774804856,2847.2521313708676
1789159798.5541017,106.48308899999984,-64.40677966101697,-10.169491525423723,505393.0,384936.0,4554.899783375724,3336.728911077565
1789159798.6154602,106.54444849999982,-57.62711864406779,-10.169491525423723,505669.0,385171.0,4455.937223177025,3847.495995915905
1789159798.6747243,106.60371269999996,-50.847457627118644,-10.169491525423723,505893.0,385420.0,3820.661472778007,4319.008621401225
1789159798.735435,106.66442329999973,-44.067796610169495,-10.169491525423723,506094.0,385697.0,3295.4150512320894,4537.948595139271
1789159798.7965357,106.72552339999993,-37.288135593220346,-10.169491525423723,506283.0,385977.0,3004.8829347606106,4543.096818030924
1789159798.8582337,106.78722199999993,-30.508474576271198,-10.169491525423723,506481.0,386272.0,3130.7695610466644,4758.76973279093
1789159798.9197018,106.84868879999976,-23.72881355932205,-10.169491525423723,506656.0,386587.0,2892.732851688401,5199.820402114732
1789159798.981693,106.9106813999997,-16.9491525423729,-10.169491525423723,506818.0,386911.0,2615.929577753948,5321.445784883031
1789159799.042728,106.97171509999998,-10.169491525423723,-10.169491525423723,506955.0,387230.0,2302.398451633444,5000.521637141386
1789159799.1043937,107.03338209999993,-3.3898305084745743,-10.169491525423723,507087.0,387568.0,2183.699222295234,5548.743925504284
1789159799.165831,107.09481890000006,3.3898305084745743,-10.169491525423723,507210.0,387918.0,1936.476465590707,5667.302683701243
1789159799.230201,107.15918919999967,10.169491525423723,-10.169491525423723,507297.0,388291.0,1358.2089298799035,5840.298398483585
1789159799.2912843,107.22027219999973,16.94915254237287,-10.169491525423723,507382.0,388621.0,1375.705048842868,5270.55830400839
1789159799.3529797,107.28196709999975,23.72881355932202,-10.169491525423723,507463.0,388989.0,1325.7418409472014,6063.059352598534
1789159799.4143949,107.34338230000003,30.50847457627117,-10.169491525423723,507543.0,389357.0,1197.4464008688017,5754.891657906778
1789159799.4757082,107.40469619999976,37.28813559322032,-10.169491525423723,507630.0,389712.0,1422.6979756299665,5744.818407923535
1789159799.537461,107.46644839999999,44.06779661016947,-10.169491525423723,507715.0,390055.0,1325.5473626849412,5514.277028769356
1789159799.5998304,107.52881799999977,50.847457627118644,-10.169491525423723,507791.0,390411.0,1272.03086794964,5565.135047279675
1789159799.6611855,107.59017349999976,57.627118644067764,-10.169491525423723,507883.0,390747.0,1474.6249033987353,5507.635181368771
1789159799.721932,107.65091979999988,64.40677966101691,-10.169491525423723,507970.0,391085.0,1401.3830572759227,5587.565779651436
1789159799.7830327,107.71201969999993,71.18644067796606,-10.169491525423723,508055.0,391423.0,1357.564671883118,5591.022924992315
1789159799.8450108,107.7739947,77.96610169491527,-10.169491525423723,508164.0,391807.0,1906.9481927509175,6465.462443993587
1789159799.906749,107.83573609999985,84.74576271186442,-10.169491525423723,508285.0,392136.0,1954.617339227984,5437.390052761483
1789159799.9725187,107.9015061,91.52542372881356,-10.169491525423723,508420.0,392487.0,2140.9532237409853,5245.335398165414
1789159800.0372093,107.96619740000006,98.30508474576271,-10.169491525423723,508572.0,392795.0,2379.7588848638684,4658.251434201615
1789159800.0993218,108.02830959999983,105.08474576271186,-10.169491525423723,508761.0,393085.0,2881.0602301742556,4641.708148614078
1789159800.163747,108.09273549999989,111.86440677966101,-10.169491525423723,508934.0,393386.0,2695.3488173695137,4554.798317959874
1789159800.2268054,108.15579290000005,118.64406779661016,-10.169491525423723,509132.0,393639.0,3108.2101150217613,3942.98654591332
1789159800.2899392,108.21892739999976,125.42372881355931,-10.169491525423723,509387.0,393908.0,3890.032446003561,4361.022921528655
1789159800.3536448,108.28263190000007,132.20338983050846,-10.169491525423723,509682.0,394151.0,4629.183142076617,3734.909125993634
1789159800.4168704,108.34585870000001,138.9830508474576,-10.169491525423723,509970.0,394373.0,4380.810658584329,3476.8338560193088
1789159800.4794106,108.40839740000001,145.76271186440675,-10.169491525423723,510306.0,394588.0,5330.376370906969,3405.0230329205056
1789159800.5410805,108.47006869999996,152.5423728813559,-10.169491525423723,510615.0,394771.0,5020.9656810803,2807.4216711416734
1789159800.6021147,108.53110259999994,159.32203389830505,-10.169491525423723,510918.0,394954.0,5025.485111337466,2933.0233390012254
1789159800.663137,108.59212479999997,166.1016949152542,-10.169491525423723,511244.0,395106.0,5310.342114787861,2503.191569260271
1789159800.7243133,108.65330039999981,172.88135593220335,-10.169491525423723,511588.0,395250.0,5992.509363286191,2372.034956300784
1789159800.786218,108.7152060999997,179.66101694915255,-10.169491525423723,511929.0,395372.0,5466.211208051346,1963.5904339601923
1789159800.8472917,108.77627859999984,186.4406779661017,-10.169491525423723,512299.0,395514.0,6073.847264193867,2340.217622380578
1789159800.912718,108.84170610000001,193.22033898305085,-10.169491525423723,512762.0,395612.0,7157.372093252084,1501.5465929899476
1789159800.9744394,108.90342620000001,200.0,-10.169491525423723,513235.0,395706.0,7608.909147857313,1557.1721046777757
1789159801.0358233,108.9648115,-200.0,-3.3898305084745743,513717.0,395804.0,7917.358539892369,1683.7821329182866
1789159801.09726,109.0262474000001,-193.22033898305085,-3.3898305084745743,514217.0,395874.0,8058.475421646041,1118.2465893473582
1789159801.1588686,109.08785649999982,-186.4406779661017,-3.3898305084745743,514689.0,395964.0,7940.125048110323,1459.8436187108666
1789159801.220361,109.14934869999979,-179.66101694915255,-3.3898305084745743,515192.0,396032.0,7947.532096111125,1135.3617280158749
1789159801.2809548,109.20994289999999,-172.8813559322034,-3.3898305084745743,515661.0,396097.0,7769.627818547006,1068.5502128071641
1789159801.3428502,109.27183710000008,-166.10169491525426,-3.3898305084745743,516138.0,396171.0,7499.920775503196,1197.1704524277402
1789159801.4057255,109.33471329999975,-159.32203389830508,-3.3898305084745743,516651.0,396249.0,8009.930191607716,1202.3736269963017
1789159801.4676542,109.39664109999967,-152.54237288135593,-3.3898305084745743,517124.0,396327.0,7701.363335131481,1304.1210224250106
1789159801.5298736,109.4588617999998,-145.76271186440678,-3.3898305084745743,517616.0,396415.0,7644.467250963549,1300.4381070604659
1789159801.5919785,109.52096540000002,-138.98305084745763,-3.3898305084745743,518048.0,396506.0,7044.367154518913,1412.4044420088044
1789159801.6546714,109.58365920000006,-132.20338983050848,-3.3898305084745743,518471.0,396610.0,6662.319370716092,1572.802185659767
1789159801.7146707,109.64365879999968,-125.42372881355932,-3.3898305084745743,518871.0,396695.0,6738.28676325553,1456.9268677309253
1789159801.7763462,109.70533410000007,-118.64406779661017,-3.3898305084745743,519330.0,396800.0,7298.173689468874,1714.0989052747718
1789159801.8378003,109.76678749999974,-111.86440677966102,-3.3898305084745743,519753.0,396905.0,6872.8766452169775,1687.1402617457697
1789159801.901249,109.83023659999981,-105.08474576271186,-3.3898305084745743,520169.0,397048.0,6509.399572988278,2221.8750542466655
1789159801.9632754,109.89226199999985,-98.30508474576271,-3.3898305084745743,520514.0,397209.0,5439.264780920049,2490.0530328237887
1789159802.0245779,109.95356539999966,-91.52542372881356,-3.3898305084745743,520861.0,397390.0,5601.181471087923,2899.646999502108
1789159802.0856328,110.0146206999998,-84.74576271186442,-3.3898305084745743,521161.0,397561.0,4885.1454001908805,2809.4059627471365
1789159802.1469874,110.07597570000007,-77.96610169491527,-3.3898305084745743,521492.0,397769.0,5332.745546268006,3466.284605074204
1789159802.2083955,110.13738289999992,-71.18644067796612,-3.3898305084745743,521747.0,398016.0,4209.419508619099,3996.2843436257276
1789159802.2718506,110.20083799999975,-64.40677966101697,-3.3898305084745743,522028.0,398256.0,4313.34929849351,3778.493985480315
1789159802.3325832,110.26156999999967,-57.62711864406779,-3.3898305084745743,522250.0,398484.0,3754.6641372201348,3754.6641372201348
1789159802.3942535,110.32324040000003,-50.847457627118644,-3.3898305084745743,522499.0,398763.0,4029.632188135345,4587.304499886219
1789159802.4562948,110.38528189999988,-44.067796610169495,-3.3898305084745743,522690.0,399014.0,3039.395513694705,4152.662475106138
1789159802.5176563,110.44664409999996,-37.288135593220346,-3.3898305084745743,522900.0,399323.0,3457.1085675305985,5069.231733736578
1789159802.5783393,110.50732719999996,-30.508474576271198,-3.3898305084745743,523062.0,399616.0,2589.588057671569,4819.511107333198
1789159802.6414125,110.57040039999993,-23.72881355932205,-3.3898305084745743,523224.0,399954.0,2646.2452818945862,5524.931027739372
1789159802.7055628,110.63455079999994,-16.9491525423729,-3.3898305084745743,523347.0,400274.0,1912.8226830261358,4925.941599651376
1789159802.7685108,110.69749849999971,-10.169491525423723,-3.3898305084745743,523480.0,400594.0,1939.0394461208596,5069.965524260963
1789159802.8288867,110.75787489999993,-3.3898305084745743,-3.3898305084745743,523599.0,400902.0,1975.306852149757,5019.816495830117
1789159802.891351,110.82033839999986,3.3898305084745743,-3.3898305084745743,523695.0,401258.0,1545.50617124009,5588.981619251954
1789159802.954709,110.88369710000006,10.169491525423723,-3.3898305084745743,523788.0,401583.0,1346.3038780451889,5195.352144764126
1789159803.0151222,110.94410930000004,16.94915254237287,-3.3898305084745743,523875.0,401921.0,1436.248736460972,5599.552035822524
1789159803.0764706,111.00545859999966,23.72881355932202,-3.3898305084745743,523944.0,402278.0,1180.63965625058,5706.425005211136
1789159803.137268,111.06625480000002,30.50847457627117,-3.3898305084745743,524015.0,402643.0,1201.8777995166004,6134.958319920557
1789159803.199203,111.12819089999994,37.28813559322032,-3.3898305084745743,524112.0,402967.0,1599.3318347041177,5277.795054523588
1789159803.2606783,111.18966539999974,44.06779661016947,-3.3898305084745743,524197.0,403313.0,1347.8546941724912,5639.707799300687
1789159803.3229678,111.25195559999975,50.847457627118644,-3.3898305084745743,524295.0,403697.0,1537.0074288771132,6059.695955228159
1789159803.3846443,111.31363199999987,57.627118644067764,-3.3898305084745743,524388.0,404037.0,1514.417252241561,5451.902108069619
1789159803.4453595,111.37434729999995,64.40677966101691,-3.3898305084745743,524479.0,404354.0,1484.7890603687308,5214.868894953591
1789159803.5064566,111.43544369999972,71.18644067796606,-3.3898305084745743,524591.0,404680.0,1839.26600786219,5178.51594446636
1789159803.5687406,111.4977285,77.96610169491527,-3.3898305084745743,524718.0,405014.0,2146.6892596836838,5366.723149209209
1789159803.6291108,111.55809869999985,84.74576271186442,-3.3898305084745743,524851.0,405357.0,2283.196039546632,5852.954926774303
1789159803.6905344,111.61952239999982,91.52542372881356,-3.3898305084745743,525016.0,405693.0,2721.291706460622,5549.300734743229
1789159803.7519245,111.6809115000001,98.30508474576271,-3.3898305084745743,525179.0,405994.0,2771.5693834046874,4921.312302583965
1789159803.8132584,111.74224649999996,105.08474576271186,-3.3898305084745743,525391.0,406281.0,3516.269998775199,4766.902111741636
1789159803.8747501,111.80373710000003,111.86440677966101,-3.3898305084745743,525625.0,406555.0,3783.142459272645,4582.397908414753
1789159803.9377825,111.86676979999993,118.64406779661016,-3.3898305084745743,525868.0,406846.0,3857.398437862733,4677.75014184259
1789159803.9994876,111.92847499999971,125.42372881355931,-3.3898305084745743,526116.0,407100.0,3964.035708307892,4141.795157110937
1789159804.06086,111.98984689999997,132.20338983050846,-3.3898305084745743,526377.0,407311.0,4263.448752274631,3399.965460674706
1789159804.122884,112.05187079999996,138.9830508474576,-3.3898305084745743,526652.0,407522.0,4381.34676946213,3445.0105646980464
1789159804.1838992,112.11288680000007,145.76271186440675,-3.3898305084745743,526947.0,407715.0,4736.605132843411,3223.773075205211
1789159804.2449982,112.17398449999973,152.5423728813559,-3.3898305084745743,527229.0,407871.0,4720.202825660963,2664.053867513195
1789159804.3075085,112.2364963,159.32203389830505,-3.3898305084745743,527543.0,408034.0,4949.590461302656,2625.589205278828
1789159804.3694448,112.29843140000003,166.1016949152542,-3.3898305084745743,527933.0,408176.0,6192.815979606314,2194.0262327748082
1789159804.431137,112.3601248,172.88135593220335,-3.3898305084745743,528318.0,408299.0,6154.539778178422,1860.6748166585928
1789159804.4925454,112.42153179999968,179.66101694915255,-3.3898305084745743,528697.0,408405.0,6126.928650595129,1811.4397749585596
1789159804.5539074,112.48289509999995,186.4406779661017,-3.3898305084745743,529112.0,408522.0,6597.225946969449,1805.744771392722
1789159804.6145542,112.54354119999971,193.22033898305085,-3.3898305084745743,529515.0,408618.0,6765.8268164317415,1601.4856028255983
1789159804.6762543,112.60524159999977,200.0,-3.3898305084745743,529963.0,408713.0,7377.554811696749,1493.2882028494626
1789159804.737341,112.66632759999993,-200.0,3.3898305084745743,530445.0,408774.0,7779.248184839354,1019.3497621513635
1789159804.8006942,112.72968089999995,-193.22033898305085,3.3898305084745743,530943.0,408862.0,7734.446080686077,1329.3579201179195
1789159804.8613899,112.79037699999981,-186.4406779661017,3.3898305084745743,531405.0,408922.0,7549.971259658654,1027.084395705354
1789159804.9227495,112.85173709999981,-179.66101694915255,3.3898305084745743,531888.0,408982.0,7929.0785980887695,1020.2200453522795
1789159804.9839063,112.91289299999971,-172.8813559322034,3.3898305084745743,532342.0,409034.0,7221.210339205484,875.8398678739325
1789159805.0476046,112.97659199999998,-166.10169491525426,3.3898305084745743,532877.0,409116.0,8281.983300617288,1371.649225888398
1789159805.108968,113.03795469999977,-159.32203389830508,3.3898305084745743,533328.0,409185.0,7392.664202470485,1101.791299406659
1789159805.1713789,113.10036629999968,-152.54237288135593,3.3898305084745743,533773.0,409269.0,7136.233164050298,1360.1236476036458
1789159805.232064,113.16105059999973,-145.76271186440678,3.3898305084745743,534233.0,409365.0,7606.217318443507,1636.325711532764
1789159805.293153,113.22214069999973,-138.98305084745763,3.3898305084745743,534695.0,409459.0,7549.342283959202,1484.522943128668
1789159805.3545024,113.28348869999991,-132.20338983050848,3.3898305084745743,535113.0,409574.0,6679.872442868818,1900.9211473057542
1789159805.4154398,113.34442739999986,-125.42372881355932,3.3898305084745743,535538.0,409704.0,7081.974303085397,2090.3537383152825
1789159805.4772608,113.4062472999999,-118.64406779661017,3.3898305084745743,535942.0,409819.0,6568.747594148505,1818.766134938968
1789159805.5389051,113.46789239999998,-111.86440677966102,3.3898305084745743,536326.0,409964.0,6276.39240789606,2382.5398942155016
1789159805.6007113,113.52969759999996,-105.08474576271186,3.3898305084745743,536709.0,410138.0,6215.830590343047,2878.3533699599907
1789159805.6630409,113.59202789999972,-98.30508474576271,3.3898305084745743,537045.0,410292.0,5444.158488640712,2527.6450125831875
1789159805.7237096,113.65269679999983,-91.52542372881356,3.3898305084745743,537355.0,410465.0,5037.546877164782,2816.6928775545016
1789159805.7857969,113.71478429999979,-84.74576271186442,3.3898305084745743,537664.0,410643.0,4809.007324344132,2824.6214024028727
1789159805.8486357,113.77762329999996,-77.96610169491527,3.3898305084745743,537922.0,410850.0,4087.259527120822,3255.95250465557
1789159805.911274,113.84026049999966,-71.18644067796612,3.3898305084745743,538165.0,411079.0,3865.7314593134506,3703.910142411957
1789159805.9730408,113.90202869999985,-64.40677966101697,3.3898305084745743,538402.0,411303.0,3762.7347272111706,3585.247240078568
1789159806.0353916,113.96437839999999,-57.62711864406779,3.3898305084745743,538628.0,411572.0,3633.6355337236887,4392.902660173414
1789159806.0963492,114.02533689999973,-50.847457627118644,3.3898305084745743,538825.0,411853.0,3241.9406256780303,4682.803125979377
1789159806.1594439,114.0884317,-44.067796610169495,3.3898305084745743,539018.0,412157.0,3146.474689774061,4908.500516047536
1789159806.220168,114.1491559000001,-37.288135593220346,3.3898305084745743,539189.0,412445.0,2734.186687387783,4820.802843552144
1789159806.2811508,114.21013839999978,-30.508474576271198,3.3898305084745743,539336.0,412763.0,2371.225271835973,5249.277319331544
1789159806.3412187,114.27020619999985,-23.72881355932205,3.3898305084745743,539452.0,413038.0,1928.8473681111627,4621.955014153164
1789159806.403007,114.33199369999966,-16.9491525423729,3.3898305084745743,539576.0,413373.0,2010.667118184656,5520.51585957717
1789159806.4639208,114.39290879999999,-10.169491525423723,3.3898305084745743,539676.0,413664.0,1682.0340675217797,4684.374446109042
1789159806.5257406,114.45472729999983,-3.3898305084745743,3.3898305084745743,539759.0,413994.0,1252.8475813871887,5311.367915458363
1789159806.5873518,114.51633949999996,3.3898305084745743,3.3898305084745743,539853.0,414321.0,1566.5917194920564,5340.653589177466
1789159806.6477547,114.57674259999976,10.169491525423723,3.3898305084745743,539950.0,414674.0,1538.882119820302,5829.64755978985
1789159806.7085319,114.63751809999985,16.94915254237287,3.3898305084745743,540034.0,415002.0,1382.5770158217738,5584.174700267164
1789159806.7702882,114.69927479999978,23.72881355932202,3.3898305084745743,540101.0,415318.0,1094.0822502735402,5170.420956937859
1789159806.8319435,114.76092949999975,30.50847457627117,3.3898305084745743,540177.0,415683.0,1321.947908109869,6055.950552016832
1789159806.8929698,114.82195610000008,37.28813559322032,3.3898305084745743,540268.0,416034.0,1518.4509656407495,5805.841927449925
1789159806.9536364,114.88262369999984,44.06779661016947,3.3898305084745743,540347.0,416410.0,1321.6257807485877,6028.786095743558
1789159807.0144513,114.94343799999979,50.847457627118644,3.3898305084745743,540436.0,416735.0,1472.529248552681,5405.25980261411
1789159807.075693,115.00468039999987,57.627118644067764,3.3898305084745743,540534.0,417079.0,1602.7516905451587,5582.618247966283
1789159807.1364365,115.06542279999985,64.40677966101691,3.3898305084745743,540635.0,417416.0,1743.770066842645,5375.126288514957
1789159807.19881,115.12779749999982,71.18644067796606,3.3898305084745743,540786.0,417749.0,2475.3700678232603,5392.7705049006745
1789159807.2605426,115.18952919999992,77.96610169491527,3.3898305084745743,540923.0,418101.0,2307.3127615556946,5644.041985959315
1789159807.323873,115.25286039999992,84.74576271186442,3.3898305084745743,541083.0,418423.0,2572.074964597456,5109.155711989505
1789159807.3853266,115.3143127999997,91.52542372881356,3.3898305084745743,541261.0,418728.0,2947.3437508292755,4900.402862824579
1789159807.4474275,115.37641489999987,98.30508474576271,3.3898305084745743,541438.0,418997.0,2913.9237582591727,4299.814326211706
1789159807.5090988,115.43808510000008,105.08474576271186,3.3898305084745743,541613.0,419305.0,2912.5627355350675,5079.225258311154
1789159807.5704668,115.49945419999995,111.86440677966101,3.3898305084745743,541823.0,419557.0,3436.3642906002415,4138.030297581443
1789159807.6311696,115.56015639999987,118.64406779661016,3.3898305084745743,542047.0,419803.0,3776.3331804699847,4118.001420607746
1789159807.6938288,115.62281630000007,125.42372881355931,3.3898305084745743,542328.0,420032.0,4557.868911427695,3703.2684905350025
1789159807.7546396,115.68362619999971,132.20338983050846,3.3898305084745743,542598.0,420255.0,4581.930304368113,3737.4176600335977
1789159807.8166163,115.74560350000002,138.9830508474576,3.3898305084745743,542918.0,420452.0,5326.881689798329,3260.265382050482
1789159807.8780105,115.80699709999999,145.76271186440675,3.3898305084745743,543215.0,420612.0,5025.19701259541,2699.045745280927
1789159807.9400578,115.86904499999991,152.5423728813559,3.3898305084745743,543562.0,420777.0,5654.239707958009,2615.085864930579
1789159808.0017626,115.93074899999965,159.32203389830505,3.3898305084745743,543908.0,420917.0,5485.76444127127,2247.3938194885527
1789159808.0638552,115.99284199999965,166.1016949152542,3.3898305084745743,544277.0,421064.0,5988.8803475246905,2252.5341008600326
1789159808.125547,116.05453339999985,172.88135593220335,3.3898305084745743,544694.0,421190.0,6701.292976273318,2026.3856745229662
1789159808.187556,116.1165434999998,179.66101694915255,3.3898305084745743,545095.0,421304.0,6547.5329185334585,1935.32050354442
1789159808.2489977,116.17798379999977,186.4406779661017,3.3898305084745743,545526.0,421416.0,6975.567763301863,1739.4545567521184
1789159808.3168323,116.24581880000005,193.22033898305085,3.3898305084745743,545958.0,421520.0,7230.566496833306,1373.8076343983282
1789159808.381877,116.31086460000006,200.0,3.3898305084745743,546387.0,421630.0,6509.870507254598,1711.3577106700234
1789159808.4438925,116.37287900000001,-200.0,10.169491525423723,546914.0,421688.0,8168.588065885964,941.8327703460535
1789159808.5076823,116.43666949999988,-193.22033898305085,10.169491525423723,547438.0,421764.0,8117.426381123322,1235.6336140399137
1789159808.5710838,116.50007090000008,-186.4406779661017,10.169491525423723,547926.0,421834.0,7676.953784696301,1178.323139046409
1789159808.6324165,116.56140409999989,-179.66101694915255,10.169491525423723,548381.0,421896.0,7316.174441797221,1014.6519298842861
1789159808.6951838,116.62417019999975,-172.8813559322034,10.169491525423723,548858.0,421962.0,7574.935853099642,1049.1108341147392
1789159808.7582796,116.6872671000001,-166.10169491525426,10.169491525423723,549299.0,422039.0,6991.575411895336,1092.9758088074595
1789159808.8199315,116.74891810000008,-159.32203389830508,10.169491525423723,549771.0,422123.0,7686.0103886549405,1322.7087645592223
1789159808.8833027,116.81229029999986,-152.54237288135593,10.169491525423723,550250.0,422205.0,7777.939818183812,1232.6645693996666
1789159808.946452,116.8754383999999,-145.76271186440678,10.169491525423723,550720.0,422292.0,7482.438995426545,1363.6220599141836
1789159809.0080664,116.93705369999998,-138.98305084745763,10.169491525423723,551189.0,422403.0,7617.298386284576,1850.932318162607
1789159809.0691652,116.9981515999998,-132.20338983050848,10.169491525423723,551617.0,422535.0,7080.329557141516,2127.6747911612133
1789159809.1315382,117.06052550000004,-125.42372881355932,10.169491525423723,551994.0,422650.0,6183.205570474818,1897.1198909411376
1789159809.1936188,117.12260500000002,-118.64406779661017,10.169491525423723,552424.0,422775.0,6788.431943308173,2025.867124442753
1789159809.2546594,117.18364639999982,-111.86440677966102,10.169491525423723,552791.0,422921.0,5899.875849229912,2479.3956789708527
1789159809.3163967,117.24538339999981,-105.08474576271186,10.169491525423723,553136.0,423089.0,5506.928669398463,2700.513097493477
1789159809.377448,117.30643549999968,-98.30508474576271,10.169491525423723,553467.0,423247.0,5501.286908199259,2607.752885055493
1789159809.4391143,117.36810009999999,-91.52542372881356,10.169491525423723,553808.0,423442.0,5315.907987085959,3231.930769557244
1789159809.501599,117.43058639999981,-84.74576271186442,10.169491525423723,554072.0,423658.0,4205.818936832281,3407.2457209780505
1789159809.562265,117.49125109999977,-77.96610169491527,10.169491525423723,554341.0,423903.0,4386.516853935454,4044.9438202273645
1789159809.6255598,117.55454669999972,-71.18644067796612,10.169491525423723,554559.0,424149.0,3464.591178227034,3849.5457535855935
1789159809.6870081,117.61599449999994,-64.40677966101697,10.169491525423723,554774.0,424411.0,3549.976570171566,4330.9714156093105
1789159809.7483487,117.67733589999989,-57.62711864406779,10.169491525423723,554981.0,424726.0,3276.405049583307,5192.117291689394
1789159809.809096,117.73808259999987,-50.847457627118644,10.169491525423723,555170.0,425000.0,3107.4085649684894,4526.398603306701
1789159809.8704326,117.79941989999998,-44.067796610169495,10.169491525423723,555375.0,425296.0,3151.43354413913,4780.86793343834
1789159809.932436,117.86142309999968,-37.288135593220346,10.169491525423723,555533.0,425588.0,2382.701230757062,4604.167039883947
1789159809.9952424,117.92422949999991,-30.508474576271198,10.169491525423723,555674.0,425919.0,2286.4682966388177,5236.186938867521
1789159810.0569735,117.98595939999996,-23.72881355932205,10.169491525423723,555798.0,426246.0,2024.7948563120613,5275.123441444581
1789159810.1182516,118.04723889999968,-16.9491525423729,10.169491525423723,555910.0,426590.0,1861.8306808195223,5585.492042458567
1789159810.178649,118.10763499999985,-10.169491525423723,10.169491525423723,556015.0,426952.0,1756.988557836123,6122.290026274325
1789159810.2420607,118.1710479999997,-3.3898305084745743,10.169491525423723,556130.0,427306.0,1726.8711512380416,5577.793818498874
1789159810.3038383,118.23282429999972,3.3898305084745743,10.169491525423723,556223.0,427697.0,1438.6189258265522,6216.254617769053
1789159810.3662207,118.295208,10.169491525423723,10.169491525423723,556305.0,428083.0,1316.6418260277278,6284.770316239021
1789159810.4276495,118.35663639999984,16.94915254237287,10.169491525423723,556379.0,428476.0,1221.2753347332841,6663.134546853654
1789159810.490273,118.41925989999982,23.72881355932202,10.169491525423723,556468.0,428887.0,1434.0753798929559,6488.316657808374
1789159810.5517495,118.48073509999995,30.50847457627117,10.169491525423723,556562.0,429299.0,1507.0040228127627,6666.276618559986
1789159810.6136775,118.54266460000008,37.28813559322032,10.169491525423723,556655.0,429716.0,1610.576837044445,6657.050926450373
1789159810.6751106,118.60409660000005,44.06779661016947,10.169491525423723,556727.0,430100.0,1190.6306255046964,6308.565254539809
1789159810.7378106,118.66679739999972,50.847457627118644,10.169491525423723,556849.0,430476.0,1931.6511578491063,6111.041844831718
1789159810.7988725,118.72785729999987,57.627118644067764,10.169491525423723,556950.0,430839.0,1732.9164805790497,6199.196069700311
1789159810.8619022,118.79088759999968,64.40677966101691,10.169491525423723,557062.0,431159.0,1811.7362181759872,5034.536221662118
1789159810.9226038,118.85158799999999,71.18644067796606,10.169491525423723,557193.0,431460.0,2178.6100108094124,5005.401512438154
1789159810.9840493,118.91303319999997,77.96610169491527,10.169491525423723,557346.0,431806.0,2520.210490808673,5785.835352138221
1789159811.0454352,118.97441839999965,84.74576271186442,10.169491525423723,557515.0,432105.0,2785.638878282048,4914.789613274696
1789159811.1067133,119.03569579999976,91.52542372881356,10.169491525423723,557687.0,432370.0,2772.199811647759,4407.086880055412
1789159811.1671436,119.09612449999986,98.30508474576271,10.169491525423723,557907.0,432632.0,3760.642346659514,4321.122696402037
1789159811.2298152,119.15879649999988,105.08474576271186,10.169491525423723,558118.0,432890.0,3520.0492453148267,4174.530763287935
1789159811.29128,119.22025949999988,111.86440677966101,10.169491525423723,558355.0,433135.0,3993.3267073632783,4082.0673008602403
1789159811.3539252,119.2829044,118.64406779661016,10.169491525423723,558593.0,433342.0,3877.5599318650234,3388.4983188370024
1789159811.4153783,119.34435609999991,125.42372881355931,10.169491525423723,558864.0,433518.0,4436.384027616381,2786.0491693430877
1789159811.477373,119.40634969999974,132.20338983050846,10.169491525423723,559164.0,433699.0,4838.924092705826,3030.974431694858
1789159811.5384114,119.46738839999989,138.9830508474576,10.169491525423723,559454.0,433883.0,4737.262078646302,3080.1209712871396
1789159811.6000998,119.52907679999998,145.76271186440675,10.169491525423723,559769.0,434056.0,5088.1054933752785,2773.724175208051
1789159811.6608207,119.58979599999975,152.5423728813559,10.169491525423723,560162.0,434201.0,6279.451798429081,2411.0216074197615
1789159811.7225661,119.65154119999988,159.32203389830505,10.169491525423723,560496.0,434326.0,5246.45069664671,2084.4484249303428
1789159811.7836154,119.71258899999975,166.1016949152542,10.169491525423723,560860.0,434453.0,6042.468902743325,2091.6238509496125
1789159811.8462994,119.77527349999991,172.88135593220335,10.169491525423723,561231.0,434575.0,5724.159131642504,1961.054517321969
1789159811.908408,119.83737969999993,179.66101694915255,10.169491525423723,561654.0,434682.0,6882.4091240984335,1685.4879487588
1789159811.9717596,119.90073200000006,186.4406779661017,10.169491525423723,562102.0,434777.0,6801.585065020562,1374.2332995821596
1789159812.0328383,119.96180980000008,193.22033898305085,10.169491525423723,562525.0,434861.0,6953.4938178070215,1322.772602873315
1789159812.0948129,120.02378389999967,200.0,10.169491525423723,562993.0,434935.0,7543.958063360659,1230.9488681474268
1789159812.1566563,120.08562570000004,-200.0,16.94915254237287,563428.0,435008.0,7122.935144171435,1201.8848382224755
1789159812.218385,120.14735389999987,-193.22033898305085,16.94915254237287,563887.0,435073.0,7283.411763214091,1030.3362982107737
1789159812.2797184,120.2086862000001,-186.4406779661017,16.94915254237287,564339.0,435151.0,7285.571176250478,1357.116199497638
1789159812.3420746,120.27104299999974,-179.66101694915255,16.94915254237287,564831.0,435220.0,7975.3618286444425,1085.9309632752477
1789159812.403165,120.33213159999968,-172.8813559322034,16.94915254237287,565293.0,435290.0,7754.832922679207,1143.5698319158278
1789159812.4657917,120.39475850000008,-166.10169491525426,16.94915254237287,565789.0,435383.0,8194.297481475285,1478.5362847009753
1789159812.5276022,120.45656689999987,-159.32203389830508,16.94915254237287,566250.0,435471.0,7547.48922546282,1357.842687758498
1789159812.5892591,120.51822459999994,-152.54237288135593,16.94915254237287,566686.0,435587.0,7008.786013860218,1966.7511773587346
1789159812.6496885,120.57865330000004,-145.76271186440678,16.94915254237287,567092.0,435686.0,6809.417587082462,1625.5904054043012
1789159812.7103322,120.63929609999968,-138.98305084745763,16.94915254237287,567451.0,435787.0,5908.617004201997,1734.639854444623
1789159812.7710922,120.70005439999977,-132.20338983050848,16.94915254237287,567847.0,435919.0,6662.729053815977,2142.877722713787
1789159812.8324192,120.76138139999966,-125.42372881355932,16.94915254237287,568184.0,436045.0,5384.480531789737,2092.9708379382037
1789159812.8931034,120.8220639000001,-118.64406779661017,16.94915254237287,568543.0,436192.0,5831.848371928127,2447.936353648843
1789159812.955516,120.88447739999992,-111.86440677966102,16.94915254237287,568921.0,436357.0,6122.565212445834,2669.723203101381
1789159813.016259,120.94521809999969,-105.08474576271186,16.94915254237287,569216.0,436527.0,4673.821208366449,2822.2689604366637
1789159813.0776355,121.00659519999999,-98.30508474576271,16.94915254237287,569506.0,436721.0,4800.187740662023,3146.7897411006593
1789159813.1389725,121.06793049999987,-91.52542372881356,16.94915254237287,569810.0,436914.0,4757.694861318868,3071.1985485379255
1789159813.1996024,121.12856069999998,-84.74576271186442,16.94915254237287,570087.0,437127.0,4551.075395527879,3463.16892647739
1789159813.2614243,121.19038069999988,-77.96610169491527,16.94915254237287,570325.0,437378.0,3944.8432724571244,4104.769351070251
1789159813.3217165,121.25067339999987,-71.18644067796612,16.94915254237287,570557.0,437615.0,3774.734081835,3902.382094264203
1789159813.3828053,121.31176090000008,-64.40677966101697,16.94915254237287,570712.0,437847.0,2482.213777530517,3821.53775821245
1789159813.4444757,121.37343119999969,-57.62711864406779,16.94915254237287,570906.0,438108.0,3218.8035349622414,4291.738046616322
1789159813.505856,121.43481029999975,-50.847457627118644,16.94915254237287,571090.0,438400.0,3005.2511874211496,4819.071430716755
1789159813.5672197,121.49617390000003,-44.067796610169495,16.94915254237287,571242.0,438701.0,2491.04114843268,4999.875447925593
1789159813.6279385,121.55689140000004,-37.288135593220346,16.94915254237287,571384.0,439018.0,2390.916673862128,5393.045129012318
1789159813.6896422,121.61859490000006,-30.508474576271198,16.94915254237287,571511.0,439362.0,2009.4247354844774,5477.01609317893
1789159813.7507687,121.67972000000009,-23.72881355932205,16.94915254237287,571633.0,439694.0,2017.4608558987688,5409.651675551566
1789159813.8144886,121.74343959999987,-16.9491525423729,16.94915254237287,571742.0,440003.0,1666.2645646282563,4773.1537007580255
1789159813.8755767,121.80452590000004,-10.169491525423723,16.94915254237287,571835.0,440366.0,1481.1827333364201,5906.885358245241
1789159813.9390128,121.86796239999967,-3.3898305084745743,16.94915254237287,571924.0,440780.0,1368.1240940541409,6632.804152186532
1789159813.9996061,121.92855379999992,3.3898305084745743,16.94915254237287,572004.0,441090.0,1284.4122999669287,5065.287943531549
1789159814.0613377,121.99028589999989,10.169491525423723,16.94915254237287,572090.0,441468.0,1359.2399702357338,6259.657757664563
1789159814.1230326,122.0519789,16.94915254237287,16.94915254237287,572177.0,441821.0,1393.9470935304282,5716.947573466567
1789159814.1848145,122.11376109999992,23.72881355932202,16.94915254237287,572255.0,442165.0,1268.8518320611356,5611.541905171784
1789159814.2461576,122.17510249999987,30.50847457627117,16.94915254237287,572346.0,442537.0,1509.4982960483972,5949.199166778977
1789159814.3081603,122.23710579999988,37.28813559322032,16.94915254237287,572440.0,442900.0,1453.594011191196,6027.097119573252
1789159814.3702579,122.29920169999968,44.06779661016947,16.94915254237287,572532.0,443255.0,1457.3573721154587,5724.078353128188
1789159814.4322321,122.36117639999975,50.847457627118644,16.94915254237287,572651.0,443602.0,1969.000767899761,5584.802178042958
1789159814.493649,122.42259130000002,57.627118644067764,16.94915254237287,572781.0,443941.0,2151.252615740734,5475.915749158233
1789159814.555062,122.48400390000006,64.40677966101691,16.94915254237287,572900.0,444284.0,1996.305934775272,5539.2993505476015
1789159814.615728,122.54466909999974,71.18644067796606,16.94915254237287,573029.0,444600.0,2178.2374278847356,5220.569042037796
1789159814.6794088,122.60834989999967,77.96610169491527,16.94915254237287,573195.0,444898.0,2695.7386323975097,4691.285412224238
1789159814.7412107,122.67014999999992,84.74576271186442,16.94915254237287,573416.0,445181.0,3584.3812792853314,4431.919709855262
1789159814.8032477,122.73218739999993,91.52542372881356,16.94915254237287,573628.0,445449.0,3499.3337127306545,4436.024049976739
1789159814.8643076,122.79324580000002,98.30508474576271,16.94915254237287,573830.0,445689.0,3347.2114327916406,4009.4939087985426
1789159814.9259799,122.8549181999997,105.08474576271186,16.94915254237287,574080.0,445934.0,3976.3710419824033,4012.194204522785
1789159814.987072,122.91600779999999,111.86440677966101,16.94915254237287,574330.0,446167.0,3910.141729234329,3856.5781439023517
1789159815.0507216,122.97965829999976,118.64406779661016,16.94915254237287,574628.0,446383.0,4733.498833059525,3455.1086372697264
1789159815.1125941,123.0415293000001,125.42372881355931,16.94915254237287,574926.0,446592.0,4907.914807068439,3354.330263823753
1789159815.174948,123.10388340000009,132.20338983050846,16.94915254237287,575263.0,446781.0,5505.397255531872,2967.1946247347105
1789159815.2354658,123.1643994000001,138.9830508474576,16.94915254237287,575617.0,446948.0,5753.957875262419,2633.4728833489444
1789159815.299649,123.22858229999974,145.76271186440675,16.94915254237287,575970.0,447123.0,5366.82784352366,2735.018035641865
1789159815.361376,123.29030829999965,152.5423728813559,16.94915254237287,576336.0,447273.0,6003.906070667849,2260.2940501337785
1789159815.423039,123.35197139999991,159.32203389830505,16.94915254237287,576750.0,447405.0,6766.15419317162,2130.0855793318065
1789159815.4840817,123.41301329999988,166.1016949152542,16.94915254237287,577164.0,447525.0,6680.409564595605,2041.7337543268068
1789159815.546148,123.47507909999968,172.88135593220335,16.94915254237287,577606.0,447651.0,7242.49162806403,1986.4115387651345
1789159815.60831,123.5372395999998,179.66101694915255,16.94915254237287,578005.0,447737.0,6454.260689018384,1350.4838941696075
1789159815.6695824,123.59851179999987,186.4406779661017,16.94915254237287,578404.0,447820.0,6478.086351792294,1360.0402285530784
1789159815.7303064,123.65923369999973,193.22033898305085,16.94915254237287,578843.0,447885.0,7198.646654429111,1079.7969981643666
1789159815.7920084,123.72093670000004,200.0,16.94915254237287,579319.0,447975.0,7743.603071803209,1424.110909756912
1789159815.8530498,123.7819770000001,-200.0,23.72881355932202,579788.0,448030.0,7526.983610476289,876.0622254473591
1789159815.91543,123.8443569000001,-193.22033898305085,23.72881355932202,580251.0,448097.0,7453.673834973817,1054.7651653264834
1789159815.976187,123.90511259999994,-186.4406779661017,23.72881355932202,580742.0,448164.0,8201.733875331338,1115.1480269090853
1789159816.0375464,123.96647159999975,-179.66101694915255,23.72881355932202,581139.0,448247.0,6506.273906987666,1322.704036035954
1789159816.0992937,124.02821760000006,-172.8813559322034,23.72881355932202,581560.0,448317.0,6925.232224955019,1095.3173417020694
1789159816.1603217,124.08924509999997,-166.10169491525426,23.72881355932202,581998.0,448434.0,7078.1275135607575,1984.0205909223334
1789159816.2213256,124.15024820000008,-159.32203389830508,23.72881355932202,582446.0,448529.0,7112.642453894302,1519.0316798517981
1789159816.28233,124.21125200000006,-152.54237288135593,23.72881355932202,582889.0,448626.0,7386.184794107266,1645.3486708422965
1789159816.342391,124.27131239999972,-145.76271186440678,23.72881355932202,583314.0,448728.0,7095.60549169291,1668.4757099329581
1789159816.4078336,124.33675439999979,-138.98305084745763,23.72881355932202,583713.0,448872.0,6643.288100878651,2141.8251254198926
1789159816.4686735,124.39759400000003,-132.20338983050848,23.72881355932202,584124.0,448995.0,6607.000188480593,2046.7337540401838
1789159816.531532,124.46045159999994,-125.42372881355932,23.72881355932202,584520.0,449141.0,6377.73537998475,2312.6065967083514
1789159816.59336,124.5222788000001,-118.64406779661017,23.72881355932202,584832.0,449293.0,5079.866794627168,2539.933397313584
1789159816.6567562,124.58567349999976,-111.86440677966102,23.72881355932202,585166.0,449480.0,5418.810509344411,2841.7866189070037
1789159816.7197804,124.64869759999965,-105.08474576271186,23.72881355932202,585472.0,449663.0,4954.54592536299,2952.0116837528617
1789159816.781841,124.71075679999967,-98.30508474576271,23.72881355932202,585730.0,449896.0,4250.861288520924,3806.2105261233373
1789159816.843173,124.77208900000005,-91.52542372881356,23.72881355932202,585972.0,450140.0,4089.30170219336,3981.214432531862
1789159816.904008,124.8329220999999,-84.74576271186442,23.72881355932202,586225.0,450381.0,4072.6693387206346,4090.610613340549
1789159816.9649467,124.89386149999973,-77.96610169491527,23.72881355932202,586445.0,450640.0,3639.5834578047998,4345.771292901253
1789159817.0253315,124.95424490000005,-71.18644067796612,23.72881355932202,586653.0,450885.0,3492.827036294088,3981.460870387043
1789159817.0867019,125.0156149999998,-64.40677966101697,23.72881355932202,586873.0,451167.0,3535.232410460819,4618.8966166824775
1789159817.1480882,125.07699989999992,-57.62711864406779,23.72881355932202,587012.0,451445.0,2308.3738926453893,4563.477618537424
1789159817.2114282,125.14033979999977,-50.847457627118644,23.72881355932202,587169.0,451745.0,2432.629203017538,4795.754714520289
1789159817.272903,125.20181249999996,-44.067796610169495,23.72881355932202,587322.0,452064.0,2377.8807403917767,5252.632083253477
1789159817.333622,125.26253019999967,-37.288135593220346,23.72881355932202,587437.0,452384.0,1935.1244990408882,5353.241604823392
1789159817.3953662,125.32427479999978,-30.508474576271198,23.72881355932202,587530.0,452719.0,1483.4253704579348,5421.566532506977
1789159817.4600215,125.38893030000008,-23.72881355932205,23.72881355932202,587645.0,453090.0,1741.2799431921899,5599.410013402336
1789159817.521158,125.45006459999968,-16.9491525423729,23.72881355932202,587726.0,453448.0,1302.733956743277,5835.534299384269
1789159817.5828292,125.5117366999998,-10.169491525423723,23.72881355932202,587825.0,453782.0,1609.1210040995034,5550.563463579186
1789159817.6442018,125.57310800000005,-3.3898305084745743,23.72881355932202,587920.0,454126.0,1428.5994903393694,5535.823025065057
1789159817.7054713,125.63437720000002,3.3898305084745743,23.72881355932202,588004.0,454483.0,1431.4266134445618,5797.277784450474
1789159817.7672951,125.6961997999997,10.169491525423723,23.72881355932202,588082.0,454833.0,1235.7622534693407,5507.968901177633
1789159817.829338,125.7582425999999,16.94915254237287,23.72881355932202,588171.0,455206.0,1405.228874424636,5887.731106766513
1789159817.8897038,125.81860649999999,23.72881355932202,23.72881355932202,588254.0,455567.0,1355.9469119639016,5984.245704800685
1789159817.9523559,125.88125889999992,30.50847457627117,23.72881355932202,588329.0,455927.0,1168.1374579236913,5699.09487047619
1789159818.0120888,125.94099069999993,37.28813559322032,23.72881355932202,588428.0,456235.0,1703.2530301519712,5073.129993033291
1789159818.073072,126.00197359999993,44.06779661016947,23.72881355932202,588560.0,456584.0,2287.91727468435,5782.846024989578
1789159818.1338074,126.06270760000007,50.847457627118644,23.72881355932202,588665.0,456907.0,1690.9759449750761,5324.775316091729
1789159818.1972327,126.12613250000004,57.627118644067764,23.72881355932202,588812.0,457224.0,2330.8695179250712,4955.255938107373
1789159818.2579331,126.18683179999971,64.40677966101691,23.72881355932202,588951.0,457535.0,2321.2585900019444,5182.344759074109
1789159818.3193336,126.24823199999992,71.18644067796606,23.72881355932202,589113.0,457838.0,2663.7157225262426,5023.517570670297
1789159818.3803062,126.30920389999983,77.96610169491527,23.72881355932202,589293.0,458135.0,2933.443232458343,4733.101657279413
1789159818.441392,126.37028909999981,84.74576271186442,23.72881355932202,589507.0,458395.0,3595.861002963517,4275.675520936719
1789159818.5024858,126.43138139999974,91.52542372881356,23.72881355932202,589743.0,458634.0,3842.859374697733,3824.90208790008
1789159818.563092,126.49198789999991,98.30508474576271,23.72881355932202,589972.0,458864.0,3815.79521170166,3833.9656650907154
1789159818.62456,126.55345420000003,105.08474576271186,23.72881355932202,590244.0,459097.0,4437.792746113133,3719.1218560543266
1789159818.6876552,126.61654939999971,111.86440677966101,23.72881355932202,590492.0,459318.0,4119.881318499993,3595.861326234643
1789159818.750416,126.67930969999998,118.64406779661016,23.72881355932202,590819.0,459519.0,5103.222693821195,3135.085613951587
1789159818.815118,126.74401080000007,125.42372881355931,23.72881355932202,591164.0,459716.0,5414.662624187242,2927.7980313194857
1789159818.8797996,126.8086917999999,132.20338983050846,23.72881355932202,591499.0,459915.0,5158.286430849114,3020.3124496419155
1789159818.942202,126.8710928999999,138.9830508474576,23.72881355932202,591849.0,460077.0,5680.475933737952,2596.7889982802067
1789159819.004629,126.93352000000004,145.76271186440675,23.72881355932202,592254.0,460234.0,6548.064195622548,2527.9389924119223
1789159819.0673847,126.99627400000008,152.5423728813559,23.72881355932202,592658.0,460380.0,6397.186667432635,2323.0007451571023
1789159819.1304388,127.05932849999999,159.32203389830505,23.72881355932202,593054.0,460501.0,6295.175733069488,1918.197591794027
1789159819.192819,127.12170699999979,166.1016949152542,23.72881355932202,593476.0,460616.0,6567.386712555042,1916.9669323133637
1789159819.2561243,127.18501239999978,172.88135593220335,23.72881355932202,593927.0,460706.0,7115.4813040353265,1356.9866545593043
1789159819.3179467,127.2468329999997,179.66101694915255,23.72881355932202,594368.0,460808.0,7176.469748162842,1570.968502085398
1789159819.3793337,127.30822020000005,186.4406779661017,23.72881355932202,594835.0,460895.0,7504.904991461863,1447.374534067645
1789159819.4410193,127.36990509999987,193.22033898305085,23.72881355932202,595312.0,460970.0,7625.00507454682,1217.8827549623393
1789159819.5026467,127.43153219999976,200.0,23.72881355932202,595784.0,461041.0,7564.794691480865,1228.1666675580698
1789159819.5637777,127.49266129999978,-200.0,30.50847457627117,596282.0,461117.0,7916.326395719817,1161.5377330062936
1789159819.625408,127.5542916999998,-193.22033898305085,30.50847457627117,596734.0,461180.0,7556.21050667644,1074.3427260677404
1789159819.68754,127.61642200000006,-186.4406779661017,30.50847457627117,597202.0,461257.0,7528.415821237422,1123.1203089957926
1789159819.749644,127.67852649999986,-179.66101694915255,30.50847457627117,597676.0,461346.0,7590.463391594542,1510.9821739708107
1789159819.8103063,127.73918679999997,-172.8813559322034,30.50847457627117,598168.0,461433.0,8228.807669196209,1440.4914957017434
1789159819.8719418,127.80082279999988,-166.10169491525426,30.50847457627117,598582.0,461536.0,6790.553745325641,1729.1595744065291
1789159819.9327075,127.86158699999987,-159.32203389830508,30.50847457627117,598978.0,461631.0,6620.681714359936,1601.197479831615
1789159819.9957478,127.92462709999973,-152.54237288135593,30.50847457627117,599422.0,461747.0,7196.267135371122,1838.8495874166995
1789159820.056437,127.98531520000006,-145.76271186440678,30.50847457627117,599843.0,461891.0,6842.7412021001255,2412.966634424781
1789159820.1168659,128.0457435999997,-138.98305084745763,30.50847457627117,600228.0,462053.0,6366.304884513931,2712.914013287186
1789159820.1771708,128.10604759999978,-132.20338983050848,30.50847457627117,600625.0,462198.0,6422.375193363655,2424.2204955231823
1789159820.2382057,128.1670822000001,-125.42372881355932,30.50847457627117,600969.0,462375.0,5444.681853290116,2973.0828540992084
1789159820.2996168,128.22849159999987,-118.64406779661017,30.50847457627117,601292.0,462558.0,5154.813262452845,2950.6862123005944
1789159820.361383,128.29025759999968,-111.86440677966102,30.50847457627117,601586.0,462758.0,4784.5181561942645,3177.7769843379815
1789159820.423663,128.35253680000005,-105.08474576271186,30.50847457627117,601897.0,462993.0,4922.895154654482,3850.407281676184
1789159820.4843667,128.4132400999997,-98.30508474576271,30.50847457627117,602147.0,463190.0,4105.977438730994,3331.60450072471
1789159820.5459383,128.4748107999999,-91.52542372881356,30.50847457627117,602395.0,463426.0,4095.3235305594094,3918.0367976347598
1789159820.608153,128.5370253000001,-84.74576271186442,30.50847457627117,602625.0,463690.0,3592.8821994996133,4106.151085142415
1789159820.6693401,128.59821079999983,-77.96610169491527,30.50847457627117,602844.0,463937.0,3696.600199308403,4178.7654426964555
1789159820.7316313,128.66050159999986,-71.18644067796612,30.50847457627117,603028.0,464235.0,2932.160469146858,4780.3100981848775
1789159820.793052,128.7219210999997,-64.40677966101697,30.50847457627117,603202.0,464488.0,2929.3927047356733,4108.294646885395
1789159820.8579054,128.78677449999986,-57.62711864406779,30.50847457627117,603354.0,464786.0,2320.5200777571636,4588.301062838028
1789159820.9221156,128.85098440000002,-50.847457627118644,30.50847457627117,603496.0,465148.0,2222.4710485025803,5462.867768075045
1789159820.9856539,128.91452059999983,-44.067796610169495,30.50847457627117,603621.0,465541.0,1770.2373534219282,6107.318869305653
1789159821.0509837,128.97985119999976,-37.288135593220346,30.50847457627117,603740.0,465922.0,1801.7386778189546,5638.774750951913
1789159821.1144052,129.0432707,-30.508474576271198,30.50847457627117,603858.0,466292.0,1972.600402692287,5882.258858478801
1789159821.1786387,129.10750449999978,-23.72881355932205,30.50847457627117,603964.0,466625.0,1652.4401894138468,5026.1722428004505
1789159821.2412338,129.1700977999999,-16.9491525423729,30.50847457627117,604049.0,466996.0,1413.230308843388,5847.240402839518
1789159821.3035893,129.2324534999998,-10.169491525423723,30.50847457627117,604126.0,467393.0,1177.8190307468308,6293.421089662171
1789159821.3649473,129.29381049999984,-3.3898305084745743,30.50847457627117,604209.0,467750.0,1404.179834559127,5918.8846190910035
1789159821.4259794,129.35484180000003,3.3898305084745743,30.50847457627117,604285.0,468105.0,1235.4720129742989,5855.063018008634
1789159821.4867246,129.4155864999998,10.169491525423723,30.50847457627117,604370.0,468448.0,1365.9778064525442,5625.671755521663
1789159821.5480914,129.4769527999997,16.94915254237287,30.50847457627117,604449.0,468806.0,1260.7272798395852,5966.258676423952
1789159821.610158,129.53901869999981,23.72881355932202,30.50847457627117,604528.0,469148.0,1281.2637121552227,5669.153137344341
1789159821.670807,129.5996666000001,30.50847457627117,30.50847457627117,604622.0,469492.0,1602.4054085584153,5851.480424511067
1789159821.732679,129.6615369000001,37.28813559322032,30.50847457627117,604732.0,469830.0,1816.594502584941,5449.7835077548225
1789159821.7938743,129.72273259999974,44.06779661016947,30.50847457627117,604836.0,470197.0,1641.952244730077,6075.223305501285
1789159821.855628,129.78448549999985,50.847457627118644,30.50847457627117,604974.0,470551.0,2244.549897051436,5761.600523139906
1789159821.9170377,129.84589499999993,57.627118644067764,30.50847457627117,605122.0,470889.0,2361.4820804640935,5545.904885938401
1789159821.9787865,129.90764189999982,64.40677966101691,30.50847457627117,605286.0,471187.0,2629.2710213569135,5011.496443391701
1789159822.0404243,129.9692798000001,71.18644067796606,30.50847457627117,605487.0,471484.0,3201.086946872645,4801.630420308968
1789159822.101675,130.03052909999997,77.96610169491527,30.50847457627117,605675.0,471767.0,3196.811047038576,4589.83485524533
1789159822.163865,130.0927188999999,84.74576271186442,30.50847457627117,605857.0,472029.0,2828.64294522399,4251.859521437318
1789159822.2249117,130.1537645999997,91.52542372881356,30.50847457627117,606096.0,472289.0,3826.532893006507,4380.843732647637
1789159822.2863932,130.2152455999999,98.30508474576271,30.50847457627117,606351.0,472510.0,4223.654952203947,3638.0221226966773
1789159822.3483994,130.27725039999996,105.08474576271186,30.50847457627117,606622.0,472720.0,4335.380793909394,3322.6074117256417
1789159822.4124484,130.3412985,111.86440677966101,30.50847457627117,606919.0,472913.0,4705.472289980619,2962.7047751729824
1789159822.4743462,130.40319599999975,118.64406779661016,30.50847457627117,607237.0,473113.0,5147.867120700217,3163.7933345970087
1789159822.542647,130.47149569999965,125.42372881355931,30.50847457627117,607588.0,473297.0,5181.000179744945,2678.6123378273187
1789159822.6095648,130.53841379999994,132.20338983050846,30.50847457627117,607946.0,473466.0,5431.053266583127,2585.4415251099317
1789159822.6728358,130.60168339999973,138.9830508474576,30.50847457627117,608353.0,473616.0,6515.617953982763,2414.5069257265823
1789159822.7367902,130.66563799999994,145.76271186440675,30.50847457627117,608785.0,473764.0,6670.1048650225475,2200.4469657806344
1789159822.7989619,130.72780770000008,152.5423728813559,30.50847457627117,609176.0,473902.0,6107.381824845189,2233.9685730997153
1789159822.861998,130.7908441999998,159.32203389830505,30.50847457627117,609617.0,474021.0,6973.62197056417,1895.573054342879
1789159822.9241571,130.85300159999997,166.1016949152542,30.50847457627117,610031.0,474111.0,6526.269119952136,1365.5508756421589
1789159822.9864302,130.91527499999984,172.88135593220335,30.50847457627117,610419.0,474207.0,6273.52572144498,1476.1236991635249
1789159823.0478535,130.97669619999988,179.66101694915255,30.50847457627117,610801.0,474276.0,6161.341929624004,1029.8496597066057
1789159823.110222,131.03906529999995,186.4406779661017,30.50847457627117,611267.0,474351.0,7678.820080283351,1150.0536986599489
1789159823.1712897,131.10013149999986,193.22033898305085,30.50847457627117,611760.0,474420.0,8218.0449647265,1127.9669559428528
1789159823.23194,131.16078209999978,200.0,30.50847457627117,612222.0,474484.0,7408.4673891939665,1086.8167319110953
1789159823.2923293,131.2211702999998,-200.0,37.28813559322032,612662.0,474554.0,7238.273092785476,1085.7409639178213
1789159823.3537054,131.28254590000006,-193.22033898305085,37.28813559322032,613164.0,474633.0,8062.55405375226,1385.196511437613
1789159823.4150686,131.34390799999983,-186.4406779661017,37.28813559322032,613623.0,474718.0,7501.048724848932,1404.2247612868853
1789159823.4791763,131.40801509999983,-179.66101694915255,37.28813559322032,614102.0,474831.0,7493.52086702826,1830.2147739746442
1789159823.5406268,131.46946359999993,-172.8813559322034,37.28813559322032,614530.0,474948.0,6910.4817263200375,1954.120796645769
1789159823.6022265,131.5310639999998,-166.10169491525426,37.28813559322032,614954.0,475054.0,6832.545692662106,1761.5156863894492
1789159823.662957,131.59179339999991,-159.32203389830508,37.28813559322032,615382.0,475159.0,7178.221384275469,1835.0340380854582
1789159823.723964,131.65279999999984,-152.54237288135593,37.28813559322032,615791.0,475295.0,6711.70969617394,2255.134457914444
1789159823.7858152,131.71464979999973,-145.76271186440678,37.28813559322032,616214.0,475435.0,6824.506149103239,2221.932234591752
1789159823.84781,131.77664479999976,-138.98305084745763,37.28813559322032,616624.0,475601.0,6615.456799120361,2660.5641474723193
1789159823.909179,131.8380118,-132.20338983050848,37.28813559322032,616971.0,475785.0,5629.630681998561,3178.8766311600707
1789159823.9704752,131.89930839999988,-125.42372881355932,37.28813559322032,617276.0,475973.0,4868.322612294467,3060.599877582183
1789159824.032616,131.96144809999987,-118.64406779661017,37.28813559322032,617622.0,476183.0,5652.990642697779,3370.727339745259
1789159824.094314,132.02314549999983,-111.86440677966102,37.28813559322032,617908.0,476380.0,4528.012828773646,3239.4083873835175
1789159824.1550677,132.0838977999997,-105.08474576271186,37.28813559322032,618178.0,476622.0,4506.129952458282,3967.5486832401607
1789159824.2156758,132.14450639999995,-98.30508474576271,37.28813559322032,618426.0,476878.0,4093.958151059772,4311.336459965601
1789159824.277739,132.2065680999999,-91.52542372881356,37.28813559322032,618662.0,477134.0,3777.6692308123565,4023.656994679208
1789159824.3394275,132.2682566999997,-84.74576271186442,37.28813559322032,618896.0,477379.0,3681.688667863242,3930.691766172833
1789159824.400891,132.32971859999998,-77.96610169491527,37.28813559322032,619104.0,477683.0,3300.189494757304,5056.741967773289
1789159824.4628956,132.3917223999997,-71.18644067796612,37.28813559322032,619297.0,477991.0,3024.410551286198,4981.382084471385
1789159824.5246286,132.4534550999997,-64.40677966101697,37.28813559322032,619446.0,478311.0,2403.5979190121566,5056.457844440389
1789159824.5863838,132.5152095999997,-57.62711864406779,37.28813559322032,619580.0,478590.0,2237.7205087146635,4599.75882346903
1789159824.6480682,132.57689260000006,-50.847457627118644,37.28813559322032,619689.0,478895.0,1653.3392118747433,5048.906840563733
1789159824.7121482,132.6409725999997,-44.067796610169495,37.28813559322032,619817.0,479277.0,2061.9143096877533,6025.766818828865
1789159824.7728055,132.70162879999998,-37.288135593220346,37.28813559322032,619917.0,479631.0,1510.8593012220408,5665.722379582653
1789159824.834974,132.76379670000006,-30.508474576271198,37.28813559322032,620007.0,479994.0,1331.7092399327976,5841.764532505205
1789159824.8969364,132.82575829999996,-23.72881355932205,37.28813559322032,620099.0,480397.0,1519.2789431486992,6571.764730829257
1789159824.960667,132.88948739999978,-16.9491525423729,37.28813559322032,620182.0,480818.0,1334.7547300354968,6498.148027804393
1789159825.0223625,132.9511834,-10.169491525423723,37.28813559322032,620279.0,481201.0,1548.0482136868352,6138.8118818615885
1789159825.0847387,133.01355869999998,-3.3898305084745743,37.28813559322032,620370.0,481590.0,1400.0538754918005,6025.54832490142
1789159825.1479814,133.07680119999986,3.3898305084745743,37.28813559322032,620451.0,481970.0,1341.9631889180087,6056.039006399218
1789159825.2106063,133.13942429999997,10.169491525423723,37.28813559322032,620550.0,482358.0,1609.9738786289302,6132.372414103454
1789159825.2724829,133.20130119999976,16.94915254237287,37.28813559322032,620644.0,482744.0,1596.3152023027728,6295.58017986824
1789159825.335974,133.2647893999997,23.72881355932202,37.28813559322032,620744.0,483111.0,1609.5938870793464,5907.74020092859
1789159825.3992307,133.32804749999968,30.50847457627117,37.28813559322032,620855.0,483471.0,1776.752757886853,5626.383733308368
1789159825.460888,133.3897022000001,37.28813559322032,37.28813559322032,620970.0,483800.0,1942.7849822738724,5360.647451089018
1789159825.524201,133.4530160999998,44.06779661016947,37.28813559322032,621118.0,484158.0,2378.0428533671816,5658.70051239198
1789159825.5862794,133.51509339999984,50.847457627118644,37.28813559322032,621275.0,484492.0,2504.46273945493,5612.838479913177
1789159825.6484294,133.57724310000003,57.627118644067764,37.28813559322032,621427.0,484787.0,2504.077943838908,4814.178018788886
1789159825.7094295,133.63824149999982,64.40677966101691,37.28813559322032,621592.0,485085.0,2785.435742143308,4910.223263393652
1789159825.7718024,133.70061459999988,71.18644067796606,37.28813559322032,621814.0,485356.0,3587.028738632459,4399.8529848250355
1789159825.8338168,133.76262730000008,77.96610169491527,37.28813559322032,622058.0,485629.0,3938.0437988003705,4414.847308072164
1789159825.897074,133.82588469999973,84.74576271186442,37.28813559322032,622318.0,485911.0,4202.747546205815,4587.999404608015
1789159825.9586773,133.8874866000001,91.52542372881356,37.28813559322032,622609.0,486133.0,4621.655299182027,3537.3438636047053
1789159826.0206451,133.94945430000007,98.30508474576271,37.28813559322032,622903.0,486370.0,4779.549970459618,3884.503159512124
1789159826.0827394,134.01154719999977,105.08474576271186,37.28813559322032,623213.0,486569.0,4921.94325351656,3234.4198523108826
1789159826.1446912,134.07349939999995,111.86440677966101,37.28813559322032,623545.0,486752.0,5595.4822717583165,2940.3011937583515
1789159826.2066236,134.1354296999998,118.64406779661016,37.28813559322032,623885.0,486923.0,5388.473613251419,2667.7361167244726
1789159826.2702198,134.19902610000008,125.42372881355931,37.28813559322032,624248.0,487079.0,5770.360753090349,2374.996041668284
1789159826.33201,134.2608148999998,132.20338983050846,37.28813559322032,624605.0,487233.0,5801.04700959545,2539.060089306215
1789159826.393729,134.3225327,138.9830508474576,37.28813559322032,625019.0,487362.0,6695.35414804144,2026.7017961638953
1789159826.4557176,134.3845209000001,145.76271186440675,37.28813559322032,625431.0,487474.0,6700.090513088392,1714.7988912125966
1789159826.5173912,134.44619439999997,152.5423728813559,37.28813559322032,625861.0,487591.0,6934.492164034946,1831.4171612707678
1789159826.5777152,134.5065181,159.32203389830505,37.28813559322032,626263.0,487689.0,6599.774447255922,1649.9436118139804
1789159826.6381822,134.56698430000006,166.1016949152542,37.28813559322032,626685.0,487775.0,7118.7365507788445,1373.1573042111477
1789159826.69953,134.62833120000005,172.88135593220335,37.28813559322032,627141.0,487871.0,7443.804643062591,1628.3322656699418
1789159826.7619019,134.69070280000005,179.66101694915255,37.28813559322032,627589.0,487957.0,7413.276088318218,1352.6593810438455
1789159826.8232365,134.75203650000003,186.4406779661017,37.28813559322032,628050.0,488033.0,7376.492628881775,1297.5517154418544
1789159826.8839722,134.81277150000005,193.22033898305085,37.28813559322032,628470.0,488105.0,7051.894387105088,1205.298275347043
1789159826.94573,134.87452769999982,200.0,37.28813559322032,628905.0,488167.0,6928.916738063318,989.8452482947597
1789159827.0080738,134.93687139999975,-200.0,44.06779661016947,629375.0,488231.0,7604.807669990265,1073.6199063515667
1789159827.0699062,134.99870209999972,-193.22033898305085,44.06779661016947,629855.0,488312.0,7666.04927067199,1268.8633275595016
1789159827.1321707,135.06096690000004,-186.4406779661017,44.06779661016947,630323.0,488386.0,7349.95627582164,1233.934265283925
1789159827.1932688,135.12206359999982,-179.66101694915255,44.06779661016947,630788.0,488463.0,7667.615139329233,1197.5063271213487
1789159827.2576728,135.18646659999968,-172.8813559322034,44.06779661016947,631242.0,488582.0,7257.328668875849,1884.7916688585337
1789159827.32268,135.2514742999997,-166.10169491525426,44.06779661016947,631675.0,488702.0,6797.2844512305865,1867.5707279371168
1789159827.3847923,135.31358490000002,-159.32203389830508,44.06779661016947,632093.0,488811.0,6842.597042535518,1840.1762281492383
1789159827.4458942,135.37468739999986,-152.54237288135593,44.06779661016947,632433.0,488925.0,5642.738681514276,1917.084295642671
1789159827.5085795,135.43737109999984,-145.76271186440678,44.06779661016947,632807.0,489075.0,6089.244826801568,2474.86851147783
1789159827.570587,135.49937869999985,-138.98305084745763,44.06779661016947,633150.0,489260.0,5507.514835779007,2851.157197943473
1789159827.6306279,135.55941859999984,-132.20338983050848,44.06779661016947,633529.0,489435.0,6428.642973565442,2913.8325092647897
1789159827.691839,135.62062930000002,-125.42372881355932,44.06779661016947,633832.0,489667.0,5046.281354269576,3887.2414672465284
1789159827.7555146,135.68430309999985,-118.64406779661017,44.06779661016947,634130.0,489886.0,4540.899133527186,3441.150124626071
1789159827.8180635,135.74685229999977,-111.86440677966102,44.06779661016947,634420.0,490124.0,4547.50569314834,3917.851058712416
1789159827.879512,135.80829939999967,-105.08474576271186,44.06779661016947,634692.0,490371.0,4307.948612095409,3986.193114096582
1789159827.9419231,135.8707104,-98.30508474576271,44.06779661016947,634905.0,490620.0,3494.8578172622906,4074.407103541967
1789159828.0034404,135.93222560000004,-91.52542372881356,44.06779661016947,635110.0,490888.0,3262.5096855650636,4184.52329235519
1789159828.066435,135.99522069999966,-84.74576271186442,44.06779661016947,635303.0,491167.0,3089.0947893136895,4412.992556162413
1789159828.1277573,136.05654129999994,-77.96610169491527,44.06779661016947,635485.0,491469.0,2967.2211437636297,4879.827543659463
1789159828.1911263,136.11991089999992,-71.18644067796612,44.06779661016947,635648.0,491769.0,2550.8198439685584,4874.511893611149
1789159828.2525573,136.1813400000001,-64.40677966101697,44.06779661016947,635784.0,492087.0,2237.9510315083808,5115.316643447727
1789159828.315671,136.24445389999983,-57.62711864406779,44.06779661016947,635928.0,492468.0,2245.0626162002773,6156.382642861698
1789159828.3776665,136.30644809999967,-50.847457627118644,44.06779661016947,636043.0,492792.0,1878.5079380212599,5091.283196506219
1789159828.441414,136.3701956,-44.067796610169495,44.06779661016947,636145.0,493114.0,1673.2908282968303,4968.121222159661
1789159828.5032046,136.4319830999998,-37.288135593220346,44.06779661016947,636234.0,493449.0,1374.9072378294939,5482.001935448367
1789159828.5651474,136.49392769999986,-30.508474576271198,44.06779661016947,636333.0,493845.0,1619.2257254048272,6370.140765878332
1789159828.624781,136.55355999999983,-23.72881355932205,44.06779661016947,636413.0,494185.0,1393.48545549763,5610.612491872036
1789159828.686173,136.61495130000003,-16.9491525423729,44.06779661016947,636492.0,494506.0,1298.1170190248222,5210.250501017436
1789159828.7472658,136.67604290000008,-10.169491525423723,44.06779661016947,636568.0,494855.0,1128.0073481608504,5729.56113351543
1789159828.8093593,136.73813629999995,-3.3898305084745743,44.06779661016947,636630.0,495167.0,1024.1885071968884,5067.9672683708095
1789159828.870716,136.7994918999998,3.3898305084745743,44.06779661016947,636714.0,495531.0,1334.163479496797,5905.8970025724875
1789159828.933053,136.86182860000008,10.169491525423723,44.06779661016947,636802.0,495892.0,1371.156148309318,5677.992767998842
1789159828.9937644,136.92253859999983,16.94915254237287,44.06779661016947,636902.0,496261.0,1620.0016200124821,6138.0061380472935
1789159829.0551114,136.98388549999981,23.72881355932202,44.06779661016947,637007.0,496623.0,1718.9021944690114,5980.347218256769
1789159829.1165545,137.04532709999967,30.50847457627117,44.06779661016947,637113.0,496962.0,1759.2681444516224,5722.064065792146
1789159829.1782355,137.1070083999998,37.28813559322032,44.06779661016947,637243.0,497300.0,2099.58061766062,5533.640441461465
1789159829.2396066,137.16837799999985,44.06779661016947,44.06779661016947,637382.0,497680.0,2258.4603346872464,6170.753827846256
1789159829.3006701,137.2294413999998,50.847457627118644,44.06779661016947,637550.0,497965.0,2753.81107782212,4738.700880667933
1789159829.3627014,137.29147199999989,57.627118644067764,44.06779661016947,637735.0,498257.0,3022.3424911684297,4867.377151474739
1789159829.4237843,137.3525540999999,64.40677966101691,44.06779661016947,637950.0,498572.0,3502.1826102422224,5110.327686373856
1789159829.4841404,137.4129095999997,71.18644067796606,44.06779661016947,638173.0,498826.0,3727.056439582982,4306.0166632075225
1789159829.5448446,137.4736128999998,77.96610169491527,44.06779661016947,638408.0,499075.0,3886.4298823297354,4192.306308253836
1789159829.6055517,137.53431899999987,84.74576271186442,44.06779661016947,638657.0,499310.0,4008.167314929656,3792.4811813908404
1789159829.6672683,137.59603519999973,91.52542372881356,44.06779661016947,638941.0,499546.0,4581.632979233227,3853.5440174170944
1789159829.728274,137.65704039999991,98.30508474576271,44.06779661016947,639219.0,499724.0,4427.207529865731,2879.484572270394
1789159829.7902982,137.71906360000003,105.08474576271186,44.06779661016947,639534.0,499901.0,4948.800315029659,2749.3335083498105
1789159829.851708,137.78047220000008,111.86440677966101,44.06779661016947,639877.0,500065.0,5421.635007688535,2612.4049872030564
1789159829.9178734,137.8466368999998,118.64406779661016,44.06779661016947,640251.0,500258.0,5921.046711485224,2843.5421897102287
1789159829.9805098,137.90927299999976,125.42372881355931,44.06779661016947,640661.0,500391.0,6724.580642780698,2158.9443116295924
1789159830.043642,137.9724041999998,132.20338983050846,44.06779661016947,641063.0,500539.0,6279.586513399828,2289.991663006205
1789159830.1076536,138.03641599999992,138.9830508474576,44.06779661016947,641485.0,500654.0,6622.256585122493,1740.9025043363254
1789159830.170388,138.09914819999995,145.76271186440675,44.06779661016947,641900.0,500776.0,6493.117998785793,1970.8108831002949
1789159830.2340045,138.1627653999999,152.5423728813559,44.06779661016947,642326.0,500864.0,6474.3854960192375,1419.517675597801
1789159830.2958894,138.22464809999974,159.32203389830505,44.06779661016947,642759.0,500978.0,6929.768694117216,1809.339084625905
1789159830.358429,138.2871881000001,166.1016949152542,44.06779661016947,643251.0,501058.0,7984.767520406482,1298.621530791384
1789159830.4206226,138.34937929999978,172.88135593220335,44.06779661016947,643760.0,501148.0,8222.074311898537,1494.9226021633704
1789159830.4844284,138.41318629999978,179.66101694915255,44.06779661016947,644293.0,501240.0,8179.352140081162,1432.2494253728619
1789159830.5449061,138.47366199999988,186.4406779661017,44.06779661016947,644776.0,501308.0,8013.384517947311,1118.9861263800299
1789159830.6057627,138.5345195,193.22033898305085,44.06779661016947,645282.0,501379.0,8257.623427103714,1081.7847284415345
1789159830.667972,138.59672629999977,200.0,44.06779661016947,645790.0,501444.0,7912.416995021749,1046.7098715387517
1789159830.729941,138.65869589999966,-200.0,50.847457627118644,646260.0,501530.0,7506.63532942848,1447.7082421040639
1789159830.7905858,138.71933959999978,-193.22033898305085,50.847457627118644,646732.0,501608.0,8035.602787820684,1321.1689268263738
1789159830.8526506,138.7814042,-186.4406779661017,50.847457627118644,647160.0,501705.0,6948.938562898397,1573.678198722538
1789159830.9137444,138.84249599999976,-179.66101694915255,50.847457627118644,647571.0,501800.0,6689.142662947307,1520.259696124388
1789159830.9760506,138.9048029999999,-172.8813559322034,50.847457627118644,647990.0,501924.0,6820.044233343812,2026.6281313553966
1789159831.03626,138.96501089999992,-166.10169491525426,50.847457627118644,648367.0,502037.0,6170.699702949133,1905.6572612048794
1789159831.0971234,139.02587390000008,-159.32203389830508,50.847457627118644,648775.0,502171.0,6678.535618528983,2196.1761333168083
1789159831.1585486,139.08729799999992,-152.54237288135593,50.847457627118644,649149.0,502324.0,6042.306874107176,2484.8540103576847
1789159831.2198925,139.1486418999998,-145.76271186440678,50.847457627118644,649514.0,502499.0,5939.687128804838,2916.171692756592
1789159831.2806394,139.20938699999988,-138.98305084745763,50.847457627118644,649818.0,502656.0,5069.015909887424,2642.359357281742
1789159831.3427143,139.27146079999966,-132.20338983050848,50.847457627118644,650129.0,502877.0,4912.320382222441,3569.383874852278
1789159831.404132,139.3328776999997,-125.42372881355932,50.847457627118644,650414.0,503087.0,4634.282325441006,3302.592002038418
1789159831.4664571,139.3952033999999,-118.64406779661017,50.847457627118644,650705.0,503295.0,4675.361197994028,3392.2733504242383
1789159831.5278795,139.45662390000007,-111.86440677966102,50.847457627118644,650979.0,503549.0,4347.08550094795,4080.9374090531774
1789159831.5898602,139.51860510000006,-105.08474576271186,50.847457627118644,651225.0,503809.0,3879.9538696773034,4183.913389421608
1789159831.64952,139.57826399999976,-98.30508474576271,50.847457627118644,651460.0,504076.0,3960.214511617562,4473.575652012431
1789159831.7112203,139.6399633000001,-91.52542372881356,50.847457627118644,651665.0,504348.0,3255.1046763899276,4493.459716320878
1789159831.7722833,139.70102589999988,-84.74576271186442,50.847457627118644,651836.0,504630.0,2807.6676150726144,4399.275371387663
1789159831.8333077,139.7620492000001,-77.96610169491527,50.847457627118644,651991.0,504939.0,2488.3548573001467,5048.317048623319
1789159831.8954546,139.8241952999997,-71.18644067796612,50.847457627118644,652147.0,505240.0,2495.7949370496854,4745.525584531091
1789159831.9564774,139.8852179999999,-64.40677966101697,50.847457627118644,652273.0,505545.0,1943.407260788061,5128.435827079605
1789159832.017191,139.9459294999997,-57.62711864406779,50.847457627118644,652377.0,505929.0,1634.7501167753123,6323.429023130879
1789159832.0802872,140.00902629999973,-50.847457627118644,50.847457627118644,652495.0,506278.0,1843.2176611772418,5582.316345279646
1789159832.1412451,140.06998299999987,-44.067796610169495,50.847457627118644,652595.0,506609.0,1685.0286992553795,5557.009540097528
1789159832.2030766,140.13181369999984,-37.288135593220346,50.847457627118644,652680.0,506950.0,1384.1567291296822,5536.626916518729
1789159832.2650921,140.1938280999998,-30.508474576271198,50.847457627118644,652761.0,507317.0,1396.7443480401384,5922.903248018309
1789159832.3267713,140.2555072,-23.72881355932205,50.847457627118644,652849.0,507637.0,1431.728902130649,5333.190160436668
1789159832.3884578,140.3171926,-16.9491525423729,50.847457627118644,652920.0,507988.0,1208.3883475886357,5686.53340041711
1789159832.449804,140.37853849999965,-10.169491525423723,50.847457627118644,653003.0,508359.0,1333.6676393538178,6170.43561141033
1789159832.5118968,140.44063000000006,-3.3898305084745743,50.847457627118644,653100.0,508775.0,1493.2164057095258,6552.584933290037
1789159832.5779884,140.50672129999975,3.3898305084745743,50.847457627118644,653212.0,509193.0,1864.4626184305553,6607.076269195657
1789159832.6398127,140.56854539999995,10.169491525423723,50.847457627118644,653315.0,509576.0,1745.930131044157,6154.844603377886
1789159832.7017725,140.63050380000004,16.94915254237287,50.847457627118644,653428.0,509936.0,1816.2984915795316,5898.474309287984
1789159832.7650712,140.6938024000001,23.72881355932202,50.847457627118644,653557.0,510278.0,2107.7437121893417,5321.189043887846
1789159832.826965,140.75569469999982,30.50847457627117,50.847457627118644,653701.0,510650.0,2248.7390998643514,5711.083428226924
1789159832.8886807,140.81741079999983,37.28813559322032,50.847457627118644,653846.0,510982.0,2434.114559720653,5401.246906241448
1789159832.950688,140.87941640000008,44.06779661016947,50.847457627118644,654003.0,511289.0,2568.8976554815627,5083.90235315582
1789159833.0128536,140.94158190000007,50.847457627118644,50.847457627118644,654171.0,511551.0,2713.877492375655,4381.227062854815
1789159833.0751014,141.00382889999992,57.627118644067764,50.847457627118644,654390.0,511857.0,3672.696457911881,4855.125561434731
1789159833.135696,141.0644229999998,64.40677966101691,50.847457627118644,654590.0,512146.0,3297.4577141684163,4775.007072429674
1789159833.1965148,141.12524059999987,71.18644067796606,50.847457627118644,654827.0,512391.0,4010.3008984784547,3884.417013772853
1789159833.2592268,141.1879527000001,77.96610169491527,50.847457627118644,655088.0,512624.0,4287.4111767912955,3584.556885514034
1789159833.3212914,141.2500154999998,84.74576271186442,50.847457627118644,655359.0,512842.0,4314.8735093027235,3665.8884692856473
1789159833.3840044,141.3127285999999,91.52542372881356,50.847457627118644,655683.0,513050.0,5022.273073730852,3324.6033023288737
1789159833.446039,141.3747616999999,98.30508474576271,50.847457627118644,655991.0,513251.0,4972.44946723025,3180.2591998893117
1789159833.5078661,141.43658659999983,105.08474576271186,50.847457627118644,656300.0,513413.0,4980.550859643474,2606.3097688456887
1789159833.5691695,141.49789009999995,111.86440677966101,50.847457627118644,656662.0,513563.0,6063.666722392254,2453.9179111147537
1789159833.6301248,141.5588459999999,118.64406779661016,50.847457627118644,657029.0,513686.0,5897.013261930253,1947.637407609992
1789159833.6913545,141.62007369999992,125.42372881355931,50.847457627118644,657401.0,513810.0,5943.085585808845,2088.1111517706754
1789159833.7533476,141.68206759999975,132.20338983050846,50.847457627118644,657800.0,513929.0,6461.624928634983,1951.0169452111168
1789159833.8150227,141.74374080000007,138.9830508474576,50.847457627118644,658223.0,514050.0,6852.581197767331,1942.742092150532
1789159833.8763492,141.80506749999995,145.76271186440675,50.847457627118644,658639.0,514153.0,6717.3680883218085,1674.839764648601
1789159833.93776,141.86647670000002,152.5423728813559,50.847457627118644,659082.0,514240.0,7140.459227444739,1403.224574547598
1789159833.9997947,141.92851139999993,159.32203389830505,50.847457627118644,659550.0,514327.0,7519.635094199242,1238.5281331622282
1789159834.0618834,141.99059829999987,166.1016949152542,50.847457627118644,660006.0,514426.0,7535.7156031467375,1633.6166692136285
1789159834.1238482,142.05256379999992,172.88135593220335,50.847457627118644,660544.0,514506.0,8630.665979052823,1222.825364588593
1789159834.1851323,142.11384599999974,179.66101694915255,50.847457627118644,661008.0,514562.0,7462.420745217813,926.1238156356237
1789159834.2482827,142.1769965999997,186.4406779661017,50.847457627118644,661495.0,514631.0,7726.340703658693,1101.265756403841
1789159834.309073,142.2377852999998,193.22033898305085,50.847457627118644,661971.0,514701.0,7842.149756276974,1133.1546666180031
1789159834.3707201,142.29943279999998,200.0,50.847457627118644,662459.0,514783.0,8039.900675198382,1316.26692470062
1789159834.432446,142.36115689999997,-200.0,57.627118644067764,662911.0,514893.0,7514.981336293282,1821.27782973696
1789159834.4941986,142.4229092999999,-193.22033898305085,57.627118644067764,663326.0,514985.0,6732.07763375128,1557.6881758945779
1789159834.555291,142.48400020000008,-186.4406779661017,57.627118644067764,663739.0,515099.0,6801.215293277251,1802.9468362755965
1789159834.6175883,142.54629780000005,-179.66101694915255,57.627118644067764,664204.0,515201.0,7386.446573985156,1617.9835352538914
1789159834.6783693,142.60707669999965,-172.8813559322034,57.627118644067764,664584.0,515303.0,6291.02647982837,1761.4874143519437
1789159834.7400184,142.66872669999975,-166.10169491525426,57.627118644067764,664980.0,515457.0,6437.885897309856,2582.228958811096
1789159834.801405,142.73011259999976,-159.32203389830508,57.627118644067764,665368.0,515612.0,6402.25359323066,2525.333361774316
1789159834.8628006,142.79150709999976,-152.54237288135593,57.627118644067764,665730.0,515773.0,5992.008270796632,2575.6692268498955
1789159834.9245355,142.8532412999998,-145.76271186440678,57.627118644067764,666063.0,515951.0,5223.991982795122,2789.6827935334495
1789159834.986905,142.91561030000003,-138.98305084745763,57.627118644067764,666413.0,516142.0,5621.205463914667,3077.432105244422
1789159835.0490677,142.9777709,-132.20338983050848,57.627118644067764,666693.0,516338.0,4591.6900924828315,3172.121781448063
1789159835.111674,143.0403769999998,-125.42372881355932,57.627118644067764,666982.0,516550.0,4522.679909552262,3458.5199308340825
1789159835.1735947,143.10229729999992,-118.64406779661017,57.627118644067764,667260.0,516789.0,4405.938563040595,3799.453092824481
1789159835.2395427,143.16824449999967,-111.86440677966102,57.627118644067764,667519.0,517038.0,4055.810790215651,3843.279220422691
1789159835.3016026,143.23030459999973,-105.08474576271186,57.627118644067764,667735.0,517288.0,3460.470306149137,4043.1005107558794
1789159835.3649974,143.29369730000008,-98.30508474576271,57.627118644067764,667931.0,517558.0,3279.5066481303384,4384.557801304692
1789159835.427423,143.35612349999974,-91.52542372881356,57.627118644067764,668117.0,517813.0,2823.6598139000907,4103.952772997647
1789159835.4886944,143.41739419999976,-84.74576271186442,57.627118644067764,668271.0,518150.0,2456.8515447531427,5564.046145470353
1789159835.5501165,143.47881579999967,-77.96610169491527,57.627118644067764,668421.0,518469.0,2442.8428271461507,5153.150197410493
1789159835.6125667,143.54126469999983,-71.18644067796612,57.627118644067764,668539.0,518793.0,1868.07810346258,5266.201129761178
1789159835.6751845,143.60388179999973,-64.40677966101697,57.627118644067764,668659.0,519127.0,1922.5962740103892,5453.182159011285
1789159835.736115,143.66481049999993,-57.62711864406779,57.627118644067764,668750.0,519478.0,1433.6866176042952,5752.667553137234
1789159835.800016,143.7287123000001,-50.847457627118644,57.627118644067764,668852.0,519865.0,1476.7994801605262,6237.306039736811
1789159835.8620946,143.79078899999968,-44.067796610169495,57.627118644067764,668943.0,520228.0,1482.27785030794,5696.947400581119
1789159835.9231436,143.8518383999999,-37.288135593220346,57.627118644067764,669014.0,520638.0,1139.706281404607,6946.781143799508
1789159835.9845958,143.91328810000005,-30.508474576271198,57.627118644067764,669090.0,520993.0,1188.908723751121,5696.114930210594
1789159836.0475526,143.9762456999997,-23.72881355932205,57.627118644067764,669171.0,521359.0,1318.1389986330041,5887.687527227418
1789159836.108967,144.03765919999978,-16.9491525423729,57.627118644067764,669248.0,521736.0,1243.5049074049123,6235.288892844631
1789159836.1715927,144.1002841999998,-10.169491525423723,57.627118644067764,669349.0,522092.0,1556.3984589808304,5683.477518750223
1789159836.2317626,144.1604526000001,-3.3898305084745743,57.627118644067764,669419.0,522438.0,1199.4111981416715,5724.462536585251
1789159836.2940073,144.22269779999988,3.3898305084745743,57.627118644067764,669523.0,522772.0,1674.8299780336833,5576.827480048329
1789159836.3547914,144.28348060000008,10.169491525423723,57.627118644067764,669614.0,523124.0,1437.8558693241846,5679.53068383053
1789159836.4155295,144.34421859999975,16.94915254237287,57.627118644067764,669740.0,523492.0,2098.2069374709235,6204.180858211437
1789159836.4765542,144.4052415000001,23.72881355932202,57.627118644067764,669881.0,523849.0,2322.780761653546,5932.024714376748
1789159836.5381813,144.4668689,30.50847457627117,57.627118644067764,670029.0,524124.0,2472.759617517128,4536.357571704083
1789159836.5992825,144.52796899999976,37.28813559322032,57.627118644067764,670196.0,524430.0,2751.6509905837465,4842.191028884386
1789159836.6619728,144.59065899999996,44.06779661016947,57.627118644067764,670367.0,524765.0,2758.071723826545,5114.651994184669
1789159836.723384,144.65206820000003,50.847457627118644,57.627118644067764,670562.0,525076.0,3304.1936612737445,5045.112902159911
1789159836.7844238,144.7131085000001,57.627118644067764,57.627118644067764,670808.0,525363.0,3998.472655495189,4574.829074305306
1789159836.845458,144.77414090000002,64.40677966101691,57.627118644067764,671057.0,525604.0,3949.0659833581212,3895.458752814798
1789159836.9071484,144.83583139999973,71.18644067796606,57.627118644067764,671281.0,525866.0,3719.9202619942976,4271.678769754218
1789159836.9678597,144.8965419000001,77.96610169491527,57.627118644067764,671539.0,526076.0,4355.980833712707,3419.9849520884886
1789159837.028929,144.95761079999966,84.74576271186442,57.627118644067764,671832.0,526288.0,4662.371092589478,3322.6092843741108
1789159837.08928,145.01796049999984,91.52542372881356,57.627118644067764,672134.0,526428.0,5010.772255872205,2279.268246353422
1789159837.1506317,145.0793117999997,98.30508474576271,57.627118644067764,672483.0,526582.0,5652.539465546408,2506.314668685671
1789159837.212365,145.1410436000001,105.08474576271186,57.627118644067764,672844.0,526737.0,5937.549700444728,2633.0205516853107
1789159837.274037,145.20271559999992,111.86440677966101,57.627118644067764,673253.0,526864.0,6733.370978467003,2030.699183982112
1789159837.3351882,145.2638649999999,118.64406779661016,57.627118644067764,673630.0,526983.0,6105.758158380839,1928.1341552781596
1789159837.3978734,145.3265508999998,125.42372881355931,57.627118644067764,674086.0,527104.0,7201.599106266635,1949.7012214526744
1789159837.459269,145.3879450999998,132.20338983050846,57.627118644067764,674496.0,527203.0,6731.566785477487,1580.7637042414153
1789159837.5212662,145.44994199999974,138.9830508474576,57.627118644067764,674974.0,527304.0,7599.657131748955,1678.9940174794203
1789159837.5823464,145.5110209999998,145.76271186440675,57.627118644067764,675421.0,527371.0,7381.432391086122,1054.4903415837318
1789159837.6437025,145.5723767999998,152.5423728813559,57.627118644067764,675932.0,527470.0,8366.24114443151,1626.769111417238
1789159837.705093,145.63376609999978,159.32203389830505,57.627118644067764,676371.0,527539.0,7193.8995731671785,1207.864619692267
1789159837.7694943,145.69816649999984,166.1016949152542,57.627118644067764,676837.0,527639.0,7453.632991456872,1588.4791621137597
1789159837.8386621,145.7673347,172.88135593220335,57.627118644067764,677378.0,527721.0,7731.754171521038,1143.0930191981822
1789159837.9022121,145.83088259999977,179.66101694915255,57.627118644067764,677890.0,527805.0,8249.747228452243,1377.9404264443008
1789159837.96397,145.89264120000007,186.4406779661017,57.627118644067764,678387.0,527888.0,8075.600455647485,1372.6738081343408
1789159838.0265353,145.9552045999999,193.22033898305085,57.627118644067764,678831.0,527958.0,7013.404594324349,1186.8838544241205
1789159838.0889862,146.01765589999968,200.0,57.627118644067764,679298.0,528034.0,7432.598254053598,1262.139326160045
1789159838.150683,146.0793507999997,-200.0,64.40677966101691,679759.0,528149.0,7486.933433865687,1956.2058853330775
1789159838.2125952,146.14126339999984,-193.22033898305085,64.40677966101691,680221.0,528253.0,7590.166399827906,1733.8841659280533
1789159838.2750483,146.20371449999993,-186.4406779661017,64.40677966101691,680654.0,528381.0,6874.9163249992125,2152.9343228287007
1789159838.3384306,146.2670975000001,-179.66101694915255,64.40677966101691,681065.0,528514.0,6294.202071544792,2092.303435870659
1789159838.3991535,146.3278191999998,-172.8813559322034,64.40677966101691,681442.0,528647.0,5877.810271531235,2206.4395480824946
1789159838.4618654,146.3905305999997,-166.10169491525426,64.40677966101691,681832.0,528800.0,6215.919388602535,2444.462680911109
1789159838.5233135,146.45197689999986,-159.32203389830508,64.40677966101691,682239.0,528974.0,6626.72623515104,2881.185319630887
1789159838.5863755,146.51503920000005,-152.54237288135593,64.40677966101691,682579.0,529133.0,5305.799028876255,2600.5396556005326
1789159838.647381,146.5760436999999,-145.76271186440678,64.40677966101691,682895.0,529316.0,5121.0874800894335,2967.6973382850424
1789159838.7085133,146.63717580000002,-138.98305084745763,64.40677966101691,683202.0,529522.0,5099.878608518163,3375.975980286671
1789159838.7705686,146.69922889999998,-132.20338983050848,64.40677966101691,683470.0,529742.0,4317.350217388514,3621.578901363092
1789159838.833146,146.76180729999987,-125.42372881355932,64.40677966101691,683736.0,529994.0,4401.494033239629,4118.66710740897
1789159838.894231,146.82289039999978,-118.64406779661017,64.40677966101691,683971.0,530225.0,3859.189605922959,3716.256657555442
1789159838.9555144,146.8841739999998,-111.86440677966102,64.40677966101691,684198.0,530496.0,3615.0054941038575,4491.91276742608
1789159839.017004,146.94566189999978,-105.08474576271186,64.40677966101691,684392.0,530781.0,2991.6162657511395,4721.707600161437
1789159839.080646,147.00930419999986,-98.30508474576271,64.40677966101691,684567.0,531076.0,2817.3201236278887,4753.1474478384625
1789159839.1414795,147.07013559999996,-91.52542372881356,64.40677966101691,684744.0,531355.0,2836.960932528631,4542.7285818338205
1789159839.206541,147.13519769999994,-84.74576271186442,64.40677966101691,684885.0,531663.0,2220.8810286018092,4763.874572802354
1789159839.2682471,147.19690249999985,-77.96610169491527,64.40677966101691,685024.0,531972.0,2163.0936887608564,4933.998827256169
1789159839.3298852,147.25854049999998,-71.18644067796612,64.40677966101691,685134.0,532261.0,1847.3778892232065,4770.898238188087
1789159839.3913941,147.32004719999986,-64.40677966101697,64.40677966101691,685259.0,532575.0,2047.038796761144,5135.553472576204
1789159839.4523351,147.38098880000007,-57.62711864406779,64.40677966101691,685349.0,532945.0,1368.6073879557787,6212.757221641364
1789159839.51421,147.44286220000004,-50.847457627118644,64.40677966101691,685450.0,533298.0,1655.2329650550002,5829.298703019784
1789159839.5750878,147.5037401999998,-44.067796610169495,64.40677966101691,685534.0,533659.0,1341.2114401691722,5781.708775864405
1789159839.6358423,147.5644924999997,-37.288135593220346,64.40677966101691,685618.0,534009.0,1296.500708575247,5744.2184171597755
1789159839.6975534,147.62620419999985,-30.508474576271198,64.40677966101691,685704.0,534375.0,1368.480169472667,6007.094769893006
1789159839.758336,147.6869839000001,-23.72881355932205,64.40677966101691,685788.0,534753.0,1309.9363155626795,6190.794916015404
1789159839.8192306,147.74787990000004,-16.9491525423729,64.40677966101691,685873.0,535053.0,1368.1811471844876,4968.65785030156
1789159839.8806477,147.80929620000006,-10.169491525423723,64.40677966101691,685954.0,535403.0,1367.6877551051398,5737.183699986496
1789159839.9426525,147.8713005999998,-3.3898305084745743,64.40677966101691,686054.0,535769.0,1706.3525570716718,5769.934419788746
1789159840.0050595,147.93370669999968,3.3898305084745743,64.40677966101691,686149.0,536105.0,1520.4285486953179,5268.461715246567
1789159840.0664384,147.99508500000002,10.169491525423723,64.40677966101691,686253.0,536445.0,1619.1709844589886,5498.064112064038
1789159840.1278925,148.05653749999965,16.94915254237287,64.40677966101691,686372.0,536783.0,1862.9738385214291,5535.6936916065315
1789159840.189842,148.11848699999973,23.72881355932202,64.40677966101691,686522.0,537096.0,2512.496129510536,5131.154067310249
1789159840.2502928,148.1789362999998,30.50847457627117,64.40677966101691,686688.0,537396.0,2839.485854115642,4792.762747392644
1789159840.3122554,148.24089920000006,37.28813559322032,64.40677966101691,686849.0,537724.0,2655.7462381527557,5311.492476305511
1789159840.373357,148.30199969999967,44.06779661016947,64.40677966101691,687033.0,537984.0,3075.415628131858,4362.7989143265895
1789159840.4336905,148.3623330999999,50.847457627118644,64.40677966101691,687231.0,538257.0,3298.7926781394713,4531.308623817955
1789159840.4947288,148.4233691999998,57.627118644067764,64.40677966101691,687439.0,538514.0,3436.321560969647,4205.914410561808
1789159840.557148,148.48578879999968,64.40677966101691,64.40677966101691,687678.0,538777.0,3892.8904089334737,4195.078248896346
1789159840.6171331,148.54577299999983,71.18644067796606,64.40677966101691,687961.0,539010.0,4679.80654369759,3732.919616568117
1789159840.677932,148.60657059999994,77.96610169491527,64.40677966101691,688223.0,539186.0,4436.804279445291,2999.782650475156
1789159840.7393017,148.6679395000001,84.74576271186442,64.40677966101691,688540.0,539361.0,5213.680554938682,2981.796755735479
1789159840.800975,148.72961329999998,91.52542372881356,64.40677966101691,688878.0,539527.0,5441.59620151212,2560.7511536527622
1789159840.862044,148.79068009999992,98.30508474576271,64.40677966101691,689225.0,539697.0,5534.923582343421,2910.2985287805727
1789159840.925398,148.85403449999967,105.08474576271186,64.40677966101691,689598.0,539845.0,5802.852432060665,2241.2214483108555
1789159840.9865198,148.91515439999966,111.86440677966101,64.40677966101691,689968.0,539973.0,6077.0824284389455,2144.8526218019806
1789159841.0491788,148.9778139,118.64406779661016,64.40677966101691,690349.0,540096.0,6247.474096808485,1870.7125826601678
1789159841.1102357,149.03886969999985,125.42372881355931,64.40677966101691,690765.0,540210.0,6933.70695325611,1917.0714315204232
1789159841.1726015,149.10123509999994,132.20338983050846,64.40677966101691,691220.0,540312.0,7313.479767843246,1660.5485463218963
1789159841.2337656,149.16239749999977,138.9830508474576,64.40677966101691,691639.0,540400.0,6889.818240901166,1410.0923342776998
1789159841.2963493,149.2249813999997,145.76271186440675,64.40677966101691,692123.0,540485.0,7782.3506260629165,1353.4522827935507
1789159841.358154,149.28678450000007,152.5423728813559,64.40677966101691,692607.0,540559.0,8039.963033787022,1166.236396109766
1789159841.420238,149.34886849999975,159.32203389830505,64.40677966101691,693055.0,540630.0,7127.634048879066,1164.4154634307383
1789159841.4815361,149.41016549999995,166.1016949152542,64.40677966101691,693517.0,540699.0,7434.82435903536,1164.4905622585504
1789159841.5452852,149.47391449999986,172.88135593220335,64.40677966101691,693956.0,540773.0,6993.056640209494,1100.4302327233213
1789159841.606599,149.53522789999988,179.66101694915255,64.40677966101691,694415.0,540829.0,7574.72034880916,977.9568525457836
1789159841.668001,149.59662869999966,186.4406779661017,64.40677966101691,694909.0,540917.0,7991.879679407098,1427.121371322696
1789159841.7332604,149.66188729999976,193.22033898305085,64.40677966101691,695362.0,540998.0,6947.703809090787,1211.2219715606216
1789159841.7972305,149.72585579999986,200.0,64.40677966101691,695868.0,541072.0,7837.3518971042195,1134.820184196086
1789159841.8594773,149.78810309999972,-200.0,71.18644067796606,696275.0,541178.0,6598.302388768584,1829.9291958184874
1789159841.922632,149.85125599999992,-193.22033898305085,71.18644067796606,696644.0,541307.0,5980.829210724759,2142.386582946182
1789159841.9876137,149.9162378000001,-186.4406779661017,71.18644067796606,697057.0,541445.0,6227.843249971145,2121.572975264896
1789159842.0511146,149.97973709999997,-179.66101694915255,71.18644067796606,697467.0,541622.0,6221.306903513533,2806.739034056393
1789159842.1128836,150.0415066999999,-172.8813559322034,71.18644067796606,697874.0,541767.0,6723.752644997268,2301.1773758279423
1789159842.175247,150.10386879999987,-166.10169491525426,71.18644067796606,698219.0,541936.0,5377.504406325217,2805.6544728653307
1789159842.2362678,150.16488869999966,-159.32203389830508,71.18644067796606,698532.0,542118.0,5311.082817130202,2986.3664325277564
1789159842.2966344,150.22525499999983,-152.54237288135593,71.18644067796606,698842.0,542285.0,5089.123040864886,2752.8352391866997
1789159842.3579957,150.28661599999987,-145.76271186440678,71.18644067796606,699111.0,542457.0,4393.860691497768,2792.8588201018206
1789159842.419815,150.34843339999998,-138.98305084745763,71.18644067796606,699352.0,542648.0,4007.0962674112952,3177.433163586049
1789159842.4810638,150.4096824999997,-132.20338983050848,71.18644067796606,699651.0,542870.0,4765.863517138602,3511.688907365286
1789159842.5421932,150.47080989999995,-125.42372881355932,71.18644067796606,699892.0,543119.0,3929.6099683401544,4108.228603264707
1789159842.6032047,150.53182179999976,-118.64406779661017,71.18644067796606,700127.0,543369.0,3958.2085148216247,4210.094511219365
1789159842.6639524,150.59256770000002,-111.86440677966102,71.18644067796606,700306.0,543647.0,2983.0147856964904,4618.2819272530005
1789159842.725953,150.65456909999966,-105.08474576271186,71.18644067796606,700479.0,543960.0,2704.604190904047,5002.63389559376
1789159842.7867227,150.71533640000007,-98.30508474576271,71.18644067796606,700648.0,544258.0,2783.114574552979,5009.606234195362
1789159842.8491533,150.77776749999975,-91.52542372881356,71.18644067796606,700786.0,544543.0,2135.089400251083,4728.958341051986
1789159842.9101117,150.83872489999976,-84.74576271186442,71.18644067796606,700895.0,544801.0,1798.6549658202418,4190.866070361163
1789159842.9710793,150.89969219999966,-77.96610169491527,71.18644067796606,701015.0,545088.0,1914.1049859745524,4507.98557444474
1789159843.0318968,150.96050779999996,-71.18644067796612,71.18644067796606,701133.0,545401.0,2029.3884177594064,5100.4098287050565
1789159843.0956163,151.02422769999976,-64.40677966101697,71.18644067796606,701228.0,545744.0,1448.6704998900077,5346.283987689314
1789159843.1573236,151.0859330999997,-57.62711864406779,71.18644067796606,701313.0,546100.0,1358.6453071208246,5575.739182469877
1789159843.2186534,151.14726329999985,-50.847457627118644,71.18644067796606,701405.0,546462.0,1494.3242363304105,5941.7177968375845
1789159843.2793715,151.20797999999968,-44.067796610169495,71.18644067796606,701479.0,546771.0,1150.9300953845664,5107.2522982690125
1789159843.3421135,151.27072180000005,-37.288135593220346,71.18644067796606,701557.0,547110.0,1275.4808296964934,5403.078514686535
1789159843.4028804,151.33148789999996,-30.508474576271198,71.18644067796606,701619.0,547451.0,971.6826484475753,5596.172290133258
1789159843.464152,151.3927593999997,-23.72881355932205,71.18644067796606,701702.0,547787.0,1379.1300018084937,5552.341565722507
1789159843.5245106,151.4531164,-16.9491525423729,71.18644067796606,701786.0,548113.0,1375.125073052063,5391.9377864409835
1789159843.586216,151.51482159999978,-10.169491525423723,71.18644067796606,701906.0,548526.0,1938.4773527269024,6633.505069423253
1789159843.6465936,151.57519879999973,-3.3898305084745743,71.18644067796606,701993.0,548854.0,1450.4814691931651,5421.174491109455
1789159843.7069552,151.6355593999997,3.3898305084745743,71.18644067796606,702102.0,549177.0,1809.4503975419623,5374.067680699628
1789159843.769382,151.69798459999993,10.169491525423723,71.18644067796606,702241.0,549490.0,2215.936948751237,4955.323570435838
1789159843.83081,151.75941250000005,16.94915254237287,71.18644067796606,702380.0,549811.0,2305.164461867726,5342.978093786435
1789159843.8925352,151.82113609999988,23.72881355932202,71.18644067796606,702542.0,550144.0,2642.9873917233363,5516.57099883193
1789159843.9544878,151.8830893999998,30.50847457627117,71.18644067796606,702722.0,550422.0,2900.683809349826,4458.458447704362
1789159844.0155447,151.9441450999998,37.28813559322032,71.18644067796606,702910.0,550718.0,3114.244446716031,4796.652366206301
1789159844.077231,152.00583099999994,44.06779661016947,71.18644067796606,703113.0,550950.0,3380.5295805199953,3774.0303782524816
1789159844.1380177,152.0666157999999,50.847457627118644,71.18644067796606,703348.0,551202.0,3975.349237115679,4173.217298691573
1789159844.2004042,152.12900249999984,57.627118644067764,71.18644067796606,703587.0,551446.0,3777.201587823894,3671.2987395671494
1789159844.2624438,152.1910410999999,64.40677966101691,71.18644067796606,703866.0,551649.0,4493.855141579944,3268.2582847854137
1789159844.324463,152.25305889999981,71.18644067796606,71.18644067796606,704139.0,551850.0,4522.188098070766,3204.7002269792824
1789159844.3851643,152.31375979999984,77.96610169491527,71.18644067796606,704457.0,552024.0,5338.806061993783,2823.2330361729837
1789159844.446871,152.37546629999997,84.74576271186442,71.18644067796606,704817.0,552201.0,6048.768193562081,2934.3726653292238
1789159844.507694,152.43628839999974,91.52542372881356,71.18644067796606,705164.0,552345.0,5890.508379571311,2316.6938444045704
1789159844.5703533,152.49894719999975,98.30508474576271,71.18644067796606,705498.0,552480.0,5514.035488757786,2181.1849243503902
1789159844.6314187,152.5600116999999,105.08474576271186,71.18644067796606,705881.0,552633.0,6374.31703748332,2446.1664821714703
1789159844.6920865,152.6206791999998,111.86440677966101,71.18644067796606,706255.0,552762.0,6323.1628205252455,2077.3503214405705
1789159844.7531343,152.68172509999977,118.64406779661016,71.18644067796606,706681.0,552879.0,7022.120573217898,1911.875067008435
1789159844.8154612,152.7440518999997,125.42372881355931,71.18644067796606,707066.0,552970.0,6193.71795426491,1543.9412871500936
1789159844.876234,152.80482409999968,132.20338983050846,71.18644067796606,707520.0,553080.0,7435.640302256849,1782.3931959405038
1789159844.9406505,152.86924,138.9830508474576,71.18644067796606,707932.0,553169.0,6783.935215167494,1456.237402208729
1789159845.0033026,152.93189200000006,145.76271186440675,71.18644067796606,708380.0,553260.0,7237.045341712511,1423.1120336221245
1789159845.066752,152.99533939999992,152.5423728813559,71.18644067796606,708864.0,553347.0,7477.4332452783,1370.5736110834935
1789159845.1319826,153.06057029999965,159.32203389830505,71.18644067796606,709365.0,553416.0,7738.89636608409,1076.7160161508298
1789159845.1949172,153.12350359999982,166.1016949152542,71.18644067796606,709826.0,553473.0,7571.424974555956,881.2347357559189
1789159845.257606,153.18619249999983,172.88135593220335,71.18644067796606,710295.0,553542.0,7511.454968827715,1083.0469955053914
1789159845.3203979,153.2489830999998,179.66101694915255,71.18644067796606,710795.0,553612.0,7809.823693262955,1082.7255574750916
1789159845.3815432,153.3101283000001,186.4406779661017,71.18644067796606,711260.0,553669.0,7690.710668598618,902.6655714317627
1789159845.443453,153.37203649999992,193.22033898305085,71.18644067796606,711718.0,553748.0,7191.735257832805,1294.5123464099047
1789159845.5065572,153.43514069999992,200.0,71.18644067796606,712161.0,553842.0,6960.597118575076,1527.5125846249543
1789159845.5685694,153.49715119999973,-200.0,77.96610169491527,712589.0,553970.0,6618.855868113989,2075.1007586519536
1789159845.6298964,153.5584785000001,-193.22033898305085,77.96610169491527,712965.0,554095.0,6052.575030444207,2005.586992336542
1789159845.691366,153.61994669999967,-186.4406779661017,77.96610169491527,713348.0,554231.0,6202.525796436998,2274.8518680341995
1789159845.7530007,153.68158119999998,-179.66101694915255,77.96610169491527,713727.0,554375.0,6259.858833065848,2258.5286130663712
1789159845.8144257,153.74300529999982,-172.8813559322034,77.96610169491527,714054.0,554502.0,5366.8471017451875,2043.6669427175384
1789159845.8768148,153.80539389999967,-166.10169491525426,77.96610169491527,714391.0,554661.0,5217.357922945416,2634.852997875444
1789159845.938817,153.86739399999988,-159.32203389830508,77.96610169491527,714715.0,554854.0,5274.00198302109,3111.6611699824434
1789159845.9999492,153.92852719999973,-152.54237288135593,77.96610169491527,715052.0,555037.0,5234.038879413671,3111.645107005378
1789159846.0609448,153.98952149999968,-145.76271186440678,77.96610169491527,715305.0,555232.0,3933.9384445982737,3254.4399859858445
1789159846.123015,154.05159129999993,-138.98305084745763,77.96610169491527,715595.0,555463.0,4702.030888446815,3765.1600723277124
1789159846.1844294,154.11300429999983,-132.20338983050848,77.96610169491527,715817.0,555705.0,3531.8505477065924,3940.0543798535855
1789159846.2471926,154.17576569999983,-125.42372881355932,77.96610169491527,716051.0,555990.0,3637.680007748828,4750.174379050653
1789159846.3085334,154.23710690000007,-118.64406779661017,77.96610169491527,716278.0,556262.0,3674.225750127571,4366.471181311026
1789159846.3701675,154.29874100000006,-111.86440677966102,77.96610169491527,716460.0,556547.0,3135.287662644638,4667.303225073269
1789159846.4312825,154.35985429999982,-105.08474576271186,77.96610169491527,716618.0,556827.0,2698.481344742191,4700.003931570836
1789159846.492623,154.42119509999975,-98.30508474576271,77.96610169491527,716741.0,557155.0,1960.9183574302629,5181.142082017575
1789159846.5536907,154.4822608999998,-91.52542372881356,77.96610169491527,716881.0,557479.0,2269.636375658651,5343.474616708163
1789159846.6153436,154.54391420000002,-84.74576271186442,77.96610169491527,717006.0,557807.0,1994.6109885171961,5253.662871540829
1789159846.6761138,154.60468300000002,-77.96610169491527,77.96610169491527,717116.0,558120.0,1905.9983205628614,5322.4104045906315
1789159846.7388644,154.6674334999998,-71.18644067796612,77.96610169491527,717214.0,558422.0,1562.8319920469976,4864.0950763709925
1789159846.8002107,154.72877819999985,-64.40677966101697,77.96610169491527,717304.0,558744.0,1474.9262536984388,5331.058748307611
1789159846.8619108,154.79047850000006,-57.62711864406779,77.96610169491527,717390.0,559083.0,1448.1353023211286,5560.124432368778
1789159846.9233096,154.8518756999997,-50.847457627118644,77.96610169491527,717473.0,559468.0,1368.0644020777086,6271.775765369235
1789159846.9869683,154.91553429999976,-44.067796610169495,77.96610169491527,717558.0,559863.0,1286.457599930648,6258.442378040991
1789159847.0481443,154.97670870000002,-37.288135593220346,77.96610169491527,717637.0,560229.0,1284.9318539952806,5942.809824728172
1789159847.1101086,155.03867319999972,-30.508474576271198,77.96610169491527,717723.0,560576.0,1394.518113536159,5524.437142085553
1789159847.1715922,155.10015539999995,-23.72881355932205,77.96610169491527,717808.0,560942.0,1365.67197268833,5835.143883304682
1789159847.2341714,155.16273449999971,-16.9491525423729,77.96610169491527,717889.0,561325.0,1291.8639118711935,6158.4745387832245
1789159847.295583,155.2241451,-10.169491525423723,77.96610169491527,717977.0,561665.0,1439.6391304545127,5509.730005443197
1789159847.3592982,155.28785990000006,-3.3898305084745743,77.96610169491527,718095.0,561994.0,1962.617305120107,5336.941794624852
1789159847.4201138,155.34867529999974,3.3898305084745743,77.96610169491527,718202.0,562309.0,1796.0737827164025,5334.339134667715
1789159847.4827068,155.4112670999998,10.169491525423723,77.96610169491527,718357.0,562614.0,2604.0731295708765,5046.514133858043
1789159847.5479054,155.47646540000005,16.94915254237287,77.96610169491527,718519.0,562923.0,2480.356905038259,4860.833666249474
1789159847.6102633,155.53882209999983,23.72881355932202,77.96610169491527,718695.0,563219.0,2857.602760662503,4901.33131733885
1789159847.673957,155.60251560000006,30.50847457627117,77.96610169491527,718878.0,563486.0,2899.7393666248577,4032.1819595079382
1789159847.7357557,155.6643125999999,37.28813559322032,77.96610169491527,719090.0,563749.0,3285.9462200015028,4345.92887161489
1789159847.7987804,155.72733749999998,44.06779661016947,77.96610169491527,719355.0,564040.0,4121.809963575724,4506.04648560397
1789159847.86051,155.78906529999995,50.847457627118644,77.96610169491527,719594.0,564293.0,3971.2236310675353,3865.324334239068
1789159847.9225333,155.85108880000007,57.627118644067764,77.96610169491527,719870.0,564504.0,4455.7133915387985,3359.4664460014756
1789159847.9852269,155.91378129999975,64.40677966101691,77.96610169491527,720157.0,564705.0,4762.833727867214,3022.9055394581583
1789159848.0469558,155.97550980000005,71.18644067796606,77.96610169491527,720486.0,564900.0,5432.291878632553,3185.0571275370016
1789159848.1090975,156.03764969999975,77.96610169491527,77.96610169491527,720817.0,565067.0,5463.405722025468,2740.4864714983055
1789159848.170714,156.09926640000003,84.74576271186442,77.96610169491527,721174.0,565240.0,5724.994043882841,2862.4970219414204
1789159848.2310853,156.15963669999974,91.52542372881356,77.96610169491527,721504.0,565374.0,5571.988096231092,2134.722712192431
1789159848.2928004,156.22135179999987,98.30508474576271,77.96610169491527,721829.0,565509.0,5460.528435932699,2255.8248620574427
1789159848.3539238,156.28247340000007,105.08474576271186,77.96610169491527,722224.0,565633.0,6499.837504034413,2017.8066976810128
1789159848.4152148,156.34376470000007,111.86440677966101,77.96610169491527,722670.0,565736.0,7202.911416788462,1692.6841829452885
1789159848.4770172,156.40556500000002,118.64406779661016,77.96610169491527,723077.0,565844.0,6867.913602006411,1747.8751840581867
1789159848.5396981,156.46824650000008,125.42372881355931,77.96610169491527,723550.0,565932.0,7623.043168354837,1379.576257846119
1789159848.6007626,156.529309,132.20338983050846,77.96610169491527,723930.0,566014.0,6306.589582139919,1339.926965043892
1789159848.6644194,156.5929661,138.9830508474576,77.96610169491527,724360.0,566109.0,6870.3170834913335,1363.5743829830126
1789159848.726202,156.65474769999992,145.76271186440675,77.96610169491527,724863.0,566193.0,8279.051704339285,1306.2896079341303
1789159848.7872229,156.71576809999988,152.5423728813559,77.96610169491527,725321.0,566245.0,7402.599492545105,840.3917298299999
1789159848.8479874,156.77653069999997,159.32203389830505,77.96610169491527,725756.0,566331.0,7115.698380620809,1473.4526949770363
1789159848.9116385,156.84018220000007,166.1016949152542,77.96610169491527,726280.0,566408.0,8100.501132665831,1184.1834282922507
1789159848.9723842,156.9009259999998,172.88135593220335,77.96610169491527,726723.0,566466.0,7391.647618002875,935.1962923020668
1789159849.034385,156.96292730000005,179.66101694915255,77.96610169491527,727186.0,566546.0,7288.242932019972,1326.7432521881017
1789159849.0954893,157.02403019999974,186.4406779661017,77.96610169491527,727637.0,566635.0,7542.772165341699,1483.5310183018034
1789159849.160863,157.08940219999977,193.22033898305085,77.96610169491527,728084.0,566750.0,6998.992950643265,1779.1205102354584
1789159849.220953,157.1494932999999,200.0,77.96610169491527,728524.0,566831.0,7222.791272253675,1346.3137384049671
1789159849.2827313,157.21127099999967,-200.0,84.74576271186442,728920.0,566977.0,6282.182952659866,2346.9953165836014
1789159849.343681,157.2722190999998,-193.22033898305085,84.74576271186442,729280.0,567119.0,5865.710984955774,2324.8244757446664
1789159849.4063706,157.33490859999984,-186.4406779661017,84.74576271186442,729652.0,567281.0,5977.829593387874,2656.813152616833
1789159849.4671342,157.39567099999977,-179.66101694915255,84.74576271186442,729978.0,567451.0,5471.365321621806,2789.6763975374342
1789159849.5288055,157.45734189999985,-172.8813559322034,84.74576271186442,730307.0,567599.0,5318.988075844309,2401.5498001303736
1789159849.58992,157.51845520000006,-166.10169491525426,84.74576271186442,730597.0,567762.0,4749.745549333177,2678.4279413532954
1789159849.6519046,157.5804395,-159.32203389830508,84.74576271186442,730893.0,567942.0,4616.0376357554405,3041.9864879307884
1789159849.712994,157.6415277000001,-152.54237288135593,84.74576271186442,731153.0,568169.0,4141.444614429279,3802.274581351019
1789159849.774657,157.70319100000006,-145.76271186440678,84.74576271186442,731419.0,568417.0,4261.71209806544,3867.772324294685
1789159849.835689,157.76422129999992,-138.98305084745763,84.74576271186442,731630.0,568656.0,3523.772045931097,4042.499910560548
1789159849.8974943,157.8260250999997,-132.20338983050848,84.74576271186442,731830.0,568883.0,3017.9193398897264,3585.9982744572044
1789159849.9588509,157.88738139999987,-125.42372881355932,84.74576271186442,732014.0,569152.0,2912.681709589923,4511.104598999027
1789159850.021514,157.9500447999999,-118.64406779661017,84.74576271186442,732220.0,569424.0,3217.339172612166,4377.691005357537
1789159850.08257,158.01109899999983,-111.86440677966102,84.74576271186442,732378.0,569748.0,2520.008149819666,5325.974671250074
1789159850.1429594,158.07148869999992,-105.08474576271186,84.74576271186442,732522.0,570048.0,2365.045724219908,5096.765204132826
1789159850.2053318,158.13385919999973,-98.30508474576271,84.74576271186442,732644.0,570372.0,2009.0424379595254,5101.220798992882
1789159850.268063,158.19659109999975,-91.52542372881356,84.74576271186442,732749.0,570674.0,1642.9353778721872,4840.476274591175
1789159850.3294706,158.25799749999987,-84.74576271186442,84.74576271186442,732854.0,571033.0,1615.1074667604048,5750.492519015068
1789159850.390408,158.31893459999992,-77.96610169491527,84.74576271186442,732961.0,571359.0,1729.0567995223207,5385.2914901788945
1789159850.4514976,158.3800226999997,-71.18644067796612,84.74576271186442,733036.0,571677.0,1179.744853359028,5112.227697889121
1789159850.5136425,158.44216749999987,-64.40677966101697,84.74576271186442,733117.0,571984.0,1331.0876405931172,4951.646023006396
1789159850.5746934,158.5032170999998,-57.62711864406779,84.74576271186442,733197.0,572307.0,1393.2825916399431,5430.229587930035
1789159850.6369731,158.56549670000004,-50.847457627118644,84.74576271186442,733274.0,572626.0,1191.3504401774337,5103.247407924231
1789159850.6980405,158.62656289999995,-44.067796610169495,84.74576271186442,733339.0,573002.0,1073.0304526020445,6152.0412615850555
1789159850.7593653,158.68788769999992,-37.288135593220346,84.74576271186442,733425.0,573343.0,1396.0131296910859,5601.950122991152
1789159850.8201394,158.74866100000008,-30.508474576271198,84.74576271186442,733521.0,573706.0,1581.6045018207217,6146.6902229850775
1789159850.8808086,158.80932970000003,-23.72881355932205,84.74576271186442,733594.0,574061.0,1205.7494452611645,5866.7808829125315
1789159850.942236,158.87075589999995,-16.9491525423729,84.74576271186442,733708.0,574396.0,1814.9950621478292,5498.367394153718
1789159851.0045497,158.93306940000002,-10.169491525423723,84.74576271186442,733821.0,574735.0,1893.0681858438659,5431.513393028662
1789159851.0660305,158.99454839999999,-3.3898305084745743,84.74576271186442,733948.0,575057.0,2130.4737641135125,5290.676514215223
1789159851.1303267,159.0588448999997,3.3898305084745743,84.74576271186442,734076.0,575403.0,2044.381986747722,5394.419696124241
1789159851.1921241,159.12064069999997,10.169491525423723,84.74576271186442,734216.0,575706.0,2225.9989612114705,4911.331041403086
1789159851.2548583,159.1833747999999,16.94915254237287,84.74576271186442,734412.0,575970.0,3106.375923841754,4170.920482012242
1789159851.316227,159.2447416,23.72881355932202,84.74576271186442,734603.0,576249.0,3180.4920345662144,4548.636652787435
1789159851.3775516,159.30606659999967,30.50847457627117,84.74576271186442,734798.0,576498.0,3273.773318911701,3935.683771369258
1789159851.439326,159.36783949999972,37.28813559322032,84.74576271186442,735016.0,576731.0,3531.647089584216,3796.520621303032
1789159851.5017147,159.43022859999974,44.06779661016947,84.74576271186442,735276.0,576992.0,3994.7396702363662,4065.4430272317004
1789159851.564074,159.4925862,50.847457627118644,84.74576271186442,735540.0,577203.0,4110.166514441116,3337.314691212872
1789159851.6258202,159.55433249999987,57.627118644067764,84.74576271186442,735826.0,577417.0,4760.462197621826,3570.3466482163694
1789159851.6878266,159.6163376999998,64.40677966101691,84.74576271186442,736137.0,577657.0,5059.724069326896,3917.772456457978
1789159851.7525847,159.68109529999992,71.18644067796606,84.74576271186442,736473.0,577829.0,5428.062002105706,2767.9521467691347
1789159851.814329,159.74283819999982,77.96610169491527,84.74576271186442,736802.0,578013.0,5402.321932215732,3038.806086871349
1789159851.8817782,159.81028719999995,84.74576271186442,84.74576271186442,737202.0,578183.0,6556.381306262333,2679.719879943733
1789159851.9472837,159.8757929999997,91.52542372881356,84.74576271186442,737624.0,578340.0,6533.097378555895,2475.168336720919
1789159852.0105784,159.9390859,98.30508474576271,84.74576271186442,738031.0,578484.0,6677.1872215668855,2373.323840026426
1789159852.0724285,160.00093579999975,105.08474576271186,84.74576271186442,738424.0,578596.0,6311.194790261542,1727.6455012447798
1789159852.1361065,160.06461229999968,111.86440677966101,84.74576271186442,738841.0,578684.0,6773.735777818818,1376.1943400845619
1789159852.199762,160.1282680999998,118.64406779661016,84.74576271186442,739231.0,578768.0,6079.1533397623825,1347.0851150609826
1789159852.2608738,160.18937789999973,125.42372881355931,84.74576271186442,739679.0,578867.0,7416.890926396103,1541.4076497400215
1789159852.3242211,160.25272559999985,132.20338983050846,84.74576271186442,740102.0,578952.0,6747.086840960053,1356.3731278218663
1789159852.3856046,160.31410770000002,138.9830508474576,84.74576271186442,740550.0,579031.0,7371.627345300389,1351.7654056174306
1789159852.4473212,160.37582299999985,145.76271186440675,84.74576271186442,741010.0,579075.0,7455.790870379582,742.0455368624229
1789159852.508703,160.43720480000002,152.5423728813559,84.74576271186442,741474.0,579163.0,7673.04156475893,1538.227672180446
1789159852.5697396,160.4982411000001,159.32203389830505,84.74576271186442,741962.0,579230.0,7939.658594701595,1162.3374068819903
1789159852.6314228,160.55992309999965,166.1016949152542,84.74576271186442,742395.0,579314.0,7120.539035475435,1399.3099099566155
1789159852.6917734,160.62027369999987,172.88135593220335,84.74576271186442,742814.0,579378.0,6774.368253924845,1123.0236142870065
1789159852.753927,160.68242529999998,179.66101694915255,84.74576271186442,743248.0,579443.0,6912.959869754435,1070.2805889721333
1789159852.8148868,160.74338549999993,186.4406779661017,84.74576271186442,743676.0,579527.0,7004.125051547856,1440.43702859596
1789159852.8749678,160.80346489999965,193.22033898305085,84.74576271186442,744066.0,579616.0,6694.658099449709,1473.552462107137
1789159852.9363627,160.8648592999998,200.0,84.74576271186442,744502.0,579712.0,6798.485726726482,1663.8399278567445
1789159852.997378,160.92587419999973,-200.0,91.52542372881356,744822.0,579844.0,5363.358542302156,2105.748152514605
1789159853.0591345,160.9876303000001,-193.22033898305085,91.52542372881356,745158.0,579971.0,5295.44150744247,1994.6163011366637
1789159853.1205487,161.04904269999997,-186.4406779661017,91.52542372881356,745509.0,580129.0,5508.985866805446,2505.7000232889286
1789159853.1838658,161.11236000000008,-179.66101694915255,91.52542372881356,745856.0,580317.0,5369.00238407851,3055.670167144361
1789159853.2456143,161.17410739999968,-172.8813559322034,91.52542372881356,746187.0,580495.0,5278.898881738627,2913.104734069811
1789159853.3083003,161.2367930999999,-166.10169491525426,91.52542372881356,746503.0,580703.0,5129.60093798456,3454.6292031324588
1789159853.3690097,161.29750079999985,-159.32203389830508,91.52542372881356,746777.0,580892.0,4425.224499209958,3166.0142758575303
1789159853.4323702,161.3608617,-152.54237288135593,91.52542372881356,747013.0,581101.0,3903.6742014492056,3446.4871328110103
1789159853.4941335,161.4226233999998,-145.76271186440678,91.52542372881356,747257.0,581322.0,3936.778514745062,3566.050493177141
1789159853.5558052,161.48429529999976,-138.98305084745763,91.52542372881356,747446.0,581522.0,3132.5853316361417,3150.4858192454913
1789159853.6168928,161.54538219999995,-132.20338983050848,91.52542372881356,747642.0,581807.0,3234.349145298007,4681.765061149601
1789159853.677582,161.6060708,-125.42372881355932,91.52542372881356,747812.0,582084.0,2896.1418353994113,4587.056944266149
1789159853.7393315,161.66781889999993,-118.64406779661017,91.52542372881356,747975.0,582371.0,2670.321411209987,4562.535921140243
1789159853.801703,161.73019010000007,-111.86440677966102,91.52542372881356,748119.0,582661.0,2334.7874553429806,4687.129703583278
1789159853.8631523,161.79163819999985,-105.08474576271186,91.52542372881356,748247.0,582980.0,2023.885398384407,5041.960115273435
1789159853.9251091,161.85359440000002,-98.30508474576271,91.52542372881356,748351.0,583313.0,1663.6256305659917,5223.426711024404
1789159853.987204,161.9156880999999,-91.52542372881356,91.52542372881356,748469.0,583652.0,1879.7718975840062,5446.068114495719
1789159854.0492,161.9776840999998,-84.74576271186442,91.52542372881356,748551.0,583996.0,1273.3581638173123,5606.313026806778
1789159854.1110587,162.0395410000001,-77.96610169491527,91.52542372881356,748647.0,584331.0,1465.1290460950484,5542.777355106568
1789159854.1726258,162.1011082,-71.18644067796612,91.52542372881356,748724.0,584697.0,1323.5367764423156,5830.716069191823
1789159854.2337642,162.16224509999984,-64.40677966101697,91.52542372881356,748803.0,584991.0,1356.6922415106242,4909.083768623969
1789159854.297475,162.2259555999999,-57.62711864406779,91.52542372881356,748894.0,585356.0,1337.9522821167577,5876.141779566841
1789159854.3643148,162.2927955,-50.847457627118644,91.52542372881356,748988.0,585721.0,1400.250091181051,5519.59047570205
1789159854.427974,162.35645320000003,-44.067796610169495,91.52542372881356,749065.0,586078.0,1238.736347352231,5680.490964286659
1789159854.4902236,162.41870299999982,-37.288135593220346,91.52542372881356,749126.0,586422.0,1028.0898975982266,5548.1403094524985
1789159854.553525,162.48200199999974,-30.508474576271198,91.52542372881356,749215.0,586766.0,1277.6678063706013,5416.59168616269
1789159854.619186,162.5476638,-23.72881355932205,91.52542372881356,749302.0,587127.0,1343.842179180791,5324.974635003884
1789159854.6802444,162.60872059999974,-16.9491525423729,91.52542372881356,749409.0,587442.0,1752.2090349629318,5202.988052798093
1789159854.742592,162.67106869999998,-10.169491525423723,91.52542372881356,749530.0,587774.0,2011.191479669707,5197.061168704021
1789159854.8054535,162.73392839999997,-3.3898305084745743,91.52542372881356,749669.0,588073.0,2235.9415177108763,4631.593143829673
1789159854.8681068,162.79658179999979,3.3898305084745743,91.52542372881356,749836.0,588366.0,2672.199691922479,4680.715800230225
1789159854.9299169,162.8583897999997,10.169491525423723,91.52542372881356,750015.0,588667.0,2894.044444756915,4835.171816240211
1789159854.991934,162.92040749999978,16.94915254237287,91.52542372881356,750181.0,588941.0,2579.2030262517505,4370.316238926577
1789159855.052955,162.9814265,23.72881355932202,91.52542372881356,750384.0,589205.0,3229.830068123988,4246.958874107785
1789159855.1165903,163.0450622999997,30.50847457627117,91.52542372881356,750595.0,589457.0,3431.1595031916277,3994.221575510254
1789159855.1786823,163.10715309999978,37.28813559322032,91.52542372881356,750851.0,589697.0,4079.3719173641957,3868.3699216384616
1789159855.2404213,163.16889189999984,44.06779661016947,91.52542372881356,751116.0,589923.0,4396.934606697281,3631.4763553289285
1789159855.301443,163.2299122999998,50.847457627118644,91.52542372881356,751402.0,590138.0,4563.12138977914,3525.2349560254534
1789159855.3638787,163.29234760000008,57.627118644067764,91.52542372881356,751711.0,590309.0,4931.393534045073,2633.611600619053
1789159855.4245605,163.3530284999997,64.40677966101691,91.52542372881356,751976.0,590479.0,4388.481315681688,2841.7215076955194
1789159855.4862442,163.41471180000008,71.18644067796606,91.52542372881356,752303.0,590628.0,5194.619091108153,2346.5348308109246
1789159855.548353,163.47681919999968,77.96610169491527,91.52542372881356,752658.0,590765.0,5770.219005264526,2244.9484275801196
1789159855.610667,163.53913329999978,84.74576271186442,91.52542372881356,753036.0,590900.0,6244.4498692737,2193.5178011046423
1789159855.6714168,163.59988219999968,91.52542372881356,91.52542372881356,753425.0,591021.0,6453.375708740167,1941.405505693421
1789159855.7338133,163.6622779999998,98.30508474576271,91.52542372881356,753804.0,591122.0,6003.043648416539,1579.7483285306682
1789159855.795259,163.72372169999971,105.08474576271186,91.52542372881356,754173.0,591231.0,5940.716964746792,1826.5487981161777
1789159855.8571818,163.78564509999978,111.86440677966101,91.52542372881356,754554.0,591325.0,6046.98148912103,1547.3158516280282
1789159855.9176373,163.84609899999987,118.64406779661016,91.52542372881356,754963.0,591418.0,6867.523661337399,1554.2290391447798
1789159855.979978,163.9084398,125.42372881355931,91.52542372881356,755389.0,591489.0,6871.710985387103,1059.9040080288592
1789159856.0414214,163.9698811999997,132.20338983050846,91.52542372881356,755812.0,591572.0,7152.3268134196815,1295.5827726541854
1789159856.1044292,164.0328899000001,138.9830508474576,91.52542372881356,756265.0,591635.0,6991.803077117884,966.203942817798
1789159856.1651368,164.09359619999987,145.76271186440675,91.52542372881356,756702.0,591704.0,7107.937558693731,1085.1813066707987
1789159856.2288518,164.15731069999993,152.5423728813559,91.52542372881356,757188.0,591779.0,7637.714864357492,1115.621272321881
1789159856.290575,164.21903299999985,159.32203389830505,91.52542372881356,757639.0,591864.0,7376.8229774854535,1485.9787292776452
1789159856.353294,164.2817514999997,166.1016949152542,91.52542372881356,758083.0,591946.0,6975.412111572096,1352.9136841084419
1789159856.4157856,164.3442412999998,172.88135593220335,91.52542372881356,758518.0,592037.0,7080.9301481887305,1482.4607453104486
1789159856.478396,164.4068517999999,179.66101694915255,91.52542372881356,758975.0,592107.0,7088.104791685134,1105.3232719707014
1789159856.5405316,164.46898620000002,186.4406779661017,91.52542372881356,759378.0,592194.0,6319.61729243809,1394.552419281031
1789159856.6028626,164.53131729999996,193.22033898305085,91.52542372881356,759766.0,592306.0,6114.993507221415,1845.0411444202543
1789159856.6645877,164.5930411999998,200.0,91.52542372881356,760136.0,592415.0,6057.106327842423,1801.238616442936
1789159856.7266715,164.65512439999975,-200.0,98.30508474576271,760466.0,592573.0,5155.463902866264,2506.6221044970457
1789159856.7881064,164.71655800000008,-193.22033898305085,98.30508474576271,760762.0,592704.0,4937.385778560134,2184.526801305383
1789159856.8497481,164.77819999999974,-186.4406779661017,98.30508474576271,761075.0,592874.0,5040.187452082555,2752.442792981253
1789159856.9108737,164.83932370000002,-179.66101694915255,98.30508474576271,761357.0,593038.0,4693.721300038399,2730.567904585076
1789159856.974157,164.9026071999997,-172.8813559322034,98.30508474576271,761614.0,593237.0,4109.828611417734,3060.5106680770355
1789159857.0352736,164.96372259999998,-166.10169491525426,98.30508474576271,761895.0,593451.0,4589.89223575305,3464.743555393353
1789159857.0965717,165.02502019999974,-159.32203389830508,98.30508474576271,762180.0,593669.0,4614.914042750888,3738.4381199028517
1789159857.157998,165.08644490000006,-152.54237288135593,98.30508474576271,762415.0,593903.0,3917.490526782675,3864.0702014174562
1789159857.2203531,165.1488000999998,-145.76271186440678,98.30508474576271,762651.0,594168.0,3790.3525739918337,4217.434554159928
1789159857.2814865,165.20993270000008,-138.98305084745763,98.30508474576271,762838.0,594425.0,3104.8253268094822,4353.892987020194
1789159857.3427832,165.2712287999998,-132.20338983050848,98.30508474576271,763015.0,594688.0,2965.304133514152,4429.875077505898
1789159857.4045138,165.33295809999981,-125.42372881355932,98.30508474576271,763159.0,595003.0,2342.649089033382,5168.134249852271
1789159857.4699214,165.39836560000003,-118.64406779661017,98.30508474576271,763305.0,595317.0,2345.360506595352,4937.60106651653
1789159857.5312872,165.45973139999978,-111.86440677966102,98.30508474576271,763447.0,595598.0,2399.2407735814436,4656.304316135839
1789159857.593333,165.52177619999975,-105.08474576271186,98.30508474576271,763569.0,595915.0,2021.5767215451892,5270.539309742815
1789159857.6548495,165.5832922999998,-98.30508474576271,98.30508474576271,763664.0,596234.0,1499.2396713140486,5033.161753697163
1789159857.7170827,165.64552439999989,-91.52542372881356,98.30508474576271,763766.0,596547.0,1683.2213599002082,5031.564925293095
1789159857.7791004,165.70754140000008,-84.74576271186442,98.30508474576271,763853.0,596873.0,1388.244555980872,5271.8147695476155
1789159857.8405275,165.76896769999985,-77.96610169491527,98.30508474576271,763930.0,597196.0,1260.046621728181,5274.195145233672
1789159857.9029136,165.8313533999999,-71.18644067796612,98.30508474576271,764041.0,597542.0,1675.4862400654215,5619.860096886101
1789159857.9643583,165.89279679999981,-64.40677966101697,98.30508474576271,764103.0,597899.0,1048.305565078568,5970.011353667776
1789159858.0285156,165.9569535999999,-57.62711864406779,98.30508474576271,764176.0,598265.0,1123.4673607192856,5770.536898239967
1789159858.0901537,166.01859009999998,-50.847457627118644,98.30508474576271,764245.0,598615.0,1155.915173617306,5655.092695543127
1789159858.1528301,166.0812665999997,-44.067796610169495,98.30508474576271,764340.0,598957.0,1512.404353623628,5398.931820493649
1789159858.2139034,166.1423391999997,-37.288135593220346,98.30508474576271,764430.0,599279.0,1464.447849592,5214.863074156879
1789159858.2755725,166.2040078,-30.508474576271198,98.30508474576271,764537.0,599612.0,1817.7346748986083,5274.9947428430205
1789159858.3373837,166.26581719999967,-23.72881355932205,98.30508474576271,764626.0,599940.0,1413.624869896933,5248.082329492364
1789159858.3994043,166.3278379999997,-16.9491525423729,98.30508474576271,764753.0,600267.0,2098.050058052563,5334.025571320076
1789159858.4600782,166.38851079999995,-10.169491525423723,98.30508474576271,764888.0,600598.0,2284.0288830755067,5539.219653442961
1789159858.5220997,166.45053159999998,-3.3898305084745743,98.30508474576271,765050.0,600898.0,2687.57315680118,4791.660036138946
1789159858.5839505,166.51238149999972,3.3898305084745743,98.30508474576271,765218.0,601166.0,2664.3704851379184,4340.630061880318
1789159858.6444893,166.57292030000008,10.169491525423723,98.30508474576271,765398.0,601444.0,2901.9845533644916,4775.417619460555
1789159858.705946,166.63437539999995,16.94915254237287,98.30508474576271,765593.0,601687.0,3182.391949793736,4124.6644265483055
1789159858.767275,166.69570470000008,23.72881355932202,98.30508474576271,765814.0,601933.0,3579.9116835758596,3973.701968769204
1789159858.8290434,166.75747139999976,30.50847457627117,98.30508474576271,766035.0,602169.0,3621.492231440187,3868.813652123907
1789159858.891446,166.81987359999994,37.28813559322032,98.30508474576271,766269.0,602409.0,3768.1708095802437,3945.080237260067
1789159858.9521377,166.88056419999975,44.06779661016947,98.30508474576271,766538.0,602597.0,4473.838823216202,3108.329784804832
1789159859.013782,166.94220859999996,50.847457627118644,98.30508474576271,766851.0,602766.0,5077.839343630603,2914.393707787987
1789159859.0738928,167.00231779999967,57.627118644067764,98.30508474576271,767146.0,602939.0,4927.129392622663,2781.737258565562
1789159859.1358283,167.06425339999987,64.40677966101691,98.30508474576271,767444.0,603107.0,4834.3311888970575,2727.0586193778277
1789159859.1972961,167.12572,71.18644067796606,98.30508474576271,767756.0,603237.0,5189.044718180664,2079.1720274901973
1789159859.2617056,167.19012919999977,77.96610169491527,98.30508474576271,768117.0,603375.0,5622.3362259525675,2119.0568146447367
1789159859.3228104,167.25123239999994,84.74576271186442,98.30508474576271,768490.0,603499.0,6191.519580876508,2034.1015337749911
1789159859.3848038,167.31322599999976,91.52542372881356,98.30508474576271,768838.0,603614.0,5543.680470806256,1847.8934902687522
1789159859.4454849,167.37390520000008,98.30508474576271,98.30508474576271,769196.0,603730.0,5974.263878944119,1961.430008448521
1789159859.5075815,167.43600239999978,105.08474576271186,98.30508474576271,769608.0,603823.0,6427.111758971344,1473.6195469464685
1789159859.5689154,167.49733519999972,111.86440677966101,98.30508474576271,770049.0,603904.0,7256.971495042462,1280.6420285369052
1789159859.6309679,167.55938680000008,118.64406779661016,98.30508474576271,770511.0,603979.0,7366.568326248109,1236.7231496620914
1789159859.6916919,167.62010939999982,125.42372881355931,98.30508474576271,770952.0,604054.0,7408.286492062962,1312.6332862150393
1789159859.7560313,167.68444899999986,132.20338983050846,98.30508474576271,771407.0,604117.0,7503.7293173872995,956.0039755325165
1789159859.8192427,167.7476603,138.9830508474576,98.30508474576271,771863.0,604183.0,7040.229143123454,1032.7964513139543
1789159859.8825622,167.8109783,145.76271186440675,98.30508474576271,772348.0,604243.0,7648.3876131316565,996.0690845008669
1789159859.9445398,167.8729558,152.5423728813559,98.30508474576271,772823.0,604314.0,7732.035757136459,1071.9413208757364
1789159860.0079975,167.93641239999988,159.32203389830505,98.30508474576271,773263.0,604383.0,6785.632039420451,1072.3408145198123
1789159860.0710707,167.9994855,166.1016949152542,98.30508474576271,773681.0,604456.0,6629.845700661217,1174.0351761587572
1789159860.132225,168.06063779999977,172.88135593220335,98.30508474576271,774137.0,604544.0,7365.3198653509635,1408.8626376821455
1789159860.1963484,168.1247610999999,179.66101694915255,98.30508474576271,774576.0,604627.0,6684.387798380683,1316.097079473917
1789159860.2589526,168.18736420000005,186.4406779661017,98.30508474576271,774977.0,604712.0,6449.062074435785,1335.5005930711707
1789159860.3212867,168.24969789999977,193.22033898305085,98.30508474576271,775329.0,604803.0,5515.923275961216,1475.5973094928092
1789159860.382742,168.31115120000004,200.0,98.30508474576271,775704.0,604894.0,6123.633497866262,1473.221971950434
1789159860.444395,168.37280519999968,-200.0,105.08474576271186,776031.0,605052.0,5191.877201426664,2560.3777979638344
1789159860.505467,168.43387519999987,-193.22033898305085,105.08474576271186,776325.0,605239.0,4664.362483525977,3002.3482652581
1789159860.5685158,168.49692449999975,-186.4406779661017,105.08474576271186,776644.0,605451.0,5050.592707019119,3210.8579065241825
1789159860.6288207,168.55722879999985,-179.66101694915255,105.08474576271186,776880.0,605621.0,3860.2131635025485,2827.198373269472
1789159860.6899333,168.61834069999986,-172.8813559322034,105.08474576271186,777157.0,605816.0,4449.606862033105,3305.932809141062
1789159860.7513373,168.6797429999997,-166.10169491525426,105.08474576271186,777419.0,606040.0,4334.4797203242915,3535.087968625139
1789159860.8129845,168.7413905999997,-159.32203389830508,105.08474576271186,777674.0,606281.0,4037.6371818486728,3966.4893900980355
1789159860.8737068,168.80211199999985,-152.54237288135593,105.08474576271186,777871.0,606505.0,3220.4786458729313,3778.2151711358415
1789159860.9350493,168.86345349999965,-145.76271186440678,105.08474576271186,778067.0,606754.0,3182.1090805483027,3982.080637110725
1789159860.9949703,168.9233731999998,-138.98305084745763,105.08474576271186,778233.0,606994.0,2682.2076576000736,3977.695709910313
1789159861.0561557,168.98455879999983,-132.20338983050848,105.08474576271186,778379.0,607274.0,2397.4422511477133,4633.862261546699
1789159861.1179647,169.0463660999999,-125.42372881355932,105.08474576271186,778534.0,607574.0,2538.1292224992812,4811.8699843215545
1789159861.1792445,169.1076462000001,-118.64406779661017,105.08474576271186,778670.0,607892.0,2156.324463419683,5001.22312524229
1789159861.2402644,169.1686652999997,-111.86440677966102,105.08474576271186,778781.0,608213.0,1788.5952015605933,5330.013700650568
1789159861.3024516,169.23085169999968,-105.08474576271186,105.08474576271186,778897.0,608543.0,1911.7340128979076,5296.730934818056
1789159861.363757,169.2921554999998,-98.30508474576271,105.08474576271186,778998.0,608874.0,1683.2424263044127,5318.329793749049
1789159861.42578,169.35417849999976,-91.52542372881356,105.08474576271186,779102.0,609231.0,1572.7188067174352,5813.758285506025
1789159861.4868522,169.41524849999996,-84.74576271186442,105.08474576271186,779186.0,609549.0,1357.739292615903,5091.522347309636
1789159861.5494435,169.4778409999999,-77.96610169491527,105.08474576271186,779277.0,609924.0,1435.3832473255788,6161.645159251265
1789159861.6105902,169.53898639999989,-71.18644067796612,105.08474576271186,779347.0,610249.0,1073.6103009279893,5207.009959500749
1789159861.6725638,169.6009595999999,-64.40677966101697,105.08474576271186,779419.0,610573.0,1195.303862062645,5449.179371167941
1789159861.733722,169.66211609999982,-57.62711864406779,105.08474576271186,779499.0,610915.0,1340.578414890408,5612.554963674508
1789159861.7943246,169.72271920000003,-50.847457627118644,105.08474576271186,779582.0,611275.0,1250.3737530317687,6016.291101544162
1789159861.8557603,169.7841530999999,-44.067796610169495,105.08474576271186,779665.0,611624.0,1369.112814894275,5458.670573669382
1789159861.9183757,169.8467685999999,-37.288135593220346,105.08474576271186,779767.0,611980.0,1619.233680069591,5737.71934459442
1789159861.9802513,169.90864299999976,-30.508474576271198,105.08474576271186,779886.0,612326.0,1923.23640104839,5522.688014019689
1789159862.0422053,169.9705971999997,-23.72881355932205,105.08474576271186,780035.0,612672.0,2388.6195548376227,5661.913018874365
1789159862.1030793,170.03146919999972,-16.9491525423729,105.08474576271186,780187.0,613007.0,2493.7566380544718,5543.6748284808045
1789159862.166994,170.0953844999999,-10.169491525423723,105.08474576271186,780337.0,613294.0,2398.4899941271624,4379.851293623514
1789159862.2285454,170.15693370000008,-3.3898305084745743,105.08474576271186,780539.0,613581.0,3351.0341220314563,4769.461263632073
1789159862.2912014,170.21959019999986,3.3898305084745743,105.08474576271186,780713.0,613889.0,2724.325017318127,4914.468658691523
1789159862.3521903,170.28057769999987,10.169491525423723,105.08474576271186,780910.0,614154.0,3239.3330195480985,4241.557600181764
1789159862.4139183,170.34230519999983,16.94915254237287,105.08474576271186,781099.0,614384.0,3237.2237568824867,3489.007826862236
1789159862.4748898,170.40327630000002,23.72881355932202,105.08474576271186,781314.0,614604.0,3505.972674859234,3666.96121605175
1789159862.5362453,170.46463099999983,30.50847457627117,105.08474576271186,781560.0,614830.0,4077.8313772211122,3525.810535763232
1789159862.5984516,170.5268357,37.28813559322032,105.08474576271186,781847.0,615043.0,4614.438967025887,3469.6354065041974
1789159862.6601024,170.58848669999998,44.06779661016947,105.08474576271186,782152.0,615223.0,4911.943552068248,2922.06860944206
1789159862.7214897,170.64987249999967,50.847457627118644,105.08474576271186,782447.0,615414.0,4884.5991253755,3001.8081897762163
1789159862.7838004,170.7121828999998,57.627118644067764,105.08474576271186,782795.0,615562.0,5573.861578321661,2356.1433801107337
1789159862.8442433,170.77262470000005,64.40677966101691,105.08474576271186,783123.0,615693.0,5645.229871205055,2098.867516217264
1789159862.9055762,170.8339575,71.18644067796606,105.08474576271186,783497.0,615819.0,6118.198617342919,1956.40072066198
1789159862.9662783,170.89465900000005,77.96610169491527,105.08474576271186,783860.0,615941.0,5987.980881608225,1870.1201552169832
1789159863.0272965,170.9556763999999,84.74576271186442,105.08474576271186,784282.0,616036.0,7088.199758388638,1593.054996203507
1789159863.088084,171.0164633999998,91.52542372881356,105.08474576271186,784722.0,616139.0,7405.303779235817,1617.6634469204455
1789159863.1497076,171.07808579999983,98.30508474576271,105.08474576271186,785141.0,616230.0,6797.515881589754,1548.1253447599702
1789159863.2130735,171.1414510999998,105.08474576271186,105.08474576271186,785593.0,616318.0,7122.482674382158,1338.683490606767
1789159863.2751813,171.20355819999986,111.86440677966101,105.08474576271186,786017.0,616394.0,6863.368265877905,1068.4399147408876
1789159863.3417726,171.2701489000001,118.64406779661016,105.08474576271186,786464.0,616473.0,6556.886276261088,1171.4536275205912
1789159863.4060626,171.3344376,125.42372881355931,105.08474576271186,786937.0,616543.0,7579.989546082064,1131.6098137515878
1789159863.4677749,171.3961503999999,132.20338983050846,105.08474576271186,787371.0,616622.0,6861.502526846503,1279.8657563029747
1789159863.5288515,171.45722499999965,138.9830508474576,105.08474576271186,787810.0,616704.0,7563.735327220588,1411.4147261320716
1789159863.5945508,171.52292469999975,145.76271186440675,105.08474576271186,788314.0,616780.0,7772.9238703750625,1167.606589970503
1789159863.6566377,171.5850102999998,152.5423728813559,105.08474576271186,788772.0,616844.0,7375.393265208673,1051.0826150901248
1789159863.7193644,171.64773680000008,159.32203389830505,105.08474576271186,789239.0,616926.0,7270.064684500029,1353.377196637237
1789159863.7824843,171.7108543999998,166.1016949152542,105.08474576271186,789675.0,617007.0,7011.408992963347,1306.912507504503
1789159863.8476756,171.7760463999998,172.88135593220335,105.08474576271186,790150.0,617091.0,7255.176125320257,1311.3816001165721
1789159863.9099371,171.83830639999996,179.66101694915255,105.08474576271186,790584.0,617192.0,6962.376251821558,1650.8727195040808
1789159863.9730456,171.9014146999998,186.4406779661017,105.08474576271186,791035.0,617291.0,7230.407243572196,1577.85865507211
1789159864.0357966,171.96416409999983,193.22033898305085,105.08474576271186,791406.0,617419.0,5808.438755613916,1936.1462518713056
1789159864.0974994,172.0258673999997,200.0,105.08474576271186,791799.0,617546.0,6335.79725448585,2058.690424426775
1789159864.1618767,172.09024329999966,-200.0,111.86440677966101,792170.0,617727.0,5622.550913384182,2742.2871019266413
1789159864.225066,172.15343239999993,-193.22033898305085,111.86440677966101,792470.0,617892.0,4649.955851560077,2629.750313054575
1789159864.2866454,172.2150102999999,-186.4406779661017,111.86440677966101,792758.0,618098.0,4389.0823796803425,3269.599829397502
1789159864.3491254,172.27749029999995,-179.66101694915255,111.86440677966101,793055.0,618294.0,4635.643693514819,3102.179810108776
1789159864.4114125,172.33977559999994,-172.8813559322034,111.86440677966101,793305.0,618521.0,3970.23922918495,3685.37901543177
1789159864.4745104,172.40287399999988,-166.10169491525426,111.86440677966101,793556.0,618748.0,3801.1594403949744,3523.4491616446567
1789159864.5362613,172.46462350000002,-159.32203389830508,111.86440677966101,793799.0,619015.0,3658.1232751706475,4285.742464538161
1789159864.6006393,172.52900120000004,-152.54237288135593,111.86440677966101,793987.0,619272.0,2913.464978790493,3816.4687441466112
1789159864.6620154,172.59037549999994,-145.76271186440678,111.86440677966101,794168.0,619545.0,2912.7732298246106,4405.120008068084
1789159864.7240977,172.6524583999999,-138.98305084745763,111.86440677966101,794334.0,619840.0,2719.0609705140077,4943.747219116378
1789159864.7864308,172.7147891999998,-132.20338983050848,111.86440677966101,794493.0,620123.0,2571.7851785991397,4586.050493306158
1789159864.8493786,172.77773789999992,-125.42372881355932,111.86440677966101,794632.0,620445.0,2110.1719005254627,5196.952283938743
1789159864.9112194,172.83957689999988,-118.64406779661017,111.86440677966101,794759.0,620757.0,2033.171279381867,4929.990535846297
1789159864.9735715,172.90192939999997,-111.86440677966102,111.86440677966101,794884.0,621097.0,1980.6462565841507,5482.145888759703
1789159865.0339828,172.9623392999997,-105.08474576271186,111.86440677966101,794969.0,621441.0,1263.3822390423707,5712.6849069741975
1789159865.095333,173.02368929999966,-98.30508474576271,111.86440677966101,795051.0,621792.0,1378.2487291492853,5870.98159949306
1789159865.1578116,173.08616679999977,-91.52542372881356,111.86440677966101,795129.0,622118.0,1299.8501561655503,5343.828419791707
1789159865.2195976,173.14795209999966,-84.74576271186442,111.86440677966101,795219.0,622426.0,1543.5685530774135,5021.033339320782
1789159865.2819204,173.21027379999987,-77.96610169491527,111.86440677966101,795305.0,622789.0,1379.352349295213,5911.510068408055
1789159865.3426158,173.2709691,-71.18644067796612,111.86440677966101,795390.0,623114.0,1427.9026640248833,5512.788766172018
1789159865.4053388,173.3336903999998,-64.40677966101697,111.86440677966101,795463.0,623474.0,1186.950024008687,5862.813754952
1789159865.4680018,173.39635399999997,-57.62711864406779,111.86440677966101,795537.0,623829.0,1159.3734464815095,5761.73470372629
1789159865.5307572,173.4591077,-50.847457627118644,111.86440677966101,795614.0,624179.0,1265.2069860787701,5773.6206125284725
1789159865.5931807,173.52153129999988,-44.067796610169495,111.86440677966101,795706.0,624518.0,1525.6412954334155,5418.657014815234
1789159865.655534,173.5838832999998,-37.288135593220346,111.86440677966101,795830.0,624863.0,1988.5238882610788,5463.9620353119735
1789159865.71695,173.64529919999995,-30.508474576271198,111.86440677966101,795944.0,625183.0,1839.7686535581008,5162.069328915448
1789159865.7793362,173.70768359999965,-23.72881355932205,111.86440677966101,796076.0,625470.0,2146.106961968213,4739.319541013137
1789159865.8413372,173.76968499999975,-16.9491525423729,111.86440677966101,796234.0,625774.0,2543.922693201069,5016.68670966924
1789159865.9049299,173.83327539999982,-10.169491525423723,111.86440677966101,796418.0,626056.0,2979.050888571617,4397.646549796197
1789159865.9678943,173.8962406999999,-3.3898305084745743,111.86440677966101,796578.0,626373.0,2561.61210787731,5141.01318872599
1789159866.0315666,173.95991139999978,3.3898305084745743,111.86440677966101,796760.0,626638.0,2967.2688792633053,4164.901499206929
1789159866.0932367,174.02158169999984,10.169491525423723,111.86440677966101,796983.0,626894.0,3575.757792475564,4201.515406158788
1789159866.1557062,174.08404949999976,16.94915254237287,111.86440677966101,797190.0,627145.0,3432.6231498172474,4040.4834992640517
1789159866.2183585,174.1467018999997,23.72881355932202,111.86440677966101,797441.0,627362.0,4108.628644654052,3619.089912525058
1789159866.2807941,174.20913569999993,30.50847457627117,111.86440677966101,797710.0,627596.0,4443.857482470712,3640.7507085302223
1789159866.342179,174.27052099999992,37.28813559322032,111.86440677966101,798013.0,627758.0,4970.40108274477,2663.9919472265133
1789159866.4049366,174.3332763999997,44.06779661016947,111.86440677966101,798349.0,627947.0,5832.2745511689,3068.6736869227134
1789159866.46831,174.3966502999997,50.847457627118644,111.86440677966101,798699.0,628114.0,5600.503183684275,2688.2415281684525
1789159866.5296834,174.4580219999998,57.627118644067764,111.86440677966101,799069.0,628262.0,5988.702393862012,2427.852321835951
1789159866.592007,174.5203459999998,64.40677966101691,111.86440677966101,799399.0,628398.0,5481.3994897178045,2157.195928211523
1789159866.65343,174.5817677,71.18644067796606,111.86440677966101,799796.0,628527.0,6427.279028527101,2088.4155947034837
1789159866.7154443,174.6437818999998,77.96610169491527,111.86440677966101,800163.0,628656.0,5942.616826045206,2109.8047903119073
1789159866.7758934,174.7042293999998,84.74576271186442,111.86440677966101,800580.0,628760.0,6703.9873365607655,1734.7244860103328
1789159866.8395598,174.76789599999984,91.52542372881356,111.86440677966101,801027.0,628857.0,6879.065000277405,1486.431130713208
1789159866.9010031,174.82933729999968,98.30508474576271,111.86440677966101,801423.0,628954.0,6529.775235423697,1600.9641761782618
1789159866.962649,174.8909835999998,105.08474576271186,111.86440677966101,801882.0,629036.0,7452.028676949962,1333.8953479027377
1789159867.0231068,174.95143879999978,111.86440677966101,111.86440677966101,802320.0,629112.0,7208.333483899172,1228.4879120429666
1789159867.085171,175.01350419999972,118.64406779661016,111.86440677966101,802737.0,629166.0,6700.637612996897,841.9649356645315
1789159867.1464403,175.07477199999994,125.42372881355931,111.86440677966101,803143.0,629217.0,6549.942421020182,854.3403157852412
1789159867.2076066,175.13593839999976,132.20338983050846,111.86440677966101,803636.0,629295.0,8059.616140688649,1304.5498409540385
1789159867.2697577,175.19808680000006,138.9830508474576,111.86440677966101,804125.0,629360.0,8009.661766533245,1057.203678356737
1789159867.3329544,175.26128470000003,145.76271186440675,111.86440677966101,804594.0,629439.0,7532.476157359847,1293.2789690130596
1789159867.3951201,175.3234484999998,152.5423728813559,111.86440677966101,805040.0,629514.0,6974.943718809211,1230.8724209663312
1789159867.4574456,175.38577480000004,159.32203389830505,111.86440677966101,805468.0,629599.0,6845.946739634493,1415.182788554934
1789159867.518495,175.44682220000004,166.1016949152542,111.86440677966101,805911.0,629694.0,7220.926387674816,1537.1278944060252
1789159867.5805185,175.50884599999972,172.88135593220335,111.86440677966101,806311.0,629776.0,6497.935160264531,1378.349882480355
1789159867.6408956,175.56922200000008,179.66101694915255,111.86440677966101,806731.0,629867.0,7049.374617207578,1467.864637516231
1789159867.7039394,175.6322654999999,186.4406779661017,111.86440677966101,807168.0,629980.0,7101.051962705474,1753.5605091277575
1789159867.7649708,175.6932956999999,193.22033898305085,111.86440677966101,807501.0,630093.0,5398.129959077721,1841.0840588907458
1789159867.8256657,175.75399049999987,200.0,111.86440677966101,807852.0,630234.0,5828.5856145446205,2320.640568753877
1789159867.8856816,175.81400559999975,-200.0,118.64406779661016,808113.0,630426.0,4371.688218503139,3278.7661638773548
1789159867.9460723,175.87439529999983,-193.22033898305085,118.64406779661016,808373.0,630631.0,4285.869290011461,3417.8451300091397
1789159868.006153,175.9344744,-186.4406779661017,118.64406779661016,808643.0,630824.0,4493.695181934734,3220.1783287548496
1789159868.068521,175.9968417,-179.66101694915255,118.64406779661016,808887.0,631078.0,3959.094074456316,4029.79218292875
1789159868.1301546,176.05847519999998,-172.8813559322034,118.64406779661016,809115.0,631296.0,3706.3231305064205,3437.748990614651
1789159868.191198,176.11951849999969,-166.10169491525426,118.64406779661016,809347.0,631542.0,3759.142772257968,4045.5536501442893
1789159868.2526312,176.1809506999998,-159.32203389830508,118.64406779661016,809530.0,631784.0,2860.737181762012,3891.313309353296
1789159868.313283,176.24160230000007,-152.54237288135593,118.64406779661016,809702.0,632054.0,2719.8386108950863,4539.068410235508
1789159868.374512,176.30282929999976,-145.76271186440678,118.64406779661016,809837.0,632364.0,2173.700011589709,5202.6262572475
1789159868.43671,176.3650272,-138.98305084745763,118.64406779661016,809993.0,632657.0,2584.7108200852745,4677.095769678115
1789159868.4981608,176.42647659999966,-132.20338983050848,118.64406779661016,810131.0,632958.0,2257.3724540068824,5030.207909322423
1789159868.5619445,176.49026049999975,-125.42372881355932,118.64406779661016,810259.0,633311.0,1994.7581225707681,5567.977020393188
1789159868.6232178,176.55153289999998,-118.64406779661017,118.64406779661016,810378.0,633621.0,1830.1545503256054,5117.325344599752
1789159868.6845796,176.61289409999972,-111.86440677966102,118.64406779661016,810482.0,633943.0,1719.26544383718,5139.88731647157
1789159868.7452853,176.67359859999988,-105.08474576271186,118.64406779661016,810558.0,634266.0,1296.5730853043212,5276.332138807863
1789159868.8074212,176.73573439999973,-98.30508474576271,118.64406779661016,810649.0,634586.0,1438.8590198868278,5229.02424300335
1789159868.8688061,176.79711739999993,-91.52542372881356,118.64406779661016,810729.0,634923.0,1348.1966096367821,5552.441300214642
1789159868.9314294,176.85974110000006,-84.74576271186442,118.64406779661016,810808.0,635309.0,1171.7957507570384,6156.300063678769
1789159868.9921603,176.92047079999975,-77.96610169491527,118.64406779661016,810890.0,635608.0,1367.9989056024958,4931.996054408998
1789159869.0531743,176.98148459999993,-71.18644067796612,118.64406779661016,810960.0,635950.0,1169.2603259217897,5792.335768412558
1789159869.113615,177.0419238999998,-64.40677966101697,118.64406779661016,811051.0,636287.0,1466.9607832509357,5668.626236512875
1789159869.175573,177.10388169999987,-57.62711864406779,118.64406779661016,811150.0,636664.0,1663.8817298632976,6124.500835454265
1789159869.2366881,177.1649953000001,-50.847457627118644,118.64406779661016,811232.0,636991.0,1376.1525277445185,5397.377446478501
1789159869.2990954,177.2274024999997,-44.067796610169495,118.64406779661016,811349.0,637311.0,1909.048003709389,4878.678231701771
1789159869.360827,177.28913329999978,-37.288135593220346,118.64406779661016,811467.0,637674.0,1835.0922574924455,5734.663304663893
1789159869.4229426,177.35124879999967,-30.508474576271198,118.64406779661016,811619.0,637992.0,2451.468853119735,5044.0294387931235
1789159869.4840124,177.4123166999998,-23.72881355932205,118.64406779661016,811779.0,638285.0,2673.6204563942765,4848.165094261622
1789159869.5465665,177.4748709999999,-16.9491525423729,118.64406779661016,811934.0,638556.0,2422.8362038963674,4262.069526562223
1789159869.6076503,177.53595369999994,-10.169491525423723,118.64406779661016,812129.0,638868.0,3130.433538224783,4883.476319630662
1789159869.669028,177.5973310999998,-3.3898305084745743,118.64406779661016,812316.0,639158.0,3092.0298907914716,4754.219369656251
1789159869.7309015,177.65920329999972,3.3898305084745743,118.64406779661016,812525.0,639404.0,3414.0864503149814,3994.8331145438183
1789159869.792849,177.72114650000003,10.169491525423723,118.64406779661016,812754.0,639655.0,3719.5262611086478,4005.6436658093126
1789159869.8539917,177.78229199999987,16.94915254237287,118.64406779661016,812998.0,639897.0,4066.5849782510118,3852.554189922011
1789159869.9158723,177.84417269999994,23.72881355932202,118.64406779661016,813276.0,640117.0,4417.5512159741265,3491.290477140842
1789159869.9769208,177.90521959999978,30.50847457627117,118.64406779661016,813608.0,640331.0,5438.506414390505,3649.524041235733
1789159870.0382617,177.9665602,37.28813559322032,118.64406779661016,813943.0,640516.0,5616.616571700201,2907.0028262473884
1789159870.0997427,178.02803989999984,44.06779661016947,118.64406779661016,814285.0,640687.0,5730.435353436894,2838.605747832517
1789159870.1614244,178.08971960000008,50.847457627118644,118.64406779661016,814657.0,640859.0,5917.455958763004,2627.9940360669534
1789159870.2221599,178.15045549999968,57.627118644067764,118.64406779661016,815012.0,640988.0,5803.5281138879745,2120.174357395607
1789159870.2828143,178.21111010000004,64.40677966101691,118.64406779661016,815398.0,641113.0,6249.207528044211,2010.614595979442
1789159870.3445504,178.27284529999997,71.18644067796606,118.64406779661016,815796.0,641246.0,6495.271512913679,2135.673513756943
1789159870.4059963,178.33429089999981,77.96610169491527,118.64406779661016,816225.0,641354.0,6820.783032988208,1678.4125787981454
1789159870.4666078,178.3949002999998,84.74576271186442,118.64406779661016,816633.0,641446.0,6697.450805394124,1520.5023450083957
1789159870.5289633,178.45725649999986,91.52542372881356,118.64406779661016,817097.0,641534.0,7456.423213835387,1360.53219778513
1789159870.590438,178.51872860000003,98.30508474576271,118.64406779661016,817555.0,641621.0,7435.260881799432,1330.8939525893973
1789159870.6520314,178.5803232999997,105.08474576271186,118.64406779661016,818007.0,641690.0,7473.2298231676805,1049.8108561116503
1789159870.7127829,178.64107269999977,111.86440677966101,118.64406779661016,818451.0,641754.0,7473.343573919954,1062.4753514729573
1789159870.7772143,178.70550430000003,118.64406779661016,118.64406779661016,818962.0,641827.0,7983.147832410219,1115.9238905519662
1789159870.8389604,178.7672496,125.42372881355931,118.64406779661016,819427.0,641899.0,7578.971283338717,1171.4569196729633
1789159870.8999498,178.82823849999977,132.20338983050846,118.64406779661016,819868.0,641963.0,7417.035418129277,1026.1432495955553
1789159870.9606602,178.8889476999998,138.9830508474576,118.64406779661016,820336.0,642043.0,7752.607286359487,1349.0615927539711
1789159871.0230823,178.95136939999975,145.76271186440675,118.64406779661016,820756.0,642126.0,6624.797478008127,1423.3649753810564
1789159871.0837746,179.0120598999997,152.5423728813559,118.64406779661016,821186.0,642200.0,7045.2658329517935,1168.2200998517005
1789159871.1454673,179.07375309999998,159.32203389830505,118.64406779661016,821626.0,642291.0,7286.91180675543,1565.3366103400554
1789159871.2071908,179.13547489999974,166.1016949152542,118.64406779661016,822083.0,642393.0,7334.397262763006,1625.9386702992688
1789159871.2682247,179.19650920000004,172.88135593220335,118.64406779661016,822487.0,642505.0,6606.8747502198285,1764.2335845273656
1789159871.3299558,179.25823889999992,179.66101694915255,118.64406779661016,822923.0,642602.0,6978.99587267677,1625.4876462943364
1789159871.3909621,179.3192452999997,186.4406779661017,118.64406779661016,823254.0,642728.0,5275.600617232703,2160.65554289394
1789159871.4520705,179.3803509999998,193.22033898305085,118.64406779661016,823667.0,642864.0,6912.578213096166,2232.7449008708545
1789159871.5136647,179.44194639999978,200.0,118.64406779661016,824025.0,643015.0,5853.3155498938,2446.4321957760467
1789159871.5751882,179.50346809999974,-200.0,125.42372881355931,824338.0,643246.0,5040.107900935875,3726.840349283569
1789159871.6368034,179.56508369999983,-193.22033898305085,125.42372881355931,824580.0,643456.0,3861.652715850262,3557.7263446953802
1789159871.698231,179.62650949999988,-186.4406779661017,125.42372881355931,824831.0,643706.0,4014.1668117385816,4067.4522118944033
1789159871.7599213,179.68820030000006,-179.66101694915255,125.42372881355931,825038.0,643926.0,3258.6878947134337,3724.214736815353
1789159871.8216558,179.74993300000006,-172.8813559322034,125.42372881355931,825296.0,644178.0,4112.640456379414,4094.9896389700602
1789159871.8833575,179.8116347,-166.10169491525426,125.42372881355931,825521.0,644429.0,3787.9667730836795,4163.189896832535
1789159871.9444454,179.87272129999974,-159.32203389830508,125.42372881355931,825689.0,644693.0,2750.145649154416,4233.776854619298
1789159872.012845,179.94112049999967,-152.54237288135593,125.42372881355931,825872.0,645013.0,2896.7426750440177,4602.799710652765
1789159872.0785277,180.0068028999999,-145.76271186440678,125.42372881355931,826015.0,645341.0,2009.8165419510283,5049.456435976137
1789159872.139659,180.0679323999998,-138.98305084745763,125.42372881355931,826152.0,645632.0,2165.3233310878245,4688.551345000083
1789159872.205972,180.13424579999992,-132.20338983050848,125.42372881355931,826283.0,646003.0,1939.6728856672014,5671.077504704953
1789159872.2694914,180.1977641999997,-125.42372881355932,125.42372881355931,826395.0,646331.0,1652.9074102408047,4940.755845828492
1789159872.3334575,180.26172989999986,-118.64406779661017,125.42372881355931,826496.0,646706.0,1461.3548118574272,5964.366732115778
1789159872.3959975,180.3242677999997,-111.86440677966102,125.42372881355931,826603.0,647034.0,1602.758168732733,5342.5272291091105
1789159872.458497,180.3867680999997,-105.08474576271186,125.42372881355931,826698.0,647385.0,1421.222180895455,5386.60752512228
1789159872.5211,180.44936909999979,-98.30508474576271,125.42372881355931,826792.0,647705.0,1608.579088473607,4968.722073285142
1789159872.5833209,180.51158970000006,-91.52542372881356,125.42372881355931,826870.0,648051.0,1286.7381364499192,5446.603892644179
1789159872.6462402,180.5745078,-84.74576271186442,125.42372881355931,826957.0,648375.0,1323.2670935322571,5257.781251634835
1789159872.7085688,180.6368368999997,-77.96610169491527,125.42372881355931,827048.0,648725.0,1451.1116931292136,5503.606543453481
1789159872.7710128,180.6992796999998,-71.18644067796612,125.42372881355931,827150.0,649095.0,1660.111355162168,5837.754215954877
1789159872.8337228,180.7619894999998,-64.40677966101697,125.42372881355931,827235.0,649474.0,1414.6395987279793,6112.640241417194
1789159872.8958259,180.82409099999995,-57.62711864406779,125.42372881355931,827346.0,649842.0,1801.7317821947918,5935.116458994608
1789159872.9573002,180.8855653999999,-50.847457627118644,125.42372881355931,827451.0,650205.0,1659.697720854567,5835.711341069285
1789159873.021333,180.9495962000001,-44.067796610169495,125.42372881355931,827559.0,650553.0,1714.1143028435022,5481.59469763495
1789159873.082943,181.01120649999984,-37.288135593220346,125.42372881355931,827685.0,650868.0,2094.690764570396,5156.161882019435
1789159873.1453311,181.07359300000007,-30.508474576271198,125.42372881355931,827847.0,651142.0,2574.5732287133055,4362.471304208657
1789159873.208434,181.13669619999973,-23.72881355932205,125.42372881355931,828000.0,651455.0,2335.7838574463813,4882.31513060221
1789159873.2711587,181.1994193999999,-16.9491525423729,125.42372881355931,828171.0,651761.0,2696.716478021218,4782.1772210242925
1789159873.33395,181.26221039999973,-10.169491525423723,125.42372881355931,828352.0,652053.0,2859.1053789402617,4532.728039783341
1789159873.3959224,181.3241820999997,-3.3898305084745743,125.42372881355931,828559.0,652314.0,3395.7071113228462,4164.20924704328
1789159873.4583044,181.38656300000002,3.3898305084745743,125.42372881355931,828787.0,652553.0,3665.1837216910176,3787.3565124140514
1789159873.5193634,181.44762109999965,10.169491525423723,125.42372881355931,829037.0,652769.0,3950.781486031571,3432.353146235573
1789159873.5821319,181.5103896999999,16.94915254237287,125.42372881355931,829297.0,652998.0,4236.293384490323,3830.315268476667
1789159873.6427703,181.57102719999966,23.72881355932202,125.42372881355931,829600.0,653183.0,4858.063575862335,3022.7951138698972
1789159873.7034304,181.63168689999975,30.50847457627117,125.42372881355931,829915.0,653380.0,5150.220775198748,3313.428750477516
1789159873.763253,181.6915085999999,37.28813559322032,125.42372881355931,830236.0,653551.0,5430.579097212583,2797.5710500792097
1789159873.824579,181.75283420000005,44.06779661016947,125.42372881355931,830580.0,653718.0,5876.773526291229,2768.692694757266
1789159873.8859928,181.81422070000008,50.847457627118644,125.42372881355931,830952.0,653855.0,6091.475131472618,2255.4441448892785
1789159873.949316,181.87756979999995,57.627118644067764,125.42372881355931,831363.0,653974.0,6635.2562669719155,1918.4162681695989
1789159874.010751,181.9390027999998,64.40677966101691,125.42372881355931,831730.0,654096.0,5739.426483810651,2061.2181799443824
1789159874.0737717,182.00202390000004,71.18644067796606,125.42372881355931,832149.0,654223.0,6709.826226017543,1991.9796608489582
1789159874.1344829,182.06273329999976,77.96610169491527,125.42372881355931,832578.0,654325.0,7049.066538147184,1564.4611959663391
1789159874.196172,182.12442280000005,84.74576271186442,125.42372881355931,832981.0,654412.0,6622.351504471494,1459.7656542114585
1789159874.2575917,182.18584099999998,91.52542372881356,125.42372881355931,833458.0,654505.0,7907.863615120043,1563.802242990031
1789159874.3193002,182.24754929999972,98.30508474576271,125.42372881355931,833915.0,654579.0,7519.064294256955,1226.5140338149643
1789159874.3799863,182.30823379999993,105.08474576271186,125.42372881355931,834367.0,654661.0,7624.56909491454,1402.632993875788
1789159874.4410167,182.3692643999998,111.86440677966101,125.42372881355931,834861.0,654719.0,7986.243515632537,935.325817146153
1789159874.5028274,182.43107400000008,118.64406779661016,125.42372881355931,835335.0,654797.0,7737.155264816279,1321.8374598205487
1789159874.5647545,182.49300089999997,125.42372881355931,125.42372881355931,835805.0,654882.0,7478.200508784625,1431.2345471358133
1789159874.625171,182.55341599999974,132.20338983050846,125.42372881355931,836260.0,654954.0,7493.985804851327,1230.8962191543242
1789159874.6886485,182.61689339999975,138.9830508474576,125.42372881355931,836811.0,655029.0,8438.716206184306,1230.285114248636
1789159874.7509434,182.67918669999972,145.76271186440675,125.42372881355931,837270.0,655092.0,7315.225095927604,1030.0674956079442
1789159874.813004,182.74124789999996,152.5423728813559,125.42372881355931,837715.0,655171.0,7089.544890606837,1253.2023796527237
1789159874.8740387,182.80228119999992,159.32203389830505,125.42372881355931,838104.0,655264.0,6436.007315609517,1573.2462327045487
1789159874.9350736,182.86331560000008,166.1016949152542,125.42372881355931,838477.0,655365.0,6067.169909732742,1648.0969008527745
1789159874.9965103,182.92475109999987,172.88135593220335,125.42372881355931,838904.0,655473.0,6989.446645139938,1738.4918051363297
1789159875.0577724,182.98601289999988,179.66101694915255,125.42372881355931,839293.0,655603.0,6129.350808572575,2078.9610929661367
1789159875.1195624,183.04780140000003,186.4406779661017,125.42372881355931,839638.0,655743.0,5522.016385533658,2230.045078773208
1789159875.1822348,183.11047430000008,193.22033898305085,125.42372881355931,840000.0,655903.0,5873.580035479612,2529.885376727664
1789159875.2440233,183.17226110000001,200.0,125.42372881355931,840335.0,656052.0,5341.436280378563,2405.4150136804124
1789159875.305961,183.2341965999999,-200.0,132.20338983050846,840597.0,656270.0,4046.3241729362708,3636.3441906563844
1789159875.3667293,183.29496549999976,-193.22033898305085,132.20338983050846,840849.0,656489.0,4267.794180672324,3619.521646899313
1789159875.4280787,183.356315,-186.4406779661017,132.20338983050846,841093.0,656725.0,3867.855435320998,3832.0419590680253
1789159875.4898653,183.41809999999987,-179.66101694915255,132.20338983050846,841320.0,656966.0,3690.1281127924562,3972.62595874786
1789159875.5519884,183.48022360000004,-172.8813559322034,132.20338983050846,841534.0,657237.0,3356.3567630735224,4345.598756400455
1789159875.613273,183.54150729999992,-166.10169491525426,132.20338983050846,841717.0,657492.0,2985.9392656405726,4130.251319538756
1789159875.6742842,183.60251789999984,-159.32203389830508,132.20338983050846,841908.0,657800.0,3184.02976532178,5115.912993719264
1789159875.736077,183.66430910000008,-152.54237288135593,132.20338983050846,842069.0,658102.0,2576.8510527151197,4924.256463750126
1789159875.7980459,183.7262778999998,-145.76271186440678,132.20338983050846,842208.0,658418.0,2152.362351097192,5087.401920775181
1789159875.8595293,183.78775899999982,-138.98305084745763,132.20338983050846,842335.0,658702.0,1862.2238144832882,4735.369128257505
1789159875.9221663,183.85039689999985,-132.20338983050848,132.20338983050846,842444.0,659023.0,1693.9947014705692,5291.550459232809
1789159875.9825568,183.91078599999992,-125.42372881355932,132.20338983050846,842549.0,659402.0,1736.3183539632992,6366.500631198764
1789159876.0442033,183.9724323999999,-118.64406779661017,132.20338983050846,842641.0,659708.0,1565.8195819970376,5017.740024126871
1789159876.1050658,184.0332930999998,-111.86440677966102,132.20338983050846,842722.0,660037.0,1373.4948033037504,5403.6177129976495
1789159876.1670165,184.09524379999993,-105.08474576271186,132.20338983050846,842811.0,660375.0,1457.9047774810444,5458.253252276593
1789159876.2287939,184.1570198999998,-98.30508474576271,132.20338983050846,842889.0,660705.0,1252.3238544685896,5273.870880086032
1789159876.291055,184.21928119999984,-91.52542372881356,132.20338983050846,842971.0,661039.0,1319.8787823277032,5437.900583190138
1789159876.352213,184.28043819999994,-84.74576271186442,132.20338983050846,843060.0,661388.0,1428.1786794351349,5694.8624842476
1789159876.4131446,184.3413697000001,-77.96610169491527,132.20338983050846,843148.0,661773.0,1495.2425757487888,6272.7249519217485
1789159876.4742649,184.4024887999999,-71.18644067796612,132.20338983050846,843229.0,662094.0,1322.2100920381893,5270.972664206295
1789159876.535676,184.46389950000003,-64.40677966101697,132.20338983050846,843311.0,662461.0,1285.822202930826,5982.644971969816
1789159876.5967047,184.5249263999999,-57.62711864406779,132.20338983050846,843396.0,662801.0,1466.50380127522,5544.099736528271
1789159876.6583254,184.5865475999999,-50.847457627118644,132.20338983050846,843499.0,663132.0,1737.5540970471177,5391.791579496726
1789159876.7197375,184.64795809999987,-44.067796610169495,132.20338983050846,843616.0,663478.0,1795.1247256322874,5545.335786111621
1789159876.7814488,184.70966969999972,-37.288135593220346,132.20338983050846,843743.0,663770.0,1992.276371419395,4820.597291559428
1789159876.8432727,184.7714916,-30.508474576271198,132.20338983050846,843908.0,664051.0,2680.9178616159356,4515.230082721576
1789159876.9044895,184.83270889999994,-23.72881355932205,132.20338983050846,844091.0,664322.0,3027.230746643171,4496.064600044
1789159876.966031,184.8942490999998,-16.9491525423729,132.20338983050846,844287.0,664564.0,3193.0915689965177,3831.709882795821
1789159877.026622,184.95483979999972,-10.169491525423723,132.20338983050846,844482.0,664807.0,3095.706201176345,3982.779907946175
1789159877.0884154,185.0166319,-3.3898305084745743,132.20338983050846,844711.0,665039.0,3546.9440694636496,3599.8835331869877
1789159877.1504178,185.07863419999967,3.3898305084745743,132.20338983050846,844938.0,665272.0,3637.3973892139347,3849.2846157700865
1789159877.211474,185.13968859999977,10.169491525423723,132.20338983050846,845192.0,665488.0,4107.128188813326,3499.987500032226
1789159877.2737827,185.2019978999997,16.94915254237287,132.20338983050846,845493.0,665704.0,4934.053457542982,3430.8472070370553
1789159877.333842,185.26205519999985,23.72881355932202,132.20338983050846,845823.0,665906.0,5362.7322938398365,3338.027244124796
1789159877.39566,185.3238735,30.50847457627117,132.20338983050846,846173.0,666083.0,5803.496831450007,2874.7971920495393
1789159877.4569602,185.3851722999998,37.28813559322032,132.20338983050846,846489.0,666255.0,5165.593927107563,2788.348278992318
1789159877.519345,185.44755719999966,44.06779661016947,132.20338983050846,846868.0,666398.0,6081.824335746578,2291.7019236146525
1789159877.5810914,185.50930190000008,50.847457627118644,132.20338983050846,847277.0,666534.0,6679.011647663982,2137.990500971804
1789159877.642839,185.5710497,57.627118644067764,132.20338983050846,847647.0,666668.0,5964.532334511376,2147.9417037972516
1789159877.7035882,185.63179779999973,64.40677966101691,132.20338983050846,848062.0,666782.0,6817.158428968062,1883.6885132674909
1789159877.765725,185.6939342999999,71.18644067796606,132.20338983050846,848511.0,666900.0,7169.600892173663,1858.7854164894682
1789159877.826926,185.75513339999998,77.96610169491527,132.20338983050846,848927.0,667005.0,6737.171674562065,1679.8252981666687
1789159877.8891745,185.81738240000004,84.74576271186442,132.20338983050846,849393.0,667083.0,7386.832660829024,1310.852798324575
1789159877.9510818,185.87928809999994,91.52542372881356,132.20338983050846,849820.0,667169.0,6807.219885516889,1410.8227742003914
1789159878.0137212,185.94192750000002,98.30508474576271,132.20338983050846,850322.0,667251.0,8076.231139262019,1219.3871960811364
1789159878.0740721,186.00227760000007,105.08474576271186,132.20338983050846,850787.0,667315.0,7753.552956954125,1086.9466762085221
1789159878.136165,186.06436970000004,111.86440677966101,132.20338983050846,851252.0,667376.0,7723.620763236779,1000.5599625102191
1789159878.1968396,186.12504369999988,118.64406779661016,132.20338983050846,851721.0,667445.0,7750.766984236498,1168.9091739567805
1789159878.258221,186.1864241999997,125.42372881355931,132.20338983050846,852229.0,667518.0,8128.7653347824025,1209.5318222433334
1789159878.3196175,186.24781929999972,132.20338983050846,132.20338983050846,852642.0,667592.0,6538.328284533833,1208.16935692473
1789159878.3812938,186.30949599999985,138.9830508474576,132.20338983050846,853084.0,667680.0,7116.222140006194,1405.4538726512235
1789159878.4427369,186.37093749999985,145.76271186440675,132.20338983050846,853508.0,667778.0,6872.803411158802,1633.844738570051
1789159878.5040882,186.4322886,152.5423728813559,132.20338983050846,853960.0,667854.0,7405.5921164673355,1323.7048710593788
1789159878.5647533,186.49295299999994,159.32203389830505,132.20338983050846,854359.0,667963.0,6697.272481751569,1854.3523269365905
1789159878.6251094,186.55330830000003,166.1016949152542,132.20338983050846,854744.0,668065.0,6301.356964616958,1756.4127171489797
1789159878.6862085,186.6144062999997,172.88135593220335,132.20338983050846,855147.0,668184.0,6545.766713163163,2038.8453696737722
1789159878.7475014,186.67569909999975,179.66101694915255,132.20338983050846,855481.0,668334.0,5422.68292161443,2487.6334194864876
1789159878.8090103,186.73720589999994,186.4406779661017,132.20338983050846,855804.0,668465.0,5214.633609925522,2199.3692776556622
1789159878.872419,186.80061350000005,193.22033898305085,132.20338983050846,856141.0,668615.0,5287.7827785947375,2303.5885372095886
1789159878.933423,186.86161760000005,200.0,132.20338983050846,856472.0,668803.0,5450.253481459716,3055.7158863265945
1789159878.9957335,186.92392849999987,-200.0,138.9830508474576,856700.0,669073.0,3647.518086366245,4394.8144747925
1789159879.057207,186.98539989999972,-193.22033898305085,138.9830508474576,856898.0,669318.0,3212.8827723754025,4029.4165156310296
1789159879.1192389,187.04743229999985,-186.4406779661017,138.9830508474576,857121.0,669566.0,3480.4177914733204,4010.4306531190036
1789159879.1808872,187.10908010000003,-179.66101694915255,138.9830508474576,857349.0,669841.0,3784.9310222823706,4315.528829144385
1789159879.241654,187.1698461000001,-172.8813559322034,138.9830508474576,857541.0,670105.0,3129.102451142538,4280.036686045541
1789159879.3020246,187.23021530000005,-166.10169491525426,138.9830508474576,857719.0,670375.0,3035.7568792307,4553.63531884605
1789159879.3651497,187.29333640000004,-159.32203389830508,138.9830508474576,857860.0,670657.0,2314.8391712810035,4594.605021785022
1789159879.4261124,187.3543013999997,-152.54237288135593,138.9830508474576,858005.0,670933.0,2429.799345021802,4448.676741988445
1789159879.4890969,187.41728609999973,-145.76271186440678,138.9830508474576,858141.0,671215.0,2156.00804677571,4503.274871894428
1789159879.5502338,187.4784212999998,-138.98305084745763,138.9830508474576,858245.0,671504.0,1696.5103674658264,4803.803040508498
1789159879.611507,187.53969460000008,-132.20338983050848,138.9830508474576,858366.0,671822.0,2003.700528009435,5198.7905591596145
1789159879.672322,187.60050899999987,-125.42372881355932,138.9830508474576,858453.0,672147.0,1492.011447143925,5374.836418024501
1789159879.7319348,187.6601209999999,-118.64406779661017,138.9830508474576,858521.0,672500.0,1172.7475459269333,5882.061910039775
1789159879.7930193,187.72120479999967,-111.86440677966102,138.9830508474576,858595.0,672833.0,1250.5493484620158,5234.442272848152
1789159879.8543131,187.78249830000004,-105.08474576271186,138.9830508474576,858659.0,673193.0,1037.8585756664297,5744.010392912482
1789159879.9155178,187.84370080000008,-98.30508474576271,138.9830508474576,858726.0,673524.0,1123.8761238781562,5387.469673193701
1789159879.9782114,187.90639489999967,-91.52542372881356,138.9830508474576,858791.0,673883.0,1072.7349465366137,5680.219471005348
1789159880.0406308,187.96881219999977,-84.74576271186442,138.9830508474576,858871.0,674238.0,1254.2374062396748,5783.428039882944
1789159880.1018915,188.03007389999993,-77.96610169491527,138.9830508474576,858961.0,674548.0,1505.2171902971982,4945.713625262222
1789159880.1622696,188.09045019999985,-71.18644067796612,138.9830508474576,859067.0,674879.0,1736.7204205735904,5481.523827435394
1789159880.224068,188.15224829999988,-64.40677966101697,138.9830508474576,859162.0,675171.0,1615.7670454504835,4651.988636351941
1789159880.284664,188.2128429999998,-57.62711864406779,138.9830508474576,859276.0,675506.0,1817.4097053387832,5344.264183025927
1789159880.3464296,188.27460900000005,-50.847457627118644,138.9830508474576,859391.0,675817.0,1936.6588193426467,5028.205925449257
1789159880.4078188,188.33599649999996,-44.067796610169495,138.9830508474576,859518.0,676071.0,2166.185489386572,4225.837266180361
1789159880.4711692,188.39934700000003,-37.288135593220346,138.9830508474576,859647.0,676357.0,1993.4670238681815,4616.449950010526
1789159880.5325768,188.46075269999983,-30.508474576271198,138.9830508474576,859811.0,676625.0,2663.479960862421,4314.837536597122
1789159880.594703,188.52287720000004,-23.72881355932205,138.9830508474576,859996.0,676916.0,3019.624003533072,4618.248475991757
1789159880.6554015,188.5835761999997,-16.9491525423729,138.9830508474576,860214.0,677143.0,3598.3843254440003,3742.3196984617603
1789159880.7180119,188.64618679999967,-10.169491525423723,138.9830508474576,860452.0,677393.0,3837.33925613161,4137.9603038469895
1789159880.7794006,188.70757389999972,-3.3898305084745743,138.9830508474576,860703.0,677614.0,4019.349790145925,3788.1482535446107
1789159880.84111,188.76928339999995,3.3898305084745743,138.9830508474576,860957.0,677818.0,4143.4965776301415,3307.683963258396
1789159880.9025323,188.83070409999982,10.169491525423723,138.9830508474576,861239.0,678009.0,4613.214176551127,3093.3567928036628
1789159880.9640229,188.89219520000006,16.94915254237287,138.9830508474576,861556.0,678214.0,5186.824389209349,3410.022954843517
1789159881.0248966,188.95306739999978,23.72881355932202,138.9830508474576,861855.0,678370.0,5040.685533207863,2646.3599049341283
1789159881.0877018,189.01587229999996,30.50847457627117,138.9830508474576,862219.0,678511.0,5775.8952637495595,2220.1639452250556
1789159881.1490657,189.07723450000003,37.28813559322032,138.9830508474576,862565.0,678662.0,5466.745749867477,2447.5299599079876
1789159881.210079,189.13824810000006,44.06779661016947,138.9830508474576,862930.0,678802.0,5797.4458829981195,2250.561289983742
1789159881.2718353,189.20000329999993,50.847457627118644,138.9830508474576,863294.0,678932.0,6036.9525039921045,2118.2289487691596
1789159881.3328996,189.26106739999977,57.627118644067764,138.9830508474576,863667.0,679023.0,5982.268770924269,1419.2169156246764
1789159881.394193,189.32235869999977,64.40677966101691,138.9830508474576,864070.0,679104.0,6774.260654332685,1333.5158768371427
1789159881.4565778,189.38474429999997,71.18644067796606,138.9830508474576,864477.0,679194.0,6669.827610621083,1468.4235853622013
1789159881.518365,189.4465293999997,77.96610169491527,138.9830508474576,864938.0,679280.0,7338.258433683902,1340.6433676922513
1789159881.580701,189.50886609999998,84.74576271186442,138.9830508474576,865397.0,679364.0,7344.620855928187,1335.385610168761
1789159881.642069,189.5702326999999,91.52542372881356,138.9830508474576,865903.0,679431.0,8179.319124979345,1102.4299690189553
1789159881.7050943,189.63325769999983,98.30508474576271,138.9830508474576,866366.0,679501.0,7378.757571090485,1066.597658380378
1789159881.7665486,189.6947107000001,105.08474576271186,138.9830508474576,866818.0,679563.0,7367.012117427713,1029.6065127971262
1789159881.8298721,189.75803449999967,111.86440677966101,138.9830508474576,867315.0,679642.0,7876.11034902229,1251.8321084538738
1789159881.8913825,189.81954349999978,118.64406779661016,138.9830508474576,867770.0,679718.0,7077.429562742056,1188.4405531421498
1789159881.9531174,189.8812780999997,125.42372881355931,138.9830508474576,868213.0,679794.0,7107.408940718426,1243.7965646257246
1789159882.0148304,189.94298919999983,132.20338983050846,138.9830508474576,868700.0,679869.0,7832.621811395865,1234.8728081029517
1789159882.0784888,190.00664800000004,138.9830508474576,138.9830508474576,869135.0,679950.0,6796.947239140806,1311.0862694789373
1789159882.1395447,190.0677025,145.76271186440675,138.9830508474576,869549.0,680036.0,6737.797794626934,1447.6435579967683
1789159882.201194,190.12935190000007,152.5423728813559,138.9830508474576,869927.0,680151.0,6112.153562962336,1977.985555360989
1789159882.262556,190.19071200000008,159.32203389830505,138.9830508474576,870304.0,680261.0,6075.648054284805,1817.3492713696485
1789159882.3250432,190.2531995999998,166.1016949152542,138.9830508474576,870697.0,680393.0,6021.218133256338,2131.4046489402963
1789159882.3861105,190.31426479999982,172.88135593220335,138.9830508474576,871051.0,680519.0,5873.552588818629,2053.0654945718616
1789159882.4498174,190.37797229999978,179.66101694915255,138.9830508474576,871414.0,680678.0,5496.53475563281,2531.5270483356157
1789159882.5108352,190.43898839999974,186.4406779661017,138.9830508474576,871697.0,680826.0,4610.05707177928,2483.7129185167437
1789159882.5741847,190.5023381000001,193.22033898305085,138.9830508474576,871981.0,680963.0,4334.064886641347,2262.001992629547
1789159882.6346169,190.56276899999966,200.0,138.9830508474576,872261.0,681143.0,4684.145704056232,3128.7923042537764
1789159882.696929,190.62508099999968,-200.0,145.76271186440675,872483.0,681405.0,3433.822800590865,4425.029382204722
1789159882.7584028,190.68655279999984,-193.22033898305085,145.76271186440675,872708.0,681649.0,3648.2061503410355,4110.905466969655
1789159882.8204067,190.7485569999999,-186.4406779661017,145.76271186440675,872857.0,681889.0,2439.9688108302357,3819.0816169516734
1789159882.8811364,190.80928559999984,-179.66101694915255,145.76271186440675,873023.0,682139.0,2681.259436142742,4012.8916393277277
1789159882.943508,190.8716571,-172.8813559322034,145.76271186440675,873189.0,682445.0,2731.0369130441086,5021.584001403683
1789159883.0045452,190.93269310000005,-166.10169491525426,145.76271186440675,873346.0,682743.0,2522.298189310143,4955.1531804177985
1789159883.0666122,190.99476019999975,-159.32203389830508,145.76271186440675,873499.0,683074.0,2530.2569184106064,5502.866444934955
1789159883.1276486,191.0557942999999,-152.54237288135593,145.76271186440675,873620.0,683396.0,2000.6537850816453,5287.442146287205
1789159883.1893618,191.11750799999982,-145.76271186440678,145.76271186440675,873729.0,683720.0,1777.5249742236524,5350.350172413194
1789159883.2501092,191.1782536999999,-138.98305084745763,145.76271186440675,873818.0,684059.0,1544.2046537959284,5674.054309296667
1789159883.311759,191.23990400000002,-132.20338983050848,145.76271186440675,873907.0,684424.0,1443.1145619234755,6004.069226768041
1789159883.3728378,191.30098180000005,-125.42372881355932,145.76271186440675,873999.0,684755.0,1554.6846938531094,5235.892129873116
1789159883.4334824,191.36162620000005,-118.64406779661017,145.76271186440675,874088.0,685107.0,1424.0366572309986,5732.198189866552
1789159883.4959524,191.42409409999982,-111.86440677966102,145.76271186440675,874162.0,685471.0,1157.9150511431737,5754.486920832742
1789159883.5579643,191.48610629999985,-105.08474576271186,145.76271186440675,874238.0,685829.0,1226.8455134803346,5743.059432668813
1789159883.618347,191.54648700000007,-98.30508474576271,145.76271186440675,874325.0,686196.0,1410.0216384043786,6073.939365434246
1789159883.6806972,191.60883749999994,-91.52542372881356,145.76271186440675,874404.0,686539.0,1263.7162156180325,5642.225920435441
1789159883.7424371,191.6705767999997,-84.74576271186442,145.76271186440675,874503.0,686895.0,1696.1939880449816,5583.3052106480645
1789159883.8041344,191.73227339999994,-77.96610169491527,145.76271186440675,874604.0,687255.0,1608.5724538123352,5744.90162075834
1789159883.865858,191.79399609999973,-71.18644067796612,145.76271186440675,874706.0,687577.0,1747.3969962362874,5312.792887546692
1789159883.9268544,191.85499219999974,-64.40677966101697,145.76271186440675,874814.0,687933.0,1692.8579404088846,5852.96628332859
1789159883.9880416,191.9161779000001,-57.62711864406779,145.76271186440675,874925.0,688237.0,1787.0034810738894,4949.999642574674
1789159884.0509322,191.97906859999966,-50.847457627118644,145.76271186440675,875069.0,688544.0,2312.207062487886,4867.80434207976
1789159884.1127615,192.04089629999999,-44.067796610169495,145.76271186440675,875256.0,688841.0,2982.58803928625,4870.972182502988
1789159884.175151,192.10328600000003,-37.288135593220346,145.76271186440675,875442.0,689148.0,3036.717802424291,4784.59607242432
1789159884.2362611,192.1643939999999,-30.508474576271198,145.76271186440675,875604.0,689419.0,2552.4000592705283,4408.691011467276
1789159884.3011925,192.22932589999982,-23.72881355932205,145.76271186440675,875825.0,689717.0,3487.090074604671,4632.359854009146
1789159884.3626463,192.2907780999999,-16.9491525423729,145.76271186440675,876047.0,689963.0,3712.671222536699,4121.242696787149
1789159884.4254029,192.3535348999999,-10.169491525423723,145.76271186440675,876286.0,690172.0,3930.3761931317135,3333.80123524565
1789159884.4864364,192.41456729999982,-3.3898305084745743,145.76271186440675,876574.0,690374.0,4680.125898934918,3233.2167469741225
1789159884.5477207,192.4758512999997,3.3898305084745743,145.76271186440675,876861.0,690581.0,4681.6396063081975,3293.1685443612796
1789159884.6091433,192.5372726999999,10.169491525423723,145.76271186440675,877183.0,690769.0,5224.2054854188045,3056.3379030341307
1789159884.6704884,192.5986171999998,16.94915254237287,145.76271186440675,877529.0,690940.0,5640.258277527913,2686.684542292476
1789159884.731616,192.65974340000002,23.72881355932202,145.76271186440675,877864.0,691093.0,5550.9644577876015,2498.826444020142
1789159884.7918696,192.7199974,30.50847457627117,145.76271186440675,878216.0,691217.0,5872.858093876135,2097.449319241477
1789159884.8533356,192.78146190000007,37.28813559322032,145.76271186440675,878594.0,691347.0,6060.261390983552,2132.643304744945
1789159884.9146206,192.8427468,44.06779661016947,145.76271186440675,878971.0,691456.0,6091.385195396962,1784.1631193618323
1789159884.9761405,192.90426509999998,50.847457627118644,145.76271186440675,879356.0,691571.0,6217.027550304022,1882.871200949218
1789159885.0383837,192.9665084999997,57.627118644067764,145.76271186440675,879795.0,691673.0,6769.57594316307,1687.998157256246
1789159885.0998106,193.02793440000005,64.40677966101691,145.76271186440675,880234.0,691769.0,7035.984797968991,1492.4816238116043
1789159885.1618977,193.09002099999998,71.18644067796606,145.76271186440675,880694.0,691859.0,7335.467072126641,1509.7208259824806
1789159885.2232547,193.15137619999996,77.96610169491527,145.76271186440675,881146.0,691927.0,7410.165235918247,1097.1361150267307
1789159885.2866058,193.21472790000007,84.74576271186442,145.76271186440675,881534.0,692001.0,6150.899743866959,1153.2937019750548
1789159885.3480244,193.27614509999967,91.52542372881356,145.76271186440675,881996.0,692076.0,7556.213785786018,1155.656226061391
1789159885.4097254,193.33784609999975,98.30508474576271,145.76271186440675,882438.0,692149.0,7058.944856633541,1191.3080740414289
1789159885.4704778,193.3985963,105.08474576271186,145.76271186440675,882929.0,692216.0,8036.330686892243,1042.7453687690158
1789159885.5331357,193.4612549999997,111.86440677966101,145.76271186440675,883378.0,692287.0,7138.386232378917,1142.845086464605
1789159885.594213,193.52233099999967,118.64406779661016,145.76271186440675,883823.0,692383.0,7148.052245137736,1590.4416245431462
1789159885.6562395,193.58435719999989,125.42372881355931,145.76271186440675,884223.0,692467.0,6502.201961922185,1370.7344676484606
1789159885.7169764,193.64509279999993,132.20338983050846,145.76271186440675,884625.0,692558.0,6562.836008182909,1528.3316731384855
1789159885.7814279,193.70954429999983,138.9830508474576,145.76271186440675,885031.0,692643.0,6342.584348765186,1322.7849711328463
1789159885.8427904,193.7709050999997,145.76271186440675,145.76271186440675,885442.0,692741.0,6702.734609089083,1635.680594260466
1789159885.9047651,193.83287990000008,152.5423728813559,145.76271186440675,885870.0,692854.0,6670.060828809791,1880.389488972973
1789159885.9661913,193.8943049999998,159.32203389830505,145.76271186440675,886244.0,692975.0,6002.1558039002475,1971.1221722867676
1789159886.0275354,193.95564869999998,166.1016949152542,145.76271186440675,886612.0,693086.0,5804.248998674831,1874.6642728639204
1789159886.0883224,194.01643399999966,172.88135593220335,145.76271186440675,886961.0,693234.0,5641.809763236885,2407.6513002348493
1789159886.1506488,194.0787608999999,179.66101694915255,145.76271186440675,887311.0,693364.0,5693.399873477874,2143.811063470064
1789159886.2120879,194.14019860000008,186.4406779661017,145.76271186440675,887669.0,693523.0,5751.859083024418,2607.9857954085874
1789159886.2727137,194.2008238999997,193.22033898305085,145.76271186440675,887985.0,693703.0,5257.328080832184,3045.624543378645
1789159886.3338213,194.26192969999965,200.0,145.76271186440675,888256.0,693863.0,4310.252319678484,2539.650744374874
1789159886.397141,194.32525029999988,-200.0,152.5423728813559,888477.0,694118.0,3375.3277460581594,3914.684241562298
1789159886.458246,194.38635339999973,-193.22033898305085,152.5423728813559,888694.0,694377.0,3537.2744764352146,4323.335471198596
1789159886.5195832,194.4476912,-186.4406779661017,152.5423728813559,888859.0,694619.0,2629.432471893745,3917.3177642498654
1789159886.5803218,194.50842770000008,-179.66101694915255,152.5423728813559,889016.0,694897.0,2533.610772683483,4600.030906432424
1789159886.6430795,194.57118379999974,-172.8813559322034,152.5423728813559,889177.0,695222.0,2514.3918160883204,5151.865749048097
1789159886.7044058,194.6325109999998,-166.10169491525426,152.5423728813559,889290.0,695552.0,1811.941762051872,5400.297016311462
1789159886.7667356,194.69484029999967,-159.32203389830508,152.5423728813559,889437.0,695887.0,2338.210758922376,5238.99854254788
1789159886.8275177,194.7556208000001,-152.54237288135593,152.5423728813559,889555.0,696230.0,1887.1349517099454,5877.077421039545
1789159886.8908844,194.81898769999998,-145.76271186440678,152.5423728813559,889676.0,696575.0,1875.6414954518063,5279.583468679159
1789159886.9519494,194.8800508999998,-138.98305084745763,152.5423728813559,889767.0,696882.0,1429.436748323659,5074.500456548989
1789159887.0144854,194.94258709999986,-132.20338983050848,152.5423728813559,889873.0,697257.0,1615.4744701762654,6035.838679779453
1789159887.075768,195.00386819999994,-125.42372881355932,152.5423728813559,889951.0,697565.0,1250.5672215532934,5037.999378257554
1789159887.1374176,195.06551779999972,-118.64406779661017,152.5423728813559,890024.0,697896.0,1209.4414692592486,5424.700707706924
1789159887.1992586,195.1273569,-111.86440677966102,152.5423728813559,890098.0,698262.0,1146.5462499095415,5926.762153378553
1789159887.2612092,195.1893086,-105.08474576271186,152.5423728813559,890191.0,698643.0,1481.489414494292,6247.244518951835
1789159887.3230057,195.25110270000005,-98.30508474576271,152.5423728813559,890267.0,699008.0,1251.9374172373884,5907.028658796129
1789159887.3849938,195.31309079999983,-91.52542372881356,152.5423728813559,890364.0,699361.0,1611.2255876938664,5746.704596108123
1789159887.4462953,195.37439229999973,-84.74576271186442,152.5423728813559,890458.0,699708.0,1610.8218592043872,5530.488383268396
1789159887.5085573,195.4366531999999,-77.96610169491527,152.5423728813559,890555.0,700035.0,1522.4642220897463,5284.875805414981
1789159887.569444,195.49753809999993,-71.18644067796612,152.5423728813559,890656.0,700339.0,1637.8306483069612,4949.488222905652
1789159887.6327915,195.56088629999977,-64.40677966101697,152.5423728813559,890789.0,700692.0,2049.083429216453,5586.8172129918685
1789159887.6931992,195.6212919999998,-57.62711864406779,152.5423728813559,890935.0,701007.0,2387.0491732093706,5190.0235811446155
1789159887.754961,195.68305400000008,-50.847457627118644,152.5423728813559,891095.0,701310.0,2731.8696701790136,4749.525047500769
1789159887.8152888,195.7433814000001,-44.067796610169495,152.5423728813559,891262.0,701556.0,2768.043391328073,4016.3766854564196
1789159887.8759904,195.8040821999998,-37.288135593220346,152.5423728813559,891434.0,701788.0,2862.9407623478205,3655.2010990981607
1789159887.937394,195.86548459999995,-30.508474576271198,152.5423728813559,891580.0,702029.0,2327.4034882564783,3819.7843509552886
1789159888.0010955,195.9291859,-23.72881355932205,152.5423728813559,891813.0,702271.0,3743.151149484508,3863.344076302818
1789159888.0614836,195.98957199999995,-16.9491525423729,152.5423728813559,892046.0,702500.0,3923.135471111434,3959.2934017207563
1789159888.124156,196.05224499999986,-10.169491525423723,152.5423728813559,892291.0,702714.0,3923.0104795372504,3342.475296466716
1789159888.1864915,196.11457849999988,-3.3898305084745743,152.5423728813559,892542.0,702886.0,3956.208621756307,2818.3610093042716
1789159888.2493472,196.1774350999999,3.3898305084745743,152.5423728813559,892835.0,703063.0,4737.727870585664,2828.494251095919
1789159888.3099597,196.2380466999998,10.169491525423723,152.5423728813559,893121.0,703233.0,4751.166645398536,2825.5044065438265
1789159888.3713531,196.29943920000005,16.94915254237287,152.5423728813559,893471.0,703383.0,5653.0217890164795,2470.974932934876
1789159888.4314454,196.35953040000004,23.72881355932202,152.5423728813559,893832.0,703521.0,6023.657870820662,2274.7952684368056
1789159888.492786,196.4208708000001,30.50847457627117,152.5423728813559,894241.0,703650.0,6595.999499455463,2109.289812833996
1789159888.5542414,196.48232460000008,37.28813559322032,152.5423728813559,894581.0,703763.0,5452.678917138893,1864.9227566761685
1789159888.6182287,196.5463122000001,44.06779661016947,152.5423728813559,895020.0,703880.0,6902.472527491309,1820.0549450598974
1789159888.678997,196.60707890000003,50.847457627118644,152.5423728813559,895438.0,703971.0,6935.797158491393,1581.21800504467
1789159888.7406693,196.66875119999986,57.627118644067764,152.5423728813559,895902.0,704050.0,7435.420350263101,1316.3184352140418
1789159888.8024764,196.7305564999997,64.40677966101691,152.5423728813559,896279.0,704144.0,6099.528079887825,1498.438979163194
1789159888.864429,196.7925095999999,71.18644067796606,152.5423728813559,896721.0,704211.0,7593.108942418279,1013.6000227584119
1789159888.9254405,196.85352009999997,77.96610169491527,152.5423728813559,897160.0,704286.0,7186.951927891995,1197.8253213153325
1789159888.9861512,196.9142299,84.74576271186442,152.5423728813559,897591.0,704345.0,7106.949697226415,953.5907188683544
1789159889.0472069,196.97528449999982,91.52542372881356,152.5423728813559,898053.0,704410.0,7440.862138339819,1055.3145821203107
1789159889.1089556,197.03703339999993,98.30508474576271,152.5423728813559,898494.0,704474.0,7123.861026087315,1101.4448469262181
1789159889.1707754,197.09885080000004,105.08474576271186,152.5423728813559,898977.0,704544.0,7807.089118876791,1180.7561421326072
1789159889.232709,197.16078509999988,111.86440677966101,152.5423728813559,899376.0,704621.0,6695.030559585335,1295.8123663713552
1789159889.2937212,197.2217959999998,118.64406779661016,152.5423728813559,899856.0,704698.0,7833.332439108671,1269.786765243643
1789159889.3537521,197.28182639999977,125.42372881355931,152.5423728813559,900299.0,704776.0,7291.0257940353895,1267.2059944293246
1789159889.4147818,197.34285539999973,132.20338983050846,152.5423728813559,900711.0,704863.0,6848.592462265906,1430.5153968179438
1789159889.4765177,197.4045911999997,138.9830508474576,152.5423728813559,901117.0,704954.0,6638.399931491861,1445.4580495990342
1789159889.5381892,197.4662613999999,145.76271186440675,152.5423728813559,901520.0,705065.0,6393.997414141803,1854.6125096267663
1789159889.5996037,197.52767559999984,152.5423728813559,152.5423728813559,901856.0,705190.0,5404.771132821169,2062.3468796291304
1789159889.6603048,197.58837509999967,159.32203389830505,152.5423728813559,902248.0,705311.0,6551.334384446692,1997.797023828524
1789159889.7233796,197.65145029999985,166.1016949152542,152.5423728813559,902627.0,705462.0,6031.974711210027,2447.7578538243583
1789159889.784423,197.71249199999966,172.88135593220335,152.5423728813559,902922.0,705590.0,4862.456827806017,2127.3248621651323
1789159889.8464613,197.77453049999986,179.66101694915255,152.5423728813559,903281.0,705764.0,5831.816880934622,2951.9073101027097
1789159889.907171,197.8352393,186.4406779661017,152.5423728813559,903560.0,705912.0,4587.609855236512,2428.7346292428597
1789159889.9691849,197.89725249999992,193.22033898305085,152.5423728813559,903880.0,706122.0,5152.0469275945425,3376.085358696765
1789159890.0306308,197.9586962999997,200.0,152.5423728813559,904138.0,706311.0,4136.567075383249,3142.3706967503654
1789159890.0926797,198.0207459999997,-200.0,159.32203389830505,904295.0,706564.0,2504.9651988670853,4115.299969567354
1789159890.1538708,198.0819349999997,-193.22033898305085,159.32203389830505,904481.0,706804.0,2966.7332692450195,3967.5589504361105
1789159890.2163837,198.14444879999974,-186.4406779661017,159.32203389830505,904622.0,707102.0,2250.9588730235046,4661.434516576234
1789159890.2771282,198.20519209999975,-179.66101694915255,159.32203389830505,904774.0,707363.0,2446.7736770460633,4389.799832347349
1789159890.339499,198.2675618999997,-172.8813559322034,159.32203389830505,904901.0,707648.0,1995.606134452787,4591.660132369245
1789159890.4008465,198.3289090999997,-166.10169491525426,159.32203389830505,905022.0,707926.0,1920.3345649536955,4605.246780768584
1789159890.46235,198.39041159999988,-159.32203389830508,159.32203389830505,905143.0,708218.0,1982.2773688301634,4714.605633974443
1789159890.5226967,198.45075769999994,-152.54237288135593,159.32203389830505,905263.0,708515.0,2006.3298803988991,4844.11178330545
1789159890.584342,198.5124026999997,-145.76271186440678,159.32203389830505,905371.0,708840.0,1776.6249455855163,5276.576088388983
1789159890.6457596,198.57381929999974,-138.98305084745763,159.32203389830505,905462.0,709183.0,1606.9187783855746,5633.243357935947
1789159890.7073994,198.6354584999999,-132.20338983050848,159.32203389830505,905526.0,709504.0,1008.2891985685796,5006.067424472071
1789159890.769154,198.69721159999972,-125.42372881355932,159.32203389830505,905605.0,709851.0,1291.2378017754156,5801.726013456661
1789159890.8315387,198.75959639999974,-118.64406779661017,159.32203389830505,905682.0,710211.0,1265.7471248188967,5836.5006311093575
1789159890.893699,198.82175419999976,-111.86440677966102,159.32203389830505,905767.0,710578.0,1279.682498503908,5802.395986367034
1789159890.9557347,198.88379099999975,-105.08474576271186,159.32203389830505,905835.0,710939.0,1029.2812777314332,5820.763087860519
1789159891.0163817,198.94443699999965,-98.30508474576271,159.32203389830505,905915.0,711281.0,1348.4333900888055,5699.378462108684
1789159891.0784202,199.00647499999968,-91.52542372881356,159.32203389830505,906002.0,711621.0,1493.4761447950332,5534.646889534535
1789159891.139495,199.06754769999998,-84.74576271186442,159.32203389830505,906106.0,711952.0,1683.2785969348365,5604.959583410679
1789159891.2014706,199.12952399999995,-77.96610169491527,159.32203389830505,906210.0,712269.0,1690.728401383583,5250.156614822706
1789159891.2625258,199.1905767999997,-71.18644067796612,159.32203389830505,906327.0,712598.0,1823.9984549667406,5471.995364900222
1789159891.3241923,199.2522442999998,-64.40677966101697,159.32203389830505,906469.0,712921.0,2279.267215582647,5128.351235060956
1789159891.385981,199.31403180000007,-57.62711864406779,159.32203389830505,906618.0,713213.0,2543.13618141285,4839.023011855006
1789159891.4470303,199.37508089999983,-50.847457627118644,159.32203389830505,906782.0,713501.0,2713.294604489218,4653.929156044421
1789159891.508437,199.43648619999976,-44.067796610169495,159.32203389830505,906972.0,713779.0,3091.3493740098797,4530.425806738616
1789159891.5703926,199.4984417999999,-37.288135593220346,159.32203389830505,907182.0,714047.0,3394.919291100297,4349.740341722255
1789159891.6308064,199.55885469999976,-30.508474576271198,159.32203389830505,907379.0,714274.0,3349.4832743086354,3711.5895742338935
1789159891.6938198,199.6218670999997,-23.72881355932205,159.32203389830505,907652.0,714513.0,4368.87838975631,3868.0978628672465
1789159891.7556286,199.6836745999999,-16.9491525423729,159.32203389830505,907910.0,714728.0,4149.568091754499,3549.2050486921453
1789159891.8172536,199.74530000000004,-10.169491525423723,159.32203389830505,908161.0,714940.0,4038.865630344525,3487.3024825882244
1789159891.879419,199.80746379999982,-3.3898305084745743,159.32203389830505,908431.0,715103.0,4307.567371911959,2595.132801930565
1789159891.9417171,199.86976219999997,3.3898305084745743,159.32203389830505,908749.0,715271.0,5041.017967230609,2776.981827562125
1789159892.0034864,199.93152949999967,10.169491525423723,159.32203389830505,909043.0,715425.0,4592.13861191828,2402.041735464946
1789159892.0655189,199.9935618999998,16.94915254237287,159.32203389830505,909350.0,715590.0,4922.622527145316,2497.5070174487264
1789159892.1265385,200.0545806,23.72881355932202,159.32203389830505,909677.0,715694.0,5510.420598960775,1663.8607652706237
1789159892.1872065,200.11524839999993,30.50847457627117,159.32203389830505,910074.0,715805.0,6705.5298990901765,1820.5874188389996
1789159892.2486732,200.1767135,37.28813559322032,159.32203389830505,910458.0,715928.0,6159.2968106550825,1970.2649740135855
1789159892.3106291,200.23866929999986,44.06779661016947,159.32203389830505,910885.0,716036.0,6960.998823199379,1780.3066043988183
1789159892.37207,200.30010919999995,50.847457627118644,159.32203389830505,911312.0,716120.0,6948.183609747765,1368.3123732751353
1789159892.4333882,200.36142739999968,57.627118644067764,159.32203389830505,911757.0,716205.0,7301.441358644024,1388.1752706557775
1789159892.495005,200.42304190000004,64.40677966101691,159.32203389830505,912224.0,716292.0,7793.459162314955,1487.8422037146734
1789159892.5572329,200.48527049999984,71.18644067796606,159.32203389830505,912706.0,716361.0,7780.953717553153,1101.4135399276151
1789159892.6175241,200.5455609999999,77.96610169491527,159.32203389830505,913107.0,716427.0,6542.984325811315,1069.3520089276112
1789159892.678241,200.6062767999997,84.74576271186442,159.32203389830505,913546.0,716493.0,7300.858300405832,1096.9269860215659
1789159892.739662,200.66769639999984,91.52542372881356,159.32203389830505,914006.0,716546.0,7502.582346175446,835.5956641475022
1789159892.8017647,200.72979929999974,98.30508474576271,159.32203389830505,914501.0,716620.0,7959.970701640331,1147.2241587729968
1789159892.8634388,200.79147169999987,105.08474576271186,159.32203389830505,914937.0,716696.0,7001.624872062095,1202.2992204551072
1789159892.9255924,200.85362570000007,111.86440677966101,159.32203389830505,915370.0,716780.0,6743.770442098822,1401.9943813837024
1789159892.9864867,200.9145192000001,118.64406779661016,159.32203389830505,915799.0,716866.0,7061.237915449594,1358.6179280358713
1789159893.0496612,200.97769289999997,125.42372881355931,159.32203389830505,916278.0,716948.0,7519.839207120529,1299.5113837189854
1789159893.1113124,201.03934209999989,132.20338983050846,159.32203389830505,916716.0,717038.0,7185.620222196827,1494.0398481795382
1789159893.1729524,201.1009823999998,138.9830508474576,159.32203389830505,917177.0,717148.0,7353.783172510177,1753.4568148564413
1789159893.2348344,201.16286330000003,145.76271186440675,159.32203389830505,917562.0,717257.0,6092.607636062736,1818.9524246795993
1789159893.3014948,201.22952319999968,152.5423728813559,159.32203389830505,918035.0,717408.0,7706.312947494323,2331.47112268304
1789159893.3650136,201.2930412999999,159.32203389830505,159.32203389830505,918382.0,717558.0,5429.802249000496,2312.376352098003
1789159893.4272916,201.35531859999992,166.1016949152542,159.32203389830505,918742.0,717710.0,5578.002898425453,2506.570922710172
1789159893.4921148,201.42014169999993,172.88135593220335,159.32203389830505,919082.0,717907.0,5209.083569800708,3081.9015332582962
1789159893.553074,201.48109959999965,179.66101694915255,159.32203389830505,919406.0,718080.0,5155.343431487013,2914.6817987205727
1789159893.6138165,201.5418423000001,186.4406779661017,159.32203389830505,919686.0,718281.0,4458.763628010108,3308.1149498139507
1789159893.6758687,201.6038923000001,193.22033898305085,159.32203389830505,919933.0,718486.0,4031.574722354037,3425.0546313804207
1789159893.739394,201.66741809999985,200.0,159.32203389830505,920156.0,718704.0,3546.6243367165216,3357.241483785057
1789159893.8027015,201.73072349999984,-200.0,166.1016949152542,920334.0,718982.0,2643.4885589908013,4652.53986382381
1789159893.864985,201.7930080000001,-193.22033898305085,166.1016949152542,920494.0,719275.0,2545.602782730247,4521.560187506872
1789159893.9264438,201.8544652999999,-186.4406779661017,166.1016949152542,920646.0,719575.0,2421.311914126792,4569.543537186653
1789159893.9892778,201.91729850000002,-179.66101694915255,166.1016949152542,920803.0,719852.0,2559.820568767824,4562.401285831088
1789159894.051172,201.9791921000001,-172.8813559322034,166.1016949152542,920923.0,720173.0,1853.6882096495299,5147.134252036559
1789159894.1135542,202.0415736,-166.10169491525426,166.1016949152542,921041.0,720506.0,1781.5971494426237,5309.858170887819
1789159894.175642,202.1036607000001,-159.32203389830508,166.1016949152542,921165.0,720848.0,1930.7607733798495,5595.630759887897
1789159894.2366467,202.16466459999992,-152.54237288135593,166.1016949152542,921272.0,721169.0,1645.4222385929718,5043.57686177411
1789159894.298086,202.2261023000001,-145.76271186440678,166.1016949152542,921360.0,721513.0,1456.4701912085332,5666.0242804331965
1789159894.3604486,202.2884653000001,-138.98305084745763,166.1016949152542,921441.0,721858.0,1291.8227619166973,5397.34167650127
1789159894.4215238,202.3495386999998,-132.20338983050848,166.1016949152542,921529.0,722178.0,1468.0922678111358,5263.64788703017
1789159894.4845316,202.41254709999976,-125.42372881355932,166.1016949152542,921606.0,722543.0,1221.9113136747592,5708.071422452089
1789159894.5459337,202.47394769999983,-118.64406779661017,166.1016949152542,921674.0,722884.0,1137.1834099202445,5561.537614141195
1789159894.610417,202.5384307999998,-111.86440677966102,166.1016949152542,921760.0,723246.0,1347.92734842236,5732.956823669784
1789159894.6720927,202.60010479999983,-105.08474576271186,166.1016949152542,921847.0,723595.0,1519.2145307562803,5829.544129646192
1789159894.7341812,202.66219339999998,-98.30508474576271,166.1016949152542,921926.0,723969.0,1269.7390775583,5919.487812278835
1789159894.7962306,202.7242415999999,-91.52542372881356,166.1016949152542,922026.0,724326.0,1596.9338869374158,5668.237862426212
1789159894.8579044,202.78591479999977,-84.74576271186442,166.1016949152542,922126.0,724631.0,1717.4906745582564,4848.333050055077
1789159894.9189749,202.8469842999998,-77.96610169491527,166.1016949152542,922245.0,724942.0,1892.5056775134947,4981.217773832688
1789159894.9810371,202.9090467000001,-71.18644067796612,166.1016949152542,922374.0,725266.0,2006.3635459771062,5255.607164683393
1789159895.0430644,202.97107209999967,-64.40677966101697,166.1016949152542,922512.0,725568.0,2211.733068397276,4792.0883148607645
1789159895.1047354,203.03274359999978,-57.62711864406779,166.1016949152542,922661.0,725878.0,2451.186499509536,5099.183593870203
1789159895.165811,203.09381729999996,-50.847457627118644,166.1016949152542,922850.0,726135.0,2965.005787110975,4090.2790677615253
1789159895.2278607,203.1558673999998,-44.067796610169495,166.1016949152542,923057.0,726425.0,3289.9358195903474,4765.9610791903415
1789159895.2892766,203.2172814999999,-37.288135593220346,166.1016949152542,923275.0,726669.0,3426.14092266415,3994.2057388571698
1789159895.350892,203.2788972999997,-30.508474576271198,166.1016949152542,923486.0,726911.0,3347.453175708305,3935.0380416571033
1789159895.412345,203.3403487999999,-23.72881355932205,166.1016949152542,923780.0,727164.0,4795.43900467891,4085.003596578331
1789159895.4746933,203.402697,-16.9491525423729,166.1016949152542,924061.0,727375.0,4655.460138493975,3384.161408366774
1789159895.5353942,203.46339339999986,-10.169491525423723,166.1016949152542,924353.0,727563.0,4898.747217422347,3097.7372110170722
1789159895.5972846,203.52528699999993,-3.3898305084745743,166.1016949152542,924664.0,727717.0,4943.471316265079,2480.6588915554003
1789159895.6585462,203.58654699999988,3.3898305084745743,166.1016949152542,924977.0,727872.0,5038.332419174999,2537.0326366058507
1789159895.7198324,203.6478333,10.169491525423723,166.1016949152542,925308.0,728021.0,5364.642684208168,2286.2738956189173
1789159895.7819192,203.7099189999999,16.94915254237287,166.1016949152542,925699.0,728183.0,6293.3436464327615,2584.138312920715
1789159895.8447206,203.7727202000001,23.72881355932202,166.1016949152542,926122.0,728296.0,6753.125283522201,1832.2432939788916
1789159895.906755,203.83475389999967,30.50847457627117,166.1016949152542,926551.0,728415.0,6934.703185920906,1860.9583233104206
1789159895.968871,203.8968691,37.28813559322032,166.1016949152542,927018.0,728528.0,7378.484480465668,1835.795181742654
1789159896.0291348,203.9571318999997,44.06779661016947,166.1016949152542,927458.0,728612.0,7526.455672607056,1320.7482310103728
1789159896.0898721,204.01786859999993,50.847457627118644,166.1016949152542,927901.0,728688.0,7570.063545355368,1132.8123595187367
1789159896.1515658,204.0795604,57.627118644067764,166.1016949152542,928389.0,728758.0,8002.40248729944,1130.5822498612895
1789159896.2125401,204.14053549999971,64.40677966101691,166.1016949152542,928815.0,728826.0,6795.952874146283,1123.597541858852
1789159896.2736495,204.2016426,71.18644067796606,166.1016949152542,929285.0,728900.0,7718.861896747809,1143.5350958144902
1789159896.335972,204.26396579999982,77.96610169491527,166.1016949152542,929743.0,728977.0,7214.710131562535,1199.4679375054338
1789159896.3974204,204.32541249999986,84.74576271186442,166.1016949152542,930164.0,729046.0,6912.532474680291,1101.7403944220514
1789159896.461495,204.38948679999976,91.52542372881356,166.1016949152542,930628.0,729109.0,7134.294015827493,984.6362201020996
1789159896.523558,204.45154879999973,98.30508474576271,166.1016949152542,931110.0,729180.0,7834.289673322362,1190.2435558108805
1789159896.5848556,204.5128464999998,105.08474576271186,166.1016949152542,931575.0,729251.0,7437.462588621264,1164.90377894068
1789159896.645209,204.5731993999998,111.86440677966101,166.1016949152542,932043.0,729324.0,7962.8665594404065,1124.5961883492146
1789159896.7059174,204.63390690000006,118.64406779661016,166.1016949152542,932533.0,729418.0,8072.624792312572,1603.7134074013816
1789159896.7667153,204.69470279999996,125.42372881355931,166.1016949152542,932941.0,729512.0,6672.241855228999,1582.6341866850455
1789159896.8280022,204.75599009999996,132.20338983050846,166.1016949152542,933342.0,729612.0,6446.102525265464,1611.525631316366
1789159896.888427,204.81641420000005,138.9830508474576,166.1016949152542,933737.0,729715.0,6540.459354027359,1739.29113015686
1789159896.9501467,204.87813349999988,145.76271186440675,166.1016949152542,934116.0,729839.0,5935.83993015926,1996.2795003214176
1789159897.011139,204.93912490000002,152.5423728813559,166.1016949152542,934467.0,729972.0,5813.4543008821465,2074.955996622551
1789159897.0725265,205.00051159999975,159.32203389830505,166.1016949152542,934823.0,730135.0,5763.268413551213,2614.816224666754
1789159897.133912,205.06189519999998,166.1016949152542,166.1016949152542,935170.0,730301.0,5793.7015710247215,2772.4461505517074
1789159897.1959572,205.12394079999967,172.88135593220335,166.1016949152542,935482.0,730496.0,5100.735042794244,3132.030289435062
1789159897.2574477,205.18542979999984,179.66101694915255,166.1016949152542,935760.0,730684.0,4808.622161162306,3140.686798987927
1789159897.3190656,205.24704829999973,186.4406779661017,166.1016949152542,936081.0,730882.0,5346.809439012585,3075.7566003684437
1789159897.380792,205.30877280000004,193.22033898305085,166.1016949152542,936334.0,731075.0,4047.8458919445784,3234.7414769688116
1789159897.443851,205.3718316999998,200.0,166.1016949152542,936575.0,731309.0,3829.374273261369,3794.402818711037
1789159897.5063858,205.43436470000006,-200.0,172.88135593220335,936734.0,731614.0,2422.168241367611,4914.039165940045
1789159897.5689492,205.49692890000006,-193.22033898305085,172.88135593220335,936889.0,731927.0,2472.9971836325635,5052.742447134158
1789159897.6300068,205.55798520000008,-186.4406779661017,172.88135593220335,937032.0,732236.0,2307.857449555445,4955.631887805102
1789159897.6913674,205.61934539999993,-179.66101694915255,172.88135593220335,937143.0,732534.0,1795.453414194416,4835.280481790903
1789159897.752775,205.68075099999987,-172.8813559322034,172.88135593220335,937241.0,732819.0,1582.5007423473746,4605.254969303034
1789159897.8154821,205.7434588000001,-166.10169491525426,172.88135593220335,937343.0,733158.0,1572.7549364956494,5248.406922912448
1789159897.877242,205.8052171999998,-159.32203389830508,172.88135593220335,937448.0,733517.0,1764.9882804744602,5771.511677151485
1789159897.9396012,205.8675758999998,-152.54237288135593,172.88135593220335,937535.0,733893.0,1388.0591770092965,6026.63667992644
1789159898.0010486,205.9290216999998,-145.76271186440678,172.88135593220335,937635.0,734254.0,1631.7930035107222,5941.854958435782
1789159898.0633314,205.9913045999997,-138.98305084745763,172.88135593220335,937720.0,734570.0,1378.832447101359,5161.783007097396
1789159898.1251369,206.0531089000001,-132.20338983050848,172.88135593220335,937798.0,734920.0,1289.2492507258762,5757.469256666242
1789159898.1860833,206.11405530000002,-125.42372881355932,172.88135593220335,937868.0,735278.0,1171.4392302362594,5839.174009177662
1789159898.2474804,206.17545139999993,-118.64406779661017,172.88135593220335,937959.0,735666.0,1404.8690270775562,6384.151654694211
1789159898.3088741,206.23684479999974,-111.86440677966102,172.88135593220335,938042.0,736010.0,1421.7495694727681,5633.682669035844
1789159898.3709888,206.29895820000002,-105.08474576271186,172.88135593220335,938158.0,736344.0,1893.902860322097,5348.521966650366
1789159898.4339664,206.36193580000008,-98.30508474576271,172.88135593220335,938270.0,736684.0,1788.8358928992857,5242.528953447411
1789159898.494662,206.42263109999976,-91.52542372881356,172.88135593220335,938382.0,737034.0,1906.7354530467435,5756.182499763754
1789159898.555402,206.4833696999999,-84.74576271186442,172.88135593220335,938496.0,737364.0,1938.8448471085392,5236.693091723064
1789159898.6164181,206.5443854,-77.96610169491527,172.88135593220335,938604.0,737665.0,1807.5156860160685,5082.519354738252
1789159898.679165,206.60713080000005,-71.18644067796612,172.88135593220335,938745.0,737983.0,2386.0058973403893,5092.520049547398
1789159898.7420108,206.66997700000002,-64.40677966101697,172.88135593220335,938912.0,738264.0,2645.3775093897766,4502.397482868692
1789159898.8029773,206.73094219999984,-57.62711864406779,172.88135593220335,939090.0,738506.0,2735.1017925801766,3940.705872204333
1789159898.866696,206.79466019999973,-50.847457627118644,172.88135593220335,939295.0,738783.0,3207.266602757144,4236.336100967992
1789159898.9293814,206.85734490000004,-44.067796610169495,172.88135593220335,939505.0,739048.0,3217.859837187192,4111.7097919614125
1789159898.9936717,206.9216348,-37.288135593220346,172.88135593220335,939751.0,739302.0,3869.8311022200223,3988.641706235549
1789159899.0589743,206.98693550000007,-30.508474576271198,172.88135593220335,939991.0,739517.0,3839.8293409162843,3288.7427225440397
1789159899.1223164,207.0502773999997,-23.72881355932205,172.88135593220335,940259.0,739717.0,4165.921718837183,3141.7992962897088
1789159899.1853688,207.11332919999995,-16.9491525423729,172.88135593220335,940589.0,739915.0,5175.900294312292,3230.4757009328446
1789159899.248104,207.17606380000007,-10.169491525423723,172.88135593220335,940915.0,740092.0,5247.145778551257,2901.56736760947
1789159899.3091364,207.23709549999967,-3.3898305084745743,172.88135593220335,941255.0,740267.0,5655.592324877895,2827.7961624389477
1789159899.3708274,207.29878599999984,3.3898305084745743,172.88135593220335,941621.0,740421.0,5907.029719081277,2476.0004810520322
1789159899.4315627,207.35952019999968,10.169491525423723,172.88135593220335,941978.0,740562.0,5943.654158567191,2323.4284438035384
1789159899.4929016,207.42085879999968,16.94915254237287,172.88135593220335,942365.0,740672.0,6392.734719298683,1780.7060499439228
1789159899.5543356,207.4822908000001,23.72881355932202,172.88135593220335,942751.0,740789.0,6249.167813189959,1828.5917180641072
1789159899.6170588,207.54501449999998,30.50847457627117,172.88135593220335,943181.0,740899.0,6833.096780521819,1739.0143477420568
1789159899.6777663,207.60572049999973,37.28813559322032,172.88135593220335,943625.0,740983.0,7342.923527441811,1403.7942037756404
1789159899.739099,207.6670535999997,44.06779661016947,172.88135593220335,944098.0,741071.0,7488.999412363907,1397.4687898669492
1789159899.8001685,207.7281210000001,50.847457627118644,172.88135593220335,944526.0,741140.0,6862.73108104871,1143.7885135081183
1789159899.8604777,207.78843060000008,57.627118644067764,172.88135593220335,944985.0,741209.0,7681.394853099477,1176.098733488915
1789159899.9209628,207.8489141,64.40677966101691,172.88135593220335,945444.0,741290.0,7604.549001509401,1408.9188173817893
1789159899.9825935,207.91054540000005,71.18644067796606,172.88135593220335,945888.0,741366.0,7089.048397441114,1243.6927013054585
1789159900.043971,207.97192180000002,77.96610169491527,172.88135593220335,946344.0,741440.0,7294.421306211927,1176.5195655180528
1789159900.1050358,208.0329858,84.74576271186442,172.88135593220335,946832.0,741507.0,8071.805059649222,1091.7519038549945
1789159900.166773,208.09472159999996,91.52542372881356,172.88135593220335,947262.0,741591.0,6917.496501507606,1376.4406304020235
1789159900.2306716,208.1586202999997,98.30508474576271,172.88135593220335,947756.0,741681.0,7810.6734324813,1437.4410086384653
1789159900.2922432,208.2201903,105.08474576271186,172.88135593220335,948258.0,741767.0,8204.257217824334,1349.3844108263706
1789159900.3546283,208.28257570000005,111.86440677966101,172.88135593220335,948712.0,741858.0,7467.026489491773,1370.4189792479017
1789159900.4161208,208.34406649999983,118.64406779661016,172.88135593220335,949113.0,741954.0,6439.6727131039115,1533.2554078818837
1789159900.4786835,208.40662930000008,125.42372881355931,172.88135593220335,949491.0,742054.0,5958.194789291504,1607.4895032692623
1789159900.5417879,208.46973219999973,132.20338983050846,172.88135593220335,949932.0,742178.0,7071.105847263277,1877.4400140376442
1789159900.6031666,208.53111069999977,138.9830508474576,172.88135593220335,950301.0,742305.0,6158.219701654161,2112.4125720790435
1789159900.6645098,208.59245209999972,145.76271186440675,172.88135593220335,950692.0,742446.0,6147.581033466513,2292.017206119018
1789159900.7262685,208.6542113999999,152.5423728813559,172.88135593220335,951008.0,742609.0,5209.321642480703,2703.118790428131
1789159900.7876477,208.71558879999975,159.32203389830505,172.88135593220335,951388.0,742790.0,6168.4941052422155,2986.4755322210153
1789159900.850707,208.7786483,166.1016949152542,172.88135593220335,951738.0,742979.0,5461.285456677459,2915.026964014335
1789159900.9111192,208.83905879999975,172.88135593220335,172.88135593220335,952029.0,743167.0,4791.159677609301,3182.0532198461774
1789159900.9727526,208.90069270000004,179.66101694915255,172.88135593220335,952299.0,743375.0,4480.5677775636395,3548.6096798304025
1789159901.0335329,208.96147130000008,186.4406779661017,172.88135593220335,952525.0,743577.0,3590.6449336963037,3195.6739909897105
1789159901.0945902,209.0225289,193.22033898305085,172.88135593220335,952744.0,743793.0,3701.394491383705,3593.5868848385485
1789159901.155654,209.08359089999976,200.0,172.88135593220335,952964.0,744023.0,3513.6345071015908,3745.49871315398
1789159901.217268,209.14520509999966,-200.0,179.66101694915255,953117.0,744316.0,2486.196244942886,4865.074666363057
1789159901.27868,209.20661569999993,-193.22033898305085,179.66101694915255,953260.0,744624.0,2290.8327620992904,5149.934116347242
1789159901.3396487,209.26758429999973,-186.4406779661017,179.66101694915255,953386.0,744922.0,2087.3408177717442,5020.414553088936
1789159901.4010797,209.32901330000004,-179.66101694915255,179.66101694915255,953514.0,745264.0,2148.3001796657577,5450.645910391633
1789159901.462746,209.39068009999983,-172.8813559322034,179.66101694915255,953607.0,745599.0,1476.1092605297479,5566.5325126001335
1789159901.5239003,209.45183259999976,-166.10169491525426,179.66101694915255,953686.0,745907.0,1321.6055721801617,4964.950663055202
1789159901.5861428,209.51407549999976,-159.32203389830508,179.66101694915255,953778.0,746251.0,1444.23900194531,5438.183896213822
1789159901.6478715,209.5758037999999,-152.54237288135593,179.66101694915255,953872.0,746587.0,1555.1357474452593,5407.6311217982875
1789159901.7103813,209.6383111,-145.76271186440678,179.66101694915255,953966.0,746931.0,1483.2601009932137,5496.787433092498
1789159901.771458,209.69938729999967,-138.98305084745763,179.66101694915255,954041.0,747313.0,1284.4367298980092,6243.789659226433
1789159901.8329866,209.7609164999999,-132.20338983050848,179.66101694915255,954111.0,747685.0,1170.7661493647192,6124.007550523146
1789159901.8934577,209.82138589999977,-125.42372881355932,179.66101694915255,954197.0,748018.0,1446.079317446375,5766.24127831742
1789159901.9571187,209.88504740000008,-118.64406779661017,179.66101694915255,954283.0,748387.0,1375.8104655646266,6008.286210377167
1789159902.0185893,209.94651609999983,-111.86440677966102,179.66101694915255,954359.0,748730.0,1225.1311689380648,5592.990119065079
1789159902.07917,210.00709719999986,-105.08474576271186,179.66101694915255,954461.0,749078.0,1666.6878022030198,5923.988166525951
1789159902.139337,210.0672626999999,-98.30508474576271,179.66101694915255,954552.0,749407.0,1509.6563440036894,5583.909609748586
1789159902.2002978,210.12822359999973,-91.52542372881356,179.66101694915255,954679.0,749738.0,2072.0459381663823,5369.301648465929
1789159902.2617395,210.18966359999968,-84.74576271186442,179.66101694915255,954817.0,750090.0,2289.2919699105305,5607.878003811842
1789159902.322996,210.25092029999996,-77.96610169491527,179.66101694915255,954964.0,750352.0,2311.090727326009,4299.703678746063
1789159902.384791,210.31271309999966,-71.18644067796612,179.66101694915255,955118.0,750633.0,2508.470504271998,4486.982451303433
1789159902.4484735,210.37639619999982,-64.40677966101697,179.66101694915255,955326.0,750955.0,3249.952460799638,4874.928691199457
1789159902.508935,210.43685589999995,-57.62711864406779,179.66101694915255,955552.0,751197.0,3796.9328015347437,4122.3841845234365
1789159902.572972,210.50089339999977,-50.847457627118644,179.66101694915255,955750.0,751429.0,3097.6495514509247,3542.6157853610025
1789159902.634356,210.56227659999968,-44.067796610169495,179.66101694915255,955991.0,751664.0,3909.8946994196453,3767.71671034984
1789159902.6953335,210.6232531999999,-37.288135593220346,179.66101694915255,956254.0,751879.0,4347.4371589615575,3578.1375793922284
1789159902.756129,210.68404729999975,-30.508474576271198,179.66101694915255,956485.0,752085.0,3720.7931221080007,3235.4722800939135
1789159902.8177774,210.74569569999994,-23.72881355932205,179.66101694915255,956767.0,752284.0,4607.663665453374,3220.027503656605
1789159902.8788836,210.8068002,-16.9491525423729,179.66101694915255,957067.0,752442.0,4983.744775078434,2679.4326747733517
1789159902.9408772,210.8687944999997,-10.169491525423723,179.66101694915255,957401.0,752586.0,5285.3375191701225,2386.356404976477
1789159903.00196,210.92987529999982,-3.3898305084745743,179.66101694915255,957752.0,752738.0,5954.7226494035085,2557.1331497438487
1789159903.062918,210.9908333999997,3.3898305084745743,179.66101694915255,958111.0,752869.0,5943.34255033416,2101.913828776715
1789159903.1243894,211.0523033999998,10.169491525423723,179.66101694915255,958469.0,753013.0,5866.84397574164,2364.515905374661
1789159903.1857007,211.11361480000005,16.94915254237287,179.66101694915255,958849.0,753134.0,6266.673828571182,1951.6212780407395
1789159903.2467508,211.1746638999998,23.72881355932202,179.66101694915255,959275.0,753229.0,6964.678104114538,1583.699413855502
1789159903.307456,211.23536859999967,30.50847457627117,179.66101694915255,959705.0,753329.0,7182.175245051694,1566.0382113270612
1789159903.368522,211.2964333,37.28813559322032,179.66101694915255,960194.0,753481.0,8135.358054080058,2467.4272779407647
1789159903.4361851,211.3640959999998,44.06779661016947,179.66101694915255,960674.0,753608.0,7854.555912069473,1995.0931492899576
1789159903.5027416,211.43065209999986,50.847457627118644,179.66101694915255,961135.0,753711.0,6997.843554986029,1565.951005311559
1789159903.5659292,211.49383839999973,57.627118644067764,179.66101694915255,961647.0,753766.0,7449.458358582546,800.061160229629
1789159903.62889,211.55679929999997,64.40677966101691,179.66101694915255,962138.0,753831.0,7656.820601409061,1101.3235111615772
1789159903.6916096,211.61951739999995,71.18644067796606,179.66101694915255,962583.0,753905.0,7373.816894213799,1193.347178532185
1789159903.7547615,211.68266949999997,77.96610169491527,179.66101694915255,963056.0,753974.0,7434.531927726606,1057.1245864599603
1789159903.8178062,211.74571259999993,84.74576271186442,179.66101694915255,963518.0,754050.0,7236.660068519057,1312.5314830157113
1789159903.8804417,211.80834789999972,91.52542372881356,179.66101694915255,963936.0,754124.0,6687.708769745091,1150.002830776272
1789159903.9425669,211.87047189999976,98.30508474576271,179.66101694915255,964346.0,754202.0,6466.041734410666,1172.414160634901
1789159904.005875,211.9337802,105.08474576271186,179.66101694915255,964769.0,754290.0,6751.623152397074,1433.2090067748263
1789159904.069036,211.99693899999966,111.86440677966101,179.66101694915255,965227.0,754395.0,7421.143768383997,1649.1430596408882
1789159904.1308692,212.05877259999988,118.64406779661016,179.66101694915255,965642.0,754500.0,6586.0874214777095,1752.7490718448744
1789159904.1917949,212.11969659999977,125.42372881355931,179.66101694915255,966019.0,754610.0,5946.349911270813,1796.4803357313635
1789159904.2534719,212.18137389999993,132.20338983050846,179.66101694915255,966407.0,754740.0,6293.277456699349,2127.5568674637007
1789159904.3141325,212.2420331999997,138.9830508474576,179.66101694915255,966765.0,754849.0,5637.194537962887,1714.8747138139527
1789159904.3758752,212.30377610000005,145.76271186440675,179.66101694915255,967108.0,754978.0,5515.042723801909,2152.6457083226805
1789159904.437244,212.36514339999985,152.5423728813559,179.66101694915255,967411.0,755132.0,4820.360627708416,2518.098835370068
1789159904.4986064,212.42650550000008,159.32203389830505,179.66101694915255,967758.0,755301.0,5779.853387351537,2774.329625928738
1789159904.5596673,212.48756569999978,166.1016949152542,179.66101694915255,968050.0,755476.0,4772.109433206161,2966.9294603454036
1789159904.6204426,212.5483405,172.88135593220335,179.66101694915255,968323.0,755700.0,4559.087751678764,3518.036217830858
1789159904.6818836,212.60977939999975,179.66101694915255,179.66101694915255,968553.0,755918.0,3827.513799433622,3668.0340577905545
1789159904.7440724,212.67196879999983,186.4406779661017,179.66101694915255,968821.0,756129.0,4155.320578544968,3412.6675389752295
1789159904.805887,212.73378129999992,193.22033898305085,179.66101694915255,969052.0,756395.0,3848.9583977105394,4413.943116640527
1789159904.8679247,212.79581949999965,200.0,179.66101694915255,969277.0,756677.0,3568.980261046581,4470.059435865272
1789159904.9286563,212.8565491999998,-200.0,186.4406779661017,969398.0,757005.0,1906.6188453087375,5288.169250195932
1789159904.9904056,212.91829879999977,-193.22033898305085,186.4406779661017,969545.0,757319.0,2303.9005572199826,4875.696528070196
1789159905.0510683,212.97896020000007,-186.4406779661017,186.4406779661017,969654.0,757637.0,1778.6145849881098,5210.083127742948
1789159905.1130753,213.04096720000007,-179.66101694915255,186.4406779661017,969757.0,757990.0,1660.574947573147,5706.018170916239
1789159905.1745465,213.10243779999973,-172.8813559322034,186.4406779661017,969861.0,758376.0,1492.197936505084,6057.613051764686
1789159905.2365284,213.16441899999973,-166.10169491525426,186.4406779661017,969951.0,758710.0,1475.9136168863502,5323.831260911477
1789159905.2983027,213.2261911999999,-159.32203389830508,186.4406779661017,970033.0,759018.0,1340.785276767439,5045.58669941431
1789159905.3605652,213.288454,-152.54237288135593,186.4406779661017,970104.0,759330.0,1073.64296003273,4885.075468148922
1789159905.4218562,213.34974319999992,-145.76271186440678,186.4406779661017,970175.0,759686.0,1174.966798288738,5714.611246222497
1789159905.4837828,213.41167029999997,-138.98305084745763,186.4406779661017,970245.0,760044.0,1197.866010642694,5667.515304085581
1789159905.5446332,213.47251899999992,-132.20338983050848,186.4406779661017,970332.0,760387.0,1468.315716523541,5730.0125522869885
1789159905.6060917,213.53397779999978,-125.42372881355932,186.4406779661017,970422.0,760721.0,1468.0029722480037,5455.17153884752
1789159905.667489,213.5953738999997,-118.64406779661017,186.4406779661017,970508.0,761059.0,1403.296859452115,5417.791672568293
1789159905.7299123,213.65779699999985,-111.86440677966102,186.4406779661017,970599.0,761392.0,1415.5859552672375,5591.564523305588
1789159905.7916422,213.7195254999997,-105.08474576271186,186.4406779661017,970696.0,761708.0,1517.6033161469866,5082.20645407363
1789159905.8546252,213.7825085999998,-98.30508474576271,186.4406779661017,970805.0,762029.0,1764.4972667779741,5136.259370621034
1789159905.915733,213.84361519999993,-91.52542372881356,186.4406779661017,970920.0,762334.0,1858.4138794808682,4985.552618991945
1789159905.9778025,213.9056840999997,-84.74576271186442,186.4406779661017,971060.0,762604.0,2225.3856451921733,4309.476963705478
1789159906.0385752,213.96645469999976,-77.96610169491527,186.4406779661017,971222.0,762906.0,2694.5220367147213,5083.66490926844
1789159906.1018698,214.02974989999984,-71.18644067796612,186.4406779661017,971390.0,763200.0,2689.787192422626,4698.394511439522
1789159906.1625533,214.09043259999999,-64.40677966101697,186.4406779661017,971602.0,763468.0,3403.522736074389,4267.909462696456
1789159906.2236516,214.15153039999996,-57.62711864406779,186.4406779661017,971809.0,763713.0,3324.503737393068,3914.3350456402254
1789159906.2863557,214.2142328,-50.847457627118644,186.4406779661017,972068.0,763939.0,4047.4458348677263,3698.528090482577
1789159906.347733,214.2756104,-44.067796610169495,186.4406779661017,972326.0,764162.0,4238.068585182575,3522.782748020959
1789159906.408438,214.33631399999967,-37.288135593220346,186.4406779661017,972594.0,764397.0,4402.840101431414,3845.7460477809086
1789159906.469816,214.3976918999997,-30.508474576271198,186.4406779661017,972876.0,764617.0,4488.041425885077,3558.2479830722323
1789159906.530199,214.45807389999982,-23.72881355932205,186.4406779661017,973175.0,764784.0,5062.604529241389,2748.271030159611
1789159906.5925667,214.52044109999997,-16.9491525423729,186.4406779661017,973492.0,764919.0,4987.653800630675,2002.0863847602004
1789159906.6539977,214.58187129999988,-10.169491525423723,186.4406779661017,973809.0,765099.0,5164.818471823034,2895.1577592918047
1789159906.716617,214.6444905999997,-3.3898305084745743,186.4406779661017,974211.0,765235.0,6312.154501827819,2250.5731928522587
1789159906.7777195,214.7055918000001,3.3898305084745743,186.4406779661017,974522.0,765363.0,5129.506637963904,2144.7414514134794
1789159906.8418455,214.76971689999982,10.169491525423723,186.4406779661017,974897.0,765469.0,6338.891635759003,1539.4451115414722
1789159906.9082315,214.83610259999978,16.94915254237287,186.4406779661017,975352.0,765599.0,6832.996326233935,1933.5577134187156
1789159906.9712703,214.89914009999984,23.72881355932202,186.4406779661017,975836.0,765684.0,7677.21266955782,1417.0556095679153
1789159907.034715,214.9625848999999,30.50847457627117,186.4406779661017,976274.0,765775.0,7025.247739224146,1484.4503822439228
1789159907.0984855,215.0263534999999,37.28813559322032,186.4406779661017,976756.0,765859.0,7323.757740713568,1288.275458005037
1789159907.1611888,215.0890572999997,44.06779661016947,186.4406779661017,977185.0,765931.0,6844.148951050713,1152.3312009422118
1789159907.2218962,215.14976239999987,50.847457627118644,186.4406779661017,977643.0,765995.0,7590.425063779487,1063.3928833314258
1789159907.2849228,215.21278989999973,57.627118644067764,186.4406779661017,978146.0,766061.0,8216.19116341523,1088.469769512274
1789159907.3469744,215.2748400999999,64.40677966101691,186.4406779661017,978614.0,766135.0,7540.861152110793,1191.5983424326018
1789159907.408445,215.33631019999984,71.18644067796606,186.4406779661017,979066.0,766203.0,7295.03617273249,1031.9807268743523
1789159907.4694452,215.3973090999998,77.96610169491527,186.4406779661017,979552.0,766267.0,8026.055184918966,1001.0224729520313
1789159907.531126,215.45899009999994,84.74576271186442,186.4406779661017,979981.0,766345.0,6708.191864977707,1270.0843264357793
1789159907.5915127,215.5193749,91.52542372881356,186.4406779661017,980379.0,766422.0,6590.11482780967,1325.2848000829363
1789159907.652472,215.5803345999998,98.30508474576271,186.4406779661017,980812.0,766502.0,7190.21266092586,1225.3996514861115
1789159907.7152984,215.6431591999999,105.08474576271186,186.4406779661017,981213.0,766590.0,6533.240677965442,1299.7163152451146
1789159907.7773015,215.70516270000007,111.86440677966101,186.4406779661017,981642.0,766691.0,6617.344914861365,1600.9705439180723
1789159907.839064,215.76692299999968,118.64406779661016,186.4406779661017,982069.0,766801.0,6754.599917850497,1728.3310494761063
1789159907.9027135,215.83057329999974,125.42372881355931,186.4406779661017,982468.0,766920.0,6154.766292726376,1929.8843460243722
1789159907.9634502,215.89130870000008,132.20338983050846,186.4406779661017,982839.0,767059.0,6058.209143071323,2247.1102162727457
1789159908.0252686,215.95312680000006,138.9830508474576,186.4406779661017,983226.0,767199.0,6337.225107418515,2241.859578390394
1789159908.0855668,216.01342339999974,145.76271186440675,186.4406779661017,983578.0,767373.0,5827.5374672749485,2877.5728487475676
1789159908.146914,216.0747707999999,152.5423728813559,186.4406779661017,983888.0,767588.0,5079.2469837616945,3541.1651506507587
1789159908.2083113,216.1361664000001,159.32203389830505,186.4406779661017,984173.0,767773.0,4674.184461428604,2950.2457056925787
1789159908.2710216,216.19887659999995,166.1016949152542,186.4406779661017,984465.0,767953.0,4566.867725961662,2968.46402187508
1789159908.3323514,216.26020530000005,172.88135593220335,186.4406779661017,984725.0,768189.0,4250.400142262117,3930.286324016434
1789159908.3934531,216.32130659999984,179.66101694915255,186.4406779661017,984966.0,768437.0,3805.3612103415608,4095.2934930342512
1789159908.4542346,216.38208699999996,186.4406779661017,186.4406779661017,985162.0,768683.0,3196.6725871109084,3986.86131650911
1789159908.517056,216.44490859999996,193.22033898305085,186.4406779661017,985365.0,768972.0,3258.7002894148145,4562.18040518074
1789159908.5783124,216.50616349999973,200.0,186.4406779661017,985534.0,769226.0,2788.049276966235,4307.178690697838
1789159908.6393304,216.5671812999999,-200.0,193.22033898305085,985659.0,769537.0,1959.5822674008868,5069.7449486885325
1789159908.6996605,216.62751039999966,-193.22033898305085,193.22033898305085,985780.0,769850.0,1970.9386007379624,5243.781598293662
1789159908.7616715,216.68952089999993,-186.4406779661017,193.22033898305085,985905.0,770176.0,1979.2601808238483,5213.229940562815
1789159908.8223436,216.75019249999968,-179.66101694915255,193.22033898305085,986003.0,770502.0,1638.9692864364954,5421.206101289946
1789159908.884813,216.81266090000008,-172.8813559322034,193.22033898305085,986077.0,770817.0,1187.3021526859502,5063.494474690082
1789159908.946554,216.87440049999987,-166.10169491525426,193.22033898305085,986152.0,771164.0,1155.192055116826,5616.010606414108
1789159909.0092247,216.9370703999998,-159.32203389830508,193.22033898305085,986234.0,771532.0,1361.7593222988544,5818.426195276923
1789159909.0706701,216.99851519999993,-152.54237288135593,193.22033898305085,986329.0,771884.0,1537.391689861589,5631.143980306983
1789159909.1336384,217.06148329999996,-145.76271186440678,193.22033898305085,986422.0,772257.0,1552.95673828393,6010.856081122506
1789159909.197002,217.12484509999967,-138.98305084745763,193.22033898305085,986487.0,772642.0,1049.8380495750175,6161.344618817317
1789159909.2621853,217.19002799999998,-132.20338983050848,193.22033898305085,986555.0,773033.0,1118.8423710958434,6073.715728806006
1789159909.327929,217.25577169999997,-125.42372881355932,193.22033898305085,986633.0,773426.0,1245.7830244652312,6029.589838411719
1789159909.3900714,217.31791320000002,-118.64406779661017,193.22033898305085,986705.0,773773.0,1174.4257058243693,5781.78809021228
1789159909.4552546,217.38309619999973,-111.86440677966102,193.22033898305085,986814.0,774152.0,1648.9322322538123,5703.95945646982
1789159909.5185466,217.44638669999995,-105.08474576271186,193.22033898305085,986934.0,774469.0,1946.359058595932,4964.108424675864
1789159909.5819573,217.50979729999972,-98.30508474576271,193.22033898305085,987066.0,774796.0,2017.550969028664,5035.2554098835035
1789159909.643602,217.57144130000006,-91.52542372881356,193.22033898305085,987200.0,775078.0,2151.7001988215475,4534.574799169377
1789159909.7044232,217.63226179999992,-84.74576271186442,193.22033898305085,987337.0,775323.0,2262.1022470132293,4039.4682982379095
1789159909.766032,217.6938697999999,-77.96610169491527,193.22033898305085,987508.0,775587.0,2901.06313351621,4386.973518975733
1789159909.8275547,217.75539219999973,-71.18644067796612,193.22033898305085,987720.0,775830.0,3508.038368732797,3968.68987169771
1789159909.8891816,217.8170170999997,-64.40677966101697,193.22033898305085,987940.0,776063.0,3605.895194591655,3730.2364081982637
1789159909.9508224,217.8786581999998,-57.62711864406779,193.22033898305085,988208.0,776315.0,4413.408218915056,4093.0802030260597
1789159910.0118864,217.93972069999973,-50.847457627118644,193.22033898305085,988425.0,776546.0,3632.2905259839413,3757.5419234316632
1789159910.0753186,218.00315299999966,-44.067796610169495,193.22033898305085,988666.0,776730.0,3940.6096314069873,2725.4436657748765
1789159910.1360521,218.06388530000004,-37.288135593220346,193.22033898305085,988974.0,776927.0,5086.890561741563,3253.4529741173956
1789159910.198145,218.1259756999998,-30.508474576271198,193.22033898305085,989241.0,777087.0,4351.140582515837,2688.5096282211675
1789159910.2601347,218.18796599999996,-23.72881355932205,193.22033898305085,989554.0,777233.0,5077.818892303113,2354.421216500405
1789159910.321815,218.24964679999994,-16.9491525423729,193.22033898305085,989901.0,777385.0,5602.420245532033,2436.608170279011
1789159910.382874,218.3107043,-10.169491525423723,193.22033898305085,990267.0,777516.0,6061.126189412925,2127.6519661950974
1789159910.444844,218.37267440000005,-3.3898305084745743,193.22033898305085,990631.0,777651.0,5855.206076650487,2217.881089640336
1789159910.5066519,218.43448020000005,3.3898305084745743,193.22033898305085,991019.0,777763.0,6321.358755699089,1876.9300507117741
1789159910.5686681,218.4964970000001,10.169491525423723,193.22033898305085,991465.0,777871.0,7167.515326528392,1742.9689875925121
1789159910.6290007,218.5568284000001,16.94915254237287,193.22033898305085,991893.0,777963.0,7103.418157549161,1522.1610337605346
1789159910.6897573,218.6175847999998,23.72881355932202,193.22033898305085,992340.0,778053.0,7425.239702222617,1492.239455894618
1789159910.7511766,218.6790016,30.50847457627117,193.22033898305085,992794.0,778135.0,7383.282898660036,1366.6172673000547
1789159910.8144703,218.7422962999999,37.28813559322032,193.22033898305085,993271.0,778213.0,7402.8377544355535,1285.9389526484294
1789159910.8759134,218.80373759999975,44.06779661016947,193.22033898305085,993736.0,778279.0,7438.940182382904,943.2149035078802
1789159910.9383047,218.86612909999985,50.847457627118644,193.22033898305085,994182.0,778351.0,7030.249503198066,1165.8202693745536
1789159910.9994125,218.92723509999996,57.627118644067764,193.22033898305085,994611.0,778421.0,6967.782047745333,1125.5647923280924
1789159911.0606656,218.98848839999982,64.40677966101691,193.22033898305085,995118.0,778503.0,8255.792574157113,1297.8538544526464
1789159911.121092,219.0489133000001,71.18644067796606,193.22033898305085,995545.0,778565.0,6872.976541457984,1103.2936027077292
1789159911.1837938,219.11161519999996,77.96610169491527,193.22033898305085,996020.0,778638.0,7525.473199271306,1142.8872849360628
1789159911.2451758,219.1729952999999,84.74576271186442,193.22033898305085,996441.0,778725.0,6739.107628331429,1422.5029294630983
1789159911.3082862,219.2361060999997,91.52542372881356,193.22033898305085,996886.0,778817.0,7054.071835434308,1477.6609331084335
1789159911.3699875,219.29780559999972,98.30508474576271,193.22033898305085,997327.0,778938.0,7180.65205296421,1919.5802517825116
1789159911.431738,219.35955539999986,105.08474576271186,193.22033898305085,997776.0,779056.0,7328.154770663101,1930.3432078819876
1789159911.4934318,219.42124869999998,111.86440677966101,193.22033898305085,998142.0,779155.0,5967.3076786325555,1545.1064525030724
1789159911.5554454,219.48326229999975,118.64406779661016,193.22033898305085,998523.0,779272.0,5995.772532942016,1861.3741594805065
1789159911.6168778,219.5446935,125.42372881355931,193.22033898305085,998922.0,779395.0,6445.804633557283,2059.816356729049
1789159911.6781995,219.6060152,132.20338983050846,193.22033898305085,999261.0,779553.0,5384.461267637001,2683.286345998505
1789159911.7399852,219.66779899999983,138.9830508474576,193.22033898305085,999598.0,779724.0,5486.992651666805,2805.2470469936397
1789159911.8026505,219.73046429999977,145.76271186440675,193.22033898305085,999907.0,779904.0,5035.7271590389355,2844.744114404451
1789159911.8638077,219.79162069999984,152.5423728813559,193.22033898305085,1000182.0,780094.0,4585.126349679454,3157.8496649543317
1789159911.9308305,219.8586424,159.32203389830505,193.22033898305085,1000491.0,780294.0,4864.601913433799,3207.429833033274
1789159911.9964523,219.9242647000001,166.1016949152542,193.22033898305085,1000772.0,780535.0,4425.044751405697,3656.923775689991
1789159912.0576594,219.9854703000001,172.88135593220335,193.22033898305085,1001024.0,780749.0,4099.308947588824,3552.734421243647
1789159912.1206727,220.0484833999999,179.66101694915255,193.22033898305085,1001262.0,780972.0,3786.4379519139607,3525.903230451991
1789159912.182111,220.10991990000002,186.4406779661017,193.22033898305085,1001476.0,781277.0,3664.9942497336765,5019.056164659912
1789159912.244386,220.17219549999982,193.22033898305085,193.22033898305085,1001659.0,781536.0,2957.458639865641,4250.239961483557
1789159912.3082616,220.2360690999999,200.0,193.22033898305085,1001842.0,781823.0,2716.962611088411,4452.312923977138
1789159912.3722959,220.3001036999999,-200.0,200.0,1001966.0,782151.0,1835.3029965171704,5145.709336029449
1789159912.43502,220.36282619999974,-193.22033898305085,200.0,1002063.0,782522.0,1518.6806550071349,5898.1318461905
1789159912.4983907,220.42619710000008,-186.4406779661017,200.0,1002167.0,782892.0,1650.3398831594534,5871.735584293634
1789159912.5608454,220.48864999999978,-179.66101694915255,200.0,1002274.0,783214.0,1693.2053081943343,5291.266588107294
1789159912.6221333,220.54993829999967,-172.8813559322034,200.0,1002360.0,783555.0,1314.566841222058,5636.430428801427
1789159912.6832778,220.61108149999973,-166.10169491525426,200.0,1002440.0,783917.0,1338.5089010919858,5925.132735500524
1789159912.7455873,220.67339109999966,-159.32203389830508,200.0,1002513.0,784287.0,1140.1899128859607,6021.62797742898
1789159912.807417,220.73521859999983,-152.54237288135593,200.0,1002598.0,784645.0,1324.9993816628494,5953.663888271737
1789159912.8696802,220.79748199999995,-145.76271186440678,200.0,1002669.0,784990.0,1090.1367242443116,5644.094975522968
1789159912.9300888,220.85788920000005,-138.98305084745763,200.0,1002733.0,785341.0,1066.9791649710799,5624.246106881455
1789159912.9914322,220.91923270000007,-132.20338983050848,200.0,1002817.0,785685.0,1432.1569357626586,5603.314011171402
1789159913.0531888,220.98098720000007,-125.42372881355932,200.0,1002900.0,786044.0,1342.8795578318375,5919.27173517981
1789159913.1148787,221.04267769999979,-118.64406779661017,200.0,1002996.0,786388.0,1638.2554004556432,5662.665405922767
1789159913.1762702,221.1040680000001,-111.86440677966102,200.0,1003094.0,786718.0,1617.3723564496236,5349.7701021026005
1789159913.2382655,221.16606319999983,-105.08474576271186,200.0,1003212.0,786999.0,1944.7273138631438,4614.307535620732
1789159913.2997243,221.22752039999978,-98.30508474576271,200.0,1003352.0,787297.0,2345.0366056678504,5080.9126456136755
1789159913.3620872,221.2898835000001,-91.52542372881356,200.0,1003505.0,787656.0,2496.3170533647835,5678.242311526938
1789159913.422186,221.34998039999982,-84.74576271186442,200.0,1003671.0,787892.0,2693.3428934775598,3785.238661103597
1789159913.4851248,221.4129198999999,-77.96610169491527,200.0,1003873.0,788163.0,3181.6959318369545,4271.558626720331
1789159913.5462632,221.4740566999999,-71.18644067796612,200.0,1004075.0,788393.0,3446.4285714261086,3785.7142857115805
1789159913.6072526,221.53504589999966,-64.40677966101697,200.0,1004295.0,788636.0,3507.0176322000293,4028.5741005784953
1789159913.6683202,221.59611199999972,-57.62711864406779,200.0,1004553.0,788851.0,4328.013334557088,3380.142645583841
1789159913.729685,221.6574771999999,-50.847457627118644,200.0,1004830.0,789106.0,4563.059857546316,4255.234390965811
1789159913.791449,221.71923930000003,-44.067796610169495,200.0,1005084.0,789303.0,4217.465955880491,3193.98049378397
1789159913.8557448,221.78353549999974,-37.288135593220346,200.0,1005408.0,789481.0,5074.634255033128,2669.929520940775
1789159913.9182851,221.84607389999974,-30.508474576271198,200.0,1005767.0,789664.0,5689.10605995715,2896.9067667266468
1789159913.9809842,221.90877150000006,-23.72881355932205,200.0,1006147.0,789800.0,5933.3510170248555,2181.379050376785
1789159914.0426335,221.9704213,-16.9491525423729,200.0,1006490.0,789934.0,5756.76773383063,2154.373201004101
1789159914.1053965,222.03318409999974,-10.169491525423723,200.0,1006850.0,790064.0,5831.290635710943,2042.6976178987434
1789159914.166773,222.0945588999998,-3.3898305084745743,200.0,1007261.0,790176.0,6730.132347421844,1917.821354938151
1789159914.2290955,222.15688199999977,3.3898305084745743,200.0,1007675.0,790275.0,6619.485229386161,1637.2662934385985
1789159914.2908635,222.21864849999974,10.169491525423723,200.0,1008100.0,790369.0,6655.550099199626,1528.9777254918058
1789159914.3525405,222.28032519999988,16.94915254237287,200.0,1008544.0,790444.0,7215.097190009285,1211.4237257299542
1789159914.4139385,222.34172169999965,23.72881355932202,200.0,1008985.0,790528.0,7148.204324807204,1369.183415448146
1789159914.4752736,222.40305709999984,30.50847457627117,200.0,1009450.0,790607.0,7454.744837012734,1278.4707329176429
1789159914.5363736,222.46415519999982,37.28813559322032,200.0,1009944.0,790690.0,8044.30445369951,1394.346105307915
1789159914.600121,222.52790319999986,44.06779661016947,200.0,1010404.0,790757.0,7277.144008974153,1029.6198957541367
1789159914.661137,222.58891730000005,50.847457627118644,200.0,1010874.0,790822.0,7576.353200972899,1107.8629680667918
1789159914.724563,222.65234359999977,57.627118644067764,200.0,1011334.0,790896.0,7379.594016936362,1071.7981786502812
1789159914.7845778,222.71235739999975,64.40677966101691,200.0,1011762.0,790956.0,6993.338116994437,983.4381727023426
1789159914.8448808,222.77265989999978,71.18644067796606,200.0,1012230.0,791041.0,7749.187059603899,1430.3406021231497
1789159914.9060497,222.83382779999965,77.96610169491527,200.0,1012708.0,791122.0,8032.673345086203,1374.479661270306
1789159914.9666429,222.89442069999996,84.74576271186442,200.0,1013140.0,791208.0,7039.857114265719,1368.3609736168662
1789159915.0281477,222.9559236,91.52542372881356,200.0,1013557.0,791294.0,6742.561889658897,1419.4867136123992
1789159915.0918684,223.01964249999992,98.30508474576271,200.0,1013957.0,791410.0,6222.850444739603,1896.1594152946157
1789159915.1528423,223.08061640000005,105.08474576271186,200.0,1014383.0,791524.0,7088.91915571192,1763.2336986288533
1789159915.2144966,223.14227140000003,111.86440677966101,200.0,1014768.0,791655.0,6275.544399038549,2115.5517945767347
1789159915.2752588,223.20303160000003,118.64406779661016,200.0,1015124.0,791800.0,5811.024755353911,2410.765687979641
1789159915.3375928,223.2653664999998,125.42372881355931,200.0,1015490.0,791962.0,5680.779610838041,2580.543419434315
1789159915.3987477,223.32651929999975,132.20338983050846,200.0,1015802.0,792114.0,5017.803380713323,2589.257972254206
1789159915.4613717,223.38914299999988,138.9830508474576,200.0,1016148.0,792275.0,5382.799160397756,2604.016476945668
1789159915.5220838,223.4498552,145.76271186440675,200.0,1016443.0,792442.0,4737.483945693377,2774.0400290371863
1789159915.5834358,223.51120629999969,152.5423728813559,200.0,1016723.0,792650.0,4396.68415252326,3328.663710614776
1789159915.6435466,223.57131619999973,159.32203389830505,200.0,1016973.0,792842.0,4218.672718263357,3236.7402752192993
1789159915.704846,223.632615,166.1016949152542,200.0,1017174.0,793062.0,3202.696706413816,3578.432074205381
1789159915.765981,223.69374870000001,172.88135593220335,200.0,1017411.0,793324.0,3837.8876266604248,4194.900429140464
1789159915.82826,223.75602750000007,179.66101694915255,200.0,1017623.0,793592.0,3278.2469707031482,4111.098903800705
1789159915.8894098,223.81717679999974,186.4406779661017,200.0,1017803.0,793871.0,2839.32627609675,4750.067858124123
1789159915.9507403,223.87850649999973,193.22033898305085,200.0,1017980.0,794143.0,2773.4535759665696,4312.272979406085
1789159916.0114362,223.9392011,200.0,200.0,1018134.0,794439.0,2570.1673664169803,4906.68315406878
