host_utc,elapsed_s,epoch,sync_hz,ch1_hz,ch2_hz,sum_hz,commanded_hz,alice_v,bob_v,sync_matches,warnings,warnings_text
2026-09-29T03:39:01.893745+00:00,2.7752307999762706,0,751880,70,100,170,751879.6992481203,0.0,0.0,True,0,
2026-09-29T03:39:02.115215+00:00,2.9967266999883577,0,751870,60,90,150,751879.6992481203,0.0,0.0,True,0,
2026-09-29T03:39:02.332709+00:00,3.214196599961724,0,751870,80,80,160,751879.6992481203,0.0,0.0,True,0,
2026-09-29T03:39:02.552261+00:00,3.433767899987288,0,751880,40,140,180,751879.6992481203,0.0,0.0,True,0,
2026-09-29T03:39:02.770456+00:00,3.6519389000022784,0,751870,20,150,170,751879.6992481203,0.0,0.0,True,0,
2026-09-29T03:39:02.990649+00:00,3.8721325999940746,0,751870,60,100,160,751879.6992481203,0.0,0.0,True,0,
2026-09-29T03:39:03.209607+00:00,4.091083200008143,0,751870,80,120,200,751879.6992481203,0.0,0.0,True,0,
2026-09-29T03:39:03.428181+00:00,4.3096575000090525,0,751880,70,90,160,751879.6992481203,0.0,0.0,True,0,
2026-09-29T03:39:03.646312+00:00,4.527807699982077,0,751870,0,50,50,751879.6992481203,0.0,0.0,True,0,
2026-09-29T03:39:03.864900+00:00,4.746411699976306,0,751870,50,50,100,751879.6992481203,0.0,0.0,True,0,
2026-09-29T03:39:04.097177+00:00,4.97864629997639,0,751870,60,90,150,751879.6992481203,0.0,0.0,True,0,
2026-09-29T03:39:04.316334+00:00,5.197818899992853,0,751870,40,80,120,751879.6992481203,0.0,0.0,True,0,
2026-09-29T03:39:04.533523+00:00,5.4149947999976575,0,751880,50,110,160,751879.6992481203,0.0,0.0,True,0,
2026-09-29T03:39:04.752131+00:00,5.63360229996033,0,751870,60,100,160,751879.6992481203,0.0,0.0,True,0,
2026-09-29T03:39:04.971198+00:00,5.8527185000129975,0,751870,60,130,190,751879.6992481203,0.0,0.0,True,0,
2026-09-29T03:39:05.202845+00:00,6.084328299970366,0,751870,70,20,90,751879.6992481203,0.0,0.0,True,0,
2026-09-29T03:39:05.422900+00:00,6.304404599999543,0,751880,30,110,140,751879.6992481203,0.0,0.0,True,0,
2026-09-29T03:39:05.655336+00:00,6.536820899986196,0,751870,30,100,130,751879.6992481203,0.0,0.0,True,0,
2026-09-29T03:39:05.873859+00:00,6.755339699971955,0,751880,60,70,130,751879.6992481203,0.0,0.0,True,0,
2026-09-29T03:39:06.092275+00:00,6.973732799990103,0,751870,130,60,190,751879.6992481203,0.0,0.0,True,0,
2026-09-29T03:39:06.310841+00:00,7.192301900009625,0,751870,30,100,130,751879.6992481203,0.0,0.0,True,0,
2026-09-29T03:39:06.531089+00:00,7.412573999958113,0,751880,60,90,150,751879.6992481203,0.0,0.0,True,0,
2026-09-29T03:39:06.747146+00:00,7.6286260999622755,0,751870,80,150,230,751879.6992481203,0.0,0.0,True,0,
2026-09-29T03:39:06.967569+00:00,7.849054999998771,0,751870,60,60,120,751879.6992481203,0.0,0.0,True,0,
2026-09-29T03:39:07.199420+00:00,8.080876299994998,0,751870,60,100,160,751879.6992481203,0.0,0.0,True,0,
2026-09-29T03:39:07.430743+00:00,8.312223899993114,0,751880,10,60,70,751879.6992481203,0.0,0.0,True,0,
2026-09-29T03:39:07.648070+00:00,8.529546200006735,0,751870,50,100,150,751879.6992481203,0.0,0.0,True,0,
2026-09-29T03:39:07.866583+00:00,8.748058199998923,0,751870,70,110,180,751879.6992481203,0.0,0.0,True,0,
2026-09-29T03:39:08.084885+00:00,8.96633500000462,0,751870,60,100,160,751879.6992481203,0.0,0.0,True,0,
2026-09-29T03:39:08.303993+00:00,9.185454699967522,0,751870,30,60,90,751879.6992481203,0.0,0.0,True,0,
2026-09-29T03:39:08.535392+00:00,9.416877000010572,0,751880,70,90,160,751879.6992481203,0.0,0.0,True,0,
2026-09-29T03:39:08.753945+00:00,9.63541459996486,0,751870,60,80,140,751879.6992481203,0.0,0.0,True,0,
2026-09-29T03:39:08.971234+00:00,9.852724700002,0,751870,100,80,180,751879.6992481203,0.0,0.0,True,0,
2026-09-29T03:39:09.202728+00:00,10.084179199999198,0,751870,90,100,190,751879.6992481203,0.0,0.0,True,0,
2026-09-29T03:39:09.422737+00:00,10.304203799983952,0,751880,40,90,130,751879.6992481203,0.0,0.0,True,0,
2026-09-29T03:39:09.639955+00:00,10.521418799995445,0,751870,100,150,250,751879.6992481203,0.0,0.0,True,0,
2026-09-29T03:39:09.856346+00:00,10.737782999989577,0,751870,60,80,140,751879.6992481203,0.0,0.0,True,0,
2026-09-29T03:39:10.075371+00:00,10.956812399963383,0,751870,140,130,270,751879.6992481203,0.0,0.0,True,0,
2026-09-29T03:39:10.293042+00:00,11.174476199958008,0,751870,30,70,100,751879.6992481203,0.0,0.0,True,0,
2026-09-29T03:39:10.513932+00:00,11.395390499965288,0,751880,50,100,150,751879.6992481203,0.0,0.0,True,0,
2026-09-29T03:39:10.731314+00:00,11.612777500005905,0,751870,30,90,120,751879.6992481203,0.0,0.0,True,0,
2026-09-29T03:39:10.949791+00:00,11.831266499997582,0,751870,70,120,190,751879.6992481203,0.0,0.0,True,0,
2026-09-29T03:39:11.170128+00:00,12.051600400009193,0,751880,80,90,170,751879.6992481203,0.0,0.0,True,0,
2026-09-29T03:39:11.388410+00:00,12.269838800013531,0,751880,80,130,210,751879.6992481203,0.0,0.0,True,0,
2026-09-29T03:39:11.605278+00:00,12.48672169999918,0,751870,90,120,210,751879.6992481203,0.0,0.0,True,0,
2026-09-29T03:39:11.824616+00:00,12.706073299981654,0,751870,50,90,140,751879.6992481203,0.0,0.0,True,0,
2026-09-29T03:39:12.042920+00:00,12.924377199960873,0,751870,20,150,170,751879.6992481203,0.0,0.0,True,0,
2026-09-29T03:39:12.275286+00:00,13.15675059997011,0,751870,30,100,130,751879.6992481203,0.0,0.0,True,0,
2026-09-29T03:39:12.493868+00:00,13.37531079998007,0,751880,60,60,120,751879.6992481203,0.0,0.0,True,0,
2026-09-29T03:39:12.712745+00:00,13.594175899983384,0,751870,70,50,120,751879.6992481203,0.0,0.0,True,0,
2026-09-29T03:39:12.931614+00:00,13.813053899968509,0,751870,40,100,140,751879.6992481203,0.0,0.0,True,0,
2026-09-29T03:39:13.150204+00:00,14.031652099976782,0,751880,60,70,130,751879.6992481203,0.0,0.0,True,0,
2026-09-29T03:39:13.368531+00:00,14.24994459998561,0,751870,20,90,110,751879.6992481203,0.0,0.0,True,0,
2026-09-29T03:39:13.601720+00:00,14.483166299993172,0,751870,50,90,140,751879.6992481203,0.0,0.0,True,0,
2026-09-29T03:39:13.819576+00:00,14.701011799974367,0,751870,30,120,150,751879.6992481203,0.0,0.0,True,0,
2026-09-29T03:39:14.039367+00:00,14.920823799970094,0,751870,60,100,160,751879.6992481203,0.0,0.0,True,0,
2026-09-29T03:39:14.257298+00:00,15.13874239998404,0,751880,30,80,110,751879.6992481203,0.0,0.0,True,0,
2026-09-29T03:39:14.475198+00:00,15.356633799965493,0,751880,120,70,190,751879.6992481203,0.0,0.0,True,0,
2026-09-29T03:39:14.693089+00:00,15.574522999988403,0,751870,100,80,180,751879.6992481203,0.0,0.0,True,0,
2026-09-29T03:39:14.909973+00:00,15.791379200003576,0,751870,60,170,230,751879.6992481203,0.0,0.0,True,0,
2026-09-29T03:39:15.130660+00:00,16.012068499985617,0,751880,100,150,250,751879.6992481203,0.0,0.0,True,0,
2026-09-29T03:39:15.350136+00:00,16.231574399978854,0,751870,110,180,290,751879.6992481203,0.0,0.0,True,0,
2026-09-29T03:39:15.568777+00:00,16.450189199997112,0,751870,140,190,330,751879.6992481203,0.0,0.0,True,0,
2026-09-29T03:39:15.786567+00:00,16.667991499998607,0,751870,40,120,160,751879.6992481203,0.0,0.0,True,0,
2026-09-29T03:39:16.005015+00:00,16.886448699980974,0,751870,70,90,160,751879.6992481203,0.0,0.0,True,0,
2026-09-29T03:39:16.222254+00:00,17.103665000002366,0,751880,90,120,210,751879.6992481203,0.0,0.0,True,0,
2026-09-29T03:39:16.440485+00:00,17.32189580000704,0,751870,60,100,160,751879.6992481203,0.0,0.0,True,0,
2026-09-29T03:39:16.661180+00:00,17.5425746999681,0,751870,50,110,160,751879.6992481203,0.0,0.0,True,0,
2026-09-29T03:39:16.881957+00:00,17.763349499960896,0,751870,210,210,420,751879.6992481203,0.0,0.0,True,0,
2026-09-29T03:39:17.098522+00:00,17.979912799957674,0,751880,220,200,420,751879.6992481203,0.0,0.0,True,0,
2026-09-29T03:39:17.331628+00:00,18.21306039998308,0,751870,180,130,310,751879.6992481203,0.0,0.0,True,0,
2026-09-29T03:39:17.549971+00:00,18.431385200005025,0,751870,170,160,330,751879.6992481203,0.0,0.0,True,0,
2026-09-29T03:39:17.767124+00:00,18.64854139997624,0,751870,200,240,440,751879.6992481203,0.0,0.0,True,0,
2026-09-29T03:39:17.985558+00:00,18.866950600000564,0,751870,330,220,550,751879.6992481203,0.0,0.0,True,0,
2026-09-29T03:39:18.204113+00:00,19.085528899973724,0,751880,300,210,510,751879.6992481203,0.0,0.0,True,0,
2026-09-29T03:39:18.420630+00:00,19.30203339998843,0,751870,180,320,500,751879.6992481203,0.0,0.0,True,0,
2026-09-29T03:39:18.639011+00:00,19.52041509997798,0,751870,270,200,470,751879.6992481203,0.0,0.0,True,0,
2026-09-29T03:39:18.856317+00:00,19.73772099998314,0,751880,270,200,470,751879.6992481203,0.0,0.0,True,0,
2026-09-29T03:39:19.074379+00:00,19.955762099998537,0,751880,210,180,390,751879.6992481203,0.0,0.0,True,0,
2026-09-29T03:39:19.291334+00:00,20.172752199985553,0,751870,210,170,380,751879.6992481203,0.0,0.0,True,0,
2026-09-29T03:39:19.508568+00:00,20.38996160001261,0,751870,270,160,430,751879.6992481203,0.0,0.0,True,0,
2026-09-29T03:39:19.728155+00:00,20.609557899995707,0,751870,310,90,400,751879.6992481203,0.0,0.0,True,0,
2026-09-29T03:39:19.947683+00:00,20.82908110000426,0,751880,320,130,450,751879.6992481203,0.0,0.0,True,0,
2026-09-29T03:39:20.179904+00:00,21.061312399979215,0,751880,320,150,470,751879.6992481203,0.0,0.0,True,0,
2026-09-29T03:39:20.411887+00:00,21.293259600002784,0,751870,240,180,420,751879.6992481203,0.0,0.0,True,0,
2026-09-29T03:39:20.642907+00:00,21.524299799988512,0,751870,200,170,370,751879.6992481203,0.0,0.0,True,0,
2026-09-29T03:39:20.862743+00:00,21.74412399996072,0,751880,160,240,400,751879.6992481203,0.0,0.0,True,0,
2026-09-29T03:39:21.082573+00:00,21.963942900008988,0,751880,260,140,400,751879.6992481203,0.0,0.0,True,0,
2026-09-29T03:39:21.301758+00:00,22.183167600014713,0,751870,330,180,510,751879.6992481203,0.0,0.0,True,0,
2026-09-29T03:39:21.518747+00:00,22.40014089999022,0,751870,220,200,420,751879.6992481203,0.0,0.0,True,0,
2026-09-29T03:39:21.737480+00:00,22.618879499961622,0,751870,160,160,320,751879.6992481203,0.0,0.0,True,0,
2026-09-29T03:39:21.955011+00:00,22.836378899984993,0,751880,230,200,430,751879.6992481203,0.0,0.0,True,0,
2026-09-29T03:39:22.174388+00:00,23.0557448999607,0,751880,250,240,490,751879.6992481203,0.0,0.0,True,0,
2026-09-29T03:39:22.393200+00:00,23.274606099992525,0,751870,240,160,400,751879.6992481203,0.0,0.0,True,0,
2026-09-29T03:39:22.610917+00:00,23.49230039998656,0,751870,290,190,480,751879.6992481203,0.0,0.0,True,0,
2026-09-29T03:39:22.829883+00:00,23.7112758999574,0,751880,250,160,410,751879.6992481203,0.0,0.0,True,0,
2026-09-29T03:39:23.063063+00:00,23.944457300007343,0,751870,190,150,340,751879.6992481203,0.0,0.0,True,0,
2026-09-29T03:39:23.282012+00:00,24.16340580000542,0,751870,240,140,380,751879.6992481203,0.0,0.0,True,0,
2026-09-29T03:39:23.502954+00:00,24.3843456999748,0,751870,280,190,470,751879.6992481203,0.0,0.0,True,0,
2026-09-29T03:39:23.722246+00:00,24.603622499969788,0,751870,260,190,450,751879.6992481203,0.0,0.0,True,0,
2026-09-29T03:39:23.942917+00:00,24.824286099988967,0,751880,150,180,330,751879.6992481203,0.0,0.0,True,0,
2026-09-29T03:39:24.159880+00:00,25.041269799985457,0,751870,250,180,430,751879.6992481203,0.0,0.0,True,0,
2026-09-29T03:39:24.376902+00:00,25.25828469998669,0,751870,180,180,360,751879.6992481203,0.0,0.0,True,0,
2026-09-29T03:39:24.596061+00:00,25.47740849998081,0,751870,210,230,440,751879.6992481203,0.0,0.0,True,0,
2026-09-29T03:39:24.814041+00:00,25.695387699990533,0,751880,210,170,380,751879.6992481203,0.0,0.0,True,0,
2026-09-29T03:39:25.033516+00:00,25.91489279997768,0,751870,230,320,550,751879.6992481203,0.0,0.0,True,0,
2026-09-29T03:39:25.250896+00:00,26.132257099961862,0,751870,140,130,270,751879.6992481203,0.0,0.0,True,0,
2026-09-29T03:39:25.468257+00:00,26.349625699978787,0,751870,200,140,340,751879.6992481203,0.0,0.0,True,0,
2026-09-29T03:39:25.686841+00:00,26.568181500013452,0,751870,190,150,340,751879.6992481203,0.0,0.0,True,0,
2026-09-29T03:39:25.904516+00:00,26.785853899957146,0,751880,250,260,510,751879.6992481203,0.0,0.0,True,0,
2026-09-29T03:39:26.122429+00:00,27.0037905999925,0,751870,120,220,340,751879.6992481203,0.0,0.0,True,0,
2026-09-29T03:39:26.340310+00:00,27.221657199959736,0,751870,260,220,480,751879.6992481203,0.0,0.0,True,0,
2026-09-29T03:39:26.561411+00:00,27.442771299974993,0,751880,230,210,440,751879.6992481203,0.0,0.0,True,0,
2026-09-29T03:39:26.780390+00:00,27.661747900012415,0,751880,240,190,430,751879.6992481203,0.0,0.0,True,0,
2026-09-29T03:39:26.997898+00:00,27.879243700008374,0,751870,200,180,380,751879.6992481203,0.0,0.0,True,0,
2026-09-29T03:39:27.217179+00:00,28.098508699971717,0,751870,200,140,340,751879.6992481203,0.0,0.0,True,0,
2026-09-29T03:39:27.436106+00:00,28.31743589998223,0,751880,240,180,420,751879.6992481203,0.0,0.0,True,0,
2026-09-29T03:39:27.655953+00:00,28.537304600002244,0,751880,220,100,320,751879.6992481203,0.0,0.0,True,0,
2026-09-29T03:39:27.876241+00:00,28.757566199987195,0,751880,250,190,440,751879.6992481203,0.0,0.0,True,0,
2026-09-29T03:39:28.095864+00:00,28.977225699985866,0,751870,260,190,450,751879.6992481203,0.0,0.0,True,0,
2026-09-29T03:39:28.326390+00:00,29.20774270000402,0,751870,230,210,440,751879.6992481203,0.0,0.0,True,0,
2026-09-29T03:39:28.557693+00:00,29.43903439998394,0,751880,210,190,400,751879.6992481203,0.0,0.0,True,0,
2026-09-29T03:39:28.773902+00:00,29.655227799958084,0,751880,300,150,450,751879.6992481203,0.0,0.0,True,0,
2026-09-29T03:39:28.992728+00:00,29.8740911000059,0,751870,160,190,350,751879.6992481203,0.0,0.0,True,0,
2026-09-29T03:39:29.211972+00:00,30.093329900002573,0,751870,160,250,410,751879.6992481203,0.0,0.0,True,0,
2026-09-29T03:39:29.432147+00:00,30.313484199985396,0,751880,250,180,430,751879.6992481203,0.0,0.0,True,0,
2026-09-29T03:39:29.650739+00:00,30.53206960001262,0,751880,230,180,410,751879.6992481203,0.0,0.0,True,0,
2026-09-29T03:39:29.870777+00:00,30.75208979996387,0,751870,180,150,330,751879.6992481203,0.0,0.0,True,0,
2026-09-29T03:39:30.090701+00:00,30.97203599999193,0,751870,230,160,390,751879.6992481203,0.0,0.0,True,0,
2026-09-29T03:39:30.322505+00:00,31.203922599961516,0,751870,190,190,380,751879.6992481203,0.0,0.0,True,0,
2026-09-29T03:39:30.555345+00:00,31.436670299968682,0,751880,250,170,420,751879.6992481203,0.0,0.0,True,0,
2026-09-29T03:39:30.786568+00:00,31.66788349999115,0,751880,240,160,400,751879.6992481203,0.0,0.0,True,0,
2026-09-29T03:39:31.003955+00:00,31.885286499978974,0,751870,220,200,420,751879.6992481203,0.0,0.0,True,0,
2026-09-29T03:39:31.233669+00:00,32.1150071999873,0,751870,250,210,460,751879.6992481203,0.0,0.0,True,0,
2026-09-29T03:39:31.451045+00:00,32.3323587999912,0,751880,230,120,350,751879.6992481203,0.0,0.0,True,0,
2026-09-29T03:39:31.672710+00:00,32.55404069996439,0,751880,170,250,420,751879.6992481203,0.0,0.0,True,0,
2026-09-29T03:39:31.892384+00:00,32.77368929999648,0,751880,180,190,370,751879.6992481203,0.0,0.0,True,0,
2026-09-29T03:39:32.113337+00:00,32.99463899998227,0,751870,340,190,530,751879.6992481203,0.0,0.0,True,0,
2026-09-29T03:39:32.332927+00:00,33.21426209999481,0,751870,240,90,330,751879.6992481203,0.0,0.0,True,0,
2026-09-29T03:39:32.552066+00:00,33.43336450000061,0,751880,200,200,400,751879.6992481203,0.0,0.0,True,0,
2026-09-29T03:39:32.783075+00:00,33.66437109996332,0,751880,250,170,420,751879.6992481203,0.0,0.0,True,0,
2026-09-29T03:39:33.000297+00:00,33.881618199986406,0,751870,260,130,390,751879.6992481203,0.0,0.0,True,0,
2026-09-29T03:39:33.218698+00:00,34.10003269999288,0,751870,210,150,360,751879.6992481203,0.0,0.0,True,0,
2026-09-29T03:39:33.437522+00:00,34.31884299998637,0,751880,140,160,300,751879.6992481203,0.0,0.0,True,0,
2026-09-29T03:39:33.658420+00:00,34.53971789998468,0,751880,170,180,350,751879.6992481203,0.0,0.0,True,0,
2026-09-29T03:39:33.879235+00:00,34.76055359997554,0,751880,210,200,410,751879.6992481203,0.0,0.0,True,0,
2026-09-29T03:39:34.097232+00:00,34.97860709996894,0,751870,120,210,330,751879.6992481203,0.0,0.0,True,0,
2026-09-29T03:39:34.329333+00:00,35.210678400006145,0,751870,250,200,450,751879.6992481203,0.0,0.0,True,0,
2026-09-29T03:39:34.548783+00:00,35.430097999982536,0,751880,160,170,330,751879.6992481203,0.0,0.0,True,0,
2026-09-29T03:39:34.769218+00:00,35.65053099999204,0,751870,240,120,360,751879.6992481203,0.0,0.0,True,0,
2026-09-29T03:39:34.987402+00:00,35.86868559999857,0,751870,240,150,390,751879.6992481203,0.0,0.0,True,0,
2026-09-29T03:39:35.206447+00:00,36.087768999976106,0,751870,190,120,310,751879.6992481203,0.0,0.0,True,0,
2026-09-29T03:39:35.438646+00:00,36.319928299984895,0,751880,180,160,340,751879.6992481203,0.0,0.0,True,0,
2026-09-29T03:39:35.657290+00:00,36.53859949996695,0,751880,140,180,320,751879.6992481203,0.0,0.0,True,0,
2026-09-29T03:39:35.878415+00:00,36.759712899976876,0,751880,270,170,440,751879.6992481203,0.0,0.0,True,0,
2026-09-29T03:39:36.095487+00:00,36.97676180000417,0,751870,200,190,390,751879.6992481203,0.0,0.0,True,0,
2026-09-29T03:39:36.313236+00:00,37.19453899998916,0,751870,260,180,440,751879.6992481203,0.0,0.0,True,0,
2026-09-29T03:39:36.530126+00:00,37.41141040000366,0,751880,130,140,270,751879.6992481203,0.0,0.0,True,0,
2026-09-29T03:39:36.751148+00:00,37.63243870000588,0,751870,190,230,420,751879.6992481203,0.0,0.0,True,0,
2026-09-29T03:39:36.971772+00:00,37.85307379998267,0,751870,210,250,460,751879.6992481203,0.0,0.0,True,0,
2026-09-29T03:39:37.189693+00:00,38.07097190001514,0,751870,220,170,390,751879.6992481203,0.0,0.0,True,0,
2026-09-29T03:39:37.410886+00:00,38.292181299999356,0,751880,150,180,330,751879.6992481203,0.0,0.0,True,0,
2026-09-29T03:39:37.631258+00:00,38.51254909997806,0,751880,200,140,340,751879.6992481203,0.0,0.0,True,0,
2026-09-29T03:39:37.850896+00:00,38.732156199985184,0,751870,230,180,410,751879.6992481203,0.0,0.0,True,0,
2026-09-29T03:39:38.072125+00:00,38.953386800014414,0,751870,170,190,360,751879.6992481203,0.0,0.0,True,0,
2026-09-29T03:39:38.293675+00:00,39.17493839998497,0,751870,230,180,410,751879.6992481203,0.0,0.0,True,0,
2026-09-29T03:39:38.513752+00:00,39.3950385999633,0,751880,260,140,400,751879.6992481203,0.0,0.0,True,0,
2026-09-29T03:39:38.732340+00:00,39.61362590000499,0,751870,210,100,310,751879.6992481203,0.0,0.0,True,0,
2026-09-29T03:39:38.951216+00:00,39.83247799996752,0,751870,210,150,360,751879.6992481203,0.0,0.0,True,0,
2026-09-29T03:39:39.172141+00:00,40.05343759997049,0,751880,210,210,420,751879.6992481203,0.0,0.0,True,0,
2026-09-29T03:39:39.392261+00:00,40.27355019998504,0,751880,190,180,370,751879.6992481203,0.0,0.0,True,0,
2026-09-29T03:39:39.609858+00:00,40.49110929999733,0,751880,140,220,360,751879.6992481203,0.0,0.0,True,0,
2026-09-29T03:39:39.827921+00:00,40.709190999972634,0,751870,250,170,420,751879.6992481203,0.0,0.0,True,0,
2026-09-29T03:39:40.048574+00:00,40.92985590000171,0,751870,190,110,300,751879.6992481203,0.0,0.0,True,0,
2026-09-29T03:39:40.268105+00:00,41.14935159997549,0,751880,250,170,420,751879.6992481203,0.0,0.0,True,0,
2026-09-29T03:39:40.487595+00:00,41.36884889996145,0,751880,220,210,430,751879.6992481203,0.0,0.0,True,0,
2026-09-29T03:39:40.707763+00:00,41.58901200001128,0,751870,220,250,470,751879.6992481203,0.0,0.0,True,0,
2026-09-29T03:39:40.925844+00:00,41.807122299971525,0,751870,250,180,430,751879.6992481203,0.0,0.0,True,0,
2026-09-29T03:39:41.143188+00:00,42.02444349997677,0,751880,180,200,380,751879.6992481203,0.0,0.0,True,0,
2026-09-29T03:39:41.363332+00:00,42.244574899959844,0,751870,260,200,460,751879.6992481203,0.0,0.0,True,0,
2026-09-29T03:39:41.582199+00:00,42.46343569998862,0,751880,250,200,450,751879.6992481203,0.0,0.0,True,0,
2026-09-29T03:39:41.801306+00:00,42.68257140001515,0,751870,210,180,390,751879.6992481203,0.0,0.0,True,0,
2026-09-29T03:39:42.021669+00:00,42.90291479998268,0,751870,260,210,470,751879.6992481203,0.0,0.0,True,0,
2026-09-29T03:39:42.241373+00:00,43.12264249997679,0,751880,220,130,350,751879.6992481203,0.0,0.0,True,0,
2026-09-29T03:39:42.461470+00:00,43.34270179999294,0,751870,130,140,270,751879.6992481203,0.0,0.0,True,0,
2026-09-29T03:39:42.682138+00:00,43.56338599999435,0,751870,150,210,360,751879.6992481203,0.0,0.0,True,0,
2026-09-29T03:39:42.903420+00:00,43.784665999992285,0,751870,180,160,340,751879.6992481203,0.0,0.0,True,0,
2026-09-29T03:39:43.123358+00:00,44.00460909999674,0,751880,240,160,400,751879.6992481203,0.0,0.0,True,0,
2026-09-29T03:39:43.344063+00:00,44.22529470000882,0,751870,140,140,280,751879.6992481203,0.0,0.0,True,0,
2026-09-29T03:39:43.565670+00:00,44.446899299975485,0,751870,130,120,250,751879.6992481203,0.0,0.0,True,0,
2026-09-29T03:39:43.788366+00:00,44.66961420001462,0,751870,170,190,360,751879.6992481203,0.0,0.0,True,0,
2026-09-29T03:39:44.005351+00:00,44.88659639999969,0,751870,120,100,220,751879.6992481203,0.0,0.0,True,0,
2026-09-29T03:39:44.223456+00:00,45.104716199974064,0,751880,170,130,300,751879.6992481203,0.0,0.0,True,0,
2026-09-29T03:39:44.442854+00:00,45.324087999993935,0,751870,300,250,550,751879.6992481203,0.0,0.0,True,0,
2026-09-29T03:39:44.664164+00:00,45.54539019998629,0,751870,90,110,200,751879.6992481203,0.0,0.0,True,0,
2026-09-29T03:39:44.884482+00:00,45.76569789997302,0,751870,230,160,390,751879.6992481203,0.0,0.0,True,0,
2026-09-29T03:39:45.104808+00:00,45.986028100014664,0,751880,230,130,360,751879.6992481203,0.0,0.0,True,0,
2026-09-29T03:39:45.324227+00:00,46.20551790000172,0,751870,190,120,310,751879.6992481203,0.0,0.0,True,0,
2026-09-29T03:39:45.543629+00:00,46.42486749996897,0,751870,190,160,350,751879.6992481203,0.0,0.0,True,0,
2026-09-29T03:39:45.761485+00:00,46.64271029998781,0,751870,220,140,360,751879.6992481203,0.0,0.0,True,0,
2026-09-29T03:39:45.980881+00:00,46.8620985999587,0,751870,250,180,430,751879.6992481203,0.0,0.0,True,0,
2026-09-29T03:39:46.199103+00:00,47.08031089999713,0,751880,250,180,430,751879.6992481203,0.0,0.0,True,0,
2026-09-29T03:39:46.417552+00:00,47.298765199957415,0,751870,160,180,340,751879.6992481203,0.0,0.0,True,0,
2026-09-29T03:39:46.649611+00:00,47.53082629997516,0,751870,230,200,430,751879.6992481203,0.0,0.0,True,0,
2026-09-29T03:39:46.868322+00:00,47.74953109998023,0,751880,200,130,330,751879.6992481203,0.0,0.0,True,0,
2026-09-29T03:39:47.087781+00:00,47.968993599992245,0,751880,240,210,450,751879.6992481203,0.0,0.0,True,0,
2026-09-29T03:39:47.334098+00:00,48.21529849997023,0,751870,140,240,380,751879.6992481203,0.0,0.0,True,0,
2026-09-29T03:39:47.551529+00:00,48.432739799958654,0,751870,130,230,360,751879.6992481203,0.0,0.0,True,0,
2026-09-29T03:39:47.784246+00:00,48.665456799964886,0,751870,140,150,290,751879.6992481203,0.0,0.0,True,0,
2026-09-29T03:39:48.002409+00:00,48.8836292999913,0,751870,200,180,380,751879.6992481203,0.0,0.0,True,0,
2026-09-29T03:39:48.219594+00:00,49.100804699992295,0,751880,150,130,280,751879.6992481203,0.0,0.0,True,0,
2026-09-29T03:39:48.438802+00:00,49.319996599981096,0,751870,300,180,480,751879.6992481203,0.0,0.0,True,0,
2026-09-29T03:39:48.655833+00:00,49.53703189996304,0,751870,240,190,430,751879.6992481203,0.0,0.0,True,0,
2026-09-29T03:39:48.874775+00:00,49.75597910000943,0,751870,170,140,310,751879.6992481203,0.0,0.0,True,0,
2026-09-29T03:39:49.092060+00:00,49.97326649999013,0,751880,180,180,360,751879.6992481203,0.0,0.0,True,0,
2026-09-29T03:39:49.323261+00:00,50.20447190001141,0,751870,270,170,440,751879.6992481203,0.0,0.0,True,0,
2026-09-29T03:39:49.541049+00:00,50.422254299977794,0,751870,200,170,370,751879.6992481203,0.0,0.0,True,0,
2026-09-29T03:39:49.759616+00:00,50.640821299981326,0,751870,150,90,240,751879.6992481203,0.0,0.0,True,0,
2026-09-29T03:39:49.977513+00:00,50.85874709999189,0,751870,160,120,280,751879.6992481203,0.0,0.0,True,0,
2026-09-29T03:39:50.209975+00:00,51.091179999988526,0,751880,180,150,330,751879.6992481203,0.0,0.0,True,0,
2026-09-29T03:39:50.427900+00:00,51.309093999967445,0,751870,110,160,270,751879.6992481203,0.0,0.0,True,0,
2026-09-29T03:39:50.647508+00:00,51.52870369999437,0,751870,210,200,410,751879.6992481203,0.0,0.0,True,0,
2026-09-29T03:39:50.865012+00:00,51.74619299999904,0,751880,210,160,370,751879.6992481203,0.0,0.0,True,0,
2026-09-29T03:39:51.083671+00:00,51.96485669998219,0,751880,150,140,290,751879.6992481203,0.0,0.0,True,0,
2026-09-29T03:39:51.302900+00:00,52.184091400005855,0,751870,180,170,350,751879.6992481203,0.0,0.0,True,0,
2026-09-29T03:39:51.521265+00:00,52.40245240001241,0,751870,140,140,280,751879.6992481203,0.0,0.0,True,0,
2026-09-29T03:39:51.740207+00:00,52.62139380001463,0,751870,150,140,290,751879.6992481203,0.0,0.0,True,0,
2026-09-29T03:39:51.958342+00:00,52.839542699977756,0,751880,180,160,340,751879.6992481203,0.0,0.0,True,0,
2026-09-29T03:39:52.176417+00:00,53.05762539996067,0,751880,150,190,340,751879.6992481203,0.0,0.0,True,0,
2026-09-29T03:39:52.396662+00:00,53.27787089999765,0,751870,170,80,250,751879.6992481203,0.0,0.0,True,0,
2026-09-29T03:39:52.629111+00:00,53.51028779998887,0,751870,100,170,270,751879.6992481203,0.0,0.0,True,0,
2026-09-29T03:39:52.848078+00:00,53.72926569997799,0,751880,160,230,390,751879.6992481203,0.0,0.0,True,0,
2026-09-29T03:39:53.064962+00:00,53.94616029999452,0,751870,170,140,310,751879.6992481203,0.0,0.0,True,0,
2026-09-29T03:39:53.283298+00:00,54.164477699960116,0,751870,230,140,370,751879.6992481203,0.0,0.0,True,0,
2026-09-29T03:39:53.501159+00:00,54.38233270001365,0,751870,240,120,360,751879.6992481203,0.0,0.0,True,0,
2026-09-29T03:39:53.719496+00:00,54.6006703999592,0,751870,140,160,300,751879.6992481203,0.0,0.0,True,0,
2026-09-29T03:39:53.938297+00:00,54.819460699975025,0,751880,210,150,360,751879.6992481203,0.0,0.0,True,0,
2026-09-29T03:39:54.156968+00:00,55.03815149998991,0,751870,260,130,390,751879.6992481203,0.0,0.0,True,0,
2026-09-29T03:39:54.374482+00:00,55.25567709997995,0,751870,200,190,390,751879.6992481203,0.0,0.0,True,0,
2026-09-29T03:39:54.592401+00:00,55.473577499971725,0,751870,140,240,380,751879.6992481203,0.0,0.0,True,0,
2026-09-29T03:39:54.826067+00:00,55.70725289999973,0,751880,180,180,360,751879.6992481203,0.0,0.0,True,0,
2026-09-29T03:39:55.057061+00:00,55.938234800007194,0,751870,310,110,420,751879.6992481203,0.0,0.0,True,0,
2026-09-29T03:39:55.291038+00:00,56.17221419996349,0,751870,240,250,490,751879.6992481203,0.0,0.0,True,0,
2026-09-29T03:39:55.510480+00:00,56.391658999957144,0,751870,210,130,340,751879.6992481203,0.0,0.0,True,0,
2026-09-29T03:39:55.727404+00:00,56.608574000012595,0,751870,210,190,400,751879.6992481203,0.0,0.0,True,0,
2026-09-29T03:39:55.946254+00:00,56.82744319998892,0,751880,100,180,280,751879.6992481203,0.0,0.0,True,0,
2026-09-29T03:39:56.165086+00:00,57.04627719998825,0,751870,270,140,410,751879.6992481203,0.0,0.0,True,0,
2026-09-29T03:39:56.384241+00:00,57.265390699962154,0,751870,130,150,280,751879.6992481203,0.0,0.0,True,0,
2026-09-29T03:39:56.602102+00:00,57.48327430000063,0,751870,150,140,290,751879.6992481203,0.0,0.0,True,0,
2026-09-29T03:39:56.819450+00:00,57.70059219998075,0,751880,290,120,410,751879.6992481203,0.0,0.0,True,0,
2026-09-29T03:39:57.038135+00:00,57.91930660000071,0,751870,200,110,310,751879.6992481203,0.0,0.0,True,0,
2026-09-29T03:39:57.256034+00:00,58.137183199985884,0,751870,140,150,290,751879.6992481203,0.0,0.0,True,0,
2026-09-29T03:39:57.474185+00:00,58.35535729996627,0,751870,180,200,380,751879.6992481203,0.0,0.0,True,0,
2026-09-29T03:39:57.693086+00:00,58.574265700008254,0,751870,190,150,340,751879.6992481203,0.0,0.0,True,0,
2026-09-29T03:39:57.925331+00:00,58.806483799999114,0,751880,190,210,400,751879.6992481203,0.0,0.0,True,0,
2026-09-29T03:39:58.144033+00:00,59.02517789998092,0,751870,160,160,320,751879.6992481203,0.0,0.0,True,0,
2026-09-29T03:39:58.362093+00:00,59.24326519999886,0,751870,210,90,300,751879.6992481203,0.0,0.0,True,0,
2026-09-29T03:39:58.580382+00:00,59.461531099979766,0,751870,240,200,440,751879.6992481203,0.0,0.0,True,0,
2026-09-29T03:39:58.812063+00:00,59.693226300005335,0,751880,180,200,380,751879.6992481203,0.0,0.0,True,0,
2026-09-29T03:39:59.044177+00:00,59.92530999996234,0,751870,120,210,330,751879.6992481203,0.0,0.0,True,0,
2026-09-29T03:39:59.265156+00:00,60.14628609997453,0,751870,140,210,350,751879.6992481203,0.0,0.0,True,0,
2026-09-29T03:39:59.482914+00:00,60.36407379998127,0,751870,220,170,390,751879.6992481203,0.0,0.0,True,0,
2026-09-29T03:39:59.700978+00:00,60.58213749999413,0,751870,190,170,360,751879.6992481203,0.0,0.0,True,0,
2026-09-29T03:39:59.918654+00:00,60.79980219999561,0,751880,200,190,390,751879.6992481203,0.0,0.0,True,0,
2026-09-29T03:40:00.136312+00:00,61.0174396999646,0,751870,180,150,330,751879.6992481203,0.0,0.0,True,0,
2026-09-29T03:40:00.354757+00:00,61.235930699971505,0,751870,230,220,450,751879.6992481203,0.0,0.0,True,0,
2026-09-29T03:40:00.586609+00:00,61.46773959998973,0,751870,150,130,280,751879.6992481203,0.0,0.0,True,0,
2026-09-29T03:40:00.805268+00:00,61.686413799994625,0,751880,220,130,350,751879.6992481203,0.0,0.0,True,0,
2026-09-29T03:40:01.024305+00:00,61.905440900009125,0,751870,260,160,420,751879.6992481203,0.0,0.0,True,0,
2026-09-29T03:40:01.241760+00:00,62.12289449997479,0,751870,170,230,400,751879.6992481203,0.0,0.0,True,0,
2026-09-29T03:40:01.459443+00:00,62.34057080000639,0,751870,170,160,330,751879.6992481203,0.0,0.0,True,0,
2026-09-29T03:40:01.676728+00:00,62.557862199959345,0,751870,160,140,300,751879.6992481203,0.0,0.0,True,0,
2026-09-29T03:40:01.897132+00:00,62.77839789999416,0,751880,160,190,350,751879.6992481203,0.0,0.0,True,0,
2026-09-29T03:40:02.114239+00:00,62.995361000008415,0,751870,160,190,350,751879.6992481203,0.0,0.0,True,0,
2026-09-29T03:40:02.347481+00:00,63.22862489998806,0,751870,290,120,410,751879.6992481203,0.0,0.0,True,0,
2026-09-29T03:40:02.565322+00:00,63.44673139997758,0,751880,280,150,430,751879.6992481203,0.0,0.0,True,0,
2026-09-29T03:40:02.785479+00:00,63.6665856000036,0,751880,190,150,340,751879.6992481203,0.0,0.0,True,0,
2026-09-29T03:40:03.017686+00:00,63.89881919999607,0,751870,160,110,270,751879.6992481203,0.0,0.0,True,0,
2026-09-29T03:40:03.237333+00:00,64.11844150000252,0,751870,240,130,370,751879.6992481203,0.0,0.0,True,0,
2026-09-29T03:40:03.456820+00:00,64.33792749996064,0,751870,160,190,350,751879.6992481203,0.0,0.0,True,0,
2026-09-29T03:40:03.675585+00:00,64.55671420000726,0,751870,180,170,350,751879.6992481203,0.0,0.0,True,0,
2026-09-29T03:40:03.892669+00:00,64.77383769996231,0,751880,270,230,500,751879.6992481203,0.0,0.0,True,0,
2026-09-29T03:40:04.109822+00:00,64.9909181999974,0,751870,120,180,300,751879.6992481203,0.0,0.0,True,0,
2026-09-29T03:40:04.329228+00:00,65.21033329999773,0,751870,100,140,240,751879.6992481203,0.0,0.0,True,0,
2026-09-29T03:40:04.548023+00:00,65.42912409995915,0,751880,100,120,220,751879.6992481203,0.0,0.0,True,0,
2026-09-29T03:40:04.768960+00:00,65.65007299999706,0,751870,170,100,270,751879.6992481203,0.0,0.0,True,0,
2026-09-29T03:40:04.984929+00:00,65.86602799996035,0,751870,180,170,350,751879.6992481203,0.0,0.0,True,0,
2026-09-29T03:40:05.202804+00:00,66.08390139997937,0,751870,220,200,420,751879.6992481203,0.0,0.0,True,0,
2026-09-29T03:40:05.434203+00:00,66.31530700001167,0,751870,120,200,320,751879.6992481203,0.0,0.0,True,0,
2026-09-29T03:40:05.654335+00:00,66.53544820001116,0,751880,160,170,330,751879.6992481203,0.0,0.0,True,0,
2026-09-29T03:40:05.872688+00:00,66.7537791999639,0,751870,170,230,400,751879.6992481203,0.0,0.0,True,0,
2026-09-29T03:40:06.104248+00:00,66.98537790001137,0,751870,130,180,310,751879.6992481203,0.0,0.0,True,0,
2026-09-29T03:40:06.335530+00:00,67.21662630001083,0,751870,210,220,430,751879.6992481203,0.0,0.0,True,0,
2026-09-29T03:40:06.567308+00:00,67.44840069999918,0,751880,170,90,260,751879.6992481203,0.0,0.0,True,0,
2026-09-29T03:40:06.799345+00:00,67.68044719996396,0,751880,240,170,410,751879.6992481203,0.0,0.0,True,0,
2026-09-29T03:40:07.017232+00:00,67.89831879996927,0,751870,180,150,330,751879.6992481203,0.0,0.0,True,0,
2026-09-29T03:40:07.234385+00:00,68.11547520000022,0,751870,200,180,380,751879.6992481203,0.0,0.0,True,0,
2026-09-29T03:40:07.454046+00:00,68.3351343999966,0,751870,180,230,410,751879.6992481203,0.0,0.0,True,0,
2026-09-29T03:40:07.672828+00:00,68.5539125999785,0,751880,220,260,480,751879.6992481203,0.0,0.0,True,0,
2026-09-29T03:40:07.890739+00:00,68.77182480000192,0,751880,150,160,310,751879.6992481203,0.0,0.0,True,0,
2026-09-29T03:40:08.121479+00:00,69.00257369998144,0,751870,110,220,330,751879.6992481203,0.0,0.0,True,0,
2026-09-29T03:40:08.341641+00:00,69.22275319998153,0,751870,270,210,480,751879.6992481203,0.0,0.0,True,0,
2026-09-29T03:40:08.560023+00:00,69.4410980999819,0,751880,210,80,290,751879.6992481203,0.0,0.0,True,0,
2026-09-29T03:40:08.778803+00:00,69.65987370000221,0,751880,190,110,300,751879.6992481203,0.0,0.0,True,0,
2026-09-29T03:40:09.010738+00:00,69.8918510999647,0,751870,160,120,280,751879.6992481203,0.0,0.0,True,0,
2026-09-29T03:40:09.256838+00:00,70.13791990000755,0,751870,250,200,450,751879.6992481203,0.0,0.0,True,0,
2026-09-29T03:40:09.475839+00:00,70.3569271999877,0,751870,160,190,350,751879.6992481203,0.0,0.0,True,0,
2026-09-29T03:40:09.694854+00:00,70.57592249999288,0,751870,280,200,480,751879.6992481203,0.0,0.0,True,0,
2026-09-29T03:40:09.914055+00:00,70.79512149997754,0,751880,230,160,390,751879.6992481203,0.0,0.0,True,0,
2026-09-29T03:40:10.131946+00:00,71.01304300001357,0,751870,130,180,310,751879.6992481203,0.0,0.0,True,0,
2026-09-29T03:40:10.351758+00:00,71.2328365999856,0,751870,200,210,410,751879.6992481203,0.0,0.0,True,0,
2026-09-29T03:40:10.584222+00:00,71.46528999996372,0,751870,190,150,340,751879.6992481203,0.0,0.0,True,0,
2026-09-29T03:40:10.802726+00:00,71.68380519998027,0,751880,210,220,430,751879.6992481203,0.0,0.0,True,0,
2026-09-29T03:40:11.022543+00:00,71.90365220000967,0,751870,290,210,500,751879.6992481203,0.0,0.0,True,0,
2026-09-29T03:40:11.241536+00:00,72.12259499996435,0,751870,220,120,340,751879.6992481203,0.0,0.0,True,0,
2026-09-29T03:40:11.460713+00:00,72.34178109996719,0,751870,250,180,430,751879.6992481203,0.0,0.0,True,0,
2026-09-29T03:40:11.677984+00:00,72.55904459999874,0,751870,190,120,310,751879.6992481203,0.0,0.0,True,0,
2026-09-29T03:40:11.895889+00:00,72.77696709998418,0,751880,170,230,400,751879.6992481203,0.0,0.0,True,0,
2026-09-29T03:40:12.114194+00:00,72.99524869996822,0,751870,180,140,320,751879.6992481203,0.0,0.0,True,0,
2026-09-29T03:40:12.345356+00:00,73.22640300000785,0,751870,250,150,400,751879.6992481203,0.0,0.0,True,0,
2026-09-29T03:40:12.563813+00:00,73.44486220000545,0,751880,180,170,350,751879.6992481203,0.0,0.0,True,0,
2026-09-29T03:40:12.782059+00:00,73.6631153000053,0,751880,230,150,380,751879.6992481203,0.0,0.0,True,0,
2026-09-29T03:40:13.000277+00:00,73.88134389999323,0,751870,70,170,240,751879.6992481203,0.0,0.0,True,0,
2026-09-29T03:40:13.220288+00:00,74.10134479997214,0,751870,250,140,390,751879.6992481203,0.0,0.0,True,0,
2026-09-29T03:40:13.451271+00:00,74.33231329999398,0,751880,180,150,330,751879.6992481203,0.0,0.0,True,0,
2026-09-29T03:40:13.670183+00:00,74.5512290999759,0,751880,150,150,300,751879.6992481203,0.0,0.0,True,0,
2026-09-29T03:40:13.886632+00:00,74.76769439998316,0,751880,280,180,460,751879.6992481203,0.0,0.0,True,0,
2026-09-29T03:40:14.105328+00:00,74.98636799998349,0,751870,140,150,290,751879.6992481203,0.0,0.0,True,0,
2026-09-29T03:40:14.351699+00:00,75.23277740000049,0,751870,100,180,280,751879.6992481203,0.0,0.0,True,0,
2026-09-29T03:40:14.573143+00:00,75.45419389999006,0,751880,190,180,370,751879.6992481203,0.0,0.0,True,0,
2026-09-29T03:40:14.792955+00:00,75.6740007000044,0,751880,230,250,480,751879.6992481203,0.0,0.0,True,0,
2026-09-29T03:40:15.011666+00:00,75.8927004999714,0,751870,220,110,330,751879.6992481203,0.0,0.0,True,0,
2026-09-29T03:40:15.230175+00:00,76.11120759998448,0,751870,180,190,370,751879.6992481203,0.0,0.0,True,0,
2026-09-29T03:40:15.461821+00:00,76.34287759999279,0,751880,210,100,310,751879.6992481203,0.0,0.0,True,0,
2026-09-29T03:40:15.680480+00:00,76.56153110001469,0,751870,180,150,330,751879.6992481203,0.0,0.0,True,0,
2026-09-29T03:40:15.902025+00:00,76.78307890001452,0,751880,200,190,390,751879.6992481203,0.0,0.0,True,0,
2026-09-29T03:40:16.132045+00:00,77.01308639999479,0,751870,220,180,400,751879.6992481203,0.0,0.0,True,0,
2026-09-29T03:40:16.351833+00:00,77.23289859999204,0,751870,230,180,410,751879.6992481203,0.0,0.0,True,0,
2026-09-29T03:40:16.570331+00:00,77.45137969998177,0,751880,230,150,380,751879.6992481203,0.0,0.0,True,0,
2026-09-29T03:40:16.788620+00:00,77.66965389996767,0,751880,180,160,340,751879.6992481203,0.0,0.0,True,0,
2026-09-29T03:40:17.008070+00:00,77.88912070001243,0,751870,200,150,350,751879.6992481203,0.0,0.0,True,0,
2026-09-29T03:40:17.228407+00:00,78.1094671000028,0,751870,140,190,330,751879.6992481203,0.0,0.0,True,0,
2026-09-29T03:40:17.446328+00:00,78.32742240000516,0,751880,170,190,360,751879.6992481203,0.0,0.0,True,0,
2026-09-29T03:40:17.663978+00:00,78.54500370001188,0,751880,160,200,360,751879.6992481203,0.0,0.0,True,0,
2026-09-29T03:40:17.881822+00:00,78.76286239997717,0,751880,140,100,240,751879.6992481203,0.0,0.0,True,0,
2026-09-29T03:40:18.099810+00:00,78.98087099997792,0,751870,180,190,370,751879.6992481203,0.0,0.0,True,0,
2026-09-29T03:40:18.317628+00:00,79.198657299974,0,751870,180,180,360,751879.6992481203,0.0,0.0,True,0,
2026-09-29T03:40:18.536097+00:00,79.41715629998362,0,751880,230,150,380,751879.6992481203,0.0,0.0,True,0,
2026-09-29T03:40:18.754279+00:00,79.63531449995935,0,751870,240,150,390,751879.6992481203,0.0,0.0,True,0,
2026-09-29T03:40:18.975689+00:00,79.85674789996119,0,751870,130,210,340,751879.6992481203,0.0,0.0,True,0,
2026-09-29T03:40:19.196184+00:00,80.07724640000379,0,751870,160,160,320,751879.6992481203,0.0,0.0,True,0,
2026-09-29T03:40:19.428211+00:00,80.30925329995807,0,751880,230,130,360,751879.6992481203,0.0,0.0,True,0,
2026-09-29T03:40:19.645664+00:00,80.52669159998186,0,751880,280,190,470,751879.6992481203,0.0,0.0,True,0,
2026-09-29T03:40:19.866373+00:00,80.74739929998759,0,751870,170,160,330,751879.6992481203,0.0,0.0,True,0,
2026-09-29T03:40:20.084454+00:00,80.96545670001069,0,751870,200,130,330,751879.6992481203,0.0,0.0,True,0,
2026-09-29T03:40:20.302844+00:00,81.18384670000523,0,751870,210,130,340,751879.6992481203,0.0,0.0,True,0,
2026-09-29T03:40:20.521363+00:00,81.40236379997805,0,751880,190,120,310,751879.6992481203,0.0,0.0,True,0,
2026-09-29T03:40:20.740460+00:00,81.62147389998427,0,751870,280,160,440,751879.6992481203,0.0,0.0,True,0,
2026-09-29T03:40:20.970900+00:00,81.85193229996366,0,751870,170,150,320,751879.6992481203,0.0,0.0,True,0,
2026-09-29T03:40:21.189672+00:00,82.07068720000098,0,751870,210,170,380,751879.6992481203,0.0,0.0,True,0,
2026-09-29T03:40:21.409908+00:00,82.29091119999066,0,751870,210,160,370,751879.6992481203,0.0,0.0,True,0,
2026-09-29T03:40:21.628129+00:00,82.50914659997215,0,751880,90,110,200,751879.6992481203,0.0,0.0,True,0,
2026-09-29T03:40:21.845884+00:00,82.7269171999651,0,751870,80,60,140,751879.6992481203,0.0,0.0,True,0,
2026-09-29T03:40:22.064563+00:00,82.94557909999276,0,751870,70,100,170,751879.6992481203,0.0,0.0,True,0,
2026-09-29T03:40:22.281173+00:00,83.16219719999935,0,751870,50,90,140,751879.6992481203,0.0,0.0,True,0,
2026-09-29T03:40:22.501451+00:00,83.38245360000292,0,751880,60,190,250,751879.6992481203,0.0,0.0,True,0,
2026-09-29T03:40:22.732861+00:00,83.6138770999969,0,751870,50,100,150,751879.6992481203,0.0,0.0,True,0,
2026-09-29T03:40:22.965192+00:00,83.84618599998066,0,751870,60,160,220,751879.6992481203,0.0,0.0,True,0,
2026-09-29T03:40:23.197612+00:00,84.07872930000303,0,751870,50,70,120,751879.6992481203,0.0,0.0,True,0,
2026-09-29T03:40:23.415626+00:00,84.29662689997349,0,751870,20,80,100,751879.6992481203,0.0,0.0,True,0,
2026-09-29T03:40:23.634418+00:00,84.51542959996732,0,751880,80,80,160,751879.6992481203,0.0,0.0,True,0,
2026-09-29T03:40:23.854094+00:00,84.73507669998799,0,751870,60,30,90,751879.6992481203,0.0,0.0,True,0,
2026-09-29T03:40:24.072615+00:00,84.95359479996841,0,751870,50,110,160,751879.6992481203,0.0,0.0,True,0,
2026-09-29T03:40:24.304341+00:00,85.18534470000304,0,751870,30,90,120,751879.6992481203,0.0,0.0,True,0,
2026-09-29T03:40:24.522353+00:00,85.40335479995701,0,751880,50,60,110,751879.6992481203,0.0,0.0,True,0,
2026-09-29T03:40:24.740728+00:00,85.62173010001425,0,751870,80,90,170,751879.6992481203,0.0,0.0,True,0,
2026-09-29T03:40:24.960099+00:00,85.84111159999156,0,751870,60,110,170,751879.6992481203,0.0,0.0,True,0,
2026-09-29T03:40:25.180999+00:00,86.06197099998826,0,751870,50,60,110,751879.6992481203,0.0,0.0,True,0,
2026-09-29T03:40:25.398337+00:00,86.2793331000139,0,751870,10,130,140,751879.6992481203,0.0,0.0,True,0,
2026-09-29T03:40:25.618421+00:00,86.49939059995813,0,751880,60,90,150,751879.6992481203,0.0,0.0,True,0,
2026-09-29T03:40:25.836923+00:00,86.71789099997841,0,751870,110,70,180,751879.6992481203,0.0,0.0,True,0,
2026-09-29T03:40:26.055999+00:00,86.93700019997777,0,751870,60,110,170,751879.6992481203,0.0,0.0,True,0,
2026-09-29T03:40:26.275035+00:00,87.15603700000793,0,751870,50,160,210,751879.6992481203,0.0,0.0,True,0,
2026-09-29T03:40:26.507128+00:00,87.38811170001281,0,751880,80,80,160,751879.6992481203,0.0,0.0,True,0,
2026-09-29T03:40:26.726203+00:00,87.60718970000744,0,751870,40,130,170,751879.6992481203,0.0,0.0,True,0,
2026-09-29T03:40:26.945862+00:00,87.82682219997514,0,751870,90,130,220,751879.6992481203,0.0,0.0,True,0,
2026-09-29T03:40:27.163754+00:00,88.04475229996024,0,751880,20,50,70,751879.6992481203,0.0,0.0,True,0,
2026-09-29T03:40:27.380463+00:00,88.2614532999578,0,751870,100,110,210,751879.6992481203,0.0,0.0,True,0,
2026-09-29T03:40:27.599170+00:00,88.48013649997301,0,751880,180,150,330,751879.6992481203,0.0,0.0,True,0,
2026-09-29T03:40:27.816325+00:00,88.69729089998873,0,751870,150,190,340,751879.6992481203,0.0,0.0,True,0,
2026-09-29T03:40:28.035424+00:00,88.91638109995984,0,751870,260,170,430,751879.6992481203,0.0,0.0,True,0,
2026-09-29T03:40:28.253197+00:00,89.13420380000025,0,751880,210,120,330,751879.6992481203,0.0,0.0,True,0,
2026-09-29T03:40:28.473212+00:00,89.35419280000497,0,751870,230,90,320,751879.6992481203,0.0,0.0,True,0,
2026-09-29T03:40:28.691261+00:00,89.57222669996554,0,751870,180,190,370,751879.6992481203,0.0,0.0,True,0,
2026-09-29T03:40:28.910849+00:00,89.79181219998281,0,751870,270,130,400,751879.6992481203,0.0,0.0,True,0,
2026-09-29T03:40:29.129079+00:00,90.01005699997768,0,751880,170,200,370,751879.6992481203,0.0,0.0,True,0,
2026-09-29T03:40:29.346498+00:00,90.2274863999919,0,751880,180,100,280,751879.6992481203,0.0,0.0,True,0,
2026-09-29T03:40:29.566515+00:00,90.44748430000618,0,751870,240,90,330,751879.6992481203,0.0,0.0,True,0,
2026-09-29T03:40:29.785174+00:00,90.66612660000101,0,751870,260,180,440,751879.6992481203,0.0,0.0,True,0,
2026-09-29T03:40:30.003653+00:00,90.88459829997737,0,751870,140,200,340,751879.6992481203,0.0,0.0,True,0,
2026-09-29T03:40:30.220598+00:00,91.10156649997225,0,751880,160,130,290,751879.6992481203,0.0,0.0,True,0,
2026-09-29T03:40:30.438495+00:00,91.31943319999846,0,751870,240,130,370,751879.6992481203,0.0,0.0,True,0,
2026-09-29T03:40:30.659164+00:00,91.54012909997255,0,751870,180,110,290,751879.6992481203,0.0,0.0,True,0,
2026-09-29T03:40:30.878787+00:00,91.75974549999228,0,751870,160,180,340,751879.6992481203,0.0,0.0,True,0,
2026-09-29T03:40:31.111406+00:00,91.99234009999782,0,751880,190,210,400,751879.6992481203,0.0,0.0,True,0,
2026-09-29T03:40:31.344218+00:00,92.22517529997276,0,751870,260,140,400,751879.6992481203,0.0,0.0,True,0,
2026-09-29T03:40:31.562614+00:00,92.44354509998811,0,751870,250,130,380,751879.6992481203,0.0,0.0,True,0,
2026-09-29T03:40:31.783220+00:00,92.66415869997581,0,751870,160,130,290,751879.6992481203,0.0,0.0,True,0,
2026-09-29T03:40:32.002256+00:00,92.88321639999049,0,751870,280,170,450,751879.6992481203,0.0,0.0,True,0,
2026-09-29T03:40:32.219987+00:00,93.10092389996862,0,751880,150,130,280,751879.6992481203,0.0,0.0,True,0,
2026-09-29T03:40:32.437559+00:00,93.31848680000985,0,751870,130,120,250,751879.6992481203,0.0,0.0,True,0,
2026-09-29T03:40:32.657038+00:00,93.53798640001332,0,751870,80,130,210,751879.6992481203,0.0,0.0,True,0,
2026-09-29T03:40:32.874476+00:00,93.75543019996257,0,751870,260,130,390,751879.6992481203,0.0,0.0,True,0,
2026-09-29T03:40:33.105307+00:00,93.98624249995919,0,751880,100,120,220,751879.6992481203,0.0,0.0,True,0,
2026-09-29T03:40:33.322629+00:00,94.20354859996587,0,751870,100,210,310,751879.6992481203,0.0,0.0,True,0,
2026-09-29T03:40:33.541447+00:00,94.42239309998695,0,751870,150,110,260,751879.6992481203,0.0,0.0,True,0,
2026-09-29T03:40:33.759398+00:00,94.64033899997594,0,751870,120,150,270,751879.6992481203,0.0,0.0,True,0,
2026-09-29T03:40:33.981037+00:00,94.86198250000598,0,751870,90,240,330,751879.6992481203,0.0,0.0,True,0,
2026-09-29T03:40:34.212710+00:00,95.0936526999576,0,751880,100,130,230,751879.6992481203,0.0,0.0,True,0,
2026-09-29T03:40:34.431618+00:00,95.31258129997877,0,751870,120,90,210,751879.6992481203,0.0,0.0,True,0,
2026-09-29T03:40:34.650742+00:00,95.53166290000081,0,751870,150,120,270,751879.6992481203,0.0,0.0,True,0,
2026-09-29T03:40:34.873680+00:00,95.75462610000977,0,751870,80,120,200,751879.6992481203,0.0,0.0,True,0,
2026-09-29T03:40:35.091652+00:00,95.97259159997338,0,751880,230,160,390,751879.6992481203,0.0,0.0,True,0,
2026-09-29T03:40:35.311776+00:00,96.19268709997414,0,751870,170,220,390,751879.6992481203,0.0,0.0,True,0,
2026-09-29T03:40:35.543141+00:00,96.42406749998918,0,751870,200,240,440,751879.6992481203,0.0,0.0,True,0,
2026-09-29T03:40:35.762423+00:00,96.64335600001505,0,751880,210,160,370,751879.6992481203,0.0,0.0,True,0,
2026-09-29T03:40:35.981470+00:00,96.86238080001203,0,751870,190,180,370,751879.6992481203,0.0,0.0,True,0,
2026-09-29T03:40:36.199507+00:00,97.08041230001254,0,751880,100,160,260,751879.6992481203,0.0,0.0,True,0,
2026-09-29T03:40:36.418043+00:00,97.29894419998163,0,751870,260,190,450,751879.6992481203,0.0,0.0,True,0,
2026-09-29T03:40:36.639187+00:00,97.52010099997278,0,751870,260,270,530,751879.6992481203,0.0,0.0,True,0,
2026-09-29T03:40:36.871643+00:00,97.75257750001037,0,751880,120,150,270,751879.6992481203,0.0,0.0,True,0,
2026-09-29T03:40:37.089247+00:00,97.97017220000271,0,751880,190,180,370,751879.6992481203,0.0,0.0,True,0,
2026-09-29T03:40:37.319556+00:00,98.20046729996102,0,751870,340,160,500,751879.6992481203,0.0,0.0,True,0,
2026-09-29T03:40:37.537409+00:00,98.41831919999095,0,751870,200,230,430,751879.6992481203,0.0,0.0,True,0,
2026-09-29T03:40:37.754584+00:00,98.63547849998577,0,751880,180,240,420,751879.6992481203,0.0,0.0,True,0,
2026-09-29T03:40:37.974584+00:00,98.85551069997018,0,751870,260,250,510,751879.6992481203,0.0,0.0,True,0,
2026-09-29T03:40:38.196257+00:00,99.07718339998974,0,751880,160,190,350,751879.6992481203,0.0,0.0,True,0,
2026-09-29T03:40:38.415231+00:00,99.29612630000338,0,751870,240,160,400,751879.6992481203,0.0,0.0,True,0,
2026-09-29T03:40:38.634114+00:00,99.51500579999993,0,751870,290,190,480,751879.6992481203,0.0,0.0,True,0,
2026-09-29T03:40:38.853401+00:00,99.73428749997402,0,751880,150,150,300,751879.6992481203,0.0,0.0,True,0,
2026-09-29T03:40:39.071553+00:00,99.95244409999577,0,751870,160,200,360,751879.6992481203,0.0,0.0,True,0,
2026-09-29T03:40:39.288633+00:00,100.16954279999482,0,751870,230,230,460,751879.6992481203,0.0,0.0,True,0,
2026-09-29T03:40:39.506989+00:00,100.38788449997082,0,751870,210,150,360,751879.6992481203,0.0,0.0,True,0,
2026-09-29T03:40:39.726604+00:00,100.6074968999601,0,751870,230,220,450,751879.6992481203,0.0,0.0,True,0,
2026-09-29T03:40:39.945735+00:00,100.826648199989,0,751880,160,260,420,751879.6992481203,0.0,0.0,True,0,
2026-09-29T03:40:40.176572+00:00,101.05749249999644,0,751880,160,160,320,751879.6992481203,0.0,0.0,True,0,
2026-09-29T03:40:40.394619+00:00,101.27554539998528,0,751870,190,180,370,751879.6992481203,0.0,0.0,True,0,
2026-09-29T03:40:40.611884+00:00,101.492789299984,0,751870,240,170,410,751879.6992481203,0.0,0.0,True,0,
2026-09-29T03:40:40.829272+00:00,101.71014959999593,0,751880,210,150,360,751879.6992481203,0.0,0.0,True,0,
2026-09-29T03:40:41.048585+00:00,101.92948799999431,0,751870,250,110,360,751879.6992481203,0.0,0.0,True,0,
2026-09-29T03:40:41.280755+00:00,102.1616645999602,0,751870,150,170,320,751879.6992481203,0.0,0.0,True,0,
2026-09-29T03:40:41.498196+00:00,102.37908099999186,0,751870,260,250,510,751879.6992481203,0.0,0.0,True,0,
2026-09-29T03:40:41.716268+00:00,102.59713399998145,0,751880,280,180,460,751879.6992481203,0.0,0.0,True,0,
2026-09-29T03:40:41.934172+00:00,102.81503880000673,0,751880,260,220,480,751879.6992481203,0.0,0.0,True,0,
2026-09-29T03:40:42.166546+00:00,103.04743759997655,0,751870,200,170,370,751879.6992481203,0.0,0.0,True,0,
2026-09-29T03:40:42.384366+00:00,103.26523349998752,0,751870,230,160,390,751879.6992481203,0.0,0.0,True,0,
2026-09-29T03:40:42.602898+00:00,103.48379609995754,0,751870,190,180,370,751879.6992481203,0.0,0.0,True,0,
2026-09-29T03:40:42.820202+00:00,103.70107189996634,0,751880,230,150,380,751879.6992481203,0.0,0.0,True,0,
2026-09-29T03:40:43.037284+00:00,103.91816040000413,0,751870,220,140,360,751879.6992481203,0.0,0.0,True,0,
2026-09-29T03:40:43.255788+00:00,104.1367396999849,0,751870,140,200,340,751879.6992481203,0.0,0.0,True,0,
2026-09-29T03:40:43.472996+00:00,104.35386069997912,0,751880,260,180,440,751879.6992481203,0.0,0.0,True,0,
2026-09-29T03:40:43.691082+00:00,104.57194069999969,0,751870,200,170,370,751879.6992481203,0.0,0.0,True,0,
2026-09-29T03:40:43.910253+00:00,104.79111059999559,0,751880,290,170,460,751879.6992481203,0.0,0.0,True,0,
2026-09-29T03:40:44.128716+00:00,105.00961680000182,0,751870,180,170,350,751879.6992481203,0.0,0.0,True,0,
2026-09-29T03:40:44.348166+00:00,105.22909009997966,0,751870,200,230,430,751879.6992481203,0.0,0.0,True,0,
2026-09-29T03:40:44.580870+00:00,105.46172779996414,0,751870,200,240,440,751879.6992481203,0.0,0.0,True,0,
2026-09-29T03:40:44.801294+00:00,105.68215090001468,0,751880,350,170,520,751879.6992481203,0.0,0.0,True,0,
2026-09-29T03:40:45.020283+00:00,105.9011831000098,0,751870,240,180,420,751879.6992481203,0.0,0.0,True,0,
2026-09-29T03:40:45.239439+00:00,106.12029809999513,0,751870,320,180,500,751879.6992481203,0.0,0.0,True,0,
2026-09-29T03:40:45.470985+00:00,106.3518338999711,0,751880,210,140,350,751879.6992481203,0.0,0.0,True,0,
2026-09-29T03:40:45.689930+00:00,106.57080290000886,0,751870,160,150,310,751879.6992481203,0.0,0.0,True,0,
2026-09-29T03:40:45.908601+00:00,106.78948719997425,0,751880,210,130,340,751879.6992481203,0.0,0.0,True,0,
2026-09-29T03:40:46.126486+00:00,107.00735989998793,0,751870,230,250,480,751879.6992481203,0.0,0.0,True,0,
2026-09-29T03:40:46.343877+00:00,107.22474939998938,0,751870,150,160,310,751879.6992481203,0.0,0.0,True,0,
2026-09-29T03:40:46.563425+00:00,107.44429539999692,0,751880,220,230,450,751879.6992481203,0.0,0.0,True,0,
2026-09-29T03:40:46.782291+00:00,107.66314749995945,0,751880,240,130,370,751879.6992481203,0.0,0.0,True,0,
2026-09-29T03:40:47.001082+00:00,107.88191830000142,0,751870,180,130,310,751879.6992481203,0.0,0.0,True,0,
2026-09-29T03:40:47.217936+00:00,108.0987746999599,0,751870,200,130,330,751879.6992481203,0.0,0.0,True,0,
2026-09-29T03:40:47.439692+00:00,108.32053119997727,0,751880,230,250,480,751879.6992481203,0.0,0.0,True,0,
2026-09-29T03:40:47.658041+00:00,108.53889909997815,0,751870,210,180,390,751879.6992481203,0.0,0.0,True,0,
2026-09-29T03:40:47.875080+00:00,108.75591419998091,0,751880,220,260,480,751879.6992481203,0.0,0.0,True,0,
2026-09-29T03:40:48.094449+00:00,108.97528469999088,0,751870,240,220,460,751879.6992481203,0.0,0.0,True,0,
2026-09-29T03:40:48.312480+00:00,109.19334629998775,0,751870,180,100,280,751879.6992481203,0.0,0.0,True,0,
2026-09-29T03:40:48.532001+00:00,109.41285209998023,0,751880,210,210,420,751879.6992481203,0.0,0.0,True,0,
2026-09-29T03:40:48.764608+00:00,109.64546089997748,0,751870,180,100,280,751879.6992481203,0.0,0.0,True,0,
2026-09-29T03:40:48.982446+00:00,109.86326989997178,0,751870,290,160,450,751879.6992481203,0.0,0.0,True,0,
2026-09-29T03:40:49.200495+00:00,110.08134450000944,0,751870,200,140,340,751879.6992481203,0.0,0.0,True,0,
2026-09-29T03:40:49.430973+00:00,110.31182389997412,0,751880,160,160,320,751879.6992481203,0.0,0.0,True,0,
2026-09-29T03:40:49.649527+00:00,110.53034769999795,0,751870,220,160,380,751879.6992481203,0.0,0.0,True,0,
2026-09-29T03:40:49.867819+00:00,110.7486535999924,0,751870,240,110,350,751879.6992481203,0.0,0.0,True,0,
2026-09-29T03:40:50.086548+00:00,110.96740259998478,0,751870,230,160,390,751879.6992481203,0.0,0.0,True,0,
2026-09-29T03:40:50.304790+00:00,111.18565329996636,0,751870,250,210,460,751879.6992481203,0.0,0.0,True,0,
2026-09-29T03:40:50.523687+00:00,111.40453870000783,0,751880,180,170,350,751879.6992481203,0.0,0.0,True,0,
2026-09-29T03:40:50.743157+00:00,111.62398249999387,0,751870,170,120,290,751879.6992481203,0.0,0.0,True,0,
2026-09-29T03:40:50.962024+00:00,111.84283749997849,0,751870,220,210,430,751879.6992481203,0.0,0.0,True,0,
2026-09-29T03:40:51.180493+00:00,112.06133359996602,0,751870,200,170,370,751879.6992481203,0.0,0.0,True,0,
2026-09-29T03:40:51.397792+00:00,112.27861479995772,0,751880,150,140,290,751879.6992481203,0.0,0.0,True,0,
2026-09-29T03:40:51.616391+00:00,112.4972002999857,0,751870,290,190,480,751879.6992481203,0.0,0.0,True,0,
2026-09-29T03:40:51.834330+00:00,112.71516449999763,0,751870,270,260,530,751879.6992481203,0.0,0.0,True,0,
2026-09-29T03:40:52.052220+00:00,112.93305220000912,0,751870,240,150,390,751879.6992481203,0.0,0.0,True,0,
2026-09-29T03:40:52.271013+00:00,113.15181800001301,0,751880,220,160,380,751879.6992481203,0.0,0.0,True,0,
2026-09-29T03:40:52.489846+00:00,113.37064859998645,0,751880,180,180,360,751879.6992481203,0.0,0.0,True,0,
2026-09-29T03:40:52.707212+00:00,113.58803909999551,0,751870,220,150,370,751879.6992481203,0.0,0.0,True,0,
2026-09-29T03:40:52.926793+00:00,113.80764119996456,0,751870,170,170,340,751879.6992481203,0.0,0.0,True,0,
2026-09-29T03:40:53.145761+00:00,114.02659600001061,0,751880,160,230,390,751879.6992481203,0.0,0.0,True,0,
2026-09-29T03:40:53.362836+00:00,114.24366199999349,0,751870,200,110,310,751879.6992481203,0.0,0.0,True,0,
2026-09-29T03:40:53.581884+00:00,114.46270689996891,0,751870,200,220,420,751879.6992481203,0.0,0.0,True,0,
2026-09-29T03:40:53.801703+00:00,114.68253069999628,0,751870,210,100,310,751879.6992481203,0.0,0.0,True,0,
2026-09-29T03:40:54.021839+00:00,114.9026343000005,0,751870,140,170,310,751879.6992481203,0.0,0.0,True,0,
2026-09-29T03:40:54.240212+00:00,115.12103909999132,0,751880,210,210,420,751879.6992481203,0.0,0.0,True,0,
2026-09-29T03:40:54.457388+00:00,115.33819609996863,0,751870,270,150,420,751879.6992481203,0.0,0.0,True,0,
2026-09-29T03:40:54.677461+00:00,115.55827069998486,0,751870,200,100,300,751879.6992481203,0.0,0.0,True,0,
2026-09-29T03:40:54.898384+00:00,115.77919560001465,0,751870,280,160,440,751879.6992481203,0.0,0.0,True,0,
2026-09-29T03:40:55.118246+00:00,115.999039599963,0,751880,200,180,380,751879.6992481203,0.0,0.0,True,0,
2026-09-29T03:40:55.336160+00:00,116.21698269998888,0,751870,260,140,400,751879.6992481203,0.0,0.0,True,0,
2026-09-29T03:40:55.555501+00:00,116.43629169999622,0,751870,170,210,380,751879.6992481203,0.0,0.0,True,0,
2026-09-29T03:40:55.773428+00:00,116.65423629997531,0,751880,220,250,470,751879.6992481203,0.0,0.0,True,0,
2026-09-29T03:40:56.003662+00:00,116.88444930000696,0,751870,150,220,370,751879.6992481203,0.0,0.0,True,0,
2026-09-29T03:40:56.222172+00:00,117.10298530000728,0,751880,230,110,340,751879.6992481203,0.0,0.0,True,0,
2026-09-29T03:40:56.454171+00:00,117.3349734999938,0,751870,180,200,380,751879.6992481203,0.0,0.0,True,0,
2026-09-29T03:40:56.674194+00:00,117.55499209999107,0,751870,220,200,420,751879.6992481203,0.0,0.0,True,0,
2026-09-29T03:40:56.893500+00:00,117.77430069999536,0,751870,230,180,410,751879.6992481203,0.0,0.0,True,0,
2026-09-29T03:40:57.124725+00:00,118.00551109999651,0,751880,160,240,400,751879.6992481203,0.0,0.0,True,0,
2026-09-29T03:40:57.341121+00:00,118.22191899997415,0,751870,220,140,360,751879.6992481203,0.0,0.0,True,0,
2026-09-29T03:40:57.573432+00:00,118.45420959999319,0,751870,110,190,300,751879.6992481203,0.0,0.0,True,0,
2026-09-29T03:40:57.790843+00:00,118.67161389999092,0,751870,220,220,440,751879.6992481203,0.0,0.0,True,0,
2026-09-29T03:40:58.010892+00:00,118.89166209998075,0,751870,280,200,480,751879.6992481203,0.0,0.0,True,0,
2026-09-29T03:40:58.229197+00:00,119.11000049998984,0,751880,260,180,440,751879.6992481203,0.0,0.0,True,0,
2026-09-29T03:40:58.449214+00:00,119.33000640000682,0,751870,130,200,330,751879.6992481203,0.0,0.0,True,0,
2026-09-29T03:40:58.668348+00:00,119.5491297999979,0,751870,230,210,440,751879.6992481203,0.0,0.0,True,0,
2026-09-29T03:40:58.888343+00:00,119.76912640000228,0,751870,200,200,400,751879.6992481203,0.0,0.0,True,0,
2026-09-29T03:40:59.119085+00:00,119.99988249997841,0,751880,200,290,490,751879.6992481203,0.0,0.0,True,0,
2026-09-29T03:40:59.338126+00:00,120.21888830000535,0,751870,230,120,350,751879.6992481203,0.0,0.0,True,0,
2026-09-29T03:40:59.570757+00:00,120.4515367000131,0,751870,350,90,440,751879.6992481203,0.0,0.0,True,0,
2026-09-29T03:40:59.801828+00:00,120.6825877999654,0,751870,100,210,310,751879.6992481203,0.0,0.0,True,0,
2026-09-29T03:41:00.020257+00:00,120.90104149997933,0,751870,230,200,430,751879.6992481203,0.0,0.0,True,0,
2026-09-29T03:41:00.241189+00:00,121.1219847999746,0,751880,220,150,370,751879.6992481203,0.0,0.0,True,0,
2026-09-29T03:41:00.473896+00:00,121.35465839999961,0,751880,230,180,410,751879.6992481203,0.0,0.0,True,0,
2026-09-29T03:41:00.695081+00:00,121.57584899995709,0,751870,230,220,450,751879.6992481203,0.0,0.0,True,0,
2026-09-29T03:41:00.915576+00:00,121.79636470001424,0,751870,220,290,510,751879.6992481203,0.0,0.0,True,0,
2026-09-29T03:41:01.133268+00:00,122.01405120000709,0,751880,230,170,400,751879.6992481203,0.0,0.0,True,0,
2026-09-29T03:41:01.351334+00:00,122.23211489996174,0,751870,210,190,400,751879.6992481203,0.0,0.0,True,0,
2026-09-29T03:41:01.570300+00:00,122.45105329999933,0,751870,200,170,370,751879.6992481203,0.0,0.0,True,0,
2026-09-29T03:41:01.790890+00:00,122.67166110000107,0,751870,280,150,430,751879.6992481203,0.0,0.0,True,0,
2026-09-29T03:41:02.023186+00:00,122.90394729998661,0,751870,210,210,420,751879.6992481203,0.0,0.0,True,0,
2026-09-29T03:41:02.241063+00:00,123.12186269997619,0,751880,240,160,400,751879.6992481203,0.0,0.0,True,0,
2026-09-29T03:41:02.474072+00:00,123.35482810001122,0,751880,150,110,260,751879.6992481203,0.0,0.0,True,0,
2026-09-29T03:41:02.695376+00:00,123.57613489998039,0,751870,170,200,370,751879.6992481203,0.0,0.0,True,0,
2026-09-29T03:41:02.927915+00:00,123.8086772999959,0,751870,210,170,380,751879.6992481203,0.0,0.0,True,0,
2026-09-29T03:41:03.147568+00:00,124.0283048999845,0,751880,170,190,360,751879.6992481203,0.0,0.0,True,0,
2026-09-29T03:41:03.364914+00:00,124.24568960000761,0,751870,240,170,410,751879.6992481203,0.0,0.0,True,0,
2026-09-29T03:41:03.582806+00:00,124.4635588999954,0,751880,220,170,390,751879.6992481203,0.0,0.0,True,0,
2026-09-29T03:41:03.800681+00:00,124.68143019999843,0,751870,140,160,300,751879.6992481203,0.0,0.0,True,0,
2026-09-29T03:41:04.021019+00:00,124.90179959998932,0,751870,360,130,490,751879.6992481203,0.0,0.0,True,0,
2026-09-29T03:41:04.252154+00:00,125.13292299996829,0,751880,160,200,360,751879.6992481203,0.0,0.0,True,0,
2026-09-29T03:41:04.470910+00:00,125.35164149996126,0,751870,170,150,320,751879.6992481203,0.0,0.0,True,0,
2026-09-29T03:41:04.692601+00:00,125.57336249999935,0,751870,260,90,350,751879.6992481203,0.0,0.0,True,0,
2026-09-29T03:41:04.913148+00:00,125.79389979998814,0,751870,170,190,360,751879.6992481203,0.0,0.0,True,0,
2026-09-29T03:41:05.130811+00:00,126.01159519999055,0,751880,310,170,480,751879.6992481203,0.0,0.0,True,0,
2026-09-29T03:41:05.349129+00:00,126.22989159997087,0,751880,300,180,480,751879.6992481203,0.0,0.0,True,0,
2026-09-29T03:41:05.580149+00:00,126.46086809999542,0,751880,100,100,200,751879.6992481203,0.0,0.0,True,0,
2026-09-29T03:41:05.801714+00:00,126.68243739998434,0,751870,230,130,360,751879.6992481203,0.0,0.0,True,0,
2026-09-29T03:41:06.020473+00:00,126.90124440001091,0,751870,230,200,430,751879.6992481203,0.0,0.0,True,0,
2026-09-29T03:41:06.237874+00:00,127.11859089997597,0,751880,170,220,390,751879.6992481203,0.0,0.0,True,0,
2026-09-29T03:41:06.468388+00:00,127.3491275999695,0,751870,240,240,480,751879.6992481203,0.0,0.0,True,0,
2026-09-29T03:41:06.686971+00:00,127.56769170000916,0,751870,270,210,480,751879.6992481203,0.0,0.0,True,0,
2026-09-29T03:41:06.906865+00:00,127.78758629999356,0,751870,160,170,330,751879.6992481203,0.0,0.0,True,0,
2026-09-29T03:41:07.137609+00:00,128.0183508999762,0,751880,120,110,230,751879.6992481203,0.0,0.0,True,0,
2026-09-29T03:41:07.354921+00:00,128.23563929996453,0,751880,180,250,430,751879.6992481203,0.0,0.0,True,0,
2026-09-29T03:41:07.573698+00:00,128.45442490000278,0,751880,210,180,390,751879.6992481203,0.0,0.0,True,0,
2026-09-29T03:41:07.791938+00:00,128.67265389999375,0,751870,240,190,430,751879.6992481203,0.0,0.0,True,0,
2026-09-29T03:41:08.023840+00:00,128.90456240001367,0,751870,260,120,380,751879.6992481203,0.0,0.0,True,0,
2026-09-29T03:41:08.241518+00:00,129.1222302999813,0,751880,190,180,370,751879.6992481203,0.0,0.0,True,0,
2026-09-29T03:41:08.473858+00:00,129.35456329997396,0,751880,230,210,440,751879.6992481203,0.0,0.0,True,0,
2026-09-29T03:41:08.690543+00:00,129.57124710001517,0,751870,170,130,300,751879.6992481203,0.0,0.0,True,0,
2026-09-29T03:41:08.907188+00:00,129.7879142999882,0,751870,220,90,310,751879.6992481203,0.0,0.0,True,0,
2026-09-29T03:41:09.136768+00:00,130.01747640001122,0,751870,230,180,410,751879.6992481203,0.0,0.0,True,0,
2026-09-29T03:41:09.355540+00:00,130.23627409996698,0,751880,250,180,430,751879.6992481203,0.0,0.0,True,0,
2026-09-29T03:41:09.573831+00:00,130.45454659999814,0,751880,190,250,440,751879.6992481203,0.0,0.0,True,0,
2026-09-29T03:41:09.792628+00:00,130.6733227999648,0,751870,170,180,350,751879.6992481203,0.0,0.0,True,0,
2026-09-29T03:41:10.027377+00:00,130.90811680001207,0,751870,230,150,380,751879.6992481203,0.0,0.0,True,0,
2026-09-29T03:41:10.257194+00:00,131.137942500005,0,751880,320,200,520,751879.6992481203,0.0,0.0,True,0,
2026-09-29T03:41:10.476083+00:00,131.35678659996483,0,751880,240,200,440,751879.6992481203,0.0,0.0,True,0,
2026-09-29T03:41:10.694652+00:00,131.57534529996337,0,751880,230,180,410,751879.6992481203,0.0,0.0,True,0,
2026-09-29T03:41:10.926705+00:00,131.80739239999093,0,751870,200,160,360,751879.6992481203,0.0,0.0,True,0,
2026-09-29T03:41:11.143994+00:00,132.0247071000049,0,751870,240,190,430,751879.6992481203,0.0,0.0,True,0,
2026-09-29T03:41:11.374670+00:00,132.25536010001088,0,751870,120,130,250,751879.6992481203,0.0,0.0,True,0,
2026-09-29T03:41:11.593568+00:00,132.47426149999956,0,751880,240,230,470,751879.6992481203,0.0,0.0,True,0,
2026-09-29T03:41:11.811298+00:00,132.69200869998895,0,751870,230,210,440,751879.6992481203,0.0,0.0,True,0,
2026-09-29T03:41:12.029698+00:00,132.91038620000472,0,751870,180,170,350,751879.6992481203,0.0,0.0,True,0,
2026-09-29T03:41:12.247702+00:00,133.12841569999,0,751880,270,120,390,751879.6992481203,0.0,0.0,True,0,
2026-09-29T03:41:12.468278+00:00,133.3489826999721,0,751870,180,210,390,751879.6992481203,0.0,0.0,True,0,
2026-09-29T03:41:12.685340+00:00,133.5660334000131,0,751880,210,180,390,751879.6992481203,0.0,0.0,True,0,
2026-09-29T03:41:12.903848+00:00,133.78453979996266,0,751870,220,110,330,751879.6992481203,0.0,0.0,True,0,
2026-09-29T03:41:13.120853+00:00,134.00152399996296,0,751870,160,130,290,751879.6992481203,0.0,0.0,True,0,
2026-09-29T03:41:13.354678+00:00,134.23538490000647,0,751880,210,90,300,751879.6992481203,0.0,0.0,True,0,
2026-09-29T03:41:13.573474+00:00,134.45414320001146,0,751880,280,280,560,751879.6992481203,0.0,0.0,True,0,
2026-09-29T03:41:13.792794+00:00,134.67346179997548,0,751870,210,160,370,751879.6992481203,0.0,0.0,True,0,
2026-09-29T03:41:14.012018+00:00,134.89270209998358,0,751870,190,180,370,751879.6992481203,0.0,0.0,True,0,
2026-09-29T03:41:14.242824+00:00,135.12350099999458,0,751880,170,120,290,751879.6992481203,0.0,0.0,True,0,
2026-09-29T03:41:14.462236+00:00,135.34291780000785,0,751870,190,160,350,751879.6992481203,0.0,0.0,True,0,
2026-09-29T03:41:14.682175+00:00,135.56284219998633,0,751880,220,210,430,751879.6992481203,0.0,0.0,True,0,
2026-09-29T03:41:14.899588+00:00,135.78025999997044,0,751870,240,200,440,751879.6992481203,0.0,0.0,True,0,
2026-09-29T03:41:15.116987+00:00,135.99765340000158,0,751870,220,170,390,751879.6992481203,0.0,0.0,True,0,
2026-09-29T03:41:15.335926+00:00,136.21659369999543,0,751880,210,140,350,751879.6992481203,0.0,0.0,True,0,
2026-09-29T03:41:15.554954+00:00,136.43561479996424,0,751870,210,140,350,751879.6992481203,0.0,0.0,True,0,
2026-09-29T03:41:15.773872+00:00,136.65454259997932,0,751870,130,150,280,751879.6992481203,0.0,0.0,True,0,
2026-09-29T03:41:15.991095+00:00,136.87177259998862,0,751870,200,200,400,751879.6992481203,0.0,0.0,True,0,
2026-09-29T03:41:16.208340+00:00,137.08899789996212,0,751880,190,160,350,751879.6992481203,0.0,0.0,True,0,
2026-09-29T03:41:16.439938+00:00,137.32061669998802,0,751870,290,130,420,751879.6992481203,0.0,0.0,True,0,
2026-09-29T03:41:16.659570+00:00,137.54024339996977,0,751870,230,180,410,751879.6992481203,0.0,0.0,True,0,
2026-09-29T03:41:16.879056+00:00,137.7597275999724,0,751870,150,190,340,751879.6992481203,0.0,0.0,True,0,
2026-09-29T03:41:17.096764+00:00,137.97741300001508,0,751870,200,120,320,751879.6992481203,0.0,0.0,True,0,
2026-09-29T03:41:17.328253+00:00,138.20894829998724,0,751880,280,140,420,751879.6992481203,0.0,0.0,True,0,
2026-09-29T03:41:17.545598+00:00,138.4262723000138,0,751870,190,200,390,751879.6992481203,0.0,0.0,True,0,
2026-09-29T03:41:17.763456+00:00,138.64410480001243,0,751870,180,230,410,751879.6992481203,0.0,0.0,True,0,
2026-09-29T03:41:17.997433+00:00,138.87810629996238,0,751870,160,130,290,751879.6992481203,0.0,0.0,True,0,
2026-09-29T03:41:18.216417+00:00,139.0970810999861,0,751880,210,100,310,751879.6992481203,0.0,0.0,True,0,
2026-09-29T03:41:18.449950+00:00,139.3306176000042,0,751880,180,160,340,751879.6992481203,0.0,0.0,True,0,
2026-09-29T03:41:18.668126+00:00,139.54882069997257,0,751870,220,190,410,751879.6992481203,0.0,0.0,True,0,
2026-09-29T03:41:18.885873+00:00,139.7665229999693,0,751870,90,140,230,751879.6992481203,0.0,0.0,True,0,
2026-09-29T03:41:19.102882+00:00,139.98352539999178,0,751870,220,130,350,751879.6992481203,0.0,0.0,True,0,
2026-09-29T03:41:19.320012+00:00,140.2006790000014,0,751880,190,140,330,751879.6992481203,0.0,0.0,True,0,
2026-09-29T03:41:19.537529+00:00,140.4181757000042,0,751870,210,160,370,751879.6992481203,0.0,0.0,True,0,
2026-09-29T03:41:19.756343+00:00,140.63699769997038,0,751870,290,180,470,751879.6992481203,0.0,0.0,True,0,
2026-09-29T03:41:19.974751+00:00,140.8554148999974,0,751870,260,190,450,751879.6992481203,0.0,0.0,True,0,
2026-09-29T03:41:20.195160+00:00,141.07579149998492,0,751880,240,130,370,751879.6992481203,0.0,0.0,True,0,
2026-09-29T03:41:20.413166+00:00,141.29383149999194,0,751880,200,120,320,751879.6992481203,0.0,0.0,True,0,
2026-09-29T03:41:20.645185+00:00,141.52582049998455,0,751870,270,190,460,751879.6992481203,0.0,0.0,True,0,
2026-09-29T03:41:20.864489+00:00,141.74513349996414,0,751870,220,90,310,751879.6992481203,0.0,0.0,True,0,
2026-09-29T03:41:21.096644+00:00,141.9773016999825,0,751870,260,160,420,751879.6992481203,0.0,0.0,True,0,
2026-09-29T03:41:21.315534+00:00,142.19622419995721,0,751880,200,130,330,751879.6992481203,0.0,0.0,True,0,
2026-09-29T03:41:21.533919+00:00,142.41458320000675,0,751870,230,170,400,751879.6992481203,0.0,0.0,True,0,
2026-09-29T03:41:21.751098+00:00,142.63172489998396,0,751870,220,150,370,751879.6992481203,0.0,0.0,True,0,
2026-09-29T03:41:21.982863+00:00,142.86351029999787,0,751870,190,110,300,751879.6992481203,0.0,0.0,True,0,
2026-09-29T03:41:22.202705+00:00,143.08334770001238,0,751880,120,230,350,751879.6992481203,0.0,0.0,True,0,
2026-09-29T03:41:22.419785+00:00,143.30040309997275,0,751880,310,130,440,751879.6992481203,0.0,0.0,True,0,
2026-09-29T03:41:22.637689+00:00,143.5183270999696,0,751870,200,150,350,751879.6992481203,0.0,0.0,True,0,
2026-09-29T03:41:22.858602+00:00,143.73924089997308,0,751870,280,200,480,751879.6992481203,0.0,0.0,True,0,
2026-09-29T03:41:23.075359+00:00,143.9559732999769,0,751870,180,160,340,751879.6992481203,0.0,0.0,True,0,
2026-09-29T03:41:23.294240+00:00,144.17490230000112,0,751880,210,230,440,751879.6992481203,0.0,0.0,True,0,
2026-09-29T03:41:23.512843+00:00,144.39346250001108,0,751870,220,200,420,751879.6992481203,0.0,0.0,True,0,
2026-09-29T03:41:23.730178+00:00,144.6108082999708,0,751870,220,130,350,751879.6992481203,0.0,0.0,True,0,
2026-09-29T03:41:23.950524+00:00,144.8312565999804,0,751880,220,170,390,751879.6992481203,0.0,0.0,True,0,
2026-09-29T03:41:24.180151+00:00,145.06078190001426,0,751880,210,180,390,751879.6992481203,0.0,0.0,True,0,
2026-09-29T03:41:24.410935+00:00,145.29154149995884,0,751880,220,140,360,751879.6992481203,0.0,0.0,True,0,
2026-09-29T03:41:24.629955+00:00,145.51058100000955,0,751870,320,110,430,751879.6992481203,0.0,0.0,True,0,
2026-09-29T03:41:24.849476+00:00,145.7300963999587,0,751870,200,220,420,751879.6992481203,0.0,0.0,True,0,
2026-09-29T03:41:25.067029+00:00,145.94765310001094,0,751880,220,160,380,751879.6992481203,0.0,0.0,True,0,
2026-09-29T03:41:25.284824+00:00,146.16542510001455,0,751880,240,120,360,751879.6992481203,0.0,0.0,True,0,
2026-09-29T03:41:25.503708+00:00,146.38432670000475,0,751870,180,230,410,751879.6992481203,0.0,0.0,True,0,
2026-09-29T03:41:25.723829+00:00,146.60445240000263,0,751870,170,210,380,751879.6992481203,0.0,0.0,True,0,
2026-09-29T03:41:25.943245+00:00,146.82385669997893,0,751880,210,190,400,751879.6992481203,0.0,0.0,True,0,
2026-09-29T03:41:26.161058+00:00,147.04168899997603,0,751870,160,90,250,751879.6992481203,0.0,0.0,True,0,
2026-09-29T03:41:26.378070+00:00,147.25868019997142,0,751880,240,150,390,751879.6992481203,0.0,0.0,True,0,
2026-09-29T03:41:26.597142+00:00,147.47776079998584,0,751870,250,180,430,751879.6992481203,0.0,0.0,True,0,
2026-09-29T03:41:26.817264+00:00,147.69803669996327,0,751870,220,200,420,751879.6992481203,0.0,0.0,True,0,
2026-09-29T03:41:27.035142+00:00,147.91574959998252,0,751880,150,140,290,751879.6992481203,0.0,0.0,True,0,
2026-09-29T03:41:27.252964+00:00,148.13355289999163,0,751870,210,170,380,751879.6992481203,0.0,0.0,True,0,
2026-09-29T03:41:27.471558+00:00,148.35214339999948,0,751870,140,160,300,751879.6992481203,0.0,0.0,True,0,
2026-09-29T03:41:27.704048+00:00,148.58463359996676,0,751870,320,220,540,751879.6992481203,0.0,0.0,True,0,
2026-09-29T03:41:27.922814+00:00,148.80342249997193,0,751880,140,160,300,751879.6992481203,0.0,0.0,True,0,
2026-09-29T03:41:28.154131+00:00,149.03474309999729,0,751870,310,130,440,751879.6992481203,0.0,0.0,True,0,
2026-09-29T03:41:28.372917+00:00,149.25352689996362,0,751870,190,220,410,751879.6992481203,0.0,0.0,True,0,
2026-09-29T03:41:28.593107+00:00,149.47369179996895,0,751870,270,170,440,751879.6992481203,0.0,0.0,True,0,
2026-09-29T03:41:28.810824+00:00,149.69140489998972,0,751870,280,160,440,751879.6992481203,0.0,0.0,True,0,
2026-09-29T03:41:29.029908+00:00,149.91048729995964,0,751880,200,200,400,751879.6992481203,0.0,0.0,True,0,
2026-09-29T03:41:29.247353+00:00,150.12799999996787,0,751870,190,170,360,751879.6992481203,0.0,0.0,True,0,
2026-09-29T03:41:29.467042+00:00,150.34764160000486,0,751870,160,110,270,751879.6992481203,0.0,0.0,True,0,
2026-09-29T03:41:29.698195+00:00,150.57877109997207,0,751870,140,180,320,751879.6992481203,0.0,0.0,True,0,
2026-09-29T03:41:29.917802+00:00,150.7983835999621,0,751880,220,180,400,751879.6992481203,0.0,0.0,True,0,
2026-09-29T03:41:30.138807+00:00,151.01939599995967,0,751870,180,250,430,751879.6992481203,0.0,0.0,True,0,
2026-09-29T03:41:30.356376+00:00,151.2370090999757,0,751870,240,180,420,751879.6992481203,0.0,0.0,True,0,
2026-09-29T03:41:30.573797+00:00,151.4543606999796,0,751870,220,170,390,751879.6992481203,0.0,0.0,True,0,
2026-09-29T03:41:30.792024+00:00,151.67261449998477,0,751870,140,170,310,751879.6992481203,0.0,0.0,True,0,
2026-09-29T03:41:31.011922+00:00,151.8924965999904,0,751880,260,160,420,751879.6992481203,0.0,0.0,True,0,
2026-09-29T03:41:31.231199+00:00,152.11180119996425,0,751870,250,210,460,751879.6992481203,0.0,0.0,True,0,
2026-09-29T03:41:31.464479+00:00,152.3450482999906,0,751870,230,70,300,751879.6992481203,0.0,0.0,True,0,
2026-09-29T03:41:31.683591+00:00,152.56416159996297,0,751870,180,260,440,751879.6992481203,0.0,0.0,True,0,
2026-09-29T03:41:31.915792+00:00,152.79634989995975,0,751880,210,190,400,751879.6992481203,0.0,0.0,True,0,
2026-09-29T03:41:32.134623+00:00,153.01518059999216,0,751880,170,200,370,751879.6992481203,0.0,0.0,True,0,
2026-09-29T03:41:32.352081+00:00,153.2326854999992,0,751870,270,160,430,751879.6992481203,0.0,0.0,True,0,
2026-09-29T03:41:32.569758+00:00,153.45033259998308,0,751870,240,120,360,751879.6992481203,0.0,0.0,True,0,
2026-09-29T03:41:32.788404+00:00,153.66898179997224,0,751870,210,250,460,751879.6992481203,0.0,0.0,True,0,
2026-09-29T03:41:33.006817+00:00,153.8873833999969,0,751880,130,170,300,751879.6992481203,0.0,0.0,True,0,
2026-09-29T03:41:33.226133+00:00,154.10669619997498,0,751870,240,150,390,751879.6992481203,0.0,0.0,True,0,
2026-09-29T03:41:33.445018+00:00,154.32557399995858,0,751870,190,290,480,751879.6992481203,0.0,0.0,True,0,
2026-09-29T03:41:33.663953+00:00,154.5445127999992,0,751880,180,190,370,751879.6992481203,0.0,0.0,True,0,
2026-09-29T03:41:33.882132+00:00,154.76269379997393,0,751880,240,130,370,751879.6992481203,0.0,0.0,True,0,
2026-09-29T03:41:34.114508+00:00,154.99509509996278,0,751880,150,200,350,751879.6992481203,0.0,0.0,True,0,
2026-09-29T03:41:34.346087+00:00,155.2266646999633,0,751870,140,70,210,751879.6992481203,0.0,0.0,True,0,
2026-09-29T03:41:34.578101+00:00,155.45864289999008,0,751870,190,250,440,751879.6992481203,0.0,0.0,True,0,
2026-09-29T03:41:34.798195+00:00,155.6787521999795,0,751870,180,170,350,751879.6992481203,0.0,0.0,True,0,
2026-09-29T03:41:35.018956+00:00,155.89949949999573,0,751880,200,170,370,751879.6992481203,0.0,0.0,True,0,
2026-09-29T03:41:35.250765+00:00,156.13130529999034,0,751870,140,130,270,751879.6992481203,0.0,0.0,True,0,
2026-09-29T03:41:35.482032+00:00,156.36258740001358,0,751870,200,110,310,751879.6992481203,0.0,0.0,True,0,
2026-09-29T03:41:35.714894+00:00,156.59543519996805,0,751870,160,190,350,751879.6992481203,0.0,0.0,True,0,
2026-09-29T03:41:35.947144+00:00,156.8277131000068,0,751880,240,160,400,751879.6992481203,0.0,0.0,True,0,
2026-09-29T03:41:36.178846+00:00,157.0593949999893,0,751870,240,140,380,751879.6992481203,0.0,0.0,True,0,
2026-09-29T03:41:36.396132+00:00,157.27669009997044,0,751880,170,150,320,751879.6992481203,0.0,0.0,True,0,
2026-09-29T03:41:36.630974+00:00,157.51153149997117,0,751870,190,110,300,751879.6992481203,0.0,0.0,True,0,
2026-09-29T03:41:36.848994+00:00,157.72953049995704,0,751870,180,180,360,751879.6992481203,0.0,0.0,True,0,
2026-09-29T03:41:37.069014+00:00,157.94956819998333,0,751880,260,160,420,751879.6992481203,0.0,0.0,True,0,
2026-09-29T03:41:37.286736+00:00,158.1672794999904,0,751880,260,170,430,751879.6992481203,0.0,0.0,True,0,
2026-09-29T03:41:37.517408+00:00,158.3979370999732,0,751870,170,140,310,751879.6992481203,0.0,0.0,True,0,
2026-09-29T03:41:37.734920+00:00,158.61544919997687,0,751870,180,180,360,751879.6992481203,0.0,0.0,True,0,
2026-09-29T03:41:37.951731+00:00,158.8322588999872,0,751880,250,190,440,751879.6992481203,0.0,0.0,True,0,
2026-09-29T03:41:38.171400+00:00,159.05192679999163,0,751880,180,150,330,751879.6992481203,0.0,0.0,True,0,
2026-09-29T03:41:38.402384+00:00,159.28293459996348,0,751880,200,220,420,751879.6992481203,0.0,0.0,True,0,
2026-09-29T03:41:38.621864+00:00,159.50238409999292,0,751870,270,190,460,751879.6992481203,0.0,0.0,True,0,
2026-09-29T03:41:38.840548+00:00,159.72108099999605,0,751870,180,100,280,751879.6992481203,0.0,0.0,True,0,
2026-09-29T03:41:39.073733+00:00,159.95425369997974,0,751870,220,130,350,751879.6992481203,0.0,0.0,True,0,
2026-09-29T03:41:39.291876+00:00,160.17241249996005,0,751880,180,140,320,751879.6992481203,0.0,0.0,True,0,
2026-09-29T03:41:39.509869+00:00,160.39040679996833,0,751870,220,140,360,751879.6992481203,0.0,0.0,True,0,
2026-09-29T03:41:39.728470+00:00,160.6090044999728,0,751870,180,190,370,751879.6992481203,0.0,0.0,True,0,
2026-09-29T03:41:39.947779+00:00,160.82830990001094,0,751880,200,170,370,751879.6992481203,0.0,0.0,True,0,
2026-09-29T03:41:40.165974+00:00,161.04650589998346,0,751880,300,130,430,751879.6992481203,0.0,0.0,True,0,
2026-09-29T03:41:40.399990+00:00,161.28049649996683,0,751880,310,140,450,751879.6992481203,0.0,0.0,True,0,
2026-09-29T03:41:40.618551+00:00,161.49908039998263,0,751870,190,190,380,751879.6992481203,0.0,0.0,True,0,
2026-09-29T03:41:40.837203+00:00,161.71770430001197,0,751870,130,200,330,751879.6992481203,0.0,0.0,True,0,
2026-09-29T03:41:41.070675+00:00,161.95118599996204,0,751880,160,150,310,751879.6992481203,0.0,0.0,True,0,
2026-09-29T03:41:41.301343+00:00,162.18185419996735,0,751880,200,160,360,751879.6992481203,0.0,0.0,True,0,
2026-09-29T03:41:41.532493+00:00,162.41301329998532,0,751870,300,180,480,751879.6992481203,0.0,0.0,True,0,
2026-09-29T03:41:41.763877+00:00,162.644386400003,0,751870,270,160,430,751879.6992481203,0.0,0.0,True,0,
2026-09-29T03:41:41.980009+00:00,162.86050439998507,0,751870,150,200,350,751879.6992481203,0.0,0.0,True,0,
2026-09-29T03:41:42.210190+00:00,163.09070519998204,0,751870,250,170,420,751879.6992481203,0.0,0.0,True,0,
2026-09-29T03:41:42.429809+00:00,163.31032649998087,0,751880,150,250,400,751879.6992481203,0.0,0.0,True,0,
2026-09-29T03:41:42.647111+00:00,163.52761839999584,0,751870,210,180,390,751879.6992481203,0.0,0.0,True,0,
2026-09-29T03:41:42.878185+00:00,163.7587380000041,0,751870,280,150,430,751879.6992481203,0.0,0.0,True,0,
2026-09-29T03:41:43.096713+00:00,163.977220700006,0,751870,180,140,320,751879.6992481203,0.0,0.0,True,0,
2026-09-29T03:41:43.327571+00:00,164.2080699999933,0,751880,150,160,310,751879.6992481203,0.0,0.0,True,0,
2026-09-29T03:41:43.544148+00:00,164.42463679995853,0,751870,220,120,340,751879.6992481203,0.0,0.0,True,0,
2026-09-29T03:41:43.762707+00:00,164.64319299999624,0,751870,180,90,270,751879.6992481203,0.0,0.0,True,0,
2026-09-29T03:41:43.996004+00:00,164.8765218000044,0,751870,170,160,330,751879.6992481203,0.0,0.0,True,0,
2026-09-29T03:41:44.214263+00:00,165.0947515000007,0,751870,130,90,220,751879.6992481203,0.0,0.0,True,0,
2026-09-29T03:41:44.431501+00:00,165.3119941999903,0,751880,280,160,440,751879.6992481203,0.0,0.0,True,0,
2026-09-29T03:41:44.651588+00:00,165.53207580000162,0,751870,150,150,300,751879.6992481203,0.0,0.0,True,0,
2026-09-29T03:41:44.868321+00:00,165.74881959997583,0,751870,240,220,460,751879.6992481203,0.0,0.0,True,0,
2026-09-29T03:41:45.087010+00:00,165.96748539997498,0,751870,250,170,420,751879.6992481203,0.0,0.0,True,0,
2026-09-29T03:41:45.306405+00:00,166.18690450000577,0,751880,230,220,450,751879.6992481203,0.0,0.0,True,0,
2026-09-29T03:41:45.524088+00:00,166.40456019999692,0,751870,260,130,390,751879.6992481203,0.0,0.0,True,0,
2026-09-29T03:41:45.741422+00:00,166.62189409998246,0,751870,270,170,440,751879.6992481203,0.0,0.0,True,0,
2026-09-29T03:41:45.958673+00:00,166.8391668999684,0,751880,250,140,390,751879.6992481203,0.0,0.0,True,0,
2026-09-29T03:41:46.179950+00:00,167.06042049999814,0,751870,190,220,410,751879.6992481203,0.0,0.0,True,0,
2026-09-29T03:41:46.397871+00:00,167.2783498999779,0,751880,280,120,400,751879.6992481203,0.0,0.0,True,0,
2026-09-29T03:41:46.631079+00:00,167.51156579999952,0,751870,250,190,440,751879.6992481203,0.0,0.0,True,0,
2026-09-29T03:41:46.850630+00:00,167.73110430000816,0,751870,260,130,390,751879.6992481203,0.0,0.0,True,0,
2026-09-29T03:41:47.082055+00:00,167.96254939999199,0,751870,140,110,250,751879.6992481203,0.0,0.0,True,0,
2026-09-29T03:41:47.298963+00:00,168.17945090000285,0,751880,160,240,400,751879.6992481203,0.0,0.0,True,0,
2026-09-29T03:41:47.517741+00:00,168.39822129998356,0,751870,200,150,350,751879.6992481203,0.0,0.0,True,0,
2026-09-29T03:41:47.737828+00:00,168.61829010001384,0,751870,110,120,230,751879.6992481203,0.0,0.0,True,0,
2026-09-29T03:41:47.955584+00:00,168.8360617000144,0,751880,220,190,410,751879.6992481203,0.0,0.0,True,0,
2026-09-29T03:41:48.174162+00:00,169.05462609999813,0,751870,230,150,380,751879.6992481203,0.0,0.0,True,0,
2026-09-29T03:41:48.392699+00:00,169.27316149999388,0,751880,280,180,460,751879.6992481203,0.0,0.0,True,0,
2026-09-29T03:41:48.611833+00:00,169.49231699999655,0,751870,220,140,360,751879.6992481203,0.0,0.0,True,0,
2026-09-29T03:41:48.831066+00:00,169.71153889998095,0,751870,240,230,470,751879.6992481203,0.0,0.0,True,0,
2026-09-29T03:41:49.062830+00:00,169.9433177000028,0,751880,210,140,350,751879.6992481203,0.0,0.0,True,0,
2026-09-29T03:41:49.279226+00:00,170.1596964999917,0,751880,250,200,450,751879.6992481203,0.0,0.0,True,0,
2026-09-29T03:41:49.515286+00:00,170.39573649998056,0,751870,170,160,330,751879.6992481203,0.0,0.0,True,0,
2026-09-29T03:41:49.734548+00:00,170.61502359999577,0,751870,210,160,370,751879.6992481203,0.0,0.0,True,0,
2026-09-29T03:41:49.954269+00:00,170.8347163000144,0,751880,190,110,300,751879.6992481203,0.0,0.0,True,0,
2026-09-29T03:41:50.172690+00:00,171.0531506999978,0,751870,320,180,500,751879.6992481203,0.0,0.0,True,0,
2026-09-29T03:41:50.391297+00:00,171.27175569999963,0,751880,250,180,430,751879.6992481203,0.0,0.0,True,0,
2026-09-29T03:41:50.623764+00:00,171.5042073999648,0,751870,210,130,340,751879.6992481203,0.0,0.0,True,0,
2026-09-29T03:41:50.840970+00:00,171.72141220001504,0,751870,160,220,380,751879.6992481203,0.0,0.0,True,0,
2026-09-29T03:41:51.059952+00:00,171.94039319996955,0,751880,120,170,290,751879.6992481203,0.0,0.0,True,0,
2026-09-29T03:41:51.277541+00:00,172.15798029996222,0,751880,230,140,370,751879.6992481203,0.0,0.0,True,0,
2026-09-29T03:41:51.497928+00:00,172.37836049997713,0,751870,170,230,400,751879.6992481203,0.0,0.0,True,0,
2026-09-29T03:41:51.716504+00:00,172.59696019999683,0,751870,130,180,310,751879.6992481203,0.0,0.0,True,0,
2026-09-29T03:41:51.937158+00:00,172.81760399998166,0,751880,160,210,370,751879.6992481203,0.0,0.0,True,0,
2026-09-29T03:41:52.169351+00:00,173.04982489999384,0,751870,190,160,350,751879.6992481203,0.0,0.0,True,0,
2026-09-29T03:41:52.401239+00:00,173.2817095000064,0,751880,150,190,340,751879.6992481203,0.0,0.0,True,0,
2026-09-29T03:41:52.647429+00:00,173.5278888999601,0,751870,190,230,420,751879.6992481203,0.0,0.0,True,0,
2026-09-29T03:41:52.864760+00:00,173.7452009000117,0,751870,170,130,300,751879.6992481203,0.0,0.0,True,0,
2026-09-29T03:41:53.083953+00:00,173.96437999996124,0,751870,190,90,280,751879.6992481203,0.0,0.0,True,0,
2026-09-29T03:41:53.302503+00:00,174.18294129997957,0,751880,240,180,420,751879.6992481203,0.0,0.0,True,0,
2026-09-29T03:41:53.535588+00:00,174.41603199997917,0,751870,280,180,460,751879.6992481203,0.0,0.0,True,0,
2026-09-29T03:41:53.754545+00:00,174.6349940999644,0,751870,270,190,460,751879.6992481203,0.0,0.0,True,0,
2026-09-29T03:41:53.971902+00:00,174.8523264999967,0,751880,230,200,430,751879.6992481203,0.0,0.0,True,0,
2026-09-29T03:41:54.205598+00:00,175.08602369995788,0,751870,200,150,350,751879.6992481203,0.0,0.0,True,0,
2026-09-29T03:41:54.423205+00:00,175.30362449999666,0,751880,190,180,370,751879.6992481203,0.0,0.0,True,0,
2026-09-29T03:41:54.643249+00:00,175.5236819999991,0,751870,260,160,420,751879.6992481203,0.0,0.0,True,0,
2026-09-29T03:41:54.862262+00:00,175.74270619999152,0,751870,230,180,410,751879.6992481203,0.0,0.0,True,0,
2026-09-29T03:41:55.079058+00:00,175.95947349997004,0,751870,210,200,410,751879.6992481203,0.0,0.0,True,0,
2026-09-29T03:41:55.300491+00:00,176.18094290001318,0,751880,180,210,390,751879.6992481203,0.0,0.0,True,0,
2026-09-29T03:41:55.521300+00:00,176.40173449995928,0,751870,280,160,440,751879.6992481203,0.0,0.0,True,0,
2026-09-29T03:41:55.740124+00:00,176.62055260001216,0,751870,230,220,450,751879.6992481203,0.0,0.0,True,0,
2026-09-29T03:41:55.957641+00:00,176.8380755999824,0,751880,230,90,320,751879.6992481203,0.0,0.0,True,0,
2026-09-29T03:41:56.176828+00:00,177.0572816999629,0,751870,200,190,390,751879.6992481203,0.0,0.0,True,0,
2026-09-29T03:41:56.408858+00:00,177.28926439996576,0,751880,210,120,330,751879.6992481203,0.0,0.0,True,0,
2026-09-29T03:41:56.627134+00:00,177.50755139999092,0,751870,240,190,430,751879.6992481203,0.0,0.0,True,0,
2026-09-29T03:41:56.847242+00:00,177.72766480001155,0,751870,170,110,280,751879.6992481203,0.0,0.0,True,0,
2026-09-29T03:41:57.065084+00:00,177.94552249996923,0,751880,220,140,360,751879.6992481203,0.0,0.0,True,0,
2026-09-29T03:41:57.296777+00:00,178.17719149996992,0,751880,190,190,380,751879.6992481203,0.0,0.0,True,0,
2026-09-29T03:41:57.515695+00:00,178.3960972999921,0,751870,190,80,270,751879.6992481203,0.0,0.0,True,0,
2026-09-29T03:41:57.734533+00:00,178.61494970001513,0,751870,160,120,280,751879.6992481203,0.0,0.0,True,0,
2026-09-29T03:41:57.952924+00:00,178.83332219999284,0,751870,260,190,450,751879.6992481203,0.0,0.0,True,0,
2026-09-29T03:41:58.171887+00:00,179.05232620000606,0,751880,260,140,400,751879.6992481203,0.0,0.0,True,0,
2026-09-29T03:41:58.389215+00:00,179.26964489999227,0,751880,210,140,350,751879.6992481203,0.0,0.0,True,0,
2026-09-29T03:41:58.607904+00:00,179.48832269996637,0,751870,230,190,420,751879.6992481203,0.0,0.0,True,0,
2026-09-29T03:41:58.826288+00:00,179.70670519996202,0,751870,200,240,440,751879.6992481203,0.0,0.0,True,0,
2026-09-29T03:41:59.045887+00:00,179.92629159998614,0,751880,160,190,350,751879.6992481203,0.0,0.0,True,0,
2026-09-29T03:41:59.278068+00:00,180.15849639999215,0,751880,180,90,270,751879.6992481203,0.0,0.0,True,0,
2026-09-29T03:41:59.496039+00:00,180.37642649997724,0,751870,250,240,490,751879.6992481203,0.0,0.0,True,0,
2026-09-29T03:41:59.717722+00:00,180.59812539996346,0,751870,240,170,410,751879.6992481203,0.0,0.0,True,0,
2026-09-29T03:41:59.936049+00:00,180.81645390001358,0,751880,220,160,380,751879.6992481203,0.0,0.0,True,0,
2026-09-29T03:42:00.153978+00:00,181.03436879999936,0,751880,200,100,300,751879.6992481203,0.0,0.0,True,0,
2026-09-29T03:42:00.374310+00:00,181.2547286999761,0,751880,280,180,460,751879.6992481203,0.0,0.0,True,0,
2026-09-29T03:42:00.592032+00:00,181.47241139999824,0,751870,220,190,410,751879.6992481203,0.0,0.0,True,0,
2026-09-29T03:42:00.812951+00:00,181.6933753999765,0,751870,100,110,210,751879.6992481203,0.0,0.0,True,0,
2026-09-29T03:42:01.033205+00:00,181.9135954999947,0,751880,210,140,350,751879.6992481203,0.0,0.0,True,0,
2026-09-29T03:42:01.253621+00:00,182.13400849996833,0,751870,200,180,380,751879.6992481203,0.0,0.0,True,0,
2026-09-29T03:42:01.470187+00:00,182.35056130000157,0,751870,180,200,380,751879.6992481203,0.0,0.0,True,0,
2026-09-29T03:42:01.689784+00:00,182.57016000000294,0,751870,170,180,350,751879.6992481203,0.0,0.0,True,0,
2026-09-29T03:42:01.909038+00:00,182.7894047999871,0,751880,240,130,370,751879.6992481203,0.0,0.0,True,0,
2026-09-29T03:42:02.127568+00:00,183.0079614999704,0,751880,170,170,340,751879.6992481203,0.0,0.0,True,0,
2026-09-29T03:42:02.346525+00:00,183.22691809997195,0,751870,310,180,490,751879.6992481203,0.0,0.0,True,0,
2026-09-29T03:42:02.565070+00:00,183.44545629998902,0,751870,170,160,330,751879.6992481203,0.0,0.0,True,0,
2026-09-29T03:42:02.782943+00:00,183.66330939996988,0,751870,260,80,340,751879.6992481203,0.0,0.0,True,0,
2026-09-29T03:42:02.999940+00:00,183.88035140000284,0,751880,250,150,400,751879.6992481203,0.0,0.0,True,0,
2026-09-29T03:42:03.220832+00:00,184.10122939996654,0,751870,230,100,330,751879.6992481203,0.0,0.0,True,0,
2026-09-29T03:42:03.439137+00:00,184.31952769996133,0,751870,180,130,310,751879.6992481203,0.0,0.0,True,0,
2026-09-29T03:42:03.658435+00:00,184.5388038000092,0,751880,230,200,430,751879.6992481203,0.0,0.0,True,0,
2026-09-29T03:42:03.878352+00:00,184.75873930001399,0,751870,160,130,290,751879.6992481203,0.0,0.0,True,0,
2026-09-29T03:42:04.109203+00:00,184.989562999981,0,751880,230,160,390,751879.6992481203,0.0,0.0,True,0,
2026-09-29T03:42:04.341854+00:00,185.222222100012,0,751870,220,120,340,751879.6992481203,0.0,0.0,True,0,
2026-09-29T03:42:04.560003+00:00,185.44036649999907,0,751870,180,200,380,751879.6992481203,0.0,0.0,True,0,
2026-09-29T03:42:04.779215+00:00,185.65959049999947,0,751870,180,160,340,751879.6992481203,0.0,0.0,True,0,
2026-09-29T03:42:04.997784+00:00,185.87817049998557,0,751880,180,250,430,751879.6992481203,0.0,0.0,True,0,
2026-09-29T03:42:05.214421+00:00,186.09480620000977,0,751870,210,120,330,751879.6992481203,0.0,0.0,True,0,
2026-09-29T03:42:05.431493+00:00,186.3118875999935,0,751870,160,190,350,751879.6992481203,0.0,0.0,True,0,
2026-09-29T03:42:05.651445+00:00,186.53181720001157,0,751880,200,120,320,751879.6992481203,0.0,0.0,True,0,
2026-09-29T03:42:05.870067+00:00,186.7504282000009,0,751880,200,160,360,751879.6992481203,0.0,0.0,True,0,
2026-09-29T03:42:06.087365+00:00,186.9677423000103,0,751880,210,210,420,751879.6992481203,0.0,0.0,True,0,
2026-09-29T03:42:06.305578+00:00,187.18596719997004,0,751870,210,220,430,751879.6992481203,0.0,0.0,True,0,
2026-09-29T03:42:06.523923+00:00,187.40428319998318,0,751870,240,210,450,751879.6992481203,0.0,0.0,True,0,
2026-09-29T03:42:06.745994+00:00,187.62633120000828,0,751880,240,250,490,751879.6992481203,0.0,0.0,True,0,
2026-09-29T03:42:06.967035+00:00,187.84737649996532,0,751870,190,130,320,751879.6992481203,0.0,0.0,True,0,
2026-09-29T03:42:07.184046+00:00,188.0643842999707,0,751870,270,250,520,751879.6992481203,0.0,0.0,True,0,
2026-09-29T03:42:07.404509+00:00,188.2849050000077,0,751870,280,140,420,751879.6992481203,0.0,0.0,True,0,
2026-09-29T03:42:07.624117+00:00,188.50445830001263,0,751880,240,210,450,751879.6992481203,0.0,0.0,True,0,
2026-09-29T03:42:07.842216+00:00,188.72257669997634,0,751870,120,230,350,751879.6992481203,0.0,0.0,True,0,
2026-09-29T03:42:08.060839+00:00,188.9411984999897,0,751870,220,200,420,751879.6992481203,0.0,0.0,True,0,
2026-09-29T03:42:08.293424+00:00,189.1737942000036,0,751870,220,200,420,751879.6992481203,0.0,0.0,True,0,
2026-09-29T03:42:08.511638+00:00,189.39198000001488,0,751870,180,230,410,751879.6992481203,0.0,0.0,True,0,
2026-09-29T03:42:08.728782+00:00,189.60914459999185,0,751880,250,190,440,751879.6992481203,0.0,0.0,True,0,
2026-09-29T03:42:08.947157+00:00,189.8274989000056,0,751870,180,200,380,751879.6992481203,0.0,0.0,True,0,
2026-09-29T03:42:09.165089+00:00,190.04544409998925,0,751870,110,230,340,751879.6992481203,0.0,0.0,True,0,
2026-09-29T03:42:09.397655+00:00,190.27800649998244,0,751870,250,240,490,751879.6992481203,0.0,0.0,True,0,
2026-09-29T03:42:09.615583+00:00,190.49593679996906,0,751880,230,150,380,751879.6992481203,0.0,0.0,True,0,
2026-09-29T03:42:09.837902+00:00,190.71824349998496,0,751880,100,140,240,751879.6992481203,0.0,0.0,True,0,
2026-09-29T03:42:10.055670+00:00,190.93599349999567,0,751870,270,170,440,751879.6992481203,0.0,0.0,True,0,
2026-09-29T03:42:10.290053+00:00,191.17038869997486,0,751870,260,100,360,751879.6992481203,0.0,0.0,True,0,
2026-09-29T03:42:10.507367+00:00,191.3876891999971,0,751870,290,80,370,751879.6992481203,0.0,0.0,True,0,
2026-09-29T03:42:10.726777+00:00,191.60712449997663,0,751880,280,200,480,751879.6992481203,0.0,0.0,True,0,
2026-09-29T03:42:10.946684+00:00,191.82702560001053,0,751870,210,60,270,751879.6992481203,0.0,0.0,True,0,
2026-09-29T03:42:11.165532+00:00,192.04588339995826,0,751870,210,180,390,751879.6992481203,0.0,0.0,True,0,
2026-09-29T03:42:11.383503+00:00,192.26385809999192,0,751870,200,130,330,751879.6992481203,0.0,0.0,True,0,
2026-09-29T03:42:11.602261+00:00,192.4826008999953,0,751880,220,190,410,751879.6992481203,0.0,0.0,True,0,
2026-09-29T03:42:11.818968+00:00,192.69930300000124,0,751880,200,190,390,751879.6992481203,0.0,0.0,True,0,
2026-09-29T03:42:12.038355+00:00,192.91866979998304,0,751870,250,220,470,751879.6992481203,0.0,0.0,True,0,
2026-09-29T03:42:12.271208+00:00,193.15151990001323,0,751870,190,220,410,751879.6992481203,0.0,0.0,True,0,
2026-09-29T03:42:12.491149+00:00,193.3714544000104,0,751870,260,150,410,751879.6992481203,0.0,0.0,True,0,
2026-09-29T03:42:12.709118+00:00,193.58943619998172,0,751880,160,130,290,751879.6992481203,0.0,0.0,True,0,
2026-09-29T03:42:12.928443+00:00,193.80877529998543,0,751870,260,180,440,751879.6992481203,0.0,0.0,True,0,
2026-09-29T03:42:13.160044+00:00,194.0403690999956,0,751870,230,150,380,751879.6992481203,0.0,0.0,True,0,
2026-09-29T03:42:13.379160+00:00,194.25949919997947,0,751870,230,130,360,751879.6992481203,0.0,0.0,True,0,
2026-09-29T03:42:13.599271+00:00,194.47959559998708,0,751870,170,200,370,751879.6992481203,0.0,0.0,True,0,
2026-09-29T03:42:13.818367+00:00,194.69869059999473,0,751880,300,140,440,751879.6992481203,0.0,0.0,True,0,
2026-09-29T03:42:14.037239+00:00,194.9175319999922,0,751870,140,120,260,751879.6992481203,0.0,0.0,True,0,
2026-09-29T03:42:14.254797+00:00,195.13513489998877,0,751870,230,120,350,751879.6992481203,0.0,0.0,True,0,
2026-09-29T03:42:14.472191+00:00,195.3525091999909,0,751880,200,160,360,751879.6992481203,0.0,0.0,True,0,
2026-09-29T03:42:14.692092+00:00,195.5724140999955,0,751880,280,130,410,751879.6992481203,0.0,0.0,True,0,
2026-09-29T03:42:14.912394+00:00,195.7926934999996,0,751870,260,220,480,751879.6992481203,0.0,0.0,True,0,
2026-09-29T03:42:15.131247+00:00,196.0115725999931,0,751870,210,120,330,751879.6992481203,0.0,0.0,True,0,
2026-09-29T03:42:15.350989+00:00,196.23132419999456,0,751880,180,140,320,751879.6992481203,0.0,0.0,True,0,
2026-09-29T03:42:15.569696+00:00,196.45000599999912,0,751880,170,190,360,751879.6992481203,0.0,0.0,True,0,
2026-09-29T03:42:15.790318+00:00,196.67063909996068,0,751880,190,130,320,751879.6992481203,0.0,0.0,True,0,
2026-09-29T03:42:16.026598+00:00,196.90689119999297,0,751870,280,240,520,751879.6992481203,0.0,0.0,True,0,
2026-09-29T03:42:16.245084+00:00,197.125383400009,0,751870,350,180,530,751879.6992481203,0.0,0.0,True,0,
2026-09-29T03:42:16.463922+00:00,197.34422209998593,0,751880,270,210,480,751879.6992481203,0.0,0.0,True,0,
2026-09-29T03:42:16.684000+00:00,197.56431009998778,0,751880,260,150,410,751879.6992481203,0.0,0.0,True,0,
2026-09-29T03:42:16.904420+00:00,197.78472359996522,0,751870,190,150,340,751879.6992481203,0.0,0.0,True,0,
2026-09-29T03:42:17.122169+00:00,198.00244620000012,0,751870,230,200,430,751879.6992481203,0.0,0.0,True,0,
2026-09-29T03:42:17.342695+00:00,198.22297080000862,0,751880,180,250,430,751879.6992481203,0.0,0.0,True,0,
2026-09-29T03:42:17.563764+00:00,198.44406169996364,0,751880,230,280,510,751879.6992481203,0.0,0.0,True,0,
2026-09-29T03:42:17.783889+00:00,198.66415799997048,0,751880,160,220,380,751879.6992481203,0.0,0.0,True,0,
2026-09-29T03:42:18.000874+00:00,198.88114469998982,0,751870,190,170,360,751879.6992481203,0.0,0.0,True,0,
2026-09-29T03:42:18.219515+00:00,199.09981489996426,0,751870,230,270,500,751879.6992481203,0.0,0.0,True,0,
2026-09-29T03:42:18.436262+00:00,199.31653010001173,0,751880,320,170,490,751879.6992481203,0.0,0.0,True,0,
2026-09-29T03:42:18.670540+00:00,199.55083179997746,0,751870,200,150,350,751879.6992481203,0.0,0.0,True,0,
2026-09-29T03:42:18.889031+00:00,199.76929209998343,0,751870,210,320,530,751879.6992481203,0.0,0.0,True,0,
2026-09-29T03:42:19.107649+00:00,199.98795229999814,0,751870,210,80,290,751879.6992481203,0.0,0.0,True,0,
2026-09-29T03:42:19.326640+00:00,200.2069349999656,0,751880,250,100,350,751879.6992481203,0.0,0.0,True,0,
2026-09-29T03:42:19.544532+00:00,200.42482149996795,0,751880,220,200,420,751879.6992481203,0.0,0.0,True,0,
2026-09-29T03:42:19.764129+00:00,200.6444005999947,0,751870,220,160,380,751879.6992481203,0.0,0.0,True,0,
2026-09-29T03:42:19.985007+00:00,200.86527279997244,0,751870,200,170,370,751879.6992481203,0.0,0.0,True,0,
2026-09-29T03:42:20.217000+00:00,201.09729649999645,0,751870,190,210,400,751879.6992481203,0.0,0.0,True,0,
2026-09-29T03:42:20.435884+00:00,201.3161430999753,0,751880,270,220,490,751879.6992481203,0.0,0.0,True,0,
2026-09-29T03:42:20.652914+00:00,201.5331767000025,0,751870,190,180,370,751879.6992481203,0.0,0.0,True,0,
2026-09-29T03:42:20.872455+00:00,201.75271329999669,0,751870,190,180,370,751879.6992481203,0.0,0.0,True,0,
2026-09-29T03:42:21.092947+00:00,201.9733032999793,0,751870,300,110,410,751879.6992481203,0.0,0.0,True,0,
2026-09-29T03:42:21.324242+00:00,202.20450200000778,0,751880,180,120,300,751879.6992481203,0.0,0.0,True,0,
2026-09-29T03:42:21.541981+00:00,202.42225130001316,0,751880,140,210,350,751879.6992481203,0.0,0.0,True,0,
2026-09-29T03:42:21.760338+00:00,202.64060799998697,0,751870,220,50,270,751879.6992481203,0.0,0.0,True,0,
2026-09-29T03:42:21.981415+00:00,202.861705599993,0,751870,180,160,340,751879.6992481203,0.0,0.0,True,0,
2026-09-29T03:42:22.198792+00:00,203.07908339996357,0,751870,130,110,240,751879.6992481203,0.0,0.0,True,0,
2026-09-29T03:42:22.417721+00:00,203.2979689000058,0,751880,260,150,410,751879.6992481203,0.0,0.0,True,0,
2026-09-29T03:42:22.635250+00:00,203.51549560000421,0,751870,220,120,340,751879.6992481203,0.0,0.0,True,0,
2026-09-29T03:42:22.852178+00:00,203.7324254999985,0,751870,260,200,460,751879.6992481203,0.0,0.0,True,0,
2026-09-29T03:42:23.071658+00:00,203.95189829997253,0,751880,190,250,440,751879.6992481203,0.0,0.0,True,0,
2026-09-29T03:42:23.289498+00:00,204.1697370999609,0,751870,200,130,330,751879.6992481203,0.0,0.0,True,0,
2026-09-29T03:42:23.509272+00:00,204.38953179999953,0,751880,160,130,290,751879.6992481203,0.0,0.0,True,0,
2026-09-29T03:42:23.729947+00:00,204.61019859998487,0,751870,150,160,310,751879.6992481203,0.0,0.0,True,0,
2026-09-29T03:42:23.948448+00:00,204.8287114999839,0,751870,190,190,380,751879.6992481203,0.0,0.0,True,0,
2026-09-29T03:42:24.166148+00:00,205.0464001999935,0,751880,280,200,480,751879.6992481203,0.0,0.0,True,0,
2026-09-29T03:42:24.386864+00:00,205.26713170000585,0,751880,150,160,310,751879.6992481203,0.0,0.0,True,0,
2026-09-29T03:42:24.606987+00:00,205.48724469996523,0,751870,180,170,350,751879.6992481203,0.0,0.0,True,0,
2026-09-29T03:42:24.827351+00:00,205.70758759998716,0,751870,180,180,360,751879.6992481203,0.0,0.0,True,0,
2026-09-29T03:42:25.045264+00:00,205.9254950999748,0,751880,170,200,370,751879.6992481203,0.0,0.0,True,0,
2026-09-29T03:42:25.264403+00:00,206.14467139996123,0,751880,130,240,370,751879.6992481203,0.0,0.0,True,0,
2026-09-29T03:42:25.482756+00:00,206.36300399998436,0,751880,250,160,410,751879.6992481203,0.0,0.0,True,0,
2026-09-29T03:42:25.701466+00:00,206.58169319998706,0,751870,170,220,390,751879.6992481203,0.0,0.0,True,0,
2026-09-29T03:42:25.920545+00:00,206.80078659998253,0,751870,150,130,280,751879.6992481203,0.0,0.0,True,0,
2026-09-29T03:42:26.137169+00:00,207.0173974999925,0,751880,220,240,460,751879.6992481203,0.0,0.0,True,0,
2026-09-29T03:42:26.368808+00:00,207.2490356999915,0,751870,230,140,370,751879.6992481203,0.0,0.0,True,0,
2026-09-29T03:42:26.588556+00:00,207.46877360000508,0,751870,160,220,380,751879.6992481203,0.0,0.0,True,0,
2026-09-29T03:42:26.805980+00:00,207.68620319996262,0,751870,200,170,370,751879.6992481203,0.0,0.0,True,0,
2026-09-29T03:42:27.027474+00:00,207.90769349999027,0,751880,210,160,370,751879.6992481203,0.0,0.0,True,0,
2026-09-29T03:42:27.244477+00:00,208.1247013999964,0,751880,200,180,380,751879.6992481203,0.0,0.0,True,0,
2026-09-29T03:42:27.462245+00:00,208.34248579997802,0,751870,180,160,340,751879.6992481203,0.0,0.0,True,0,
2026-09-29T03:42:27.680990+00:00,208.5612024999573,0,751870,190,160,350,751879.6992481203,0.0,0.0,True,0,
2026-09-29T03:42:27.913923+00:00,208.79415279999375,0,751870,240,130,370,751879.6992481203,0.0,0.0,True,0,
2026-09-29T03:42:28.131600+00:00,209.01182859996334,0,751880,150,180,330,751879.6992481203,0.0,0.0,True,0,
2026-09-29T03:42:28.362153+00:00,209.24235760001466,0,751870,160,160,320,751879.6992481203,0.0,0.0,True,0,
2026-09-29T03:42:28.582229+00:00,209.46243559999857,0,751870,230,160,390,751879.6992481203,0.0,0.0,True,0,
2026-09-29T03:42:28.800728+00:00,209.680932999996,0,751870,220,220,440,751879.6992481203,0.0,0.0,True,0,
2026-09-29T03:42:29.018853+00:00,209.8990569000016,0,751870,170,180,350,751879.6992481203,0.0,0.0,True,0,
2026-09-29T03:42:29.236550+00:00,210.11675839999225,0,751880,180,180,360,751879.6992481203,0.0,0.0,True,0,
2026-09-29T03:42:29.455709+00:00,210.33591229998274,0,751870,240,170,410,751879.6992481203,0.0,0.0,True,0,
2026-09-29T03:42:29.676396+00:00,210.55659749999177,0,751870,230,110,340,751879.6992481203,0.0,0.0,True,0,
2026-09-29T03:42:29.897331+00:00,210.77755120000802,0,751870,140,200,340,751879.6992481203,0.0,0.0,True,0,
2026-09-29T03:42:30.117742+00:00,210.99796159996185,0,751880,160,180,340,751879.6992481203,0.0,0.0,True,0,
2026-09-29T03:42:30.350492+00:00,211.23072629998205,0,751870,210,160,370,751879.6992481203,0.0,0.0,True,0,
2026-09-29T03:42:30.568955+00:00,211.44917279999936,0,751870,230,130,360,751879.6992481203,0.0,0.0,True,0,
2026-09-29T03:42:30.789792+00:00,211.66999109997414,0,751870,150,190,340,751879.6992481203,0.0,0.0,True,0,
2026-09-29T03:42:31.009160+00:00,211.889356700005,0,751870,240,220,460,751879.6992481203,0.0,0.0,True,0,
2026-09-29T03:42:31.225967+00:00,212.10616540000774,0,751880,250,290,540,751879.6992481203,0.0,0.0,True,0,
2026-09-29T03:42:31.444841+00:00,212.32503680000082,0,751870,210,220,430,751879.6992481203,0.0,0.0,True,0,
2026-09-29T03:42:31.664353+00:00,212.54457809997257,0,751870,340,210,550,751879.6992481203,0.0,0.0,True,0,
2026-09-29T03:42:31.882030+00:00,212.76222500001313,0,751870,110,90,200,751879.6992481203,0.0,0.0,True,0,
2026-09-29T03:42:32.115330+00:00,212.99553789995844,0,751880,260,190,450,751879.6992481203,0.0,0.0,True,0,
2026-09-29T03:42:32.333325+00:00,213.21355029998813,0,751870,110,160,270,751879.6992481203,0.0,0.0,True,0,
2026-09-29T03:42:32.552221+00:00,213.43242769996868,0,751870,160,240,400,751879.6992481203,0.0,0.0,True,0,
2026-09-29T03:42:32.771529+00:00,213.65172520000488,0,751880,160,100,260,751879.6992481203,0.0,0.0,True,0,
2026-09-29T03:42:32.991057+00:00,213.87123689998407,0,751870,310,160,470,751879.6992481203,0.0,0.0,True,0,
2026-09-29T03:42:33.209247+00:00,214.0894496999681,0,751880,240,170,410,751879.6992481203,0.0,0.0,True,0,
2026-09-29T03:42:33.426763+00:00,214.30698479997227,0,751870,250,160,410,751879.6992481203,0.0,0.0,True,0,
2026-09-29T03:42:33.645097+00:00,214.5252974999603,0,751870,180,160,340,751879.6992481203,0.0,0.0,True,0,
2026-09-29T03:42:33.862586+00:00,214.74276049999753,0,751880,260,120,380,751879.6992481203,0.0,0.0,True,0,
2026-09-29T03:42:34.081573+00:00,214.9617464999901,0,751880,160,100,260,751879.6992481203,0.0,0.0,True,0,
2026-09-29T03:42:34.302384+00:00,215.182551099977,0,751870,260,150,410,751879.6992481203,0.0,0.0,True,0,
2026-09-29T03:42:34.519005+00:00,215.39919440000085,0,751870,260,120,380,751879.6992481203,0.0,0.0,True,0,
2026-09-29T03:42:34.737371+00:00,215.61755059997085,0,751880,190,150,340,751879.6992481203,0.0,0.0,True,0,
2026-09-29T03:42:34.957376+00:00,215.83757819997845,0,751880,180,250,430,751879.6992481203,0.0,0.0,True,0,
2026-09-29T03:42:35.174285+00:00,216.05448190000607,0,751880,190,160,350,751879.6992481203,0.0,0.0,True,0,
2026-09-29T03:42:35.392724+00:00,216.27291900001,0,751870,250,160,410,751879.6992481203,0.0,0.0,True,0,
2026-09-29T03:42:35.611498+00:00,216.49165569996694,0,751870,270,100,370,751879.6992481203,0.0,0.0,True,0,
2026-09-29T03:42:35.830037+00:00,216.71022710000398,0,751880,180,180,360,751879.6992481203,0.0,0.0,True,0,
2026-09-29T03:42:36.049302+00:00,216.92948779999278,0,751870,190,220,410,751879.6992481203,0.0,0.0,True,0,
2026-09-29T03:42:36.266319+00:00,217.1465241999831,0,751870,290,230,520,751879.6992481203,0.0,0.0,True,0,
2026-09-29T03:42:36.485191+00:00,217.3653767000069,0,751870,200,260,460,751879.6992481203,0.0,0.0,True,0,
2026-09-29T03:42:36.705515+00:00,217.58566629997222,0,751880,170,150,320,751879.6992481203,0.0,0.0,True,0,
2026-09-29T03:42:36.924191+00:00,217.80436549999285,0,751880,230,230,460,751879.6992481203,0.0,0.0,True,0,
2026-09-29T03:42:37.141242+00:00,218.02141559997108,0,751870,140,260,400,751879.6992481203,0.0,0.0,True,0,
2026-09-29T03:42:37.360143+00:00,218.24044480000157,0,751870,200,170,370,751879.6992481203,0.0,0.0,True,0,
2026-09-29T03:42:37.577639+00:00,218.4578104999964,0,751870,130,150,280,751879.6992481203,0.0,0.0,True,0,
2026-09-29T03:42:37.795293+00:00,218.67546140000923,0,751880,180,180,360,751879.6992481203,0.0,0.0,True,0,
2026-09-29T03:42:38.013871+00:00,218.89403179998044,0,751870,110,140,250,751879.6992481203,0.0,0.0,True,0,
2026-09-29T03:42:38.233776+00:00,219.1139223999926,0,751870,130,60,190,751879.6992481203,0.0,0.0,True,0,
2026-09-29T03:42:38.451346+00:00,219.3315010999795,0,751880,320,210,530,751879.6992481203,0.0,0.0,True,0,
2026-09-29T03:42:38.670448+00:00,219.55059170001186,0,751880,160,130,290,751879.6992481203,0.0,0.0,True,0,
2026-09-29T03:42:38.888769+00:00,219.76892359997146,0,751880,170,170,340,751879.6992481203,0.0,0.0,True,0,
2026-09-29T03:42:39.119794+00:00,219.999964299961,0,751870,140,180,320,751879.6992481203,0.0,0.0,True,0,
2026-09-29T03:42:39.337130+00:00,220.2172683000099,0,751870,270,210,480,751879.6992481203,0.0,0.0,True,0,
2026-09-29T03:42:39.557735+00:00,220.4378735999926,0,751880,210,200,410,751879.6992481203,0.0,0.0,True,0,
2026-09-29T03:42:39.790165+00:00,220.6703029999626,0,751880,200,160,360,751879.6992481203,0.0,0.0,True,0,
2026-09-29T03:42:40.023303+00:00,220.90347600000678,0,751870,270,240,510,751879.6992481203,0.0,0.0,True,0,
2026-09-29T03:42:40.242440+00:00,221.12259469996206,0,751870,170,280,450,751879.6992481203,0.0,0.0,True,0,
2026-09-29T03:42:40.474187+00:00,221.35433000000194,0,751870,240,170,410,751879.6992481203,0.0,0.0,True,0,
2026-09-29T03:42:40.693267+00:00,221.57342169998446,0,751870,180,160,340,751879.6992481203,0.0,0.0,True,0,
2026-09-29T03:42:40.914018+00:00,221.7941717999638,0,751880,220,160,380,751879.6992481203,0.0,0.0,True,0,
2026-09-29T03:42:41.131866+00:00,222.0120058999746,0,751870,130,190,320,751879.6992481203,0.0,0.0,True,0,
2026-09-29T03:42:41.351551+00:00,222.2316885999753,0,751870,150,100,250,751879.6992481203,0.0,0.0,True,0,
2026-09-29T03:42:41.568854+00:00,222.44897590001347,0,751880,290,280,570,751879.6992481203,0.0,0.0,True,0,
2026-09-29T03:42:41.786729+00:00,222.6668534000055,0,751880,130,190,320,751879.6992481203,0.0,0.0,True,0,
2026-09-29T03:42:42.004408+00:00,222.88455029996112,0,751870,130,180,310,751879.6992481203,0.0,0.0,True,0,
2026-09-29T03:42:42.223407+00:00,223.1035361000104,0,751870,110,220,330,751879.6992481203,0.0,0.0,True,0,
2026-09-29T03:42:42.441289+00:00,223.32140829996206,0,751880,220,140,360,751879.6992481203,0.0,0.0,True,0,
2026-09-29T03:42:42.660070+00:00,223.54019019997213,0,751870,140,90,230,751879.6992481203,0.0,0.0,True,0,
2026-09-29T03:42:42.893478+00:00,223.77361299999757,0,751880,250,60,310,751879.6992481203,0.0,0.0,True,0,
2026-09-29T03:42:43.112519+00:00,223.99263439996867,0,751870,150,160,310,751879.6992481203,0.0,0.0,True,0,
2026-09-29T03:42:43.330175+00:00,224.21031749999383,0,751870,240,150,390,751879.6992481203,0.0,0.0,True,0,
2026-09-29T03:42:43.547674+00:00,224.4277891999809,0,751880,200,200,400,751879.6992481203,0.0,0.0,True,0,
2026-09-29T03:42:43.767144+00:00,224.64725129998988,0,751870,200,140,340,751879.6992481203,0.0,0.0,True,0,
2026-09-29T03:42:43.985882+00:00,224.86600969999563,0,751870,190,130,320,751879.6992481203,0.0,0.0,True,0,
2026-09-29T03:42:44.206200+00:00,225.08635180001147,0,751870,160,80,240,751879.6992481203,0.0,0.0,True,0,
2026-09-29T03:42:44.424205+00:00,225.3043278999976,0,751880,210,190,400,751879.6992481203,0.0,0.0,True,0,
2026-09-29T03:42:44.644669+00:00,225.52478370000608,0,751880,230,180,410,751879.6992481203,0.0,0.0,True,0,
2026-09-29T03:42:44.865588+00:00,225.74569509999128,0,751870,210,210,420,751879.6992481203,0.0,0.0,True,0,
2026-09-29T03:42:45.084229+00:00,225.96432959998492,0,751870,200,260,460,751879.6992481203,0.0,0.0,True,0,
2026-09-29T03:42:45.303383+00:00,226.18352329998743,0,751870,310,200,510,751879.6992481203,0.0,0.0,True,0,
2026-09-29T03:42:45.521869+00:00,226.40197629999602,0,751880,90,250,340,751879.6992481203,0.0,0.0,True,0,
2026-09-29T03:42:45.738629+00:00,226.61876069998834,0,751870,230,120,350,751879.6992481203,0.0,0.0,True,0,
2026-09-29T03:42:45.956731+00:00,226.83687860000646,0,751870,140,130,270,751879.6992481203,0.0,0.0,True,0,
2026-09-29T03:42:46.188286+00:00,227.06840559997363,0,751870,130,160,290,751879.6992481203,0.0,0.0,True,0,
2026-09-29T03:42:46.420280+00:00,227.30041530000744,0,751880,170,190,360,751879.6992481203,0.0,0.0,True,0,
2026-09-29T03:42:46.637934+00:00,227.51805149996653,0,751880,220,150,370,751879.6992481203,0.0,0.0,True,0,
2026-09-29T03:42:46.856863+00:00,227.73696569999447,0,751870,220,130,350,751879.6992481203,0.0,0.0,True,0,
2026-09-29T03:42:47.075796+00:00,227.95589509996353,0,751870,270,140,410,751879.6992481203,0.0,0.0,True,0,
2026-09-29T03:42:47.294764+00:00,228.17490939999698,0,751870,200,170,370,751879.6992481203,0.0,0.0,True,0,
2026-09-29T03:42:47.513243+00:00,228.39334740000777,0,751880,160,160,320,751879.6992481203,0.0,0.0,True,0,
2026-09-29T03:42:47.731366+00:00,228.611474299978,0,751870,250,180,430,751879.6992481203,0.0,0.0,True,0,
2026-09-29T03:42:47.963171+00:00,228.8433389000129,0,751870,190,130,320,751879.6992481203,0.0,0.0,True,0,
2026-09-29T03:42:48.180668+00:00,229.06079540000064,0,751870,260,180,440,751879.6992481203,0.0,0.0,True,0,
2026-09-29T03:42:48.398398+00:00,229.27848639996955,0,751880,210,230,440,751879.6992481203,0.0,0.0,True,0,
2026-09-29T03:42:48.616139+00:00,229.49621700000716,0,751880,150,160,310,751879.6992481203,0.0,0.0,True,0,
2026-09-29T03:42:48.833962+00:00,229.71405509999022,0,751870,150,240,390,751879.6992481203,0.0,0.0,True,0,
2026-09-29T03:42:49.053895+00:00,229.93401530000847,0,751870,150,100,250,751879.6992481203,0.0,0.0,True,0,
2026-09-29T03:42:49.271807+00:00,230.15188550000312,0,751880,160,140,300,751879.6992481203,0.0,0.0,True,0,
2026-09-29T03:42:49.490238+00:00,230.37033740000334,0,751880,210,170,380,751879.6992481203,0.0,0.0,True,0,
2026-09-29T03:42:49.709308+00:00,230.5893955999636,0,751870,340,150,490,751879.6992481203,0.0,0.0,True,0,
2026-09-29T03:42:49.929122+00:00,230.8092324999743,0,751870,290,170,460,751879.6992481203,0.0,0.0,True,0,
2026-09-29T03:42:50.161416+00:00,231.04148889996577,0,751880,200,200,400,751879.6992481203,0.0,0.0,True,0,
2026-09-29T03:42:50.381380+00:00,231.26145220000762,0,751870,180,190,370,751879.6992481203,0.0,0.0,True,0,
2026-09-29T03:42:50.599418+00:00,231.47951229999308,0,751880,160,130,290,751879.6992481203,0.0,0.0,True,0,
2026-09-29T03:42:50.817724+00:00,231.69781869999133,0,751870,220,120,340,751879.6992481203,0.0,0.0,True,0,
2026-09-29T03:42:51.049110+00:00,231.92917939997278,0,751870,220,180,400,751879.6992481203,0.0,0.0,True,0,
2026-09-29T03:42:51.280355+00:00,232.16044070001226,0,751870,180,100,280,751879.6992481203,0.0,0.0,True,0,
2026-09-29T03:42:51.512463+00:00,232.39253010001266,0,751880,180,160,340,751879.6992481203,0.0,0.0,True,0,
2026-09-29T03:42:51.729925+00:00,232.60998859995743,0,751870,170,190,360,751879.6992481203,0.0,0.0,True,0,
2026-09-29T03:42:51.947479+00:00,232.8275945999776,0,751870,160,90,250,751879.6992481203,0.0,0.0,True,0,
2026-09-29T03:42:52.165158+00:00,233.0452524999855,0,751880,200,240,440,751879.6992481203,0.0,0.0,True,0,
2026-09-29T03:42:52.382641+00:00,233.26273329998367,0,751870,200,140,340,751879.6992481203,0.0,0.0,True,0,
2026-09-29T03:42:52.601018+00:00,233.48108539998066,0,751880,230,110,340,751879.6992481203,0.0,0.0,True,0,
2026-09-29T03:42:52.819388+00:00,233.69946279999567,0,751870,250,220,470,751879.6992481203,0.0,0.0,True,0,
2026-09-29T03:42:53.051865+00:00,233.93193339998834,0,751870,200,150,350,751879.6992481203,0.0,0.0,True,0,
2026-09-29T03:42:53.271144+00:00,234.1512284000055,0,751880,160,120,280,751879.6992481203,0.0,0.0,True,0,
2026-09-29T03:42:53.491171+00:00,234.37123980000615,0,751880,300,170,470,751879.6992481203,0.0,0.0,True,0,
2026-09-29T03:42:53.711363+00:00,234.59141519997502,0,751870,200,210,410,751879.6992481203,0.0,0.0,True,0,
2026-09-29T03:42:53.928055+00:00,234.8081075999653,0,751870,150,200,350,751879.6992481203,0.0,0.0,True,0,
2026-09-29T03:42:54.146493+00:00,235.02653999999166,0,751880,220,170,390,751879.6992481203,0.0,0.0,True,0,
2026-09-29T03:42:54.365035+00:00,235.24508979998063,0,751880,190,180,370,751879.6992481203,0.0,0.0,True,0,
2026-09-29T03:42:54.596692+00:00,235.47675329999765,0,751880,70,150,220,751879.6992481203,0.0,0.0,True,0,
2026-09-29T03:42:54.815957+00:00,235.6960245000082,0,751870,220,170,390,751879.6992481203,0.0,0.0,True,0,
2026-09-29T03:42:55.035722+00:00,235.9158088999684,0,751870,190,170,360,751879.6992481203,0.0,0.0,True,0,
2026-09-29T03:42:55.252556+00:00,236.13265119999414,0,751880,190,190,380,751879.6992481203,0.0,0.0,True,0,
2026-09-29T03:42:55.470859+00:00,236.35089659999358,0,751870,210,150,360,751879.6992481203,0.0,0.0,True,0,
2026-09-29T03:42:55.689162+00:00,236.5691934999777,0,751870,210,140,350,751879.6992481203,0.0,0.0,True,0,
2026-09-29T03:42:55.910314+00:00,236.79035600001225,0,751870,200,220,420,751879.6992481203,0.0,0.0,True,0,
2026-09-29T03:42:56.127632+00:00,237.00769309996394,0,751880,260,170,430,751879.6992481203,0.0,0.0,True,0,
2026-09-29T03:42:56.345476+00:00,237.2255148999975,0,751880,170,190,360,751879.6992481203,0.0,0.0,True,0,
2026-09-29T03:42:56.565100+00:00,237.44516120001208,0,751870,180,150,330,751879.6992481203,0.0,0.0,True,0,
2026-09-29T03:42:56.782381+00:00,237.6624337999965,0,751870,230,200,430,751879.6992481203,0.0,0.0,True,0,
2026-09-29T03:42:57.002590+00:00,237.88264179998077,0,751870,300,110,410,751879.6992481203,0.0,0.0,True,0,
2026-09-29T03:42:57.234019+00:00,238.11405159998685,0,751880,170,130,300,751879.6992481203,0.0,0.0,True,0,
2026-09-29T03:42:57.451185+00:00,238.33121579996077,0,751870,200,140,340,751879.6992481203,0.0,0.0,True,0,
2026-09-29T03:42:57.667574+00:00,238.5476318000001,0,751870,130,230,360,751879.6992481203,0.0,0.0,True,0,
2026-09-29T03:42:57.884342+00:00,238.76436669996474,0,751870,250,200,450,751879.6992481203,0.0,0.0,True,0,
2026-09-29T03:42:58.102749+00:00,238.98279249999905,0,751870,260,190,450,751879.6992481203,0.0,0.0,True,0,
2026-09-29T03:42:58.320181+00:00,239.2002150999615,0,751880,120,210,330,751879.6992481203,0.0,0.0,True,0,
2026-09-29T03:42:58.537241+00:00,239.41726129996823,0,751870,290,110,400,751879.6992481203,0.0,0.0,True,0,
2026-09-29T03:42:58.757544+00:00,239.6375781999668,0,751870,190,190,380,751879.6992481203,0.0,0.0,True,0,
2026-09-29T03:42:58.975639+00:00,239.85566369997105,0,751870,250,190,440,751879.6992481203,0.0,0.0,True,0,
2026-09-29T03:42:59.192162+00:00,240.0721822999767,0,751880,180,130,310,751879.6992481203,0.0,0.0,True,0,
2026-09-29T03:42:59.425330+00:00,240.3053446999984,0,751870,140,220,360,751879.6992481203,0.0,0.0,True,0,
2026-09-29T03:42:59.643653+00:00,240.52369010000257,0,751870,200,190,390,751879.6992481203,0.0,0.0,True,0,
2026-09-29T03:42:59.876536+00:00,240.75655709998682,0,751870,260,130,390,751879.6992481203,0.0,0.0,True,0,
2026-09-29T03:43:00.094980+00:00,240.97499169997172,0,751870,180,140,320,751879.6992481203,0.0,0.0,True,0,
2026-09-29T03:43:00.313514+00:00,241.19352799997432,0,751880,200,160,360,751879.6992481203,0.0,0.0,True,0,
2026-09-29T03:43:00.532411+00:00,241.4124298999668,0,751870,320,210,530,751879.6992481203,0.0,0.0,True,0,
2026-09-29T03:43:00.749343+00:00,241.6293580000056,0,751870,180,140,320,751879.6992481203,0.0,0.0,True,0,
2026-09-29T03:43:00.968237+00:00,241.84824309998658,0,751880,240,300,540,751879.6992481203,0.0,0.0,True,0,
2026-09-29T03:43:01.186211+00:00,242.06621909997193,0,751880,180,270,450,751879.6992481203,0.0,0.0,True,0,
2026-09-29T03:43:01.404329+00:00,242.28433190000942,0,751870,240,200,440,751879.6992481203,0.0,0.0,True,0,
2026-09-29T03:43:01.622277+00:00,242.50228009995772,0,751870,240,160,400,751879.6992481203,0.0,0.0,True,0,
2026-09-29T03:43:01.842529+00:00,242.72254539997084,0,751880,240,160,400,751879.6992481203,0.0,0.0,True,0,
2026-09-29T03:43:02.060711+00:00,242.94071860000258,0,751880,110,230,340,751879.6992481203,0.0,0.0,True,0,
2026-09-29T03:43:02.277290+00:00,243.1572998999618,0,751880,180,160,340,751879.6992481203,0.0,0.0,True,0,
2026-09-29T03:43:02.495017+00:00,243.3750405999599,0,751870,240,130,370,751879.6992481203,0.0,0.0,True,0,
2026-09-29T03:43:02.712135+00:00,243.59215589996893,0,751870,250,180,430,751879.6992481203,0.0,0.0,True,0,
2026-09-29T03:43:02.929560+00:00,243.80956389999483,0,751880,180,200,380,751879.6992481203,0.0,0.0,True,0,
2026-09-29T03:43:03.161083+00:00,244.04107129998738,0,751870,260,130,390,751879.6992481203,0.0,0.0,True,0,
2026-09-29T03:43:03.380639+00:00,244.2606850999873,0,751870,240,170,410,751879.6992481203,0.0,0.0,True,0,
2026-09-29T03:43:03.598511+00:00,244.47851619997527,0,751870,190,200,390,751879.6992481203,0.0,0.0,True,0,
2026-09-29T03:43:03.818481+00:00,244.69851909996942,0,751880,210,160,370,751879.6992481203,0.0,0.0,True,0,
2026-09-29T03:43:04.036389+00:00,244.91641189996153,0,751880,150,160,310,751879.6992481203,0.0,0.0,True,0,
2026-09-29T03:43:04.267313+00:00,245.14729719999013,0,751870,170,110,280,751879.6992481203,0.0,0.0,True,0,
2026-09-29T03:43:04.486371+00:00,245.36635580001166,0,751870,120,160,280,751879.6992481203,0.0,0.0,True,0,
2026-09-29T03:43:04.704712+00:00,245.5846911999979,0,751870,190,200,390,751879.6992481203,0.0,0.0,True,0,
2026-09-29T03:43:04.921100+00:00,245.80107889999636,0,751880,140,250,390,751879.6992481203,0.0,0.0,True,0,
2026-09-29T03:43:05.140555+00:00,246.02056609996362,0,751870,250,200,450,751879.6992481203,0.0,0.0,True,0,
2026-09-29T03:43:05.360184+00:00,246.24015759996837,0,751870,230,210,440,751879.6992481203,0.0,0.0,True,0,
2026-09-29T03:43:05.576731+00:00,246.45672339998418,0,751870,260,210,470,751879.6992481203,0.0,0.0,True,0,
2026-09-29T03:43:05.797100+00:00,246.67708150000544,0,751880,130,180,310,751879.6992481203,0.0,0.0,True,0,
2026-09-29T03:43:06.017569+00:00,246.8975474999752,0,751870,140,260,400,751879.6992481203,0.0,0.0,True,0,
2026-09-29T03:43:06.234287+00:00,247.11426589998882,0,751870,240,160,400,751879.6992481203,0.0,0.0,True,0,
2026-09-29T03:43:06.454479+00:00,247.33444589999272,0,751870,180,190,370,751879.6992481203,0.0,0.0,True,0,
2026-09-29T03:43:06.675231+00:00,247.55526359996293,0,751870,260,160,420,751879.6992481203,0.0,0.0,True,0,
2026-09-29T03:43:06.910478+00:00,247.79048510000575,0,751880,210,200,410,751879.6992481203,0.0,0.0,True,0,
2026-09-29T03:43:07.129263+00:00,248.00926249998156,0,751870,210,200,410,751879.6992481203,0.0,0.0,True,0,
2026-09-29T03:43:07.346922+00:00,248.22689749998972,0,751870,130,190,320,751879.6992481203,0.0,0.0,True,0,
2026-09-29T03:43:07.564519+00:00,248.44450129999314,0,751880,230,190,420,751879.6992481203,0.0,0.0,True,0,
2026-09-29T03:43:07.783965+00:00,248.66394200001378,0,751880,240,200,440,751879.6992481203,0.0,0.0,True,0,
2026-09-29T03:43:08.002954+00:00,248.88295890000882,0,751880,170,160,330,751879.6992481203,0.0,0.0,True,0,
2026-09-29T03:43:08.220023+00:00,249.0999829999637,0,751870,190,130,320,751879.6992481203,0.0,0.0,True,0,
2026-09-29T03:43:08.451180+00:00,249.3311499999836,0,751870,210,180,390,751879.6992481203,0.0,0.0,True,0,
2026-09-29T03:43:08.670191+00:00,249.55016849999083,0,751880,270,160,430,751879.6992481203,0.0,0.0,True,0,
2026-09-29T03:43:08.889296+00:00,249.76924709999003,0,751880,170,170,340,751879.6992481203,0.0,0.0,True,0,
2026-09-29T03:43:09.106785+00:00,249.9867532000062,0,751870,230,150,380,751879.6992481203,0.0,0.0,True,0,
2026-09-29T03:43:09.324140+00:00,250.20419809996383,0,751870,150,170,320,751879.6992481203,0.0,0.0,True,0,
2026-09-29T03:43:09.541608+00:00,250.42155869997805,0,751880,190,240,430,751879.6992481203,0.0,0.0,True,0,
2026-09-29T03:43:09.760288+00:00,250.64025609998498,0,751870,150,230,380,751879.6992481203,0.0,0.0,True,0,
2026-09-29T03:43:09.978279+00:00,250.85822609998286,0,751880,180,180,360,751879.6992481203,0.0,0.0,True,0,
2026-09-29T03:43:10.196201+00:00,251.0761754999985,0,751870,130,190,320,751879.6992481203,0.0,0.0,True,0,
2026-09-29T03:43:10.413522+00:00,251.2935032999958,0,751870,170,160,330,751879.6992481203,0.0,0.0,True,0,
2026-09-29T03:43:10.632080+00:00,251.51203029998578,0,751880,190,210,400,751879.6992481203,0.0,0.0,True,0,
2026-09-29T03:43:10.863406+00:00,251.74335989996325,0,751870,280,150,430,751879.6992481203,0.0,0.0,True,0,
2026-09-29T03:43:11.094685+00:00,251.9746976000024,0,751870,230,220,450,751879.6992481203,0.0,0.0,True,0,
2026-09-29T03:43:11.313472+00:00,252.19340869999724,0,751870,200,150,350,751879.6992481203,0.0,0.0,True,0,
2026-09-29T03:43:11.532571+00:00,252.41251059999922,0,751880,220,120,340,751879.6992481203,0.0,0.0,True,0,
2026-09-29T03:43:11.751178+00:00,252.63112450001063,0,751870,220,130,350,751879.6992481203,0.0,0.0,True,0,
2026-09-29T03:43:11.971408+00:00,252.85134369996376,0,751870,110,150,260,751879.6992481203,0.0,0.0,True,0,
2026-09-29T03:43:12.203338+00:00,253.08331309998175,0,751870,280,220,500,751879.6992481203,0.0,0.0,True,0,
2026-09-29T03:43:12.420891+00:00,253.30085539998254,0,751870,230,150,380,751879.6992481203,0.0,0.0,True,0,
2026-09-29T03:43:12.638997+00:00,253.5189394999761,0,751880,150,210,360,751879.6992481203,0.0,0.0,True,0,
2026-09-29T03:43:12.857646+00:00,253.73758949997136,0,751870,170,110,280,751879.6992481203,0.0,0.0,True,0,
2026-09-29T03:43:13.076328+00:00,253.9562964999932,0,751870,160,280,440,751879.6992481203,0.0,0.0,True,0,
2026-09-29T03:43:13.308018+00:00,254.18798489996698,0,751870,150,210,360,751879.6992481203,0.0,0.0,True,0,
2026-09-29T03:43:13.526031+00:00,254.40597759996308,0,751880,240,190,430,751879.6992481203,0.0,0.0,True,0,
2026-09-29T03:43:13.745901+00:00,254.62583059997996,0,751870,180,170,350,751879.6992481203,0.0,0.0,True,0,
2026-09-29T03:43:13.963712+00:00,254.84367349999957,0,751870,200,130,330,751879.6992481203,0.0,0.0,True,0,
2026-09-29T03:43:14.182623+00:00,255.0625837999978,0,751870,170,170,340,751879.6992481203,0.0,0.0,True,0,
2026-09-29T03:43:14.399428+00:00,255.27935139997862,0,751870,180,110,290,751879.6992481203,0.0,0.0,True,0,
2026-09-29T03:43:14.619450+00:00,255.4993929999764,0,751880,150,150,300,751879.6992481203,0.0,0.0,True,0,
2026-09-29T03:43:14.837868+00:00,255.71779590001097,0,751870,160,130,290,751879.6992481203,0.0,0.0,True,0,
2026-09-29T03:43:15.056786+00:00,255.93674559995998,0,751870,260,180,440,751879.6992481203,0.0,0.0,True,0,
2026-09-29T03:43:15.274929+00:00,256.1548867999809,0,751870,190,170,360,751879.6992481203,0.0,0.0,True,0,
2026-09-29T03:43:15.492589+00:00,256.3725265999674,0,751880,160,140,300,751879.6992481203,0.0,0.0,True,0,
2026-09-29T03:43:15.710634+00:00,256.5905716000125,0,751880,200,120,320,751879.6992481203,0.0,0.0,True,0,
2026-09-29T03:43:15.929409+00:00,256.80934569996316,0,751870,190,110,300,751879.6992481203,0.0,0.0,True,0,
2026-09-29T03:43:16.160740+00:00,257.0406779999612,0,751870,220,210,430,751879.6992481203,0.0,0.0,True,0,
2026-09-29T03:43:16.392688+00:00,257.2726360000088,0,751870,180,120,300,751879.6992481203,0.0,0.0,True,0,
2026-09-29T03:43:16.610267+00:00,257.490194300015,0,751880,200,120,320,751879.6992481203,0.0,0.0,True,0,
2026-09-29T03:43:16.828415+00:00,257.7083418999682,0,751870,220,110,330,751879.6992481203,0.0,0.0,True,0,
2026-09-29T03:43:17.047825+00:00,257.9277299999958,0,751870,210,160,370,751879.6992481203,0.0,0.0,True,0,
2026-09-29T03:43:17.267022+00:00,258.146950299968,0,751880,180,130,310,751879.6992481203,0.0,0.0,True,0,
2026-09-29T03:43:17.485641+00:00,258.3655669,0,751880,180,130,310,751879.6992481203,0.0,0.0,True,0,
2026-09-29T03:43:17.705670+00:00,258.5855706000002,0,751880,230,270,500,751879.6992481203,0.0,0.0,True,0,
2026-09-29T03:43:17.925202+00:00,258.80514010001207,0,751870,190,130,320,751879.6992481203,0.0,0.0,True,0,
2026-09-29T03:43:18.157157+00:00,259.0370980000007,0,751870,200,100,300,751879.6992481203,0.0,0.0,True,0,
2026-09-29T03:43:18.389687+00:00,259.26960850000614,0,751870,270,190,460,751879.6992481203,0.0,0.0,True,0,
2026-09-29T03:43:18.607274+00:00,259.48716989997774,0,751880,150,160,310,751879.6992481203,0.0,0.0,True,0,
2026-09-29T03:43:18.824620+00:00,259.70454090001294,0,751870,250,230,480,751879.6992481203,0.0,0.0,True,0,
2026-09-29T03:43:19.058939+00:00,259.9388697000104,0,751870,300,190,490,751879.6992481203,0.0,0.0,True,0,
2026-09-29T03:43:19.277770+00:00,260.1577001999831,0,751870,150,140,290,751879.6992481203,0.0,0.0,True,0,
2026-09-29T03:43:19.495376+00:00,260.3752827999997,0,751870,210,200,410,751879.6992481203,0.0,0.0,True,0,
2026-09-29T03:43:19.712574+00:00,260.5924871999887,0,751880,180,90,270,751879.6992481203,0.0,0.0,True,0,
2026-09-29T03:43:19.931177+00:00,260.81106749997707,0,751870,240,230,470,751879.6992481203,0.0,0.0,True,0,
2026-09-29T03:43:20.151492+00:00,261.03138780000154,0,751870,150,180,330,751879.6992481203,0.0,0.0,True,0,
2026-09-29T03:43:20.382774+00:00,261.2626906000078,0,751870,150,190,340,751879.6992481203,0.0,0.0,True,0,
2026-09-29T03:43:20.600665+00:00,261.4805753999972,0,751880,300,170,470,751879.6992481203,0.0,0.0,True,0,
2026-09-29T03:43:20.833685+00:00,261.71358280000277,0,751870,280,250,530,751879.6992481203,0.0,0.0,True,0,
2026-09-29T03:43:21.066113+00:00,261.94602049997775,0,751870,190,180,370,751879.6992481203,0.0,0.0,True,0,
2026-09-29T03:43:21.284964+00:00,262.16489519999595,0,751870,220,150,370,751879.6992481203,0.0,0.0,True,0,
2026-09-29T03:43:21.503019+00:00,262.3829057000112,0,751870,170,200,370,751879.6992481203,0.0,0.0,True,0,
2026-09-29T03:43:21.723308+00:00,262.6031840000069,0,751880,240,280,520,751879.6992481203,0.0,0.0,True,0,
2026-09-29T03:43:21.943252+00:00,262.8231625999906,0,751870,170,140,310,751879.6992481203,0.0,0.0,True,0,
2026-09-29T03:43:22.174665+00:00,263.05453959997976,0,751870,200,180,380,751879.6992481203,0.0,0.0,True,0,
2026-09-29T03:43:22.391457+00:00,263.2713291000109,0,751870,260,250,510,751879.6992481203,0.0,0.0,True,0,
2026-09-29T03:43:22.611598+00:00,263.4915015999577,0,751880,180,160,340,751879.6992481203,0.0,0.0,True,0,
2026-09-29T03:43:22.830722+00:00,263.71061369997915,0,751870,180,120,300,751879.6992481203,0.0,0.0,True,0,
2026-09-29T03:43:23.050538+00:00,263.9304431999917,0,751870,190,150,340,751879.6992481203,0.0,0.0,True,0,
2026-09-29T03:43:23.270502+00:00,264.1503720000037,0,751870,180,160,340,751879.6992481203,0.0,0.0,True,0,
2026-09-29T03:43:23.487804+00:00,264.3676715999609,0,751870,150,140,290,751879.6992481203,0.0,0.0,True,0,
2026-09-29T03:43:23.927279+00:00,264.8071396999876,1,751870,160,190,350,751879.6992481203,-61.0,30.0,True,0,
2026-09-29T03:43:24.146325+00:00,265.02621869998984,1,751870,210,310,520,751879.6992481203,-61.0,30.0,True,0,
2026-09-29T03:43:24.364218+00:00,265.24407859996427,1,751880,200,210,410,751879.6992481203,-61.0,30.0,True,0,
2026-09-29T03:43:24.581119+00:00,265.46097620000364,1,751880,160,240,400,751879.6992481203,-61.0,30.0,True,0,
2026-09-29T03:43:24.801943+00:00,265.6818032999872,1,751870,170,170,340,751879.6992481203,-61.0,30.0,True,0,
2026-09-29T03:43:25.021114+00:00,265.9009735999862,1,751870,190,170,360,751879.6992481203,-61.0,30.0,True,0,
2026-09-29T03:43:25.240118+00:00,266.1199751999811,1,751870,140,280,420,751879.6992481203,-61.0,30.0,True,0,
2026-09-29T03:43:25.461426+00:00,266.34128519997466,1,751880,230,200,430,751879.6992481203,-61.0,30.0,True,0,
2026-09-29T03:43:25.680601+00:00,266.56045569997514,1,751880,120,240,360,751879.6992481203,-61.0,30.0,True,0,
2026-09-29T03:43:25.901766+00:00,266.78162319998955,1,751870,220,160,380,751879.6992481203,-61.0,30.0,True,0,
2026-09-29T03:43:26.122504+00:00,267.00237810000544,1,751870,170,290,460,751879.6992481203,-61.0,30.0,True,0,
2026-09-29T03:43:26.340422+00:00,267.2203056999715,1,751880,110,230,340,751879.6992481203,-61.0,30.0,True,0,
2026-09-29T03:43:26.560500+00:00,267.4403707999736,1,751870,200,260,460,751879.6992481203,-61.0,30.0,True,0,
2026-09-29T03:43:26.778556+00:00,267.6584340999834,1,751870,140,190,330,751879.6992481203,-61.0,30.0,True,0,
2026-09-29T03:43:26.997128+00:00,267.8770025999984,1,751870,150,200,350,751879.6992481203,-61.0,30.0,True,0,
2026-09-29T03:43:27.215079+00:00,268.09493510000175,1,751870,230,260,490,751879.6992481203,-61.0,30.0,True,0,
2026-09-29T03:43:27.432375+00:00,268.3122161999927,1,751880,210,240,450,751879.6992481203,-61.0,30.0,True,0,
2026-09-29T03:43:27.653586+00:00,268.5334250999731,1,751870,240,210,450,751879.6992481203,-61.0,30.0,True,0,
2026-09-29T03:43:27.873573+00:00,268.7534106000094,1,751870,200,230,430,751879.6992481203,-61.0,30.0,True,0,
2026-09-29T03:43:28.092462+00:00,268.9723280000035,1,751870,50,180,230,751879.6992481203,-61.0,30.0,True,0,
2026-09-29T03:43:28.311713+00:00,269.191592499963,1,751880,140,180,320,751879.6992481203,-61.0,30.0,True,0,
2026-09-29T03:43:28.528679+00:00,269.4085383999627,1,751870,170,140,310,751879.6992481203,-61.0,30.0,True,0,
2026-09-29T03:43:28.759498+00:00,269.63934289995814,1,751870,150,200,350,751879.6992481203,-61.0,30.0,True,0,
2026-09-29T03:43:28.979197+00:00,269.8590622000047,1,751870,150,300,450,751879.6992481203,-61.0,30.0,True,0,
2026-09-29T03:43:29.196005+00:00,270.07587080000667,1,751870,200,140,340,751879.6992481203,-61.0,30.0,True,0,
2026-09-29T03:43:29.414757+00:00,270.2946217000135,1,751880,230,190,420,751879.6992481203,-61.0,30.0,True,0,
2026-09-29T03:43:29.632329+00:00,270.51218919997336,1,751870,200,210,410,751879.6992481203,-61.0,30.0,True,0,
2026-09-29T03:43:29.851132+00:00,270.7309893000056,1,751870,250,240,490,751879.6992481203,-61.0,30.0,True,0,
2026-09-29T03:43:30.070462+00:00,270.9502971000038,1,751880,170,190,360,751879.6992481203,-61.0,30.0,True,0,
2026-09-29T03:43:30.289339+00:00,271.16916599997785,1,751880,230,170,400,751879.6992481203,-61.0,30.0,True,0,
2026-09-29T03:43:30.520792+00:00,271.4006395000033,1,751870,160,180,340,751879.6992481203,-61.0,30.0,True,0,
2026-09-29T03:43:30.739104+00:00,271.6189253999619,1,751870,130,220,350,751879.6992481203,-61.0,30.0,True,0,
2026-09-29T03:43:30.957799+00:00,271.83762760000536,1,751880,80,220,300,751879.6992481203,-61.0,30.0,True,0,
2026-09-29T03:43:31.191594+00:00,272.07144759997027,1,751870,220,120,340,751879.6992481203,-61.0,30.0,True,0,
2026-09-29T03:43:31.412362+00:00,272.29221859999234,1,751880,150,140,290,751879.6992481203,-61.0,30.0,True,0,
2026-09-29T03:43:31.631600+00:00,272.51143740001135,1,751870,110,210,320,751879.6992481203,-61.0,30.0,True,0,
2026-09-29T03:43:31.851243+00:00,272.73107919999165,1,751870,130,200,330,751879.6992481203,-61.0,30.0,True,0,
2026-09-29T03:43:32.069359+00:00,272.9491901000147,1,751880,170,200,370,751879.6992481203,-61.0,30.0,True,0,
2026-09-29T03:43:32.301963+00:00,273.1818146999576,1,751880,160,170,330,751879.6992481203,-61.0,30.0,True,0,
2026-09-29T03:43:32.520507+00:00,273.400322499976,1,751870,210,220,430,751879.6992481203,-61.0,30.0,True,0,
2026-09-29T03:43:32.739545+00:00,273.61938779999036,1,751870,120,200,320,751879.6992481203,-61.0,30.0,True,0,
2026-09-29T03:43:32.971838+00:00,273.8516450999887,1,751880,160,160,320,751879.6992481203,-61.0,30.0,True,0,
2026-09-29T03:43:33.190434+00:00,274.0702635999769,1,751870,160,120,280,751879.6992481203,-61.0,30.0,True,0,
2026-09-29T03:43:33.409453+00:00,274.2892958999728,1,751880,160,190,350,751879.6992481203,-61.0,30.0,True,0,
2026-09-29T03:43:33.628581+00:00,274.5084091000026,1,751870,160,210,370,751879.6992481203,-61.0,30.0,True,0,
2026-09-29T03:43:33.847235+00:00,274.7270923999604,1,751870,170,230,400,751879.6992481203,-61.0,30.0,True,0,
2026-09-29T03:43:34.064705+00:00,274.94454369996674,1,751880,180,250,430,751879.6992481203,-61.0,30.0,True,0,
2026-09-29T03:43:34.283152+00:00,275.16299019998405,1,751880,140,170,310,751879.6992481203,-61.0,30.0,True,0,
2026-09-29T03:43:34.504720+00:00,275.38454820000334,1,751870,140,260,400,751879.6992481203,-61.0,30.0,True,0,
2026-09-29T03:43:34.723289+00:00,275.60309119999874,1,751870,220,160,380,751879.6992481203,-61.0,30.0,True,0,
2026-09-29T03:43:34.940977+00:00,275.8208076999872,1,751880,180,270,450,751879.6992481203,-61.0,30.0,True,0,
2026-09-29T03:43:35.160747+00:00,276.0405788999633,1,751880,130,260,390,751879.6992481203,-61.0,30.0,True,0,
2026-09-29T03:43:35.380644+00:00,276.26047159999143,1,751880,140,210,350,751879.6992481203,-61.0,30.0,True,0,
2026-09-29T03:43:35.598730+00:00,276.47852249996504,1,751870,200,150,350,751879.6992481203,-61.0,30.0,True,0,
2026-09-29T03:43:35.819581+00:00,276.69937260000734,1,751870,180,170,350,751879.6992481203,-61.0,30.0,True,0,
2026-09-29T03:43:36.038610+00:00,276.9184620999731,1,751880,180,220,400,751879.6992481203,-61.0,30.0,True,0,
2026-09-29T03:43:36.258875+00:00,277.13869110000087,1,751870,200,220,420,751879.6992481203,-61.0,30.0,True,0,
2026-09-29T03:43:36.478222+00:00,277.3580318999593,1,751870,190,160,350,751879.6992481203,-61.0,30.0,True,0,
2026-09-29T03:43:36.695893+00:00,277.5757033000118,1,751870,180,190,370,751879.6992481203,-61.0,30.0,True,0,
2026-09-29T03:43:36.914526+00:00,277.79430750000756,1,751870,180,200,380,751879.6992481203,-61.0,30.0,True,0,
2026-09-29T03:43:37.145380+00:00,278.0251998999738,1,751880,190,250,440,751879.6992481203,-61.0,30.0,True,0,
2026-09-29T03:43:37.363635+00:00,278.24345439998433,1,751870,200,180,380,751879.6992481203,-61.0,30.0,True,0,
2026-09-29T03:43:37.581154+00:00,278.4609543000115,1,751870,180,130,310,751879.6992481203,-61.0,30.0,True,0,
2026-09-29T03:43:37.798619+00:00,278.67841419996694,1,751870,190,150,340,751879.6992481203,-61.0,30.0,True,0,
2026-09-29T03:43:38.017839+00:00,278.8976485999883,1,751880,250,200,450,751879.6992481203,-61.0,30.0,True,0,
2026-09-29T03:43:38.237267+00:00,279.1170386999729,1,751870,110,180,290,751879.6992481203,-61.0,30.0,True,0,
2026-09-29T03:43:38.457265+00:00,279.33705739997094,1,751870,100,190,290,751879.6992481203,-61.0,30.0,True,0,
2026-09-29T03:43:38.686941+00:00,279.56670939998,1,751870,160,180,340,751879.6992481203,-61.0,30.0,True,0,
2026-09-29T03:43:38.903821+00:00,279.78361819998827,1,751870,170,270,440,751879.6992481203,-61.0,30.0,True,0,
2026-09-29T03:43:39.120992+00:00,280.0007959000068,1,751880,110,220,330,751879.6992481203,-61.0,30.0,True,0,
2026-09-29T03:43:39.341813+00:00,280.221619799966,1,751870,180,180,360,751879.6992481203,-61.0,30.0,True,0,
2026-09-29T03:43:39.559469+00:00,280.4392406999832,1,751870,230,180,410,751879.6992481203,-61.0,30.0,True,0,
2026-09-29T03:43:39.780028+00:00,280.65979289996903,1,751870,150,90,240,751879.6992481203,-61.0,30.0,True,0,
2026-09-29T03:43:40.001357+00:00,280.8811541000032,1,751880,100,170,270,751879.6992481203,-61.0,30.0,True,0,
2026-09-29T03:43:40.220928+00:00,281.1007234000135,1,751870,160,150,310,751879.6992481203,-61.0,30.0,True,0,
2026-09-29T03:43:40.440667+00:00,281.3204563999898,1,751870,170,230,400,751879.6992481203,-61.0,30.0,True,0,
2026-09-29T03:43:40.658778+00:00,281.53855840000324,1,751880,180,230,410,751879.6992481203,-61.0,30.0,True,0,
2026-09-29T03:43:40.877608+00:00,281.7573659999762,1,751870,120,190,310,751879.6992481203,-61.0,30.0,True,0,
2026-09-29T03:43:41.095930+00:00,281.9757244999637,1,751880,180,220,400,751879.6992481203,-61.0,30.0,True,0,
2026-09-29T03:43:41.329129+00:00,282.2089160999749,1,751870,190,240,430,751879.6992481203,-61.0,30.0,True,0,
2026-09-29T03:43:41.547137+00:00,282.42691410001134,1,751870,160,250,410,751879.6992481203,-61.0,30.0,True,0,
2026-09-29T03:43:41.765779+00:00,282.645552699978,1,751880,120,180,300,751879.6992481203,-61.0,30.0,True,0,
2026-09-29T03:43:41.985008+00:00,282.8647929999861,1,751880,250,180,430,751879.6992481203,-61.0,30.0,True,0,
2026-09-29T03:43:42.204554+00:00,283.08434000000125,1,751870,120,230,350,751879.6992481203,-61.0,30.0,True,0,
2026-09-29T03:43:42.422413+00:00,283.3021633999888,1,751870,200,130,330,751879.6992481203,-61.0,30.0,True,0,
2026-09-29T03:43:42.640547+00:00,283.5202968000085,1,751880,240,250,490,751879.6992481203,-61.0,30.0,True,0,
2026-09-29T03:43:42.861409+00:00,283.74119589995826,1,751880,110,210,320,751879.6992481203,-61.0,30.0,True,0,
2026-09-29T03:43:43.092494+00:00,283.97223829996074,1,751880,140,310,450,751879.6992481203,-61.0,30.0,True,0,
2026-09-29T03:43:43.313258+00:00,284.19303219998255,1,751870,190,190,380,751879.6992481203,-61.0,30.0,True,0,
2026-09-29T03:43:43.545830+00:00,284.4255728999851,1,751870,120,260,380,751879.6992481203,-61.0,30.0,True,0,
2026-09-29T03:43:43.765147+00:00,284.6448895999929,1,751880,210,200,410,751879.6992481203,-61.0,30.0,True,0,
2026-09-29T03:43:43.984550+00:00,284.864325499977,1,751880,120,110,230,751879.6992481203,-61.0,30.0,True,0,
2026-09-29T03:43:44.204349+00:00,285.08409989997745,1,751870,290,150,440,751879.6992481203,-61.0,30.0,True,0,
2026-09-29T03:43:44.423484+00:00,285.30325220001396,1,751870,180,280,460,751879.6992481203,-61.0,30.0,True,0,
2026-09-29T03:43:44.642876+00:00,285.52262419997714,1,751880,150,180,330,751879.6992481203,-61.0,30.0,True,0,
2026-09-29T03:43:44.861698+00:00,285.7414620000054,1,751880,190,240,430,751879.6992481203,-61.0,30.0,True,0,
2026-09-29T03:43:45.079484+00:00,285.95924299996113,1,751880,130,230,360,751879.6992481203,-61.0,30.0,True,0,
2026-09-29T03:43:45.297083+00:00,286.1768494999851,1,751870,220,100,320,751879.6992481203,-61.0,30.0,True,0,
2026-09-29T03:43:45.516025+00:00,286.3957743999781,1,751870,190,120,310,751879.6992481203,-61.0,30.0,True,0,
2026-09-29T03:43:45.733566+00:00,286.61331549996976,1,751880,270,190,460,751879.6992481203,-61.0,30.0,True,0,
2026-09-29T03:43:45.951259+00:00,286.831044999999,1,751870,160,230,390,751879.6992481203,-61.0,30.0,True,0,
2026-09-29T03:43:46.171041+00:00,287.05082020000555,1,751870,130,270,400,751879.6992481203,-61.0,30.0,True,0,
2026-09-29T03:43:46.389078+00:00,287.2688318999717,1,751870,160,270,430,751879.6992481203,-61.0,30.0,True,0,
2026-09-29T03:43:46.607602+00:00,287.48734809999587,1,751870,200,180,380,751879.6992481203,-61.0,30.0,True,0,
2026-09-29T03:43:46.825171+00:00,287.70491209998727,1,751880,150,250,400,751879.6992481203,-61.0,30.0,True,0,
2026-09-29T03:43:47.043921+00:00,287.92368229996646,1,751870,140,170,310,751879.6992481203,-61.0,30.0,True,0,
2026-09-29T03:43:47.264645+00:00,288.14440069999546,1,751870,150,200,350,751879.6992481203,-61.0,30.0,True,0,
2026-09-29T03:43:47.484542+00:00,288.3642824999988,1,751870,150,230,380,751879.6992481203,-61.0,30.0,True,0,
2026-09-29T03:43:47.704093+00:00,288.58381609997014,1,751880,220,140,360,751879.6992481203,-61.0,30.0,True,0,
2026-09-29T03:43:47.923552+00:00,288.8033087999793,1,751870,130,170,300,751879.6992481203,-61.0,30.0,True,0,
2026-09-29T03:43:48.142258+00:00,289.02200769999763,1,751870,160,170,330,751879.6992481203,-61.0,30.0,True,0,
2026-09-29T03:43:48.359385+00:00,289.23912479996216,1,751880,110,180,290,751879.6992481203,-61.0,30.0,True,0,
2026-09-29T03:43:48.576437+00:00,289.4561724999803,1,751870,230,160,390,751879.6992481203,-61.0,30.0,True,0,
2026-09-29T03:43:48.796536+00:00,289.67624579998665,1,751880,100,160,260,751879.6992481203,-61.0,30.0,True,0,
2026-09-29T03:43:49.027571+00:00,289.90728380001383,1,751870,170,130,300,751879.6992481203,-61.0,30.0,True,0,
2026-09-29T03:43:49.246678+00:00,290.12641069997335,1,751870,120,270,390,751879.6992481203,-61.0,30.0,True,0,
2026-09-29T03:43:49.464652+00:00,290.34438739996403,1,751880,220,190,410,751879.6992481203,-61.0,30.0,True,0,
2026-09-29T03:43:49.684941+00:00,290.56467270001303,1,751880,190,130,320,751879.6992481203,-61.0,30.0,True,0,
2026-09-29T03:43:49.906340+00:00,290.7860595000093,1,751870,170,210,380,751879.6992481203,-61.0,30.0,True,0,
2026-09-29T03:43:50.123628+00:00,291.00336199998856,1,751870,160,240,400,751879.6992481203,-61.0,30.0,True,0,
2026-09-29T03:43:50.341511+00:00,291.22124529996654,1,751880,100,180,280,751879.6992481203,-61.0,30.0,True,0,
2026-09-29T03:43:50.560468+00:00,291.4401943999692,1,751880,230,190,420,751879.6992481203,-61.0,30.0,True,0,
2026-09-29T03:43:50.782162+00:00,291.6618928000098,1,751880,190,210,400,751879.6992481203,-61.0,30.0,True,0,
2026-09-29T03:43:50.999522+00:00,291.8792935999809,1,751870,180,170,350,751879.6992481203,-61.0,30.0,True,0,
2026-09-29T03:43:51.217279+00:00,292.09697750001214,1,751870,210,150,360,751879.6992481203,-61.0,30.0,True,0,
2026-09-29T03:43:51.436882+00:00,292.31661159999203,1,751880,200,250,450,751879.6992481203,-61.0,30.0,True,0,
2026-09-29T03:43:51.654392+00:00,292.53408660000423,1,751870,200,190,390,751879.6992481203,-61.0,30.0,True,0,
2026-09-29T03:43:51.873595+00:00,292.7532940999954,1,751870,170,170,340,751879.6992481203,-61.0,30.0,True,0,
2026-09-29T03:43:52.093181+00:00,292.97290920000523,1,751870,150,140,290,751879.6992481203,-61.0,30.0,True,0,
2026-09-29T03:43:52.310041+00:00,293.18977019999875,1,751870,120,210,330,751879.6992481203,-61.0,30.0,True,0,
2026-09-29T03:43:52.529121+00:00,293.40883480000775,1,751880,110,200,310,751879.6992481203,-61.0,30.0,True,0,
2026-09-29T03:43:52.749483+00:00,293.62918889999855,1,751870,220,180,400,751879.6992481203,-61.0,30.0,True,0,
2026-09-29T03:43:52.969506+00:00,293.84922370000277,1,751870,140,110,250,751879.6992481203,-61.0,30.0,True,0,
2026-09-29T03:43:53.189464+00:00,294.06918609997956,1,751870,140,280,420,751879.6992481203,-61.0,30.0,True,0,
2026-09-29T03:43:53.406808+00:00,294.28649560001213,1,751880,240,250,490,751879.6992481203,-61.0,30.0,True,0,
2026-09-29T03:43:53.627554+00:00,294.50725999998394,1,751870,240,110,350,751879.6992481203,-61.0,30.0,True,0,
2026-09-29T03:43:53.848388+00:00,294.72806950000813,1,751870,130,270,400,751879.6992481203,-61.0,30.0,True,0,
2026-09-29T03:43:54.068866+00:00,294.9485852000071,1,751880,170,160,330,751879.6992481203,-61.0,30.0,True,0,
2026-09-29T03:43:54.288075+00:00,295.16775309998775,1,751870,200,210,410,751879.6992481203,-61.0,30.0,True,0,
2026-09-29T03:43:54.508708+00:00,295.38841429998865,1,751880,160,220,380,751879.6992481203,-61.0,30.0,True,0,
2026-09-29T03:43:54.727762+00:00,295.6074618999846,1,751870,130,200,330,751879.6992481203,-61.0,30.0,True,0,
2026-09-29T03:43:54.944891+00:00,295.82460019999417,1,751870,240,100,340,751879.6992481203,-61.0,30.0,True,0,
2026-09-29T03:43:55.163266+00:00,296.04298229998676,1,751880,180,250,430,751879.6992481203,-61.0,30.0,True,0,
2026-09-29T03:43:55.393717+00:00,296.2734338999726,1,751880,200,180,380,751879.6992481203,-61.0,30.0,True,0,
2026-09-29T03:43:55.615368+00:00,296.49506389995804,1,751870,90,160,250,751879.6992481203,-61.0,30.0,True,0,
2026-09-29T03:43:55.834409+00:00,296.71410420001484,1,751870,120,190,310,751879.6992481203,-61.0,30.0,True,0,
2026-09-29T03:43:56.052465+00:00,296.9321761999745,1,751880,180,160,340,751879.6992481203,-61.0,30.0,True,0,
2026-09-29T03:43:56.271464+00:00,297.1511759000132,1,751880,180,160,340,751879.6992481203,-61.0,30.0,True,0,
2026-09-29T03:43:56.491319+00:00,297.37098599999445,1,751880,230,190,420,751879.6992481203,-61.0,30.0,True,0,
2026-09-29T03:43:56.721127+00:00,297.60079009999754,1,751870,140,190,330,751879.6992481203,-61.0,30.0,True,0,
2026-09-29T03:43:56.939977+00:00,297.8196772999945,1,751870,160,160,320,751879.6992481203,-61.0,30.0,True,0,
2026-09-29T03:43:57.159990+00:00,298.03967989998637,1,751880,170,260,430,751879.6992481203,-61.0,30.0,True,0,
2026-09-29T03:43:57.377889+00:00,298.2575862999656,1,751880,160,260,420,751879.6992481203,-61.0,30.0,True,0,
2026-09-29T03:43:57.596825+00:00,298.4765138999792,1,751870,130,260,390,751879.6992481203,-61.0,30.0,True,0,
2026-09-29T03:43:57.816455+00:00,298.69613609998487,1,751870,70,190,260,751879.6992481203,-61.0,30.0,True,0,
2026-09-29T03:43:58.048302+00:00,298.92799009999726,1,751880,160,140,300,751879.6992481203,-61.0,30.0,True,0,
2026-09-29T03:43:58.281945+00:00,299.1616449999856,1,751870,190,200,390,751879.6992481203,-61.0,30.0,True,0,
2026-09-29T03:43:58.501289+00:00,299.3809666999732,1,751880,150,300,450,751879.6992481203,-61.0,30.0,True,0,
2026-09-29T03:43:58.729363+00:00,299.609041299962,1,751870,130,200,330,751879.6992481203,-61.0,30.0,True,0,
2026-09-29T03:43:58.946751+00:00,299.8264349999954,1,751870,250,260,510,751879.6992481203,-61.0,30.0,True,0,
2026-09-29T03:43:59.164451+00:00,300.0441332999617,1,751880,200,110,310,751879.6992481203,-61.0,30.0,True,0,
2026-09-29T03:43:59.382780+00:00,300.2624260999728,1,751880,180,200,380,751879.6992481203,-61.0,30.0,True,0,
2026-09-29T03:43:59.601329+00:00,300.4809776999755,1,751870,180,230,410,751879.6992481203,-61.0,30.0,True,0,
2026-09-29T03:43:59.833380+00:00,300.7130257000099,1,751870,150,100,250,751879.6992481203,-61.0,30.0,True,0,
2026-09-29T03:44:00.051267+00:00,300.9309252999956,1,751880,200,230,430,751879.6992481203,-61.0,30.0,True,0,
2026-09-29T03:44:00.271966+00:00,301.15164579998236,1,751880,150,170,320,751879.6992481203,-61.0,30.0,True,0,
2026-09-29T03:44:00.489168+00:00,301.3688342999667,1,751880,220,200,420,751879.6992481203,-61.0,30.0,True,0,
2026-09-29T03:44:00.707792+00:00,301.58745379996253,1,751870,90,200,290,751879.6992481203,-61.0,30.0,True,0,
2026-09-29T03:44:00.926040+00:00,301.80571529996814,1,751870,120,200,320,751879.6992481203,-61.0,30.0,True,0,
2026-09-29T03:44:01.157905+00:00,302.03758219996234,1,751880,170,250,420,751879.6992481203,-61.0,30.0,True,0,
2026-09-29T03:44:01.387691+00:00,302.26738599996315,1,751880,210,240,450,751879.6992481203,-61.0,30.0,True,0,
2026-09-29T03:44:01.606233+00:00,302.48586929996964,1,751870,140,240,380,751879.6992481203,-61.0,30.0,True,0,
2026-09-29T03:44:01.822766+00:00,302.7024226000067,1,751870,190,240,430,751879.6992481203,-61.0,30.0,True,0,
2026-09-29T03:44:02.042647+00:00,302.92230809998,1,751880,110,200,310,751879.6992481203,-61.0,30.0,True,0,
2026-09-29T03:44:02.272417+00:00,303.15206679998664,1,751880,140,130,270,751879.6992481203,-61.0,30.0,True,0,
2026-09-29T03:44:02.503818+00:00,303.3834489000146,1,751880,140,190,330,751879.6992481203,-61.0,30.0,True,0,
2026-09-29T03:44:02.737159+00:00,303.6168110999861,1,751870,140,180,320,751879.6992481203,-61.0,30.0,True,0,
2026-09-29T03:44:02.955559+00:00,303.8352210999583,1,751870,170,230,400,751879.6992481203,-61.0,30.0,True,0,
2026-09-29T03:44:03.172568+00:00,304.0522280999576,1,751880,200,160,360,751879.6992481203,-61.0,30.0,True,0,
2026-09-29T03:44:03.392423+00:00,304.2720804999699,1,751880,130,190,320,751879.6992481203,-61.0,30.0,True,0,
2026-09-29T03:44:03.611636+00:00,304.4912806999637,1,751870,190,210,400,751879.6992481203,-61.0,30.0,True,0,
2026-09-29T03:44:03.829694+00:00,304.70932259998517,1,751870,190,160,350,751879.6992481203,-61.0,30.0,True,0,
2026-09-29T03:44:04.048665+00:00,304.9283100999892,1,751880,170,220,390,751879.6992481203,-61.0,30.0,True,0,
2026-09-29T03:44:04.267192+00:00,305.14684469997883,1,751880,200,230,430,751879.6992481203,-61.0,30.0,True,0,
2026-09-29T03:44:04.484744+00:00,305.364379799983,1,751880,240,210,450,751879.6992481203,-61.0,30.0,True,0,
2026-09-29T03:44:04.702690+00:00,305.58230429998366,1,751870,140,170,310,751879.6992481203,-61.0,30.0,True,0,
2026-09-29T03:44:04.923742+00:00,305.80335599998944,1,751870,240,170,410,751879.6992481203,-61.0,30.0,True,0,
2026-09-29T03:44:05.143850+00:00,306.023464399972,1,751880,160,170,330,751879.6992481203,-61.0,30.0,True,0,
2026-09-29T03:44:05.375449+00:00,306.2550829999964,1,751880,190,210,400,751879.6992481203,-61.0,30.0,True,0,
2026-09-29T03:44:05.593139+00:00,306.47277230001055,1,751870,190,230,420,751879.6992481203,-61.0,30.0,True,0,
2026-09-29T03:44:05.813303+00:00,306.6929321999778,1,751870,130,150,280,751879.6992481203,-61.0,30.0,True,0,
2026-09-29T03:44:06.033920+00:00,306.9136091999826,1,751870,190,200,390,751879.6992481203,-61.0,30.0,True,0,
2026-09-29T03:44:06.253109+00:00,307.13275649998104,1,751880,160,230,390,751879.6992481203,-61.0,30.0,True,0,
2026-09-29T03:44:06.473800+00:00,307.353428500006,1,751870,180,230,410,751879.6992481203,-61.0,30.0,True,0,
2026-09-29T03:44:06.694585+00:00,307.57421220000833,1,751870,140,140,280,751879.6992481203,-61.0,30.0,True,0,
2026-09-29T03:44:06.914189+00:00,307.79379189998144,1,751870,170,160,330,751879.6992481203,-61.0,30.0,True,0,
2026-09-29T03:44:07.131763+00:00,308.0114012999693,1,751880,220,210,430,751879.6992481203,-61.0,30.0,True,0,
2026-09-29T03:44:07.351818+00:00,308.2314614999923,1,751870,160,200,360,751879.6992481203,-61.0,30.0,True,0,
2026-09-29T03:44:07.568542+00:00,308.4481480999966,1,751870,190,250,440,751879.6992481203,-61.0,30.0,True,0,
2026-09-29T03:44:07.799487+00:00,308.6791069000028,1,751870,180,220,400,751879.6992481203,-61.0,30.0,True,0,
2026-09-29T03:44:08.017387+00:00,308.8969924999983,1,751870,140,200,340,751879.6992481203,-61.0,30.0,True,0,
2026-09-29T03:44:08.235877+00:00,309.115510899981,1,751880,100,210,310,751879.6992481203,-61.0,30.0,True,0,
2026-09-29T03:44:08.466111+00:00,309.3457314000116,1,751870,110,240,350,751879.6992481203,-61.0,30.0,True,0,
2026-09-29T03:44:08.682114+00:00,309.5617402999778,1,751870,180,180,360,751879.6992481203,-61.0,30.0,True,0,
2026-09-29T03:44:08.901772+00:00,309.78139909997117,1,751870,160,210,370,751879.6992481203,-61.0,30.0,True,0,
2026-09-29T03:44:09.119579+00:00,309.9992040999932,1,751880,130,240,370,751879.6992481203,-61.0,30.0,True,0,
2026-09-29T03:44:09.338121+00:00,310.21774369996274,1,751870,130,190,320,751879.6992481203,-61.0,30.0,True,0,
2026-09-29T03:44:09.557532+00:00,310.43711619998794,1,751870,110,240,350,751879.6992481203,-61.0,30.0,True,0,
2026-09-29T03:44:09.775591+00:00,310.6551968000131,1,751870,160,210,370,751879.6992481203,-61.0,30.0,True,0,
2026-09-29T03:44:09.993033+00:00,310.87265269999625,1,751870,140,280,420,751879.6992481203,-61.0,30.0,True,0,
2026-09-29T03:44:10.225408+00:00,311.1049908999703,1,751880,170,210,380,751879.6992481203,-61.0,30.0,True,0,
2026-09-29T03:44:10.442992+00:00,311.3226006999612,1,751870,120,240,360,751879.6992481203,-61.0,30.0,True,0,
2026-09-29T03:44:10.674737+00:00,311.5543433999992,1,751870,140,150,290,751879.6992481203,-61.0,30.0,True,0,
2026-09-29T03:44:10.895446+00:00,311.775070499978,1,751870,120,180,300,751879.6992481203,-61.0,30.0,True,0,
2026-09-29T03:44:11.113684+00:00,311.99330039997585,1,751880,160,240,400,751879.6992481203,-61.0,30.0,True,0,
2026-09-29T03:44:11.333289+00:00,312.21290240000235,1,751880,100,160,260,751879.6992481203,-61.0,30.0,True,0,
2026-09-29T03:44:11.553153+00:00,312.43275219999487,1,751870,160,220,380,751879.6992481203,-61.0,30.0,True,0,
2026-09-29T03:44:11.771576+00:00,312.65116820001276,1,751870,220,190,410,751879.6992481203,-61.0,30.0,True,0,
2026-09-29T03:44:11.989502+00:00,312.8691113999812,1,751870,140,220,360,751879.6992481203,-61.0,30.0,True,0,
2026-09-29T03:44:12.209078+00:00,313.0886643999838,1,751880,110,200,310,751879.6992481203,-61.0,30.0,True,0,
2026-09-29T03:44:12.426229+00:00,313.30583249998745,1,751870,120,180,300,751879.6992481203,-61.0,30.0,True,0,
2026-09-29T03:44:12.645847+00:00,313.5254477999988,1,751870,160,250,410,751879.6992481203,-61.0,30.0,True,0,
2026-09-29T03:44:12.863923+00:00,313.7434961000108,1,751880,160,270,430,751879.6992481203,-61.0,30.0,True,0,
2026-09-29T03:44:13.081197+00:00,313.9607682999922,1,751880,180,180,360,751879.6992481203,-61.0,30.0,True,0,
2026-09-29T03:44:13.298377+00:00,314.1779470999609,1,751880,160,190,350,751879.6992481203,-61.0,30.0,True,0,
2026-09-29T03:44:13.518710+00:00,314.39831269998103,1,751870,130,250,380,751879.6992481203,-61.0,30.0,True,0,
2026-09-29T03:44:13.751385+00:00,314.63098259997787,1,751870,90,200,290,751879.6992481203,-61.0,30.0,True,0,
2026-09-29T03:44:13.968194+00:00,314.8477950000088,1,751880,180,260,440,751879.6992481203,-61.0,30.0,True,0,
2026-09-29T03:44:14.185822+00:00,315.0654155999655,1,751880,190,170,360,751879.6992481203,-61.0,30.0,True,0,
2026-09-29T03:44:14.406047+00:00,315.2856405999628,1,751870,170,220,390,751879.6992481203,-61.0,30.0,True,0,
2026-09-29T03:44:14.625057+00:00,315.5046349999611,1,751870,240,200,440,751879.6992481203,-61.0,30.0,True,0,
2026-09-29T03:44:14.844490+00:00,315.72404309996637,1,751880,190,270,460,751879.6992481203,-61.0,30.0,True,0,
2026-09-29T03:44:15.062282+00:00,315.9418813000084,1,751880,130,160,290,751879.6992481203,-61.0,30.0,True,0,
2026-09-29T03:44:15.296008+00:00,316.1755914000096,1,751880,230,240,470,751879.6992481203,-61.0,30.0,True,0,
2026-09-29T03:44:15.528741+00:00,316.40830389998155,1,751870,190,210,400,751879.6992481203,-61.0,30.0,True,0,
2026-09-29T03:44:15.748854+00:00,316.62840340001276,1,751870,110,160,270,751879.6992481203,-61.0,30.0,True,0,
2026-09-29T03:44:15.966100+00:00,316.8456904999912,1,751880,90,270,360,751879.6992481203,-61.0,30.0,True,0,
2026-09-29T03:44:16.185041+00:00,317.0645891999593,1,751880,210,170,380,751879.6992481203,-61.0,30.0,True,0,
2026-09-29T03:44:16.403963+00:00,317.2835098999785,1,751870,150,210,360,751879.6992481203,-61.0,30.0,True,0,
2026-09-29T03:44:16.634931+00:00,317.51450329995714,1,751870,230,150,380,751879.6992481203,-61.0,30.0,True,0,
2026-09-29T03:44:16.854102+00:00,317.73364809999475,1,751880,180,230,410,751879.6992481203,-61.0,30.0,True,0,
2026-09-29T03:44:17.072804+00:00,317.95235360000515,1,751880,160,200,360,751879.6992481203,-61.0,30.0,True,0,
2026-09-29T03:44:17.291492+00:00,318.1710322999861,1,751880,210,140,350,751879.6992481203,-61.0,30.0,True,0,
2026-09-29T03:44:17.523604+00:00,318.40315269998973,1,751870,170,180,350,751879.6992481203,-61.0,30.0,True,0,
2026-09-29T03:44:17.742838+00:00,318.62240069999825,1,751870,200,290,490,751879.6992481203,-61.0,30.0,True,0,
2026-09-29T03:44:17.961830+00:00,318.84137420001207,1,751880,160,160,320,751879.6992481203,-61.0,30.0,True,0,
2026-09-29T03:44:18.179946+00:00,319.05951160000404,1,751880,150,160,310,751879.6992481203,-61.0,30.0,True,0,
2026-09-29T03:44:18.399304+00:00,319.2788816000102,1,751870,160,180,340,751879.6992481203,-61.0,30.0,True,0,
2026-09-29T03:44:18.619063+00:00,319.4986026000115,1,751870,170,220,390,751879.6992481203,-61.0,30.0,True,0,
2026-09-29T03:44:18.852734+00:00,319.7322913999669,1,751880,160,160,320,751879.6992481203,-61.0,30.0,True,0,
2026-09-29T03:44:19.098536+00:00,319.97811550000915,1,751870,210,200,410,751879.6992481203,-61.0,30.0,True,0,
2026-09-29T03:44:19.333273+00:00,320.21284190000733,1,751880,240,210,450,751879.6992481203,-61.0,30.0,True,0,
2026-09-29T03:44:19.565656+00:00,320.4452263999847,1,751870,130,230,360,751879.6992481203,-61.0,30.0,True,0,
2026-09-29T03:44:19.799146+00:00,320.6786999999895,1,751870,120,250,370,751879.6992481203,-61.0,30.0,True,0,
2026-09-29T03:44:20.017371+00:00,320.8968992999871,1,751870,160,160,320,751879.6992481203,-61.0,30.0,True,0,
2026-09-29T03:44:20.247858+00:00,321.1274226999958,1,751880,160,190,350,751879.6992481203,-61.0,30.0,True,0,
2026-09-29T03:44:20.467884+00:00,321.3474206000101,1,751870,120,320,440,751879.6992481203,-61.0,30.0,True,0,
2026-09-29T03:44:20.684572+00:00,321.56411559996195,1,751870,60,170,230,751879.6992481203,-61.0,30.0,True,0,
2026-09-29T03:44:20.902957+00:00,321.782474800013,1,751870,120,190,310,751879.6992481203,-61.0,30.0,True,0,
2026-09-29T03:44:21.123386+00:00,322.00290249998216,1,751870,120,220,340,751879.6992481203,-61.0,30.0,True,0,
2026-09-29T03:44:21.342599+00:00,322.2221544999629,1,751880,180,240,420,751879.6992481203,-61.0,30.0,True,0,
2026-09-29T03:44:21.574832+00:00,322.45437240001047,1,751880,200,210,410,751879.6992481203,-61.0,30.0,True,0,
2026-09-29T03:44:21.793529+00:00,322.67306959995767,1,751870,80,250,330,751879.6992481203,-61.0,30.0,True,0,
2026-09-29T03:44:22.010688+00:00,322.8902339999913,1,751870,170,220,390,751879.6992481203,-61.0,30.0,True,0,
2026-09-29T03:44:22.228342+00:00,323.1078838999965,1,751880,170,250,420,751879.6992481203,-61.0,30.0,True,0,
2026-09-29T03:44:22.667274+00:00,323.54678279999644,2,751870,270,150,420,751879.6992481203,43.0,30.0,True,0,
2026-09-29T03:44:22.886668+00:00,323.76619019999634,2,751870,220,170,390,751879.6992481203,43.0,30.0,True,0,
2026-09-29T03:44:23.105814+00:00,323.9853200999787,2,751870,240,130,370,751879.6992481203,43.0,30.0,True,0,
2026-09-29T03:44:23.325551+00:00,324.2050584999961,2,751880,240,110,350,751879.6992481203,43.0,30.0,True,0,
2026-09-29T03:44:23.545429+00:00,324.4249348999583,2,751870,210,120,330,751879.6992481203,43.0,30.0,True,0,
2026-09-29T03:44:23.763693+00:00,324.6431969999685,2,751870,190,50,240,751879.6992481203,43.0,30.0,True,0,
2026-09-29T03:44:23.983435+00:00,324.86293880001176,2,751870,220,90,310,751879.6992481203,43.0,30.0,True,0,
2026-09-29T03:44:24.215875+00:00,325.0953734999639,2,751880,240,160,400,751879.6992481203,43.0,30.0,True,0,
2026-09-29T03:44:24.434950+00:00,325.31447709997883,2,751870,360,150,510,751879.6992481203,43.0,30.0,True,0,
2026-09-29T03:44:24.653009+00:00,325.5325601999648,2,751870,260,80,340,751879.6992481203,43.0,30.0,True,0,
2026-09-29T03:44:24.887726+00:00,325.76724580000155,2,751870,220,110,330,751879.6992481203,43.0,30.0,True,0,
2026-09-29T03:44:25.106509+00:00,325.98603460000595,2,751870,260,80,340,751879.6992481203,43.0,30.0,True,0,
2026-09-29T03:44:25.338552+00:00,326.2180713000125,2,751880,290,170,460,751879.6992481203,43.0,30.0,True,0,
2026-09-29T03:44:25.557217+00:00,326.43672259995947,2,751870,310,200,510,751879.6992481203,43.0,30.0,True,0,
2026-09-29T03:44:25.779191+00:00,326.65868339996086,2,751870,290,140,430,751879.6992481203,43.0,30.0,True,0,
2026-09-29T03:44:26.011986+00:00,326.8915072999662,2,751870,320,120,440,751879.6992481203,43.0,30.0,True,0,
2026-09-29T03:44:26.229049+00:00,327.1085377999698,2,751880,240,120,360,751879.6992481203,43.0,30.0,True,0,
2026-09-29T03:44:26.446608+00:00,327.326121399994,2,751870,210,70,280,751879.6992481203,43.0,30.0,True,0,
2026-09-29T03:44:26.665600+00:00,327.54511889995774,2,751870,190,100,290,751879.6992481203,43.0,30.0,True,0,
2026-09-29T03:44:26.885496+00:00,327.7649931999622,2,751870,340,140,480,751879.6992481203,43.0,30.0,True,0,
2026-09-29T03:44:27.106227+00:00,327.98574639996514,2,751870,320,140,460,751879.6992481203,43.0,30.0,True,0,
2026-09-29T03:44:27.337402+00:00,328.21697760000825,2,751880,200,130,330,751879.6992481203,43.0,30.0,True,0,
2026-09-29T03:44:27.555222+00:00,328.43469969998114,2,751870,190,110,300,751879.6992481203,43.0,30.0,True,0,
2026-09-29T03:44:27.774236+00:00,328.6537140000146,2,751870,220,80,300,751879.6992481203,43.0,30.0,True,0,
2026-09-29T03:44:28.004464+00:00,328.8839469999657,2,751870,180,50,230,751879.6992481203,43.0,30.0,True,0,
2026-09-29T03:44:28.225083+00:00,329.10459279996576,2,751880,210,120,330,751879.6992481203,43.0,30.0,True,0,
2026-09-29T03:44:28.442688+00:00,329.32218839996494,2,751870,310,70,380,751879.6992481203,43.0,30.0,True,0,
2026-09-29T03:44:28.660544+00:00,329.54003179998836,2,751870,350,170,520,751879.6992481203,43.0,30.0,True,0,
2026-09-29T03:44:28.877887+00:00,329.75738389999606,2,751870,250,190,440,751879.6992481203,43.0,30.0,True,0,
2026-09-29T03:44:29.095811+00:00,329.97530859999824,2,751870,350,170,520,751879.6992481203,43.0,30.0,True,0,
2026-09-29T03:44:29.313688+00:00,330.1931988999713,2,751880,380,120,500,751879.6992481203,43.0,30.0,True,0,
2026-09-29T03:44:29.531766+00:00,330.41125339997234,2,751870,290,90,380,751879.6992481203,43.0,30.0,True,0,
2026-09-29T03:44:29.764536+00:00,330.6440241999808,2,751870,210,60,270,751879.6992481203,43.0,30.0,True,0,
2026-09-29T03:44:29.984787+00:00,330.8643063000054,2,751870,330,120,450,751879.6992481203,43.0,30.0,True,0,
2026-09-29T03:44:30.202817+00:00,331.08231600001454,2,751880,200,90,290,751879.6992481203,43.0,30.0,True,0,
2026-09-29T03:44:30.423301+00:00,331.302789999987,2,751870,220,90,310,751879.6992481203,43.0,30.0,True,0,
2026-09-29T03:44:30.642099+00:00,331.52158329996746,2,751870,300,120,420,751879.6992481203,43.0,30.0,True,0,
2026-09-29T03:44:30.862705+00:00,331.7422108000028,2,751870,180,90,270,751879.6992481203,43.0,30.0,True,0,
2026-09-29T03:44:31.084175+00:00,331.9636626999709,2,751870,300,100,400,751879.6992481203,43.0,30.0,True,0,
2026-09-29T03:44:31.315113+00:00,332.1945742999669,2,751880,270,80,350,751879.6992481203,43.0,30.0,True,0,
2026-09-29T03:44:31.534055+00:00,332.4135105999885,2,751870,190,80,270,751879.6992481203,43.0,30.0,True,0,
2026-09-29T03:44:31.754479+00:00,332.6339335999801,2,751870,260,80,340,751879.6992481203,43.0,30.0,True,0,
2026-09-29T03:44:31.972835+00:00,332.85232870001346,2,751880,200,210,410,751879.6992481203,43.0,30.0,True,0,
2026-09-29T03:44:32.190278+00:00,333.0697691999958,2,751880,260,100,360,751879.6992481203,43.0,30.0,True,0,
2026-09-29T03:44:32.422049+00:00,333.30153970001265,2,751880,270,100,370,751879.6992481203,43.0,30.0,True,0,
2026-09-29T03:44:32.640302+00:00,333.5197503999807,2,751870,360,80,440,751879.6992481203,43.0,30.0,True,0,
2026-09-29T03:44:32.858948+00:00,333.73841409996385,2,751870,250,140,390,751879.6992481203,43.0,30.0,True,0,
2026-09-29T03:44:33.076467+00:00,333.95591289998265,2,751870,170,170,340,751879.6992481203,43.0,30.0,True,0,
2026-09-29T03:44:33.296120+00:00,334.1755906000035,2,751880,310,190,500,751879.6992481203,43.0,30.0,True,0,
2026-09-29T03:44:33.513952+00:00,334.3934060999891,2,751870,300,90,390,751879.6992481203,43.0,30.0,True,0,
2026-09-29T03:44:33.734218+00:00,334.61368339997716,2,751870,160,90,250,751879.6992481203,43.0,30.0,True,0,
2026-09-29T03:44:33.954621+00:00,334.8340635999921,2,751880,310,100,410,751879.6992481203,43.0,30.0,True,0,
2026-09-29T03:44:34.186622+00:00,335.06609279999975,2,751870,360,120,480,751879.6992481203,43.0,30.0,True,0,
2026-09-29T03:44:34.404131+00:00,335.2835957999923,2,751880,260,120,380,751879.6992481203,43.0,30.0,True,0,
2026-09-29T03:44:34.622270+00:00,335.5017219000147,2,751870,320,130,450,751879.6992481203,43.0,30.0,True,0,
2026-09-29T03:44:34.842108+00:00,335.72155029996065,2,751870,310,110,420,751879.6992481203,43.0,30.0,True,0,
2026-09-29T03:44:35.058646+00:00,335.938112600008,2,751880,160,130,290,751879.6992481203,43.0,30.0,True,0,
2026-09-29T03:44:35.276896+00:00,336.1563657000079,2,751880,200,70,270,751879.6992481203,43.0,30.0,True,0,
2026-09-29T03:44:35.495302+00:00,336.3747861000011,2,751870,250,110,360,751879.6992481203,43.0,30.0,True,0,
2026-09-29T03:44:35.713669+00:00,336.5931172000128,2,751870,160,120,280,751879.6992481203,43.0,30.0,True,0,
2026-09-29T03:44:35.934702+00:00,336.8141675000079,2,751880,230,80,310,751879.6992481203,43.0,30.0,True,0,
2026-09-29T03:44:36.154145+00:00,337.033607499965,2,751880,330,160,490,751879.6992481203,43.0,30.0,True,0,
2026-09-29T03:44:36.375490+00:00,337.2549544000067,2,751880,310,120,430,751879.6992481203,43.0,30.0,True,0,
2026-09-29T03:44:36.594382+00:00,337.47383179998724,2,751870,270,110,380,751879.6992481203,43.0,30.0,True,0,
2026-09-29T03:44:36.813913+00:00,337.69333539996296,2,751870,320,130,450,751879.6992481203,43.0,30.0,True,0,
2026-09-29T03:44:37.033227+00:00,337.9126479999977,2,751880,260,70,330,751879.6992481203,43.0,30.0,True,0,
2026-09-29T03:44:37.263613+00:00,338.14307059999555,2,751870,250,90,340,751879.6992481203,43.0,30.0,True,0,
2026-09-29T03:44:37.482513+00:00,338.3619379999582,2,751870,310,100,410,751879.6992481203,43.0,30.0,True,0,
2026-09-29T03:44:37.700309+00:00,338.5797334999661,2,751870,230,130,360,751879.6992481203,43.0,30.0,True,0,
2026-09-29T03:44:37.934008+00:00,338.81343539996305,2,751870,240,80,320,751879.6992481203,43.0,30.0,True,0,
2026-09-29T03:44:38.151062+00:00,339.03048899996793,2,751880,500,140,640,751879.6992481203,43.0,30.0,True,0,
2026-09-29T03:44:38.371062+00:00,339.2505098999827,2,751870,240,100,340,751879.6992481203,43.0,30.0,True,0,
2026-09-29T03:44:38.590990+00:00,339.47042430000147,2,751870,220,140,360,751879.6992481203,43.0,30.0,True,0,
2026-09-29T03:44:38.810685+00:00,339.6901174999657,2,751870,270,70,340,751879.6992481203,43.0,30.0,True,0,
2026-09-29T03:44:39.028419+00:00,339.9078320999979,2,751880,300,140,440,751879.6992481203,43.0,30.0,True,0,
2026-09-29T03:44:39.246020+00:00,340.1254665000015,2,751870,280,130,410,751879.6992481203,43.0,30.0,True,0,
2026-09-29T03:44:39.464410+00:00,340.34383159998106,2,751870,280,110,390,751879.6992481203,43.0,30.0,True,0,
2026-09-29T03:44:39.681576+00:00,340.56100469996454,2,751870,320,100,420,751879.6992481203,43.0,30.0,True,0,
2026-09-29T03:44:39.901984+00:00,340.78139859996736,2,751870,290,90,380,751879.6992481203,43.0,30.0,True,0,
2026-09-29T03:44:40.132685+00:00,341.01213079999434,2,751880,240,130,370,751879.6992481203,43.0,30.0,True,0,
2026-09-29T03:44:40.351861+00:00,341.2313032000093,2,751870,320,130,450,751879.6992481203,43.0,30.0,True,0,
2026-09-29T03:44:40.568356+00:00,341.4477804999915,2,751870,250,140,390,751879.6992481203,43.0,30.0,True,0,
2026-09-29T03:44:40.789360+00:00,341.6687818999635,2,751870,260,100,360,751879.6992481203,43.0,30.0,True,0,
2026-09-29T03:44:41.009472+00:00,341.88888669997687,2,751880,210,90,300,751879.6992481203,43.0,30.0,True,0,
2026-09-29T03:44:41.243263+00:00,342.122687999974,2,751870,370,60,430,751879.6992481203,43.0,30.0,True,0,
2026-09-29T03:44:41.460586+00:00,342.3399808999966,2,751870,200,120,320,751879.6992481203,43.0,30.0,True,0,
2026-09-29T03:44:41.692867+00:00,342.5723316000076,2,751870,280,90,370,751879.6992481203,43.0,30.0,True,0,
2026-09-29T03:44:41.911442+00:00,342.7908599000075,2,751870,330,120,450,751879.6992481203,43.0,30.0,True,0,
2026-09-29T03:44:42.130455+00:00,343.00988679996226,2,751880,360,160,520,751879.6992481203,43.0,30.0,True,0,
2026-09-29T03:44:42.348218+00:00,343.2276079999865,2,751870,320,50,370,751879.6992481203,43.0,30.0,True,0,
2026-09-29T03:44:42.567418+00:00,343.44685199996457,2,751870,240,130,370,751879.6992481203,43.0,30.0,True,0,
2026-09-29T03:44:42.785442+00:00,343.664845399966,2,751870,260,90,350,751879.6992481203,43.0,30.0,True,0,
2026-09-29T03:44:43.004741+00:00,343.8841650999966,2,751880,270,80,350,751879.6992481203,43.0,30.0,True,0,
2026-09-29T03:44:43.223628+00:00,344.1030278999824,2,751870,250,120,370,751879.6992481203,43.0,30.0,True,0,
2026-09-29T03:44:43.441842+00:00,344.3212272999808,2,751870,250,100,350,751879.6992481203,43.0,30.0,True,0,
2026-09-29T03:44:43.663308+00:00,344.54271559999324,2,751870,250,200,450,751879.6992481203,43.0,30.0,True,0,
2026-09-29T03:44:43.884437+00:00,344.7638412999804,2,751870,300,110,410,751879.6992481203,43.0,30.0,True,0,
2026-09-29T03:44:44.101981+00:00,344.98136149998754,2,751880,200,90,290,751879.6992481203,43.0,30.0,True,0,
2026-09-29T03:44:44.319436+00:00,345.1988349999883,2,751870,330,100,430,751879.6992481203,43.0,30.0,True,0,
2026-09-29T03:44:44.538325+00:00,345.4177090000012,2,751870,250,130,380,751879.6992481203,43.0,30.0,True,0,
2026-09-29T03:44:44.754863+00:00,345.63427699997555,2,751880,270,120,390,751879.6992481203,43.0,30.0,True,0,
2026-09-29T03:44:44.975851+00:00,345.8552617999958,2,751880,250,160,410,751879.6992481203,43.0,30.0,True,0,
2026-09-29T03:44:45.194531+00:00,346.0739723999868,2,751870,350,100,450,751879.6992481203,43.0,30.0,True,0,
2026-09-29T03:44:45.411898+00:00,346.2914555000025,2,751870,250,130,380,751879.6992481203,43.0,30.0,True,0,
2026-09-29T03:44:45.631147+00:00,346.51054089999525,2,751870,320,70,390,751879.6992481203,43.0,30.0,True,0,
2026-09-29T03:44:45.848597+00:00,346.72799029998714,2,751880,250,180,430,751879.6992481203,43.0,30.0,True,0,
2026-09-29T03:44:46.068339+00:00,346.94774309999775,2,751870,260,130,390,751879.6992481203,43.0,30.0,True,0,
2026-09-29T03:44:46.300417+00:00,347.1798095999984,2,751870,170,120,290,751879.6992481203,43.0,30.0,True,0,
2026-09-29T03:44:46.518955+00:00,347.3983429999789,2,751870,310,90,400,751879.6992481203,43.0,30.0,True,0,
2026-09-29T03:44:46.736669+00:00,347.6160550999921,2,751880,370,200,570,751879.6992481203,43.0,30.0,True,0,
2026-09-29T03:44:46.957486+00:00,347.8368727999623,2,751870,290,140,430,751879.6992481203,43.0,30.0,True,0,
2026-09-29T03:44:47.188932+00:00,348.06831239996245,2,751880,220,150,370,751879.6992481203,43.0,30.0,True,0,
2026-09-29T03:44:47.408212+00:00,348.28756869997596,2,751870,330,90,420,751879.6992481203,43.0,30.0,True,0,
2026-09-29T03:44:47.624499+00:00,348.5038542000111,2,751870,320,100,420,751879.6992481203,43.0,30.0,True,0,
2026-09-29T03:44:47.843604+00:00,348.7229663999751,2,751880,300,120,420,751879.6992481203,43.0,30.0,True,0,
2026-09-29T03:44:48.062824+00:00,348.9422439999762,2,751870,280,80,360,751879.6992481203,43.0,30.0,True,0,
2026-09-29T03:44:48.280197+00:00,349.1595869999728,2,751870,220,60,280,751879.6992481203,43.0,30.0,True,0,
2026-09-29T03:44:48.498825+00:00,349.37817699997686,2,751870,420,110,530,751879.6992481203,43.0,30.0,True,0,
2026-09-29T03:44:48.717483+00:00,349.59686439996585,2,751880,300,130,430,751879.6992481203,43.0,30.0,True,0,
2026-09-29T03:44:48.937377+00:00,349.8167919999687,2,751880,220,210,430,751879.6992481203,43.0,30.0,True,0,
2026-09-29T03:44:49.154881+00:00,350.0342333999579,2,751870,310,160,470,751879.6992481203,43.0,30.0,True,0,
2026-09-29T03:44:49.387023+00:00,350.26637079997454,2,751870,300,130,430,751879.6992481203,43.0,30.0,True,0,
2026-09-29T03:44:49.605632+00:00,350.4849769999855,2,751870,240,70,310,751879.6992481203,43.0,30.0,True,0,
2026-09-29T03:44:49.826450+00:00,350.70582209998975,2,751880,290,100,390,751879.6992481203,43.0,30.0,True,0,
2026-09-29T03:44:50.046506+00:00,350.92590530001326,2,751870,240,70,310,751879.6992481203,43.0,30.0,True,0,
2026-09-29T03:44:50.265605+00:00,351.14498599997023,2,751870,290,180,470,751879.6992481203,43.0,30.0,True,0,
2026-09-29T03:44:50.483922+00:00,351.36328890000004,2,751870,260,140,400,751879.6992481203,43.0,30.0,True,0,
2026-09-29T03:44:50.703850+00:00,351.5832115999656,2,751870,150,120,270,751879.6992481203,43.0,30.0,True,0,
2026-09-29T03:44:50.923437+00:00,351.8028003000072,2,751880,410,120,530,751879.6992481203,43.0,30.0,True,0,
2026-09-29T03:44:51.140537+00:00,352.0199039999861,2,751870,220,100,320,751879.6992481203,43.0,30.0,True,0,
2026-09-29T03:44:51.373382+00:00,352.25274159997934,2,751870,200,120,320,751879.6992481203,43.0,30.0,True,0,
2026-09-29T03:44:51.590562+00:00,352.46991899999557,2,751870,270,70,340,751879.6992481203,43.0,30.0,True,0,
2026-09-29T03:44:51.810349+00:00,352.6897105000098,2,751880,260,70,330,751879.6992481203,43.0,30.0,True,0,
2026-09-29T03:44:52.031582+00:00,352.9109727999894,2,751870,450,240,690,751879.6992481203,43.0,30.0,True,0,
2026-09-29T03:44:52.262498+00:00,353.1418402999989,2,751870,380,260,640,751879.6992481203,43.0,30.0,True,0,
2026-09-29T03:44:52.480816+00:00,353.36015749996295,2,751870,380,310,690,751879.6992481203,43.0,30.0,True,0,
2026-09-29T03:44:52.698451+00:00,353.5778045000043,2,751870,430,240,670,751879.6992481203,43.0,30.0,True,0,
2026-09-29T03:44:52.918386+00:00,353.7977116999682,2,751880,400,310,710,751879.6992481203,43.0,30.0,True,0,
2026-09-29T03:44:53.138343+00:00,354.0176867999835,2,751870,560,360,920,751879.6992481203,43.0,30.0,True,0,
2026-09-29T03:44:53.356878+00:00,354.23627629998373,2,751870,380,220,600,751879.6992481203,43.0,30.0,True,0,
2026-09-29T03:44:53.576858+00:00,354.45624589995714,2,751870,490,280,770,751879.6992481203,43.0,30.0,True,0,
2026-09-29T03:44:53.796226+00:00,354.6755555999698,2,751880,420,300,720,751879.6992481203,43.0,30.0,True,0,
2026-09-29T03:44:54.015384+00:00,354.89470549998805,2,751870,350,270,620,751879.6992481203,43.0,30.0,True,0,
2026-09-29T03:44:54.245579+00:00,355.12493290001294,2,751870,460,360,820,751879.6992481203,43.0,30.0,True,0,
2026-09-29T03:44:54.465800+00:00,355.34514569997555,2,751870,350,260,610,751879.6992481203,43.0,30.0,True,0,
2026-09-29T03:44:54.685029+00:00,355.56436809996376,2,751870,490,250,740,751879.6992481203,43.0,30.0,True,0,
2026-09-29T03:44:54.904571+00:00,355.7840063999756,2,751880,360,200,560,751879.6992481203,43.0,30.0,True,0,
2026-09-29T03:44:55.122507+00:00,356.0018604999641,2,751870,390,350,740,751879.6992481203,43.0,30.0,True,0,
2026-09-29T03:44:55.365763+00:00,356.2451110999682,2,751870,360,260,620,751879.6992481203,43.0,30.0,True,0,
2026-09-29T03:44:55.583620+00:00,356.4629563000053,2,751870,410,340,750,751879.6992481203,43.0,30.0,True,0,
2026-09-29T03:44:55.804337+00:00,356.68365049996646,2,751880,460,220,680,751879.6992481203,43.0,30.0,True,0,
2026-09-29T03:44:56.025134+00:00,356.90448019996984,2,751870,440,330,770,751879.6992481203,43.0,30.0,True,0,
2026-09-29T03:44:56.242946+00:00,357.12230779998936,2,751870,390,260,650,751879.6992481203,43.0,30.0,True,0,
2026-09-29T03:44:56.459996+00:00,357.3393275999697,2,751870,430,260,690,751879.6992481203,43.0,30.0,True,0,
2026-09-29T03:44:56.695417+00:00,357.5747446999885,2,751870,440,340,780,751879.6992481203,43.0,30.0,True,0,
2026-09-29T03:44:56.930442+00:00,357.80978299997514,2,751880,570,180,750,751879.6992481203,43.0,30.0,True,0,
2026-09-29T03:44:57.149015+00:00,358.028356899973,2,751870,410,210,620,751879.6992481203,43.0,30.0,True,0,
2026-09-29T03:44:57.366495+00:00,358.2458308999776,2,751870,300,440,740,751879.6992481203,43.0,30.0,True,0,
2026-09-29T03:44:57.584072+00:00,358.46339300001273,2,751870,410,150,560,751879.6992481203,43.0,30.0,True,0,
2026-09-29T03:44:57.803369+00:00,358.6826669999864,2,751880,270,230,500,751879.6992481203,43.0,30.0,True,0,
2026-09-29T03:44:58.036329+00:00,358.91569279995747,2,751880,450,380,830,751879.6992481203,43.0,30.0,True,0,
2026-09-29T03:44:58.254189+00:00,359.1334898999776,2,751870,520,300,820,751879.6992481203,43.0,30.0,True,0,
2026-09-29T03:44:58.473596+00:00,359.3529041999718,2,751870,400,300,700,751879.6992481203,43.0,30.0,True,0,
2026-09-29T03:44:58.692315+00:00,359.5716332999873,2,751870,420,250,670,751879.6992481203,43.0,30.0,True,0,
2026-09-29T03:44:58.909813+00:00,359.78910479997285,2,751880,470,200,670,751879.6992481203,43.0,30.0,True,0,
2026-09-29T03:44:59.128841+00:00,360.0081288999645,2,751870,330,230,560,751879.6992481203,43.0,30.0,True,0,
2026-09-29T03:44:59.361034+00:00,360.2404576999834,2,751870,430,250,680,751879.6992481203,43.0,30.0,True,0,
2026-09-29T03:44:59.580561+00:00,360.4598612000118,2,751870,360,230,590,751879.6992481203,43.0,30.0,True,0,
2026-09-29T03:44:59.801363+00:00,360.68067229998996,2,751870,420,420,840,751879.6992481203,43.0,30.0,True,0,
2026-09-29T03:45:00.021915+00:00,360.9012029999867,2,751880,480,220,700,751879.6992481203,43.0,30.0,True,0,
2026-09-29T03:45:00.239857+00:00,361.1191613000119,2,751870,330,310,640,751879.6992481203,43.0,30.0,True,0,
2026-09-29T03:45:00.457453+00:00,361.3367599999765,2,751870,370,280,650,751879.6992481203,43.0,30.0,True,0,
2026-09-29T03:45:00.677486+00:00,361.5567826000042,2,751870,470,310,780,751879.6992481203,43.0,30.0,True,0,
2026-09-29T03:45:00.897340+00:00,361.77662409999175,2,751880,510,310,820,751879.6992481203,43.0,30.0,True,0,
2026-09-29T03:45:01.115024+00:00,361.9943415999878,2,751870,450,320,770,751879.6992481203,43.0,30.0,True,0,
2026-09-29T03:45:01.333940+00:00,362.21325169998454,2,751870,350,240,590,751879.6992481203,43.0,30.0,True,0,
2026-09-29T03:45:01.551026+00:00,362.43030339997495,2,751880,360,340,700,751879.6992481203,43.0,30.0,True,0,
2026-09-29T03:45:01.786150+00:00,362.6654254999594,2,751870,190,260,450,751879.6992481203,43.0,30.0,True,0,
2026-09-29T03:45:02.003738+00:00,362.8830342000001,2,751880,220,200,420,751879.6992481203,43.0,30.0,True,0,
2026-09-29T03:45:02.223180+00:00,363.102499599976,2,751870,220,220,440,751879.6992481203,43.0,30.0,True,0,
2026-09-29T03:45:02.444524+00:00,363.3238233999582,2,751870,170,330,500,751879.6992481203,43.0,30.0,True,0,
2026-09-29T03:45:02.664136+00:00,363.54342479998013,2,751880,280,320,600,751879.6992481203,43.0,30.0,True,0,
2026-09-29T03:45:02.894664+00:00,363.77395070000784,2,751880,180,250,430,751879.6992481203,43.0,30.0,True,0,
2026-09-29T03:45:03.114328+00:00,363.9935945000034,2,751870,210,270,480,751879.6992481203,43.0,30.0,True,0,
2026-09-29T03:45:03.348879+00:00,364.2281794999726,2,751870,200,290,490,751879.6992481203,43.0,30.0,True,0,
2026-09-29T03:45:03.567902+00:00,364.447164400015,2,751880,190,270,460,751879.6992481203,43.0,30.0,True,0,
2026-09-29T03:45:03.789095+00:00,364.66835639998317,2,751870,310,290,600,751879.6992481203,43.0,30.0,True,0,
2026-09-29T03:45:04.008484+00:00,364.8877698999713,2,751880,170,340,510,751879.6992481203,43.0,30.0,True,0,
2026-09-29T03:45:04.228365+00:00,365.10762329999125,2,751870,190,290,480,751879.6992481203,43.0,30.0,True,0,
2026-09-29T03:45:04.460262+00:00,365.33954349998385,2,751870,260,240,500,751879.6992481203,43.0,30.0,True,0,
2026-09-29T03:45:04.678424+00:00,365.55770649999613,2,751870,380,310,690,751879.6992481203,43.0,30.0,True,0,
2026-09-29T03:45:04.898107+00:00,365.7773701999686,2,751880,490,320,810,751879.6992481203,43.0,30.0,True,0,
2026-09-29T03:45:05.117887+00:00,365.99718469998334,2,751870,360,190,550,751879.6992481203,43.0,30.0,True,0,
2026-09-29T03:45:05.351641+00:00,366.23093540000264,2,751870,490,210,700,751879.6992481203,43.0,30.0,True,0,
2026-09-29T03:45:05.570012+00:00,366.4492846999783,2,751870,420,260,680,751879.6992481203,43.0,30.0,True,0,
2026-09-29T03:45:05.790720+00:00,366.66998489998514,2,751870,430,250,680,751879.6992481203,43.0,30.0,True,0,
2026-09-29T03:45:06.010383+00:00,366.8896495999652,2,751880,460,320,780,751879.6992481203,43.0,30.0,True,0,
2026-09-29T03:45:06.228246+00:00,367.1075307999854,2,751870,370,370,740,751879.6992481203,43.0,30.0,True,0,
2026-09-29T03:45:06.449416+00:00,367.32869170000777,2,751870,440,180,620,751879.6992481203,43.0,30.0,True,0,
2026-09-29T03:45:06.669040+00:00,367.5483090999769,2,751880,400,240,640,751879.6992481203,43.0,30.0,True,0,
2026-09-29T03:45:06.890531+00:00,367.76979369996116,2,751880,340,240,580,751879.6992481203,43.0,30.0,True,0,
2026-09-29T03:45:07.110342+00:00,367.9895869999891,2,751870,340,240,580,751879.6992481203,43.0,30.0,True,0,
2026-09-29T03:45:07.329774+00:00,368.209066899959,2,751870,460,240,700,751879.6992481203,43.0,30.0,True,0,
2026-09-29T03:45:07.560779+00:00,368.44009019999066,2,751870,260,280,540,751879.6992481203,43.0,30.0,True,0,
2026-09-29T03:45:07.781150+00:00,368.66043839999475,2,751870,410,300,710,751879.6992481203,43.0,30.0,True,0,
2026-09-29T03:45:08.000176+00:00,368.8794394999859,2,751880,440,250,690,751879.6992481203,43.0,30.0,True,0,
2026-09-29T03:45:08.216948+00:00,369.09620959998574,2,751870,470,270,740,751879.6992481203,43.0,30.0,True,0,
2026-09-29T03:45:08.436541+00:00,369.3158171999967,2,751870,350,320,670,751879.6992481203,43.0,30.0,True,0,
2026-09-29T03:45:08.656459+00:00,369.5357140999986,2,751880,350,340,690,751879.6992481203,43.0,30.0,True,0,
2026-09-29T03:45:08.875295+00:00,369.7545259000035,2,751880,500,430,930,751879.6992481203,43.0,30.0,True,0,
2026-09-29T03:45:09.095310+00:00,369.9745377000072,2,751870,330,260,590,751879.6992481203,43.0,30.0,True,0,
2026-09-29T03:45:09.315244+00:00,370.19447280000895,2,751870,400,230,630,751879.6992481203,43.0,30.0,True,0,
2026-09-29T03:45:09.536370+00:00,370.4156168999616,2,751870,380,360,740,751879.6992481203,43.0,30.0,True,0,
2026-09-29T03:45:09.756450+00:00,370.63569640001515,2,751880,360,290,650,751879.6992481203,43.0,30.0,True,0,
2026-09-29T03:45:09.976159+00:00,370.855409300013,2,751880,370,220,590,751879.6992481203,43.0,30.0,True,0,
2026-09-29T03:45:10.197219+00:00,371.07647699996596,2,751870,340,320,660,751879.6992481203,43.0,30.0,True,0,
2026-09-29T03:45:10.414747+00:00,371.29400250001345,2,751870,530,270,800,751879.6992481203,43.0,30.0,True,0,
2026-09-29T03:45:10.633732+00:00,371.5129781999858,2,751880,520,220,740,751879.6992481203,43.0,30.0,True,0,
2026-09-29T03:45:10.853538+00:00,371.7328795999638,2,751870,400,320,720,751879.6992481203,43.0,30.0,True,0,
2026-09-29T03:45:11.071897+00:00,371.95113469997887,2,751870,390,220,610,751879.6992481203,43.0,30.0,True,0,
2026-09-29T03:45:11.289627+00:00,372.1689189999597,2,751870,490,240,730,751879.6992481203,43.0,30.0,True,0,
2026-09-29T03:45:11.507591+00:00,372.38682750001317,2,751870,270,320,590,751879.6992481203,43.0,30.0,True,0,
2026-09-29T03:45:11.726727+00:00,372.6059641999891,2,751880,340,260,600,751879.6992481203,43.0,30.0,True,0,
2026-09-29T03:45:11.946572+00:00,372.82582609995734,2,751870,430,430,860,751879.6992481203,43.0,30.0,True,0,
2026-09-29T03:45:12.164885+00:00,373.0441326999571,2,751870,330,230,560,751879.6992481203,43.0,30.0,True,0,
2026-09-29T03:45:12.385883+00:00,373.2651287000044,2,751870,380,270,650,751879.6992481203,43.0,30.0,True,0,
2026-09-29T03:45:12.604497+00:00,373.4837087999913,2,751880,390,250,640,751879.6992481203,43.0,30.0,True,0,
2026-09-29T03:45:12.825820+00:00,373.70505129999947,2,751870,360,200,560,751879.6992481203,43.0,30.0,True,0,
2026-09-29T03:45:13.043332+00:00,373.9225892999675,2,751870,380,290,670,751879.6992481203,43.0,30.0,True,0,
2026-09-29T03:45:13.277060+00:00,374.15630159998545,2,751870,410,240,650,751879.6992481203,43.0,30.0,True,0,
2026-09-29T03:45:13.497742+00:00,374.3769739000127,2,751870,240,330,570,751879.6992481203,43.0,30.0,True,0,
2026-09-29T03:45:13.718089+00:00,374.5973095999798,2,751880,450,300,750,751879.6992481203,43.0,30.0,True,0,
2026-09-29T03:45:13.936763+00:00,374.815982399974,2,751870,470,200,670,751879.6992481203,43.0,30.0,True,0,
2026-09-29T03:45:14.156032+00:00,375.0352355999639,2,751870,310,210,520,751879.6992481203,43.0,30.0,True,0,
2026-09-29T03:45:14.373388+00:00,375.2525857000146,2,751880,340,330,670,751879.6992481203,43.0,30.0,True,0,
2026-09-29T03:45:14.593957+00:00,375.4731583999819,2,751880,320,240,560,751879.6992481203,43.0,30.0,True,0,
2026-09-29T03:45:14.815007+00:00,375.6942224999657,2,751870,440,320,760,751879.6992481203,43.0,30.0,True,0,
2026-09-29T03:45:15.035325+00:00,375.9146329999785,2,751870,400,320,720,751879.6992481203,43.0,30.0,True,0,
2026-09-29T03:45:15.252882+00:00,376.13210039999103,2,751870,360,260,620,751879.6992481203,43.0,30.0,True,0,
2026-09-29T03:45:15.472837+00:00,376.3520514999982,2,751880,460,220,680,751879.6992481203,43.0,30.0,True,0,
2026-09-29T03:45:15.702725+00:00,376.5819228999899,2,751880,310,260,570,751879.6992481203,43.0,30.0,True,0,
2026-09-29T03:45:15.923482+00:00,376.8026981999865,2,751870,470,190,660,751879.6992481203,43.0,30.0,True,0,
2026-09-29T03:45:16.142983+00:00,377.02221019996796,2,751870,340,300,640,751879.6992481203,43.0,30.0,True,0,
2026-09-29T03:45:16.374351+00:00,377.25356230000034,2,751870,420,240,660,751879.6992481203,43.0,30.0,True,0,
2026-09-29T03:45:16.594200+00:00,377.4734101999784,2,751880,370,210,580,751879.6992481203,43.0,30.0,True,0,
2026-09-29T03:45:16.829618+00:00,377.7088270999957,2,751870,320,260,580,751879.6992481203,43.0,30.0,True,0,
2026-09-29T03:45:17.046903+00:00,377.92614130000584,2,751870,400,290,690,751879.6992481203,43.0,30.0,True,0,
2026-09-29T03:45:17.263616+00:00,378.1428156999755,2,751870,380,280,660,751879.6992481203,43.0,30.0,True,0,
2026-09-29T03:45:17.482017+00:00,378.36122219997924,2,751870,350,220,570,751879.6992481203,43.0,30.0,True,0,
2026-09-29T03:45:17.702216+00:00,378.5813913999591,2,751880,490,270,760,751879.6992481203,43.0,30.0,True,0,
2026-09-29T03:45:17.922581+00:00,378.8017788999714,2,751870,520,270,790,751879.6992481203,43.0,30.0,True,0,
2026-09-29T03:45:18.154470+00:00,379.03368110000156,2,751870,400,330,730,751879.6992481203,43.0,30.0,True,0,
2026-09-29T03:45:18.371937+00:00,379.25112239999,2,751880,310,210,520,751879.6992481203,43.0,30.0,True,0,
2026-09-29T03:45:18.590787+00:00,379.46998809999786,2,751880,600,290,890,751879.6992481203,43.0,30.0,True,0,
2026-09-29T03:45:18.811152+00:00,379.6903466999647,2,751870,390,270,660,751879.6992481203,43.0,30.0,True,0,
2026-09-29T03:45:19.030865+00:00,379.91003629995976,2,751870,350,270,620,751879.6992481203,43.0,30.0,True,0,
2026-09-29T03:45:19.249227+00:00,380.1284353999654,2,751870,410,190,600,751879.6992481203,43.0,30.0,True,0,
2026-09-29T03:45:19.467562+00:00,380.346728399978,2,751880,470,210,680,751879.6992481203,43.0,30.0,True,0,
2026-09-29T03:45:19.687978+00:00,380.5671437999699,2,751880,340,200,540,751879.6992481203,43.0,30.0,True,0,
2026-09-29T03:45:19.909327+00:00,380.7884950999869,2,751870,310,290,600,751879.6992481203,43.0,30.0,True,0,
2026-09-29T03:45:20.129202+00:00,381.0083906999789,2,751870,460,260,720,751879.6992481203,43.0,30.0,True,0,
2026-09-29T03:45:20.350710+00:00,381.22991110000294,2,751880,310,280,590,751879.6992481203,43.0,30.0,True,0,
2026-09-29T03:45:20.571797+00:00,381.4509831999894,2,751870,360,190,550,751879.6992481203,43.0,30.0,True,0,
2026-09-29T03:45:20.792240+00:00,381.67142289999174,2,751870,420,310,730,751879.6992481203,43.0,30.0,True,0,
2026-09-29T03:45:21.012967+00:00,381.89217279996956,2,751870,400,310,710,751879.6992481203,43.0,30.0,True,0,
2026-09-29T03:45:21.230215+00:00,382.10940670000855,2,751880,390,170,560,751879.6992481203,43.0,30.0,True,0,
2026-09-29T03:45:21.448394+00:00,382.3275619999622,2,751880,410,270,680,751879.6992481203,43.0,30.0,True,0,
2026-09-29T03:45:21.681730+00:00,382.56090869999025,2,751880,450,350,800,751879.6992481203,43.0,30.0,True,0,
2026-09-29T03:45:21.900997+00:00,382.780173200008,2,751870,360,360,720,751879.6992481203,43.0,30.0,True,0,
2026-09-29T03:45:22.118510+00:00,382.99770259996876,2,751870,360,230,590,751879.6992481203,43.0,30.0,True,0,
2026-09-29T03:45:22.337718+00:00,383.21689969999716,2,751880,460,290,750,751879.6992481203,43.0,30.0,True,0,
2026-09-29T03:45:22.556301+00:00,383.435473599995,2,751870,390,280,670,751879.6992481203,43.0,30.0,True,0,
2026-09-29T03:45:22.774990+00:00,383.6541633000015,2,751870,470,280,750,751879.6992481203,43.0,30.0,True,0,
2026-09-29T03:45:22.992589+00:00,383.87176219996763,2,751870,460,280,740,751879.6992481203,43.0,30.0,True,0,
2026-09-29T03:45:23.213256+00:00,384.0924322999781,2,751880,320,330,650,751879.6992481203,43.0,30.0,True,0,
2026-09-29T03:45:23.446102+00:00,384.32528200000525,2,751880,410,270,680,751879.6992481203,43.0,30.0,True,0,
2026-09-29T03:45:23.666430+00:00,384.54563010000857,2,751870,470,300,770,751879.6992481203,43.0,30.0,True,0,
2026-09-29T03:45:23.888984+00:00,384.768130499986,2,751870,410,410,820,751879.6992481203,43.0,30.0,True,0,
2026-09-29T03:45:24.107731+00:00,384.98688889999175,2,751870,370,170,540,751879.6992481203,43.0,30.0,True,0,
2026-09-29T03:45:24.325436+00:00,385.2046064999886,2,751880,340,210,550,751879.6992481203,43.0,30.0,True,0,
2026-09-29T03:45:24.546465+00:00,385.42560700001195,2,751870,380,320,700,751879.6992481203,43.0,30.0,True,0,
2026-09-29T03:45:24.766760+00:00,385.6459168000147,2,751870,400,210,610,751879.6992481203,43.0,30.0,True,0,
2026-09-29T03:45:24.986214+00:00,385.8653548999573,2,751870,390,230,620,751879.6992481203,43.0,30.0,True,0,
2026-09-29T03:45:25.205620+00:00,386.084750399983,2,751880,330,360,690,751879.6992481203,43.0,30.0,True,0,
2026-09-29T03:45:25.423132+00:00,386.3022970999591,2,751880,290,210,500,751879.6992481203,43.0,30.0,True,0,
2026-09-29T03:45:25.643586+00:00,386.52271529997233,2,751870,290,260,550,751879.6992481203,43.0,30.0,True,0,
2026-09-29T03:45:25.865228+00:00,386.7443627999746,2,751870,260,210,470,751879.6992481203,43.0,30.0,True,0,
2026-09-29T03:45:26.098980+00:00,386.9781101999688,2,751870,260,310,570,751879.6992481203,43.0,30.0,True,0,
2026-09-29T03:45:26.329855+00:00,387.209019300004,2,751880,190,270,460,751879.6992481203,43.0,30.0,True,0,
2026-09-29T03:45:26.551280+00:00,387.43043299997225,2,751870,240,230,470,751879.6992481203,43.0,30.0,True,0,
2026-09-29T03:45:26.786073+00:00,387.6652191999601,2,751870,210,300,510,751879.6992481203,43.0,30.0,True,0,
2026-09-29T03:45:27.005772+00:00,387.88495229999535,2,751870,260,170,430,751879.6992481203,43.0,30.0,True,0,
2026-09-29T03:45:27.223553+00:00,388.10271599999396,2,751870,280,220,500,751879.6992481203,43.0,30.0,True,0,
2026-09-29T03:45:27.455180+00:00,388.3343217999791,2,751880,280,240,520,751879.6992481203,43.0,30.0,True,0,
2026-09-29T03:45:27.691214+00:00,388.5703657999984,2,751880,180,290,470,751879.6992481203,43.0,30.0,True,0,
2026-09-29T03:45:27.910974+00:00,388.79012499999953,2,751870,320,330,650,751879.6992481203,43.0,30.0,True,0,
2026-09-29T03:45:28.128975+00:00,389.0080886000069,2,751870,170,250,420,751879.6992481203,43.0,30.0,True,0,
2026-09-29T03:45:28.348256+00:00,389.2274068999686,2,751880,270,310,580,751879.6992481203,43.0,30.0,True,0,
2026-09-29T03:45:28.569797+00:00,389.4489358999999,2,751870,140,210,350,751879.6992481203,43.0,30.0,True,0,
2026-09-29T03:45:28.790489+00:00,389.6695939999772,2,751870,190,170,360,751879.6992481203,43.0,30.0,True,0,
2026-09-29T03:45:29.009977+00:00,389.8891308999737,2,751870,220,190,410,751879.6992481203,43.0,30.0,True,0,
2026-09-29T03:45:29.241640+00:00,390.1207868999918,2,751870,120,230,350,751879.6992481203,43.0,30.0,True,0,
2026-09-29T03:45:29.459943+00:00,390.3390690999804,2,751880,150,170,320,751879.6992481203,43.0,30.0,True,0,
2026-09-29T03:45:29.677575+00:00,390.55670179997105,2,751880,180,290,470,751879.6992481203,43.0,30.0,True,0,
2026-09-29T03:45:29.897343+00:00,390.77646389999427,2,751870,210,240,450,751879.6992481203,43.0,30.0,True,0,
2026-09-29T03:45:30.116593+00:00,390.99569469998823,2,751870,240,270,510,751879.6992481203,43.0,30.0,True,0,
2026-09-29T03:45:30.335060+00:00,391.21416779997526,2,751880,220,250,470,751879.6992481203,43.0,30.0,True,0,
2026-09-29T03:45:30.554078+00:00,391.43318689998705,2,751870,200,260,460,751879.6992481203,43.0,30.0,True,0,
2026-09-29T03:45:30.772592+00:00,391.65171050000936,2,751870,180,200,380,751879.6992481203,43.0,30.0,True,0,
2026-09-29T03:45:30.993058+00:00,391.87219659995753,2,751870,220,240,460,751879.6992481203,43.0,30.0,True,0,
2026-09-29T03:45:31.210674+00:00,392.08980119996704,2,751870,170,240,410,751879.6992481203,43.0,30.0,True,0,
2026-09-29T03:45:31.428914+00:00,392.3080493999878,2,751880,210,270,480,751879.6992481203,43.0,30.0,True,0,
2026-09-29T03:45:31.647460+00:00,392.5265709999949,2,751870,240,180,420,751879.6992481203,43.0,30.0,True,0,
2026-09-29T03:45:31.866346+00:00,392.745442799991,2,751870,220,270,490,751879.6992481203,43.0,30.0,True,0,
2026-09-29T03:45:32.083549+00:00,392.9626385999727,2,751870,250,180,430,751879.6992481203,43.0,30.0,True,0,
2026-09-29T03:45:32.302220+00:00,393.18134060001466,2,751880,240,250,490,751879.6992481203,43.0,30.0,True,0,
2026-09-29T03:45:32.520942+00:00,393.4000539999688,2,751870,300,240,540,751879.6992481203,43.0,30.0,True,0,
2026-09-29T03:45:32.738763+00:00,393.6178767000092,2,751870,210,180,390,751879.6992481203,43.0,30.0,True,0,
2026-09-29T03:45:32.956478+00:00,393.83561650000047,2,751880,180,210,390,751879.6992481203,43.0,30.0,True,0,
2026-09-29T03:45:33.175895+00:00,394.0550164000015,2,751870,150,220,370,751879.6992481203,43.0,30.0,True,0,
2026-09-29T03:45:33.394412+00:00,394.2735204999917,2,751880,190,260,450,751879.6992481203,43.0,30.0,True,0,
2026-09-29T03:45:33.612272+00:00,394.49135969998315,2,751870,230,260,490,751879.6992481203,43.0,30.0,True,0,
2026-09-29T03:45:33.832421+00:00,394.71152079995954,2,751870,230,270,500,751879.6992481203,43.0,30.0,True,0,
2026-09-29T03:45:34.051651+00:00,394.9307877999963,2,751880,240,240,480,751879.6992481203,43.0,30.0,True,0,
2026-09-29T03:45:34.269485+00:00,395.14860059996136,2,751870,260,210,470,751879.6992481203,43.0,30.0,True,0,
2026-09-29T03:45:34.486707+00:00,395.36580139998114,2,751870,190,270,460,751879.6992481203,43.0,30.0,True,0,
2026-09-29T03:45:34.706445+00:00,395.58553659997415,2,751870,250,240,490,751879.6992481203,43.0,30.0,True,0,
2026-09-29T03:45:34.925706+00:00,395.8048165999935,2,751870,230,300,530,751879.6992481203,43.0,30.0,True,0,
2026-09-29T03:45:35.144712+00:00,396.0238260999904,2,751880,250,260,510,751879.6992481203,43.0,30.0,True,0,
2026-09-29T03:45:35.362282+00:00,396.2413515999797,2,751870,210,160,370,751879.6992481203,43.0,30.0,True,0,
2026-09-29T03:45:35.579927+00:00,396.4590102999937,2,751870,260,300,560,751879.6992481203,43.0,30.0,True,0,
2026-09-29T03:45:35.799745+00:00,396.6788074999931,2,751870,130,360,490,751879.6992481203,43.0,30.0,True,0,
2026-09-29T03:45:36.018642+00:00,396.8977111999993,2,751880,150,390,540,751879.6992481203,43.0,30.0,True,0,
2026-09-29T03:45:36.237476+00:00,397.1165699000121,2,751870,160,280,440,751879.6992481203,43.0,30.0,True,0,
2026-09-29T03:45:36.468902+00:00,397.34796419995837,2,751870,200,270,470,751879.6992481203,43.0,30.0,True,0,
2026-09-29T03:45:36.688941+00:00,397.568033699994,2,751870,230,310,540,751879.6992481203,43.0,30.0,True,0,
2026-09-29T03:45:36.908376+00:00,397.7874642999959,2,751880,140,200,340,751879.6992481203,43.0,30.0,True,0,
2026-09-29T03:45:37.125321+00:00,398.0043837999692,2,751880,100,190,290,751879.6992481203,43.0,30.0,True,0,
2026-09-29T03:45:37.345431+00:00,398.2245265999809,2,751870,110,220,330,751879.6992481203,43.0,30.0,True,0,
2026-09-29T03:45:37.578339+00:00,398.4574405999738,2,751870,210,260,470,751879.6992481203,43.0,30.0,True,0,
2026-09-29T03:45:37.797546+00:00,398.6766171999625,2,751870,80,300,380,751879.6992481203,43.0,30.0,True,0,
2026-09-29T03:45:38.019082+00:00,398.8981468999991,2,751880,90,310,400,751879.6992481203,43.0,30.0,True,0,
2026-09-29T03:45:38.251351+00:00,399.13043439999456,2,751870,230,210,440,751879.6992481203,43.0,30.0,True,0,
2026-09-29T03:45:38.468272+00:00,399.3473498999956,2,751870,50,70,120,751879.6992481203,43.0,30.0,True,0,
2026-09-29T03:45:38.686430+00:00,399.56550470000366,2,751870,40,60,100,751879.6992481203,43.0,30.0,True,0,
2026-09-29T03:45:38.906946+00:00,399.7860067000147,2,751870,40,90,130,751879.6992481203,43.0,30.0,True,0,
2026-09-29T03:45:39.124757+00:00,400.00382410001475,2,751880,60,150,210,751879.6992481203,43.0,30.0,True,0,
2026-09-29T03:45:39.344221+00:00,400.22329359996365,2,751870,110,100,210,751879.6992481203,43.0,30.0,True,0,
2026-09-29T03:45:39.561474+00:00,400.4405434000073,2,751870,90,130,220,751879.6992481203,43.0,30.0,True,0,
2026-09-29T03:45:39.780409+00:00,400.6594811999821,2,751870,60,30,90,751879.6992481203,43.0,30.0,True,0,
2026-09-29T03:45:39.999535+00:00,400.8786128999782,2,751880,30,40,70,751879.6992481203,43.0,30.0,True,0,
2026-09-29T03:45:40.245200+00:00,401.1242835999583,2,751870,40,70,110,751879.6992481203,43.0,30.0,True,0,
2026-09-29T03:45:40.463278+00:00,401.3423455999582,2,751870,50,160,210,751879.6992481203,43.0,30.0,True,0,
2026-09-29T03:45:40.681673+00:00,401.5607199000078,2,751870,50,120,170,751879.6992481203,43.0,30.0,True,0,
2026-09-29T03:45:40.899650+00:00,401.77869389997795,2,751870,80,120,200,751879.6992481203,43.0,30.0,True,0,
2026-09-29T03:45:41.118313+00:00,401.99735079996753,2,751880,70,130,200,751879.6992481203,43.0,30.0,True,0,
2026-09-29T03:45:41.336353+00:00,402.2154297999805,2,751870,40,70,110,751879.6992481203,43.0,30.0,True,0,
2026-09-29T03:45:41.569516+00:00,402.4485784000135,2,751870,90,110,200,751879.6992481203,43.0,30.0,True,0,
2026-09-29T03:45:41.789144+00:00,402.6681945999735,2,751870,30,150,180,751879.6992481203,43.0,30.0,True,0,
2026-09-29T03:45:42.008615+00:00,402.8876544999657,2,751880,50,100,150,751879.6992481203,43.0,30.0,True,0,
2026-09-29T03:45:42.226153+00:00,403.1051862000022,2,751870,50,60,110,751879.6992481203,43.0,30.0,True,0,
2026-09-29T03:45:42.445264+00:00,403.32430919999024,2,751870,60,90,150,751879.6992481203,43.0,30.0,True,0,
2026-09-29T03:45:42.662802+00:00,403.54185330000473,2,751870,100,30,130,751879.6992481203,43.0,30.0,True,0,
2026-09-29T03:45:42.880478+00:00,403.7595125999651,2,751870,10,50,60,751879.6992481203,43.0,30.0,True,0,
2026-09-29T03:45:43.100198+00:00,403.9792505999794,2,751880,40,60,100,751879.6992481203,43.0,30.0,True,0,
2026-09-29T03:45:43.319383+00:00,404.19843240000773,2,751870,40,60,100,751879.6992481203,43.0,30.0,True,0,
2026-09-29T03:45:43.537326+00:00,404.41637589997845,2,751870,80,70,150,751879.6992481203,43.0,30.0,True,0,
2026-09-29T03:45:43.755367+00:00,404.6344124999596,2,751880,50,100,150,751879.6992481203,43.0,30.0,True,0,
2026-09-29T03:45:43.975329+00:00,404.8543849000125,2,751880,50,70,120,751879.6992481203,43.0,30.0,True,0,
2026-09-29T03:45:44.207081+00:00,405.08611999999266,2,751880,10,150,160,751879.6992481203,43.0,30.0,True,0,
2026-09-29T03:45:44.424596+00:00,405.30364729999565,2,751870,60,80,140,751879.6992481203,43.0,30.0,True,0,
2026-09-29T03:45:44.642755+00:00,405.52179909998085,2,751870,50,120,170,751879.6992481203,43.0,30.0,True,0,
2026-09-29T03:45:44.863249+00:00,405.7422824999667,2,751880,60,130,190,751879.6992481203,43.0,30.0,True,0,
2026-09-29T03:45:45.080956+00:00,405.9599804999889,2,751880,70,100,170,751879.6992481203,43.0,30.0,True,0,
2026-09-29T03:45:45.299135+00:00,406.17815599997994,2,751870,80,70,150,751879.6992481203,43.0,30.0,True,0,
2026-09-29T03:45:45.516756+00:00,406.3957775000017,2,751870,60,80,140,751879.6992481203,43.0,30.0,True,0,
2026-09-29T03:45:45.734983+00:00,406.61401119997026,2,751880,70,120,190,751879.6992481203,43.0,30.0,True,0,
2026-09-29T03:45:45.954426+00:00,406.833469300007,2,751870,30,120,150,751879.6992481203,43.0,30.0,True,0,
2026-09-29T03:45:46.173173+00:00,407.0521769999759,2,751870,30,150,180,751879.6992481203,43.0,30.0,True,0,
2026-09-29T03:45:46.391844+00:00,407.27084730000934,2,751870,50,90,140,751879.6992481203,43.0,30.0,True,0,
2026-09-29T03:45:46.610303+00:00,407.4893056000001,2,751870,40,40,80,751879.6992481203,43.0,30.0,True,0,
2026-09-29T03:45:46.831613+00:00,407.71063569997204,2,751880,40,110,150,751879.6992481203,43.0,30.0,True,0,
2026-09-29T03:45:47.051059+00:00,407.93009559996426,2,751870,60,110,170,751879.6992481203,43.0,30.0,True,0,
2026-09-29T03:45:47.268654+00:00,408.14769589999923,2,751870,50,70,120,751879.6992481203,43.0,30.0,True,0,
2026-09-29T03:45:47.485868+00:00,408.3648716000025,2,751870,90,80,170,751879.6992481203,43.0,30.0,True,0,
2026-09-29T03:45:47.704243+00:00,408.58325689996127,2,751880,60,80,140,751879.6992481203,43.0,30.0,True,0,
2026-09-29T03:45:47.923087+00:00,408.8020976000116,2,751880,60,100,160,751879.6992481203,43.0,30.0,True,0,
2026-09-29T03:45:48.141724+00:00,409.02075039997,2,751870,50,90,140,751879.6992481203,43.0,30.0,True,0,
2026-09-29T03:45:48.357389+00:00,409.2366369999945,2,751870,60,120,180,751879.6992481203,43.0,30.0,True,0,
2026-09-29T03:45:48.576569+00:00,409.4555926999892,2,751870,50,40,90,751879.6992481203,43.0,30.0,True,0,
2026-09-29T03:45:48.794935+00:00,409.67392550001387,2,751880,50,80,130,751879.6992481203,43.0,30.0,True,0,
2026-09-29T03:45:49.015348+00:00,409.89433189999545,2,751870,70,140,210,751879.6992481203,43.0,30.0,True,0,
2026-09-29T03:45:49.233876+00:00,410.11288759997115,2,751870,40,60,100,751879.6992481203,43.0,30.0,True,0,
2026-09-29T03:45:49.452263+00:00,410.33124639996095,2,751880,50,90,140,751879.6992481203,43.0,30.0,True,0,
2026-09-29T03:45:49.672187+00:00,410.55116979999,2,751870,40,90,130,751879.6992481203,43.0,30.0,True,0,
2026-09-29T03:45:49.894155+00:00,410.77317579998635,2,751880,0,100,100,751879.6992481203,43.0,30.0,True,0,
2026-09-29T03:45:50.126661+00:00,411.00566109997453,2,751870,30,90,120,751879.6992481203,43.0,30.0,True,0,
2026-09-29T03:45:50.343612+00:00,411.2226179999998,2,751870,70,90,160,751879.6992481203,43.0,30.0,True,0,
2026-09-29T03:45:50.565953+00:00,411.4449427999789,2,751880,50,80,130,751879.6992481203,43.0,30.0,True,0,
2026-09-29T03:45:50.786853+00:00,411.6658529000124,2,751880,60,130,190,751879.6992481203,43.0,30.0,True,0,
2026-09-29T03:45:51.006167+00:00,411.8851463999599,2,751870,10,90,100,751879.6992481203,43.0,30.0,True,0,
2026-09-29T03:45:51.223791+00:00,412.10279259999515,2,751870,90,130,220,751879.6992481203,43.0,30.0,True,0,
2026-09-29T03:45:51.441594+00:00,412.3205693999771,2,751880,50,120,170,751879.6992481203,43.0,30.0,True,0,
2026-09-29T03:45:51.659083+00:00,412.5380550000118,2,751880,40,90,130,751879.6992481203,43.0,30.0,True,0,
2026-09-29T03:45:51.878727+00:00,412.7577423999901,2,751880,90,80,170,751879.6992481203,43.0,30.0,True,0,
2026-09-29T03:45:52.098338+00:00,412.97734579996904,2,751870,40,100,140,751879.6992481203,43.0,30.0,True,0,
2026-09-29T03:45:52.315624+00:00,413.1946294999798,2,751870,60,110,170,751879.6992481203,43.0,30.0,True,0,
2026-09-29T03:45:52.535764+00:00,413.4147266999935,2,751880,10,100,110,751879.6992481203,43.0,30.0,True,0,
2026-09-29T03:45:52.756196+00:00,413.63518280000426,2,751870,60,80,140,751879.6992481203,43.0,30.0,True,0,
2026-09-29T03:45:52.975886+00:00,413.85487919999287,2,751870,70,110,180,751879.6992481203,43.0,30.0,True,0,
2026-09-29T03:45:53.194385+00:00,414.07344429998193,2,751870,70,40,110,751879.6992481203,43.0,30.0,True,0,
2026-09-29T03:45:53.413084+00:00,414.2920791999786,2,751870,50,150,200,751879.6992481203,43.0,30.0,True,0,
2026-09-29T03:45:53.630697+00:00,414.5096736999694,2,751880,50,90,140,751879.6992481203,43.0,30.0,True,0,
2026-09-29T03:45:53.852237+00:00,414.7311985999695,2,751870,60,120,180,751879.6992481203,43.0,30.0,True,0,
2026-09-29T03:45:54.083895+00:00,414.9628613999812,2,751870,20,130,150,751879.6992481203,43.0,30.0,True,0,
2026-09-29T03:45:54.303718+00:00,415.1827129999874,2,751870,50,90,140,751879.6992481203,43.0,30.0,True,0,
2026-09-29T03:45:54.535523+00:00,415.4145022999728,2,751880,60,70,130,751879.6992481203,43.0,30.0,True,0,
2026-09-29T03:45:54.754962+00:00,415.633929100004,2,751870,60,60,120,751879.6992481203,43.0,30.0,True,0,
2026-09-29T03:45:54.973704+00:00,415.85269460000563,2,751870,60,100,160,751879.6992481203,43.0,30.0,True,0,
2026-09-29T03:45:55.193514+00:00,416.07250199996633,2,751870,20,150,170,751879.6992481203,43.0,30.0,True,0,
2026-09-29T03:45:55.412806+00:00,416.29183439997723,2,751870,70,70,140,751879.6992481203,43.0,30.0,True,0,
2026-09-29T03:45:55.632762+00:00,416.51174270000774,2,751880,40,90,130,751879.6992481203,43.0,30.0,True,0,
2026-09-29T03:45:55.852514+00:00,416.7314650999615,2,751870,50,140,190,751879.6992481203,43.0,30.0,True,0,
2026-09-29T03:45:56.070675+00:00,416.94962410000153,2,751870,70,120,190,751879.6992481203,43.0,30.0,True,0,
2026-09-29T03:45:56.302422+00:00,417.1814072999987,2,751870,60,90,150,751879.6992481203,43.0,30.0,True,0,
2026-09-29T03:45:56.521972+00:00,417.40093900001375,2,751880,90,120,210,751879.6992481203,43.0,30.0,True,0,
2026-09-29T03:45:56.741577+00:00,417.6205201999983,2,751870,40,70,110,751879.6992481203,43.0,30.0,True,0,
2026-09-29T03:45:56.960362+00:00,417.8393031999585,2,751870,70,150,220,751879.6992481203,43.0,30.0,True,0,
2026-09-29T03:45:57.192616+00:00,418.07157829997595,2,751870,50,100,150,751879.6992481203,43.0,30.0,True,0,
2026-09-29T03:45:57.411633+00:00,418.2906154000084,2,751870,60,120,180,751879.6992481203,43.0,30.0,True,0,
2026-09-29T03:45:57.630815+00:00,418.5097533999942,2,751880,20,120,140,751879.6992481203,43.0,30.0,True,0,
2026-09-29T03:45:57.850700+00:00,418.72963680000976,2,751870,70,80,150,751879.6992481203,43.0,30.0,True,0,
2026-09-29T03:45:58.067647+00:00,418.9466102999868,2,751870,30,110,140,751879.6992481203,43.0,30.0,True,0,
2026-09-29T03:45:58.284659+00:00,419.1636203000089,2,751870,40,160,200,751879.6992481203,43.0,30.0,True,0,
2026-09-29T03:45:58.503442+00:00,419.3823712999583,2,751880,80,70,150,751879.6992481203,43.0,30.0,True,0,
2026-09-29T03:45:58.722144+00:00,419.601089600008,2,751870,40,30,70,751879.6992481203,43.0,30.0,True,0,
2026-09-29T03:45:58.943693+00:00,419.82262489997083,2,751870,40,110,150,751879.6992481203,43.0,30.0,True,0,
2026-09-29T03:45:59.162381+00:00,420.0413406000007,2,751870,30,80,110,751879.6992481203,43.0,30.0,True,0,
2026-09-29T03:45:59.392542+00:00,420.2714936999837,2,751870,60,80,140,751879.6992481203,43.0,30.0,True,0,
2026-09-29T03:45:59.611809+00:00,420.4908549999818,2,751880,100,50,150,751879.6992481203,43.0,30.0,True,0,
2026-09-29T03:45:59.831522+00:00,420.7104483000003,2,751870,30,50,80,751879.6992481203,43.0,30.0,True,0,
2026-09-29T03:46:00.051280+00:00,420.93023769999854,2,751870,50,100,150,751879.6992481203,43.0,30.0,True,0,
2026-09-29T03:46:00.268233+00:00,421.1471695000073,2,751880,30,70,100,751879.6992481203,43.0,30.0,True,0,
2026-09-29T03:46:00.488186+00:00,421.36711469996953,2,751880,90,100,190,751879.6992481203,43.0,30.0,True,0,
2026-09-29T03:46:00.707774+00:00,421.58669409999857,2,751880,80,50,130,751879.6992481203,43.0,30.0,True,0,
2026-09-29T03:46:00.927291+00:00,421.8062401000061,2,751870,70,120,190,751879.6992481203,43.0,30.0,True,0,
2026-09-29T03:46:01.145052+00:00,422.02400500001386,2,751870,50,100,150,751879.6992481203,43.0,30.0,True,0,
2026-09-29T03:46:01.362284+00:00,422.2412012999994,2,751880,30,100,130,751879.6992481203,43.0,30.0,True,0,
2026-09-29T03:46:01.582482+00:00,422.46143129997654,2,751880,50,140,190,751879.6992481203,43.0,30.0,True,0,
2026-09-29T03:46:01.799337+00:00,422.678271199984,2,751870,50,80,130,751879.6992481203,43.0,30.0,True,0,
2026-09-29T03:46:02.017404+00:00,422.89631009998266,2,751870,50,70,120,751879.6992481203,43.0,30.0,True,0,
2026-09-29T03:46:02.235290+00:00,423.1142009999603,2,751880,50,110,160,751879.6992481203,43.0,30.0,True,0,
2026-09-29T03:46:02.454749+00:00,423.33368749998044,2,751870,70,120,190,751879.6992481203,43.0,30.0,True,0,
2026-09-29T03:46:02.673005+00:00,423.5519258999848,2,751870,30,90,120,751879.6992481203,43.0,30.0,True,0,
2026-09-29T03:46:02.890769+00:00,423.76970010000514,2,751870,80,80,160,751879.6992481203,43.0,30.0,True,0,
2026-09-29T03:46:03.109975+00:00,423.9888874999597,2,751870,40,140,180,751879.6992481203,43.0,30.0,True,0,
2026-09-29T03:46:03.328466+00:00,424.2074118999881,2,751880,60,120,180,751879.6992481203,43.0,30.0,True,0,
2026-09-29T03:46:03.546127+00:00,424.4250296999817,2,751870,90,70,160,751879.6992481203,43.0,30.0,True,0,
2026-09-29T03:46:03.766440+00:00,424.64538830000674,2,751870,30,90,120,751879.6992481203,43.0,30.0,True,0,
2026-09-29T03:46:03.985739+00:00,424.86471419996815,2,751870,80,80,160,751879.6992481203,43.0,30.0,True,0,
2026-09-29T03:46:04.203923+00:00,425.0828480999917,2,751880,40,60,100,751879.6992481203,43.0,30.0,True,0,
2026-09-29T03:46:04.424083+00:00,425.3030065000057,2,751870,40,180,220,751879.6992481203,43.0,30.0,True,0,
2026-09-29T03:46:04.644239+00:00,425.5231616999954,2,751870,40,110,150,751879.6992481203,43.0,30.0,True,0,
2026-09-29T03:46:04.863675+00:00,425.74259360000724,2,751870,70,130,200,751879.6992481203,43.0,30.0,True,0,
2026-09-29T03:46:05.083268+00:00,425.9621743999887,2,751870,50,140,190,751879.6992481203,43.0,30.0,True,0,
2026-09-29T03:46:05.300856+00:00,426.17978519998724,2,751880,40,90,130,751879.6992481203,43.0,30.0,True,0,
2026-09-29T03:46:05.519541+00:00,426.39844929997344,2,751870,50,130,180,751879.6992481203,43.0,30.0,True,0,
2026-09-29T03:46:05.736523+00:00,426.6154364999966,2,751870,30,180,210,751879.6992481203,43.0,30.0,True,0,
2026-09-29T03:46:05.956188+00:00,426.83510399999795,2,751880,20,60,80,751879.6992481203,43.0,30.0,True,0,
2026-09-29T03:46:06.174748+00:00,427.0536457999842,2,751880,40,40,80,751879.6992481203,43.0,30.0,True,0,
2026-09-29T03:46:06.405703+00:00,427.2846212000004,2,751870,90,80,170,751879.6992481203,43.0,30.0,True,0,
2026-09-29T03:46:06.637330+00:00,427.51620849996107,2,751870,60,130,190,751879.6992481203,43.0,30.0,True,0,
2026-09-29T03:46:06.855539+00:00,427.7344494999852,2,751870,60,160,220,751879.6992481203,43.0,30.0,True,0,
2026-09-29T03:46:07.073697+00:00,427.95258260000264,2,751880,60,100,160,751879.6992481203,43.0,30.0,True,0,
2026-09-29T03:46:07.291325+00:00,428.17020529997535,2,751880,20,100,120,751879.6992481203,43.0,30.0,True,0,
2026-09-29T03:46:07.509503+00:00,428.38838019996183,2,751870,70,130,200,751879.6992481203,43.0,30.0,True,0,
2026-09-29T03:46:07.729399+00:00,428.6082859999733,2,751870,90,110,200,751879.6992481203,43.0,30.0,True,0,
2026-09-29T03:46:07.946423+00:00,428.8253185999929,2,751880,100,330,430,751879.6992481203,43.0,30.0,True,0,
2026-09-29T03:46:08.164810+00:00,429.0436835999717,2,751870,190,400,590,751879.6992481203,43.0,30.0,True,0,
2026-09-29T03:46:08.395559+00:00,429.2744793999591,2,751870,200,360,560,751879.6992481203,43.0,30.0,True,0,
2026-09-29T03:46:08.615184+00:00,429.49408769997535,2,751870,210,240,450,751879.6992481203,43.0,30.0,True,0,
2026-09-29T03:46:08.833339+00:00,429.7122352999868,2,751870,50,90,140,751879.6992481203,43.0,30.0,True,0,
2026-09-29T03:46:09.052591+00:00,429.93148729996756,2,751880,100,130,230,751879.6992481203,43.0,30.0,True,0,
2026-09-29T03:46:09.270829+00:00,430.1497371000005,2,751870,110,80,190,751879.6992481203,43.0,30.0,True,0,
2026-09-29T03:46:09.488431+00:00,430.36732189997565,2,751870,50,110,160,751879.6992481203,43.0,30.0,True,0,
2026-09-29T03:46:09.707531+00:00,430.5864230999723,2,751870,70,160,230,751879.6992481203,43.0,30.0,True,0,
2026-09-29T03:46:09.925207+00:00,430.80407700000796,2,751880,40,40,80,751879.6992481203,43.0,30.0,True,0,
2026-09-29T03:46:10.143539+00:00,431.02243999997154,2,751870,50,80,130,751879.6992481203,43.0,30.0,True,0,
2026-09-29T03:46:10.364596+00:00,431.2434816999594,2,751870,20,80,100,751879.6992481203,43.0,30.0,True,0,
2026-09-29T03:46:10.596753+00:00,431.4756322999601,2,365120,20,130,150,751879.6992481203,43.0,30.0,False,1024,"WARNING_TIME_SPAN_TOO_SMALL: 
The sync period is/was longer than the measurable time 
span at the current resolution. Events falling outside 
this span will not be recorded."
2026-09-29T03:46:10.814896+00:00,431.6937812999822,2,0,100,170,270,751879.6992481203,43.0,30.0,False,1,"WARNING_SYNC_RATE_ZERO: 
There is/was no signal at the sync input."
2026-09-29T03:46:11.034134+00:00,431.9131119999802,2,0,110,100,210,751879.6992481203,43.0,30.0,False,1,"WARNING_SYNC_RATE_ZERO: 
There is/was no signal at the sync input."
2026-09-29T03:46:11.266495+00:00,432.14535720000276,2,0,60,70,130,751879.6992481203,43.0,30.0,False,1,"WARNING_SYNC_RATE_ZERO: 
There is/was no signal at the sync input."
2026-09-29T03:46:11.501362+00:00,432.3802313999622,2,0,50,100,150,751879.6992481203,43.0,30.0,False,1,"WARNING_SYNC_RATE_ZERO: 
There is/was no signal at the sync input."
2026-09-29T03:46:11.719067+00:00,432.5979211999802,2,0,60,90,150,751879.6992481203,43.0,30.0,False,1,"WARNING_SYNC_RATE_ZERO: 
There is/was no signal at the sync input."
2026-09-29T03:46:11.937830+00:00,432.816723499971,2,0,80,130,210,751879.6992481203,43.0,30.0,False,1,"WARNING_SYNC_RATE_ZERO: 
There is/was no signal at the sync input."
2026-09-29T03:46:12.155920+00:00,433.0348134000087,2,0,110,260,370,751879.6992481203,43.0,30.0,False,1,"WARNING_SYNC_RATE_ZERO: 
There is/was no signal at the sync input."
2026-09-29T03:46:12.374150+00:00,433.2530868999893,2,0,80,300,380,751879.6992481203,43.0,30.0,False,1,"WARNING_SYNC_RATE_ZERO: 
There is/was no signal at the sync input."
2026-09-29T03:46:12.592929+00:00,433.4718034999678,2,0,150,200,350,751879.6992481203,43.0,30.0,False,1,"WARNING_SYNC_RATE_ZERO: 
There is/was no signal at the sync input."
2026-09-29T03:46:12.811845+00:00,433.69069269998,2,0,50,170,220,751879.6992481203,43.0,30.0,False,1,"WARNING_SYNC_RATE_ZERO: 
There is/was no signal at the sync input."
2026-09-29T03:46:13.030249+00:00,433.9091019000043,2,0,50,130,180,751879.6992481203,43.0,30.0,False,1,"WARNING_SYNC_RATE_ZERO: 
There is/was no signal at the sync input."
2026-09-29T03:46:13.246688+00:00,434.12554420001106,2,0,110,90,200,751879.6992481203,43.0,30.0,False,1,"WARNING_SYNC_RATE_ZERO: 
There is/was no signal at the sync input."
2026-09-29T03:46:13.465030+00:00,434.3439000999788,2,0,90,100,190,751879.6992481203,43.0,30.0,False,1,"WARNING_SYNC_RATE_ZERO: 
There is/was no signal at the sync input."
2026-09-29T03:46:13.684915+00:00,434.5637873999658,2,0,120,210,330,751879.6992481203,43.0,30.0,False,1,"WARNING_SYNC_RATE_ZERO: 
There is/was no signal at the sync input."
2026-09-29T03:46:13.904734+00:00,434.7835926999687,2,0,150,120,270,751879.6992481203,43.0,30.0,False,1,"WARNING_SYNC_RATE_ZERO: 
There is/was no signal at the sync input."
2026-09-29T03:46:14.123728+00:00,435.0025687000016,2,0,100,110,210,751879.6992481203,43.0,30.0,False,1,"WARNING_SYNC_RATE_ZERO: 
There is/was no signal at the sync input."
2026-09-29T03:46:14.342782+00:00,435.22172239999054,2,0,140,290,430,751879.6992481203,43.0,30.0,False,1,"WARNING_SYNC_RATE_ZERO: 
There is/was no signal at the sync input."
2026-09-29T03:46:14.574313+00:00,435.4532265999587,2,0,130,290,420,751879.6992481203,43.0,30.0,False,1,"WARNING_SYNC_RATE_ZERO: 
There is/was no signal at the sync input."
2026-09-29T03:46:14.792183+00:00,435.67103889997816,2,0,100,100,200,751879.6992481203,43.0,30.0,False,1,"WARNING_SYNC_RATE_ZERO: 
There is/was no signal at the sync input."
2026-09-29T03:46:15.010067+00:00,435.8889299000148,2,0,20,190,210,751879.6992481203,43.0,30.0,False,1,"WARNING_SYNC_RATE_ZERO: 
There is/was no signal at the sync input."
2026-09-29T03:46:15.227812+00:00,436.1066686999984,2,0,10,70,80,751879.6992481203,43.0,30.0,False,1,"WARNING_SYNC_RATE_ZERO: 
There is/was no signal at the sync input."
2026-09-29T03:46:15.446525+00:00,436.3253750000149,2,0,50,110,160,751879.6992481203,43.0,30.0,False,1,"WARNING_SYNC_RATE_ZERO: 
There is/was no signal at the sync input."
2026-09-29T03:46:15.666783+00:00,436.54561199998716,2,0,20,60,80,751879.6992481203,43.0,30.0,False,1,"WARNING_SYNC_RATE_ZERO: 
There is/was no signal at the sync input."
2026-09-29T03:46:15.887715+00:00,436.76656739995815,2,0,60,150,210,751879.6992481203,43.0,30.0,False,1,"WARNING_SYNC_RATE_ZERO: 
There is/was no signal at the sync input."
2026-09-29T03:46:16.107792+00:00,436.98661600000923,2,0,60,80,140,751879.6992481203,43.0,30.0,False,1,"WARNING_SYNC_RATE_ZERO: 
There is/was no signal at the sync input."
2026-09-29T03:46:16.325717+00:00,437.20455739996396,2,0,60,140,200,751879.6992481203,43.0,30.0,False,1,"WARNING_SYNC_RATE_ZERO: 
There is/was no signal at the sync input."
2026-09-29T03:46:16.544994+00:00,437.4238492999575,2,0,40,100,140,751879.6992481203,43.0,30.0,False,1,"WARNING_SYNC_RATE_ZERO: 
There is/was no signal at the sync input."
2026-09-29T03:46:16.762639+00:00,437.641495399992,2,0,50,140,190,751879.6992481203,43.0,30.0,False,1,"WARNING_SYNC_RATE_ZERO: 
There is/was no signal at the sync input."
2026-09-29T03:46:16.981918+00:00,437.86074299999746,2,0,60,70,130,751879.6992481203,43.0,30.0,False,1,"WARNING_SYNC_RATE_ZERO: 
There is/was no signal at the sync input."
2026-09-29T03:46:17.201314+00:00,438.08017919998383,2,0,30,70,100,751879.6992481203,43.0,30.0,False,1,"WARNING_SYNC_RATE_ZERO: 
There is/was no signal at the sync input."
2026-09-29T03:46:17.421002+00:00,438.2998247999931,2,0,60,80,140,751879.6992481203,43.0,30.0,False,1,"WARNING_SYNC_RATE_ZERO: 
There is/was no signal at the sync input."
2026-09-29T03:46:17.638059+00:00,438.5169053999707,2,0,60,40,100,751879.6992481203,43.0,30.0,False,1,"WARNING_SYNC_RATE_ZERO: 
There is/was no signal at the sync input."
2026-09-29T03:46:17.855292+00:00,438.7341153000016,2,0,60,100,160,751879.6992481203,43.0,30.0,False,1,"WARNING_SYNC_RATE_ZERO: 
There is/was no signal at the sync input."
2026-09-29T03:46:18.073786+00:00,438.9526033999864,2,0,70,120,190,751879.6992481203,43.0,30.0,False,1,"WARNING_SYNC_RATE_ZERO: 
There is/was no signal at the sync input."
2026-09-29T03:46:18.290574+00:00,439.16938849998405,2,0,60,130,190,751879.6992481203,43.0,30.0,False,1,"WARNING_SYNC_RATE_ZERO: 
There is/was no signal at the sync input."
2026-09-29T03:46:18.511155+00:00,439.38998759997776,2,0,60,70,130,751879.6992481203,43.0,30.0,False,1,"WARNING_SYNC_RATE_ZERO: 
There is/was no signal at the sync input."
2026-09-29T03:46:18.743796+00:00,439.6226258999668,2,0,20,110,130,751879.6992481203,43.0,30.0,False,1,"WARNING_SYNC_RATE_ZERO: 
There is/was no signal at the sync input."
2026-09-29T03:46:18.964015+00:00,439.84285750001436,2,0,30,160,190,751879.6992481203,43.0,30.0,False,1,"WARNING_SYNC_RATE_ZERO: 
There is/was no signal at the sync input."
2026-09-29T03:46:19.195436+00:00,440.0742878000019,2,0,100,110,210,751879.6992481203,43.0,30.0,False,1,"WARNING_SYNC_RATE_ZERO: 
There is/was no signal at the sync input."
2026-09-29T03:46:19.414009+00:00,440.29284700000426,2,0,60,110,170,751879.6992481203,43.0,30.0,False,1,"WARNING_SYNC_RATE_ZERO: 
There is/was no signal at the sync input."
2026-09-29T03:46:19.634292+00:00,440.5131118000136,2,0,110,130,240,751879.6992481203,43.0,30.0,False,1,"WARNING_SYNC_RATE_ZERO: 
There is/was no signal at the sync input."
2026-09-29T03:46:19.852853+00:00,440.73167760000797,2,0,50,120,170,751879.6992481203,43.0,30.0,False,1,"WARNING_SYNC_RATE_ZERO: 
There is/was no signal at the sync input."
2026-09-29T03:46:20.071192+00:00,440.9500154000125,2,0,60,140,200,751879.6992481203,43.0,30.0,False,1,"WARNING_SYNC_RATE_ZERO: 
There is/was no signal at the sync input."
2026-09-29T03:46:20.289483+00:00,441.16831199999433,2,0,60,110,170,751879.6992481203,43.0,30.0,False,1,"WARNING_SYNC_RATE_ZERO: 
There is/was no signal at the sync input."
2026-09-29T03:46:20.506643+00:00,441.385467599961,2,0,30,90,120,751879.6992481203,43.0,30.0,False,1,"WARNING_SYNC_RATE_ZERO: 
There is/was no signal at the sync input."
2026-09-29T03:46:20.726022+00:00,441.60487789998297,2,0,20,100,120,751879.6992481203,43.0,30.0,False,1,"WARNING_SYNC_RATE_ZERO: 
There is/was no signal at the sync input."
2026-09-29T03:46:20.960570+00:00,441.8393694999977,2,0,50,100,150,751879.6992481203,43.0,30.0,False,1,"WARNING_SYNC_RATE_ZERO: 
There is/was no signal at the sync input."
2026-09-29T03:46:21.179576+00:00,442.05841170001077,2,0,70,160,230,751879.6992481203,43.0,30.0,False,1,"WARNING_SYNC_RATE_ZERO: 
There is/was no signal at the sync input."
2026-09-29T03:46:21.398172+00:00,442.27697129995795,2,0,40,50,90,751879.6992481203,43.0,30.0,False,1,"WARNING_SYNC_RATE_ZERO: 
There is/was no signal at the sync input."
2026-09-29T03:46:21.617744+00:00,442.49656140001025,2,0,50,150,200,751879.6992481203,43.0,30.0,False,1,"WARNING_SYNC_RATE_ZERO: 
There is/was no signal at the sync input."
2026-09-29T03:46:21.836936+00:00,442.7157345999731,2,0,70,90,160,751879.6992481203,43.0,30.0,False,1,"WARNING_SYNC_RATE_ZERO: 
There is/was no signal at the sync input."
2026-09-29T03:46:22.069569+00:00,442.9483664999716,2,0,100,90,190,751879.6992481203,43.0,30.0,False,1,"WARNING_SYNC_RATE_ZERO: 
There is/was no signal at the sync input."
2026-09-29T03:46:22.287493+00:00,443.16628429997945,2,0,70,110,180,751879.6992481203,43.0,30.0,False,1,"WARNING_SYNC_RATE_ZERO: 
There is/was no signal at the sync input."
2026-09-29T03:46:22.506105+00:00,443.3848978999886,2,0,50,90,140,751879.6992481203,43.0,30.0,False,1,"WARNING_SYNC_RATE_ZERO: 
There is/was no signal at the sync input."
2026-09-29T03:46:22.726865+00:00,443.6056966999895,2,0,100,110,210,751879.6992481203,43.0,30.0,False,1,"WARNING_SYNC_RATE_ZERO: 
There is/was no signal at the sync input."
2026-09-29T03:46:22.946401+00:00,443.82522559998324,2,0,40,140,180,751879.6992481203,43.0,30.0,False,1,"WARNING_SYNC_RATE_ZERO: 
There is/was no signal at the sync input."
2026-09-29T03:46:23.164834+00:00,444.04365449998295,2,0,70,80,150,751879.6992481203,43.0,30.0,False,1,"WARNING_SYNC_RATE_ZERO: 
There is/was no signal at the sync input."
2026-09-29T03:46:23.397361+00:00,444.27614099998027,2,0,50,100,150,751879.6992481203,43.0,30.0,False,1,"WARNING_SYNC_RATE_ZERO: 
There is/was no signal at the sync input."
2026-09-29T03:46:23.615824+00:00,444.4946334999986,2,0,60,90,150,751879.6992481203,43.0,30.0,False,1,"WARNING_SYNC_RATE_ZERO: 
There is/was no signal at the sync input."
2026-09-29T03:46:23.835702+00:00,444.7145312000066,2,0,80,90,170,751879.6992481203,43.0,30.0,False,1,"WARNING_SYNC_RATE_ZERO: 
There is/was no signal at the sync input."
2026-09-29T03:46:24.068661+00:00,444.94750720000593,2,0,40,90,130,751879.6992481203,43.0,30.0,False,1,"WARNING_SYNC_RATE_ZERO: 
There is/was no signal at the sync input."
2026-09-29T03:46:24.287360+00:00,445.16618080000626,2,0,50,40,90,751879.6992481203,43.0,30.0,False,1,"WARNING_SYNC_RATE_ZERO: 
There is/was no signal at the sync input."
2026-09-29T03:46:24.505693+00:00,445.3844880000106,2,0,80,100,180,751879.6992481203,43.0,30.0,False,1,"WARNING_SYNC_RATE_ZERO: 
There is/was no signal at the sync input."
2026-09-29T03:46:24.724709+00:00,445.60349169996334,2,0,60,90,150,751879.6992481203,43.0,30.0,False,1,"WARNING_SYNC_RATE_ZERO: 
There is/was no signal at the sync input."
2026-09-29T03:46:24.944420+00:00,445.82321040000534,2,0,20,160,180,751879.6992481203,43.0,30.0,False,1,"WARNING_SYNC_RATE_ZERO: 
There is/was no signal at the sync input."
2026-09-29T03:46:25.179587+00:00,446.0583856999874,2,0,80,110,190,751879.6992481203,43.0,30.0,False,1,"WARNING_SYNC_RATE_ZERO: 
There is/was no signal at the sync input."
2026-09-29T03:46:25.398936+00:00,446.2777478999924,2,0,50,90,140,751879.6992481203,43.0,30.0,False,1,"WARNING_SYNC_RATE_ZERO: 
There is/was no signal at the sync input."
2026-09-29T03:46:25.619147+00:00,446.4979533999576,2,0,60,230,290,751879.6992481203,43.0,30.0,False,1,"WARNING_SYNC_RATE_ZERO: 
There is/was no signal at the sync input."
2026-09-29T03:46:25.838567+00:00,446.7173588000005,2,0,110,150,260,751879.6992481203,43.0,30.0,False,1,"WARNING_SYNC_RATE_ZERO: 
There is/was no signal at the sync input."
2026-09-29T03:46:26.058478+00:00,446.9372866000049,2,0,90,90,180,751879.6992481203,43.0,30.0,False,1,"WARNING_SYNC_RATE_ZERO: 
There is/was no signal at the sync input."
2026-09-29T03:46:26.276619+00:00,447.15542709996225,2,0,100,140,240,751879.6992481203,43.0,30.0,False,1,"WARNING_SYNC_RATE_ZERO: 
There is/was no signal at the sync input."
2026-09-29T03:46:26.508239+00:00,447.3870291999774,2,0,80,80,160,751879.6992481203,43.0,30.0,False,1,"WARNING_SYNC_RATE_ZERO: 
There is/was no signal at the sync input."
2026-09-29T03:46:26.726802+00:00,447.6055930000148,2,0,50,70,120,751879.6992481203,43.0,30.0,False,1,"WARNING_SYNC_RATE_ZERO: 
There is/was no signal at the sync input."
2026-09-29T03:46:26.947107+00:00,447.8258752999827,2,0,80,40,120,751879.6992481203,43.0,30.0,False,1,"WARNING_SYNC_RATE_ZERO: 
There is/was no signal at the sync input."
2026-09-29T03:46:27.164340+00:00,448.0431656999863,2,0,90,60,150,751879.6992481203,43.0,30.0,False,1,"WARNING_SYNC_RATE_ZERO: 
There is/was no signal at the sync input."
2026-09-29T03:46:27.383084+00:00,448.2618447999703,2,0,50,100,150,751879.6992481203,43.0,30.0,False,1,"WARNING_SYNC_RATE_ZERO: 
There is/was no signal at the sync input."
2026-09-29T03:46:27.601420+00:00,448.4802078999928,2,0,50,100,150,751879.6992481203,43.0,30.0,False,1,"WARNING_SYNC_RATE_ZERO: 
There is/was no signal at the sync input."
2026-09-29T03:46:27.820363+00:00,448.6991457999684,2,0,60,110,170,751879.6992481203,43.0,30.0,False,1,"WARNING_SYNC_RATE_ZERO: 
There is/was no signal at the sync input."
2026-09-29T03:46:28.052896+00:00,448.9316755000036,2,0,80,90,170,751879.6992481203,43.0,30.0,False,1,"WARNING_SYNC_RATE_ZERO: 
There is/was no signal at the sync input."
2026-09-29T03:46:28.272199+00:00,449.15099950000877,2,0,60,80,140,751879.6992481203,43.0,30.0,False,1,"WARNING_SYNC_RATE_ZERO: 
There is/was no signal at the sync input."
2026-09-29T03:46:28.491320+00:00,449.3700691999984,2,0,80,130,210,751879.6992481203,43.0,30.0,False,1,"WARNING_SYNC_RATE_ZERO: 
There is/was no signal at the sync input."
2026-09-29T03:46:28.710108+00:00,449.5888558999868,2,0,50,200,250,751879.6992481203,43.0,30.0,False,1,"WARNING_SYNC_RATE_ZERO: 
There is/was no signal at the sync input."
2026-09-29T03:46:28.927971+00:00,449.80672639998375,2,0,50,100,150,751879.6992481203,43.0,30.0,False,1,"WARNING_SYNC_RATE_ZERO: 
There is/was no signal at the sync input."
2026-09-29T03:46:29.159351+00:00,450.0381015999592,2,0,80,110,190,751879.6992481203,43.0,30.0,False,1,"WARNING_SYNC_RATE_ZERO: 
There is/was no signal at the sync input."
2026-09-29T03:46:29.379008+00:00,450.25781779998215,2,0,100,330,430,751879.6992481203,43.0,30.0,False,1,"WARNING_SYNC_RATE_ZERO: 
There is/was no signal at the sync input."
2026-09-29T03:46:29.598068+00:00,450.47682129999157,2,0,330,320,650,751879.6992481203,43.0,30.0,False,1,"WARNING_SYNC_RATE_ZERO: 
There is/was no signal at the sync input."
2026-09-29T03:46:29.818435+00:00,450.69720339996275,2,0,210,280,490,751879.6992481203,43.0,30.0,False,1,"WARNING_SYNC_RATE_ZERO: 
There is/was no signal at the sync input."
2026-09-29T03:46:30.036491+00:00,450.9153488999582,2,0,260,440,700,751879.6992481203,43.0,30.0,False,1,"WARNING_SYNC_RATE_ZERO: 
There is/was no signal at the sync input."
2026-09-29T03:46:30.267927+00:00,451.1466878000065,2,0,230,350,580,751879.6992481203,43.0,30.0,False,1,"WARNING_SYNC_RATE_ZERO: 
There is/was no signal at the sync input."
2026-09-29T03:46:30.486448+00:00,451.36521640000865,2,0,280,380,660,751879.6992481203,43.0,30.0,False,1,"WARNING_SYNC_RATE_ZERO: 
There is/was no signal at the sync input."
2026-09-29T03:46:30.705490+00:00,451.58426029997645,2,0,300,380,680,751879.6992481203,43.0,30.0,False,1,"WARNING_SYNC_RATE_ZERO: 
There is/was no signal at the sync input."
2026-09-29T03:46:30.926511+00:00,451.805285200011,2,0,300,260,560,751879.6992481203,43.0,30.0,False,1,"WARNING_SYNC_RATE_ZERO: 
There is/was no signal at the sync input."
2026-09-29T03:46:31.144506+00:00,452.02328470000066,2,0,300,340,640,751879.6992481203,43.0,30.0,False,1,"WARNING_SYNC_RATE_ZERO: 
There is/was no signal at the sync input."
2026-09-29T03:46:31.362518+00:00,452.24126759998035,2,0,300,380,680,751879.6992481203,43.0,30.0,False,1,"WARNING_SYNC_RATE_ZERO: 
There is/was no signal at the sync input."
2026-09-29T03:46:31.581579+00:00,452.4603369999677,2,0,170,270,440,751879.6992481203,43.0,30.0,False,1,"WARNING_SYNC_RATE_ZERO: 
There is/was no signal at the sync input."
2026-09-29T03:46:31.799973+00:00,452.67871740000555,2,0,280,220,500,751879.6992481203,43.0,30.0,False,1,"WARNING_SYNC_RATE_ZERO: 
There is/was no signal at the sync input."
2026-09-29T03:46:32.033207+00:00,452.91202459996566,2,0,220,230,450,751879.6992481203,43.0,30.0,False,1,"WARNING_SYNC_RATE_ZERO: 
There is/was no signal at the sync input."
2026-09-29T03:46:32.251018+00:00,453.1297592999763,2,0,110,360,470,751879.6992481203,43.0,30.0,False,1,"WARNING_SYNC_RATE_ZERO: 
There is/was no signal at the sync input."
2026-09-29T03:46:32.468119+00:00,453.34686389996205,2,0,160,240,400,751879.6992481203,43.0,30.0,False,1,"WARNING_SYNC_RATE_ZERO: 
There is/was no signal at the sync input."
2026-09-29T03:46:32.685795+00:00,453.56453009997495,2,0,80,220,300,751879.6992481203,43.0,30.0,False,1,"WARNING_SYNC_RATE_ZERO: 
There is/was no signal at the sync input."
2026-09-29T03:46:32.906251+00:00,453.78502680000383,2,0,120,200,320,751879.6992481203,43.0,30.0,False,1,"WARNING_SYNC_RATE_ZERO: 
There is/was no signal at the sync input."
2026-09-29T03:46:33.125927+00:00,454.0046860000002,2,0,110,320,430,751879.6992481203,43.0,30.0,False,1,"WARNING_SYNC_RATE_ZERO: 
There is/was no signal at the sync input."
2026-09-29T03:46:33.344474+00:00,454.22319689998403,2,0,130,210,340,751879.6992481203,43.0,30.0,False,1,"WARNING_SYNC_RATE_ZERO: 
There is/was no signal at the sync input."
2026-09-29T03:46:33.562550+00:00,454.4412954999716,2,0,160,180,340,751879.6992481203,43.0,30.0,False,1,"WARNING_SYNC_RATE_ZERO: 
There is/was no signal at the sync input."
2026-09-29T03:46:33.781892+00:00,454.66063920001034,2,0,180,260,440,751879.6992481203,43.0,30.0,False,1,"WARNING_SYNC_RATE_ZERO: 
There is/was no signal at the sync input."
2026-09-29T03:46:34.000225+00:00,454.87894649995724,2,0,230,200,430,751879.6992481203,43.0,30.0,False,1,"WARNING_SYNC_RATE_ZERO: 
There is/was no signal at the sync input."
2026-09-29T03:46:34.219863+00:00,455.0985814000014,2,0,260,220,480,751879.6992481203,43.0,30.0,False,1,"WARNING_SYNC_RATE_ZERO: 
There is/was no signal at the sync input."
2026-09-29T03:46:34.438920+00:00,455.3176693000132,2,0,160,210,370,751879.6992481203,43.0,30.0,False,1,"WARNING_SYNC_RATE_ZERO: 
There is/was no signal at the sync input."
2026-09-29T03:46:34.657872+00:00,455.53661919996375,2,0,150,230,380,751879.6992481203,43.0,30.0,False,1,"WARNING_SYNC_RATE_ZERO: 
There is/was no signal at the sync input."
2026-09-29T03:46:34.875882+00:00,455.75459639995825,2,0,170,230,400,751879.6992481203,43.0,30.0,False,1,"WARNING_SYNC_RATE_ZERO: 
There is/was no signal at the sync input."
2026-09-29T03:46:35.095083+00:00,455.9737979999627,2,0,50,190,240,751879.6992481203,43.0,30.0,False,1,"WARNING_SYNC_RATE_ZERO: 
There is/was no signal at the sync input."
2026-09-29T03:46:35.313059+00:00,456.19180999998935,2,0,150,100,250,751879.6992481203,43.0,30.0,False,1,"WARNING_SYNC_RATE_ZERO: 
There is/was no signal at the sync input."
2026-09-29T03:46:35.531000+00:00,456.40972250001505,2,0,50,80,130,751879.6992481203,43.0,30.0,False,1,"WARNING_SYNC_RATE_ZERO: 
There is/was no signal at the sync input."
2026-09-29T03:46:35.748538+00:00,456.6272547999979,2,0,40,70,110,751879.6992481203,43.0,30.0,False,1,"WARNING_SYNC_RATE_ZERO: 
There is/was no signal at the sync input."
2026-09-29T03:46:35.966316+00:00,456.8450316999806,2,0,40,70,110,751879.6992481203,43.0,30.0,False,1,"WARNING_SYNC_RATE_ZERO: 
There is/was no signal at the sync input."
2026-09-29T03:46:36.185000+00:00,457.06372979999287,2,0,40,120,160,751879.6992481203,43.0,30.0,False,1,"WARNING_SYNC_RATE_ZERO: 
There is/was no signal at the sync input."
2026-09-29T03:46:36.402269+00:00,457.2810098999762,2,0,60,80,140,751879.6992481203,43.0,30.0,False,1,"WARNING_SYNC_RATE_ZERO: 
There is/was no signal at the sync input."
2026-09-29T03:46:36.621353+00:00,457.5000856000115,2,0,40,90,130,751879.6992481203,43.0,30.0,False,1,"WARNING_SYNC_RATE_ZERO: 
There is/was no signal at the sync input."
2026-09-29T03:46:36.840084+00:00,457.71881270001177,2,0,70,130,200,751879.6992481203,43.0,30.0,False,1,"WARNING_SYNC_RATE_ZERO: 
There is/was no signal at the sync input."
2026-09-29T03:46:37.057629+00:00,457.9363724999712,2,0,30,80,110,751879.6992481203,43.0,30.0,False,1,"WARNING_SYNC_RATE_ZERO: 
There is/was no signal at the sync input."
2026-09-29T03:46:37.275560+00:00,458.1542999999947,2,0,110,90,200,751879.6992481203,43.0,30.0,False,1,"WARNING_SYNC_RATE_ZERO: 
There is/was no signal at the sync input."
2026-09-29T03:46:37.492797+00:00,458.3715085000149,2,0,80,120,200,751879.6992481203,43.0,30.0,False,1,"WARNING_SYNC_RATE_ZERO: 
There is/was no signal at the sync input."
2026-09-29T03:46:37.711441+00:00,458.5902054999606,2,0,80,30,110,751879.6992481203,43.0,30.0,False,1,"WARNING_SYNC_RATE_ZERO: 
There is/was no signal at the sync input."
2026-09-29T03:46:37.943591+00:00,458.8222906999872,2,0,100,100,200,751879.6992481203,43.0,30.0,False,1,"WARNING_SYNC_RATE_ZERO: 
There is/was no signal at the sync input."
2026-09-29T03:46:38.160177+00:00,459.0389071999816,2,0,60,50,110,751879.6992481203,43.0,30.0,False,1,"WARNING_SYNC_RATE_ZERO: 
There is/was no signal at the sync input."
2026-09-29T03:46:38.379623+00:00,459.2583566000103,2,0,50,80,130,751879.6992481203,43.0,30.0,False,1,"WARNING_SYNC_RATE_ZERO: 
There is/was no signal at the sync input."
2026-09-29T03:46:38.597778+00:00,459.476487500011,2,0,30,90,120,751879.6992481203,43.0,30.0,False,1,"WARNING_SYNC_RATE_ZERO: 
There is/was no signal at the sync input."
2026-09-29T03:46:38.815801+00:00,459.6945197999594,2,0,50,50,100,751879.6992481203,43.0,30.0,False,1,"WARNING_SYNC_RATE_ZERO: 
There is/was no signal at the sync input."
2026-09-29T03:46:39.034152+00:00,459.9128875999595,2,0,20,80,100,751879.6992481203,43.0,30.0,False,1,"WARNING_SYNC_RATE_ZERO: 
There is/was no signal at the sync input."
2026-09-29T03:46:39.253374+00:00,460.1320611999836,2,0,60,100,160,751879.6992481203,43.0,30.0,False,1,"WARNING_SYNC_RATE_ZERO: 
There is/was no signal at the sync input."
2026-09-29T03:46:39.471790+00:00,460.3504972999799,2,0,40,90,130,751879.6992481203,43.0,30.0,False,1,"WARNING_SYNC_RATE_ZERO: 
There is/was no signal at the sync input."
2026-09-29T03:46:39.689913+00:00,460.5686273999745,2,0,10,90,100,751879.6992481203,43.0,30.0,False,1,"WARNING_SYNC_RATE_ZERO: 
There is/was no signal at the sync input."
2026-09-29T03:46:39.908260+00:00,460.78697109996574,2,0,90,100,190,751879.6992481203,43.0,30.0,False,1,"WARNING_SYNC_RATE_ZERO: 
There is/was no signal at the sync input."
2026-09-29T03:46:40.140178+00:00,461.01887550001265,2,0,50,70,120,751879.6992481203,43.0,30.0,False,1,"WARNING_SYNC_RATE_ZERO: 
There is/was no signal at the sync input."
2026-09-29T03:46:40.372105+00:00,461.2507856999873,2,0,90,100,190,751879.6992481203,43.0,30.0,False,1,"WARNING_SYNC_RATE_ZERO: 
There is/was no signal at the sync input."
2026-09-29T03:46:40.594682+00:00,461.4734688999597,2,0,30,120,150,751879.6992481203,43.0,30.0,False,1,"WARNING_SYNC_RATE_ZERO: 
There is/was no signal at the sync input."
2026-09-29T03:46:40.826045+00:00,461.7047507999814,2,0,70,110,180,751879.6992481203,43.0,30.0,False,1,"WARNING_SYNC_RATE_ZERO: 
There is/was no signal at the sync input."
2026-09-29T03:46:41.044359+00:00,461.92307610000717,2,0,60,120,180,751879.6992481203,43.0,30.0,False,1,"WARNING_SYNC_RATE_ZERO: 
There is/was no signal at the sync input."
2026-09-29T03:46:41.261518+00:00,462.14023779996205,2,0,30,60,90,751879.6992481203,43.0,30.0,False,1,"WARNING_SYNC_RATE_ZERO: 
There is/was no signal at the sync input."
2026-09-29T03:46:41.481044+00:00,462.3597399999853,2,0,40,120,160,751879.6992481203,43.0,30.0,False,1,"WARNING_SYNC_RATE_ZERO: 
There is/was no signal at the sync input."
2026-09-29T03:46:41.701627+00:00,462.5803109999979,2,0,40,60,100,751879.6992481203,43.0,30.0,False,1,"WARNING_SYNC_RATE_ZERO: 
There is/was no signal at the sync input."
2026-09-29T03:46:41.919281+00:00,462.79796409996925,2,0,80,60,140,751879.6992481203,43.0,30.0,False,1,"WARNING_SYNC_RATE_ZERO: 
There is/was no signal at the sync input."
2026-09-29T03:46:42.151197+00:00,463.0300122000044,2,0,50,90,140,751879.6992481203,43.0,30.0,False,1,"WARNING_SYNC_RATE_ZERO: 
There is/was no signal at the sync input."
2026-09-29T03:46:42.368907+00:00,463.2476064999937,2,0,100,110,210,751879.6992481203,43.0,30.0,False,1,"WARNING_SYNC_RATE_ZERO: 
There is/was no signal at the sync input."
2026-09-29T03:46:42.587799+00:00,463.4664847999811,2,0,30,110,140,751879.6992481203,43.0,30.0,False,1,"WARNING_SYNC_RATE_ZERO: 
There is/was no signal at the sync input."
2026-09-29T03:46:42.806799+00:00,463.68546889995923,2,0,60,70,130,751879.6992481203,43.0,30.0,False,1,"WARNING_SYNC_RATE_ZERO: 
There is/was no signal at the sync input."
2026-09-29T03:46:43.025570+00:00,463.90424239996355,2,0,70,130,200,751879.6992481203,43.0,30.0,False,1,"WARNING_SYNC_RATE_ZERO: 
There is/was no signal at the sync input."
2026-09-29T03:46:43.242551+00:00,464.1212372999871,2,0,50,80,130,751879.6992481203,43.0,30.0,False,1,"WARNING_SYNC_RATE_ZERO: 
There is/was no signal at the sync input."
2026-09-29T03:46:43.460296+00:00,464.3389932999853,2,0,90,90,180,751879.6992481203,43.0,30.0,False,1,"WARNING_SYNC_RATE_ZERO: 
There is/was no signal at the sync input."
2026-09-29T03:46:43.678384+00:00,464.55704619997414,2,0,50,110,160,751879.6992481203,43.0,30.0,False,1,"WARNING_SYNC_RATE_ZERO: 
There is/was no signal at the sync input."
2026-09-29T03:46:43.898875+00:00,464.77757699997164,2,0,30,70,100,751879.6992481203,43.0,30.0,False,1,"WARNING_SYNC_RATE_ZERO: 
There is/was no signal at the sync input."
2026-09-29T03:46:44.130155+00:00,465.0088502999861,2,0,50,140,190,751879.6992481203,43.0,30.0,False,1,"WARNING_SYNC_RATE_ZERO: 
There is/was no signal at the sync input."
2026-09-29T03:46:44.348564+00:00,465.2272601999575,2,0,60,70,130,751879.6992481203,43.0,30.0,False,1,"WARNING_SYNC_RATE_ZERO: 
There is/was no signal at the sync input."
2026-09-29T03:46:44.567538+00:00,465.4461951999692,2,0,80,80,160,751879.6992481203,43.0,30.0,False,1,"WARNING_SYNC_RATE_ZERO: 
There is/was no signal at the sync input."
2026-09-29T03:46:44.784536+00:00,465.663189599989,2,0,70,90,160,751879.6992481203,43.0,30.0,False,1,"WARNING_SYNC_RATE_ZERO: 
There is/was no signal at the sync input."
2026-09-29T03:46:45.003566+00:00,465.8822324000066,2,0,40,110,150,751879.6992481203,43.0,30.0,False,1,"WARNING_SYNC_RATE_ZERO: 
There is/was no signal at the sync input."
2026-09-29T03:46:45.222242+00:00,466.1009141000104,2,0,80,80,160,751879.6992481203,43.0,30.0,False,1,"WARNING_SYNC_RATE_ZERO: 
There is/was no signal at the sync input."
2026-09-29T03:46:45.453375+00:00,466.33205520000774,2,0,0,100,100,751879.6992481203,43.0,30.0,False,1,"WARNING_SYNC_RATE_ZERO: 
There is/was no signal at the sync input."
2026-09-29T03:46:45.670097+00:00,466.54878869996173,2,0,70,120,190,751879.6992481203,43.0,30.0,False,1,"WARNING_SYNC_RATE_ZERO: 
There is/was no signal at the sync input."
2026-09-29T03:46:45.904201+00:00,466.7828855999978,2,0,50,50,100,751879.6992481203,43.0,30.0,False,1,"WARNING_SYNC_RATE_ZERO: 
There is/was no signal at the sync input."
2026-09-29T03:46:46.123431+00:00,467.0020938999951,2,0,0,80,80,751879.6992481203,43.0,30.0,False,1,"WARNING_SYNC_RATE_ZERO: 
There is/was no signal at the sync input."
2026-09-29T03:46:46.342573+00:00,467.22126309998566,2,0,40,110,150,751879.6992481203,43.0,30.0,False,1,"WARNING_SYNC_RATE_ZERO: 
There is/was no signal at the sync input."
2026-09-29T03:46:46.561000+00:00,467.4396720000077,2,0,80,60,140,751879.6992481203,43.0,30.0,False,1,"WARNING_SYNC_RATE_ZERO: 
There is/was no signal at the sync input."
2026-09-29T03:46:46.778867+00:00,467.6575329999905,2,0,50,170,220,751879.6992481203,43.0,30.0,False,1,"WARNING_SYNC_RATE_ZERO: 
There is/was no signal at the sync input."
2026-09-29T03:46:46.997082+00:00,467.8757619999815,2,0,50,100,150,751879.6992481203,43.0,30.0,False,1,"WARNING_SYNC_RATE_ZERO: 
There is/was no signal at the sync input."
2026-09-29T03:46:47.214050+00:00,468.0927370999707,2,0,60,70,130,751879.6992481203,43.0,30.0,False,1,"WARNING_SYNC_RATE_ZERO: 
There is/was no signal at the sync input."
2026-09-29T03:46:47.447829+00:00,468.3265021999832,2,0,30,100,130,751879.6992481203,43.0,30.0,False,1,"WARNING_SYNC_RATE_ZERO: 
There is/was no signal at the sync input."
2026-09-29T03:46:47.666380+00:00,468.5450276999618,2,0,50,90,140,751879.6992481203,43.0,30.0,False,1,"WARNING_SYNC_RATE_ZERO: 
There is/was no signal at the sync input."
2026-09-29T03:46:47.887145+00:00,468.76579330000095,2,0,60,100,160,751879.6992481203,43.0,30.0,False,1,"WARNING_SYNC_RATE_ZERO: 
There is/was no signal at the sync input."
2026-09-29T03:46:48.105257+00:00,468.98391239997,2,0,60,110,170,751879.6992481203,43.0,30.0,False,1,"WARNING_SYNC_RATE_ZERO: 
There is/was no signal at the sync input."
2026-09-29T03:46:48.325537+00:00,469.2041710999911,2,0,30,140,170,751879.6992481203,43.0,30.0,False,1,"WARNING_SYNC_RATE_ZERO: 
There is/was no signal at the sync input."
2026-09-29T03:46:48.543694+00:00,469.4223548999871,2,0,110,70,180,751879.6992481203,43.0,30.0,False,1,"WARNING_SYNC_RATE_ZERO: 
There is/was no signal at the sync input."
2026-09-29T03:46:48.761959+00:00,469.64061820000643,2,0,70,130,200,751879.6992481203,43.0,30.0,False,1,"WARNING_SYNC_RATE_ZERO: 
There is/was no signal at the sync input."
2026-09-29T03:46:48.982619+00:00,469.86128499999177,2,0,30,50,80,751879.6992481203,43.0,30.0,False,1,"WARNING_SYNC_RATE_ZERO: 
There is/was no signal at the sync input."
2026-09-29T03:46:49.214665+00:00,470.0933191999793,2,0,50,120,170,751879.6992481203,43.0,30.0,False,1,"WARNING_SYNC_RATE_ZERO: 
There is/was no signal at the sync input."
2026-09-29T03:46:49.432801+00:00,470.31144299998414,2,0,50,50,100,751879.6992481203,43.0,30.0,False,1,"WARNING_SYNC_RATE_ZERO: 
There is/was no signal at the sync input."
2026-09-29T03:46:49.651504+00:00,470.53014200000325,2,0,30,50,80,751879.6992481203,43.0,30.0,False,1,"WARNING_SYNC_RATE_ZERO: 
There is/was no signal at the sync input."
2026-09-29T03:46:49.867524+00:00,470.7461493999581,2,0,40,40,80,751879.6992481203,43.0,30.0,False,1,"WARNING_SYNC_RATE_ZERO: 
There is/was no signal at the sync input."
2026-09-29T03:46:50.087721+00:00,470.9663453999674,2,0,40,140,180,751879.6992481203,43.0,30.0,False,1,"WARNING_SYNC_RATE_ZERO: 
There is/was no signal at the sync input."
2026-09-29T03:46:50.306584+00:00,471.1852319999598,2,0,20,70,90,751879.6992481203,43.0,30.0,False,1,"WARNING_SYNC_RATE_ZERO: 
There is/was no signal at the sync input."
2026-09-29T03:46:50.525929+00:00,471.40457700000843,2,0,50,130,180,751879.6992481203,43.0,30.0,False,1,"WARNING_SYNC_RATE_ZERO: 
There is/was no signal at the sync input."
2026-09-29T03:46:50.746358+00:00,471.6250022999593,2,0,70,50,120,751879.6992481203,43.0,30.0,False,1,"WARNING_SYNC_RATE_ZERO: 
There is/was no signal at the sync input."
2026-09-29T03:46:50.964050+00:00,471.8426863999921,2,0,50,110,160,751879.6992481203,43.0,30.0,False,1,"WARNING_SYNC_RATE_ZERO: 
There is/was no signal at the sync input."
2026-09-29T03:46:51.182648+00:00,472.0612895999802,2,0,110,110,220,751879.6992481203,43.0,30.0,False,1,"WARNING_SYNC_RATE_ZERO: 
There is/was no signal at the sync input."
2026-09-29T03:46:51.413324+00:00,472.2919583999901,2,0,70,90,160,751879.6992481203,43.0,30.0,False,1,"WARNING_SYNC_RATE_ZERO: 
There is/was no signal at the sync input."
2026-09-29T03:46:51.631187+00:00,472.5098196999752,2,0,40,120,160,751879.6992481203,43.0,30.0,False,1,"WARNING_SYNC_RATE_ZERO: 
There is/was no signal at the sync input."
2026-09-29T03:46:51.851382+00:00,472.7299970999593,2,0,0,110,110,751879.6992481203,43.0,30.0,False,1,"WARNING_SYNC_RATE_ZERO: 
There is/was no signal at the sync input."
2026-09-29T03:46:52.069071+00:00,472.94768979999935,2,0,40,100,140,751879.6992481203,43.0,30.0,False,1,"WARNING_SYNC_RATE_ZERO: 
There is/was no signal at the sync input."
2026-09-29T03:46:52.286808+00:00,473.1654939999571,2,0,40,40,80,751879.6992481203,43.0,30.0,False,1,"WARNING_SYNC_RATE_ZERO: 
There is/was no signal at the sync input."
2026-09-29T03:46:52.505341+00:00,473.38396060001105,2,0,20,90,110,751879.6992481203,43.0,30.0,False,1,"WARNING_SYNC_RATE_ZERO: 
There is/was no signal at the sync input."
2026-09-29T03:46:52.736761+00:00,473.61537730001146,2,0,60,30,90,751879.6992481203,43.0,30.0,False,1,"WARNING_SYNC_RATE_ZERO: 
There is/was no signal at the sync input."
2026-09-29T03:46:52.954615+00:00,473.83321939996677,2,0,70,150,220,751879.6992481203,43.0,30.0,False,1,"WARNING_SYNC_RATE_ZERO: 
There is/was no signal at the sync input."
2026-09-29T03:46:53.175156+00:00,474.05380459997104,2,0,70,70,140,751879.6992481203,43.0,30.0,False,1,"WARNING_SYNC_RATE_ZERO: 
There is/was no signal at the sync input."
2026-09-29T03:46:53.395919+00:00,474.2745244000107,2,0,50,80,130,751879.6992481203,43.0,30.0,False,1,"WARNING_SYNC_RATE_ZERO: 
There is/was no signal at the sync input."
2026-09-29T03:46:53.615052+00:00,474.49368179996964,2,0,10,120,130,751879.6992481203,43.0,30.0,False,1,"WARNING_SYNC_RATE_ZERO: 
There is/was no signal at the sync input."
2026-09-29T03:46:53.834392+00:00,474.7129987999797,2,0,70,90,160,751879.6992481203,43.0,30.0,False,1,"WARNING_SYNC_RATE_ZERO: 
There is/was no signal at the sync input."
2026-09-29T03:46:54.053271+00:00,474.93189659999916,2,0,30,70,100,751879.6992481203,43.0,30.0,False,1,"WARNING_SYNC_RATE_ZERO: 
There is/was no signal at the sync input."
2026-09-29T03:46:54.270725+00:00,475.14932510000654,2,0,50,80,130,751879.6992481203,43.0,30.0,False,1,"WARNING_SYNC_RATE_ZERO: 
There is/was no signal at the sync input."
2026-09-29T03:46:54.487185+00:00,475.36578920000466,2,0,40,140,180,751879.6992481203,43.0,30.0,False,1,"WARNING_SYNC_RATE_ZERO: 
There is/was no signal at the sync input."
2026-09-29T03:46:54.705341+00:00,475.5839585000067,2,0,60,100,160,751879.6992481203,43.0,30.0,False,1,"WARNING_SYNC_RATE_ZERO: 
There is/was no signal at the sync input."
2026-09-29T03:46:54.925522+00:00,475.804137900006,2,0,60,130,190,751879.6992481203,43.0,30.0,False,1,"WARNING_SYNC_RATE_ZERO: 
There is/was no signal at the sync input."
2026-09-29T03:46:55.143196+00:00,476.0217926999903,2,0,80,100,180,751879.6992481203,43.0,30.0,False,1,"WARNING_SYNC_RATE_ZERO: 
There is/was no signal at the sync input."
2026-09-29T03:46:55.361412+00:00,476.2400037999614,2,0,40,80,120,751879.6992481203,43.0,30.0,False,1,"WARNING_SYNC_RATE_ZERO: 
There is/was no signal at the sync input."
2026-09-29T03:46:55.579318+00:00,476.4579117000103,2,0,80,150,230,751879.6992481203,43.0,30.0,False,1,"WARNING_SYNC_RATE_ZERO: 
There is/was no signal at the sync input."
2026-09-29T03:46:55.798025+00:00,476.6766513999901,2,0,70,30,100,751879.6992481203,43.0,30.0,False,1,"WARNING_SYNC_RATE_ZERO: 
There is/was no signal at the sync input."
2026-09-29T03:46:56.016064+00:00,476.89474069996504,2,0,30,140,170,751879.6992481203,43.0,30.0,False,1,"WARNING_SYNC_RATE_ZERO: 
There is/was no signal at the sync input."
2026-09-29T03:46:56.233020+00:00,477.1116396000143,2,0,70,60,130,751879.6992481203,43.0,30.0,False,1,"WARNING_SYNC_RATE_ZERO: 
There is/was no signal at the sync input."
2026-09-29T03:46:56.452581+00:00,477.3312100999756,2,0,30,110,140,751879.6992481203,43.0,30.0,False,1,"WARNING_SYNC_RATE_ZERO: 
There is/was no signal at the sync input."
2026-09-29T03:46:56.671104+00:00,477.5497430000105,2,0,70,80,150,751879.6992481203,43.0,30.0,False,1,"WARNING_SYNC_RATE_ZERO: 
There is/was no signal at the sync input."
2026-09-29T03:46:56.893831+00:00,477.7724304999574,2,0,80,50,130,751879.6992481203,43.0,30.0,False,1,"WARNING_SYNC_RATE_ZERO: 
There is/was no signal at the sync input."
2026-09-29T03:46:57.113911+00:00,477.99253280000994,2,0,30,50,80,751879.6992481203,43.0,30.0,False,1,"WARNING_SYNC_RATE_ZERO: 
There is/was no signal at the sync input."
2026-09-29T03:46:57.332175+00:00,478.2107931000064,2,0,60,120,180,751879.6992481203,43.0,30.0,False,1,"WARNING_SYNC_RATE_ZERO: 
There is/was no signal at the sync input."
2026-09-29T03:46:57.550105+00:00,478.42869490000885,2,0,0,90,90,751879.6992481203,43.0,30.0,False,1,"WARNING_SYNC_RATE_ZERO: 
There is/was no signal at the sync input."
2026-09-29T03:46:57.768169+00:00,478.64676470000995,2,0,70,70,140,751879.6992481203,43.0,30.0,False,1,"WARNING_SYNC_RATE_ZERO: 
There is/was no signal at the sync input."
2026-09-29T03:46:58.000460+00:00,478.8790697999648,2,0,90,60,150,751879.6992481203,43.0,30.0,False,1,"WARNING_SYNC_RATE_ZERO: 
There is/was no signal at the sync input."
2026-09-29T03:46:58.219079+00:00,479.0976698999875,2,0,40,150,190,751879.6992481203,43.0,30.0,False,1,"WARNING_SYNC_RATE_ZERO: 
There is/was no signal at the sync input."
2026-09-29T03:46:58.437150+00:00,479.31575149996206,2,0,30,110,140,751879.6992481203,43.0,30.0,False,1,"WARNING_SYNC_RATE_ZERO: 
There is/was no signal at the sync input."
2026-09-29T03:46:58.656291+00:00,479.53489869995974,2,0,50,90,140,751879.6992481203,43.0,30.0,False,1,"WARNING_SYNC_RATE_ZERO: 
There is/was no signal at the sync input."
2026-09-29T03:46:58.874921+00:00,479.7535235999967,2,0,20,140,160,751879.6992481203,43.0,30.0,False,1,"WARNING_SYNC_RATE_ZERO: 
There is/was no signal at the sync input."
2026-09-29T03:46:59.091818+00:00,479.97039039997617,2,0,60,90,150,751879.6992481203,43.0,30.0,False,1,"WARNING_SYNC_RATE_ZERO: 
There is/was no signal at the sync input."
2026-09-29T03:46:59.309758+00:00,480.18833839998115,2,0,50,100,150,751879.6992481203,43.0,30.0,False,1,"WARNING_SYNC_RATE_ZERO: 
There is/was no signal at the sync input."
2026-09-29T03:46:59.529013+00:00,480.4076051999582,2,0,30,80,110,751879.6992481203,43.0,30.0,False,1,"WARNING_SYNC_RATE_ZERO: 
There is/was no signal at the sync input."
2026-09-29T03:46:59.748547+00:00,480.62711339996895,2,0,80,180,260,751879.6992481203,43.0,30.0,False,1,"WARNING_SYNC_RATE_ZERO: 
There is/was no signal at the sync input."
2026-09-29T03:46:59.967605+00:00,480.84618679998675,2,0,30,100,130,751879.6992481203,43.0,30.0,False,1,"WARNING_SYNC_RATE_ZERO: 
There is/was no signal at the sync input."
2026-09-29T03:47:00.194080+00:00,481.07267119997414,2,0,50,100,150,751879.6992481203,43.0,30.0,False,1,"WARNING_SYNC_RATE_ZERO: 
There is/was no signal at the sync input."
2026-09-29T03:47:00.422839+00:00,481.3014400000102,2,0,50,40,90,751879.6992481203,43.0,30.0,False,1,"WARNING_SYNC_RATE_ZERO: 
There is/was no signal at the sync input."
2026-09-29T03:47:00.650635+00:00,481.529202900012,2,0,70,110,180,751879.6992481203,43.0,30.0,False,1,"WARNING_SYNC_RATE_ZERO: 
There is/was no signal at the sync input."
2026-09-29T03:47:00.880217+00:00,481.7587776000146,2,0,30,110,140,751879.6992481203,43.0,30.0,False,1,"WARNING_SYNC_RATE_ZERO: 
There is/was no signal at the sync input."
2026-09-29T03:47:01.099410+00:00,481.97796799999196,2,0,80,70,150,751879.6992481203,43.0,30.0,False,1,"WARNING_SYNC_RATE_ZERO: 
There is/was no signal at the sync input."
2026-09-29T03:47:01.330401+00:00,482.20900440000696,2,0,80,110,190,751879.6992481203,43.0,30.0,False,1,"WARNING_SYNC_RATE_ZERO: 
There is/was no signal at the sync input."
2026-09-29T03:47:01.563804+00:00,482.44235799997114,2,0,50,100,150,751879.6992481203,43.0,30.0,False,1,"WARNING_SYNC_RATE_ZERO: 
There is/was no signal at the sync input."
2026-09-29T03:47:01.783403+00:00,482.66196980001405,2,0,50,100,150,751879.6992481203,43.0,30.0,False,1,"WARNING_SYNC_RATE_ZERO: 
There is/was no signal at the sync input."
2026-09-29T03:47:02.004687+00:00,482.8832581999595,2,0,70,80,150,751879.6992481203,43.0,30.0,False,1,"WARNING_SYNC_RATE_ZERO: 
There is/was no signal at the sync input."
2026-09-29T03:47:02.236783+00:00,483.11537829996087,2,0,80,70,150,751879.6992481203,43.0,30.0,False,1,"WARNING_SYNC_RATE_ZERO: 
There is/was no signal at the sync input."
2026-09-29T03:47:02.469239+00:00,483.347796499962,2,0,60,60,120,751879.6992481203,43.0,30.0,False,1,"WARNING_SYNC_RATE_ZERO: 
There is/was no signal at the sync input."
2026-09-29T03:47:02.703468+00:00,483.5820420999662,2,0,110,90,200,751879.6992481203,43.0,30.0,False,1,"WARNING_SYNC_RATE_ZERO: 
There is/was no signal at the sync input."
2026-09-29T03:47:02.923858+00:00,483.80242979998,2,0,50,90,140,751879.6992481203,43.0,30.0,False,1,"WARNING_SYNC_RATE_ZERO: 
There is/was no signal at the sync input."
2026-09-29T03:47:03.142631+00:00,484.0212160999654,2,0,40,60,100,751879.6992481203,43.0,30.0,False,1,"WARNING_SYNC_RATE_ZERO: 
There is/was no signal at the sync input."
2026-09-29T03:47:03.375119+00:00,484.2536850000033,2,0,60,130,190,751879.6992481203,43.0,30.0,False,1,"WARNING_SYNC_RATE_ZERO: 
There is/was no signal at the sync input."
2026-09-29T03:47:03.590889+00:00,484.4694390000077,2,0,50,90,140,751879.6992481203,43.0,30.0,False,1,"WARNING_SYNC_RATE_ZERO: 
There is/was no signal at the sync input."
2026-09-29T03:47:03.810268+00:00,484.68880979996175,2,0,60,90,150,751879.6992481203,43.0,30.0,False,1,"WARNING_SYNC_RATE_ZERO: 
There is/was no signal at the sync input."
2026-09-29T03:47:04.032012+00:00,484.9105935000116,2,0,60,60,120,751879.6992481203,43.0,30.0,False,1,"WARNING_SYNC_RATE_ZERO: 
There is/was no signal at the sync input."
2026-09-29T03:47:04.263704+00:00,485.1422821999877,2,0,40,80,120,751879.6992481203,43.0,30.0,False,1,"WARNING_SYNC_RATE_ZERO: 
There is/was no signal at the sync input."
2026-09-29T03:47:04.497858+00:00,485.3764254999696,2,0,60,150,210,751879.6992481203,43.0,30.0,False,1,"WARNING_SYNC_RATE_ZERO: 
There is/was no signal at the sync input."
2026-09-29T03:47:04.715559+00:00,485.5941193999606,2,0,30,90,120,751879.6992481203,43.0,30.0,False,1,"WARNING_SYNC_RATE_ZERO: 
There is/was no signal at the sync input."
2026-09-29T03:47:04.935206+00:00,485.8137781000114,2,0,30,90,120,751879.6992481203,43.0,30.0,False,1,"WARNING_SYNC_RATE_ZERO: 
There is/was no signal at the sync input."
2026-09-29T03:47:05.154492+00:00,486.03306280000834,2,0,20,100,120,751879.6992481203,43.0,30.0,False,1,"WARNING_SYNC_RATE_ZERO: 
There is/was no signal at the sync input."
2026-09-29T03:47:05.370869+00:00,486.2494304999709,2,0,20,90,110,751879.6992481203,43.0,30.0,False,1,"WARNING_SYNC_RATE_ZERO: 
There is/was no signal at the sync input."
2026-09-29T03:47:05.603784+00:00,486.4823405999923,2,0,80,120,200,751879.6992481203,43.0,30.0,False,1,"WARNING_SYNC_RATE_ZERO: 
There is/was no signal at the sync input."
2026-09-29T03:47:05.823872+00:00,486.7024088999606,2,0,20,90,110,751879.6992481203,43.0,30.0,False,1,"WARNING_SYNC_RATE_ZERO: 
There is/was no signal at the sync input."
2026-09-29T03:47:06.043527+00:00,486.9220544999698,2,0,30,110,140,751879.6992481203,43.0,30.0,False,1,"WARNING_SYNC_RATE_ZERO: 
There is/was no signal at the sync input."
2026-09-29T03:47:06.265613+00:00,487.14416029996937,2,0,20,90,110,751879.6992481203,43.0,30.0,False,1,"WARNING_SYNC_RATE_ZERO: 
There is/was no signal at the sync input."
2026-09-29T03:47:06.483717+00:00,487.3622701999848,2,0,80,110,190,751879.6992481203,43.0,30.0,False,1,"WARNING_SYNC_RATE_ZERO: 
There is/was no signal at the sync input."
2026-09-29T03:47:06.704800+00:00,487.5833432999789,2,0,50,80,130,751879.6992481203,43.0,30.0,False,1,"WARNING_SYNC_RATE_ZERO: 
There is/was no signal at the sync input."
2026-09-29T03:47:06.923161+00:00,487.8017237999593,2,0,40,110,150,751879.6992481203,43.0,30.0,False,1,"WARNING_SYNC_RATE_ZERO: 
There is/was no signal at the sync input."
2026-09-29T03:47:07.142326+00:00,488.0208864999586,2,0,30,80,110,751879.6992481203,43.0,30.0,False,1,"WARNING_SYNC_RATE_ZERO: 
There is/was no signal at the sync input."
2026-09-29T03:47:07.361062+00:00,488.2395782999811,2,0,90,80,170,751879.6992481203,43.0,30.0,False,1,"WARNING_SYNC_RATE_ZERO: 
There is/was no signal at the sync input."
2026-09-29T03:47:07.593716+00:00,488.47223409998696,2,0,70,90,160,751879.6992481203,43.0,30.0,False,1,"WARNING_SYNC_RATE_ZERO: 
There is/was no signal at the sync input."
2026-09-29T03:47:07.813303+00:00,488.6918424000032,2,0,40,150,190,751879.6992481203,43.0,30.0,False,1,"WARNING_SYNC_RATE_ZERO: 
There is/was no signal at the sync input."
2026-09-29T03:47:08.031989+00:00,488.91051710001193,2,0,20,110,130,751879.6992481203,43.0,30.0,False,1,"WARNING_SYNC_RATE_ZERO: 
There is/was no signal at the sync input."
2026-09-29T03:47:08.251837+00:00,489.130388199992,2,0,60,150,210,751879.6992481203,43.0,30.0,False,1,"WARNING_SYNC_RATE_ZERO: 
There is/was no signal at the sync input."
2026-09-29T03:47:08.468529+00:00,489.34707139997045,2,0,30,60,90,751879.6992481203,43.0,30.0,False,1,"WARNING_SYNC_RATE_ZERO: 
There is/was no signal at the sync input."
2026-09-29T03:47:08.685861+00:00,489.5644033999997,2,0,40,80,120,751879.6992481203,43.0,30.0,False,1,"WARNING_SYNC_RATE_ZERO: 
There is/was no signal at the sync input."
2026-09-29T03:47:08.903613+00:00,489.78215829998953,2,0,80,80,160,751879.6992481203,43.0,30.0,False,1,"WARNING_SYNC_RATE_ZERO: 
There is/was no signal at the sync input."
2026-09-29T03:47:09.119865+00:00,489.9983745999634,2,0,80,150,230,751879.6992481203,43.0,30.0,False,1,"WARNING_SYNC_RATE_ZERO: 
There is/was no signal at the sync input."
2026-09-29T03:47:09.338568+00:00,490.21711319999304,2,0,70,50,120,751879.6992481203,43.0,30.0,False,1,"WARNING_SYNC_RATE_ZERO: 
There is/was no signal at the sync input."
2026-09-29T03:47:09.556555+00:00,490.435077800008,2,0,60,70,130,751879.6992481203,43.0,30.0,False,1,"WARNING_SYNC_RATE_ZERO: 
There is/was no signal at the sync input."
2026-09-29T03:47:09.773918+00:00,490.65245150000555,2,0,80,110,190,751879.6992481203,43.0,30.0,False,1,"WARNING_SYNC_RATE_ZERO: 
There is/was no signal at the sync input."
2026-09-29T03:47:09.990793+00:00,490.8693255999824,2,0,40,80,120,751879.6992481203,43.0,30.0,False,1,"WARNING_SYNC_RATE_ZERO: 
There is/was no signal at the sync input."
2026-09-29T03:47:10.210369+00:00,491.0889132999582,2,0,80,130,210,751879.6992481203,43.0,30.0,False,1,"WARNING_SYNC_RATE_ZERO: 
There is/was no signal at the sync input."
2026-09-29T03:47:10.427571+00:00,491.3060867000022,2,0,10,70,80,751879.6992481203,43.0,30.0,False,1,"WARNING_SYNC_RATE_ZERO: 
There is/was no signal at the sync input."
2026-09-29T03:47:10.647702+00:00,491.5262303999625,2,0,50,100,150,751879.6992481203,43.0,30.0,False,1,"WARNING_SYNC_RATE_ZERO: 
There is/was no signal at the sync input."
2026-09-29T03:47:10.883237+00:00,491.7617601999664,2,0,30,80,110,751879.6992481203,43.0,30.0,False,1,"WARNING_SYNC_RATE_ZERO: 
There is/was no signal at the sync input."
2026-09-29T03:47:11.102476+00:00,491.9809820000082,2,0,70,60,130,751879.6992481203,43.0,30.0,False,1,"WARNING_SYNC_RATE_ZERO: 
There is/was no signal at the sync input."
2026-09-29T03:47:11.322921+00:00,492.20142040000064,2,0,80,50,130,751879.6992481203,43.0,30.0,False,1,"WARNING_SYNC_RATE_ZERO: 
There is/was no signal at the sync input."
2026-09-29T03:47:11.542895+00:00,492.421389599971,2,0,60,50,110,751879.6992481203,43.0,30.0,False,1,"WARNING_SYNC_RATE_ZERO: 
There is/was no signal at the sync input."
2026-09-29T03:47:11.763231+00:00,492.64174359996105,2,0,70,130,200,751879.6992481203,43.0,30.0,False,1,"WARNING_SYNC_RATE_ZERO: 
There is/was no signal at the sync input."
2026-09-29T03:47:11.981186+00:00,492.8597204000107,2,0,50,90,140,751879.6992481203,43.0,30.0,False,1,"WARNING_SYNC_RATE_ZERO: 
There is/was no signal at the sync input."
2026-09-29T03:47:12.198663+00:00,493.0771578999702,2,0,50,90,140,751879.6992481203,43.0,30.0,False,1,"WARNING_SYNC_RATE_ZERO: 
There is/was no signal at the sync input."
2026-09-29T03:47:12.416620+00:00,493.2951497999602,2,0,50,120,170,751879.6992481203,43.0,30.0,False,1,"WARNING_SYNC_RATE_ZERO: 
There is/was no signal at the sync input."
2026-09-29T03:47:12.634833+00:00,493.51335429999745,2,0,50,110,160,751879.6992481203,43.0,30.0,False,1,"WARNING_SYNC_RATE_ZERO: 
There is/was no signal at the sync input."
2026-09-29T03:47:12.855102+00:00,493.7336148999748,2,0,70,130,200,751879.6992481203,43.0,30.0,False,1,"WARNING_SYNC_RATE_ZERO: 
There is/was no signal at the sync input."
2026-09-29T03:47:13.075948+00:00,493.9544416000135,2,0,90,80,170,751879.6992481203,43.0,30.0,False,1,"WARNING_SYNC_RATE_ZERO: 
There is/was no signal at the sync input."
2026-09-29T03:47:13.293892+00:00,494.17239490000065,2,0,130,160,290,751879.6992481203,43.0,30.0,False,1,"WARNING_SYNC_RATE_ZERO: 
There is/was no signal at the sync input."
2026-09-29T03:47:13.512086+00:00,494.3905912999762,2,0,70,90,160,751879.6992481203,43.0,30.0,False,1,"WARNING_SYNC_RATE_ZERO: 
There is/was no signal at the sync input."
2026-09-29T03:47:13.731407+00:00,494.60991409997223,2,0,70,200,270,751879.6992481203,43.0,30.0,False,1,"WARNING_SYNC_RATE_ZERO: 
There is/was no signal at the sync input."
2026-09-29T03:47:13.948801+00:00,494.8273165000137,2,0,50,110,160,751879.6992481203,43.0,30.0,False,1,"WARNING_SYNC_RATE_ZERO: 
There is/was no signal at the sync input."
2026-09-29T03:47:14.167161+00:00,495.04564119997667,2,0,60,100,160,751879.6992481203,43.0,30.0,False,1,"WARNING_SYNC_RATE_ZERO: 
There is/was no signal at the sync input."
2026-09-29T03:47:14.386030+00:00,495.26453639997635,2,0,20,120,140,751879.6992481203,43.0,30.0,False,1,"WARNING_SYNC_RATE_ZERO: 
There is/was no signal at the sync input."
2026-09-29T03:47:14.604710+00:00,495.4832061000052,2,0,50,120,170,751879.6992481203,43.0,30.0,False,1,"WARNING_SYNC_RATE_ZERO: 
There is/was no signal at the sync input."
2026-09-29T03:47:14.822262+00:00,495.7007539999904,2,0,80,100,180,751879.6992481203,43.0,30.0,False,1,"WARNING_SYNC_RATE_ZERO: 
There is/was no signal at the sync input."
2026-09-29T03:47:15.039320+00:00,495.9178144999896,2,0,40,110,150,751879.6992481203,43.0,30.0,False,1,"WARNING_SYNC_RATE_ZERO: 
There is/was no signal at the sync input."
2026-09-29T03:47:15.256537+00:00,496.1350587999914,2,0,50,60,110,751879.6992481203,43.0,30.0,False,1,"WARNING_SYNC_RATE_ZERO: 
There is/was no signal at the sync input."
2026-09-29T03:47:15.474562+00:00,496.3530536000035,2,0,30,160,190,751879.6992481203,43.0,30.0,False,1,"WARNING_SYNC_RATE_ZERO: 
There is/was no signal at the sync input."
2026-09-29T03:47:15.695929+00:00,496.5743993999786,2,0,40,120,160,751879.6992481203,43.0,30.0,False,1,"WARNING_SYNC_RATE_ZERO: 
There is/was no signal at the sync input."
2026-09-29T03:47:15.916188+00:00,496.79466039995896,2,0,90,110,200,751879.6992481203,43.0,30.0,False,1,"WARNING_SYNC_RATE_ZERO: 
There is/was no signal at the sync input."
2026-09-29T03:47:16.136146+00:00,497.01464949996443,2,0,40,110,150,751879.6992481203,43.0,30.0,False,1,"WARNING_SYNC_RATE_ZERO: 
There is/was no signal at the sync input."
2026-09-29T03:47:16.354773+00:00,497.2332432999974,2,0,70,60,130,751879.6992481203,43.0,30.0,False,1,"WARNING_SYNC_RATE_ZERO: 
There is/was no signal at the sync input."
2026-09-29T03:47:16.571478+00:00,497.44994179997593,2,0,40,80,120,751879.6992481203,43.0,30.0,False,1,"WARNING_SYNC_RATE_ZERO: 
There is/was no signal at the sync input."
2026-09-29T03:47:16.789658+00:00,497.66811919998145,2,0,30,120,150,751879.6992481203,43.0,30.0,False,1,"WARNING_SYNC_RATE_ZERO: 
There is/was no signal at the sync input."
2026-09-29T03:47:17.010500+00:00,497.88896249997197,2,0,20,60,80,751879.6992481203,43.0,30.0,False,1,"WARNING_SYNC_RATE_ZERO: 
There is/was no signal at the sync input."
2026-09-29T03:47:17.228830+00:00,498.107313000015,2,0,20,50,70,751879.6992481203,43.0,30.0,False,1,"WARNING_SYNC_RATE_ZERO: 
There is/was no signal at the sync input."
2026-09-29T03:47:17.448406+00:00,498.32689689996187,2,0,40,90,130,751879.6992481203,43.0,30.0,False,1,"WARNING_SYNC_RATE_ZERO: 
There is/was no signal at the sync input."
2026-09-29T03:47:17.666689+00:00,498.5451723000151,2,0,40,90,130,751879.6992481203,43.0,30.0,False,1,"WARNING_SYNC_RATE_ZERO: 
There is/was no signal at the sync input."
2026-09-29T03:47:17.885400+00:00,498.7638966999948,2,0,40,90,130,751879.6992481203,43.0,30.0,False,1,"WARNING_SYNC_RATE_ZERO: 
There is/was no signal at the sync input."
2026-09-29T03:47:18.104078+00:00,498.9825331000029,2,0,50,130,180,751879.6992481203,43.0,30.0,False,1,"WARNING_SYNC_RATE_ZERO: 
There is/was no signal at the sync input."
2026-09-29T03:47:18.321293+00:00,499.1997793999617,2,0,50,190,240,751879.6992481203,43.0,30.0,False,1,"WARNING_SYNC_RATE_ZERO: 
There is/was no signal at the sync input."
2026-09-29T03:47:18.540839+00:00,499.4193149000057,2,0,20,90,110,751879.6992481203,43.0,30.0,False,1,"WARNING_SYNC_RATE_ZERO: 
There is/was no signal at the sync input."
2026-09-29T03:47:18.758881+00:00,499.63736029999563,2,0,50,60,110,751879.6992481203,43.0,30.0,False,1,"WARNING_SYNC_RATE_ZERO: 
There is/was no signal at the sync input."
2026-09-29T03:47:18.978185+00:00,499.85667840001406,2,0,60,80,140,751879.6992481203,43.0,30.0,False,1,"WARNING_SYNC_RATE_ZERO: 
There is/was no signal at the sync input."
2026-09-29T03:47:19.195743+00:00,500.0742353000096,2,0,40,90,130,751879.6992481203,43.0,30.0,False,1,"WARNING_SYNC_RATE_ZERO: 
There is/was no signal at the sync input."
2026-09-29T03:47:19.414399+00:00,500.2928474000073,2,0,40,80,120,751879.6992481203,43.0,30.0,False,1,"WARNING_SYNC_RATE_ZERO: 
There is/was no signal at the sync input."
2026-09-29T03:47:19.633063+00:00,500.511532399978,2,0,30,180,210,751879.6992481203,43.0,30.0,False,1,"WARNING_SYNC_RATE_ZERO: 
There is/was no signal at the sync input."
2026-09-29T03:47:19.865051+00:00,500.74350430001505,2,0,70,80,150,751879.6992481203,43.0,30.0,False,1,"WARNING_SYNC_RATE_ZERO: 
There is/was no signal at the sync input."
2026-09-29T03:47:20.083331+00:00,500.96179319999646,2,0,40,70,110,751879.6992481203,43.0,30.0,False,1,"WARNING_SYNC_RATE_ZERO: 
There is/was no signal at the sync input."
2026-09-29T03:47:20.301952+00:00,501.1804273999878,2,0,90,80,170,751879.6992481203,43.0,30.0,False,1,"WARNING_SYNC_RATE_ZERO: 
There is/was no signal at the sync input."
2026-09-29T03:47:20.520398+00:00,501.39886379998643,2,0,20,90,110,751879.6992481203,43.0,30.0,False,1,"WARNING_SYNC_RATE_ZERO: 
There is/was no signal at the sync input."
2026-09-29T03:47:20.741697+00:00,501.62016529997345,2,0,40,150,190,751879.6992481203,43.0,30.0,False,1,"WARNING_SYNC_RATE_ZERO: 
There is/was no signal at the sync input."
2026-09-29T03:47:20.959911+00:00,501.8383834999986,2,0,80,80,160,751879.6992481203,43.0,30.0,False,1,"WARNING_SYNC_RATE_ZERO: 
There is/was no signal at the sync input."
2026-09-29T03:47:21.177027+00:00,502.0554986000061,2,0,60,110,170,751879.6992481203,43.0,30.0,False,1,"WARNING_SYNC_RATE_ZERO: 
There is/was no signal at the sync input."
2026-09-29T03:47:21.394976+00:00,502.27345829998376,2,0,90,80,170,751879.6992481203,43.0,30.0,False,1,"WARNING_SYNC_RATE_ZERO: 
There is/was no signal at the sync input."
2026-09-29T03:47:21.615467+00:00,502.4939306000015,2,0,40,60,100,751879.6992481203,43.0,30.0,False,1,"WARNING_SYNC_RATE_ZERO: 
There is/was no signal at the sync input."
2026-09-29T03:47:21.833579+00:00,502.71203669998795,2,0,50,100,150,751879.6992481203,43.0,30.0,False,1,"WARNING_SYNC_RATE_ZERO: 
There is/was no signal at the sync input."
2026-09-29T03:47:22.052122+00:00,502.9305532000144,2,0,40,80,120,751879.6992481203,43.0,30.0,False,1,"WARNING_SYNC_RATE_ZERO: 
There is/was no signal at the sync input."
2026-09-29T03:47:22.270226+00:00,503.14868909999495,2,0,60,60,120,751879.6992481203,43.0,30.0,False,1,"WARNING_SYNC_RATE_ZERO: 
There is/was no signal at the sync input."
2026-09-29T03:47:22.489203+00:00,503.36765669996385,2,0,80,100,180,751879.6992481203,43.0,30.0,False,1,"WARNING_SYNC_RATE_ZERO: 
There is/was no signal at the sync input."
2026-09-29T03:47:22.708586+00:00,503.58704129996477,2,0,50,90,140,751879.6992481203,43.0,30.0,False,1,"WARNING_SYNC_RATE_ZERO: 
There is/was no signal at the sync input."
2026-09-29T03:47:22.926146+00:00,503.8045935999835,2,0,50,110,160,751879.6992481203,43.0,30.0,False,1,"WARNING_SYNC_RATE_ZERO: 
There is/was no signal at the sync input."
2026-09-29T03:47:23.143930+00:00,504.02235849999124,2,0,70,90,160,751879.6992481203,43.0,30.0,False,1,"WARNING_SYNC_RATE_ZERO: 
There is/was no signal at the sync input."
2026-09-29T03:47:23.362940+00:00,504.24136509996606,2,0,50,180,230,751879.6992481203,43.0,30.0,False,1,"WARNING_SYNC_RATE_ZERO: 
There is/was no signal at the sync input."
2026-09-29T03:47:23.580957+00:00,504.4594055999769,2,0,60,100,160,751879.6992481203,43.0,30.0,False,1,"WARNING_SYNC_RATE_ZERO: 
There is/was no signal at the sync input."
2026-09-29T03:47:23.801640+00:00,504.68008630000986,2,0,40,80,120,751879.6992481203,43.0,30.0,False,1,"WARNING_SYNC_RATE_ZERO: 
There is/was no signal at the sync input."
2026-09-29T03:47:24.034900+00:00,504.9133424999891,2,0,110,140,250,751879.6992481203,43.0,30.0,False,1,"WARNING_SYNC_RATE_ZERO: 
There is/was no signal at the sync input."
2026-09-29T03:47:24.266263+00:00,505.1447092999588,2,0,60,110,170,751879.6992481203,43.0,30.0,False,1,"WARNING_SYNC_RATE_ZERO: 
There is/was no signal at the sync input."
2026-09-29T03:47:24.485220+00:00,505.3636669999687,2,0,40,80,120,751879.6992481203,43.0,30.0,False,1,"WARNING_SYNC_RATE_ZERO: 
There is/was no signal at the sync input."
2026-09-29T03:47:24.702245+00:00,505.58066380000673,2,0,50,100,150,751879.6992481203,43.0,30.0,False,1,"WARNING_SYNC_RATE_ZERO: 
There is/was no signal at the sync input."
2026-09-29T03:47:24.933361+00:00,505.8118058000109,2,0,50,70,120,751879.6992481203,43.0,30.0,False,1,"WARNING_SYNC_RATE_ZERO: 
There is/was no signal at the sync input."
2026-09-29T03:47:25.153301+00:00,506.0317183000152,2,0,50,60,110,751879.6992481203,43.0,30.0,False,1,"WARNING_SYNC_RATE_ZERO: 
There is/was no signal at the sync input."
2026-09-29T03:47:25.372663+00:00,506.25111030001426,2,0,60,120,180,751879.6992481203,43.0,30.0,False,1,"WARNING_SYNC_RATE_ZERO: 
There is/was no signal at the sync input."
2026-09-29T03:47:25.591185+00:00,506.4696247999673,2,0,30,40,70,751879.6992481203,43.0,30.0,False,1,"WARNING_SYNC_RATE_ZERO: 
There is/was no signal at the sync input."
2026-09-29T03:47:25.808392+00:00,506.6868340999936,2,0,60,140,200,751879.6992481203,43.0,30.0,False,1,"WARNING_SYNC_RATE_ZERO: 
There is/was no signal at the sync input."
2026-09-29T03:47:26.040105+00:00,506.91853909997735,2,0,50,130,180,751879.6992481203,43.0,30.0,False,1,"WARNING_SYNC_RATE_ZERO: 
There is/was no signal at the sync input."
2026-09-29T03:47:26.258484+00:00,507.1369373999769,2,0,20,120,140,751879.6992481203,43.0,30.0,False,1,"WARNING_SYNC_RATE_ZERO: 
There is/was no signal at the sync input."
2026-09-29T03:47:26.477739+00:00,507.35615060001146,2,0,90,90,180,751879.6992481203,43.0,30.0,False,1,"WARNING_SYNC_RATE_ZERO: 
There is/was no signal at the sync input."
2026-09-29T03:47:26.694870+00:00,507.5733001999906,2,0,70,110,180,751879.6992481203,43.0,30.0,False,1,"WARNING_SYNC_RATE_ZERO: 
There is/was no signal at the sync input."
2026-09-29T03:47:26.912315+00:00,507.7907425999874,2,0,50,80,130,751879.6992481203,43.0,30.0,False,1,"WARNING_SYNC_RATE_ZERO: 
There is/was no signal at the sync input."
2026-09-29T03:47:27.129116+00:00,508.0075174999656,2,0,50,40,90,751879.6992481203,43.0,30.0,False,1,"WARNING_SYNC_RATE_ZERO: 
There is/was no signal at the sync input."
2026-09-29T03:47:27.345965+00:00,508.224364899972,2,0,50,130,180,751879.6992481203,43.0,30.0,False,1,"WARNING_SYNC_RATE_ZERO: 
There is/was no signal at the sync input."
2026-09-29T03:47:27.565535+00:00,508.4439612000133,2,0,40,130,170,751879.6992481203,43.0,30.0,False,1,"WARNING_SYNC_RATE_ZERO: 
There is/was no signal at the sync input."
2026-09-29T03:47:27.785398+00:00,508.66382169997087,2,0,100,130,230,751879.6992481203,43.0,30.0,False,1,"WARNING_SYNC_RATE_ZERO: 
There is/was no signal at the sync input."
2026-09-29T03:47:28.003463+00:00,508.8818966000108,2,0,50,90,140,751879.6992481203,43.0,30.0,False,1,"WARNING_SYNC_RATE_ZERO: 
There is/was no signal at the sync input."
