Unix_Timestamp,Elapsed_Time_s,EOM0_Target_V,EOM1_Target_V,Raw_Count0,Raw_Count1,Rate0_Hz,Rate1_Hz
1788398610.321454,0.11447620019316673,-200.0,-200.0,607.0,642.0,3868.553518454648,4721.102042663848
1788398610.434842,0.22786340001039207,-193.22033898305085,-200.0,1032.0,1086.0,3806.838602458795,3899.4624127375973
1788398610.54861,0.3416294001508504,-186.4406779661017,-200.0,1481.0,1567.0,3956.3367677922697,4278.364179124199
1788398610.66179,0.454807500122115,-179.66101694915255,-200.0,1943.0,2014.0,4063.366301805667,3989.3186243240148
1788398610.7750924,0.5681078000925481,-172.8813559322034,-200.0,2483.0,2566.0,4703.490297587479,4888.667080957065
1788398610.8881612,0.6811747001484036,-166.10169491525426,-200.0,2969.0,3018.0,4270.04466623291,4001.430142760557
1788398611.003951,0.7969622001983225,-159.32203389830508,-200.0,3562.0,3476.0,5162.557268354643,3987.1939673281922
1788398611.1173685,0.9103781001176685,-152.54237288135593,-200.0,4178.0,3885.0,5466.620365314121,3601.3208487711267
1788398611.229996,1.0230036000721157,-145.76271186440678,-200.0,4713.0,4205.0,4707.235094895413,2865.2735360232946
1788398611.34664,1.1396455001085997,-138.98305084745763,-200.0,5432.0,4563.0,6099.241437196781,2990.8872825364956
1788398611.4614806,1.254483100026846,-132.20338983050848,-200.0,6149.0,4892.0,6179.674979239939,2858.56222842087
1788398611.5781755,1.3711763999890536,-125.42372881355932,-200.0,6911.0,5212.0,6736.563966448263,2743.1437758113425
1788398611.6909363,1.4839348001405597,-118.64406779661017,-200.0,7615.0,5463.0,6280.80590723615,2229.8719197288106
1788398611.8054101,1.598406600067392,-111.86440677966102,-200.0,8470.0,5736.0,7453.295726835143,2313.7224771647743
1788398611.918787,1.711781700141728,-105.08474576271186,-200.0,9287.0,5954.0,7157.435896210786,1976.3758474698172
1788398612.0322478,1.8252404001541436,-98.30508474576271,-200.0,10143.0,6157.0,7448.573007000472,1762.9212445317103
1788398612.145299,1.9382893000729382,-91.52542372881356,-200.0,11074.0,6366.0,8340.59273888295,1862.7323783505253
1788398612.2573855,2.0503743002191186,-84.74576271186442,-200.0,12035.0,6525.0,8470.836371660333,1430.5054799823743
1788398612.3691356,2.1621220000088215,-77.96610169491527,-200.0,12966.0,6687.0,8423.193242037405,1463.2718772358967
1788398612.4812195,2.2742036001291126,-71.18644067796612,-200.0,13881.0,6830.0,8141.898995819623,1243.2520854695867
1788398612.5949938,2.38797580008395,-64.40677966101697,-200.0,14869.0,6993.0,8676.584708071448,1333.434576267117
1788398612.7086785,2.5016590000595897,-57.62711864406779,-200.0,15837.0,7107.0,8549.695330378723,964.3907964852356
1788398612.8218455,2.6148239001631737,-50.847457627118644,-200.0,16774.0,7230.0,8428.852605305188,1092.972096072541
1788398612.9362051,2.7291817001532763,-44.067796610169495,-200.0,17736.0,7355.0,8425.139306264671,1097.7380203602177
1788398613.0490334,2.842008300125599,-37.288135593220346,-200.0,18697.0,7480.0,8516.732560497047,1086.649628765708
1788398613.166393,2.959365800023079,-30.508474576271198,-200.0,19651.0,7636.0,8205.827403869562,1325.556734471237
1788398613.2838838,3.07685390021652,-23.72881355932205,-200.0,20628.0,7816.0,8187.540054160345,1506.7978370184226
1788398613.3998597,3.192827100167051,-16.9491525423729,-200.0,21589.0,8007.0,8029.452400327519,1688.953780758547
1788398613.5159512,3.308915800182149,-10.169491525423723,-200.0,22571.0,8232.0,8401.150312285308,1911.0308952121527
1788398613.6300368,3.4229991000611335,-3.3898305084745743,-200.0,23385.0,8469.0,7151.717388439448,2056.5819433077168
1788398613.7430723,3.536033899988979,3.3898305084745743,-200.0,24199.0,8738.0,7129.08097995538,2407.342860245689
1788398613.8558457,3.6488047000020742,10.169491525423723,-200.0,24864.0,9013.0,5851.799011646686,2452.182442975754
1788398613.9709992,3.763956200098619,16.94915254237287,-200.0,25514.0,9312.0,5523.992787124657,2597.3740919592756
1788398614.0850816,3.8780369001906365,23.72881355932202,-200.0,26206.0,9668.0,6018.991201646813,3138.737743190056
1788398614.1995342,3.9924874000716954,30.50847457627117,-200.0,26822.0,10039.0,5292.39814314613,3162.642068270399
1788398614.314298,4.107249000109732,37.28813559322032,-200.0,27328.0,10425.0,4397.211748082469,3355.0451383498257
1788398614.4276998,4.220649300143123,44.06779661016947,-200.0,27800.0,10807.0,4176.007130896191,3361.176471209129
1788398614.5424316,4.335378900170326,50.847457627118644,-200.0,28320.0,11315.0,4504.603089030998,4440.772680886834
1788398614.6555748,4.448520200094208,57.627118644067764,-200.0,28813.0,11893.0,4379.045761553949,5230.784049213491
1788398614.768334,4.5612773001194,64.40677966101691,-200.0,29218.0,12439.0,3621.3817481056594,4930.650533959244
1788398614.8816886,4.674630000023171,71.18644067796606,-200.0,29562.0,13063.0,3002.4592448773474,5422.9033130553935
1788398614.996453,4.7893926000688225,77.96610169491527,-200.0,29884.0,13678.0,2790.5678766507417,5416.9847017337925
1788398615.115113,4.908050100086257,84.74576271186442,-200.0,30210.0,14361.0,2754.3126414863254,5669.070679564087
1788398615.2300973,5.023031700169668,91.52542372881356,-200.0,30507.0,15048.0,2598.9865817597406,6014.797517786828
1788398615.3456154,5.1385470000095665,98.30508474576271,-200.0,30764.0,15752.0,2209.7190480144577,6174.214987099221
1788398615.4611046,5.254034300101921,105.08474576271186,-200.0,30962.0,16480.0,1690.410502217024,6348.226396912845
1788398615.5748215,5.367748800199479,111.86440677966101,-200.0,31174.0,17199.0,1901.488145126088,6285.987508887699
1788398615.688483,5.481409200001508,118.64406779661016,-200.0,31371.0,17980.0,1718.0400668007762,6862.923492650412
1788398615.8023458,5.59526910004206,125.42372881355931,-200.0,31555.0,18763.0,1628.3813085425386,6853.921326916335
1788398615.9174283,5.71034980006516,132.20338983050846,-200.0,31739.0,19548.0,1587.8187692401364,6791.825949350872
1788398616.0311816,5.8241011002101,138.9830508474576,-200.0,31904.0,20289.0,1458.3892901914278,6627.363989604084
1788398616.1452973,5.938215600093827,145.76271186440675,-200.0,32110.0,21039.0,1791.3419078399888,6639.045524417278
1788398616.2597027,6.0526190001983196,152.5423728813559,-200.0,32332.0,21821.0,1954.488852868069,6771.890955007676
1788398616.3740718,6.166985800024122,159.32203389830505,-200.0,32535.0,22503.0,1765.7596349848488,5901.113806037449
1788398616.486488,6.279400200117379,166.1016949152542,-200.0,32791.0,23216.0,2349.494815894013,6274.642901177265
1788398616.5992773,6.392187500139698,172.88135593220335,-200.0,33066.0,23860.0,2461.996990754528,5657.947801394367
1788398616.7144039,6.507312200032175,179.66101694915255,-200.0,33344.0,24506.0,2386.4995462732704,5595.929970571806
1788398616.8340127,6.626918600173667,186.4406779661017,-200.0,33667.0,25064.0,2681.7412497717714,4466.608770315235
1788398616.9497485,6.7426511000376195,193.22033898305085,-200.0,34080.0,25616.0,3431.9940308028463,4655.098286461308
1788398617.0638673,6.856768000172451,200.0,-200.0,34441.0,26090.0,3146.0255085654762,4125.626265723588
1788398617.177453,6.97035130020231,-200.0,-193.22033898305085,34883.0,26555.0,4088.5267838620866,4264.2779352045745
1788398617.2913675,7.084264800185338,-193.22033898305085,-193.22033898305085,35309.0,26926.0,3629.375222698941,3287.67831878072
1788398617.4047406,7.197635800112039,-186.4406779661017,-193.22033898305085,35784.0,27381.0,4200.443307788084,3923.4910017800785
1788398617.5175154,7.310408900026232,-179.66101694915255,-193.22033898305085,36185.0,27724.0,3622.542245305091,3093.0937632989626
1788398617.629222,7.422113500069827,-172.8813559322034,-193.22033898305085,36736.0,28160.0,5017.693236029883,4032.912320547383
1788398617.7423098,7.535199000034481,-166.10169491525426,-193.22033898305085,37339.0,28544.0,5391.255056853027,3418.1668659428983
1788398617.8547451,7.647632600041106,-159.32203389830508,-193.22033898305085,37913.0,28890.0,5117.411508697747,3150.6103641891414
1788398617.9682934,7.761178100015968,-152.54237288135593,-193.22033898305085,38530.0,29267.0,5500.103347510102,3276.0682690706144
1788398618.0833097,7.876192500116304,-145.76271186440678,-193.22033898305085,39287.0,29668.0,6667.207823394691,3474.974255421857
1788398618.1967256,7.989607100142166,-138.98305084745763,-193.22033898305085,40065.0,30006.0,6951.718080954508,3048.3469659800517
1788398618.3104267,8.103306000120938,-132.20338983050848,-193.22033898305085,40913.0,30320.0,7449.334867855982,2826.8798571468315
1788398618.423702,8.216579200001433,-125.42372881355932,-193.22033898305085,41667.0,30577.0,6633.729324794903,2285.25961398095
1788398618.5369372,8.329812600044534,-118.64406779661017,-193.22033898305085,42518.0,30855.0,7411.997596007224,2430.4672968133827
1788398618.65199,8.444863100070506,-111.86440677966102,-193.22033898305085,43460.0,31087.0,8200.457243275567,2013.5051266971257
1788398618.7722087,8.565079200081527,-105.08474576271186,-193.22033898305085,44309.0,31303.0,7120.609186418694,1817.6524069420705
1788398618.8875387,8.680405599996448,-98.30508474576271,-193.22033898305085,45237.0,31475.0,7520.463718122608,1474.7803393638733
1788398619.0042515,8.79711650009267,-91.52542372881356,-193.22033898305085,46142.0,31629.0,7842.065989764245,1300.816633373216
1788398619.1170008,8.909864300163463,-84.74576271186442,-193.22033898305085,47152.0,31776.0,8881.474712278385,1267.4507459284998
1788398619.231491,9.024352500215173,-77.96610169491527,-193.22033898305085,48054.0,31939.0,7800.110403520889,1403.0967826451777
1788398619.3468206,9.139680900145322,-71.18644067796612,-193.22033898305085,49091.0,32088.0,8944.927550508008,1286.9742700220704
1788398619.4606175,9.253475400153548,-64.40677966101697,-193.22033898305085,50062.0,32214.0,8592.60648782683,1057.9761735546954
1788398619.5750713,9.367926500039175,-57.62711864406779,-193.22033898305085,51056.0,32342.0,8935.596520685514,1141.1060438362551
1788398619.6894896,9.482343200128525,-50.847457627118644,-193.22033898305085,51790.0,32491.0,6331.291712170824,1302.9614827945754
1788398619.8032806,9.596131900092587,-44.067796610169495,-193.22033898305085,52774.0,32661.0,8668.304006161035,1509.5443942353083
1788398619.9156408,9.70849069999531,-37.288135593220346,-193.22033898305085,53755.0,32824.0,8601.346297309903,1449.1398653076467
1788398620.0301375,9.822985500097275,-30.508474576271198,-193.22033898305085,54660.0,32995.0,7945.186442497506,1490.2938896744458
1788398620.1428914,9.935737200081348,-23.72881355932205,-193.22033898305085,55430.0,33186.0,6893.78370188696,1681.637264206927
1788398620.2552078,10.048051899997517,-16.9491525423729,-193.22033898305085,56243.0,33392.0,7251.199059148288,1817.4599184240567
1788398620.3683927,10.161235200008377,-10.169491525423723,-193.22033898305085,57037.0,33624.0,6896.487884296244,2045.8037884959328
1788398620.485615,10.27845530002378,-3.3898305084745743,-193.22033898305085,57679.0,33828.0,5367.754555823467,1737.9576302160297
1788398620.60094,10.39377690013498,3.3898305084745743,-193.22033898305085,58462.0,34149.0,6744.900152770318,2769.733896294496
1788398620.7228096,10.515644300030544,10.169491525423723,-193.22033898305085,59192.0,34481.0,5762.41013204817,2706.3076339012173
1788398620.839648,10.632480000145733,16.94915254237287,-193.22033898305085,59854.0,34851.0,5920.520483971884,3261.382175834277
1788398620.9547226,10.74755259999074,23.72881355932202,-193.22033898305085,60460.0,35233.0,5162.735625257648,3311.083095350753
1788398621.0678296,10.86065740021877,30.50847457627117,-193.22033898305085,61021.0,35675.0,4765.3727431987045,3836.4501811716664
1788398621.1839678,10.97679390013218,37.28813559322032,-193.22033898305085,61565.0,36164.0,4691.501931263087,4155.070508889981
1788398621.2977116,11.090536000207067,44.06779661016947,-193.22033898305085,62083.0,36723.0,4614.247093819922,5003.400463178229
1788398621.4104264,11.20324940001592,50.847457627118644,-193.22033898305085,62553.0,37243.0,4066.0300874273694,4672.204297708972
1788398621.5228138,11.315634700004011,57.627118644067764,-193.22033898305085,62955.0,37882.0,3563.040633481564,5661.690221265208
1788398621.6349356,11.427754600066692,64.40677966101691,-193.22033898305085,63293.0,38508.0,3030.022469133983,5583.096957015395
1788398621.74735,11.540167200146243,71.18644067796606,-193.22033898305085,63611.0,39085.0,2805.093532252738,5116.266940886224
1788398621.8611803,11.653993300162256,77.96610169491527,-193.22033898305085,63886.0,39766.0,2400.013238675697,6068.998994352337
1788398621.9747374,11.767550500109792,84.74576271186442,-193.22033898305085,64142.0,40418.0,2220.6496447451623,5758.9461741316445
1788398622.089902,11.882712400052696,91.52542372881356,-193.22033898305085,64371.0,41146.0,1974.3085141188637,6204.969615802143
1788398622.2045717,11.997378800064325,98.30508474576271,-193.22033898305085,64623.0,41905.0,2102.2613018777174,6599.272434590052
1788398622.3212807,12.114085900131613,105.08474576271186,-193.22033898305085,64789.0,42616.0,1417.360908587166,6086.314489815478
1788398622.436736,12.229540000203997,111.86440677966101,-193.22033898305085,64961.0,43322.0,1536.9026897370009,6147.610758948003
1788398622.5505106,12.343311900040135,118.64406779661016,-193.22033898305085,65146.0,44052.0,1588.0402135326508,6352.160854130603
1788398622.665219,12.458018500125036,125.42372881355931,-193.22033898305085,65322.0,44778.0,1514.7954190125859,6398.863073041045
1788398622.778619,12.571417400147766,132.20338983050846,-193.22033898305085,65480.0,45303.0,1435.8586105080242,4494.050975745894
1788398622.8910565,12.683852900052443,138.9830508474576,-193.22033898305085,65670.0,46025.0,1667.4740071984725,6325.222630657893
1788398623.0032558,12.796049900120124,145.76271186440675,-193.22033898305085,65871.0,46763.0,1745.9877288257205,6461.088279932613
1788398623.1148477,12.90763989998959,152.5423728813559,-193.22033898305085,66073.0,47327.0,1806.6813352821937,5156.569644451261
1788398623.227629,13.02041820017621,159.32203389830505,-193.22033898305085,66346.0,48009.0,2377.266643343971,5952.45280618549
1788398623.3420582,13.134845900116488,166.1016949152542,-193.22033898305085,66626.0,48718.0,2440.964895013802,6139.118476557269
1788398623.4545333,13.247319400077686,172.88135593220335,-193.22033898305085,66953.0,49392.0,2896.2570084754375,5867.256133298629
1788398623.568198,13.360981500009075,179.66101694915255,-193.22033898305085,67358.0,50070.0,3599.493305182333,6002.2241303807705
1788398623.680299,13.473080900032073,186.4406779661017,-193.22033898305085,67719.0,50658.0,3160.579904780195,5124.253810117002
1788398623.79441,13.587189899990335,193.22033898305085,-193.22033898305085,68054.0,51134.0,3046.167789930633,4211.418721620966
1788398623.9078052,13.700583300087601,200.0,-193.22033898305085,68515.0,51742.0,4015.063408441406,5427.258124513901
1788398624.023041,13.815817099995911,-200.0,-186.4406779661017,69068.0,52170.0,4857.990845387096,3675.574205660803
1788398624.1401203,13.932893400080502,-193.22033898305085,-186.4406779661017,69665.0,52649.0,5229.3955527852595,3987.7539743943057
1788398624.2572439,14.05001540016383,-186.4406779661017,-186.4406779661017,70199.0,53109.0,4611.092674779532,4121.337340584511
1788398624.3764718,14.1692399000749,-179.66101694915255,-186.4406779661017,70815.0,53562.0,5500.140260111775,3881.3698825537945
1788398624.4908047,14.283571800217032,-172.8813559322034,-186.4406779661017,71484.0,53968.0,5859.121507035789,3578.5140849933773
1788398624.604271,14.397035900037736,-166.10169491525426,-186.4406779661017,72092.0,54332.0,5402.17583012987,3158.195100691308
1788398624.7177107,14.51047269999981,-159.32203389830508,-186.4406779661017,72728.0,54714.0,5694.4191918993965,3433.264083284563
1788398624.831745,14.624505700077862,-152.54237288135593,-186.4406779661017,73442.0,55054.0,6107.414733793226,3039.8478780907285
1788398624.9459276,14.738685399992391,-145.76271186440678,-186.4406779661017,74144.0,55310.0,6138.130955820027,2245.433213223518
1788398625.0603404,14.853096700040624,-138.98305084745763,-186.4406779661017,74946.0,55579.0,7046.291750990387,2403.813071301408
1788398625.1747568,14.967511200113222,-132.20338983050848,-186.4406779661017,75688.0,55798.0,6485.191074399396,1939.1544538401579
1788398625.2888343,15.081586200045422,-125.42372881355932,-186.4406779661017,76564.0,56057.0,7708.005638782855,2320.6898697410747
1788398625.4043763,15.197127000195906,-118.64406779661017,-186.4406779661017,77450.0,56241.0,7653.313149596456,1591.011335758403
1788398625.5198119,15.312560300109908,-111.86440677966102,-186.4406779661017,78357.0,56434.0,7822.839430479674,1667.9055100906835
1788398625.6334922,15.426239000167698,-105.08474576271186,-186.4406779661017,79296.0,56601.0,8221.390164556211,1408.5920438713329
1788398625.748373,15.541117700049654,-98.30508474576271,-186.4406779661017,80235.0,56778.0,8274.848922783476,1567.4823950647112
1788398625.8650448,15.65778740006499,-91.52542372881356,-186.4406779661017,81132.0,56929.0,7764.461872971322,1316.4658538947915
1788398625.979297,15.772037800168619,-84.74576271186442,-186.4406779661017,82134.0,57060.0,8694.360021282884,1162.93987545822
1788398626.0949936,15.887731700204313,-77.96610169491527,-186.4406779661017,83049.0,57211.0,7971.0292989421905,1328.5048831570318
1788398626.2119431,16.00467810011469,-71.18644067796612,-186.4406779661017,84055.0,57343.0,8616.191590876915,1145.131572635303
1788398626.3299463,16.122679200023413,-64.40677966101697,-186.4406779661017,85072.0,57487.0,9010.899026078501,1247.6629420724078
1788398626.4437673,16.23649790021591,-57.62711864406779,-186.4406779661017,86001.0,57652.0,8270.095974191543,1472.5030905895358
1788398626.559278,16.352006500121206,-50.847457627118644,-186.4406779661017,86910.0,57804.0,7737.644468222775,1243.8766521020063
1788398626.6744013,16.467128300108016,-44.067796610169495,-186.4406779661017,87862.0,57979.0,8292.66241161753,1572.588682247205
1788398626.7887661,16.581490900134668,-37.288135593220346,-186.4406779661017,88824.0,58172.0,8381.866796557622,1713.2167298458435
1788398626.9026024,16.695325100095943,-30.508474576271198,-186.4406779661017,89551.0,58353.0,6350.199631500824,1536.637228613902
1788398627.0185823,16.811303300084546,-23.72881355932205,-186.4406779661017,90391.0,58577.0,7227.032189363694,1904.2368378499066
1788398627.1320293,16.924748399993405,-16.9491525423729,-186.4406779661017,91175.0,58827.0,6996.545280476159,2186.9995843607594
1788398627.2457743,17.038491900078952,-10.169491525423723,-186.4406779661017,91939.0,59120.0,6696.313441372355,2615.891358115198
1788398627.3585303,17.15124550019391,-3.3898305084745743,-186.4406779661017,92690.0,59449.0,6562.844807479691,2900.294022568928
1788398627.471924,17.264637400163338,3.3898305084745743,-186.4406779661017,93273.0,59780.0,5079.98200435064,2983.3348861913755
1788398627.5862017,17.37891330011189,10.169491525423723,-186.4406779661017,93896.0,60128.0,5335.337910619926,3089.3623296888577
1788398627.7060075,17.498717000009492,16.94915254237287,-186.4406779661017,94476.0,60529.0,4735.469912128369,3334.3383650941328
1788398627.8272324,17.61993920011446,23.72881355932202,-186.4406779661017,95038.0,60994.0,4718.602150663345,3837.2028810111356
1788398627.9415517,17.734255600022152,30.50847457627117,-186.4406779661017,95520.0,61467.0,4088.330287450357,4125.581588474962
1788398628.0572934,17.84999580006115,37.28813559322032,-186.4406779661017,95985.0,62005.0,4141.217386199368,4815.804833725057
1788398628.1693916,17.962092300178483,44.06779661016947,-186.4406779661017,96439.0,62529.0,4058.821109213926,4629.300573873026
1788398628.2811449,18.07384330010973,50.847457627118644,-186.4406779661017,96768.0,63038.0,2907.928420486214,4662.065887037575
1788398628.3928397,18.185536400182173,57.627118644067764,-186.4406779661017,97061.0,63601.0,2562.1870024828318,5021.135700836318
1788398628.5049284,18.29762289999053,64.40677966101691,-186.4406779661017,97332.0,64202.0,2468.750200486782,5582.741930646246
1788398628.618404,18.411095600109547,71.18644067796606,-186.4406779661017,97594.0,64906.0,2288.405533951385,6191.613360005562
1788398628.7318692,18.5245578000322,77.96610169491527,-186.4406779661017,97810.0,65518.0,1919.3149555092098,5398.073312369652
1788398628.8475237,18.640210600104183,84.74576271186442,-186.4406779661017,98068.0,66250.0,2220.4163629647123,6324.546607624898
1788398628.963414,18.75609949999489,91.52542372881356,-186.4406779661017,98280.0,67032.0,1751.8999419916665,6697.367486572309
1788398629.0771074,18.869791500037536,98.30508474576271,-186.4406779661017,98465.0,67731.0,1592.4466188143529,6249.4271377888845
1788398629.1915963,18.984278600197285,105.08474576271186,-186.4406779661017,98652.0,68524.0,1619.9356406473444,7056.329824514703
1788398629.304327,19.09700720012188,111.86440677966101,-186.4406779661017,98803.0,69008.0,1320.0215691205851,4034.432119706577
1788398629.4161444,19.208822900196537,118.64406779661016,-186.4406779661017,98983.0,69740.0,1593.801797468494,6468.960236783887
1788398629.5292687,19.321945200208575,125.42372881355931,-186.4406779661017,99148.0,70460.0,1406.1418790771281,6429.3987234118695
1788398629.6466362,19.439310300163925,132.20338983050846,-186.4406779661017,99346.0,71187.0,1727.1785152096143,6263.294720944338
1788398629.7607355,19.553407200146466,138.9830508474576,-186.4406779661017,99564.0,71845.0,1809.8170034557854,5782.133298220278
1788398629.8748744,19.667543600080535,145.76271186440675,-186.4406779661017,99801.0,72575.0,2105.543636411244,6465.6959454398375
1788398629.9893875,19.782053800066933,152.5423728813559,-186.4406779661017,99991.0,73194.0,1683.5326589648275,5271.389145283312
1788398630.103063,19.89572780020535,159.32203389830505,-186.4406779661017,100242.0,73848.0,2188.6788975654526,5697.953079315967
1788398630.218292,20.010954400058836,166.1016949152542,-186.4406779661017,100579.0,74461.0,2937.5246860335824,5309.439028793618
1788398630.3329663,20.12562629999593,172.88135593220335,-186.4406779661017,100857.0,74959.0,2412.842954286147,4309.963750404262
1788398630.4470646,20.239724000217393,179.66101694915255,-186.4406779661017,101240.0,75521.0,3407.312330671237,4967.842910301153
1788398630.5591278,20.35178490006365,186.4406779661017,-186.4406779661017,101697.0,76064.0,4142.858478187855,4788.134403684383
1788398630.672545,20.465200300095603,193.22033898305085,-186.4406779661017,102172.0,76577.0,4290.884844137837,4467.349805260388
1788398630.787306,20.579959199996665,200.0,-186.4406779661017,102675.0,77019.0,4386.396878326776,3802.759871647121
1788398630.8998148,20.692466200096533,-200.0,-179.66101694915255,103220.0,77391.0,4879.252461351508,3352.158179554471
1788398631.0136557,20.80630480009131,-193.22033898305085,-179.66101694915255,103883.0,77782.0,5797.991007386308,3418.1500075240992
1788398631.1262138,20.918861500220373,-186.4406779661017,-179.66101694915255,104520.0,78166.0,5665.996931443186,3438.738269247592
1788398631.244421,21.037066100165248,-179.66101694915255,-179.66101694915255,105177.0,78524.0,5592.216646675644,3052.7559472190715
1788398631.3581598,21.15080190007575,-172.8813559322034,-179.66101694915255,105982.0,78866.0,6918.1307938585005,3012.7343779706375
1788398631.4753609,21.268000200157985,-166.10169491525426,-179.66101694915255,106735.0,79208.0,6623.765478162231,2889.1880276415905
1788398631.5910838,21.38372110016644,-159.32203389830508,-179.66101694915255,107480.0,79489.0,6498.988495679092,2429.100072432947
1788398631.7036574,21.496292700059712,-152.54237288135593,-179.66101694915255,108197.0,79766.0,6360.420060105127,2428.354207969652
1788398631.81803,21.61066360003315,-145.76271186440678,-179.66101694915255,108976.0,80025.0,6836.086755553502,2241.643624449793
1788398631.9337833,21.72641470003873,-138.98305084745763,-179.66101694915255,109769.0,80285.0,6770.294879847493,2250.665595192545
1788398632.0485544,21.841184300137684,-132.20338983050848,-179.66101694915255,110484.0,80477.0,6137.333151172716,1669.6481816344308
1788398632.1639333,21.956561300205067,-125.42372881355932,-179.66101694915255,111390.0,80703.0,7929.22163882911,2018.8456015912825
1788398632.2804246,22.0730506000109,-118.64406779661017,-179.66101694915255,112394.0,80907.0,8734.37941864946,1755.8803985944792
1788398632.394953,22.187577200122178,-111.86440677966102,-179.66101694915255,113357.0,81090.0,8276.222820484925,1554.6495905883287
1788398632.5083542,22.30097460001707,-105.08474576271186,-179.66101694915255,114250.0,81231.0,7831.944367011451,1226.9123684482013
1788398632.621998,22.414618200156838,-98.30508474576271,-179.66101694915255,115122.0,81353.0,7771.703446657241,1086.565173821747
1788398632.7348166,22.527435100171715,-91.52542372881356,-179.66101694915255,116078.0,81513.0,8449.827994030973,1392.8287902248856
1788398632.8488915,22.641507800202817,-84.74576271186442,-179.66101694915255,116942.0,81637.0,7782.915940219873,1102.5797581978154
1788398632.966009,22.758623000001535,-77.96610169491527,-179.66101694915255,117946.0,81776.0,8598.835259102245,1172.5684444230335
1788398633.0818179,22.87442860007286,-71.18644067796612,-179.66101694915255,118823.0,81923.0,7615.627741080892,1261.707098939504
1788398633.199067,22.9916755000595,-64.40677966101697,-179.66101694915255,119812.0,82080.0,8243.339699376003,1363.1444419079874
1788398633.3185031,23.111109500052407,-57.62711864406779,-179.66101694915255,120813.0,82246.0,8775.127612283455,1382.128979101728
1788398633.4319234,23.224528799997643,-50.847457627118644,-179.66101694915255,121669.0,82427.0,7633.234206457772,1602.608638006304
1788398633.5435889,23.33619200019166,-44.067796610169495,-179.66101694915255,122539.0,82624.0,7771.7507989868045,1792.75894034599
1788398633.6563993,23.44899980002083,-37.288135593220346,-179.66101694915255,123415.0,82801.0,7885.146217431664,1616.0370339612596
1788398633.7694528,23.562052000081167,-30.508474576271198,-179.66101694915255,124233.0,83008.0,7207.033183308922,1848.1953653073138
1788398633.8825808,23.67517780000344,-23.72881355932205,-179.66101694915255,124947.0,83216.0,6128.647909737378,1888.5863649341768
1788398633.995026,23.787621200084686,-16.9491525423729,-179.66101694915255,125607.0,83496.0,5849.952441827404,2468.5308870768504
1788398634.1114542,23.904046500101686,-10.169491525423723,-179.66101694915255,126405.0,83892.0,6770.304393366078,3421.0689308653527
1788398634.2350075,24.027597500011325,-3.3898305084745743,-179.66101694915255,127146.0,84279.0,6022.8528571698325,3177.0761192969217
1788398634.348455,24.141044000163674,3.3898305084745743,-179.66101694915255,127762.0,84663.0,5555.720718201531,3456.0670688477753
1788398634.473243,24.265828100033104,10.169491525423723,-179.66101694915255,128429.0,85152.0,5686.872068602523,4192.245435187757
1788398634.5948334,24.38741770014167,16.94915254237287,-179.66101694915255,129030.0,85638.0,4859.893461724511,4038.256797332238
1788398634.7125165,24.5050980001688,23.72881355932202,-179.66101694915255,129581.0,86149.0,4656.585690473723,4318.8943617752475
1788398634.829835,24.622414000099525,30.50847457627117,-179.66101694915255,130067.0,86735.0,4296.184912579986,4990.611353190976
1788398634.9408839,24.73346160002984,37.28813559322032,-179.66101694915255,130506.0,87271.0,3876.7992971732015,4682.491082649295
1788398635.0582938,24.850869300076738,44.06779661016947,-179.66101694915255,130886.0,87902.0,3188.798294083751,5305.731615366241
1788398635.172862,24.965434700017795,50.847457627118644,-179.66101694915255,131226.0,88509.0,2927.6059375912528,5227.208077844319
1788398635.2846177,25.077187900198624,57.627118644067764,-179.66101694915255,131474.0,89032.0,2176.083804397887,4728.978657176361
1788398635.4005108,25.19307960011065,64.40677966101691,-179.66101694915255,131724.0,89675.0,2159.618595003053,5485.613477602692
1788398635.5205488,25.31311560003087,71.18644067796606,-179.66101694915255,131977.0,90378.0,2188.9329788694017,6127.141457946403
1788398635.6346538,25.427218600176275,77.96610169491527,-179.66101694915255,132202.0,91107.0,1978.3504047753852,6431.939222967416
1788398635.7541847,25.546747600194067,84.74576271186442,-179.66101694915255,132394.0,91814.0,1578.4943821850204,5934.786140840886
1788398635.8675306,25.660091400146484,91.52542372881356,-179.66101694915255,132585.0,92502.0,1659.51118879525,6004.07418867495
1788398635.9872127,25.77977030002512,98.30508474576271,-179.66101694915255,132771.0,93257.0,1676.6440748801813,6257.638814989966
1788398636.106561,25.899117700057104,105.08474576271186,-179.66101694915255,132951.0,94033.0,1492.2332387476354,6433.580430528727
1788398636.221934,26.01448810007423,111.86440677966101,-179.66101694915255,133117.0,94829.0,1487.8063385992168,6994.504189390221
1788398636.3411164,26.13366760010831,118.64406779661016,-179.66101694915255,133302.0,95548.0,1525.7996373578278,6003.295001747168
1788398636.4535844,26.246134800137952,125.42372881355931,-179.66101694915255,133499.0,96245.0,1771.7171087618767,6105.756272668618
1788398636.568536,26.361084800213575,132.20338983050846,-179.66101694915255,133690.0,96888.0,1639.2607591792946,5464.202530597649
1788398636.6869688,26.479514100123197,138.9830508474576,-179.66101694915255,133929.0,97606.0,2099.9675459756795,5999.907274216227
1788398636.7984638,26.59100820007734,145.76271186440675,-179.66101694915255,134195.0,98243.0,2430.9251688646586,5725.968268849176
1788398636.915872,26.708413900109008,152.5423728813559,-179.66101694915255,134518.0,98938.0,2777.760300979058,5807.22703699829
1788398637.036006,26.82854470005259,159.32203389830505,-179.66101694915255,134842.0,99568.0,2759.5189641872985,5381.061980165232
1788398637.1578262,26.95036380016245,166.1016949152542,-179.66101694915255,135253.0,100209.0,3500.2827481709865,5250.42412225648
1788398637.2798154,27.072350000031292,172.88135593220335,-179.66101694915255,135662.0,100809.0,3371.163381645409,4919.845036665254
1788398637.394481,27.187013000017032,179.66101694915255,-179.66101694915255,136073.0,101324.0,3532.116567187313,4495.421085511126
1788398637.5136147,27.30614610016346,186.4406779661017,-179.66101694915255,136524.0,101800.0,3971.147281206805,4081.2021712171554
1788398637.6273909,27.419919400010258,193.22033898305085,-179.66101694915255,137029.0,102264.0,4465.317377012932,4032.5958992405454
1788398637.7461078,27.538635100005195,200.0,-179.66101694915255,137587.0,102689.0,4818.655853633395,3609.5466357475248
1788398637.8610587,27.65358220017515,-200.0,-172.8813559322034,138217.0,103025.0,5437.861968590613,2928.0795215487915
1788398637.9809031,27.77342540002428,-193.22033898305085,-172.8813559322034,138883.0,103395.0,5572.993062582537,3093.1864010874774
1788398638.0961306,27.888650700217113,-186.4406779661017,-172.8813559322034,139400.0,103692.0,4401.765444509222,2551.7480837734624
1788398638.2209053,28.01342390011996,-179.66101694915255,-172.8813559322034,140130.0,104066.0,5805.3013337732045,3091.3678929070934
1788398638.3408308,28.13334639999084,-172.8813559322034,-172.8813559322034,140871.0,104391.0,6184.383725784787,2742.791652396078
1788398638.4628286,28.25534260016866,-166.10169491525426,-172.8813559322034,141589.0,104673.0,5947.71515081151,2245.9282584407642
1788398638.582994,28.37550500012003,-159.32203389830508,-172.8813559322034,142384.0,104957.0,6536.5529441177605,2469.364445555598
1788398638.7023675,28.494876800104976,-152.54237288135593,-172.8813559322034,143159.0,105195.0,6416.764887099953,1988.043339848395
1788398638.8215613,28.614068400114775,-145.76271186440678,-172.8813559322034,143954.0,105441.0,6737.1287492176325,2065.461840220669
1788398638.937323,28.729828200070187,-138.98305084745763,-172.8813559322034,144778.0,105651.0,7035.698234756738,1810.990536616921
1788398639.0537164,28.846220400184393,-132.20338983050848,-172.8813559322034,145668.0,105857.0,7661.753171251635,1785.6166724914629
1788398639.1701877,28.9626891000662,-125.42372881355932,-172.8813559322034,146600.0,106015.0,8123.009276675297,1411.0827543481657
1788398639.2890007,29.081500200089067,-118.64406779661017,-172.8813559322034,147513.0,106196.0,7642.395689073298,1512.6490892066827
1788398639.4040992,29.1965966001153,-111.86440677966102,-172.8813559322034,148391.0,106328.0,7530.332789005974,1155.0148118402883
1788398639.5216136,29.314101100200787,-105.08474576271186,-172.8813559322034,149394.0,106482.0,8586.732686855064,1276.4062102081853
1788398639.638138,29.430629800073802,-98.30508474576271,-172.8813559322034,150425.0,106631.0,8772.631596902225,1223.0188704276688
1788398639.762117,29.554607100086287,-91.52542372881356,-172.8813559322034,151546.0,106790.0,9370.33148529117,1350.038280345268
1788398639.8761866,29.668675100198016,-84.74576271186442,-172.8813559322034,152576.0,106913.0,8914.018872089164,1128.2387902958042
1788398639.990851,29.783337200060487,-77.96610169491527,-172.8813559322034,153570.0,107065.0,8888.75706810371,1343.9726536757435
1788398640.1080945,29.90057810000144,-71.18644067796612,-172.8813559322034,154525.0,107237.0,8212.728399533722,1480.2528928584125
1788398640.2248056,30.017287600087002,-64.40677966101697,-172.8813559322034,155467.0,107395.0,7960.625178283601,1346.3486396870107
1788398640.3437893,30.136269600130618,-57.62711864406779,-172.8813559322034,156337.0,107602.0,7133.5699530258225,1730.6813802291713
1788398640.458613,30.25108960014768,-50.847457627118644,-172.8813559322034,157223.0,107799.0,7699.024383716616,1742.6534233801683
1788398640.578413,30.370887800119817,-44.067796610169495,-172.8813559322034,158212.0,108035.0,8390.712794088793,2005.6747687624527
1788398640.6975453,30.490017500007525,-37.288135593220346,-172.8813559322034,159025.0,108283.0,6781.247577762458,2038.8064612880592
1788398640.812294,30.60476560005918,-30.508474576271198,-172.8813559322034,159756.0,108558.0,6429.409218056504,2433.990632549962
1788398640.9285562,30.72102430020459,-23.72881355932205,-172.8813559322034,160449.0,108881.0,6018.764709818662,2804.5076106265474
1788398641.0512846,30.84375060000457,-16.9491525423729,-172.8813559322034,161172.0,109212.0,5943.0890554431,2732.2547048449974
1788398641.1663117,30.958776600193232,-10.169491525423723,-172.8813559322034,161870.0,109608.0,6031.457217738733,3387.5307661272336
1788398641.2839956,31.07645760010928,-3.3898305084745743,-172.8813559322034,162566.0,110071.0,5932.053496487838,4018.1952583243306
1788398641.4057333,31.198194000171497,3.3898305084745743,-172.8813559322034,163194.0,110519.0,5125.771923598864,3701.4423802271444
1788398641.519864,31.31232160003856,10.169491525423723,-172.8813559322034,163692.0,110947.0,4458.130725121295,3806.8400224801176
1788398641.6350675,31.427523200167343,16.94915254237287,-172.8813559322034,164205.0,111454.0,4425.711082328264,4471.716395034379
1788398641.756668,31.549120500218123,23.72881355932202,-172.8813559322034,164687.0,111989.0,3969.290976583487,4373.404311303525
1788398641.8816557,31.674106999998912,30.50847457627117,-172.8813559322034,165169.0,112611.0,3842.1175894000935,5099.6955814159255
1788398642.0017974,31.794245900120586,37.28813559322032,-172.8813559322034,165560.0,113198.0,3299.195820464462,4994.61589486981
1788398642.125525,31.917971800081432,44.06779661016947,-172.8813559322034,165942.0,113876.0,3078.6200423203145,5761.417507770874
1788398642.2445936,32.03703920007683,50.847457627118644,-172.8813559322034,166254.0,114615.0,2646.386734363618,6313.393608601259
1788398642.354432,32.14687530021183,57.627118644067764,-172.8813559322034,166512.0,115317.0,2312.7729068879225,6326.676299007458
1788398642.4759107,32.26835180004127,64.40677966101691,-172.8813559322034,166760.0,116111.0,2027.1693793104523,6621.496487878682
1788398642.5944898,32.38692710013129,71.18644067796606,-172.8813559322034,166997.0,116895.0,2018.8837753306627,6561.372269824654
1788398642.7115543,32.50399100012146,77.96610169491527,-172.8813559322034,167212.0,117731.0,1828.1403958521012,7204.494170845719
1788398642.8274152,32.619849800132215,84.74576271186442,-172.8813559322034,167390.0,118531.0,1521.2100146219932,6990.322210048683
1788398642.948818,32.741250100079924,91.52542372881356,-172.8813559322034,167557.0,119245.0,1397.7310463540532,5929.228515107003
1788398643.0677547,32.86018480011262,98.30508474576271,-172.8813559322034,167760.0,119965.0,1743.8513659720638,6121.274182595816
1788398643.187264,32.97969170007855,105.08474576271186,-172.8813559322034,167907.0,120759.0,1249.860270672952,6513.356340126652
1788398643.3061194,33.09854460018687,111.86440677966101,-172.8813559322034,168093.0,121560.0,1562.4531615798578,6803.938476879729
1788398643.4231868,33.215609500184655,118.64406779661016,-172.8813559322034,168316.0,122319.0,1820.4971786758197,6326.678314012007
1788398643.538943,33.33136410010047,125.42372881355931,-172.8813559322034,168550.0,123088.0,2089.9695201130844,6590.737214742578
1788398643.6592312,33.451651100069284,132.20338983050846,-172.8813559322034,168784.0,123809.0,1913.0196256312865,5948.704863264411
1788398643.7814288,33.57384640001692,138.9830508474576,-172.8813559322034,169080.0,124496.0,2424.7833922244026,5578.7588915307815
1788398643.8981738,33.69058890012093,145.76271186440675,-172.8813559322034,169361.0,125182.0,2468.381742725221,5981.771814487397
1788398644.0185034,33.81091670016758,152.5423728813559,-172.8813559322034,169738.0,125873.0,3148.6810694985497,5822.421419016871
1788398644.1351018,33.9275109001901,159.32203389830505,-172.8813559322034,170094.0,126496.0,2923.0120761583416,5177.121702286718
1788398644.2598517,34.052260200027376,166.1016949152542,-172.8813559322034,170518.0,127154.0,3621.0280986211847,5327.176676417633
1788398644.3764827,34.168889900203794,172.88135593220335,-172.8813559322034,170921.0,127657.0,3437.973231060776,4374.775460688448
1788398644.4973533,34.289757900172845,179.66101694915255,-172.8813559322034,171453.0,128220.0,4396.849821611019,4595.5286937073915
1788398644.6153312,34.40773440012708,186.4406779661017,-172.8813559322034,172031.0,128739.0,4869.129810619382,4286.268967727559
1788398644.7343094,34.52670990000479,193.22033898305085,-172.8813559322034,172617.0,129218.0,5057.631338554915,4040.6076454759373
1788398644.8477452,34.640143800061196,200.0,-172.8813559322034,173295.0,129660.0,5946.769027970779,3878.3276269374646
1788398644.9629128,34.75530910002999,-200.0,-166.10169491525426,174029.0,130014.0,6307.536963667364,2935.6404023984996
1788398645.0809398,34.873334100004286,-193.22033898305085,-166.10169491525426,174675.0,130327.0,5433.899532784529,2663.6762415610433
1788398645.19999,34.992381000192836,-186.4406779661017,-166.10169491525426,175489.0,130680.0,6849.91094597648,2939.6008203989977
1788398645.3163435,35.10873330011964,-179.66101694915255,-166.10169491525426,176233.0,130954.0,6484.442835719712,2427.0866546126044
1788398645.433165,35.225552699994296,-172.8813559322034,-166.10169491525426,176996.0,131247.0,6605.031713593485,2459.991347627587
1788398645.5470965,35.33948210021481,-166.10169491525426,-166.10169491525426,177790.0,131498.0,7004.049848162893,2205.9999521772893
1788398645.6674886,35.45987150003202,-159.32203389830508,-166.10169491525426,178664.0,131761.0,7395.168254399368,2224.9334822114006
1788398645.7818475,35.57422810001299,-152.54237288135593,-166.10169491525426,179459.0,131992.0,6929.579630922872,2070.591523184125
1788398645.8967032,35.689081200165674,-145.76271186440678,-166.10169491525426,180336.0,132241.0,7652.4432725879915,2183.7907660383
1788398646.0151994,35.807576700113714,-138.98305084745763,-166.10169491525426,181293.0,132503.0,7975.588683319551,2157.4763178824505
1788398646.1346464,35.927021000068635,-132.20338983050848,-166.10169491525426,182287.0,132711.0,8288.124686455154,1795.76034873195
1788398646.253235,36.045606300001964,-125.42372881355932,-166.10169491525426,183277.0,132886.0,8308.98758104143,1405.5889055723192
1788398646.3719678,36.16433840012178,-118.64406779661017,-166.10169491525426,184243.0,133043.0,8267.194284720388,1318.4749505804068
1788398646.4908493,36.283217900199816,-111.86440677966102,-166.10169491525426,185151.0,133186.0,7494.203008622462,1190.2557719576853
1788398646.6098826,36.402247900143266,-105.08474576271186,-166.10169491525426,186167.0,133342.0,8394.551211805949,1277.4317061443835
1788398646.7326474,36.52501030010171,-98.30508474576271,-166.10169491525426,187168.0,133504.0,8674.405623154677,1405.9153181596032
1788398646.8508277,36.64319000020623,-91.52542372881356,-166.10169491525426,188215.0,133645.0,8862.299010435618,1189.3902809161827
1788398646.9677155,36.760075400117785,-84.74576271186442,-166.10169491525426,189232.0,133793.0,8655.363332713076,1272.320489901922
1788398647.0870905,36.87944829999469,-77.96610169491527,-166.10169491525426,190213.0,133961.0,8245.171920227107,1402.4831976984353
1788398647.2000768,36.992432800121605,-71.18644067796612,-166.10169491525426,191093.0,134120.0,7493.167432338698,1330.650639747804
1788398647.3161497,37.10850349999964,-64.40677966101697,-166.10169491525426,191951.0,134306.0,7270.485642779038,1559.2562725162027
1788398647.4326627,37.22501440020278,-57.62711864406779,-166.10169491525426,192928.0,134501.0,8333.187861227341,1672.1501551746153
1788398647.5479076,37.34025640017353,-50.847457627118644,-166.10169491525426,193805.0,134728.0,7671.513115332765,2009.205815920486
1788398647.6684613,37.460809000069275,-44.067796610169495,-166.10169491525426,194668.0,134953.0,7028.790163262173,1881.3118652597639
1788398647.7829897,37.5753357000649,-37.288135593220346,-166.10169491525426,195495.0,135235.0,7112.231574284744,2511.8230527551555
1788398647.8996062,37.691948499996215,-30.508474576271198,-166.10169491525426,196229.0,135517.0,6297.2869306395405,2456.5835479059633
1788398648.0113425,37.803683100035414,-23.72881355932205,-166.10169491525426,196891.0,135817.0,5880.076638923273,2680.484374725858
1788398648.1314538,37.923792800167575,-16.9491525423729,-166.10169491525426,197511.0,136153.0,5264.093966326922,2851.0118425437827
1788398648.249466,38.04180340003222,-10.169491525423723,-166.10169491525426,198167.0,136558.0,5471.924056294575,3436.9109775073366
1788398648.3769321,38.16926660016179,-3.3898305084745743,-166.10169491525426,198788.0,137054.0,5423.3374443973125,4311.093663427694
1788398648.491025,38.283357500098646,3.3898305084745743,-166.10169491525426,199362.0,137477.0,5017.015654467849,3704.151744887478
1788398648.6071112,38.3994409001898,10.169491525423723,-166.10169491525426,199862.0,137958.0,4343.813761117683,4109.500155746189
1788398648.7283354,38.52066310006194,16.94915254237287,-166.10169491525426,200281.0,138452.0,3446.076105176514,4111.897598082681
1788398648.845429,38.637754400027916,23.72881355932202,-166.10169491525426,200680.0,139021.0,3341.470006944881,4861.97543244841
1788398648.9616978,38.75402170000598,30.50847457627117,-166.10169491525426,201031.0,139548.0,2888.7958011352794,4567.908360545161
1788398649.076068,38.868388700066134,37.28813559322032,-166.10169491525426,201374.0,140145.0,2770.4553477072286,5273.989748293163
1788398649.197593,38.98991300002672,44.06779661016947,-166.10169491525426,201656.0,140790.0,2476.1172997141766,5425.609965550181
1788398649.3171382,39.109455100027844,50.847457627118644,-166.10169491525426,201933.0,141449.0,2207.9465063572497,5432.249341037678
1788398649.432579,39.224894900107756,57.627118644067764,-166.10169491525426,202158.0,142119.0,1923.4906502959122,5724.891603724327
1788398649.547722,39.34003449999727,64.40677966101691,-166.10169491525426,202382.0,142789.0,1907.233650835655,5805.843613573244
1788398649.6654422,39.457753100199625,71.18644067796606,-166.10169491525426,202589.0,143519.0,1749.6771209202514,6304.249007851833
1788398649.785253,39.57756240013987,77.96610169491527,-166.10169491525426,202756.0,144240.0,1408.6626633977712,5853.3870920068875
1788398649.8997893,39.69209580007009,84.74576271186442,-166.10169491525426,202946.0,144984.0,1657.3291457183952,6471.916608140549
1788398650.015196,39.80750080011785,91.52542372881356,-166.10169491525426,203113.0,145739.0,1445.8922569302806,6674.747903061799
1788398650.1327066,39.92500920011662,98.30508474576271,-166.10169491525426,203306.0,146526.0,1653.2987779137277,6657.878862409336
1788398650.252176,40.04447660013102,105.08474576271186,-166.10169491525426,203472.0,147176.0,1377.7573817292994,5581.2337247123205
1788398650.365242,40.157540700165555,111.86440677966101,-166.10169491525426,203637.0,147869.0,1417.2494187754744,6228.4382351448485
1788398650.4827607,40.27505729999393,118.64406779661016,-166.10169491525426,203834.0,148633.0,1625.1919520979066,6611.57635058012
1788398650.5978513,40.39014570019208,125.42372881355931,-166.10169491525426,204089.0,149357.0,2272.9793666051696,6355.250309028054
1788398650.7130575,40.50534940022044,132.20338983050846,-166.10169491525426,204329.0,150028.0,2089.6439081957074,5805.575901465465
1788398650.8298318,40.62212260020897,138.9830508474576,-166.10169491525426,204624.0,150685.0,2511.603784790962,5689.3677132182365
1788398650.9461014,40.73838710016571,145.76271186440675,-166.10169491525426,204956.0,151331.0,2907.495449816535,5606.665680487336
1788398651.0671902,40.859473900171,152.5423728813559,-166.10169491525426,205315.0,151928.0,2980.7506302555207,4872.045620797767
1788398651.1782143,40.97049830015749,159.32203389830505,-166.10169491525426,205670.0,152489.0,3269.445316439684,4923.287537913559
1788398651.2941196,41.08640060015023,166.1016949152542,-166.10169491525426,206108.0,153006.0,3848.711642731105,4454.952617481112
1788398651.41939,41.211667700205,172.88135593220335,-166.10169491525426,206622.0,153532.0,4229.3527727315295,4308.81869121709
1788398651.5387676,41.33104500011541,179.66101694915255,-166.10169491525426,207157.0,154004.0,4462.599060325034,3875.882849206603
1788398651.6596048,41.451879900181666,186.4406779661017,-166.10169491525426,207759.0,154484.0,5062.543141188733,3974.0099743119745
1788398651.7743127,41.56658620014787,193.22033898305085,-166.10169491525426,208384.0,154875.0,5425.671066574877,3435.9512866424943
1788398651.8902068,41.682476700050756,200.0,-166.10169491525426,209007.0,155241.0,5510.781713835306,3225.1624128511544
1788398652.014891,41.80715920007788,-200.0,-159.32203389830508,209858.0,155558.0,6902.692214276402,2522.2992256795624
1788398652.1331294,41.925396100152284,-193.22033898305085,-159.32203389830508,210673.0,155863.0,6745.058632947297,2585.150677134997
1788398652.2521017,42.04436510009691,-186.4406779661017,-159.32203389830508,211465.0,156164.0,6702.548438936132,2482.425347754123
1788398652.3700016,42.162263500038534,-179.66101694915255,-159.32203389830508,212285.0,156440.0,7039.821955059166,2316.7901986789375
1788398652.4900284,42.28228839999065,-172.8813559322034,-159.32203389830508,213118.0,156699.0,6826.499403350502,2185.1790663734
1788398652.6065834,42.39884060015902,-166.10169491525426,-159.32203389830508,213947.0,156935.0,7094.2474534209505,2066.108150094246
1788398652.7294526,42.52170810010284,-159.32203389830508,-159.32203389830508,214818.0,157153.0,7203.931676464349,1794.1176729186943
1788398652.8489187,42.64117100019939,-152.54237288135593,-159.32203389830508,215679.0,157365.0,7277.835089489495,1755.8106367887804
1788398652.9676032,42.759853600058705,-145.76271186440678,-159.32203389830508,216579.0,157551.0,7612.11231210657,1570.3308615884184
1788398653.0867186,42.87896800017916,-138.98305084745763,-159.32203389830508,217447.0,157729.0,7257.853425867656,1455.1197577534176
1788398653.2083073,43.000553200021386,-132.20338983050848,-159.32203389830508,218480.0,157891.0,8428.980365766474,1368.3409684685835
1788398653.3199515,43.112195500172675,-125.42372881355932,-159.32203389830508,219440.0,158034.0,8447.623325799153,1244.8128860288966
1788398653.4390461,43.231289400020614,-118.64406779661017,-159.32203389830508,220373.0,158174.0,7874.491629178478,1146.511760907476
1788398653.5583925,43.35063200001605,-111.86440677966102,-159.32203389830508,221391.0,158331.0,8505.758892360707,1336.8756064997315
1788398653.683612,43.475849400041625,-105.08474576271186,-159.32203389830508,222432.0,158470.0,8319.69878019161,1102.718696081431
1788398653.803953,43.596189100062475,-98.30508474576271,-159.32203389830508,223452.0,158606.0,8383.301100023493,1101.9060331261162
1788398653.9232,43.715434100013226,-91.52542372881356,-159.32203389830508,224555.0,158755.0,9328.423898972509,1240.8563865614374
1788398654.0406687,43.83290100004524,-84.74576271186442,-159.32203389830508,225464.0,158924.0,7630.155955679369,1423.937555109178
1788398654.1584592,43.950689000077546,-77.96610169491527,-159.32203389830508,226407.0,159088.0,8016.98591925407,1399.939333979174
1788398654.2741268,44.06635370012373,-71.18644067796612,-159.32203389830508,227343.0,159262.0,8062.632192822816,1499.8132038509186
1788398654.3920987,44.18432360002771,-64.40677966101697,-159.32203389830508,228285.0,159484.0,7960.734258214739,1895.412918622557
1788398654.5105984,44.30282200011425,-57.62711864406779,-159.32203389830508,229154.0,159701.0,7151.073072517638,1817.6026551456898
1788398654.6268709,44.419091100106016,-50.847457627118644,-159.32203389830508,229970.0,159938.0,7035.659961774409,2056.577527287904
1788398654.741889,44.534108200110495,-44.067796610169495,-159.32203389830508,230756.0,160220.0,6917.553154245455,2466.5806153207654
1788398654.8659933,44.65821040002629,-37.288135593220346,-159.32203389830508,231504.0,160522.0,6021.573397242455,2441.64808748215
1788398654.9887903,44.78100519999862,-30.508474576271198,-159.32203389830508,232247.0,160858.0,6077.783696327942,2727.757058660507
1788398655.104323,44.89653500006534,-23.72881355932205,-159.32203389830508,233000.0,161213.0,6394.870973851304,3083.404264139431
1788398655.221159,45.01336950017139,-16.9491525423729,-159.32203389830508,233665.0,161646.0,5695.8730744654495,3724.574099730198
1788398655.335974,45.12818240001798,-10.169491525423723,-159.32203389830508,234188.0,162072.0,4547.792078803819,3614.4423966348263
1788398655.4537137,45.245919900015,-3.3898305084745743,-159.32203389830508,234796.0,162575.0,5105.322905200381,4196.521969196125
1788398655.572898,45.36510260007344,3.3898305084745743,-159.32203389830508,235333.0,163052.0,4533.805521606319,4096.8122183189635
1788398655.6860204,45.478222800185904,10.169491525423723,-159.32203389830508,235791.0,163585.0,3955.5789380771143,4641.089105331696
1788398655.8018312,45.59403120004572,16.94915254237287,-159.32203389830508,236195.0,164119.0,3395.8556104558825,4506.733908557142
1788398655.9202266,45.71242530015297,23.72881355932202,-159.32203389830508,236566.0,164698.0,3118.2901096415126,4989.26417542642
1788398656.0401273,45.83232310018502,30.50847457627117,-159.32203389830508,236928.0,165351.0,3026.1221513678274,5500.367922546993
1788398656.1555927,45.94778690021485,37.28813559322032,-159.32203389830508,237256.0,165983.0,2853.8373222650735,5526.478624068872
1788398656.2666655,46.058857100084424,44.06779661016947,-159.32203389830508,237560.0,166624.0,2708.7175394692836,5832.7088480558095
1788398656.3872702,46.179459700128064,50.847457627118644,-159.32203389830508,237820.0,167339.0,2168.0141033936966,5979.522769037453
1788398656.5035014,46.29568800004199,57.627118644067764,-159.32203389830508,238030.0,168077.0,1716.374578032561,6153.385455286948
1788398656.622865,46.41504970006645,64.40677966101691,-159.32203389830508,238242.0,168799.0,1751.3788787958863,6000.917478107732
1788398656.7396064,46.53178940014914,71.18644067796606,-159.32203389830508,238434.0,169531.0,1662.7629199289688,6336.474911080665
1788398656.8588595,46.65104120015167,77.96610169491527,-159.32203389830508,238601.0,170301.0,1389.4018536130777,6410.594628379326
1788398656.9767148,46.76889310008846,84.74576271186442,-159.32203389830508,238786.0,171103.0,1562.0220378317708,6685.082411910971
1788398657.0969083,46.889084100024775,91.52542372881356,-159.32203389830508,238971.0,171870.0,1514.8929638452078,6372.997985831564
1788398657.2104003,47.00257550016977,98.30508474576271,-159.32203389830508,239143.0,172608.0,1521.3047614495388,6511.92647888766
1788398657.3324237,47.124595700064674,105.08474576271186,-159.32203389830508,239354.0,173389.0,1858.4009962853268,6402.191432202951
1788398657.4498944,47.24206469999626,111.86440677966101,-159.32203389830508,239555.0,174090.0,1689.5732676965551,6039.325722830239
1788398657.570142,47.36230870010331,118.64406779661016,-159.32203389830508,239798.0,174855.0,2039.5551691982114,6353.9987963482745
1788398657.6955912,47.48775640013628,125.42372881355931,-159.32203389830508,240074.0,175614.0,2412.340090733876,5804.404509505265
1788398657.8145108,47.60667450004257,132.20338983050846,-159.32203389830508,240376.0,176330.0,2598.641620140539,6033.2099152913215
1788398657.935076,47.727236500009894,138.9830508474576,-159.32203389830508,240669.0,176938.0,2441.866143627112,5023.267495461488
1788398658.0659852,47.85814380017109,145.76271186440675,-159.32203389830508,240994.0,177577.0,2475.177677446248,4829.418334821832
1788398658.184318,47.9764735000208,152.5423728813559,-159.32203389830508,241464.0,178251.0,3627.755792088216,5459.863616735783
1788398658.3019676,48.094122500158846,159.32203389830505,-159.32203389830508,241892.0,178726.0,3633.2274837210725,3956.9804278150295
1788398658.4207282,48.212881200015545,166.1016949152542,-159.32203389830508,242425.0,179237.0,4524.675771480382,4339.815477314841
1788398658.5410316,48.333181200083345,172.88135593220335,-159.32203389830508,242987.0,179749.0,4814.161495370792,4229.519492137907
1788398658.658922,48.45106980018318,179.66101694915255,-159.32203389830508,243551.0,180260.0,4822.1045288112655,4339.8940759301395
1788398658.78245,48.57459500012919,186.4406779661017,-159.32203389830508,244204.0,180682.0,5258.647553188919,3327.9363742403307
1788398658.8975708,48.689714800100774,193.22033898305085,-159.32203389830508,244808.0,181061.0,5317.261762288112,3310.74788972656
1788398659.0180984,48.81024040002376,200.0,-159.32203389830508,245569.0,181379.0,6544.825659993098,2714.822934382612
1788398659.1359563,48.9280956001021,-200.0,-152.54237288135593,246354.0,181667.0,6830.024004444767,2481.219657864701
1788398659.2537158,49.045853100018576,-193.22033898305085,-152.54237288135593,247202.0,181977.0,7217.6630667933905,2634.447019379588
1788398659.368511,49.160647300072014,-186.4406779661017,-152.54237288135593,247981.0,182251.0,6857.63817102386,2459.6062240072247
1788398659.4873903,49.279522500000894,-179.66101694915255,-152.54237288135593,248808.0,182508.0,6902.183595490514,2109.7583585689054
1788398659.6058085,49.39793980005197,-172.8813559322034,-152.54237288135593,249757.0,182731.0,8069.020049866343,1885.4520825269085
1788398659.7267919,49.51892110006884,-166.10169491525426,-152.54237288135593,250770.0,183001.0,8395.317323123756,2189.7064770621755
1788398659.8434517,49.63557859999128,-159.32203389830508,-152.54237288135593,251764.0,183218.0,8656.551978734979,1827.1927896598386
1788398659.9660337,49.75815730006434,-152.54237288135593,-152.54237288135593,252812.0,183415.0,8377.205472542162,1600.7398992118779
1788398660.0781386,49.87026060000062,-145.76271186440678,-152.54237288135593,253695.0,183585.0,7678.418711372416,1548.9879331110196
1788398660.1986473,49.990767900133505,-138.98305084745763,-152.54237288135593,254653.0,183741.0,7932.269565660585,1304.6495996152278
1788398660.3192666,50.11138390004635,-132.20338983050848,-152.54237288135593,255737.0,183927.0,8953.217438063275,1461.2075937491993
1788398660.4385135,50.23062900011428,-125.42372881355932,-152.54237288135593,256642.0,184090.0,7534.338688380703,1335.87565396821
1788398660.553789,50.34590330021456,-118.64406779661017,-152.54237288135593,257544.0,184231.0,7757.610018679368,1248.5620858466202
1788398660.6685536,50.460665200138465,-111.86440677966102,-152.54237288135593,258515.0,184348.0,8393.693433496543,1003.593780091978
1788398660.7890148,50.58112440002151,-105.08474576271186,-152.54237288135593,259550.0,184454.0,8938.598285166026,909.3182385723323
1788398660.9042842,50.69639160018414,-98.30508474576271,-152.54237288135593,260508.0,184605.0,8316.974802151444,1343.7906885572202
1788398661.0182202,50.810325800208375,-91.52542372881356,-152.54237288135593,261413.0,184765.0,7951.43876686556,1362.3094390783651
1788398661.1363895,50.928492800099775,-84.74576271186442,-152.54237288135593,262426.0,184938.0,8469.423789250806,1486.7953987399533
1788398661.2552416,51.047343800077215,-77.96610169491527,-152.54237288135593,263394.0,185123.0,7923.285611667268,1582.8885317951351
1788398661.3744237,51.16652290010825,-71.18644067796612,-152.54237288135593,264306.0,185341.0,7546.705975638536,1825.670188118544
1788398661.4886189,51.28071600012481,-64.40677966101697,-152.54237288135593,265231.0,185554.0,8201.558573777505,1851.0780244726886
1788398661.6029787,51.39507420011796,-57.62711864406779,-152.54237288135593,266083.0,185806.0,7370.299252342591,2184.4722566096348
1788398661.7177658,51.50985930021852,-50.847457627118644,-152.54237288135593,266866.0,186084.0,6755.266093780766,2415.8508972360364
1788398661.8321466,51.624237900134176,-44.067796610169495,-152.54237288135593,267622.0,186373.0,6523.078855000742,2476.182908130593
1788398661.9490654,51.74115260015242,-37.288135593220346,-152.54237288135593,268309.0,186694.0,5678.566317411609,2673.844612450506
1788398662.0681612,51.860248000128195,-30.508474576271198,-152.54237288135593,269074.0,187091.0,6364.210879766649,3355.674827513324
1788398662.1860209,51.97810559999198,-23.72881355932205,-152.54237288135593,269715.0,187462.0,5401.315995487471,3113.0737510937643
1788398662.303883,52.095964800100774,-16.9491525423729,-152.54237288135593,270216.0,187901.0,4203.745743322006,3708.6579148793717
1788398662.4233663,52.215445700101554,-10.169491525423723,-152.54237288135593,270694.0,188294.0,4079.9188357888074,3430.4250300914864
1788398662.5385504,52.33062650007196,-3.3898305084745743,-152.54237288135593,271111.0,188702.0,3624.0815660503345,3513.70344728738
1788398662.6545522,52.446628800127655,3.3898305084745743,-152.54237288135593,271550.0,189216.0,3764.146230746171,4400.596076524509
1788398662.7723694,52.56444350001402,10.169491525423723,-152.54237288135593,271949.0,189736.0,3252.5853007413803,4364.34468319818
1788398662.8896606,52.68173080007546,16.94915254237287,-152.54237288135593,272332.0,190300.0,3146.5262199493104,4809.179279354344
1788398663.0137384,52.80580800003372,23.72881355932202,-152.54237288135593,272677.0,190946.0,2692.3455871487718,5146.881469438977
1788398663.1303954,52.92246140004136,30.50847457627117,-152.54237288135593,272996.0,191597.0,2611.0856639293265,5698.579940224705
1788398663.2571537,53.04921880015172,37.28813559322032,-152.54237288135593,273294.0,192364.0,2403.9617308809175,6123.298748470262
1788398663.3729463,53.165009499993175,44.06779661016947,-152.54237288135593,273547.0,193058.0,2193.6483891465086,5919.224785589546
1788398663.4919472,53.28400810016319,50.847457627118644,-152.54237288135593,273757.0,193743.0,1720.9573082748714,5672.134801763096
1788398663.6117556,53.403813500190154,57.627118644067764,-152.54237288135593,273964.0,194527.0,1706.4095907801711,6552.964665624884
1788398663.7322485,53.524305100087076,64.40677966101691,-152.54237288135593,274173.0,195331.0,1654.0837065386704,6607.393833146364
1788398663.8523247,53.644378300057724,71.18644067796606,-152.54237288135593,274341.0,196030.0,1356.1647329797188,5827.133626867695
1788398663.9695165,53.761568900197744,77.96610169491527,-152.54237288135593,274515.0,196830.0,1432.437593976345,6900.925767206794
1788398664.095415,53.88746460014954,84.74576271186442,-152.54237288135593,274696.0,197662.0,1408.462512534955,6748.882872563327
1788398664.2131758,54.00522360019386,91.52542372881356,-152.54237288135593,274887.0,198443.0,1563.2184749296027,6609.397411544461
1788398664.3289804,54.121026600012556,98.30508474576271,-152.54237288135593,275070.0,199176.0,1582.0310200374245,6228.682130318774
1788398664.4440675,54.23611140018329,105.08474576271186,-152.54237288135593,275249.0,199917.0,1564.8284794190379,6432.172877611976
1788398664.5590055,54.35104740015231,111.86440677966101,-152.54237288135593,275488.0,200646.0,2049.445372648588,6376.052270462274
1788398664.6763356,54.468375200172886,118.64406779661016,-152.54237288135593,275708.0,201295.0,1853.0031144754175,5318.118938544449
1788398664.795918,54.5879556001164,125.42372881355931,-152.54237288135593,275971.0,201953.0,2207.9813287985535,5555.000644675725
1788398664.9116185,54.7036536000669,132.20338983050846,-152.54237288135593,276273.0,202584.0,2538.5588952438557,5376.305088855736
1788398665.0268905,54.8189234000165,138.9830508474576,-152.54237288135593,276619.0,203097.0,3035.916528850693,4362.993813917164
1788398665.1480234,54.940054200123996,145.76271186440675,-152.54237288135593,277035.0,203721.0,3599.374301811152,5015.669453150377
1788398665.2620757,55.05410480010323,152.5423728813559,-152.54237288135593,277474.0,204278.0,3890.5257467352626,4909.036024772088
1788398665.3802502,55.17227640002966,159.32203389830505,-152.54237288135593,277912.0,204743.0,3797.443646248597,3886.168965086181
1788398665.502689,55.29471190017648,166.1016949152542,-152.54237288135593,278469.0,205274.0,4668.179887802061,4400.406662880337
1788398665.6255229,55.4175442000851,172.88135593220335,-152.54237288135593,279057.0,205735.0,4706.516923864145,3671.2571938459687
1788398665.7439678,55.535987900104374,179.66101694915255,-152.54237288135593,279634.0,206166.0,4833.503702468479,3517.7165834631705
1788398665.8648555,55.6568723001983,186.4406779661017,-152.54237288135593,280271.0,206521.0,5248.235394624987,2891.348381012096
1788398665.9815824,55.77359800017439,193.22033898305085,-152.54237288135593,281026.0,206905.0,6464.657454898832,3300.330033075981
1788398666.0994558,55.89146970002912,200.0,-152.54237288135593,281820.0,207226.0,6811.385481039706,2747.8256802617475
1788398666.2199028,56.0119141000323,-200.0,-145.76271186440678,282671.0,207463.0,7034.598540373595,1961.3192956431956
1788398666.3367388,56.128747900016606,-193.22033898305085,-145.76271186440678,283506.0,207682.0,7136.14416806948,1813.2089584277169
1788398666.4553783,56.247386100003496,-186.4406779661017,-145.76271186440678,284307.0,207873.0,6609.714144697608,1616.8924386222645
1788398666.570622,56.36262720008381,-179.66101694915255,-145.76271186440678,285156.0,208075.0,7344.408283098177,1796.740487920613
1788398666.6870103,56.47901360015385,-172.8813559322034,-145.76271186440678,286064.0,208296.0,7892.147853009071,1828.8881440192254
1788398666.8031888,56.595189600018784,-166.10169491525426,-145.76271186440678,286917.0,208503.0,7118.32498439559,1806.6814681207081
1788398666.920346,56.71234460012056,-159.32203389830508,-145.76271186440678,287929.0,208694.0,8608.313442691517,1633.0884023112521
1788398667.0391011,56.831098000053316,-152.54237288135593,-145.76271186440678,288916.0,208865.0,8114.391756773196,1437.658539515251
1788398667.1566763,56.94867020007223,-145.76271186440678,-145.76271186440678,289820.0,209006.0,7672.933192211111,1186.6280401907882
1788398667.2781348,57.07012760010548,-138.98305084745763,-145.76271186440678,290691.0,209146.0,7232.207424470601,1157.8444383262372
1788398667.3913472,57.18333730008453,-132.20338983050848,-145.76271186440678,291644.0,209282.0,8039.703341324998,1168.3997935489617
1788398667.5094407,57.30142890010029,-125.42372881355932,-145.76271186440678,292618.0,209434.0,8210.421631025776,1263.141789388581
1788398667.6319976,57.423983599990606,-118.64406779661017,-145.76271186440678,293588.0,209564.0,7950.88618945951,1072.8072769238076
1788398667.751858,57.543841200182214,-111.86440677966102,-145.76271186440678,294718.0,209718.0,9500.684259536036,1258.9085911110667
1788398667.869349,57.66133020003326,-105.08474576271186,-145.76271186440678,295647.0,209860.0,7975.112558687647,1163.9845011539553
1788398667.9876783,57.77965630008839,-98.30508474576271,-145.76271186440678,296662.0,210002.0,8672.088667378568,1197.9998777615754
1788398668.1096394,57.90161680011079,-91.52542372881356,-145.76271186440678,297661.0,210194.0,8222.704506351292,1612.2950012453514
1788398668.2264972,58.01847240002826,-84.74576271186442,-145.76271186440678,298577.0,210362.0,7821.904019968723,1369.2806808412067
1788398668.3467135,58.13868660014123,-77.96610169491527,-145.76271186440678,299524.0,210563.0,7887.931897188965,1722.7523101399404
1788398668.4610538,58.25302390009165,-71.18644067796612,-145.76271186440678,300357.0,210787.0,7219.407537306026,1947.2193357619306
1788398668.5810287,58.372997800121084,-64.40677966101697,-145.76271186440678,301194.0,211067.0,7128.383581654069,2317.874403324936
1788398668.695785,58.48775180010125,-57.62711864406779,-145.76271186440678,301978.0,211345.0,6754.619921900502,2467.858428840508
1788398668.8115537,58.60351730021648,-50.847457627118644,-145.76271186440678,302770.0,211652.0,7011.768727783939,2587.789815410083
1788398668.932107,58.72406899998896,-44.067796610169495,-145.76271186440678,303564.0,212017.0,6400.808741400185,2978.9381252378066
1788398669.0504746,58.842433700105175,-37.288135593220346,-145.76271186440678,304269.0,212405.0,5868.48728704956,3276.0541738597394
1788398669.1697803,58.96173720015213,-30.508474576271198,-145.76271186440678,304920.0,212825.0,5294.6582491944655,3456.6162663134855
1788398669.2897844,59.08173910016194,-23.72881355932205,-145.76271186440678,305529.0,213265.0,5051.420643970235,3608.1576028358822
1788398669.408654,59.20060720015317,-16.9491525423729,-145.76271186440678,306067.0,213710.0,4567.480076595496,3767.7267557908376
1788398669.5312974,59.323249200126156,-10.169491525423723,-145.76271186440678,306631.0,214232.0,4590.720905444463,4298.427814086575
1788398669.6481674,59.44011740013957,-3.3898305084745743,-145.76271186440678,307099.0,214775.0,4016.53549548476,4648.3500678082055
1788398669.7631931,59.55514090019278,3.3898305084745743,-145.76271186440678,307495.0,215300.0,3366.582611902831,4569.599667125726
1788398669.8738585,59.66580420010723,10.169491525423723,-145.76271186440678,307854.0,215875.0,3211.1664929608005,5177.7684575847225
1788398669.9916546,59.78359710006043,16.94915254237287,-145.76271186440678,308202.0,216530.0,3011.610739853573,5613.357296176778
1788398670.1075258,59.89946690015495,23.72881355932202,-145.76271186440678,308486.0,217251.0,2462.3704621876627,6197.426781236364
1788398670.2254167,60.01735520013608,30.50847457627117,-145.76271186440678,308763.0,217957.0,2303.8215856677693,6021.958353270578
1788398670.3450093,60.13694650004618,37.28813559322032,-145.76271186440678,309018.0,218711.0,2140.3562835957523,6368.220547488597
1788398670.4675398,60.259473300073296,44.06779661016947,-145.76271186440678,309263.0,219488.0,2020.4189710532523,6425.296367403586
1788398670.5897706,60.38170220004395,50.847457627118644,-145.76271186440678,309458.0,220247.0,1602.838284835042,6474.386105597726
1788398670.7074203,60.49934930005111,57.627118644067764,-145.76271186440678,309654.0,221029.0,1664.2272993871582,6728.875783468077
1788398670.8277183,60.61964650009759,64.40677966101691,-145.76271186440678,309865.0,221894.0,1702.467506277555,7130.7539529949945
1788398670.942772,60.734696900006384,71.18644067796606,-145.76271186440678,310032.0,222711.0,1361.9610732764259,7245.262308177993
1788398671.0598176,60.85174190020189,77.96610169491527,-145.76271186440678,310216.0,223539.0,1563.5207250556878,7188.601034738794
1788398671.1805277,60.972449500113726,84.74576271186442,-145.76271186440678,310385.0,224308.0,1382.26132623724,6407.085518470729
1788398671.297038,61.088956400053576,91.52542372881356,-145.76271186440678,310577.0,225066.0,1671.5183324382426,6631.2694500008965
1788398671.4140313,61.20594870019704,98.30508474576271,-145.76271186440678,310745.0,225747.0,1450.0298105726747,5908.195998358227
1788398671.532187,61.32410230021924,105.08474576271186,-145.76271186440678,310976.0,226469.0,1949.1737373728206,6167.933333330432
1788398671.648684,61.440598000073805,111.86440677966101,-145.76271186440678,311227.0,227164.0,2149.390824244335,5931.230375762849
1788398671.7655053,61.557415100047365,118.64406779661016,-145.76271186440678,311540.0,227829.0,2703.787906451537,5659.090966991589
1788398671.8805559,61.6724644000642,125.42372881355931,-145.76271186440678,311857.0,228451.0,2807.742375154464,5449.781921611287
1788398671.9974608,61.78936700010672,132.20338983050846,-145.76271186440678,312212.0,229123.0,3076.522897066819,5767.359250186486
1788398672.124916,61.91682060016319,138.9830508474576,-145.76271186440678,312648.0,229789.0,3215.547308904619,5087.422111206443
1788398672.2411199,62.03302270011045,145.76271186440675,-145.76271186440678,313142.0,230339.0,4256.544548247422,4805.485811340642
1788398672.3554747,62.14737520017661,152.5423728813559,-145.76271186440678,313606.0,230902.0,4046.3554888239337,4806.191474281822
1788398672.4743197,62.26621810020879,159.32203389830505,-145.76271186440678,314140.0,231361.0,4501.352155967161,3859.5578056046556
1788398672.588376,62.38027230021544,166.1016949152542,-145.76271186440678,314721.0,231809.0,5034.53050705434,3920.944762928938
1788398672.7052178,62.497112000128254,172.88135593220335,-145.76271186440678,315364.0,232279.0,5488.124190285626,3997.0789929248836
1788398672.8213296,62.6132218001876,179.66101694915255,-145.76271186440678,315966.0,232619.0,5207.6882141206725,2911.2423696994038
1788398672.9431415,62.735031000105664,186.4406779661017,-145.76271186440678,316626.0,232990.0,5546.502471711426,3061.3253952391747
1788398673.0615127,62.85339920013212,193.22033898305085,-145.76271186440678,317350.0,233296.0,6288.409576148693,2548.1254433019308
1788398673.174486,62.96637150016613,200.0,-145.76271186440678,318114.0,233582.0,6704.148383661679,2532.887521355325
1788398673.2920878,63.0839715001639,-200.0,-138.98305084745763,318981.0,233824.0,7395.145177485523,2050.2279002956234
1788398673.4213107,63.213192200055346,-193.22033898305085,-138.98305084745763,319946.0,234057.0,7845.356570102332,1754.1864690453529
1788398673.5409195,63.332797300070524,-186.4406779661017,-138.98305084745763,320829.0,234245.0,7349.426224166796,1633.2058275926213
1788398673.656597,63.44847380020656,-179.66101694915255,-138.98305084745763,321684.0,234433.0,7387.154377137556,1559.5103685068175
1788398673.7761872,63.56806210009381,-172.8813559322034,-138.98305084745763,322578.0,234636.0,7535.781815957792,1708.6947140834527
1788398673.8963606,63.68823359999806,-166.10169491525426,-138.98305084745763,323626.0,234826.0,8304.775483381867,1557.7017251788068
1788398674.0140882,63.805958200013265,-159.32203389830508,-138.98305084745763,324573.0,235015.0,7895.150944778209,1600.735071278056
1788398674.1269498,63.91881760000251,-152.54237288135593,-138.98305084745763,325503.0,235183.0,8429.868402157934,1475.936555259975
1788398674.2454355,64.03730150009505,-145.76271186440678,-138.98305084745763,326497.0,235327.0,8307.194310207195,1190.5784948896087
1788398674.3668623,64.15872639999725,-138.98305084745763,-138.98305084745763,327487.0,235456.0,8217.355124236357,1068.4298945888709
1788398674.4868188,64.27868019999005,-132.20338983050848,-138.98305084745763,328595.0,235620.0,9018.063485202236,1332.4144679701935
1788398674.6028323,64.39469250012189,-125.42372881355932,-138.98305084745763,329502.0,235765.0,7679.46059306558,1269.2568637765942
1788398674.72279,64.51464690011926,-118.64406779661017,-138.98305084745763,330317.0,235908.0,6716.691023448294,1187.867333145602
1788398674.839871,64.63172659999691,-111.86440677966102,-138.98305084745763,331328.0,236064.0,8707.271245296988,1302.9456455810766
1788398674.9575133,64.74936510017142,-105.08474576271186,-138.98305084745763,332232.0,236221.0,7611.948840387733,1345.9598905345097
1788398675.0690973,64.8609471002128,-98.30508474576271,-138.98305084745763,333142.0,236380.0,8180.4804113342625,1407.8036056714777
1788398675.1868453,64.97869460005313,-91.52542372881356,-138.98305084745763,333940.0,236540.0,6600.3098810054225,1285.8914345828002
1788398675.3021405,65.09398630005307,-84.74576271186442,-138.98305084745763,334868.0,236723.0,8008.281023583874,1601.656204716775
1788398675.4258902,65.21773510007188,-77.96610169491527,-138.98305084745763,335795.0,236939.0,7300.70579150388,1851.7566874081442
1788398675.5451508,65.33699330012314,-71.18644067796612,-138.98305084745763,336694.0,237200.0,7619.9167887080275,2158.2423274375337
1788398675.6606581,65.45249870000407,-64.40677966101697,-138.98305084745763,337413.0,237461.0,6125.081465959828,2285.478158940234
1788398675.778897,65.57073480007239,-57.62711864406779,-138.98305084745763,338163.0,237789.0,6205.342565754524,2731.7980391514084
1788398675.898194,65.69002940016799,-50.847457627118644,-138.98305084745763,338944.0,238141.0,6551.051608786348,2963.3616002161066
1788398676.0156853,65.80751990014687,-44.067796610169495,-138.98305084745763,339702.0,238523.0,6451.833825206833,3343.0591468599655
1788398676.1300902,65.92192270001397,-37.288135593220346,-138.98305084745763,340299.0,238945.0,5240.342405773219,3676.470588343515
1788398676.24968,66.04150920012034,-30.508474576271198,-138.98305084745763,340822.0,239311.0,4566.097673555844,3089.634952765332
1788398676.3668628,66.15868970006704,-23.72881355932205,-138.98305084745763,341374.0,239718.0,4676.566147559796,3563.959501235125
1788398676.4830537,66.27487870003097,-16.9491525423729,-138.98305084745763,341870.0,240204.0,4128.26859557761,4137.401933178445
1788398676.6082466,66.40007020020857,-10.169491525423723,-138.98305084745763,342363.0,240774.0,3868.6077068340246,4536.199302261135
1788398676.730979,66.52280000015162,-3.3898305084745743,-138.98305084745763,342840.0,241343.0,3774.1308496798183,4762.5936912626275
1788398676.8466508,66.63846920011565,3.3898305084745743,-138.98305084745763,343216.0,241990.0,3283.864280771524,5654.036296094222
1788398676.9671273,66.75894380011596,10.169491525423723,-138.98305084745763,343569.0,242624.0,2860.275116915307,5224.651142353037
1788398677.0880344,66.87984830001369,16.94915254237287,-138.98305084745763,343865.0,243278.0,2469.4417727239597,5598.590011807389
1788398677.2080724,66.99988490017131,23.72881355932202,-138.98305084745763,344153.0,243989.0,2440.1299915243317,5995.225746966148
1788398677.322089,67.11389999999665,30.50847457627117,-138.98305084745763,344388.0,244627.0,2088.3192714333063,5645.854313476771
1788398677.4382012,67.23000780004077,37.28813559322032,-138.98305084745763,344590.0,245292.0,1663.990871751997,5641.111911379023
1788398677.5577319,67.34953840007074,44.06779661016947,-138.98305084745763,344781.0,245924.0,1697.17763806622,5660.3167712803115
1788398677.6729617,67.46476640016772,50.847457627118644,-138.98305084745763,344955.0,246615.0,1454.179266240906,5925.780509931691
1788398677.78861,67.58041290007532,57.627118644067764,-138.98305084745763,345112.0,247369.0,1350.6422391591198,6680.203507192403
1788398677.9057612,67.69756140001118,64.40677966101691,-138.98305084745763,345319.0,248107.0,1725.3247262486368,6347.049511070114
1788398678.0236204,67.8154182001017,71.18644067796606,-138.98305084745763,345510.0,248891.0,1631.991284107286,6820.659225426646
1788398678.140629,67.93242470012046,77.96610169491527,-138.98305084745763,345699.0,249656.0,1581.064387792468,6538.639163073936
1788398678.263512,68.05530530004762,84.74576271186442,-138.98305084745763,345901.0,250509.0,1603.411924514146,6808.069882696428
1788398678.3808045,68.17259570001625,91.52542372881356,-138.98305084745763,346135.0,251288.0,1851.7273137642435,6458.014163924054
1788398678.4949782,68.28676720010117,98.30508474576271,-138.98305084745763,346363.0,251984.0,1984.5024221880813,6128.881899222725
1788398678.6155376,68.40732420003042,105.08474576271186,-138.98305084745763,346635.0,252701.0,2313.4656244253924,5936.10171848686
1788398678.7302034,68.52198820002377,111.86440677966101,-138.98305084745763,346897.0,253321.0,2199.217850886669,5521.048998041847
1788398678.8517363,68.64351930003613,118.64406779661016,-138.98305084745763,347258.0,254020.0,2974.965317209361,5655.893364694541
1788398678.9679987,68.75977800018154,125.42372881355931,-138.98305084745763,347618.0,254665.0,3094.915601254752,5543.540003423953
1788398679.0974824,68.88926110020839,132.20338983050846,-138.98305084745763,348072.0,255327.0,3699.618988764566,5470.526656372249
1788398679.2157035,69.00747980014421,138.9830508474576,-138.98305084745763,348512.0,255954.0,3769.12099101113,5405.945834525353
1788398679.3350625,69.12683750013821,145.76271186440675,-138.98305084745763,349019.0,256508.0,4336.937746595252,4742.42379607367
1788398679.4517612,69.24353220011108,152.5423728813559,-138.98305084745763,349566.0,257006.0,4587.372641565223,4178.596861623767
1788398679.572654,69.36442280001938,159.32203389830505,-138.98305084745763,350139.0,257496.0,4660.264930721928,3976.993004789014
1788398679.6929774,69.48474510014057,166.1016949152542,-138.98305084745763,350777.0,257908.0,5361.014600552841,3397.9501409086974
1788398679.8088698,69.60063440003432,172.88135593220335,-138.98305084745763,351460.0,258331.0,5804.351246765076,3680.361516087635
1788398679.9259365,69.71769950003363,179.66101694915255,-138.98305084745763,352119.0,258689.0,5638.103010246816,3051.3158456101505
1788398680.0431316,69.8348928000778,186.4406779661017,-138.98305084745763,352896.0,259009.0,6622.173758947158,2793.4506557283835
1788398680.160013,69.95177240017802,193.22033898305085,-138.98305084745763,353639.0,259259.0,6351.068340796792,2114.024164429527
1788398680.2768354,70.06859210017137,200.0,-138.98305084745763,354447.0,259529.0,6927.674895510769,2261.365380399888
1788398680.3968859,70.18864050018601,-200.0,-132.20338983050848,355416.0,259735.0,8036.6838297740005,1711.2671254033826
1788398680.5130343,70.30478660017252,-193.22033898305085,-132.20338983050848,356329.0,259964.0,7873.101557048698,2004.5569632577906
1788398680.6318808,70.42363120010123,-186.4406779661017,-132.20338983050848,357257.0,260183.0,8144.911325618462,1932.6908230281097
1788398680.7486858,70.54043490020558,-179.66101694915255,-132.20338983050848,358217.0,260358.0,8483.614280782871,1587.1969825097058
1788398680.8651364,70.65688230004162,-172.8813559322034,-132.20338983050848,359089.0,260528.0,7524.055880015078,1463.5096759456537
1788398680.9855273,70.77727180020884,-166.10169491525426,-132.20338983050848,359993.0,260694.0,7616.824022134942,1317.4575341837071
1788398681.1071706,70.89891240000725,-159.32203389830508,-132.20338983050848,361105.0,260870.0,8702.10846024328,1419.3041321497703
1788398681.2298524,71.02159150014631,-152.54237288135593,-132.20338983050848,362188.0,261008.0,8844.870460157466,1080.3565706051324
1788398681.3471773,71.13891530013643,-145.76271186440678,-132.20338983050848,363273.0,261161.0,9204.654676332366,1308.5048314394048
1788398681.4655259,71.25726129999384,-138.98305084745763,-132.20338983050848,364221.0,261292.0,8040.094929741709,1153.695490474617
1788398681.584371,71.37610380002297,-132.20338983050848,-132.20338983050848,365329.0,261441.0,9324.085731182586,1183.7218213415392
1788398681.6997488,71.49147960008122,-125.42372881355932,-132.20338983050848,366255.0,261573.0,8067.595246638632,1174.8034033785493
1788398681.8151016,71.60683090006933,-118.64406779661017,-132.20338983050848,367252.0,261729.0,8540.874115802844,1326.7377267266554
1788398681.933565,71.72529219998978,-111.86440677966102,-132.20338983050848,368188.0,261882.0,7933.402202373469,1247.9509082385232
1788398682.0488765,71.840600800002,-105.08474576271186,-132.20338983050848,369124.0,262045.0,8000.247009545051,1425.6966861504802
1788398682.1708705,71.9625934001524,-98.30508474576271,-132.20338983050848,370025.0,262228.0,7380.245804709133,1476.0491609418266
1788398682.2928772,72.08459770004265,-91.52542372881356,-132.20338983050848,370907.0,262420.0,6619.4783708149525,1599.707272946947
1788398682.409582,72.20130020007491,-84.74576271186442,-132.20338983050848,371771.0,262652.0,7357.575453633747,1983.6600487738044
1788398682.525653,72.31736950017512,-77.96610169491527,-132.20338983050848,372553.0,262890.0,6752.469485760213,2072.808997639529
1788398682.6425316,72.43424600013532,-71.18644067796612,-132.20338983050848,373370.0,263145.0,6929.007594040084,2167.5822185544243
1788398682.761055,72.55276660015807,-64.40677966101697,-132.20338983050848,374105.0,263451.0,5991.034180701538,2603.622373267285
1788398682.878523,72.67023330018856,-57.62711864406779,-132.20338983050848,374824.0,263743.0,6104.687746025439,2472.4434906583147
1788398682.994455,72.78616320015863,-50.847457627118644,-132.20338983050848,375504.0,264107.0,5855.394387908373,3131.323737583148
1788398683.1090224,72.9007288001012,-44.067796610169495,-132.20338983050848,376152.0,264467.0,5573.472837922141,3175.689777929364
1788398683.2251382,73.01684210007079,-37.288135593220346,-132.20338983050848,376791.0,264893.0,5478.021493047395,3691.7101366188963
1788398683.3409877,73.13268920010887,-30.508474576271198,-132.20338983050848,377393.0,265354.0,5178.177186718836,3949.150838736704
1788398683.4555402,73.24724000017159,-23.72881355932205,-132.20338983050848,377937.0,265885.0,4650.992789583514,4596.16772723086
1788398683.570511,73.36220900015905,-16.9491525423729,-132.20338983050848,378415.0,266426.0,4218.357885101672,4778.316896398354
1788398683.6826682,73.47436390002258,-10.169491525423723,-132.20338983050848,378786.0,266849.0,3279.1694257485005,3774.314666673488
1788398683.7973351,73.58902830001898,-3.3898305084745743,-132.20338983050848,379169.0,267393.0,3433.147918451193,4897.957696990369
1788398683.9150186,73.7067097001709,3.3898305084745743,-132.20338983050848,379498.0,267992.0,2774.7860893052457,5131.575556183099
1788398684.0321984,73.82388680009171,10.169491525423723,-132.20338983050848,379837.0,268570.0,2833.4178752755897,4953.911252901193
1788398684.1471276,73.9388145999983,16.94915254237287,-132.20338983050848,380097.0,269168.0,2202.1236191668245,5132.1458404850255
1788398684.2694807,74.06116570020095,23.72881355932202,-132.20338983050848,380329.0,269835.0,1843.5634041539424,5377.0599287823325
1788398684.3838353,74.17551780003123,30.50847457627117,-132.20338983050848,380588.0,270610.0,2069.7801102840785,6614.097330196678
1788398684.5064375,74.29811790003441,37.28813559322032,-132.20338983050848,380792.0,271351.0,1698.5905324092978,6125.767983901616
1788398684.6175027,74.40918090008199,44.06779661016947,-132.20338983050848,380986.0,272058.0,1746.915601509513,6247.122096702497
1788398684.7284794,74.52015570015647,50.847457627118644,-132.20338983050848,381171.0,272778.0,1619.7476581258204,6460.046215449178
1788398684.8431518,74.6348262000829,57.627118644067764,-132.20338983050848,381310.0,273439.0,1240.106703736057,5823.908519767852
1788398684.9642484,74.75592040014453,64.40677966101691,-132.20338983050848,381488.0,274207.0,1448.0806403510624,6455.299240119194
1788398685.0827105,74.87438050005585,71.18644067796606,-132.20338983050848,381711.0,274930.0,1824.0251714179278,6050.424958849712
1788398685.201232,74.9928988001775,77.96610169491527,-132.20338983050848,381885.0,275615.0,1458.9773823849966,5773.636104682091
1788398685.3264,75.11806540004909,84.74576271186442,-132.20338983050848,382077.0,276386.0,1542.4073532517066,6312.913156205072
1788398685.4424512,75.23411489999853,91.52542372881356,-132.20338983050848,382286.0,277106.0,1788.3144067823118,6191.017387946887
1788398685.5613437,75.35300510004163,98.30508474576271,-132.20338983050848,382567.0,277762.0,2314.1728088002287,5582.279447182232
1788398685.6767054,75.46836420008913,105.08474576271186,-132.20338983050848,382839.0,278413.0,2379.0395626767477,5691.394646095911
1788398685.8006353,75.59229230019264,111.86440677966101,-132.20338983050848,383144.0,279088.0,2424.115474994016,5456.37141758235
1788398685.921996,75.71364970016293,118.64406779661016,-132.20338983050848,383475.0,279698.0,2795.163268003865,5148.984967375542
1788398686.0389705,75.83062330004759,125.42372881355931,-132.20338983050848,383842.0,280325.0,3098.0998900617838,5250.558825308197
1788398686.1603441,75.95199350011535,132.20338983050846,-132.20338983050848,384235.0,280823.0,3225.5287990754796,4060.166978890159
1788398686.2809105,76.07255870010704,138.9830508474576,-132.20338983050848,384670.0,281290.0,3595.7975258070705,3865.700003531088
1788398686.3972452,76.18889069999568,145.76271186440675,-132.20338983050848,385235.0,281803.0,4665.113450653486,4244.338511967094
1788398686.512938,76.30458200001158,152.5423728813559,-132.20338983050848,385785.0,282249.0,4882.259969129888,3896.6822557354435
1788398686.640396,76.43203720008023,159.32203389830505,-132.20338983050848,386409.0,282708.0,4910.7618636687275,3623.633962840697
1788398686.7604954,76.5521344000008,166.1016949152542,-132.20338983050848,387049.0,283160.0,5356.953484990009,3734.4582670319523
1788398686.878368,76.67000490007922,172.88135593220335,-132.20338983050848,387796.0,283512.0,6387.924133556294,2970.295255379117
1788398686.9998648,76.79149970016442,179.66101694915255,-132.20338983050848,388539.0,283860.0,6115.979799179828,2862.7990549352385
1788398687.1185675,76.91020080004819,186.4406779661017,-132.20338983050848,389251.0,284147.0,6133.12790647909,2332.447128070078
1788398687.2337005,77.025331400102,193.22033898305085,-132.20338983050848,390062.0,284410.0,7063.9317600895865,2318.2787629637637
1788398687.3533154,77.14494390017353,200.0,-132.20338983050848,390952.0,284640.0,7423.781190922977,1930.5341158428544
1788398687.473725,77.2653521001339,-200.0,-125.42372881355932,391900.0,284843.0,7938.369551105851,1680.4486811602244
1788398687.5943599,77.38598500005901,-193.22033898305085,-125.42372881355932,392738.0,285014.0,7041.602169133869,1404.8301725285662
1788398687.7066827,77.49830380012281,-186.4406779661017,-125.42372881355932,393688.0,285200.0,8337.248750446897,1688.08186173278
1788398687.8258915,77.61751120002009,-179.66101694915255,-125.42372881355932,394561.0,285347.0,7294.812042843138,1214.302867797563
1788398687.9425244,77.7341432000976,-172.8813559322034,-125.42372881355932,395386.0,285477.0,7052.567779988867,1091.2540938345944
1788398688.0647733,77.85638800007291,-166.10169491525426,-125.42372881355932,396315.0,285643.0,7701.7178715494365,1324.7320182380406
1788398688.1869197,77.97853260021657,-159.32203389830508,-125.42372881355932,397142.0,285788.0,6725.172471375087,1177.5593821473888
1788398688.302603,78.09421500004828,-152.54237288135593,-125.42372881355932,398061.0,285915.0,7764.820146085959,1124.9386077368351
1788398688.4242306,78.21584010007791,-145.76271186440678,-125.42372881355932,398989.0,286055.0,7694.113916775507,1126.3905508792973
1788398688.5530746,78.34468189999461,-138.98305084745763,-125.42372881355932,400087.0,286213.0,8650.95689581461,1316.049825639882
1788398688.6691341,78.46073950012214,-132.20338983050848,-125.42372881355932,400909.0,286342.0,6929.894223945934,1111.3128938009777
1788398688.7856421,78.57724540005438,-125.42372881355932,-125.42372881355932,401832.0,286462.0,7900.447178790515,1050.4003635437389
1788398688.9018455,78.69344680011272,-118.64406779661017,-125.42372881355932,402680.0,286616.0,7506.273284309908,1363.9557953439185
1788398689.0232632,78.81486180005595,-111.86440677966102,-125.42372881355932,403672.0,286799.0,8325.784809393012,1594.693749683294
1788398689.1374679,78.92906470014714,-105.08474576271186,-125.42372881355932,404507.0,286967.0,7337.161898566542,1461.9157166316795
1788398689.2538817,79.04547640006058,-98.30508474576271,-125.42372881355932,405423.0,287177.0,7843.617535365472,1810.0655850843395
1788398689.3765485,79.16814020019956,-91.52542372881356,-125.42372881355932,406285.0,287422.0,7087.522804331807,2038.4090857223848
1788398689.496657,79.28824660019018,-84.74576271186442,-125.42372881355932,407225.0,287691.0,7284.809151724426,2204.259595724734
1788398689.6117291,79.40331670013256,-77.96610169491527,-125.42372881355932,408037.0,287944.0,6936.25708204681,2183.6364887925142
1788398689.7341492,79.52573480014689,-71.18644067796612,-125.42372881355932,408850.0,288228.0,6475.993247824025,2322.0692920484553
1788398689.8530827,79.64466520003043,-64.40677966101697,-125.42372881355932,409522.0,288569.0,5753.41735706421,2830.754865776001
1788398689.9809308,79.7725113001652,-57.62711864406779,-125.42372881355932,410278.0,288956.0,5941.295436290888,3084.9033996125763
1788398690.097283,79.888862100197,-50.847457627118644,-125.42372881355932,410837.0,289305.0,4933.618745687558,3034.6752505702475
1788398690.2136707,80.00524800014682,-44.067796610169495,-125.42372881355932,411445.0,289679.0,5426.691727012433,3256.0150362074596
1788398690.329567,80.1211419000756,-37.288135593220346,-125.42372881355932,411936.0,290091.0,4195.387782077735,3509.6899940392236
1788398690.4570935,80.24866580008529,-30.508474576271198,-125.42372881355932,412460.0,290604.0,4459.992348808588,4397.427325879409
1788398690.5768502,80.36842090007849,-23.72881355932205,-125.42372881355932,412900.0,291082.0,3629.1577849568516,3970.2111671576163
1788398690.6942177,80.48578690015711,-16.9491525423729,-125.42372881355932,413253.0,291488.0,3021.8578047861797,3506.072408520464
1788398690.8078125,80.59937910013832,-10.169491525423723,-125.42372881355932,413595.0,292016.0,3053.264577719821,4719.527868609601
1788398690.9263608,80.7179243999999,-3.3898305084745743,-125.42372881355932,413971.0,292661.0,3225.7524321499136,5482.016428407776
1788398691.0445504,80.83611180004664,3.3898305084745743,-125.42372881355932,414251.0,293247.0,2302.9792349170016,4989.78834232017
1788398691.1639829,80.9555428000167,10.169491525423723,-125.42372881355932,414554.0,293922.0,2489.0859748995945,5648.98944658064
1788398691.283864,81.075422400143,16.94915254237287,-125.42372881355932,414788.0,294654.0,2092.321363539573,6332.512445402956
1788398691.3992682,81.19082300015725,23.72881355932202,-125.42372881355932,414999.0,295290.0,1718.6411659905327,5365.070306531293
1788398691.52344,81.31499440013431,30.50847457627117,-125.42372881355932,415193.0,295961.0,1587.8560772959056,5450.2086977454055
1788398691.6452854,81.43683680007234,37.28813559322032,-125.42372881355932,415382.0,296694.0,1521.9107573502918,5845.520863459075
1788398691.7702966,81.5618460001424,44.06779661016947,-125.42372881355932,415566.0,297439.0,1431.5008948302739,5564.95972865269
1788398691.8873365,81.6788834000472,50.847457627118644,-125.42372881355932,415728.0,298128.0,1415.9076314175816,6093.779679518705
1788398692.0069883,81.79853430017829,57.627118644067764,-125.42372881355932,415891.0,298951.0,1376.3695974272744,6864.088379427633
1788398692.1247604,81.91630360018462,64.40677966101691,-125.42372881355932,416077.0,299660.0,1521.4733585506622,6067.993747631464
1788398692.2435966,82.03513770014979,71.18644067796606,-125.42372881355932,416266.0,300394.0,1623.3164710410404,6175.660487656131
1788398692.3587868,82.15032660006545,77.96610169491527,-125.42372881355932,416466.0,301089.0,1744.529945149893,6060.4243407030135
1788398692.473515,82.26505340007134,84.74576271186442,-125.42372881355932,416656.0,301742.0,1618.4928795064172,5614.43292664938
1788398692.5872114,82.37874750001356,91.52542372881356,-125.42372881355932,416896.0,302335.0,2098.703500937392,5237.553912427088
1788398692.7050788,82.49661260005087,98.30508474576271,-125.42372881355932,417155.0,303031.0,2228.901910977245,5937.722499688369
1788398692.8175702,82.6091013001278,105.08474576271186,-125.42372881355932,417420.0,303615.0,2289.0029760843654,5269.378279639111
1788398692.931229,82.72275840002112,111.86440677966101,-125.42372881355932,417748.0,304193.0,2909.0370033691984,5123.240327589703
1788398693.046392,82.83791880006902,118.64406779661016,-125.42372881355932,418115.0,304751.0,3249.100775156994,4942.294136858526
1788398693.1614366,82.95296230004169,125.42372881355931,-125.42372881355932,418500.0,305332.0,3330.3232334544455,5022.93256913871
1788398693.2772167,83.06874010013416,132.20338983050846,-125.42372881355932,418955.0,305834.0,3880.917494863017,4379.6335280813955
1788398693.3912804,83.1828021002002,138.9830508474576,-125.42372881355932,419444.0,306305.0,4320.539730560238,4117.437435533902
1788398693.5027122,83.29423220013268,145.76271186440675,-125.42372881355932,419960.0,306788.0,4698.398586062179,4406.514104763727
1788398693.615613,83.40713100018911,152.5423728813559,-125.42372881355932,420548.0,307194.0,5215.307755891205,3591.324024074548
1788398693.728226,83.51974230003543,159.32203389830505,-125.42372881355932,421172.0,307587.0,5472.392392114469,3458.701154130269
1788398693.8427126,83.63422660017386,166.1016949152542,-125.42372881355932,421728.0,307889.0,4845.802895356227,2532.6177396484436
1788398693.956767,83.74827910005115,172.88135593220335,-125.42372881355932,422434.0,308259.0,6229.243502761689,3192.6019719603355
1788398694.07124,83.8627499002032,179.66101694915255,-125.42372881355932,423175.0,308558.0,6469.923165331005,2639.6548149567298
1788398694.1895726,83.98108060006052,186.4406779661017,-125.42372881355932,423933.0,308774.0,6411.528130301127,1803.5240872858303
1788398694.304891,84.096397300018,193.22033898305085,-125.42372881355932,424730.0,308993.0,6979.749551389232,1871.0498140386378
1788398694.4182446,84.20974840014242,200.0,-125.42372881355932,425479.0,309179.0,6721.992629506402,1650.0288741884615
1788398694.530979,84.32248080009595,-200.0,-118.64406779661017,426339.0,309340.0,7660.603433116681,1414.1211716388984
1788398694.6440496,84.43554950016551,-193.22033898305085,-118.64406779661017,427140.0,309500.0,7078.386648510308,1417.530310500101
1788398694.7575588,84.54905620007776,-186.4406779661017,-118.64406779661017,428039.0,309652.0,7969.443087765732,1291.3449447768548
1788398694.8726916,84.66418570000678,-179.66101694915255,-118.64406779661017,428885.0,309805.0,7317.935585202507,1303.1940083237341
1788398694.9863925,84.77788570011035,-172.8813559322034,-118.64406779661017,429781.0,309955.0,7870.737760991966,1300.9483902466059
1788398695.1014857,84.89297690009698,-166.10169491525426,-118.64406779661017,430715.0,310101.0,8094.502629443707,1332.239365799475
1788398695.2149918,85.00648119999096,-159.32203389830508,-118.64406779661017,431571.0,310219.0,7450.533384164302,1068.3433156844076
1788398695.3300285,85.12151540000923,-152.54237288135593,-118.64406779661017,432453.0,310328.0,7741.222515758367,920.9228198958717
1788398695.454031,85.2455161001999,-145.76271186440678,-118.64406779661017,433420.0,310461.0,7820.438037130928,1060.6837380823433
1788398695.5718384,85.36332060000859,-138.98305084745763,-118.64406779661017,434489.0,310613.0,8367.960918064751,1290.1353021427453
1788398695.6910799,85.4825606001541,-132.20338983050848,-118.64406779661017,435440.0,310772.0,7894.289190601809,1275.8447176730197
1788398695.8060396,85.59751860005781,-125.42372881355932,-118.64406779661017,436331.0,310902.0,7800.132431313808,1114.3046330448299
1788398695.9273937,85.71887060021982,-118.64406779661017,-118.64406779661017,437285.0,311084.0,7954.024172894576,1557.915507204596
1788398696.0461395,85.83761420007795,-111.86440677966102,-118.64406779661017,438081.0,311253.0,6767.321898342864,1485.7306443483665
1788398696.1668437,85.95831570005976,-105.08474576271186,-118.64406779661017,438939.0,311442.0,7098.07579108642,1570.6011224775575
1788398696.2828422,86.07431260007434,-98.30508474576271,-118.64406779661017,439863.0,311698.0,7721.797271174431,2262.0323770852156
1788398696.4011118,86.19258020003326,-91.52542372881356,-118.64406779661017,440700.0,311972.0,7127.368116299018,2384.6874596356265
1788398696.5190175,86.31048450013623,-84.74576271186442,-118.64406779661017,441549.0,312248.0,6976.549243281048,2307.48915540045
1788398696.6345837,86.42604800011031,-77.96610169491527,-118.64406779661017,442345.0,312520.0,6979.200889973679,2380.7131440506846
1788398696.750833,86.54229570017196,-71.18644067796612,-118.64406779661017,443108.0,312853.0,6593.044340815693,2850.307843474188
1788398696.869401,86.66086010006256,-64.40677966101697,-118.64406779661017,443830.0,313226.0,6223.039517951387,3260.5475558497105
1788398696.9903648,86.78182230005041,-57.62711864406779,-118.64406779661017,444496.0,313648.0,5484.66413826981,3462.1390373619415
1788398697.1057825,86.89723900007084,-50.847457627118644,-118.64406779661017,445114.0,314074.0,5382.9147395644595,3780.856781360751
1788398697.2232733,87.0147267000284,-44.067796610169495,-118.64406779661017,445708.0,314532.0,5050.365099092969,3924.0889884987846
1788398697.3393805,87.1308250001166,-37.288135593220346,-118.64406779661017,446241.0,315051.0,4459.085103016108,4496.244145541243
1788398697.4541845,87.24563500005752,-30.508474576271198,-118.64406779661017,446691.0,315554.0,3897.4220421239306,4426.814263302357
1788398697.570961,87.36240980005823,-23.72881355932205,-118.64406779661017,447123.0,316088.0,3702.0956944427894,4656.894097389105
1788398697.6909835,87.48242820007727,-16.9491525423729,-118.64406779661017,447510.0,316632.0,3307.8571862387694,4645.265752103501
1788398697.8073292,87.59877340006642,-10.169491525423723,-118.64406779661017,447832.0,317211.0,2720.132899011657,5012.686379115127
1788398697.925303,87.71674450021237,-3.3898305084745743,-118.64406779661017,448128.0,317777.0,2502.9857070914263,4862.943659491914
1788398698.0475397,87.83897879999131,3.3898305084745743,-118.64406779661017,448430.0,318495.0,2418.4116998167347,5763.587007227474
1788398698.1588283,87.95026600011624,10.169491525423723,-118.64406779661017,448620.0,319124.0,1725.0680004018795,5594.557548264659
1788398698.2747982,88.06623470014893,16.94915254237287,-118.64406779661017,448839.0,319833.0,1839.511251583672,5944.430448467433
1788398698.3939233,88.18535550008528,23.72881355932202,-118.64406779661017,449043.0,320621.0,1704.5024140209357,6619.601967679189
1788398698.5120256,88.30345620005392,30.50847457627117,-118.64406779661017,449244.0,321390.0,1712.4362329738194,6509.050812246036
1788398698.6280332,88.41946300002746,37.28813559322032,-118.64406779661017,449428.0,322109.0,1581.027670530517,6087.86516813475
1788398698.7465653,88.53799360012636,44.06779661016947,-118.64406779661017,449602.0,322898.0,1427.242966477336,6622.052769929006
1788398698.8614206,88.65284620015882,50.847457627118644,-118.64406779661017,449737.0,323577.0,1190.2004373763582,5877.7590830432455
1788398698.9773982,88.76882220013067,57.627118644067764,-118.64406779661017,449918.0,324330.0,1582.633957398286,6466.969791437824
1788398699.0881565,88.87957740016282,64.40677966101691,-118.64406779661017,450088.0,325031.0,1509.2863851730704,6397.855494381442
1788398699.2078145,88.99923419998959,71.18644067796606,-118.64406779661017,450291.0,325744.0,1732.7743653258517,5914.418624505076
1788398699.3254948,89.11691270000301,77.96610169491527,-118.64406779661017,450509.0,326416.0,1810.3776530672064,5698.676454728793
1788398699.4431794,89.2345944000408,84.74576271186442,-118.64406779661017,450722.0,327059.0,1821.8805134343322,5410.710469546183
1788398699.561264,89.3526775999926,91.52542372881356,-118.64406779661017,450961.0,327718.0,2023.1314332856693,5650.508055960856
1788398699.6754432,89.46685510012321,98.30508474576271,-118.64406779661017,451256.0,328317.0,2596.5470515175534,5266.49472639956
1788398699.792236,89.5836457000114,105.08474576271186,-118.64406779661017,451532.0,328916.0,2305.424067645219,5047.763180368363
1788398699.9056628,89.69707050011493,111.86440677966101,-118.64406779661017,451863.0,329439.0,2954.329752657262,4597.675677572864
1788398700.0199971,89.81140310014598,118.64406779661016,-118.64406779661017,452232.0,329943.0,3241.3337866029165,4395.028863190395
1788398700.1364992,89.92790340003558,125.42372881355931,-118.64406779661017,452731.0,330436.0,4328.869049948585,4236.961002178976
1788398700.253688,90.04508980014361,132.20338983050846,-118.64406779661017,453265.0,330919.0,4514.549166969752,4040.2934969042426
1788398700.36848,90.1598789000418,138.9830508474576,-118.64406779661017,453750.0,331328.0,4224.4679694118395,3622.275991050756
1788398700.4937887,90.28518560016528,145.76271186440675,-118.64406779661017,454363.0,331734.0,4917.159164105728,3243.780390980742
1788398700.6102028,90.40159830008633,152.5423728813559,-118.64406779661017,454958.0,332100.0,5423.634845241765,3270.8121553928195
1788398700.7281005,90.51949260011315,159.32203389830505,-118.64406779661017,455630.0,332448.0,5588.51230578612,2883.5295124104105
1788398700.8452377,90.6366290000733,166.1016949152542,-118.64406779661017,456175.0,332681.0,4775.3116434652775,1998.7573356170954
1788398700.9629242,90.75431270012632,172.88135593220335,-118.64406779661017,456962.0,333026.0,6619.478009787776,2913.2830541057906
1788398701.0858722,90.87725860020146,179.66101694915255,-118.64406779661017,457800.0,333300.0,7075.347071536788,2247.9900189313084
1788398701.2027493,90.99413310014643,186.4406779661017,-118.64406779661017,458492.0,333525.0,5804.076765770797,1922.6568446488018
1788398701.3203511,91.1117341001518,193.22033898305085,-118.64406779661017,459337.0,333795.0,7190.512819444225,2253.742824004906
1788398701.4492264,91.24060570006259,200.0,-118.64406779661017,460263.0,334029.0,7402.254325345852,1773.2673138113528
1788398701.576079,91.36745670018718,-200.0,-111.86440677966102,461242.0,334171.0,8146.832103603211,1118.3709249366016
1788398701.6886322,91.48000870016403,-193.22033898305085,-111.86440677966102,462124.0,334335.0,7794.2833890351185,1480.164393590804
1788398701.8074682,91.59884290001355,-186.4406779661017,-111.86440677966102,463143.0,334475.0,8527.898027784775,1171.704997619189
1788398701.9249215,91.71629190002568,-179.66101694915255,-111.86440677966102,464031.0,334627.0,7643.246126922909,1285.7797222860968
1788398702.045676,91.83704560017213,-172.8813559322034,-111.86440677966102,465076.0,334761.0,8635.912064965207,1132.1470085167803
1788398702.164675,91.95604290021583,-166.10169491525426,-111.86440677966102,466034.0,334918.0,8065.481064204133,1276.2959046652693
1788398702.281618,92.07298370008357,-159.32203389830508,-111.86440677966102,467039.0,335057.0,8058.4112803897615,1193.8387082058905
1788398702.3995197,92.19088280014694,-152.54237288135593,-111.86440677966102,468011.0,335215.0,8194.950066870888,1373.4553184699812
1788398702.5158126,92.30717300018296,-145.76271186440678,-111.86440677966102,469025.0,335351.0,8788.750398657749,1080.4352246283802
1788398702.6373937,92.42875330010429,-138.98305084745763,-111.86440677966102,470025.0,335498.0,7995.601548563428,1170.7225694751223
1788398702.7589946,92.55035200016573,-132.20338983050848,-111.86440677966102,471036.0,335643.0,8528.263999822124,1275.5950427084374
1788398702.87378,92.66513560013846,-125.42372881355932,-111.86440677966102,471976.0,335807.0,8254.86035767275,1444.3720227157191
1788398702.9899752,92.78132850001566,-118.64406779661017,-111.86440677966102,472853.0,335984.0,7636.034867099776,1566.8279090511332
1788398703.105849,92.89720130013302,-111.86440677966102,-111.86440677966102,473646.0,336173.0,6794.364227486961,1577.7516930942875
1788398703.22494,93.01628900016658,-105.08474576271186,-111.86440677966102,474576.0,336408.0,7857.18720115438,2030.807978627938
1788398703.3367586,93.12810600013472,-98.30508474576271,-111.86440677966102,475432.0,336644.0,7524.716009596702,2104.29012003703
1788398703.4520838,93.2434297001455,-91.52542372881356,-111.86440677966102,476191.0,336904.0,6622.821554699363,2265.944509674608
1788398703.5706341,93.36197670013644,-84.74576271186442,-111.86440677966102,476881.0,337160.0,5770.807898264059,2175.430737673675
1788398703.6894531,93.48079370008782,-77.96610169491527,-111.86440677966102,477699.0,337543.0,7079.124749478277,3282.3009490062186
1788398703.8048546,93.59619410010055,-71.18644067796612,-111.86440677966102,478399.0,337897.0,6108.541136978147,3145.171478265534
1788398703.9221263,93.71346400002949,-64.40677966101697,-111.86440677966102,479072.0,338297.0,5714.490122678248,3496.6598403242488
1788398704.0399406,93.83127460000105,-57.62711864406779,-111.86440677966102,479726.0,338740.0,5589.955272595909,3760.182679274826
1788398704.1583333,93.94966580020264,-50.847457627118644,-111.86440677966102,480362.0,339189.0,5264.235101243147,3834.222170514958
1788398704.2807336,94.0720644001849,-44.067796610169495,-111.86440677966102,480872.0,339686.0,4173.859760205681,4087.800796077728
1788398704.400799,94.19212670018896,-37.288135593220346,-111.86440677966102,481314.0,340161.0,3604.6171141044993,3978.4292592708916
1788398704.5153468,94.30667290021665,-30.508474576271198,-111.86440677966102,481737.0,340726.0,3619.884367328162,4878.974582051002
1788398704.636468,94.42779220012017,-23.72881355932205,-111.86440677966102,482157.0,341304.0,3405.161878548346,4714.839524143864
1788398704.7572534,94.5485751000233,-16.9491525423729,-111.86440677966102,482525.0,341922.0,3100.1590585672584,5234.393187907329
1788398704.8779826,94.66930320020765,-10.169491525423723,-111.86440677966102,482815.0,342612.0,2516.9442635971045,5954.061698831861
1788398704.9986105,94.78992830007337,-3.3898305084745743,-111.86440677966102,483099.0,343265.0,2303.054234242818,5428.627837858071
1788398705.1140056,94.90532190003432,3.3898305084745743,-111.86440677966102,483342.0,343961.0,2009.1425178719148,5889.1838023860255
1788398705.2314816,95.02279610000551,10.169491525423723,-111.86440677966102,483576.0,344650.0,1949.4687053925363,5830.602749005075
1788398705.3483243,95.13963650004007,16.94915254237287,-111.86440677966102,483776.0,345263.0,1651.425388801602,5205.580029918093
1788398705.4659474,95.2572581002023,23.72881355932202,-111.86440677966102,483968.0,346003.0,1622.032549215551,6238.586727752119
1788398705.583951,95.37525929999538,30.50847457627117,-111.86440677966102,484147.0,346771.0,1543.4020901040144,6552.689575529324
1788398705.6997101,95.49101690016687,37.28813559322032,-111.86440677966102,484329.0,347455.0,1622.5040386403227,5882.7101736177065
1788398705.8124363,95.60374090005644,44.06779661016947,-111.86440677966102,484471.0,348070.0,1273.5999452405104,5466.253779572409
1788398705.9288676,95.7201697002165,50.847457627118644,-111.86440677966102,484625.0,348736.0,1329.944967941159,5598.34942586042
1788398706.0501878,95.84148699999787,57.627118644067764,-111.86440677966102,484791.0,349512.0,1332.9590461310293,6399.968930099313
1788398706.1708472,95.96214399999008,64.40677966101691,-111.86440677966102,484975.0,350199.0,1520.1976598371002,5678.8993039891675
1788398706.2953637,96.08665890013799,71.18644067796606,-111.86440677966102,485191.0,350981.0,1684.2554293124808,6271.5239855303935
1788398706.4174886,96.20878190011717,77.96610169491527,-111.86440677966102,485431.0,351664.0,1973.1253329416447,5666.187349907643
1788398706.5360725,96.32736250013113,84.74576271186442,-111.86440677966102,485699.0,352330.0,2253.5631135861513,5633.907783965378
1788398706.655139,96.4464287001174,91.52542372881356,-111.86440677966102,486016.0,352966.0,2643.946473924694,5394.360591094678
1788398706.7776444,96.56893220008351,98.30508474576271,-111.86440677966102,486294.0,353521.0,2295.9924095497527,4574.656574499129
1788398706.8982022,96.68948650010861,105.08474576271186,-111.86440677966102,486688.0,354167.0,3124.722963098139,5231.2777696811545
1788398707.0157006,96.80698350002058,111.86440677966101,-111.86440677966102,487060.0,354741.0,3151.012026676698,4918.43520311292
1788398707.1375787,96.92886030022055,118.64406779661016,-111.86440677966102,487492.0,355289.0,3473.944977200058,4514.408695618888
1788398707.255484,97.04676200007088,125.42372881355931,-111.86440677966102,487989.0,355755.0,4149.040842520228,3939.3091076236005
1788398707.3749323,97.16620810003951,132.20338983050846,-111.86440677966102,488486.0,356189.0,4225.604867281157,3597.9522614716125
1788398707.495889,97.28716320008971,138.9830508474576,-111.86440677966102,489038.0,356581.0,4607.580352035188,3251.888440763296
1788398707.619371,97.41064210003242,145.76271186440675,-111.86440677966102,489652.0,356983.0,5063.125018625479,3316.3025516040793
1788398707.7417471,97.53301680018194,152.5423728813559,-111.86440677966102,490307.0,357367.0,5396.332048692567,3173.804265817583
1788398707.85783,97.64909760002047,159.32203389830505,-111.86440677966102,491061.0,357696.0,6348.537424953321,2761.023429450371
1788398707.9815102,97.7727760002017,166.1016949152542,-111.86440677966102,491795.0,358021.0,6029.685829818073,2613.158134152489
1788398708.0986953,97.88995930016972,172.88135593220335,-111.86440677966102,492590.0,358320.0,6702.430814424381,2543.5323330372153
1788398708.2131658,98.00442810007371,179.66101694915255,-111.86440677966102,493365.0,358555.0,6841.002490292415,2048.6424569859637
1788398708.3281944,98.11945510003716,186.4406779661017,-111.86440677966102,494163.0,358765.0,6935.4013100814045,1834.2311359557398
1788398708.4477134,98.23897040006705,193.22033898305085,-111.86440677966102,495071.0,358971.0,7706.652381639233,1658.6255423028551
1788398708.5606525,98.35190790006891,200.0,-111.86440677966102,495930.0,359140.0,7625.757320383119,1502.7502185822302
1788398708.6818595,98.47311380016617,-200.0,-105.08474576271186,496987.0,359315.0,8647.402800294907,1460.1782281589985
1788398708.799392,98.59064270020463,-193.22033898305085,-105.08474576271186,497884.0,359447.0,7632.856825172189,1114.0840480649395
1788398708.9123096,98.70355830015615,-186.4406779661017,-105.08474576271186,498801.0,359581.0,8129.654395307326,1153.3419730366795
1788398709.0334153,98.82466300018132,-179.66101694915255,-105.08474576271186,499655.0,359702.0,7005.617470365089,985.9757921254569
1788398709.1520276,98.94327230006456,-172.8813559322034,-105.08474576271186,500615.0,359836.0,7520.311309448629,1136.3615369314268
1788398709.273323,99.06456530001014,-166.10169491525426,-105.08474576271186,501598.0,359978.0,8143.237276332124,1185.7390466607803
1788398709.3923352,99.18357690004632,-159.32203389830508,-105.08474576271186,502502.0,360105.0,7567.449588530164,1082.3420806290187
1788398709.5119905,99.30322920018807,-152.54237288135593,-105.08474576271186,503409.0,360250.0,7670.430757478067,1188.3765962289963
1788398709.630928,99.42216590000317,-145.76271186440678,-105.08474576271186,504313.0,360399.0,7797.624115804279,1216.713557933014
1788398709.7509272,99.54216230008751,-138.98305084745763,-105.08474576271186,505193.0,360562.0,7337.7278352886,1340.4627362211677
1788398709.865605,99.65683720004745,-132.20338983050848,-105.08474576271186,506112.0,360752.0,8060.569953798298,1643.328042972546
1788398709.9848502,99.7760807001032,-125.42372881355932,-105.08474576271186,507001.0,360926.0,7262.981490077019,1424.4588394582047
1788398710.1077614,99.89898930001073,-118.64406779661017,-105.08474576271186,507836.0,361124.0,6852.782524125907,1601.8379150144308
1788398710.2236946,100.01492000021972,-111.86440677966102,-105.08474576271186,508668.0,361331.0,7123.171421353078,1764.7908656240616
1788398710.3364086,100.12763270013966,-105.08474576271186,-105.08474576271186,509530.0,361540.0,7609.734426663849,1918.8947132749383
1788398710.458596,100.24981890013441,-98.30508474576271,-105.08474576271186,510384.0,361817.0,6999.428260508644,2243.6286132075975
1788398710.5785592,100.36977970018052,-91.52542372881356,-105.08474576271186,511152.0,362104.0,6184.705392218831,2436.9322811445463
1788398710.6923347,100.48355350014754,-84.74576271186442,-105.08474576271186,511880.0,362416.0,6198.890338896515,2763.5919777123777
1788398710.8017197,100.59293640009128,-77.96610169491527,-105.08474576271186,512553.0,362712.0,6217.234780269129,2744.0264616619925
1788398710.9195914,100.71080640004948,-71.18644067796612,-105.08474576271186,513148.0,363089.0,5107.4931561840485,3221.101955642205
1788398711.0397353,100.830948300194,-64.40677966101697,-105.08474576271186,513746.0,363504.0,5187.62370281092,3449.1189852022426
1788398711.1555598,100.94677040004171,-57.62711864406779,-105.08474576271186,514353.0,363990.0,5220.380443151179,4190.755234640393
1788398711.2744448,101.06565270014107,-50.847457627118644,-105.08474576271186,514897.0,364478.0,4486.882260325072,4107.833267802522
1788398711.4031994,101.1944057000801,-44.067796610169495,-105.08474576271186,515349.0,364980.0,3486.4649864170947,3952.9638226278325
1788398711.5204973,101.3117011000868,-37.288135593220346,-105.08474576271186,515826.0,365457.0,3804.2861064482463,3988.9601892855394
1788398711.6409867,101.43218780006282,-30.508474576271198,-105.08474576271186,516179.0,365970.0,2912.263498316834,4198.875431901585
1788398711.7526922,101.54389190021902,-23.72881355932205,-105.08474576271186,516487.0,366460.0,2748.179567523948,4340.228420434373
1788398711.8671749,101.6583719002083,-16.9491525423729,-105.08474576271186,516789.0,367093.0,2547.671926526733,5473.80236387809
1788398711.9901414,101.78133680019528,-10.169491525423723,-105.08474576271186,517060.0,367713.0,2249.3021725963017,4977.371474299447
1788398712.1100173,101.9012111001648,-3.3898305084745743,-105.08474576271186,517348.0,368401.0,2405.375354248266,5762.327771715626
1788398712.2281978,102.0193900000304,3.3898305084745743,-105.08474576271186,517579.0,369129.0,1901.9483427244347,6114.6750457682765
1788398712.3462129,102.13740130001679,10.169491525423723,-105.08474576271186,517781.0,369887.0,1715.2406951367902,6365.652633288409
1788398712.4644382,102.25562460022047,16.94915254237287,-105.08474576271186,517956.0,370590.0,1489.4977106910978,6011.187189574787
1788398712.582499,102.37368499999866,23.72881355932202,-105.08474576271186,518140.0,371335.0,1585.8097806918609,6289.482859015177
1788398712.6978152,102.48899950017221,30.50847457627117,-105.08474576271186,518325.0,372081.0,1601.6919703753297,6406.767881501319
1788398712.8183513,102.6095318000298,37.28813559322032,-105.08474576271186,518494.0,372827.0,1430.0966934598173,6297.7550041180775
1788398712.9366899,102.72786860004999,44.06779661016947,-105.08474576271186,518695.0,373599.0,1708.0595368653055,6465.586623840921
1788398713.0555437,102.84672090015374,50.847457627118644,-105.08474576271186,518869.0,374322.0,1445.839640281193,6056.6575175193875
1788398713.1759992,102.96717469999567,57.627118644067764,-105.08474576271186,519098.0,375107.0,1856.866110438942,6577.555575286203
1788398713.2927828,103.08395610004663,64.40677966101691,-105.08474576271186,519313.0,375862.0,1872.6574962915506,6505.020776591702
1788398713.4087996,103.19997000019066,71.18644067796606,-105.08474576271186,519525.0,376577.0,1837.1273492021992,6018.175799110652
1788398713.5313377,103.32250670017675,77.96610169491527,-105.08474576271186,519786.0,377300.0,2090.2578502564193,5943.901952786772
1788398713.6476402,103.43880650005303,84.74576271186442,-105.08474576271186,520073.0,377934.0,2470.05980868355,5515.847843451235
1788398713.7627375,103.55390240019187,91.52542372881356,-105.08474576271186,520387.0,378550.0,2859.257416238069,5589.802279976674
1788398713.8786857,103.6698479000479,98.30508474576271,-105.08474576271186,520781.0,379140.0,3401.6436457600857,5138.653166999278
1788398713.997044,103.78820410021581,105.08474576271186,-105.08474576271186,521174.0,379769.0,3230.114988705404,5303.439485587936
1788398714.1147327,103.90589000005275,111.86440677966101,-105.08474576271186,521590.0,380347.0,3516.771802321634,4795.597912256773
1788398714.2360506,104.02720650006086,118.64406779661016,-105.08474576271186,522119.0,380918.0,4333.239291639774,4614.504316654931
1788398714.3538733,104.14502730011009,125.42372881355931,-105.08474576271186,522585.0,381386.0,3951.333198073033,4031.9726510949317
1788398714.4719048,104.26305790012702,132.20338983050846,-105.08474576271186,523106.0,381803.0,4168.006923741525,3497.501462096149
1788398714.589654,104.380803800188,138.9830508474576,-105.08474576271186,523704.0,382206.0,5188.876019333291,3394.5053459809587
1788398714.7008734,104.49202180001885,145.76271186440675,-105.08474576271186,524333.0,382538.0,5704.902507111662,3042.614670459553
1788398714.8261745,104.6173208002001,152.5423728813559,-105.08474576271186,524991.0,382882.0,5383.257039983022,2631.6240625394707
1788398714.9448571,104.7360001001507,159.32203389830505,-105.08474576271186,525763.0,383216.0,6182.332504000223,2659.94629026735
1788398715.0646303,104.85577180003747,166.1016949152542,-105.08474576271186,526519.0,383509.0,6339.745093960765,2363.0760572760573
1788398715.1891723,104.98031140002422,172.88135593220335,-105.08474576271186,527313.0,383780.0,6419.431063226571,2168.040042461744
1788398715.3102534,105.10139110009186,179.66101694915255,-105.08474576271186,528171.0,384004.0,6852.85136487117,1867.2619522809728
1788398715.4264066,105.21754240011796,186.4406779661017,-105.08474576271186,529114.0,384246.0,8188.780723981373,2139.7365287580874
1788398715.5447874,105.33591990009882,193.22033898305085,-105.08474576271186,529972.0,384442.0,7260.678731865706,1611.516499023852
1788398715.6617217,105.45285380003043,200.0,-105.08474576271186,530807.0,384613.0,6880.147116500924,1455.589600205846
1788398715.7832918,105.57441990007646,-200.0,-98.30508474576271,531818.0,384782.0,8322.481129689872,1431.2547165708697
1788398715.900859,105.69198540016077,-193.22033898305085,-98.30508474576271,532706.0,384940.0,7533.190042067134,1364.7734045222935
1788398716.021069,105.81219430011697,-186.4406779661017,-98.30508474576271,533652.0,385093.0,7849.410852767658,1248.1705947290118
1788398716.139346,105.93046930013224,-179.66101694915255,-98.30508474576271,534659.0,385224.0,8766.829850661832,1118.7795416116564
1788398716.2561607,106.04728210018948,-172.8813559322034,-98.30508474576271,535499.0,385335.0,7171.256951486973,957.9581695494459
1788398716.3746796,106.16579880006611,-166.10169491525426,-98.30508474576271,536494.0,385471.0,8207.59665249095,1110.8025544724596
1788398716.4908347,106.28195259999484,-159.32203389830508,-98.30508474576271,537517.0,385607.0,8896.36733986404,1166.7367003100383
1788398716.6106114,106.40172680001706,-152.54237288135593,-98.30508474576271,538523.0,385767.0,8518.569293417275,1389.0971525982814
1788398716.7247508,106.5158641000744,-145.76271186440678,-98.30508474576271,539419.0,385917.0,7779.516754669912,1321.0500149439474
1788398716.8431396,106.6342505000066,-138.98305084745763,-98.30508474576271,540386.0,386067.0,8404.830299832647,1262.4902656261224
1788398716.9620597,106.75316860014573,-132.20338983050848,-98.30508474576271,541292.0,386265.0,7358.67871047867,1617.4873494047317
1788398717.079076,106.87018140009604,-125.42372881355932,-98.30508474576271,542182.0,386469.0,7538.279484128104,1743.7947722320432
1788398717.1896405,106.98074450017884,-118.64406779661017,-98.30508474576271,542913.0,386659.0,6735.7125110088755,1727.1057720535578
1788398717.307621,107.0987243000418,-111.86440677966102,-98.30508474576271,543751.0,386907.0,7220.8642548175085,2054.1340550971545
1788398717.423327,107.21442690002732,-105.08474576271186,-98.30508474576271,544484.0,387169.0,6171.952974592116,2226.993341347671
1788398717.5402827,107.33138089999557,-98.30508474576271,-98.30508474576271,545207.0,387452.0,6183.84395252406,2426.45707068294
1788398717.6583998,107.44949650019407,-91.52542372881356,-98.30508474576271,546000.0,387784.0,6723.859984326518,2844.363795243882
1788398717.7797215,107.57081540022045,-84.74576271186442,-98.30508474576271,546757.0,388145.0,6357.441867043337,3037.444447587372
1788398717.8945274,107.68562050000764,-77.96610169491527,-98.30508474576271,547424.0,388495.0,5878.765775601933,3026.2386807530943
1788398718.0153136,107.80640410003252,-71.18644067796612,-98.30508474576271,548015.0,388860.0,4890.379069373749,3074.9452763024997
1788398718.1309967,107.92208430008031,-64.40677966101697,-98.30508474576271,548555.0,389269.0,4674.7389946544945,3638.9634919173222
1788398718.2529955,108.04408110002987,-57.62711864406779,-98.30508474576271,549069.0,389733.0,4290.364890244534,3852.572554505296
1788398718.3684902,108.15957440016791,-50.847457627118644,-98.30508474576271,549579.0,390217.0,4339.602256700738,4083.2544440686265
1788398718.4865396,108.27762190019712,-44.067796610169495,-98.30508474576271,549989.0,390714.0,3608.8344252290917,4375.154821697492
1788398718.6055508,108.39663040009327,-37.288135593220346,-98.30508474576271,550456.0,391259.0,3684.413098949985,4516.377347099981
1788398718.7216134,108.5126903001219,-30.508474576271198,-98.30508474576271,550772.0,391840.0,2671.62208669864,5106.17190631822
1788398718.840853,108.63192960014567,-23.72881355932205,-98.30508474576271,551134.0,392438.0,3027.8723622966236,5081.8676490007665
1788398718.9636562,108.75472930003889,-16.9491525423729,-98.30508474576271,551414.0,393131.0,2473.8994385942538,5917.050522906406
1788398719.0797794,108.87085100007243,-10.169491525423723,-98.30508474576271,551657.0,393778.0,2065.679548750189,5571.89878281301
1788398719.1972618,108.98833170020953,-3.3898305084745743,-98.30508474576271,551912.0,394448.0,2149.8152480423914,5723.883097912867
1788398719.3149886,109.10605620010756,3.3898305084745743,-98.30508474576271,552112.0,395123.0,1711.3652573541024,5716.497561214227
1788398719.4325552,109.22362010017969,10.169491525423723,-98.30508474576271,552317.0,395886.0,1731.71477082242,6509.796887175379
1788398719.55349,109.34455270017497,16.94915254237287,-98.30508474576271,552502.0,396701.0,1511.3258244191654,6896.509796487456
1788398719.6769786,109.46804060018621,23.72881355932202,-98.30508474576271,552708.0,397497.0,1609.8738933204045,6439.495573281618
1788398719.796559,109.58761829999276,30.50847457627117,-98.30508474576271,552871.0,398191.0,1385.7332464160386,5713.900074507692
1788398719.9153485,109.70640520006418,37.28813559322032,-98.30508474576271,553061.0,398963.0,1605.6405623245062,6501.96205732506
1788398720.0334463,109.82450109999627,44.06779661016947,-98.30508474576271,553258.0,399674.0,1699.602772588919,6050.941808169972
1788398720.1682332,109.95928600011393,50.847457627118644,-98.30508474576271,553463.0,400465.0,1528.6441387550947,5833.805182595974
1788398720.281318,110.07236790005118,57.627118644067764,-98.30508474576271,553654.0,401132.0,1561.4714868474473,5703.578484891873
1788398720.3976593,110.18870680010878,64.40677966101691,-98.30508474576271,553874.0,401832.0,1869.4222158447817,6132.066108978776
1788398720.5184271,110.30947350012138,71.18644067796606,-98.30508474576271,554117.0,402555.0,2038.1963284983044,5911.651688718026
1788398720.6516333,110.44267680007033,77.96610169491527,-98.30508474576271,554416.0,403233.0,2536.8484101935924,5559.086588402565
1788398720.7685437,110.55958530004136,84.74576271186442,-98.30508474576271,554705.0,403860.0,2487.019464211427,5378.067361236986
1788398720.8828819,110.67392120021395,91.52542372881356,-98.30508474576271,555080.0,404499.0,3341.846863347008,5572.830503420772
1788398721.001133,110.79217080003582,98.30508474576271,-98.30508474576271,555441.0,405034.0,3093.4075776011496,4488.996628415462
1788398721.1220524,110.91308870003559,105.08474576271186,-98.30508474576271,555847.0,405539.0,3215.7957063856925,4120.787394248333
1788398721.241094,111.03212720016018,111.86440677966101,-98.30508474576271,556326.0,406056.0,4072.0874786328186,4320.493686479701
1788398721.3556626,111.14669420011342,118.64406779661016,-98.30508474576271,556844.0,406503.0,4511.602898749799,3831.6464537243714
1788398721.4792743,111.27030279999599,125.42372881355931,-98.30508474576271,557399.0,406945.0,4530.924893574322,3606.97158194348
1788398721.5964584,111.3874867002014,132.20338983050846,-98.30508474576271,557978.0,407385.0,4884.225428493172,3778.3630673249068
1788398721.710638,111.50166410021484,138.9830508474576,-98.30508474576271,558596.0,407785.0,5429.494071634667,3558.519763165965
1788398721.8288054,111.61982940020971,145.76271186440675,-98.30508474576271,559263.0,408133.0,5624.790958627341,2909.9864896368576
1788398721.9422734,111.7332951000426,152.5423728813559,-98.30508474576271,559963.0,408411.0,6172.593497626341,2483.8664524982873
1788398722.0606854,111.85170540004037,159.32203389830505,-98.30508474576271,560664.0,408720.0,5954.328644845133,2719.081966299248
1788398722.1744473,111.96546540013514,166.1016949152542,-98.30508474576271,561423.0,408971.0,6727.895735305634,2126.051867107526
1788398722.2932305,112.08424680004828,172.88135593220335,-98.30508474576271,562266.0,409206.0,7020.371401570621,1988.2254846553387
1788398722.4071512,112.19816350005567,179.66101694915255,-98.30508474576271,563073.0,409417.0,7140.018654511531,1875.5315581421708
1788398722.525619,112.3166298000142,186.4406779661017,-98.30508474576271,563817.0,409575.0,6204.070295433018,1317.3635634491918
1788398722.641723,112.43273260002024,193.22033898305085,-98.30508474576271,564728.0,409739.0,7782.502129271057,1410.0700722024217
1788398722.7627804,112.55378810013644,200.0,-98.30508474576271,565628.0,409889.0,7402.358751588237,1233.7264585980397
1788398722.882851,112.67385540017858,-200.0,-91.52542372881356,566586.0,410055.0,8063.66533583847,1366.8784243912764
1788398723.0035021,112.79450389998965,-193.22033898305085,-91.52542372881356,567477.0,410188.0,7319.669946213445,1068.1814993277992
1788398723.1257544,112.91675490001217,-186.4406779661017,-91.52542372881356,568404.0,410323.0,7673.813613360963,1107.3823478130814
1788398723.259691,113.05068830004893,-179.66101694915255,-91.52542372881356,569493.0,410473.0,8183.437800704468,1144.7869273116632
1788398723.3723638,113.16335970000364,-172.8813559322034,-91.52542372881356,570432.0,410613.0,8407.6289269175,1288.4174082636437
1788398723.490554,113.2815491000656,-166.10169491525426,-91.52542372881356,571362.0,410772.0,7917.190465411914,1328.447499263936
1788398723.608852,113.39984450000338,-159.32203389830508,-91.52542372881356,572246.0,410897.0,7487.230623695652,1095.6922863944856
1788398723.7223306,113.51332100015134,-152.54237288135593,-91.52542372881356,572986.0,411064.0,6728.282607148021,1513.6328498933822
1788398723.8397791,113.63076820014976,-145.76271186440678,-91.52542372881356,573805.0,411215.0,7050.194886150549,1313.5344084463
1788398723.955345,113.74633050011471,-138.98305084745763,-91.52542372881356,574600.0,411406.0,7092.218141550876,1637.3733193204357
1788398724.0781567,113.86914030020125,-132.20338983050848,-91.52542372881356,575536.0,411635.0,7874.186201332596,1803.9372740739052
1788398724.195717,113.98669930011965,-125.42372881355932,-91.52542372881356,576254.0,411801.0,5951.081211431104,1413.9410998588187
1788398724.3181415,114.10912210005336,-118.64406779661017,-91.52542372881356,577060.0,412020.0,6505.001205252513,1787.3715332794222
1788398724.4317517,114.2227285001427,-111.86440677966102,-91.52542372881356,577777.0,412261.0,6345.084034004683,2111.953842713768
1788398724.5501592,114.34113449999131,-105.08474576271186,-91.52542372881356,578505.0,412571.0,6257.443144872455,2658.5090817810724
1788398724.6681178,114.45909140002914,-98.30508474576271,-91.52542372881356,579193.0,412877.0,5945.771304591129,2633.515144042646
1788398724.786376,114.577348300023,-91.52542372881356,-91.52542372881356,579891.0,413202.0,5926.582116411501,2707.7576386630462
1788398724.9016256,114.69259480014443,-84.74576271186442,-91.52542372881356,580503.0,413610.0,5210.004688959412,3531.737691807885
1788398725.0203538,114.81132070021704,-77.96610169491527,-91.52542372881356,581077.0,413982.0,4789.105135677433,3198.693355545748
1788398725.1434913,114.93445749999955,-71.18644067796612,-91.52542372881356,581675.0,414420.0,4872.039365583774,3567.028821230978
1788398725.2621343,115.05309760011733,-64.40677966101697,-91.52542372881356,582200.0,414869.0,4348.184284057111,3853.864386501144
1788398725.3896172,115.18057710002176,-57.62711864406779,-91.52542372881356,582781.0,415395.0,4902.408379953854,4175.468981841347
1788398725.5127037,115.30366239999421,-50.847457627118644,-91.52542372881356,583188.0,415911.0,3337.8808383349087,4193.747719959244
1788398725.632725,115.42368120001629,-44.067796610169495,-91.52542372881356,583563.0,416414.0,3149.376951563851,4187.032941385467
1788398725.7571206,115.5480742000509,-37.288135593220346,-91.52542372881356,583936.0,417024.0,3134.5622794368082,4952.081584320335
1788398725.873589,115.6645414000377,-30.508474576271198,-91.52542372881356,584244.0,417602.0,2588.2220503557382,4894.918193479799
1788398725.98928,115.78023180016316,-23.72881355932205,-91.52542372881356,584528.0,418229.0,2472.9520859619965,5527.775250973875
1788398726.102529,115.89347710018046,-16.9491525423729,-91.52542372881356,584751.0,418873.0,1940.4770399274933,5605.822559790536
1788398726.2159173,116.00686409999616,-10.169491525423723,-91.52542372881356,584979.0,419578.0,1944.3686243663312,6141.587433695575
1788398726.3339157,116.1248598000966,-3.3898305084745743,-91.52542372881356,585195.0,420277.0,1858.1037114816686,5960.294031032985
1788398726.4571857,116.24812820018269,3.3898305084745743,-91.52542372881356,585390.0,420977.0,1692.2675200130477,5822.855982840594
1788398726.575147,116.36608700011857,10.169491525423723,-91.52542372881356,585562.0,421577.0,1475.9725108687637,5232.993447625618
1788398726.6936696,116.48460770002566,16.94915254237287,-91.52542372881356,585718.0,422227.0,1311.3010956044423,5441.453525977618
1788398726.8278124,116.61874830001034,23.72881355932202,-91.52542372881356,585933.0,423057.0,1886.5563087977532,6902.035276089341
1788398726.947325,116.73825819999911,30.50847457627117,-91.52542372881356,586095.0,423771.0,1372.2404541667554,6034.339433066629
1788398727.0669794,116.85791180003434,37.28813559322032,-91.52542372881356,586277.0,424562.0,1495.2086967589007,6564.762443758014
1788398727.182417,116.9733476000838,44.06779661016947,-91.52542372881356,586458.0,425317.0,1571.1894995811178,6494.858919780086
1788398727.2997475,117.09067589999177,50.847457627118644,-91.52542372881356,586678.0,426095.0,1903.8667981657118,6798.197542718542
1788398727.4133017,117.20422730012797,57.627118644067764,-91.52542372881356,586900.0,426828.0,1963.8811801739862,6371.08871126866
1788398727.532725,117.32364870002493,64.40677966101691,-91.52542372881356,587156.0,427529.0,2162.2609878646867,5897.874483159369
1788398727.6460695,117.43699170020409,71.18644067796606,-91.52542372881356,587406.0,428124.0,2248.022442779978,5254.752459998199
1788398727.7662947,117.5572150000371,77.96610169491527,-91.52542372881356,587712.0,428803.0,2605.208803352197,5649.095377715588
1788398727.8849268,117.67584440018982,84.74576271186442,-91.52542372881356,588058.0,429376.0,2854.316229419673,4862.9091316038875
1788398728.000525,117.79144090018235,91.52542372881356,-91.52542372881356,588409.0,429930.0,3033.443948263382,4884.669560194509
1788398728.1215155,117.91242970013991,98.30508474576271,-91.52542372881356,588828.0,430434.0,3471.655666493065,4105.23282562805
1788398728.2467422,118.03765260009095,105.08474576271186,-91.52542372881356,589309.0,430959.0,3907.498848733685,4342.6521296153915
1788398728.3625298,118.15343910013326,111.86440677966101,-91.52542372881356,589782.0,431481.0,4098.059013320007,4434.263411308566
1788398728.4806888,118.27159630018286,118.64406779661016,-91.52542372881356,590288.0,431949.0,4297.501463817452,3940.1208847058133
1788398728.5951128,118.38601730018854,125.42372881355931,-91.52542372881356,590836.0,432329.0,4730.660664623595,3258.0814694100245
1788398728.7146018,118.50550390011631,132.20338983050846,-91.52542372881356,591498.0,432739.0,5582.61201681876,3464.763965993865
1788398728.8324275,118.62332850019448,138.9830508474576,-91.52542372881356,592166.0,433078.0,5767.565323868281,2839.0034280531754
1788398728.9504483,118.74134780000895,145.76271186440675,-91.52542372881356,592850.0,433380.0,5812.330829344162,2596.0563003015845
1788398729.0715103,118.86240610014647,152.5423728813559,-91.52542372881356,593656.0,433671.0,6904.880424267512,2461.4193234705285
1788398729.1900861,118.98098039999604,159.32203389830505,-91.52542372881356,594507.0,433959.0,7139.999110016173,2445.205174663073
1788398729.3106527,119.10154610010795,166.1016949152542,-91.52542372881356,595309.0,434221.0,6763.001466769517,2146.289325593953
1788398729.4249427,119.21583380014636,172.88135593220335,-91.52542372881356,596238.0,434438.0,8085.311563724062,1899.1723855497796
1788398729.5438013,119.33469000016339,179.66101694915255,-91.52542372881356,597153.0,434659.0,7622.159901227862,1854.7550165212645
1788398729.6573992,119.4482853000518,186.4406779661017,-91.52542372881356,598162.0,434831.0,8814.864433881901,1508.1755301328228
1788398729.7696648,119.56054970016703,193.22033898305085,-91.52542372881356,599032.0,434984.0,7794.785922795466,1363.850756843921
1788398729.8914008,119.68228330020793,200.0,-91.52542372881356,600058.0,435178.0,8654.948367177023,1576.8483207344013
1788398730.0111327,119.80201210011728,-200.0,-84.74576271186442,600979.0,435324.0,7476.516366359192,1211.1774381556304
1788398730.1263082,119.91718710004352,-193.22033898305085,-84.74576271186442,602042.0,435453.0,9279.393874606736,1130.7217108030363
1788398730.2428966,120.03377220011316,-186.4406779661017,-84.74576271186442,602994.0,435598.0,7904.839036649652,1172.797380437507
1788398730.3653247,120.15619750018232,-179.66101694915255,-84.74576271186442,603914.0,435740.0,7833.636895940197,1175.9296920542283
1788398730.4808578,120.27172950003296,-172.8813559322034,-84.74576271186442,604742.0,435879.0,7048.104475611774,1166.9047145052607
1788398730.6032512,120.3941215001978,-166.10169491525426,-84.74576271186442,605754.0,436049.0,8345.876597351562,1380.9102953218717
1788398730.7233117,120.51417870004661,-159.32203389830508,-84.74576271186442,606758.0,436224.0,8133.119767558858,1494.9279222646478
1788398730.8425398,120.6334048002027,-152.54237288135593,-84.74576271186442,607513.0,436385.0,6331.204338686758,1381.3536738952926
1788398730.9627397,120.75360370008275,-145.76271186440678,-84.74576271186442,608275.0,436552.0,6234.512229560906,1365.9886345667155
1788398731.0807893,120.87165000010282,-138.98305084745763,-84.74576271186442,609104.0,436759.0,7111.972944289155,1780.275640739904
1788398731.1985476,120.98940760013647,-132.20338983050848,-84.74576271186442,609842.0,436981.0,6308.545034379727,1894.3506335531195
1788398731.3140016,121.10486010019667,-125.42372881355932,-84.74576271186442,610581.0,437205.0,6385.429601868068,1931.9552630651967
1788398731.4293606,121.22021460020915,-118.64406779661017,-84.74576271186442,611372.0,437474.0,6843.661273259419,2336.1895912732957
1788398731.5483265,121.33917950000614,-111.86440677966102,-84.74576271186442,612119.0,437763.0,6301.551337767236,2422.964914960209
1788398731.660781,121.45163240004331,-105.08474576271186,-84.74576271186442,612807.0,438068.0,6239.307067355647,2785.5729893473176
1788398731.7815406,121.57239049999043,-98.30508474576271,-84.74576271186442,613558.0,438404.0,6196.450091285693,2732.7041132917243
1788398731.892668,121.68351490003988,-91.52542372881356,-84.74576271186442,614193.0,438778.0,5628.7343694317115,3282.6400440215193
1788398732.0068023,121.79764810018241,-84.74576271186442,-84.74576271186442,614808.0,439124.0,5354.806531030715,3027.029808778531
1788398732.127677,121.91851980006322,-77.96610169491527,-84.74576271186442,615445.0,439618.0,5232.825675446824,4110.879801984188
1788398732.252484,122.04332550009713,-71.18644067796612,-84.74576271186442,616019.0,440125.0,4902.043046024841,4071.787106698111
1788398732.3717422,122.16258050012402,-64.40677966101697,-84.74576271186442,616512.0,440649.0,4069.9146246598502,4368.785245045238
1788398732.4944704,122.28530780016445,-57.62711864406779,-84.74576271186442,616972.0,441194.0,3691.1417760090767,4413.882823059805
1788398732.6083465,122.39918180019595,-50.847457627118644,-84.74576271186442,617392.0,441797.0,3604.500792387981,5044.443119244004
1788398732.7234607,122.51429360010661,-44.067796610169495,-84.74576271186442,617709.0,442333.0,2763.7217858408344,4581.959802841384
1788398732.84128,122.6321111000143,-37.288135593220346,-84.74576271186442,617998.0,442912.0,2429.3140832398176,4894.222512021611
1788398732.9560676,122.74689640011638,-30.508474576271198,-84.74576271186442,618314.0,443571.0,2771.760141240944,5844.402139919228
1788398733.0756626,122.86648990004323,-23.72881355932205,-84.74576271186442,618566.0,444190.0,2093.8060135318046,5151.288434965277
1788398733.1934266,122.9842515999917,-16.9491525423729,-84.74576271186442,618793.0,444859.0,1915.9293871101193,5674.09856951843
1788398733.3099012,123.10072430013679,-10.169491525423723,-84.74576271186442,619019.0,445551.0,1977.935633221304,6024.123595244794
1788398733.425932,123.21675310004503,-3.3898305084745743,-84.74576271186442,619220.0,446240.0,1717.195909276351,5838.466091539593
1788398733.5436468,123.33446590020321,3.3898305084745743,-84.74576271186442,619394.0,446932.0,1475.3890001784564,5928.219657343557
1788398733.661317,123.45213350001723,10.169491525423723,-84.74576271186442,619578.0,447614.0,1556.1123805125403,5896.353538207156
1788398733.7719789,123.56279350002296,16.94915254237287,-84.74576271186442,619723.0,448266.0,1316.375140496204,5975.77491836766
1788398733.8948543,123.68566730013117,23.72881355932202,-84.74576271186442,619893.0,449035.0,1392.5625273283433,6283.513842823012
1788398734.0093896,123.80019980017096,30.50847457627117,-84.74576271186442,620075.0,449783.0,1629.0401093926523,6534.464259024459
1788398734.1302,123.92100850003771,37.28813559322032,-84.74576271186442,620246.0,450498.0,1423.97762092205,5912.210881802941
1788398734.2494447,124.04025040008128,44.06779661016947,-84.74576271186442,620442.0,451128.0,1656.3255870030503,5354.5763685654165
1788398734.3804514,124.17125500016846,50.847457627118644,-84.74576271186442,620649.0,451805.0,1568.5810024447799,5129.900115138285
1788398734.500473,124.29127550008707,57.627118644067764,-84.74576271186442,620924.0,452603.0,2112.5124133387853,6064.671053293429
1788398734.6186836,124.40948370005935,64.40677966101691,-84.74576271186442,621179.0,453224.0,2031.0899283891301,5166.80771256884
1788398734.7349203,124.52571800001897,71.18644067796606,-84.74576271186442,621430.0,453779.0,2159.988550716232,4904.974000584777
1788398734.8526177,124.64341390016489,77.96610169491527,-84.74576271186442,621741.0,454401.0,2644.559578140318,5244.4475417850235
1788398734.9776242,124.76841710018925,84.74576271186442,-84.74576271186442,622106.0,455011.0,2839.3943594258462,4711.020866442883
1788398735.09541,124.8862016000785,91.52542372881356,-84.74576271186442,622517.0,455604.0,3504.9015291677692,4981.5859297816005
1788398735.2125201,125.00330980005674,98.30508474576271,-84.74576271186442,622977.0,456155.0,3891.607910436646,4576.24263542087
1788398735.3298416,125.12062830012292,105.08474576271186,-84.74576271186442,623404.0,456599.0,3659.2414157419967,3802.3902241817814
1788398735.4475856,125.23837040015496,111.86440677966101,-84.74576271186442,623915.0,457024.0,4274.723445341516,3600.2468249678013
1788398735.563089,125.35387150011957,118.64406779661016,-84.74576271186442,624428.0,457420.0,4402.385324376783,3379.424419127406
1788398735.690911,125.48169250017963,125.42372881355931,-84.74576271186442,625140.0,457811.0,5564.886235826543,3025.487848092443
1788398735.8110623,125.60184200014919,132.20338983050846,-84.74576271186442,625812.0,458161.0,5583.605062900346,2866.30903542922
1788398735.9239547,125.7147302001249,138.9830508474576,-84.74576271186442,626434.0,458476.0,5531.957296224838,2821.8570046399423
1788398736.0450785,125.8358529000543,145.76271186440675,-84.74576271186442,627236.0,458767.0,6552.642485762639,2371.599827286746
1788398736.1557004,125.94647429999895,152.5423728813559,-84.74576271186442,627974.0,459006.0,6731.59512182626,2183.2200395112195
1788398736.2838438,126.07461500004865,159.32203389830505,-84.74576271186442,628765.0,459223.0,6190.494583553782,1701.769427351438
1788398736.406677,126.19744450016879,166.1016949152542,-84.74576271186442,629576.0,459469.0,6669.644553470839,1993.0261575247068
1788398736.5209167,126.311682500178,172.88135593220335,-84.74576271186442,630355.0,459664.0,6884.124372328147,1693.1224807617875
1788398736.6375098,126.42827390017919,179.66101694915255,-84.74576271186442,631198.0,459842.0,7223.542282561946,1572.3459513899243
1788398736.7587898,126.54955180012621,186.4406779661017,-84.74576271186442,632144.0,459999.0,7919.51886552443,1315.5636399276007
1788398736.8761349,126.66689590015449,193.22033898305085,-84.74576271186442,633098.0,460175.0,8137.047666230339,1474.5589141014095
1788398736.9926255,126.78338340017945,200.0,-84.74576271186442,634019.0,460338.0,7887.46728683863,1381.2154695846448
1788398737.1104362,126.90119110001251,-200.0,-77.96610169491527,634955.0,460465.0,7821.999654879233,1005.8139625103033
1788398737.2326636,127.02341810008511,-193.22033898305085,-77.96610169491527,635847.0,460628.0,7136.048550556933,1323.4126402851039
1788398737.3497553,127.14050570013933,-186.4406779661017,-77.96610169491527,636697.0,460764.0,7067.719783167951,1158.345879955823
1788398737.471501,127.26225030003116,-179.66101694915255,-77.96610169491527,637647.0,460930.0,7812.678113028343,1341.5709891058773
1788398737.583278,127.37402600003406,-172.8813559322034,-77.96610169491527,638459.0,461052.0,7254.6062929821255,1025.5202613116094
1788398737.6995955,127.4903423001524,-166.10169491525426,-77.96610169491527,639305.0,461214.0,7304.5221677088075,1446.3499684504363
1788398737.8160148,127.60675790021196,-159.32203389830508,-77.96610169491527,640237.0,461394.0,7891.417066791074,1620.889655737603
1788398737.93661,127.72735110018402,-152.54237288135593,-77.96610169491527,641202.0,461579.0,7980.435730613651,1507.2220320918796
1788398738.0548015,127.84554080013186,-145.76271186440678,-77.96610169491527,642072.0,461753.0,7264.496561751507,1449.3207426154486
1788398738.1708007,127.9615388000384,-138.98305084745763,-77.96610169491527,642973.0,461954.0,7662.577225929377,1729.0851222405959
1788398738.2859452,128.0766814001836,-132.20338983050848,-77.96610169491527,643780.0,462188.0,7122.6008139864025,2086.0387608245137
1788398738.4020224,128.1927566002123,-125.42372881355932,-77.96610169491527,644517.0,462426.0,6367.344428450104,2053.4010320885764
1788398738.515469,128.3062011001166,-118.64406779661017,-77.96610169491527,645257.0,462675.0,6388.207300317502,2169.4056583448164
1788398738.6294665,128.42019710014574,-111.86440677966102,-77.96610169491527,645940.0,462946.0,6015.062454302037,2406.0249817208146
1788398738.7524874,128.54321500007063,-105.08474576271186,-77.96610169491527,646667.0,463309.0,6067.682155954811,2975.2379070803677
1788398738.8718877,128.66261120000854,-98.30508474576271,-77.96610169491527,647340.0,463701.0,5598.690116533071,3221.8877085709187
1788398738.9910374,128.78176100016572,-91.52542372881356,-77.96610169491527,647997.0,464091.0,5346.291000189726,3250.7598543867175
1788398739.1137564,128.9044767001178,-84.74576271186442,-77.96610169491527,648658.0,464520.0,5597.954542666359,3765.729289392337
1788398739.2261236,129.01684250007384,-77.96610169491527,-77.96610169491527,649144.0,464949.0,4288.176793692746,3882.9205252778274
1788398739.343823,129.13454010011628,-71.18644067796612,-77.96610169491527,649655.0,465473.0,4368.770699441676,4422.375247901083
1788398739.457082,129.24779660021886,-64.40677966101697,-77.96610169491527,650094.0,465952.0,3729.364725412708,4238.335097367296
1788398739.5748658,129.36557910009287,-57.62711864406779,-77.96610169491527,650476.0,466487.0,3276.258259468156,4651.924710957548
1788398739.6912777,129.48198919999413,-50.847457627118644,-77.96610169491527,650849.0,467035.0,3235.726775815044,4631.530483029377
1788398739.8070793,129.59778870013542,-44.067796610169495,-77.96610169491527,651154.0,467630.0,2511.309964721158,5131.41314091038
1788398739.929526,129.7202328001149,-37.288135593220346,-77.96610169491527,651443.0,468227.0,2343.779402917377,4927.069109782515
1788398740.0515256,129.84222980006598,-30.508474576271198,-77.96610169491527,651756.0,468887.0,2428.8594131560753,5427.667786078016
1788398740.1690104,129.95971360011026,-23.72881355932205,-77.96610169491527,652005.0,469546.0,2092.7480900069068,5562.774837539726
1788398740.2862024,130.07690390013158,-16.9491525423729,-77.96610169491527,652222.0,470153.0,1782.4449799931408,5177.151750934851
1788398740.4053164,130.1960146999918,-10.169491525423723,-77.96610169491527,652422.0,470862.0,1698.4537636729829,5985.901913052891
1788398740.520445,130.31114180013537,-3.3898305084745743,-77.96610169491527,652628.0,471543.0,1795.860768749386,5943.661021444668
1788398740.640067,130.43076130002737,3.3898305084745743,-77.96610169491527,652788.0,472283.0,1306.0517515908716,6205.937182055954
1788398740.7560675,130.54676000005566,10.169491525423723,-77.96610169491527,652950.0,472906.0,1355.2155490477414,5285.340641286191
1788398740.8719392,130.66262900014408,16.94915254237287,-77.96610169491527,653113.0,473631.0,1418.8514348405922,6296.73283827949
1788398740.9880035,130.7786912000738,23.72881355932202,-77.96610169491527,653281.0,474329.0,1467.956157156153,5899.177848944292
1788398741.1019974,130.8926842000801,30.50847457627117,-77.96610169491527,653450.0,474991.0,1478.8359042639945,5896.74190756838
1788398741.2250037,131.01568820001557,37.28813559322032,-77.96610169491527,653670.0,475726.0,1888.4062964348152,6118.8066761932
1788398741.3441737,131.13485560007393,44.06779661016947,-77.96610169491527,653861.0,476418.0,1672.1845724445216,5870.821922821527
1788398741.4629073,131.25358750019222,50.847457627118644,-77.96610169491527,654076.0,477070.0,1785.806762549115,5509.21386246402
1788398741.582311,131.37298990017734,57.627118644067764,-77.96610169491527,654351.0,477704.0,2372.556089505317,5445.497740488218
1788398741.7016141,131.49228960019536,64.40677966101691,-77.96610169491527,654658.0,478348.0,2552.6518056013456,5212.783687228011
1788398741.8198621,131.61053599999286,71.18644067796606,-77.96610169491527,654954.0,478870.0,2481.950259772624,4412.356017373554
1788398741.9409585,131.73163000005297,77.96610169491527,-77.96610169491527,655303.0,479436.0,2934.921388865789,4685.423463530547
1788398742.0579412,131.84860960021615,84.74576271186442,-77.96610169491527,655717.0,479907.0,3653.903745997506,4134.184908486869
1788398742.1720335,131.96270070015453,91.52542372881356,-77.96610169491527,656076.0,480360.0,3056.7486821910197,4032.3067722519836
1788398742.2944512,132.08511760015972,98.30508474576271,-77.96610169491527,656612.0,480904.0,4354.5683250241445,4511.646941958883
1788398742.4180646,132.20872730016708,105.08474576271186,-77.96610169491527,657179.0,481402.0,4769.494061638461,4099.773832869493
1788398742.5320685,132.3227303000167,111.86440677966101,-77.96610169491527,657724.0,481828.0,4759.176431805235,3696.4477140234835
1788398742.6624126,132.45307100005448,118.64406779661016,-77.96610169491527,658405.0,482275.0,5221.739731386683,3467.8118154761255
1788398742.7783625,132.56901850015856,125.42372881355931,-77.96610169491527,659078.0,482669.0,5740.687585425284,3287.0066013322194
1788398742.89704,132.6876941001974,132.20338983050846,-77.96610169491527,659781.0,482977.0,6054.094545506603,2594.6119480742586
1788398743.0169494,132.8076021000743,138.9830508474576,-77.96610169491527,660496.0,483253.0,6024.541437458925,2365.8418199656217
1788398743.1358004,132.92645050003193,145.76271186440675,-77.96610169491527,661176.0,483496.0,5616.262418931263,2038.2315276311556
1788398743.256592,133.04723970009945,152.5423728813559,-77.96610169491527,661960.0,483745.0,6460.0455018052735,2017.6580471391812
1788398743.3705232,133.16116960020736,159.32203389830505,-77.96610169491527,662674.0,483927.0,6261.35159004629,1614.037298767488
1788398743.486168,133.27681190008298,166.1016949152542,-77.96610169491527,663454.0,484107.0,6800.53665732364,1550.1901742610196
1788398743.6020436,133.3926858000923,172.88135593220335,-77.96610169491527,664262.0,484278.0,7005.098003369243,1480.9740266526414
1788398743.7167413,133.50738240010105,179.66101694915255,-77.96610169491527,665007.0,484425.0,6762.897452978108,1259.9370597329078
1788398743.8328245,133.62346350005828,186.4406779661017,-77.96610169491527,665879.0,484568.0,7563.4284343430445,1283.162291131078
1788398743.9496517,133.7402885002084,193.22033898305085,-77.96610169491527,666771.0,484742.0,7720.520834698712,1527.441172332479
1788398744.0648117,133.85544640012085,200.0,-77.96610169491527,667663.0,484892.0,7722.449703359744,1308.2738320985918
1788398744.1838796,133.97451280010864,-200.0,-71.18644067796612,668550.0,485011.0,7320.250360978148,1005.4319772909745
1788398744.3041093,134.09474000008777,-193.22033898305085,-71.18644067796612,669418.0,485151.0,7133.745995834305,1155.6494731375915
1788398744.420592,134.2112206001766,-186.4406779661017,-71.18644067796612,670294.0,485327.0,7482.700222163608,1538.1608679175492
1788398744.5424855,134.3331115001347,-179.66101694915255,-71.18644067796612,671198.0,485513.0,7514.274430745767,1526.1967183115655
1788398744.655893,134.44651740021072,-172.8813559322034,-71.18644067796612,672090.0,485651.0,8020.92479643487,1231.8510368658633
1788398744.7775085,134.5681304000318,-166.10169491525426,-71.18644067796612,673056.0,485834.0,7900.177070046813,1527.0733330928476
1788398744.8945887,134.6852090000175,-159.32203389830508,-71.18644067796612,673953.0,486034.0,7725.871306065727,1712.8536151137553
1788398745.0104969,134.80111390003003,-152.54237288135593,-71.18644067796612,674767.0,486248.0,6937.263082181974,1794.4387172577372
1788398745.132355,134.92297110008076,-145.76271186440678,-71.18644067796612,675559.0,486459.0,6519.326390738856,1765.2867706826394
1788398745.2500374,135.04065189999528,-138.98305084745763,-71.18644067796612,676334.0,486678.0,6368.664380060824,1884.6959105088836
1788398745.3682258,135.1588376001455,-132.20338983050848,-71.18644067796612,677124.0,486945.0,6760.766118734744,2308.111013654066
1788398745.4941952,135.28480480005965,-125.42372881355932,-71.18644067796612,677975.0,487257.0,6889.238024410104,2544.1221638367265
1788398745.6071334,135.39773880015127,-118.64406779661017,-71.18644067796612,678639.0,487564.0,5827.375001530474,2712.582263954795
1788398745.7327523,135.52335780020803,-111.86440677966102,-71.18644067796612,679356.0,487915.0,5567.557104379548,2771.10581219498
1788398745.8550062,135.64560920000076,-105.08474576271186,-71.18644067796612,680007.0,488293.0,5189.874597644899,3057.8180061799676
1788398745.9776154,135.7682162001729,-98.30508474576271,-71.18644067796612,680616.0,488674.0,5297.00682638852,3096.009162320186
1788398746.0986202,135.88921870011836,-91.52542372881356,-71.18644067796612,681193.0,489075.0,4809.709383916334,3347.76534456047
1788398746.2101886,136.00078570004553,-84.74576271186442,-71.18644067796612,681562.0,489429.0,3242.8526895115483,3176.478511656049
1788398746.3257654,136.1163591002114,-77.96610169491527,-71.18644067796612,682013.0,489878.0,3823.520244634062,3951.8878307848454
1788398746.446526,136.2371183000505,-71.18644067796612,-71.18644067796612,682497.0,490430.0,4061.7017686779564,4657.4180280840565
1788398746.567462,136.35805210005492,-64.40677966101697,-71.18644067796612,682914.0,491011.0,3492.717993115495,4746.960863461209
1788398746.6947064,136.48529410012998,-57.62711864406779,-71.18644067796612,683297.0,491559.0,2999.6759693788194,4357.695462679259
1788398746.817221,136.60780780017376,-50.847457627118644,-71.18644067796612,683634.0,492210.0,2711.5086797573426,5299.76696498026
1788398746.9359615,136.72654610010795,-44.067796610169495,-71.18644067796612,683953.0,492863.0,2648.279450967346,5490.120855161541
1788398747.0537553,136.8443361001555,-37.288135593220346,-71.18644067796612,684218.0,493516.0,2128.4433713008057,5375.683899311009
1788398747.1822832,136.97286240011454,-30.508474576271198,-71.18644067796612,684508.0,494183.0,2372.952991132132,5650.314480771228
1788398747.2989712,137.08954810001887,-23.72881355932205,-71.18644067796612,684731.0,494842.0,1843.6911395659358,5594.33733034958
1788398747.413096,137.20367140020244,-16.9491525423729,-71.18644067796612,684912.0,495517.0,1549.6868360894882,5995.812163441472
1788398747.533211,137.3237838000059,-10.169491525423723,-71.18644067796612,685108.0,496256.0,1645.3516124181328,6214.779188209795
1788398747.6538332,137.44440560019575,-3.3898305084745743,-71.18644067796612,685276.0,497014.0,1407.9814177412568,6331.543766737081
1788398747.7720046,137.56257509998977,3.3898305084745743,-71.18644067796612,685410.0,497687.0,1189.4196560982086,5681.766203361442
1788398747.8951302,137.6856972000096,10.169491525423723,-71.18644067796612,685567.0,498349.0,1262.857075313832,5387.012698891172
1788398748.0109806,137.80154600017704,16.94915254237287,-71.18644067796612,685703.0,498957.0,1186.647945115873,5462.203900037186
1788398748.1309328,137.9214965000283,23.72881355932202,-71.18644067796612,685856.0,499683.0,1255.9025201851073,5969.959162851743
1788398748.2463405,138.03690130007453,30.50847457627117,-71.18644067796612,686012.0,500407.0,1244.1402829019971,6093.562991439709
1788398748.3716018,138.16216000006534,37.28813559322032,-71.18644067796612,686217.0,501092.0,1696.8945985980433,5577.9971164171575
1788398748.4862692,138.27682650019415,44.06779661016947,-71.18644067796612,686434.0,501682.0,1920.65124962227,5097.11293168987
1788398748.6012678,138.39182360004634,50.847457627118644,-71.18644067796612,686682.0,502322.0,2102.8254076334324,5546.316795679446
1788398748.7195725,138.51012520003133,57.627118644067764,-71.18644067796612,686954.0,502915.0,2291.3744939463827,5052.066655327567
1788398748.8359582,138.62650850019418,64.40677966101691,-71.18644067796612,687297.0,503489.0,2883.9273332740318,4929.713285315298
1788398748.945996,138.73654579999857,71.18644067796606,-71.18644067796612,687662.0,504049.0,3349.932616338381,5212.072809947682
1788398749.0592215,138.84976810007356,77.96610169491527,-71.18644067796612,688013.0,504574.0,3113.5073220903764,4600.555595327572
1788398749.1810274,138.97157180006616,84.74576271186442,-71.18644067796612,688462.0,505176.0,3672.8851290870084,5001.948696580596
1788398749.2964594,139.08700290019624,91.52542372881356,-71.18644067796612,688967.0,505675.0,4406.365640501473,4424.649315358325
1788398749.4151573,139.2056981001515,98.30508474576271,-71.18644067796612,689408.0,506099.0,3679.870666291423,3600.4489972347733
1788398749.5304255,139.32096540019847,105.08474576271186,-71.18644067796612,689959.0,506510.0,4663.347459302864,3474.651048108016
1788398749.6485515,139.4390884002205,111.86440677966101,-71.18644067796612,690557.0,506877.0,5220.781967794334,3145.1585812927674
1788398749.766061,139.556595900096,118.64406779661016,-71.18644067796612,691187.0,507223.0,5317.6919441144055,2926.5150296468537
1788398749.8828275,139.67336060013622,125.42372881355931,-71.18644067796612,691794.0,507530.0,5213.482659925122,2530.2048833142644
1788398750.0001457,139.79067610017955,132.20338983050846,-71.18644067796612,692542.0,507822.0,6327.445295739697,2439.8200081030186
1788398750.113198,139.90372590022162,138.9830508474576,-71.18644067796612,693146.0,508064.0,5368.8413062989175,2189.421100086438
1788398750.2333522,140.02387860021554,145.76271186440675,-71.18644067796612,693931.0,508328.0,6705.516504613576,2270.79244180141
1788398750.3611095,140.1516346000135,152.5423728813559,-71.18644067796612,694725.0,508564.0,6259.663252823863,1863.1895843914372
1788398750.4782646,140.268787200097,159.32203389830505,-71.18644067796612,695541.0,508738.0,6866.202681427022,1413.6299638232106
1788398750.6000059,140.3905249000527,166.1016949152542,-71.18644067796612,696431.0,508936.0,7288.289981971075,1559.8554204956545
1788398750.7206888,140.511206000112,172.88135593220335,-71.18644067796612,697347.0,509114.0,7569.564018592487,1448.9304675960097
1788398750.8375394,140.62805400020443,179.66101694915255,-71.18644067796612,698191.0,509263.0,7388.3678014640645,1310.83944864685
1788398750.9626424,140.7531146002002,186.4406779661017,-71.18644067796612,699053.0,509419.0,6924.219448398376,1277.36872775797
1788398751.077918,140.8684294000268,193.22033898305085,-71.18644067796612,699980.0,509555.0,8037.67061176688,1192.8049994631215
1788398751.1925623,140.98307310021482,200.0,-71.18644067796612,700812.0,509717.0,7269.344786634143,1428.2339883059526
1788398751.3125079,141.10301510011777,-200.0,-64.40677966101697,701683.0,509895.0,7512.357557189536,1495.0883590475491
1788398751.4311619,141.22166690020822,-193.22033898305085,-64.40677966101697,702488.0,510035.0,6692.236030112884,1187.7610967352668
1788398751.5426927,141.33319590007886,-186.4406779661017,-64.40677966101697,703382.0,510194.0,7744.073561215969,1452.013792727994
1788398751.6575127,141.44801440020092,-179.66101694915255,-64.40677966101697,704282.0,510334.0,7798.936946305966,1236.7544979940822
1788398751.775958,141.56645770021714,-172.8813559322034,-64.40677966101697,705160.0,510501.0,7454.476970110729,1429.1423303644237
1788398751.8934095,141.68390700011514,-166.10169491525426,-64.40677966101697,705932.0,510678.0,6421.6179506389335,1478.4862410625005
1788398752.0174284,141.80792350019328,-159.32203389830508,-64.40677966101697,706804.0,510892.0,7257.811464771004,1737.1453505905533
1788398752.1393034,141.92979600001127,-152.54237288135593,-64.40677966101697,707633.0,511117.0,7050.999559890603,1887.388771081828
1788398752.2604125,142.05090400017798,-145.76271186440678,-64.40677966101697,708458.0,511366.0,6869.668858719314,2047.0225387092905
1788398752.3750904,142.16557850013487,-138.98305084745763,-64.40677966101697,709172.0,511576.0,6316.414554256662,1834.987585835147
1788398752.494813,142.28529980010353,-132.20338983050848,-64.40677966101697,709932.0,511856.0,6437.464636870492,2290.2518419635403
1788398752.61209,142.4025753000751,-125.42372881355932,-64.40677966101697,710492.0,512127.0,4739.413062534291,2288.921081337584
1788398752.7286768,142.51915940013714,-118.64406779661017,-64.40677966101697,711237.0,512455.0,6332.368824731146,2818.453176325423
1788398752.8414602,142.63194110011682,-111.86440677966102,-64.40677966101697,711821.0,512781.0,5140.693653020286,2870.5333171974585
1788398752.9574792,142.7479587001726,-105.08474576271186,-64.40677966101697,712403.0,513141.0,4993.014319340658,3095.6688779912083
1788398753.0761316,142.86660780012608,-98.30508474576271,-64.40677966101697,712961.0,513572.0,4556.941428356493,3607.5786307822236
1788398753.1965258,142.9869993000757,-91.52542372881356,-64.40677966101697,713458.0,513965.0,4050.368037196524,3184.306621035712
1788398753.3196619,143.1101349000819,-84.74576271186442,-64.40677966101697,713984.0,514448.0,4212.095478813993,3796.0860488076733
1788398753.437041,143.2275126001332,-77.96610169491527,-64.40677966101697,714426.0,514960.0,3779.961352715417,4300.716123398301
1788398753.5556688,143.3461363001261,-71.18644067796612,-64.40677966101697,714837.0,515476.0,3472.5753527560487,4306.359936135469
1788398753.674519,143.46498390007764,-64.40677966101697,-64.40677966101697,715233.0,516038.0,3394.1804475064723,4688.045578931916
1788398753.7894206,143.57988520013168,-57.62711864406779,-64.40677966101697,715551.0,516596.0,2686.214186388037,4744.721964960313
1788398753.9095745,143.70003630011342,-50.847457627118644,-64.40677966101697,715850.0,517176.0,2508.190668658774,4832.631105181374
1788398754.0223298,143.81279020011425,-44.067796610169495,-64.40677966101697,716098.0,517730.0,2206.7562272764258,4918.448201472033
1788398754.1382558,143.9287142001558,-37.288135593220346,-64.40677966101697,716340.0,518328.0,2125.334807362287,5131.684470767916
1788398754.2574208,144.04787680017762,-30.508474576271198,-64.40677966101697,716527.0,518927.0,1522.3830371005174,5092.415773225122
1788398754.3809938,144.17144700000063,-23.72881355932205,-64.40677966101697,716724.0,519625.0,1524.338458740595,5269.8558145032
1788398754.4953287,144.28578070015647,-16.9491525423729,-64.40677966101697,716904.0,520292.0,1541.432220698834,5694.992096833416
1788398754.613673,144.40412270021625,-10.169491525423723,-64.40677966101697,717061.0,520963.0,1371.2059236546954,5787.557469971117
1788398754.7303581,144.52080560009927,-3.3898305084745743,-64.40677966101697,717223.0,521653.0,1331.6597603558137,5902.49191076631
1788398754.8467336,144.63717940007336,3.3898305084745743,-64.40677966101697,717363.0,522328.0,1228.6890699109665,5742.983726769036
1788398754.9622087,144.75265240017325,10.169491525423723,-64.40677966101697,717540.0,522977.0,1545.3154694704144,5644.946509065455
1788398755.0831614,144.87360330019146,16.94915254237287,-64.40677966101697,717700.0,523756.0,1324.420760583448,6431.6642164281175
1788398755.1964326,144.98687260015868,23.72881355932202,-64.40677966101697,717858.0,524444.0,1408.620195043988,6044.939644956981
1788398755.3115497,145.10198740009218,30.50847457627117,-64.40677966101697,718042.0,525108.0,1599.9941836915343,5718.161031488495
1788398755.4283204,145.21875660005026,37.28813559322032,-64.40677966101697,718245.0,525682.0,1751.6548675726915,4805.822328981487
1788398755.542467,145.33290050015785,44.06779661016947,-64.40677966101697,718470.0,526265.0,1954.407651290812,5057.377145046367
1788398755.663584,145.45401420001872,50.847457627118644,-64.40677966101697,718739.0,526905.0,2297.5229650639303,5381.746400655588
1788398755.7778885,145.5683188000694,57.627118644067764,-64.40677966101697,718998.0,527432.0,2180.9924154713012,4483.671103050443
1788398755.8978572,145.68828410003334,64.40677966101691,-64.40677966101697,719332.0,528035.0,2734.959279931354,5006.668128082804
1788398756.0174828,145.80790780019015,71.18644067796606,-64.40677966101697,719696.0,528599.0,2988.9645252936502,4729.489599473794
1788398756.1484632,145.93888650019653,77.96610169491527,-64.40677966101697,720112.0,529089.0,3147.343740000709,3683.9137923672424
1788398756.2662303,146.05665120016783,84.74576271186442,-64.40677966101697,720621.0,529623.0,3886.647908315192,4086.428875565038
1788398756.3767154,146.16713430010714,91.52542372881356,-64.40677966101697,721079.0,530041.0,4129.810871203878,3731.070511225573
1788398756.486404,146.27682130015455,98.30508474576271,-64.40677966101697,721586.0,530469.0,4629.727259595366,3901.240154565867
1788398756.60185,146.39226580015384,105.08474576271186,-64.40677966101697,722160.0,530847.0,4888.499345803717,3228.5984485345443
1788398756.7203114,146.51072340016253,111.86440677966101,-64.40677966101697,722759.0,531167.0,5076.086718574601,2629.0126553191035
1788398756.8314726,146.62188410013914,118.64406779661016,-64.40677966101697,723358.0,531486.0,5457.230500034726,2866.2323669747607
1788398756.9461217,146.73653110000305,125.42372881355931,-64.40677966101697,724013.0,531783.0,5544.931850956668,2588.858910545994
1788398757.06494,146.8553474000655,132.20338983050846,-64.40677966101697,724718.0,532048.0,6089.612198482327,2229.4798064035144
1788398757.182703,146.97310730000027,138.9830508474576,-64.40677966101697,725516.0,532277.0,6802.298221035683,1980.3035291004664
1788398757.3051093,147.09551210002974,145.76271186440675,-64.40677966101697,726339.0,532514.0,6852.068731472526,1975.2136904499885
1788398757.4189808,147.2093823000323,152.5423728813559,-64.40677966101697,727153.0,532705.0,7093.774096520026,1689.4383045659538
1788398757.5376332,147.32803170010448,159.32203389830505,-64.40677966101697,728102.0,532884.0,8078.856900052249,1534.0750742795844
1788398757.6540549,147.44445140007883,166.1016949152542,-64.40677966101697,729010.0,533052.0,7917.692193245743,1484.0017367912021
1788398757.7753468,147.56574210012332,172.88135593220335,-64.40677966101697,729891.0,533214.0,7367.954080657553,1349.0620147682844
1788398757.8982003,147.68859350006096,179.66101694915255,-64.40677966101697,730655.0,533352.0,6023.42214973118,1153.4212627144811
1788398758.0183973,147.80878770002164,186.4406779661017,-64.40677966101697,731597.0,533531.0,7238.863257087109,1460.0122752820619
1788398758.1338058,147.9241930001881,193.22033898305085,-64.40677966101697,732557.0,533680.0,8318.21552156297,1286.0398997153275
1788398758.2523665,148.04275360004976,200.0,-64.40677966101697,733436.0,533812.0,7469.718094229709,1128.518560998733
1788398758.3657157,148.15610000002198,-200.0,-57.62711864406779,734206.0,533939.0,6546.914620266973,1064.9153908496492
1788398758.4809005,148.27128230012022,-193.22033898305085,-57.62711864406779,735041.0,534111.0,7284.925597670052,1480.7502469542642
1788398758.5973418,148.38772140000947,-186.4406779661017,-57.62711864406779,735950.0,534288.0,7771.680112448586,1512.911076351521
1788398758.7196176,148.50999420019798,-179.66101694915255,-57.62711864406779,736934.0,534443.0,7933.911484412229,1303.3658337127035
1788398758.8380833,148.62845780001953,-172.8813559322034,-57.62711864406779,737708.0,534598.0,6496.850186139138,1329.7124694158401
1788398758.9611936,148.75156730017625,-166.10169491525426,-57.62711864406779,738640.0,534844.0,7583.810115503247,1956.0053239080773
1788398759.0833135,148.87368360022083,-159.32203389830508,-57.62711864406779,739537.0,535096.0,7005.66957385259,2030.5014699622939
1788398759.1993525,148.98972120019607,-152.54237288135593,-57.62711864406779,740339.0,535345.0,6986.847903030759,2153.3539172039245
1788398759.3185246,149.10889240005054,-145.76271186440678,-57.62711864406779,741110.0,535592.0,6198.193210983743,1986.2593408588818
1788398759.44303,149.23339570011012,-138.98305084745763,-57.62711864406779,741919.0,535903.0,7099.922165847645,2727.183644433666
1788398759.5653746,149.35573750012554,-132.20338983050848,-57.62711864406779,742570.0,536164.0,5561.986478429653,2214.16659173155
1788398759.6840997,149.4744604001753,-125.42372881355932,-57.62711864406779,743249.0,536511.0,5646.642148563713,2951.4530166201566
1788398759.8037412,149.5941010999959,-118.64406779661017,-57.62711864406779,743934.0,536878.0,5624.126519641106,3092.8239339389283
1788398759.9233198,149.71367630013265,-111.86440677966102,-57.62711864406779,744529.0,537242.0,4981.910595339618,3001.5789326645117
1788398760.050959,149.8413139001932,-105.08474576271186,-57.62711864406779,745125.0,537652.0,5107.9662358751475,3446.3386651687742
1788398760.1658764,149.95622910000384,-98.30508474576271,-57.62711864406779,745687.0,538100.0,4946.891517975068,3944.758797943287
1788398760.2883997,150.0787504001055,-91.52542372881356,-57.62711864406779,746198.0,538589.0,4173.291442250773,4045.2763673351046
1788398760.4149132,150.20526200020686,-84.74576271186442,-57.62711864406779,746728.0,539137.0,4116.522206733452,4415.5857858551135
1788398760.5340755,150.32442210009322,-77.96610169491527,-57.62711864406779,747173.0,539673.0,3683.3060104511305,4448.097473241699
1788398760.6490426,150.43938760017045,-71.18644067796612,-57.62711864406779,747526.0,540218.0,2954.3632930998206,4695.978691192617
1788398760.7663817,150.55672490014695,-64.40677966101697,-57.62711864406779,747851.0,540769.0,2755.3401550636204,4676.000719179629
1788398760.8838522,150.67419280018657,-57.62711864406779,-57.62711864406779,748141.0,541306.0,2426.3213240506248,4380.343459068495
1788398760.9958491,150.78618789999746,-50.847457627118644,-57.62711864406779,748404.0,541869.0,2366.914830300541,4977.069919841454
1788398761.1124523,150.9027893000748,-44.067796610169495,-57.62711864406779,748672.0,542558.0,2306.033009418064,5841.352097786614
1788398761.236922,151.027255800087,-37.288135593220346,-57.62711864406779,748916.0,543291.0,2104.3884105535103,6107.203812755294
1788398761.3579133,151.1482443001587,-30.508474576271198,-57.62711864406779,749112.0,544017.0,1636.0986029221187,6126.667108814742
1788398761.4784415,151.26877150009386,-23.72881355932205,-57.62711864406779,749299.0,544666.0,1561.433641114901,5438.701446579992
1788398761.5965176,151.38684530020691,-16.9491525423729,-57.62711864406779,749470.0,545340.0,1428.0743146314333,5558.643693027414
1788398761.7116373,151.5019630000461,-10.169491525423723,-57.62711864406779,749625.0,546003.0,1384.0003883273296,5763.508466459016
1788398761.8312547,151.6215781001374,-3.3898305084745743,-57.62711864406779,749805.0,546661.0,1511.063709470747,5552.280606892513
1788398761.9500575,151.74037990020588,3.3898305084745743,-57.62711864406779,749937.0,547352.0,1081.717555852638,5745.516198299258
1788398762.0657086,151.85602760012262,10.169491525423723,-57.62711864406779,750094.0,548140.0,1362.254578251058,6683.275816788748
1788398762.1849606,151.9752772001084,16.94915254237287,-57.62711864406779,750284.0,548803.0,1639.9447771430514,5534.813622857799
1788398762.304089,152.09440470021218,23.72881355932202,-57.62711864406779,750482.0,549475.0,1664.563826137419,5613.4758817612965
1788398762.4183092,152.20862210006453,30.50847457627117,-57.62711864406779,750680.0,550117.0,1759.6517359124082,5443.922557979013
1788398762.53985,152.33016040013172,37.28813559322032,-57.62711864406779,750933.0,550794.0,2163.9389371459797,5821.174578851375
1788398762.6538665,152.44417430018075,44.06779661016947,-57.62711864406779,751186.0,551454.0,2198.455309439268,5803.549397375695
1788398762.772182,152.5624892001506,50.847457627118644,-57.62711864406779,751475.0,552058.0,2416.033907400856,5179.762731364935
1788398762.8972979,152.68760280008428,57.627118644067764,-57.62711864406779,751834.0,552709.0,2823.6415849733226,5106.390788409548
1788398763.021146,152.81144810002297,64.40677966101691,-57.62711864406779,752187.0,553318.0,2849.2500084176613,4958.545537037303
1788398763.1392791,152.92957939999178,71.18644067796606,-57.62711864406779,752648.0,553850.0,3831.920696557274,4332.124796807175
1788398763.2602706,153.05056830006652,77.96610169491527,-57.62711864406779,753130.0,554363.0,3903.080801230013,4227.606620658126
1788398763.3770146,153.16731040016748,84.74576271186442,-57.62711864406779,753582.0,554817.0,3967.890888436246,4022.2455581408517
1788398763.494601,153.28489510016516,91.52542372881356,-57.62711864406779,754071.0,555190.0,4111.801415599673,3275.0453288365015
1788398763.6122563,153.40254810010083,98.30508474576271,-57.62711864406779,754753.0,555605.0,5788.799637783874,3476.9493862441964
1788398763.728996,153.5192868001759,105.08474576271186,-57.62711864406779,755376.0,555959.0,5447.8968961618975,3027.616577900289
1788398763.8459136,153.6362026000861,111.86440677966101,-57.62711864406779,755999.0,556262.0,5349.349183472565,2513.657392233764
1788398763.9650204,153.75530630000867,118.64406779661016,-57.62711864406779,756716.0,556619.0,5718.075980222868,2863.612450895612
1788398764.0823326,153.87261580000632,125.42372881355931,-57.62711864406779,757423.0,556893.0,6028.834481542869,2257.4536245896034
1788398764.2026753,153.99295720015652,132.20338983050846,-57.62711864406779,758285.0,557173.0,7267.806354870667,2340.480012585469
1788398764.3210762,154.1113569000736,138.9830508474576,-57.62711864406779,759090.0,557391.0,6742.210338007492,1837.163134430613
1788398764.437954,154.22823140001856,145.76271186440675,-57.62711864406779,759878.0,557585.0,6810.579593337036,1707.2842577302654
1788398764.558992,154.34926730021834,152.5423728813559,-57.62711864406779,760784.0,557791.0,7515.912328336391,1704.189423285577
1788398764.677987,154.4682610000018,159.32203389830505,-57.62711864406779,761695.0,557954.0,7743.156111779985,1430.6062100286347
1788398764.8016202,154.5918911001645,166.1016949152542,-57.62711864406779,762623.0,558105.0,7742.831694056747,1273.6729058862577
1788398764.9186685,154.70893830014393,172.88135593220335,-57.62711864406779,763567.0,558258.0,7975.275748099107,1291.8331920430498
1788398765.0301065,154.82037450000644,179.66101694915255,-57.62711864406779,764431.0,558385.0,7882.226004165923,1191.3884528666752
1788398765.1446488,154.93491420010105,186.4406779661017,-57.62711864406779,765299.0,558541.0,7491.359659863519,1342.0104421350597
1788398765.273505,155.06376869999804,193.22033898305085,-57.62711864406779,766340.0,558706.0,8197.180917715967,1263.8433119605509
1788398765.3876674,155.17792899999768,200.0,-57.62711864406779,767284.0,558860.0,8352.097281039485,1366.0400602358761
1788398765.516267,155.30652680015191,-200.0,-50.847457627118644,768122.0,559068.0,6427.762739191983,1647.5199950201675
1788398765.6358168,155.4260734000709,-193.22033898305085,-50.847457627118644,769211.0,559270.0,8312.5073177665,1556.91740935562
1788398765.7561188,155.54637290001847,-186.4406779661017,-50.847457627118644,770180.0,559469.0,8083.849021993377,1655.0983988995063
1788398765.8740647,155.66431800019927,-179.66101694915255,-50.847457627118644,771031.0,559665.0,7130.038448406874,1713.0029479820287
1788398765.9886131,155.77886450011283,-172.8813559322034,-50.847457627118644,771818.0,559848.0,6905.374366147127,1614.0051639334588
1788398766.1036046,155.89385410002433,-166.10169491525426,-50.847457627118644,772669.0,560094.0,7295.991261267248,2130.6877134674264
1788398766.2207398,156.0109866000712,-159.32203389830508,-50.847457627118644,773433.0,560335.0,6436.844818197521,2044.4347619517787
1788398766.335157,156.12540220003575,-152.54237288135593,-50.847457627118644,774171.0,560579.0,6436.099454922434,2139.2456105519645
1788398766.4530358,156.2432791001629,-145.76271186440678,-50.847457627118644,774924.0,560824.0,6409.528003922037,2015.1840123134382
1788398766.566775,156.35701610008255,-138.98305084745763,-50.847457627118644,775630.0,561148.0,6298.010660061482,2892.4197105467547
1788398766.6854668,156.47570440010168,-132.20338983050848,-50.847457627118644,776318.0,561500.0,5972.111876360531,2976.924268644546
1788398766.8031766,156.59341330011375,-125.42372881355932,-50.847457627118644,776921.0,561839.0,4967.419825943359,2775.64688285081
1788398766.920903,156.71113820001483,-118.64406779661017,-50.847457627118644,777466.0,562178.0,4570.758544782258,2895.7047310998705
1788398767.041928,156.83215900021605,-111.86440677966102,-50.847457627118644,778016.0,562586.0,4660.893036528661,3482.172982889173
1788398767.1560118,156.946241900092,-105.08474576271186,-50.847457627118644,778531.0,563015.0,4459.766461631328,3778.672420419849
1788398767.275282,157.06551040010527,-98.30508474576271,-50.847457627118644,778996.0,563453.0,3816.6556362290216,3648.793467043023
1788398767.3984487,157.18867420009337,-91.52542372881356,-50.847457627118644,779476.0,563916.0,3912.8195705815065,3825.0881900751947
1788398767.5145922,157.3048153000418,-84.74576271186442,-50.847457627118644,779889.0,564452.0,3431.839846152901,4639.339051280774
1788398767.632608,157.42283040005714,-77.96610169491527,-50.847457627118644,780315.0,565027.0,3664.7760375223615,4946.103600763677
1788398767.7468877,157.5371066001244,-71.18644067796612,-50.847457627118644,780641.0,565603.0,2757.538349662511,5144.937323531396
1788398767.8736186,157.66383530013263,-64.40677966101697,-50.847457627118644,780961.0,566179.0,2744.136692655021,4509.531298263085
1788398767.9988587,157.78907400020398,-57.62711864406779,-50.847457627118644,781247.0,566831.0,2289.196772704053,5044.711406514487
1788398768.1158698,157.9060842001345,-50.847457627118644,-50.847457627118644,781529.0,567477.0,2330.2907090193376,5599.923409271276
1788398768.2318451,158.02205590019003,-44.067796610169495,-50.847457627118644,781741.0,568228.0,1776.7834231965703,6508.829070689477
1788398768.3523383,158.1425471000839,-37.288135593220346,-50.847457627118644,781967.0,568959.0,1843.099567833131,6205.101878371541
1788398768.4701674,158.26037430018187,-30.508474576271198,-50.847457627118644,782169.0,569671.0,1705.5353105079218,5938.120321925487
1788398768.601797,158.39200240001082,-23.72881355932205,-50.847457627118644,782382.0,570479.0,1769.4724031908136,6311.7263041651695
1788398768.7212932,158.51149690011516,-16.9491525423729,-50.847457627118644,782545.0,571195.0,1369.143245231732,6001.114873580643
1788398768.8323846,158.62258540000767,-10.169491525423723,-50.847457627118644,782697.0,571815.0,1363.9747749901949,5626.395946834555
1788398768.9483705,158.73856840003282,-3.3898305084745743,-50.847457627118644,782849.0,572582.0,1332.5442201889277,6616.771300248469
1788398769.0660763,158.856272400124,3.3898305084745743,-50.847457627118644,783004.0,573314.0,1355.9723851673252,6241.064951597954
1788398769.1817367,158.97193160001189,10.169491525423723,-50.847457627118644,783184.0,574027.0,1556.2179125948217,6389.647664654032
1788398769.3032224,159.0934160000179,16.94915254237287,-50.847457627118644,783371.0,574754.0,1518.5752126193725,5840.00638910193
1788398769.425752,159.21594170015305,23.72881355932202,-50.847457627118644,783562.0,575401.0,1653.5630179005689,5472.288661449948
1788398769.538243,159.328431900125,30.50847457627117,-50.847457627118644,783824.0,576009.0,2325.8374862870082,5316.199968656019
1788398769.6585286,159.4487156001851,37.28813559322032,-50.847457627118644,784082.0,576574.0,2075.176975922477,4610.539641066257
1788398769.780082,159.57026579999365,44.06779661016947,-50.847457627118644,784375.0,577204.0,2445.155253090829,5185.11645868197
1788398769.8981545,159.6883370000869,50.847457627118644,-50.847457627118644,784731.0,577843.0,2927.692343361822,5474.694041456782
1788398770.0183773,159.80855770013295,57.627118644067764,-50.847457627118644,785108.0,578455.0,3133.22801926637,5064.068815452929
1788398770.1371396,159.92731840000488,64.40677966101691,-50.847457627118644,785516.0,579011.0,3384.3690277399337,4720.304170268854
1788398770.252323,160.04249810008332,71.18644067796606,-50.847457627118644,785925.0,579473.0,3569.072067691727,4044.9483433839578
1788398770.3683822,160.1585566001013,77.96610169491527,-50.847457627118644,786420.0,579940.0,4266.374599240741,4038.955910581853
1788398770.4869242,160.27709690015763,84.74576271186442,-50.847457627118644,786930.0,580360.0,4286.16340124961,3524.5723836721995
1788398770.603323,160.39349310006946,91.52542372881356,-50.847457627118644,787495.0,580746.0,4762.028846296986,3279.510431883773
1788398770.7233274,160.51349460007623,98.30508474576271,-50.847457627118644,788062.0,581054.0,4548.094292429276,2482.4259683777323
1788398770.8373508,160.62751710019074,105.08474576271186,-50.847457627118644,788697.0,581358.0,5333.866712199097,2685.453726628017
1788398770.9627655,160.75292890006676,111.86440677966101,-50.847457627118644,789361.0,581667.0,5181.818636848052,2409.7563091683623
1788398771.082064,160.87222510017455,118.64406779661016,-50.847457627118644,790183.0,581943.0,6444.535008495082,2289.6221772293916
1788398771.1990993,160.98925830004737,125.42372881355931,-50.847457627118644,791009.0,582204.0,7095.068525454058,2221.1431252055163
1788398771.31312,161.1032784001436,132.20338983050846,-50.847457627118644,791757.0,582430.0,6560.719095050297,1992.3087647398502
1788398771.4281297,161.21828560018912,138.9830508474576,-50.847457627118644,792552.0,582661.0,6867.5171898612625,1963.4523880587387
1788398771.544574,161.33472810010426,145.76271186440675,-50.847457627118644,793382.0,582838.0,7064.283183105663,1499.0283247505029
1788398771.6630557,161.45320770004764,152.5423728813559,-50.847457627118644,794222.0,583025.0,7248.447142944872,1578.433136967314
1788398771.776964,161.5671142002102,159.32203389830505,-50.847457627118644,795002.0,583172.0,7021.077927240685,1304.9647456389755
1788398771.8963637,161.68651150004007,166.1016949152542,-50.847457627118644,795844.0,583338.0,7321.16352880857,1355.0973488105303
1788398772.0127647,161.80291030020453,172.88135593220335,-50.847457627118644,796714.0,583473.0,7488.820839453618,1153.5127165464057
1788398772.1300654,161.92020890000276,179.66101694915255,-50.847457627118644,797637.0,583621.0,7870.670571328656,1270.0400240098513
1788398772.255869,162.04601030005142,186.4406779661017,-50.847457627118644,798513.0,583772.0,6889.169350761989,1199.5651590202256
1788398772.377438,162.1675758000929,193.22033898305085,-50.847457627118644,799284.0,583933.0,6575.596026754952,1307.8028259053658
1788398772.496684,162.28682060004212,200.0,-50.847457627118644,800100.0,584096.0,6766.358868994635,1418.4684608178857
1788398772.6137261,162.4038618002087,-200.0,-44.067796610169495,800900.0,584266.0,6998.222474441496,1469.9874527499535
1788398772.7342062,162.5243387001101,-193.22033898305085,-44.067796610169495,801663.0,584422.0,6685.169417951167,1310.9998441322873
1788398772.8507488,162.64087950019166,-186.4406779661017,-44.067796610169495,802295.0,584607.0,5472.343484155987,1559.6629699489058
1788398772.9692447,162.75937370001338,-179.66101694915255,-44.067796610169495,803045.0,584804.0,6282.856329998988,1606.210445946069
1788398773.0880773,162.87820370006375,-172.8813559322034,-44.067796610169495,803903.0,585027.0,6924.565452849688,1800.927295929698
1788398773.2043118,162.9944358000066,-166.10169491525426,-44.067796610169495,804667.0,585263.0,6273.707550916224,2019.5541445572346
1788398773.3225152,163.11263740016147,-159.32203389830508,-44.067796610169495,805278.0,585515.0,5208.702842668242,2218.1889692052687
1788398773.4384801,163.22860010014847,-152.54237288135593,-44.067796610169495,806062.0,585784.0,6648.111227789276,2305.5427516985096
1788398773.560698,163.35081600002013,-145.76271186440678,-44.067796610169495,806724.0,586065.0,5486.735159413373,2327.1633628833233
1788398773.6768413,163.46695700008422,-138.98305084745763,-44.067796610169495,807330.0,586369.0,5067.803397708576,2656.290510784638
1788398773.7928135,163.58292820001952,-132.20338983050848,-44.067796610169495,807921.0,586691.0,5151.595675764678,2829.7497373918654
1788398773.9120767,163.7021892000921,-125.42372881355932,-44.067796610169495,808485.0,587112.0,4677.759810858521,3645.240850688214
1788398774.0272503,163.81735930009745,-118.64406779661017,-44.067796610169495,809026.0,587491.0,4709.125163116515,3300.024004268909
1788398774.1378899,163.9279981001746,-111.86440677966102,-44.067796610169495,809513.0,587813.0,4313.8342968837915,2983.5770247169835
1788398774.2526367,164.0427432002034,-105.08474576271186,-44.067796610169495,809905.0,588197.0,3407.886215453892,3288.149672748755
1788398774.3742087,164.1643130001612,-98.30508474576271,-44.067796610169495,810404.0,588704.0,4092.702824054974,4057.1913028050394
1788398774.4875412,164.27764310012572,-91.52542372881356,-44.067796610169495,810817.0,589228.0,3579.0018319287146,4589.652608302367
1788398774.6078024,164.39768660021946,-84.74576271186442,-44.067796610169495,811183.0,589698.0,2935.4771614183487,3852.8137743615825
1788398774.7267776,164.51687550009228,-77.96610169491527,-44.067796610169495,811468.0,590185.0,2408.9065765823652,4073.8861221613533
1788398774.8455236,164.6356195001863,-71.18644067796612,-44.067796610169495,811775.0,590686.0,2511.2178154798585,4110.890374095142
1788398774.9630222,164.75311600021087,-64.40677966101697,-44.067796610169495,812060.0,591312.0,2415.224717354072,5378.1397981230075
1788398775.0782125,164.86830480000935,-57.62711864406779,-44.067796610169495,812290.0,591906.0,1976.1208120982806,5154.305896993672
1788398775.1923647,164.98245510016568,-50.847457627118644,-44.067796610169495,812493.0,592613.0,1712.354124878229,6201.498722531965
1788398775.3075206,165.09760850016028,-44.067796610169495,-44.067796610169495,812687.0,593278.0,1676.5608450247598,5891.11987533562
1788398775.4217782,165.21186420018785,-37.288135593220346,-44.067796610169495,812872.0,593941.0,1578.6550980337363,5701.730765839494
1788398775.5351467,165.32523060007952,-30.508474576271198,-44.067796610169495,813044.0,594659.0,1496.4772384586354,6301.93520295003
1788398775.6486132,165.43869520002045,-23.72881355932205,-44.067796610169495,813210.0,595339.0,1449.4814170183545,5973.34061662978
1788398775.7639945,165.55407440010458,-16.9491525423729,-44.067796610169495,813355.0,596009.0,1241.5155529567842,5736.345584099595
1788398775.877498,165.66757590021007,-10.169491525423723,-44.067796610169495,813504.0,596623.0,1319.2721665939705,5433.925217649291
1788398775.9905787,165.7806549000088,-3.3898305084745743,-44.067796610169495,813623.0,597278.0,1046.0338206031408,5970.7240202568655
1788398776.1033869,165.89346080017276,3.3898305084745743,-44.067796610169495,813777.0,597958.0,1331.7935453336424,6044.29378266807
1788398776.2167203,166.0067926000338,10.169491525423723,-44.067796610169495,813942.0,598618.0,1454.1911275022294,5900.125784833886
1788398776.3300939,166.1201642001979,16.94915254237287,-44.067796610169495,814127.0,599242.0,1630.9902963278541,5430.4563275461505
1788398776.442836,166.2329042002093,23.72881355932202,-44.067796610169495,814358.0,599831.0,2108.9657027972626,5174.862979991521
1788398776.5571,166.34716640016995,30.50847457627117,-44.067796610169495,814616.0,600475.0,2300.8525037680884,5674.213943555565
1788398776.6698112,166.45987620018423,37.28813559322032,-44.067796610169495,814861.0,601046.0,2142.8498237651224,5133.522838672097
1788398776.7882504,166.57831300003454,44.06779661016947,-44.067796610169495,815182.0,601615.0,2788.215751517517,4741.801130047883
1788398776.9013174,166.69137710006908,50.847457627118644,-44.067796610169495,815491.0,602159.0,2732.79408457606,4749.856385096485
1788398777.0180724,166.80813080002554,57.627118644067764,-44.067796610169495,815815.0,602619.0,2854.7724597003216,4018.854433558705
1788398777.131177,166.92123320000246,64.40677966101691,-44.067796610169495,816224.0,603106.0,3668.762613092865,4363.604017087726
1788398777.2429638,167.03301800019108,71.18644067796606,-44.067796610169495,816659.0,603528.0,3844.9058716556083,3647.971668473248
1788398777.355293,167.145345200086,77.96610169491527,-44.067796610169495,817154.0,603948.0,4427.422427517826,3774.9601750415145
1788398777.468107,167.25815760018304,84.74576271186442,-44.067796610169495,817628.0,604284.0,4300.803588648715,3018.9226054229644
1788398777.5839267,167.37397429998964,91.52542372881356,-44.067796610169495,818159.0,604643.0,4552.8290740896355,3098.4531198665577
1788398777.7001019,167.49014810007066,98.30508474576271,-44.067796610169495,818774.0,604997.0,5328.954170290673,3026.9909742807563
1788398777.8117983,167.6018427000381,105.08474576271186,-44.067796610169495,819379.0,605273.0,5389.527392307694,2464.3214254530817
1788398777.9245307,167.71457280009054,111.86440677966101,-44.067796610169495,820091.0,605553.0,6334.751694095472,2489.3159149817984
1788398778.0375772,167.8276177002117,118.64406779661016,-44.067796610169495,820777.0,605785.0,6048.96792416102,2019.4104249113361
1788398778.1500218,167.94006060017273,125.42372881355931,-44.067796610169495,821457.0,605994.0,6039.750508913662,1873.4411300797008
1788398778.2649179,168.05495470017195,132.20338983050846,-44.067796610169495,822249.0,606154.0,6859.422822998168,1357.3094297831701
1788398778.3841696,168.17420430015773,138.9830508474576,-44.067796610169495,823010.0,606347.0,6317.794889469994,1603.9535685537362
1788398778.4988225,168.28885430004448,145.76271186440675,-44.067796610169495,823760.0,606500.0,6736.770013679934,1349.214988927611
1788398778.616556,168.4065861001145,152.5423728813559,-44.067796610169495,824658.0,606648.0,7617.030684699912,1307.605507697584
1788398778.7292535,168.51928170002066,159.32203389830505,-44.067796610169495,825451.0,606782.0,7095.522664004902,1162.4381821764257
1788398778.8432178,168.63324340013787,166.1016949152542,-44.067796610169495,826331.0,606931.0,7800.068342719788,1295.4177106283748
1788398778.9596338,168.74965790007263,172.88135593220335,-44.067796610169495,827281.0,607095.0,8250.482481804582,1426.2322014498075
1788398779.0740442,168.8640660000965,179.66101694915255,-44.067796610169495,828107.0,607221.0,7143.343699787985,1095.4354384984154
1788398779.1873872,168.97740660002455,186.4406779661017,-44.067796610169495,828959.0,607360.0,7586.374905821051,1213.449466010449
1788398779.3021836,169.09220190020278,193.22033898305085,-44.067796610169495,829844.0,607530.0,7776.533538179675,1482.115803747185
1788398779.415232,169.2052484001033,200.0,-44.067796610169495,830710.0,607693.0,7625.383342191823,1463.9253560951497
1788398779.528309,169.31832330022007,-200.0,-37.288135593220346,831436.0,607891.0,6472.997563569088,1767.0539325835155
1788398779.6455538,169.43556670006365,-193.22033898305085,-37.288135593220346,832200.0,608121.0,6614.353692673527,2011.1210552047885
1788398779.7596772,169.5496879001148,-186.4406779661017,-37.288135593220346,832981.0,608308.0,6867.898851918056,1668.8352350455089
1788398779.883542,169.67355010006577,-179.66101694915255,-37.288135593220346,833690.0,608552.0,5841.273822262696,1981.860761124843
1788398779.9979904,169.78799540014006,-172.8813559322034,-37.288135593220346,834393.0,608782.0,5888.9775585139505,1990.6403014695045
1788398780.1187682,169.90877169999294,-166.10169491525426,-37.288135593220346,835237.0,609068.0,7449.210555345833,2316.2968144732067
1788398780.2326427,170.02264320012182,-159.32203389830508,-37.288135593220346,835979.0,609326.0,6627.608705294418,2326.1245038080688
1788398780.34593,170.1359175001271,-152.54237288135593,-37.288135593220346,836693.0,609613.0,6254.25636718726,2529.4992418401807
1788398780.4598186,170.24981590011157,-145.76271186440678,-37.288135593220346,837371.0,609940.0,6012.520401385128,2909.5810824467085
1788398780.5735583,170.3635537000373,-138.98305084745763,-37.288135593220346,838010.0,610308.0,5611.869112677924,3230.516758942884
1788398780.6892598,170.47925400012173,-132.20338983050848,-37.288135593220346,838575.0,610656.0,4746.409382541609,2993.8889951416304
1788398780.8030183,170.5930101000704,-125.42372881355932,-37.288135593220346,839208.0,611055.0,5503.643172928523,3506.5017539895775
1788398780.917504,170.70749430009164,-118.64406779661017,-37.288135593220346,839717.0,611466.0,4416.516862594736,3602.707337189081
1788398781.0318074,170.82179590011947,-111.86440677966102,-37.288135593220346,840176.0,611899.0,4051.1194307535575,3812.277922364459
1788398781.151801,170.94178750016727,-105.08474576271186,-37.288135593220346,840659.0,612358.0,4005.0571578428976,3801.709884928137
1788398781.2674217,171.0574044000823,-98.30508474576271,-37.288135593220346,841036.0,612871.0,3243.0798311798176,4415.718866182689
1788398781.3867273,171.17670780001208,-91.52542372881356,-37.288135593220346,841426.0,613440.0,3368.0669010698566,4870.042681276685
1788398781.502557,171.2925362000242,-84.74576271186442,-37.288135593220346,841772.0,613978.0,2983.0014694254796,4492.802826650032
1788398781.615917,171.40589470020495,-77.96610169491527,-37.288135593220346,842084.0,614524.0,2826.618562832595,4853.601611179653
1788398781.7283187,171.518294100184,-71.18644067796612,-37.288135593220346,842351.0,615129.0,2368.5236256130634,5417.764671185787
1788398781.8419456,171.63191840006039,-64.40677966101697,-37.288135593220346,842593.0,615682.0,2157.0577719663615,4922.516453974517
1788398781.9552038,171.74517560005188,-57.62711864406779,-37.288135593220346,842788.0,616253.0,1659.590999310468,4988.044456028111
1788398782.0682824,171.85825230018236,-50.847457627118644,-37.288135593220346,842984.0,616921.0,1768.5168789620975,5851.846426722752
1788398782.181671,171.97163880011067,-44.067796610169495,-37.288135593220346,843162.0,617623.0,1561.7246261261664,6237.657530385576
1788398782.2956235,172.08558910014108,-37.288135593220346,-37.288135593220346,843328.0,618272.0,1443.441900564624,5571.501858230332
1788398782.4108315,172.20079510007054,-30.508474576271198,-37.288135593220346,843514.0,618982.0,1616.290748276973,6127.294305614965
1788398782.5276046,172.31756660016254,-23.72881355932205,-37.288135593220346,843672.0,619642.0,1315.0132527142368,5597.938360512689
1788398782.6414628,172.43142240005545,-16.9491525423729,-37.288135593220346,843820.0,620304.0,1270.6599040905946,5764.685006058065
1788398782.7569304,172.54688810021617,-10.169491525423723,-37.288135593220346,843970.0,620978.0,1339.5302786748587,5829.266247198868
1788398782.8700166,172.65997240017168,-3.3898305084745743,-37.288135593220346,844146.0,621661.0,1565.1800227854237,5973.616063293481
1788398782.983186,172.77313920017332,3.3898305084745743,-37.288135593220346,844334.0,622350.0,1666.3133491044953,6063.529131463581
1788398783.0975797,172.887531200191,10.169491525423723,-37.288135593220346,844533.0,622971.0,1713.5544946267248,5444.681216797819
1788398783.2110069,173.00095650018193,16.94915254237287,-37.288135593220346,844766.0,623552.0,2073.628628859681,5054.469782845473
1788398783.3237572,173.1137048001401,23.72881355932202,-37.288135593220346,844998.0,624124.0,2040.9532683726316,5060.445775006114
1788398783.4371548,173.2271004000213,30.50847457627117,-37.288135593220346,845247.0,624649.0,2268.856746210433,4648.841169786275
1788398783.5509093,173.3408531001769,37.28813559322032,-37.288135593220346,845517.0,625160.0,2384.1983790238173,4326.53759900075
1788398783.6673517,173.457293700194,44.06779661016947,-37.288135593220346,845857.0,625698.0,2874.965069807901,4626.8969092220905
1788398783.7849011,173.57484130002558,50.847457627118644,-37.288135593220346,846207.0,626240.0,3042.0469644855166,4518.596075902463
1788398783.9014556,173.69139350019395,57.627118644067764,-37.288135593220346,846619.0,626712.0,3569.673579106417,4114.661911794419
1788398784.0204434,173.81037940015085,64.40677966101691,-37.288135593220346,847099.0,627195.0,4062.0012353487355,4053.0145069519463
1788398784.1339288,173.92386270011775,71.18644067796606,-37.288135593220346,847579.0,627584.0,4384.670430079975,3319.1483685766693
1788398784.2483354,174.0382668999955,77.96610169491527,-37.288135593220346,848115.0,627974.0,4587.944638487869,3345.18163050643
1788398784.3640232,174.1539515000768,84.74576271186442,-37.288135593220346,848648.0,628380.0,4558.617740883957,3586.960174599926
1788398784.4813242,174.27125119999982,91.52542372881356,-37.288135593220346,849285.0,628714.0,5436.13937496495,2813.043836296338
1788398784.594424,174.38433660008013,98.30508474576271,-37.288135593220346,849892.0,628973.0,5303.083783240079,2219.679552004166
1788398784.708542,174.49846500018612,105.08474576271186,-37.288135593220346,850497.0,629255.0,5245.006926835529,2475.7899829468406
1788398784.824695,174.61461550020613,111.86440677966101,-37.288135593220346,851169.0,629490.0,5807.085544936335,2041.0596161051506
1788398784.943572,174.73349100002088,118.64406779661016,-37.288135593220346,851903.0,629718.0,6183.282426933601,1889.5827215736829
1788398785.0579634,174.8478806000203,125.42372881355931,-37.288135593220346,852644.0,629916.0,6406.940119378767,1739.815635865786
1788398785.17269,174.9626060000155,132.20338983050846,-37.288135593220346,853408.0,630104.0,6746.91786382999,1583.1785437636538
1788398785.2857761,175.0756897001993,138.9830508474576,-37.288135593220346,854216.0,630271.0,7175.839541191872,1518.5002383941508
1788398785.4006329,175.19054270000197,145.76271186440675,-37.288135593220346,855028.0,630456.0,7150.34176086252,1603.46647049329
1788398785.523213,175.313121000072,152.5423728813559,-37.288135593220346,855967.0,630629.0,7708.610895553686,1426.183280442017
1788398785.6388724,175.4287792001851,159.32203389830505,-37.288135593220346,856807.0,630765.0,7281.381288832896,1199.92800265411
1788398785.7543209,175.54422600008547,166.1016949152542,-37.288135593220346,857666.0,630935.0,7391.681848825246,1481.9731136021096
1788398785.8697405,175.65964390011504,172.88135593220335,-37.288135593220346,858588.0,631090.0,7908.188388026242,1304.3494111738785
1788398785.9831808,175.77308210008778,179.66101694915255,-37.288135593220346,859485.0,631238.0,7940.486981476012,1338.803037574444
1788398786.0979033,175.88780280016363,186.4406779661017,-37.288135593220346,860322.0,631398.0,7251.367042513763,1368.1824608516536
1788398786.2118297,176.00172570021823,193.22033898305085,-37.288135593220346,861120.0,631581.0,7065.785395775613,1591.641762329663
1788398786.3302116,176.12010639999062,200.0,-37.288135593220346,861943.0,631758.0,6843.877714736332,1486.251727387474
1788398786.4459674,176.23586070002057,-200.0,-30.508474576271198,862660.0,631957.0,6110.2018576519295,1727.5868347527778
1788398786.5602894,176.3501807001885,-193.22033898305085,-30.508474576271198,863397.0,632168.0,6456.930900044517,1840.9122140552454
1788398786.6742043,176.46409390005283,-186.4406779661017,-30.508474576271198,864083.0,632392.0,5892.1931234333015,1933.3758686265521
1788398786.7923977,176.58228490012698,-179.66101694915255,-30.508474576271198,864842.0,632590.0,6450.777035306119,1685.1748996726658
1788398786.907233,176.69711720012128,-172.8813559322034,-30.508474576271198,865571.0,632839.0,6342.471093572062,2095.530096995175
1788398787.0222726,176.81215570005588,-166.10169491525426,-30.508474576271198,866268.0,633082.0,6037.270569198435,2152.259598687055
1788398787.1348035,176.92468400020152,-159.32203389830508,-30.508474576271198,866894.0,633373.0,5640.703909034085,2569.0334635204745
1788398787.2504423,177.04032130003907,-152.54237288135593,-30.508474576271198,867551.0,633697.0,5826.654295126356,2758.0714688529147
1788398787.363584,177.1534607000649,-145.76271186440678,-30.508474576271198,868111.0,634021.0,4870.677044627877,2852.0314253714564
1788398787.4780781,177.2679531001486,-138.98305084745763,-30.508474576271198,868628.0,634371.0,4577.238376862719,3118.759615497644
1788398787.59141,177.38128269999288,-132.20338983050848,-30.508474576271198,869222.0,634750.0,5250.413224091491,3287.2957575881474
1788398787.7041693,177.49404070014134,-125.42372881355932,-30.508474576271198,869720.0,635167.0,4469.375484658109,3707.4445288536076
1788398787.8168995,177.6067691000644,-118.64406779661017,-30.508474576271198,870194.0,635583.0,4136.379697483821,3634.4369926206155
1788398787.9317083,177.72157610021532,-111.86440677966102,-30.508474576271198,870612.0,636040.0,3646.1485671814216,3937.8404525559354
1788398788.043389,177.8332548001781,-105.08474576271186,-30.508474576271198,870955.0,636492.0,3028.83109219282,4135.339045377813
1788398788.1622345,177.9520984000992,-98.30508474576271,-30.508474576271198,871311.0,637075.0,3010.8482346364485,4901.80779663373
1788398788.2772024,178.0670635001734,-91.52542372881356,-30.508474576271198,871625.0,637664.0,2687.001993128161,5180.760692229981
1788398788.395558,178.18541710008867,-84.74576271186442,-30.508474576271198,871945.0,638257.0,2730.4565720519454,5061.560652273164
1788398788.5117073,178.30156380007975,-77.96610169491527,-30.508474576271198,872254.0,638874.0,2635.9428904229035,5298.967385884399
1788398788.627128,178.41698159999214,-71.18644067796612,-30.508474576271198,872515.0,639517.0,2252.588416247107,5640.627904098447
1788398788.741424,178.53127640020102,-64.40677966101697,-30.508474576271198,872743.0,640124.0,1992.0520784251614,5330.583802452516
1788398788.8557708,178.6456221002154,-57.62711864406779,-30.508474576271198,872946.0,640767.0,1748.4992064925339,5634.052998698165
1788398788.9707386,178.76058730017394,-50.847457627118644,-30.508474576271198,873093.0,641374.0,1258.8128307218951,5199.444300807827
1788398789.0846193,178.87446640012786,-44.067796610169495,-30.508474576271198,873288.0,641970.0,1667.4374342014937,5241.833701992541
1788398789.1983001,178.98814570019022,-37.288135593220346,-30.508474576271198,873438.0,642674.0,1334.8676654923029,6131.185277364646
1788398789.3133347,179.10317820007913,-30.508474576271198,-30.508474576271198,873604.0,643391.0,1464.9801479870553,6087.401981387205
1788398789.4341464,179.2239877001848,-23.72881355932205,-30.508474576271198,873791.0,644168.0,1525.2955387526479,6426.097181017072
1788398789.5496676,179.3395067001693,-16.9491525423729,-30.508474576271198,873983.0,644854.0,1663.0756563809045,5913.157889354327
1788398789.6686313,179.45846680016257,-10.169491525423723,-30.508474576271198,874135.0,645592.0,1332.064874069277,6201.302015092783
1788398789.7819824,179.57181660016067,-3.3898305084745743,-30.508474576271198,874292.0,646194.0,1371.2667733574674,5281.230140633489
1788398789.8977828,179.68761450005695,3.3898305084745743,-30.508474576271198,874483.0,646855.0,1613.684039074032,5729.484902779709
1788398790.012334,179.80216490011662,10.169491525423723,-30.508474576271198,874727.0,647558.0,2140.1365040332958,6125.2182701642605
1788398790.12537,179.91519890003838,16.94915254237287,-30.508474576271198,874962.0,648156.0,2088.482674510855,5295.7953532239535
1788398790.2396684,180.0294954001438,23.72881355932202,-30.508474576271198,875233.0,648701.0,2325.489476236527,4706.128900526094
1788398790.35482,180.14464500010945,30.50847457627117,-30.508474576271198,875531.0,649319.0,2599.995270278442,5436.353746945833
1788398790.4703526,180.2601757000666,37.28813559322032,-30.508474576271198,875841.0,649837.0,2671.348922322907,4482.432937457082
1788398790.5864255,180.37624650006182,44.06779661016947,-30.508474576271198,876231.0,650346.0,3387.2256562890398,4459.246542189028
1788398790.7018418,180.49166080006398,50.847457627118644,-30.508474576271198,876641.0,650825.0,3550.187572678355,4163.235426723329
1788398790.8163111,180.60612720018253,57.627118644067764,-30.508474576271198,877016.0,651229.0,3296.4365431260017,3551.4617198148326
1788398790.929723,180.7195374001749,64.40677966101691,-30.508474576271198,877467.0,651666.0,3991.806981358804,3926.367522648004
1788398791.0457075,180.83551870007068,71.18644067796606,-30.508474576271198,877988.0,652091.0,4515.931098765553,3710.4844699276086
1788398791.163761,180.9535706001334,77.96610169491527,-30.508474576271198,878521.0,652428.0,4543.698824489352,2912.627451595738
1788398791.2781034,181.06791170011275,84.74576271186442,-30.508474576271198,879077.0,652762.0,4768.462607061541,2927.3573533698263
1788398791.3918457,181.18165240017697,91.52542372881356,-30.508474576271198,879738.0,653063.0,5872.909504739041,2660.2991330244245
1788398791.5087106,181.29851520014927,98.30508474576271,-30.508474576271198,880419.0,653322.0,5879.3787717847,2183.513577344698
1788398791.6237373,181.41354010021314,105.08474576271186,-30.508474576271198,881178.0,653585.0,6622.486355251158,2298.7142720706497
1788398791.739881,181.5296822001692,111.86440677966101,-30.508474576271198,881676.0,653767.0,4216.626484427199,1549.7003318835007
1788398791.8540084,181.64380750013515,118.64406779661016,-30.508474576271198,882462.0,653965.0,6950.901771823427,1703.2010964070648
1788398791.974079,181.76387540018186,125.42372881355931,-30.508474576271198,883299.0,654129.0,7111.30074429808,1324.4797636255173
1788398792.0908566,181.880649600178,132.20338983050846,-30.508474576271198,884184.0,654318.0,7407.881029653421,1561.9576523683538
1788398792.2116141,182.00140559999272,138.9830508474576,-30.508474576271198,885107.0,654503.0,8050.811201039855,1600.9613131210683
1788398792.326372,182.11616179998964,145.76271186440675,-30.508474576271198,886045.0,654676.0,8098.398748922252,1467.4335218885167
1788398792.4383647,182.2281516001094,152.5423728813559,-30.508474576271198,886987.0,654816.0,8499.79548054626,1257.1441439218531
1788398792.5564084,182.34619350009598,159.32203389830505,-30.508474576271198,887907.0,654964.0,7746.774716271485,1247.7423934666704
1788398792.6733403,182.46312390011735,166.1016949152542,-30.508474576271198,888897.0,655123.0,8332.202470917971,1347.989324828206
1788398792.7877746,182.5775566000957,172.88135593220335,-30.508474576271198,889833.0,655265.0,8310.884113337606,1242.4909803993098
1788398792.9009242,182.69070420018397,179.66101694915255,-30.508474576271198,890668.0,655402.0,7364.104481681857,1241.2452837048663
1788398793.0143821,182.8041605001781,186.4406779661017,-30.508474576271198,891573.0,655574.0,7930.815902017862,1526.9365505635324
1788398793.1276577,182.91743440018035,193.22033898305085,-30.508474576271198,892448.0,655778.0,7593.7439356814675,1819.91186779714
1788398793.242575,183.03234970010817,200.0,-30.508474576271198,893159.0,655945.0,6166.5103733792885,1450.4070256912823
1788398793.3570855,183.14685840019956,-200.0,-23.72881355932205,893921.0,656200.0,6518.636554787263,2225.8758967566264
1788398793.4720273,183.2617977000773,-193.22033898305085,-23.72881355932205,894721.0,656457.0,7161.400903370678,2299.532400164897
1788398793.5878787,183.37764700013213,-186.4406779661017,-23.72881355932205,895492.0,656701.0,6696.8729210655265,2119.147458583749
1788398793.704053,183.4938183000777,-179.66101694915255,-23.72881355932205,896230.0,656965.0,6295.488057561947,2260.6115914850484
1788398793.820391,183.61015510000288,-172.8813559322034,-23.72881355932205,896918.0,657249.0,5777.091746984499,2487.612061398688
1788398793.9355488,183.7253106001299,-166.10169491525426,-23.72881355932205,897533.0,657536.0,5410.266410615575,2500.5432990240056
1788398794.049708,183.83946750010364,-159.32203389830508,-23.72881355932205,898092.0,657823.0,4785.636794484917,2591.834240726841
1788398794.1630812,183.95283920015208,-152.54237288135593,-23.72881355932205,898708.0,658169.0,5318.518072684574,3066.950317175251
1788398794.278305,184.0680611000862,-145.76271186440678,-23.72881355932205,899306.0,658543.0,5113.078036316614,3169.5634718907604
1788398794.3916278,184.1813820002135,-138.98305084745763,-23.72881355932205,899836.0,658960.0,4621.5899506299365,3612.064290071494
1788398794.5067008,184.2964528000448,-132.20338983050848,-23.72881355932205,900368.0,659372.0,4574.186856182535,3610.2429063707086
1788398794.6181056,184.40785600012168,-125.42372881355932,-23.72881355932205,900872.0,659824.0,4516.643836759888,4168.4858743429795
1788398794.7315261,184.52127470006235,-118.64406779661017,-23.72881355932205,901343.0,660265.0,4179.412474357093,3890.2120576047046
1788398794.8488462,184.63859160011634,-111.86440677966102,-23.72881355932205,901735.0,660753.0,3384.9969977017063,4240.345701422029
1788398794.9671388,184.75688260002062,-105.08474576271186,-23.72881355932205,902146.0,661318.0,3534.1460355964414,4789.090841970113
1788398795.0820901,184.87183160008863,-98.30508474576271,-23.72881355932205,902464.0,661845.0,2809.4231883354473,4593.910229786302
1788398795.19619,184.98592950007878,-91.52542372881356,-23.72881355932205,902779.0,662396.0,2769.4955392635584,4872.089142650942
1788398795.3109283,185.10066590015776,-84.74576271186442,-23.72881355932205,903050.0,662912.0,2321.1537285844975,4513.3544722476345
1788398795.4296906,185.21942640002817,-77.96610169491527,-23.72881355932205,903294.0,663523.0,2043.4665686811893,5086.550982647982
1788398795.5417428,185.33147650002502,-71.18644067796612,-23.72881355932205,903507.0,664083.0,1894.3461277545587,5110.983364486309
1788398795.6579738,185.44770520017482,-64.40677966101697,-23.72881355932205,903721.0,664704.0,1856.6889714741171,5352.698449469284
1788398795.7716858,185.56141630001366,-57.62711864406779,-23.72881355932205,903899.0,665330.0,1537.4270908481376,5418.041253892534
1788398795.8867211,185.67644920013845,-50.847457627118644,-23.72881355932205,904047.0,665922.0,1263.6673813232974,5245.583302327645
1788398796.0001557,185.78988210018724,-44.067796610169495,-23.72881355932205,904197.0,666594.0,1321.86484501456,5842.087986358056
1788398796.1193256,185.909050000133,-37.288135593220346,-23.72881355932205,904363.0,667295.0,1406.8868019332047,5885.773266315495
1788398796.2331023,186.0228239002172,-30.508474576271198,-23.72881355932205,904514.0,667961.0,1258.674209724858,5821.368219977468
1788398796.347688,186.137407500064,-23.72881355932205,-23.72881355932205,904678.0,668676.0,1431.1729676952546,6165.05278391802
1788398796.4627142,186.25243190000765,-16.9491525423729,-23.72881355932205,904838.0,669328.0,1369.095204970434,5595.8320793758
1788398796.576426,186.36614190018736,-10.169491525423723,-23.72881355932205,905005.0,669970.0,1490.8204088639368,5668.798591729537
1788398796.691208,186.4809210000094,-3.3898305084745743,-23.72881355932205,905201.0,670584.0,1731.9347798631525,5305.18969410713
1788398796.805648,186.59535920014605,3.3898305084745743,-23.72881355932205,905423.0,671236.0,1942.623557965166,5735.803206693357
1788398796.9191046,186.70881450013258,10.169491525423723,-23.72881355932205,905657.0,671885.0,2118.636190765501,5677.573300691759
1788398797.033109,186.82281670020893,16.94915254237287,-23.72881355932205,905929.0,672480.0,2394.219249770542,5184.405529310827
1788398797.1466382,186.9363440000452,23.72881355932202,-23.72881355932205,906226.0,673052.0,2704.4963833496504,5021.317517208908
1788398797.263077,187.05278090015054,30.50847457627117,-23.72881355932205,906518.0,673590.0,2487.2829767941694,4624.370877433203
1788398797.3803954,187.17009790008888,37.28813559322032,-23.72881355932205,906865.0,674078.0,3020.9811093049584,4108.177850706743
1788398797.5035403,187.2932394000236,44.06779661016947,-23.72881355932205,907278.0,674633.0,3358.1960682776285,4394.143441525226
1788398797.6196868,187.409383200109,50.847457627118644,-23.72881355932205,907708.0,675080.0,3739.5332202048207,3932.9573522843802
1788398797.7410705,187.5307662000414,57.627118644067764,-23.72881355932205,908131.0,675506.0,3430.892419509229,3504.675052186847
1788398797.8545308,187.64422400016338,64.40677966101691,-23.72881355932205,908637.0,675950.0,4384.628876512118,3969.2429829478124
1788398797.96862,187.75831130007282,71.18644067796606,-23.72881355932205,909180.0,676346.0,4819.88674826028,3536.43031529442
1788398798.0837421,187.87343010003679,77.96610169491527,-23.72881355932205,909759.0,676680.0,5116.711921265985,2917.343741965153
1788398798.198837,187.98852410004474,84.74576271186442,-23.72881355932205,910389.0,676984.0,5507.592081684307,2635.255151666829
1788398798.314613,188.10429870011285,91.52542372881356,-23.72881355932205,911081.0,677241.0,5968.101585593126,2201.647231270635
1788398798.4293942,188.21907780016772,98.30508474576271,-23.72881355932205,911846.0,677508.0,6617.77122118162,2327.6298777949146
1788398798.5421443,188.33182600000873,105.08474576271186,-23.72881355932205,912616.0,677743.0,6893.30976930196,2080.9991756383274
1788398798.6558552,188.44553500018083,111.86440677966101,-23.72881355932205,913335.0,677946.0,6389.176325456964,1786.0233532257218
1788398798.7713208,188.560998900095,118.64406779661016,-23.72881355932205,914170.0,678129.0,7171.4418828254675,1604.7347828825636
1788398798.8867176,188.67639340017922,125.42372881355931,-23.72881355932205,914930.0,678300.0,6648.634632452603,1478.4821897541258
1788398799.002689,188.79236280010082,132.20338983050846,-23.72881355932205,915792.0,678434.0,7297.651219374193,1168.7285054987674
1788398799.1228845,188.91255530016497,138.9830508474576,-23.72881355932205,916684.0,678592.0,7505.945644590666,1328.8914755380301
1788398799.242339,189.03200710006058,145.76271186440675,-23.72881355932205,917535.0,678752.0,7020.408168958489,1324.2630396226607
1788398799.3575256,189.1471918001771,152.5423728813559,-23.72881355932205,918402.0,678896.0,7533.046215060852,1270.7444464726439
1788398799.4715328,189.2611977001652,159.32203389830505,-23.72881355932205,919190.0,679040.0,6892.304501796375,1253.9907112432759
1788398799.586335,189.37599810003303,166.1016949152542,-23.72881355932205,919999.0,679176.0,7100.598239144684,1128.3896426547753
1788398799.702364,189.4920253001619,172.88135593220335,-23.72881355932205,920877.0,679335.0,7675.343780171567,1351.29291904429
1788398799.8165734,189.60623210016638,179.66101694915255,-23.72881355932205,921709.0,679498.0,7341.623782597858,1435.2046492296563
1788398799.9298882,189.7195456000045,186.4406779661017,-23.72881355932205,922509.0,679662.0,7045.316822327376,1403.4865965322344
1788398800.0460289,189.8356842000503,193.22033898305085,-23.72881355932205,923342.0,679872.0,7279.869541267454,1828.9771248481352
1788398800.160487,189.95014050020836,200.0,-23.72881355932205,924128.0,680100.0,6916.32527570681,2012.68724954431
1788398800.2803261,190.06997790001333,-200.0,-16.9491525423729,924767.0,680332.0,5140.41927350374,1857.982869941111
1788398800.3971932,190.18684149999171,-193.22033898305085,-16.9491525423729,925458.0,680603.0,5915.149648776028,2307.4577577268715
1788398800.5153844,190.3050301000476,-186.4406779661017,-16.9491525423729,926215.0,680908.0,6338.985603934062,2511.498682260425
1788398800.6298497,190.41949430014938,-179.66101694915255,-16.9491525423729,926836.0,681160.0,5372.329188330947,2233.8550920551356
1788398800.7448997,190.53454220015556,-172.8813559322034,-16.9491525423729,927478.0,681466.0,5592.36866163219,2626.301210553048
1788398800.859385,190.64902450004593,-166.10169491525426,-16.9491525423729,928058.0,681756.0,4918.4961151314765,2541.8347460660802
1788398800.9740992,190.76373830018565,-159.32203389830508,-16.9491525423729,928615.0,682115.0,4769.030139976217,3096.172668395412
1788398801.0876215,190.8772577000782,-152.54237288135593,-16.9491525423729,929226.0,682501.0,5468.900577495528,3449.1885598369768
1788398801.2026696,190.99230470019393,-145.76271186440678,-16.9491525423729,929802.0,682886.0,5072.9058255561795,3375.8215982001334
1788398801.3160145,191.10564770014025,-138.98305084745763,-16.9491525423729,930295.0,683321.0,4365.965772975569,3867.5257058705356
1788398801.4338095,191.22344070021063,-132.20338983050848,-16.9491525423729,930841.0,683783.0,4624.7310350802645,3843.586445661717
1788398801.5486877,191.3383168000728,-125.42372881355932,-16.9491525423729,931324.0,684285.0,4173.878664091725,4329.483789726723
1788398801.6634007,191.4530278001912,-118.64406779661017,-16.9491525423729,931770.0,684768.0,3951.7111976832452,4322.76389230139
1788398801.776522,191.56614690017886,-111.86440677966102,-16.9491525423729,932140.0,685257.0,3245.5519759562067,4330.493636490139
1788398801.8899918,191.67961370013654,-105.08474576271186,-16.9491525423729,932458.0,685767.0,2779.6257160279224,4493.728240911808
1788398802.004538,191.794157900149,-98.30508474576271,-16.9491525423729,932729.0,686247.0,2288.2285813408394,4126.163184827457
1788398802.1188333,191.90845170011744,-91.52542372881356,-16.9491525423729,933006.0,686835.0,2368.26959209436,5076.174745845663
1788398802.2342696,192.02388600003906,-84.74576271186442,-16.9491525423729,933254.0,687459.0,2161.6494200564625,5490.771944615993
1788398802.3524423,192.14205720019527,-77.96610169491527,-16.9491525423729,933483.0,688128.0,1951.5812679471096,5695.068972827474
1788398802.4665465,192.2561593002174,-71.18644067796612,-16.9491525423729,933717.0,688731.0,2028.870550953607,5352.178874235081
1788398802.5823483,192.37195930001326,-64.40677966101697,-16.9491525423729,933889.0,689412.0,1508.2792821178996,5933.769391326108
1788398802.6997898,192.4893992000725,-57.62711864406779,-16.9491525423729,934065.0,690128.0,1521.7124335372746,6051.254121668694
1788398802.8156173,192.60522470017895,-50.847457627118644,-16.9491525423729,934228.0,690790.0,1420.813916277445,5802.420703249179
1788398802.9310083,192.7206121000927,-44.067796610169495,-16.9491525423729,934377.0,691476.0,1329.1469863574034,6032.282476545139
1788398803.0516,192.84120150003582,-37.288135593220346,-16.9491525423729,934541.0,692192.0,1337.3779990857934,5846.510577084516
1788398803.1670122,192.95661150012165,-30.508474576271198,-16.9491525423729,934683.0,692858.0,1258.539926883517,5695.582150859712
1788398803.282458,193.07205600012094,-23.72881355932205,-16.9491525423729,934833.0,693500.0,1314.1563830083378,5667.299401723456
1788398803.395946,193.18554190010764,-16.9491525423729,-16.9491525423729,934975.0,694128.0,1223.0715785946777,5559.4162663394445
1788398803.510671,193.30026500020176,-10.169491525423723,-16.9491525423729,935133.0,694751.0,1403.5937521420194,5320.8129166168055
1788398803.6261477,193.41574030020274,-3.3898305084745743,-16.9491525423729,935322.0,695371.0,1617.1027667315843,5360.059732424915
1788398803.7385187,193.5281099001877,3.3898305084745743,-16.9491525423729,935573.0,695942.0,2254.659081736106,5077.641320438752
1788398803.8512435,193.64083220018074,10.169491525423723,-16.9491525423729,935806.0,696558.0,2071.8495088395316,5500.156543645752
1788398803.968182,193.7577688000165,16.94915254237287,-16.9491525423729,936063.0,697121.0,2244.9600223562065,4740.35383206689
1788398804.0845659,193.87415100005455,23.72881355932202,-16.9491525423729,936370.0,697761.0,2602.6882942909942,5259.788190553229
1788398804.1986196,193.988202100154,30.50847457627117,-16.9491525423729,936725.0,698257.0,3057.1462671406684,4352.705203520403
1788398804.3106995,194.10028030001558,37.28813559322032,-16.9491525423729,937071.0,698758.0,3163.778587282316,4534.4363728705
1788398804.425433,194.21501180017367,44.06779661016947,-16.9491525423729,937490.0,699219.0,3666.8828498411835,4004.382017612636
1788398804.5386207,194.32819610019214,50.847457627118644,-16.9491525423729,937961.0,699686.0,4231.375691430709,4194.339580345976
1788398804.656196,194.4457698999904,57.627118644067764,-16.9491525423729,938416.0,700027.0,3902.439025574341,2828.3732387190175
1788398804.7709088,194.5604802002199,64.40677966101691,-16.9491525423729,939031.0,700443.0,5442.26957746308,3628.17971830872
1788398804.8862972,194.67586680012755,71.18644067796606,-16.9491525423729,939620.0,700812.0,5205.158518124941,3176.340118644144
1788398805.0024004,194.79196890001185,77.96610169491527,-16.9491525423729,940249.0,701137.0,5385.092869757895,2719.6526070421583
1788398805.1162703,194.9058370999992,84.74576271186442,-16.9491525423729,940975.0,701457.0,6478.132169321447,2769.769578076357
1788398805.2330415,195.0226063001901,91.52542372881356,-16.9491525423729,941751.0,701750.0,6586.064501106566,2524.80781011043
1788398805.347073,195.1366357000079,98.30508474576271,-16.9491525423729,942362.0,701962.0,5313.49629126054,1746.5231287795511
1788398805.4650698,195.25462880008854,105.08474576271186,-16.9491525423729,943166.0,702203.0,7059.926648401116,2068.3378852737646
1788398805.5804622,195.37001990014687,111.86440677966101,-16.9491525423729,944053.0,702423.0,7629.891564225729,1916.6434338018958
1788398805.7010357,195.49059110018425,118.64406779661016,-16.9491525423729,944917.0,702597.0,7211.311525471987,1433.5213214271587
1788398805.818281,195.60783470002934,125.42372881355931,-16.9491525423729,945756.0,702754.0,7159.9864337716945,1318.232054641447
1788398805.936877,195.72642890014686,132.20338983050846,-16.9491525423729,946582.0,702913.0,6751.763138323561,1357.4504075735938
1788398806.0502453,195.83979570004158,138.9830508474576,-16.9491525423729,947474.0,703064.0,7927.268700980157,1339.689931983826
1788398806.1638222,195.95337040000595,145.76271186440675,-16.9491525423729,948283.0,703207.0,7166.144815770977,1272.7515889014091
1788398806.2796133,196.06915920018218,152.5423728813559,-16.9491525423729,949131.0,703327.0,7413.619070209271,1062.982146096182
1788398806.3953843,196.18492900021374,159.32203389830505,-16.9491525423729,950021.0,703472.0,7444.703302437377,1254.4188714729646
1788398806.518846,196.3083883000072,166.1016949152542,-16.9491525423729,950902.0,703638.0,7196.193041757638,1267.3633101286068
1788398806.6346285,196.42416739999317,172.88135593220335,-16.9491525423729,951727.0,703788.0,6822.2872412228135,1288.961152187846
1788398806.758218,196.54775530006737,179.66101694915255,-16.9491525423729,952619.0,703969.0,7381.297940108941,1492.8467744040554
1788398806.871278,196.66081380005926,186.4406779661017,-16.9491525423729,953355.0,704165.0,6464.832612489306,1774.1135473928985
1788398806.9851654,196.77469920017757,193.22033898305085,-16.9491525423729,954153.0,704386.0,7020.574695477916,2003.2529890238034
1788398807.101845,196.89137590001337,200.0,-16.9491525423729,954891.0,704602.0,6258.272427718012,1843.3129995433799
1788398807.2180607,197.00758990016766,-200.0,-10.169491525423723,955513.0,704900.0,5433.200555170506,2612.63720539813
1788398807.3330467,197.12257440015674,-193.22033898305085,-10.169491525423723,956205.0,705179.0,6166.355588935311,2426.107116958155
1788398807.4472277,197.23675340018235,-186.4406779661017,-10.169491525423723,956857.0,705450.0,5642.71951062216,2376.364802034373
1788398807.5617266,197.35125050018542,-179.66101694915255,-10.169491525423723,957526.0,705760.0,5838.164964127784,2713.513293186153
1788398807.6763797,197.46590190008283,-172.8813559322034,-10.169491525423723,958116.0,706061.0,5087.074982054174,2635.0316453805794
1788398807.796578,197.5860980001744,-166.10169491525426,-10.169491525423723,958759.0,706415.0,5366.601425817132,2882.7352253544727
1788398807.9118752,197.70139160007238,-159.32203389830508,-10.169491525423723,959334.0,706774.0,5059.02818232829,3072.547391469109
1788398808.0315526,197.821067500161,-152.54237288135593,-10.169491525423723,959899.0,707208.0,4858.983651778997,3552.2115333081306
1788398808.14665,197.93616330018267,-145.76271186440678,-10.169491525423723,960415.0,707641.0,4361.313874557583,3822.992705940643
1788398808.2615423,198.05105300014839,-138.98305084745763,-10.169491525423723,960933.0,708103.0,4459.92011939576,4039.5178130592744
1788398808.3756123,198.16512110014446,-132.20338983050848,-10.169491525423723,961376.0,708570.0,3836.4124359662874,4020.41303241551
1788398808.4886088,198.27811620011926,-125.42372881355932,-10.169491525423723,961799.0,709067.0,3785.974924399827,4476.029467270731
1788398808.6027243,198.39223000011407,-118.64406779661017,-10.169491525423723,962229.0,709622.0,3800.8989938430964,4902.60884713095
1788398808.71681,198.5063140001148,-111.86440677966102,-10.169491525423723,962615.0,710218.0,3332.762526824662,5284.5461060700445
1788398808.8330984,198.62259990000166,-105.08474576271186,-10.169491525423723,962918.0,710740.0,2591.3752185991934,4462.9239875875
1788398808.9501162,198.73961600009352,-98.30508474576271,-10.169491525423723,963209.0,711301.0,2469.8715931938204,4707.074123260687
1788398809.0631754,198.85267260018736,-91.52542372881356,-10.169491525423723,963468.0,711959.0,2331.911177742299,5764.484431378963
1788398809.1767137,198.96620900020935,-84.74576271186442,-10.169491525423723,963724.0,712632.0,2246.4317006413257,5913.128071522829
1788398809.2893445,199.0788381001912,-77.96610169491527,-10.169491525423723,963933.0,713253.0,1844.8551390517787,5506.613066563642
1788398809.4001875,199.18967870017514,-71.18644067796612,-10.169491525423723,964096.0,713892.0,1503.642789996032,5730.864973192423
1788398809.51382,199.30330960010178,-64.40677966101697,-10.169491525423723,964275.0,714535.0,1588.1061908573656,5549.138492472539
1788398809.6258903,199.4153781000059,-57.62711864406779,-10.169491525423723,964435.0,715133.0,1468.0031429045514,5385.794970146635
1788398809.740707,199.53019220009446,-50.847457627118644,-10.169491525423723,964578.0,715871.0,1258.0990129828078,6390.7783195720895
1788398809.857257,199.6467399999965,-44.067796610169495,-10.169491525423723,964745.0,716573.0,1453.3423272205605,6055.593030085669
1788398809.973014,199.76249580015428,-37.288135593220346,-10.169491525423723,964910.0,717263.0,1440.3626053456642,6034.93699201791
1788398810.085712,199.87519190018065,-30.508474576271198,-10.169491525423723,965070.0,717883.0,1430.4942349776102,5406.1535373829165
1788398810.2012234,199.99070150009356,-23.72881355932205,-10.169491525423723,965233.0,718580.0,1379.4640740169295,5956.361432179059
1788398810.3224037,200.11187940021046,-16.9491525423729,-10.169491525423723,965437.0,719350.0,1699.7445137922466,6360.899572232841
1788398810.441416,200.23088799999095,-10.169491525423723,-10.169491525423723,965626.0,720007.0,1659.1201010781128,5633.715508056449
1788398810.5661018,200.35557190002874,-3.3898305084745743,-10.169491525423723,965884.0,720636.0,2079.441883554564,4987.059755364625
1788398810.6820214,200.47148960013874,3.3898305084745743,-10.169491525423723,966144.0,721298.0,2201.1746827448483,5697.690845458887
1788398810.797989,200.58745540003292,10.169491525423723,-10.169491525423723,966422.0,721897.0,2412.027000912772,5169.929571767753
1788398810.9118807,200.7013448001817,16.94915254237287,-10.169491525423723,966705.0,722418.0,2434.3239694318304,4582.799290937954
1788398811.0282938,200.81775570008904,23.72881355932202,-10.169491525423723,967068.0,722985.0,3175.130199547105,4808.05430217133
1788398811.1460626,200.93552350020036,30.50847457627117,-10.169491525423723,967400.0,723432.0,2794.2711144371624,3731.6464084176805
1788398811.259955,201.04941330011934,37.28813559322032,-10.169491525423723,967842.0,723892.0,3890.8322611112667,4028.805036327978
1788398811.37456,201.1640172000043,44.06779661016947,-10.169491525423723,968252.0,724340.0,3532.9511793071115,3862.449216755443
1788398811.4878519,201.2773073001299,50.847457627118644,-10.169491525423723,968767.0,724771.0,4555.091607193064,3749.6180912869736
1788398811.6078844,201.397337900009,57.627118644067764,-10.169491525423723,969311.0,725157.0,4571.881072416022,3204.755470178998
1788398811.7240307,201.51348080020398,64.40677966101691,-10.169491525423723,969864.0,725508.0,4926.7264684944685,3072.284483162281
1788398811.8455887,201.6350368000567,71.18644067796606,-10.169491525423723,970571.0,725833.0,5829.363110338393,2769.401477652975
1788398811.9590964,201.74854170018807,77.96610169491527,-10.169491525423723,971193.0,726125.0,5429.990249575216,2524.7134151871087
1788398812.074713,201.86415770021267,84.74576271186442,-10.169491525423723,971953.0,726386.0,6600.90177803955,2279.645690335434
1788398812.1898813,201.9793242001906,91.52542372881356,-10.169491525423723,972698.0,726635.0,6608.634316894698,2145.3063257044687
1788398812.3046622,202.0941022001207,98.30508474576271,-10.169491525423723,973498.0,726880.0,7040.076444719673,2152.147721442802
1788398812.4242032,202.21364170010202,105.08474576271186,-10.169491525423723,974268.0,727078.0,6497.668439390324,1606.7604021318464
1788398812.5382066,202.32764290017076,111.86440677966101,-10.169491525423723,975051.0,727239.0,6773.652800693802,1349.1859603019034
1788398812.6530273,202.44246200006455,118.64406779661016,-10.169491525423723,975808.0,727404.0,6679.336058608126,1418.215190526383
1788398812.7663283,202.5557615000289,125.42372881355931,-10.169491525423723,976618.0,727555.0,7125.640482005189,1340.1009985612873
1788398812.8873394,202.6767704000231,132.20338983050846,-10.169491525423723,977447.0,727696.0,6837.079410095211,1165.8096942854654
1788398813.00745,202.79687830014154,138.9830508474576,-10.169491525423723,978252.0,727830.0,6815.319122780677,1115.071846004692
1788398813.125032,202.91445750021376,145.76271186440675,-10.169491525423723,979153.0,727972.0,7546.961933790881,1248.645770067591
1788398813.2435858,203.03300840011798,152.5423728813559,-10.169491525423723,980065.0,728099.0,7849.899036409382,1089.0033345307813
1788398813.3623357,203.1517570000142,159.32203389830505,-10.169491525423723,980891.0,728252.0,6938.320575724167,1280.2320546174915
1788398813.475829,203.2652476001531,166.1016949152542,-10.169491525423723,981696.0,728402.0,7017.576343822882,1370.1864101395602
1788398813.5924385,203.38185640005395,172.88135593220335,-10.169491525423723,982495.0,728588.0,6795.740246118972,1610.2356406466643
1788398813.7076218,203.49703810014762,179.66101694915255,-10.169491525423723,983246.0,728764.0,6556.792129101136,1563.3305216650676
1788398813.8200977,203.6095122001134,186.4406779661017,-10.169491525423723,983980.0,728947.0,6434.215497342969,1601.5702829855145
1788398813.9327345,203.7221469001379,193.22033898305085,-10.169491525423723,984633.0,729153.0,5831.494904781679,1878.7272261019125
1788398814.047611,203.83702159998938,200.0,-10.169491525423723,985309.0,729402.0,5834.061076033903,2169.541462650108
1788398814.1741652,203.9635737000499,-200.0,-3.3898305084745743,985895.0,729725.0,4999.854499109269,2707.1522596588106
1788398814.289749,204.07915410003625,-193.22033898305085,-3.3898305084745743,986544.0,730027.0,5385.611649694181,2688.186946931401
1788398814.4074864,204.1968895001337,-186.4406779661017,-3.3898305084745743,987234.0,730405.0,5983.74806615276,3172.6519202713275
1788398814.5232437,204.3126442001667,-179.66101694915255,-3.3898305084745743,987831.0,730722.0,5140.005709208473,2670.6079485567157
1788398814.639011,204.42841050005518,-172.8813559322034,-3.3898305084745743,988479.0,731098.0,5657.019122305515,3274.15897754017
1788398814.7511396,204.54053790005855,-166.10169491525426,-3.3898305084745743,988966.0,731435.0,4298.756070078217,2896.987786357059
1788398814.8628113,204.65220750006847,-159.32203389830508,-3.3898305084745743,989425.0,731789.0,4108.020305170838,3188.8742094933446
1788398814.9762435,204.76563740009442,-152.54237288135593,-3.3898305084745743,989933.0,732221.0,4431.195988151688,3711.1266400770387
1788398815.0883155,204.87770740012638,-145.76271186440678,-3.3898305084745743,990323.0,732629.0,3413.1384332897424,3544.0533321008556
1788398815.2014441,204.9908344000578,-138.98305084745763,-3.3898305084745743,990801.0,733135.0,4157.392009255173,4453.6872081330475
1788398815.3116765,205.10106490016915,-132.20338983050848,-3.3898305084745743,991172.0,733565.0,3329.3761319771247,3966.7138486698886
1788398815.4256716,205.21505810017698,-125.42372881355932,-3.3898305084745743,991534.0,734111.0,3164.251319505717,4727.98016926145
1788398815.5407853,205.3301682001911,-118.64406779661017,-3.3898305084745743,991879.0,734593.0,2898.704219880222,4273.730580592634
1788398815.6591766,205.4485585000366,-111.86440677966102,-3.3898305084745743,992238.0,735193.0,3192.288319463281,5148.256885145985
1788398815.776997,205.56637710006908,-105.08474576271186,-3.3898305084745743,992551.0,735741.0,2606.559814084621,4697.145330500614
1788398815.890858,205.68023490021005,-98.30508474576271,-3.3898305084745743,992792.0,736370.0,2040.330534034761,5560.360239148786
1788398816.0062668,205.79564210004173,-91.52542372881356,-3.3898305084745743,993005.0,736993.0,1883.3355877521064,5503.728271003729
1788398816.12132,205.9106937001925,-84.74576271186442,-3.3898305084745743,993212.0,737673.0,1778.247925099935,6073.400605725931
1788398816.2420845,206.03145700017922,-77.96610169491527,-3.3898305084745743,993408.0,738329.0,1596.9089389650908,5380.888816078023
1788398816.356562,206.14593230001628,-71.18644067796612,-3.3898305084745743,993595.0,738950.0,1579.4913664137412,5495.8910117905025
1788398816.4726443,206.2620114001911,-64.40677966101697,-3.3898305084745743,993782.0,739625.0,1608.2505106147635,5776.761891576018
1788398816.597022,206.3863869002089,-57.62711864406779,-3.3898305084745743,993962.0,740395.0,1497.34840844438,6255.793043868852
1788398816.7106996,206.50006220000796,-50.847457627118644,-3.3898305084745743,994116.0,741049.0,1332.240402982785,5736.035068398102
1788398816.8282716,206.61763250012882,-44.067796610169495,-3.3898305084745743,994262.0,741656.0,1238.9904931197552,5207.351347894623
1788398816.9464455,206.73580350005068,-37.288135593220346,-3.3898305084745743,994416.0,742293.0,1312.2114573500944,5408.439114753768
1788398817.0622761,206.8516332001891,-30.508474576271198,-3.3898305084745743,994578.0,742931.0,1408.3064468183554,5413.749457899133
1788398817.1791067,206.9684616001323,-23.72881355932205,-3.3898305084745743,994777.0,743568.0,1740.2162142724117,5489.754242962454
1788398817.2940724,207.0834258000832,-16.9491525423729,-3.3898305084745743,994983.0,744233.0,1771.0419051295407,5799.474010579636
1788398817.4081182,207.1974698000122,-10.169491525423723,-3.3898305084745743,995211.0,744839.0,1983.0212991601375,5315.598760248702
1788398817.5256915,207.31504070013762,-3.3898305084745743,-3.3898305084745743,995466.0,745491.0,2198.772605017879,5474.6767290931
1788398817.639879,207.42922690021805,3.3898305084745743,-3.3898305084745743,995739.0,746077.0,2419.6630634372486,5178.445571371384
1788398817.7540793,207.54342520004138,10.169491525423723,-3.3898305084745743,996043.0,746611.0,2572.3163221164677,4654.227014476918
1788398817.8701396,207.65948160015978,16.94915254237287,-3.3898305084745743,996377.0,747174.0,2955.7405615010885,4849.261858712724
1788398818.0025368,207.7918769000098,23.72881355932202,-3.3898305084745743,996782.0,747753.0,3179.6444439189386,4701.13619788588
1788398818.118151,207.90748920012265,30.50847457627117,-3.3898305084745743,997206.0,748214.0,3648.7371784678194,3952.798610006804
1788398818.2317426,208.02107890020125,37.28813559322032,-3.3898305084745743,997660.0,748678.0,4041.7119424125194,4078.707017400277
1788398818.3521657,208.14149910002016,44.06779661016947,-3.3898305084745743,998133.0,749103.0,4010.8089915371156,3563.2132397463215
1788398818.466897,208.25622930005193,50.847457627118644,-3.3898305084745743,998670.0,749476.0,4652.165728280009,3275.7853352977577
1788398818.5821671,208.37149800010957,57.627118644067764,-3.3898305084745743,999279.0,749860.0,5271.289309295433,3295.69383413635
1788398818.696811,208.4861398001667,64.40677966101691,-3.3898305084745743,999861.0,750184.0,5119.798722686915,2898.1717769495576
1788398818.8111994,208.6005266001448,71.18644067796606,-3.3898305084745743,1000453.0,750487.0,5233.2262223929365,2607.464114304173
1788398818.9286988,208.7180240000598,77.96610169491527,-3.3898305084745743,1001093.0,750776.0,5422.254753788636,2412.8588477450253
1788398819.0430965,208.8324200999923,84.74576271186442,-3.3898305084745743,1001819.0,751022.0,6406.7101037340835,2126.3649913255363
1788398819.1559196,208.94524020003155,91.52542372881356,-3.3898305084745743,1002577.0,751238.0,6801.449971969658,1943.2714205627594
1788398819.2755187,209.06483630021103,98.30508474576271,-3.3898305084745743,1003439.0,751455.0,7257.852872790509,1755.640221098951
1788398819.3937225,209.18303780001588,105.08474576271186,-3.3898305084745743,1004162.0,751628.0,5976.213585704749,1471.6201622456138
1788398819.5111043,209.30041740019806,111.86440677966101,-3.3898305084745743,1005026.0,751800.0,7410.21528152431,1404.6094579803066
1788398819.6278017,209.41711430018768,118.64406779661016,-3.3898305084745743,1005809.0,751941.0,6741.713542125984,1214.2333530173144
1788398819.7429647,209.5322746001184,125.42372881355931,-3.3898305084745743,1006565.0,752076.0,6615.517577388817,1190.4296739532074
1788398819.858115,209.64742330019362,132.20338983050846,-3.3898305084745743,1007499.0,752240.0,8190.926013317365,1412.2286229857525
1788398819.9721982,209.7615048000589,138.9830508474576,-3.3898305084745743,1008286.0,752373.0,6842.2349812614375,1103.5862873002318
1788398820.084573,209.87387750018388,145.76271186440675,-3.3898305084745743,1009148.0,752519.0,7548.611664706219,1295.3790387582278
1788398820.1976147,209.98691720003262,152.5423728813559,-3.3898305084745743,1009978.0,752660.0,7473.135595790231,1203.8508394705452
1788398820.3111575,210.1004581002053,159.32203389830505,-3.3898305084745743,1010767.0,752814.0,6890.412917601276,1365.1688243708015
1788398820.4282272,210.21752610011026,166.1016949152542,-3.3898305084745743,1011616.0,752987.0,7281.176550492285,1499.0657603954705
1788398820.5435307,210.33282730006613,172.88135593220335,-3.3898305084745743,1012449.0,753172.0,7167.835375984691,1629.4696001599937
1788398820.6598995,210.44919430022128,179.66101694915255,-3.3898305084745743,1013211.0,753366.0,6476.975083555039,1678.875977748686
1788398820.7732322,210.56252490007319,186.4406779661017,-3.3898305084745743,1013939.0,753555.0,6381.345450969748,1689.1796781978744
1788398820.8889425,210.67823310010135,193.22033898305085,-3.3898305084745743,1014624.0,753815.0,6026.910423109667,2280.7001449153604
1788398821.003805,210.79309340007603,200.0,-3.3898305084745743,1015352.0,754086.0,6271.352682404262,2342.641917700429
1788398821.1189249,210.908210700145,-200.0,3.3898305084745743,1015868.0,754379.0,4379.3103127676,2545.474119296168
1788398821.233302,211.02258610003628,-193.22033898305085,3.3898305084745743,1016454.0,754706.0,5086.983753090099,2855.6894353989546
1788398821.3509307,211.1402124001179,-186.4406779661017,3.3898305084745743,1017048.0,755008.0,5045.138839680624,2602.792475594951
1788398821.4662561,211.25553640001453,-179.66101694915255,3.3898305084745743,1017570.0,755356.0,4388.034138045975,3032.2323584409555
1788398821.5844204,211.37369820009917,-172.8813559322034,3.3898305084745743,1018141.0,755779.0,4909.63615657493,3609.246039428057
1788398821.6989293,211.4882060000673,-166.10169491525426,3.3898305084745743,1018672.0,756166.0,4621.754342350914,3392.9545767258696
1788398821.8130288,211.6023035000544,-159.32203389830508,3.3898305084745743,1019215.0,756581.0,4762.774373096216,3597.3170602191067
1788398821.9282093,211.71748190000653,-152.54237288135593,3.3898305084745743,1019682.0,757008.0,4041.61868315079,3714.6562728284784
1788398822.0448644,211.83413520012982,-145.76271186440678,3.3898305084745743,1020193.0,757542.0,4364.0673821968285,4597.536007581844
1788398822.164895,211.95416290010326,-138.98305084745763,3.3898305084745743,1020633.0,758010.0,3745.8822225787444,3943.0339185039415
1788398822.2832205,212.0724863000214,-132.20338983050848,3.3898305084745743,1020995.0,758509.0,3012.001172447852,4178.233333731014
1788398822.3949363,212.18420010013506,-125.42372881355932,3.3898305084745743,1021358.0,759063.0,3256.552523271598,4917.675856467774
1788398822.5114384,212.3007000000216,-118.64406779661017,3.3898305084745743,1021664.0,759639.0,2629.8452226127292,4925.311499394974
1788398822.6259892,212.4152483001817,-111.86440677966102,3.3898305084745743,1021944.0,760186.0,2447.1031651571598,4811.719706769696
1788398822.7389617,212.52822000021115,-105.08474576271186,3.3898305084745743,1022197.0,760770.0,2234.795675029538,5161.536454461528
1788398822.854094,212.6433504000306,-98.30508474576271,3.3898305084745743,1022447.0,761456.0,2172.3935164196905,5962.720279377895
1788398822.969118,212.75837240018882,-91.52542372881356,3.3898305084745743,1022669.0,762084.0,1847.2816754283892,5432.646109511075
1788398823.083643,212.87289540003985,-84.74576271186442,3.3898305084745743,1022866.0,762770.0,1718.5428926210825,6042.323680970934
1788398823.1983202,212.98757040011697,-77.96610169491527,3.3898305084745743,1023049.0,763388.0,1607.1987828933336,5427.739889656916
1788398823.3184721,213.10772060020827,-71.18644067796612,3.3898305084745743,1023237.0,764116.0,1563.4982461543034,5993.409943591496
1788398823.4337227,213.2229675000999,-64.40677966101697,3.3898305084745743,1023389.0,764784.0,1310.3166841407397,5727.955790672376
1788398823.552668,213.34191060019657,-57.62711864406779,3.3898305084745743,1023534.0,765484.0,1279.7262123572095,5987.290493528373
1788398823.6666434,213.45588400005363,-50.847457627118644,3.3898305084745743,1023697.0,766191.0,1433.7224576362437,6116.595160175404
1788398823.781829,213.57106820004992,-44.067796610169495,3.3898305084745743,1023861.0,766946.0,1402.6595531131293,6582.415419184488
1788398823.899004,213.68824160005897,-37.288135593220346,3.3898305084745743,1024049.0,767703.0,1594.0431438380508,6457.2256165643075
1788398824.0129685,213.8022040000651,-30.508474576271198,3.3898305084745743,1024224.0,768392.0,1580.0590985607128,5969.112150118248
1788398824.1261346,213.9153688000515,-23.72881355932205,3.3898305084745743,1024417.0,769050.0,1711.2802059193773,5864.603516502082
1788398824.2388315,214.02806380018592,-16.9491525423729,3.3898305084745743,1024639.0,769688.0,1974.9847661151045,5720.003049031482
1788398824.354177,214.14340719999745,-10.169491525423723,3.3898305084745743,1024896.0,770263.0,2221.946113799906,4997.111464096931
1788398824.4693446,214.25857290020213,-3.3898305084745743,3.3898305084745743,1025168.0,770814.0,2365.1931227224063,4730.386245444813
1788398824.5876303,214.37685590004548,3.3898305084745743,3.3898305084745743,1025483.0,771398.0,2681.6889930657617,4907.308429487686
1788398824.7040374,214.49325980013236,10.169491525423723,3.3898305084745743,1025874.0,771950.0,3333.302806382684,4642.814623175881
1788398824.8181064,214.60732740000822,16.94915254237287,3.3898305084745743,1026248.0,772423.0,3299.869387333671,4141.012564497156
1788398824.9333,214.7225186000578,23.72881355932202,3.3898305084745743,1026658.0,772963.0,3581.0972772760583,4683.674301577339
1788398825.0473082,214.8365254001692,30.50847457627117,3.3898305084745743,1027069.0,773399.0,3526.8269015369438,3803.0796614484534
1788398825.1631093,214.9523248001933,37.28813559322032,3.3898305084745743,1027578.0,773885.0,4403.426669922593,4157.780967261621
1788398825.2832408,215.07245420012623,44.06779661016947,3.3898305084745743,1028165.0,774319.0,4945.386306071066,3658.7105768808956
1788398825.3975322,215.18674360006116,50.847457627118644,3.3898305084745743,1028757.0,774741.0,5277.7749700021495,3628.470291876478
1788398825.5128617,215.30207140021957,57.627118644067764,3.3898305084745743,1029347.0,775082.0,5145.818012776583,2939.159398756731
1788398825.6292624,215.41847010003403,64.40677966101691,3.3898305084745743,1029990.0,775398.0,5437.791656603387,2687.4375294618394
1788398825.7431648,215.53237080015242,71.18644067796606,3.3898305084745743,1030704.0,775678.0,6272.204402480187,2495.891988560903
1788398825.8590014,215.64820550009608,77.96610169491527,3.3898305084745743,1031340.0,775927.0,5470.698737859947,2177.114803842224
1788398825.9736016,215.76280300016515,84.74576271186442,3.3898305084745743,1032091.0,776179.0,6689.773404092781,2236.135956799815
1788398826.08806,215.87725960020907,91.52542372881356,3.3898305084745743,1032918.0,776389.0,7260.619566599201,1815.1548916498002
1788398826.2028754,215.99207230005413,98.30508474576271,3.3898305084745743,1033803.0,776583.0,7845.956509122164,1724.285790958243
1788398826.31698,216.1061749001965,105.08474576271186,3.3898305084745743,1034655.0,776782.0,7453.4984502434845,1775.957038144435
1788398826.430377,216.2195692001842,111.86440677966101,3.3898305084745743,1035446.0,776933.0,6851.906120789437,1288.7888373338726
1788398826.5452151,216.3344064000994,118.64406779661016,3.3898305084745743,1036315.0,777059.0,7413.637060724913,1042.114210755413
1788398826.6609797,216.45016890019178,125.42372881355931,3.3898305084745743,1037218.0,777211.0,7884.312660564322,1332.1769667850062
1788398826.773977,216.56316490005702,132.20338983050846,3.3898305084745743,1038110.0,777354.0,7955.138962950207,1310.3675160934336
1788398826.8895879,216.67877350002527,138.9830508474576,3.3898305084745743,1038977.0,777518.0,7506.572792794671,1390.4426601665675
1788398827.006403,216.79558610008098,145.76271186440675,3.3898305084745743,1039878.0,777659.0,7562.498261078042,1202.1052989139473
1788398827.1250029,216.91418469999917,152.5423728813559,3.3898305084745743,1040777.0,777839.0,7293.327754985148,1545.1965582595653
1788398827.2491176,217.0382970001083,159.32203389830505,3.3898305084745743,1041767.0,778013.0,7961.105831964207,1418.4598364301482
1788398827.3631742,217.15235020010732,166.1016949152542,3.3898305084745743,1042559.0,778164.0,6812.617917143375,1292.3665425475237
1788398827.4790561,217.26823000004515,172.88135593220335,3.3898305084745743,1043383.0,778366.0,7023.501864476842,1730.8240651758754
1788398827.5937402,217.3829119000584,179.66101694915255,3.3898305084745743,1043966.0,778544.0,4805.067973055116,1528.048435875765
1788398827.7087853,217.49795640003867,186.4406779661017,3.3898305084745743,1044690.0,778805.0,6273.881448390318,2213.235146516701
1788398827.8222315,217.6114006000571,193.22033898305085,3.3898305084745743,1045388.0,779080.0,6172.4915732905965,2383.986266330799
1788398827.935675,217.72484170016833,200.0,3.3898305084745743,1046079.0,779393.0,6166.895771058778,2797.259608728757
1788398828.049811,217.83897570008412,-200.0,10.169491525423723,1046601.0,779760.0,4623.0643276082765,3219.634085298621
1788398828.170082,217.95924500003457,-193.22033898305085,10.169491525423723,1047227.0,780120.0,5200.230733706829,2989.0401864331684
1788398828.2863426,218.0755039001815,-186.4406779661017,10.169491525423723,1047801.0,780514.0,4809.48975910306,3339.4193044338226
1788398828.4011512,218.190310300095,-179.66101694915255,10.169491525423723,1048372.0,780861.0,4957.496083774979,2976.3236156733756
1788398828.5186563,218.30781360017136,-172.8813559322034,10.169491525423723,1048865.0,781281.0,4180.2487733827875,3566.5526768648892
1788398828.632674,218.4218295000028,-166.10169491525426,10.169491525423723,1049378.0,781674.0,4352.429242195,3516.8362864149476
1788398828.747525,218.53667790000327,-159.32203389830508,10.169491525423723,1049816.0,782055.0,3927.2413090080227,3366.206836292591
1788398828.86273,218.65188030013815,-152.54237288135593,10.169491525423723,1050234.0,782475.0,3625.1652644736223,3634.366191540814
1788398828.9773092,218.76645640004426,-145.76271186440678,10.169491525423723,1050684.0,782959.0,3919.220116393319,4248.874144875001
1788398829.0937135,218.88285900000483,-138.98305084745763,10.169491525423723,1051031.0,783424.0,2878.0025571791402,3909.7393229603417
1788398829.2096255,218.99876950006,-132.20338983050848,10.169491525423723,1051381.0,783967.0,2977.245080262103,4666.7860000427445
1788398829.3244505,219.11359310010448,-125.42372881355932,10.169491525423723,1051717.0,784516.0,2911.4790586398876,4698.906075652983
1788398829.440337,219.2294776001945,-118.64406779661017,10.169491525423723,1052009.0,785069.0,2508.504827000854,4753.434871454517
1788398829.5551686,219.34430770017207,-111.86440677966102,10.169491525423723,1052270.0,785595.0,2309.1852426317732,4499.245849730954
1788398829.670087,219.45922440011054,-105.08474576271186,10.169491525423723,1052512.0,786267.0,2067.826541190655,5855.791975053182
1788398829.7868588,219.5759937001858,-98.30508474576271,10.169491525423723,1052722.0,786916.0,1762.377313032228,5467.888586587168
1788398829.9046042,219.69373750011437,-91.52542372881356,10.169491525423723,1052933.0,787608.0,1775.3269387263686,5824.1592938829335
1788398830.0188675,219.80799740017392,-84.74576271186442,10.169491525423723,1053151.0,788254.0,1900.2481503892536,5644.854799685724
1788398830.1323905,219.9215183001943,-77.96610169491527,10.169491525423723,1053315.0,788896.0,1447.3364371457126,5613.0675927766415
1788398830.246462,220.03558800020255,-71.18644067796612,10.169491525423723,1053476.0,789540.0,1407.5786631079836,5565.915628629608
1788398830.3614857,220.1506103000138,-64.40677966101697,10.169491525423723,1053627.0,790202.0,1317.127447316801,5636.937047257918
1788398830.4753711,220.26449319999665,-57.62711864406779,10.169491525423723,1053782.0,790875.0,1379.1391398673647,6003.852388889261
1788398830.5910618,220.3801822999958,-50.847457627118644,10.169491525423723,1053929.0,791561.0,1263.9747042254598,5926.026330680236
1788398830.7076387,220.49675710010342,-44.067796610169495,10.169491525423723,1054092.0,792285.0,1422.0769341201944,6318.341821217572
1788398830.8245897,220.61370670003816,-37.288135593220346,10.169491525423723,1054270.0,792953.0,1505.0823390415017,5563.429360385551
1788398830.937733,220.72684770007618,-30.508474576271198,10.169491525423723,1054439.0,793577.0,1528.2815450932255,5548.125124308133
1788398831.0515711,220.84068420017138,-23.72881355932205,10.169491525423723,1054649.0,794221.0,1857.833435646039,5628.68347829394
1788398831.166244,220.95535520021804,-16.9491525423729,10.169491525423723,1054863.0,794762.0,1960.1322137213913,4914.26512350055
1788398831.280011,221.069119800115,-10.169491525423723,10.169491525423723,1055171.0,795400.0,2800.692534252782,5742.834186397119
1788398831.394494,221.1836006999947,-3.3898305084745743,10.169491525423723,1055497.0,796056.0,2808.0598736397847,5690.016059743774
1788398831.50727,221.29637480014935,3.3898305084745743,10.169491525423723,1055836.0,796619.0,3082.4394726654155,4995.037458716848
1788398831.6214786,221.41058000014164,10.169491525423723,10.169491525423723,1056246.0,797193.0,3630.056865830216,5069.246077788155
1788398831.7371523,221.526252000127,16.94915254237287,10.169491525423723,1056674.0,797708.0,3759.8834206834217,4455.141668790332
1788398831.8509004,221.63999870000407,23.72881355932202,10.169491525423723,1057110.0,798179.0,3894.9513081820096,4182.435809500205
1788398831.9656408,221.7547373000998,30.50847457627117,10.169491525423723,1057593.0,798649.0,4254.209607559412,4043.7863366478705
1788398832.079153,221.86824790015817,37.28813559322032,10.169491525423723,1058095.0,799048.0,4395.121411399157,3490.243473758154
1788398832.1941981,221.98329060012475,44.06779661016947,10.169491525423723,1058659.0,799440.0,4912.039793371467,3369.0384456395373
1788398832.3116775,222.10076830000617,50.847457627118644,10.169491525423723,1059216.0,799789.0,4674.207724075684,2831.2343928687
1788398832.4265647,222.21565400017425,57.627118644067764,10.169491525423723,1059881.0,800126.0,5667.100688824795,2875.0169348184327
1788398832.5399017,222.32898850017227,64.40677966101691,10.169491525423723,1060576.0,800407.0,6135.386279600201,2429.948131981263
1788398832.6553733,222.44445650000125,71.18644067796606,10.169491525423723,1061326.0,800673.0,6582.172616443841,2300.5651863298863
1788398832.7722538,222.5613350002095,77.96610169491527,10.169491525423723,1062037.0,800906.0,5942.6253436055995,1923.936192937365
1788398832.8869038,222.67598420009017,84.74576271186442,10.169491525423723,1062788.0,801115.0,6634.185644963018,1838.7227623226192
1788398833.0016932,222.79077190021053,91.52542372881356,10.169491525423723,1063630.0,801313.0,7307.260736434042,1724.1851175855604
1788398833.1178677,222.906943900045,98.30508474576271,10.169491525423723,1064353.0,801457.0,6176.8413456438875,1278.5881502644781
1788398833.2305875,223.01966230012476,105.08474576271186,10.169491525423723,1065187.0,801607.0,7286.694154152063,1341.7953429640627
1788398833.3443172,223.13339000009,111.86440677966101,10.169491525423723,1066117.0,801761.0,8116.12874367267,1380.294004025964
1788398833.4590414,223.24811220006086,118.64406779661016,10.169491525423723,1067021.0,801924.0,7869.4798416612775,1424.1750061475166
1788398833.5730078,223.3620767001994,125.42372881355931,10.169491525423723,1067811.0,802050.0,6760.193402547074,1131.297671446653
1788398833.6863704,223.47543540014885,132.20338983050846,10.169491525423723,1068694.0,802197.0,8103.562221938692,1262.4106096032785
1788398833.8055491,223.59461330017075,138.9830508474576,10.169491525423723,1069546.0,802363.0,7450.5983942067605,1370.5421737491447
1788398833.9257238,223.71478540007956,145.76271186440675,10.169491525423723,1070497.0,802526.0,8012.068940904156,1349.9547230845076
1788398834.0404618,223.82952080015093,152.5423728813559,10.169491525423723,1071249.0,802664.0,6432.07780550014,1202.0002746369735
1788398834.1563218,223.94537940016016,159.32203389830505,10.169491525423723,1072023.0,802839.0,6661.466290984502,1476.2757033371945
1788398834.2748682,224.0639228001237,166.1016949152542,10.169491525423723,1072784.0,803044.0,6380.632770739274,1744.2176053903734
1788398834.3901384,224.17919280007482,172.88135593220335,10.169491525423723,1073649.0,803284.0,7471.3826793983135,2122.865189349336
1788398834.5080118,224.2970644000452,179.66101694915255,10.169491525423723,1074401.0,803541.0,6316.574239216028,2206.352692007852
1788398834.6213543,224.41040460020304,186.4406779661017,10.169491525423723,1075109.0,803830.0,6191.066689510083,2539.4495103679083
1788398834.7355223,224.52457040012814,193.22033898305085,10.169491525423723,1075860.0,804134.0,6690.2754155599205,2637.245495760135
1788398834.847753,224.63679790007882,200.0,10.169491525423723,1076457.0,804474.0,5358.401443665405,2977.9269347199725
1788398834.9637923,224.7528349000495,-200.0,16.94915254237287,1077019.0,804871.0,4840.231276340188,3461.221988175342
1788398835.0816972,224.8707383000292,-193.22033898305085,16.94915254237287,1077567.0,805274.0,4545.952903424032,3449.576026715883
1788398835.1980224,224.98706240020692,-186.4406779661017,16.94915254237287,1078120.0,805686.0,4648.684503736578,3534.087634419621
1788398835.3154862,225.10452400008217,-179.66101694915255,16.94915254237287,1078706.0,806155.0,5020.247132026558,4023.382316901427
1788398835.434657,225.22369240014814,-172.8813559322034,16.94915254237287,1079167.0,806605.0,3877.2298484582448,3806.894613112064
1788398835.5487304,225.33776460005902,-166.10169491525426,16.94915254237287,1079649.0,807085.0,4114.855081303506,4170.088035414962
1788398835.6628325,225.45186470006593,-159.32203389830508,16.94915254237287,1080083.0,807513.0,3810.2338287714297,3745.964824430707
1788398835.7802958,225.56932660005987,-152.54237288135593,16.94915254237287,1080533.0,808035.0,3881.2065936162926,4495.4342426060275
1788398835.8948395,225.68386760004796,-145.76271186440678,16.94915254237287,1080922.0,808595.0,3281.0258047519674,4734.182080394204
1788398836.0089593,225.7979842000641,-138.98305084745763,16.94915254237287,1081337.0,809194.0,3639.8055873955,5288.368932322724
1788398836.1319356,225.92095750011504,-132.20338983050848,16.94915254237287,1081661.0,809823.0,2743.5386968218454,5342.680620126752
1788398836.2475746,226.03659570007585,-125.42372881355932,16.94915254237287,1081979.0,810446.0,2745.1285433325397,5371.301516454003
1788398836.3615994,226.15061950008385,-118.64406779661017,16.94915254237287,1082231.0,811049.0,2154.630659182565,5220.835828019292
1788398836.4743683,226.26338610006496,-111.86440677966102,16.94915254237287,1082470.0,811634.0,2154.9862372292805,5201.690917449988
1788398836.588435,226.37745080003515,-105.08474576271186,16.94915254237287,1082693.0,812234.0,1909.9074627181508,5261.427769891829
1788398836.7008288,226.48984250007197,-98.30508474576271,16.94915254237287,1082906.0,812913.0,1836.5935200795413,5985.243857315053
1788398836.8142667,226.6032784001436,-91.52542372881356,16.94915254237287,1083088.0,813605.0,1579.4636484655607,6234.724928153529
1788398836.9277492,226.71675900020637,-84.74576271186442,16.94915254237287,1083253.0,814277.0,1467.6792131655313,5926.100973913654
1788398837.0457413,226.83474930003285,-77.96610169491527,16.94915254237287,1083419.0,814955.0,1418.0148143686133,5813.860738911315
1788398837.163715,226.9527209000662,-71.18644067796612,16.94915254237287,1083596.0,815692.0,1467.9192909447281,6263.12230803084
1788398837.2841418,227.0731458000373,-64.40677966101697,16.94915254237287,1083737.0,816406.0,1161.3395441361786,5851.364626224592
1788398837.3959794,227.18498100014403,-57.62711864406779,16.94915254237287,1083911.0,817111.0,1501.5015017041198,6174.924925758193
1788398837.5115943,227.30059270001948,-50.847457627118644,16.94915254237287,1084076.0,817791.0,1452.6490867731065,5846.912574261754
1788398837.6280608,227.4170573002193,-44.067796610169495,16.94915254237287,1084259.0,818433.0,1592.558408051055,5411.079136446198
1788398837.742318,227.53131330013275,-37.288135593220346,16.94915254237287,1084463.0,819082.0,1769.3507710966999,5808.287609830528
1788398837.8550959,227.64408920006827,-30.508474576271198,16.94915254237287,1084663.0,819725.0,1779.6545423002567,5804.841779335392
1788398837.9691732,227.75816430011764,-23.72881355932205,16.94915254237287,1084903.0,820359.0,2136.192934335602,5539.305487736041
1788398838.082252,227.87124110013247,-16.9491525423729,16.94915254237287,1085154.0,821022.0,2214.484397646111,5948.531310831813
1788398838.1956825,227.98467030003667,-10.169491525423723,16.94915254237287,1085441.0,821647.0,2575.751561309983,5511.554416136415
1788398838.312635,228.10162090021186,-3.3898305084745743,16.94915254237287,1085786.0,822268.0,2896.6823122257883,5337.405371601221
1788398838.4286687,228.2176525001414,3.3898305084745743,16.94915254237287,1086127.0,822838.0,2925.143660849426,4920.80242012053
1788398838.5456624,228.33464450016618,10.169491525423723,16.94915254237287,1086508.0,823280.0,3212.8865959811073,3641.879976694494
1788398838.6628468,228.45182630000636,16.94915254237287,16.94915254237287,1086925.0,823726.0,3838.7680207594112,4089.7286419712855
1788398838.7780876,228.56706430017948,23.72881355932202,16.94915254237287,1087401.0,824206.0,4271.251578175515,4065.6333402764744
1788398838.894267,228.68324170005508,30.50847457627117,16.94915254237287,1087959.0,824649.0,4880.632014192418,3825.1164029899915
1788398839.008659,228.79763120017014,37.28813559322032,16.94915254237287,1088521.0,825014.0,4904.698854129349,3174.711265806051
1788398839.1237411,228.91271280008368,44.06779661016947,16.94915254237287,1089124.0,825367.0,5120.879461262618,3067.001547842539
1788398839.2418563,229.03082540002652,50.847457627118644,16.94915254237287,1089723.0,825692.0,5068.863110223391,2795.393966545535
1788398839.355964,229.14493140019476,57.627118644067764,16.94915254237287,1090450.0,826015.0,6325.854684506829,2871.1785537293076
1788398839.4707754,229.2597405000124,64.40677966101691,16.94915254237287,1091119.0,826260.0,5888.648039265751,2087.4619210400265
1788398839.5849674,229.37393060000613,71.18644067796606,16.94915254237287,1091766.0,826490.0,5723.363434645576,1999.5083794114353
1788398839.7046638,229.49362540012226,77.96610169491527,16.94915254237287,1092335.0,826681.0,4526.496177324617,1599.128958398465
1788398839.8199544,229.60891390009783,84.74576271186442,16.94915254237287,1093205.0,826908.0,7389.133314275058,1991.13851979229
1788398839.9376855,229.72664190013893,91.52542372881356,16.94915254237287,1093989.0,827081.0,6777.562783258971,1496.941373538228
1788398840.0542164,229.84317070012912,98.30508474576271,16.94915254237287,1094884.0,827259.0,7812.48550721153,1521.671761499633
1788398840.1695807,229.95853280019946,105.08474576271186,16.94915254237287,1095734.0,827438.0,7382.619102332038,1546.0503448502038
1788398840.2839987,230.0729487000499,111.86440677966101,16.94915254237287,1096668.0,827584.0,8247.017917729343,1275.1229038535912
1788398840.3981001,230.18704930017702,118.64406779661016,16.94915254237287,1097492.0,827718.0,7221.31005922182,1172.770303735513
1788398840.510463,230.2994098002091,125.42372881355931,16.94915254237287,1098396.0,827855.0,7980.079640556201,1239.8955516284752
1788398840.6243312,230.41327640018426,132.20338983050846,16.94915254237287,1099248.0,827976.0,7330.3668530836385,1076.1015330122782
1788398840.7366564,230.52559980005026,138.9830508474576,16.94915254237287,1100145.0,828136.0,8129.1642051276085,1435.6551463184078
1788398840.8509734,230.63991470006295,145.76271186440675,16.94915254237287,1100987.0,828273.0,7357.7449088111925,1182.0038521004283
1788398840.97027,230.7592094000429,152.5423728813559,16.94915254237287,1101837.0,828440.0,7221.685489472238,1417.9162973232078
1788398841.088301,230.87723820004612,159.32203389830505,16.94915254237287,1102696.0,828641.0,7303.871139617693,1708.6631878135936
1788398841.2049742,230.99390800017864,166.1016949152542,16.94915254237287,1103547.0,828866.0,7313.772830289565,1860.6827603507456
1788398841.3257604,231.11469230009243,172.88135593220335,16.94915254237287,1104385.0,829136.0,6887.819885355464,2192.4095125799886
1788398841.443046,231.2319761000108,179.66101694915255,16.94915254237287,1105120.0,829395.0,6302.235403044355,2151.763230468001
1788398841.5597634,231.34869140014052,186.4406779661017,16.94915254237287,1105796.0,829658.0,5784.09898203486,2302.760409775634
1788398841.6788661,231.4677927000448,193.22033898305085,16.94915254237287,1106434.0,829966.0,5231.999015012222,2620.410973791956
1788398841.790938,231.5798624001909,200.0,16.94915254237287,1107041.0,830312.0,5354.194452479853,3130.288205202008
1788398841.9036303,231.69255330017768,-200.0,23.72881355932202,1107552.0,830740.0,4572.822186549857,3736.33032315659
1788398842.0160496,231.80497040017508,-193.22033898305085,23.72881355932202,1108046.0,831114.0,4399.226035764245,3383.3030741152993
1788398842.1288123,231.91773120011203,-186.4406779661017,23.72881355932202,1108556.0,831521.0,4444.940393906762,3505.7375073281364
1788398842.2426283,232.0315450001508,-179.66101694915255,23.72881355932202,1109010.0,831906.0,3939.68598155436,3405.803301811012
1788398842.356238,232.14515310013667,-172.8813559322034,23.72881355932202,1109409.0,832319.0,3440.4135161159647,3514.202545952232
1788398842.4730222,232.26193540007807,-166.10169491525426,23.72881355932202,1109860.0,832780.0,3822.066177460526,3938.9764370063776
1788398842.593901,232.38281180011109,-159.32203389830508,23.72881355932202,1110318.0,833327.0,3801.473428285806,4464.938130392291
1788398842.7087789,232.49768740008585,-152.54237288135593,23.72881355932202,1110700.0,833905.0,3249.498140248077,4944.078832297218
1788398842.8226235,232.611529200105,-145.76271186440678,23.72881355932202,1111037.0,834419.0,2879.805618892176,4426.196417461286
1788398842.937225,232.72612880007364,-138.98305084745763,23.72881355932202,1111317.0,834988.0,2344.198157963445,4936.605532652431
1788398843.0525286,232.84143020003103,-132.20338983050848,23.72881355932202,1111597.0,835522.0,2471.6631612918977,4621.734461449162
1788398843.1659315,232.9548316001892,-125.42372881355932,23.72881355932202,1111869.0,836162.0,2398.0926387412965,5749.866906016777
1788398843.2799969,233.06889540003613,-118.64406779661017,23.72881355932202,1112113.0,836796.0,2034.724745175739,5588.587874758703
1788398843.3930836,233.1819802999962,-111.86440677966102,23.72881355932202,1112309.0,837450.0,1787.313408702005,6000.927921445074
1788398843.5058715,233.29476630012505,-105.08474576271186,23.72881355932202,1112494.0,838023.0,1645.2413506963967,5158.807625064973
1788398843.6239145,233.41280760010704,-98.30508474576271,23.72881355932202,1112706.0,838711.0,1783.9883047325397,5760.240844633921
1788398843.740793,233.52968440018594,-91.52542372881356,23.72881355932202,1112883.0,839311.0,1463.0194740941654,5066.382252881646
1788398843.8562865,233.64517490006983,-84.74576271186442,23.72881355932202,1113039.0,840006.0,1425.1449579913944,6194.257497152139
1788398843.9707036,233.75958940014243,-77.96610169491527,23.72881355932202,1113190.0,840741.0,1323.9488354319392,6442.596093545563
1788398844.0851116,233.8739949001465,-71.18644067796612,23.72881355932202,1113343.0,841458.0,1306.8587101089531,6313.416022075648
1788398844.201454,233.99033500021324,-64.40677966101697,23.72881355932202,1113510.0,842204.0,1407.0837653285453,6250.699034440268
1788398844.3167005,234.10558040020987,-57.62711864406779,23.72881355932202,1113675.0,842926.0,1362.7417242725983,6200.93214132095
1788398844.4315224,234.22040090011433,-50.847457627118644,23.72881355932202,1113843.0,843624.0,1403.5422454022453,6063.669439286824
1788398844.545614,234.33449060004205,-44.067796610169495,23.72881355932202,1114036.0,844323.0,1672.387587355512,6144.407434206716
1788398844.658154,234.44702860014513,-37.288135593220346,23.72881355932202,1114245.0,844888.0,1823.9124227640104,5052.981865106417
1788398844.771742,234.56061510019936,-30.508474576271198,23.72881355932202,1114479.0,845519.0,2094.2777118917797,5550.762608067151
1788398844.884909,234.6737800000701,-23.72881355932205,23.72881355932202,1114723.0,846099.0,2138.467134594587,5026.786381319745
1788398845.006051,234.79491960001178,-16.9491525423729,23.72881355932202,1114982.0,846681.0,2179.932521938499,4840.33996707977
1788398845.1219559,234.91082080011256,-10.169491525423723,23.72881355932202,1115324.0,847270.0,2877.226976956792,5046.6377327453
1788398845.240742,235.02960600005463,-3.3898305084745743,23.72881355932202,1115712.0,847918.0,3265.9037849622564,5473.08051875543
1788398845.3568077,235.14566919999197,3.3898305084745743,23.72881355932202,1116126.0,848481.0,3618.836496387393,4891.794057930697
1788398845.476129,235.264988000039,10.169491525423723,23.72881355932202,1116611.0,849009.0,4061.237467985817,4431.241749233983
1788398845.5941927,235.3830501001794,16.94915254237287,23.72881355932202,1117075.0,849458.0,4041.0955232113993,3817.0880108382617
1788398845.7068255,235.49568170006387,23.72881355932202,23.72881355932202,1117547.0,849846.0,4148.596540936995,3436.8734323338076
1788398845.819569,235.60842340020463,30.50847457627117,23.72881355932202,1118093.0,850221.0,4832.053614213124,3308.098243576677
1788398845.9320202,235.7208726000972,37.28813559322032,23.72881355932202,1118751.0,850613.0,5840.990892694586,3502.7313806270568
1788398846.0475564,235.83640670008026,44.06779661016947,23.72881355932202,1119348.0,850911.0,5251.948657675527,2589.7539932675877
1788398846.1642072,235.9530557000544,50.847457627118644,23.72881355932202,1120018.0,851221.0,5710.945236567818,2653.1162910039466
1788398846.2874508,236.07629710016772,57.627118644067764,23.72881355932202,1120744.0,851508.0,5833.730890561315,2247.0667134013956
1788398846.4053323,236.19417510018684,64.40677966101691,23.72881355932202,1121464.0,851757.0,5987.279334719123,2164.631759475375
1788398846.5268817,236.31572350021452,71.18644067796606,23.72881355932202,1122140.0,851962.0,5911.636019546545,1698.1197168282702
1788398846.6430855,236.43192420015112,77.96610169491527,23.72881355932202,1122904.0,852161.0,6656.148091229865,1688.8733962822046
1788398846.7594402,236.548277300084,84.74576271186442,23.72881355932202,1123700.0,852341.0,6878.478686667564,1490.9468429877832
1788398846.8746133,236.66344800009392,91.52542372881356,23.72881355932202,1124553.0,852518.0,7352.820135047599,1518.119580121768
1788398846.990334,236.77916670008563,98.30508474576271,23.72881355932202,1125381.0,852666.0,7165.657547369164,1317.8220776770877
1788398847.1084907,236.89732260000892,105.08474576271186,23.72881355932202,1126142.0,852811.0,6470.345887572478,1215.4240893782555
1788398847.2212992,237.01012910017744,111.86440677966101,23.72881355932202,1126979.0,852962.0,7587.5775403053885,1355.9196094058589
1788398847.3329742,237.12180190021172,118.64406779661016,23.72881355932202,1127791.0,853083.0,7135.777622535565,1087.7138031723068
1788398847.4460409,237.23486700002104,125.42372881355931,23.72881355932202,1128550.0,853216.0,6717.030499646015,1158.10870683552
1788398847.5588417,237.34766550012864,132.20338983050846,23.72881355932202,1129343.0,853354.0,6958.909913385962,1161.3668079749602
1788398847.6758225,237.46464450005442,138.9830508474576,23.72881355932202,1130029.0,853503.0,5826.417438796549,1313.6247906489152
1788398847.7964768,237.58529710001312,145.76271186440675,23.72881355932202,1130975.0,853710.0,7773.605398196036,1782.1975509689069
1788398847.9131365,237.70195230003446,152.5423728813559,23.72881355932202,1131829.0,853891.0,7386.51318881102,1602.9917647727984
1788398848.0297892,237.81860440014862,159.32203389830505,23.72881355932202,1132687.0,854101.0,7506.179936114368,1823.587272822877
1788398848.1469743,237.93578630010597,166.1016949152542,23.72881355932202,1133461.0,854333.0,6497.667640309759,1942.1403277509887
1788398848.264133,238.05294349999167,172.88135593220335,23.72881355932202,1134202.0,854588.0,6414.269257766165,2204.621541212416
1788398848.3823936,238.17120150011033,179.66101694915255,23.72881355932202,1134983.0,854880.0,6634.871597432373,2425.651981856997
1788398848.4989784,238.28778540017083,186.4406779661017,23.72881355932202,1135650.0,855179.0,5775.234087201505,2559.685770510446
1788398848.6124723,238.4012776000891,193.22033898305085,23.72881355932202,1136303.0,855535.0,5659.5969379708,3129.858665533607
1788398848.7275548,238.5163579999935,200.0,23.72881355932202,1136875.0,855921.0,4994.227987180885,3338.5822792265662
1788398848.840263,238.62906450009905,-200.0,30.50847457627117,1137348.0,856327.0,4040.1976430886198,3520.0802453576707
1788398848.9590983,238.74789780005813,-193.22033898305085,30.50847457627117,1137855.0,856774.0,4270.570646480278,3741.1610622058633
1788398849.0743606,238.86315850005485,-186.4406779661017,30.50847457627117,1138344.0,857250.0,4299.780315403458,4198.500693413227
1788398849.1921022,238.98089690017514,-179.66101694915255,30.50847457627117,1138834.0,857736.0,4141.189549126716,4048.5454876249996
1788398849.315121,239.10391250019893,-172.8813559322034,30.50847457627117,1139334.0,858236.0,4166.075499025368,4166.075499025368
1788398849.4308,239.21958969999105,-166.10169491525426,30.50847457627117,1139722.0,858686.0,3238.8338036899218,3906.7289101005554
1788398849.5456774,239.33446520008147,-159.32203389830508,30.50847457627117,1140118.0,859157.0,3382.118947130334,4152.0322033876455
1788398849.663415,239.45220160018653,-152.54237288135593,30.50847457627117,1140466.0,859707.0,2993.436014427901,4692.413211805899
1788398849.775738,239.564523300156,-145.76271186440678,30.50847457627117,1140754.0,860168.0,2571.4299160948112,4082.3796113184044
1788398849.8877904,239.6765735000372,-138.98305084745763,30.50847457627117,1141024.0,860784.0,2401.9791577914507,5448.847661449088
1788398850.002225,239.7910061001312,-132.20338983050848,30.50847457627117,1141308.0,861352.0,2561.625389374657,4995.169509280581
1788398850.1176515,239.90643070009537,-125.42372881355932,30.50847457627117,1141551.0,862020.0,2139.6871177324083,5793.474865385631
1788398850.231996,240.02077360008843,-118.64406779661017,30.50847457627117,1141768.0,862604.0,1960.4807376570936,4928.685218969703
1788398850.346925,240.1356989000924,-111.86440677966102,30.50847457627117,1141968.0,863253.0,1734.7453750739794,5779.392345834702
1788398850.4660077,240.25477960007265,-105.08474576271186,30.50847457627117,1142130.0,863889.0,1401.571916597481,5336.754605505794
1788398850.585377,240.37414720002562,-98.30508474576271,30.50847457627117,1142324.0,864534.0,1580.8892843906256,5367.878304625797
1788398850.7015755,240.49034300004132,-91.52542372881356,30.50847457627117,1142482.0,865135.0,1335.9118562342103,5143.715038289544
1788398850.8166602,240.60542550007813,-84.74576271186442,30.50847457627117,1142638.0,865799.0,1342.4768891187384,5737.709443904745
1788398850.932732,240.72149630007334,-77.96610169491527,30.50847457627117,1142767.0,866499.0,1139.4619365749995,6025.474720608598
1788398851.0475223,240.83628470008262,-71.18644067796612,30.50847457627117,1142921.0,867213.0,1363.0239221697336,6115.188407572318
1788398851.1656318,240.95439210021868,-64.40677966101697,30.50847457627117,1143110.0,867967.0,1607.583506115046,6385.678927068099
1788398851.2793407,241.0680997001473,-57.62711864406779,30.50847457627117,1143287.0,868637.0,1538.542814338352,5968.804653216257
1788398851.3947895,241.1835459000431,-50.847457627118644,30.50847457627117,1143475.0,869319.0,1651.7914696421738,5953.709912556407
1788398851.5122032,241.30095820012502,-44.067796610169495,30.50847457627117,1143682.0,870015.0,1758.8688956209862,6017.6529728352525
1788398851.6292734,241.41802630014718,-37.288135593220346,30.50847457627117,1143897.0,870708.0,1840.9244654619647,5826.615298452432
1788398851.7448545,241.53360460000113,-30.508474576271198,30.50847457627117,1144155.0,871339.0,2241.9251155983334,5395.5044275810515
1788398851.8590019,241.6477498000022,-23.72881355932205,30.50847457627117,1144416.0,871935.0,2223.3627238973563,5122.998276313491
1788398851.9717178,241.7604637001641,-16.9491525423729,30.50847457627117,1144703.0,872467.0,2581.6986490420577,4622.82501777928
1788398852.0889084,241.8776525000576,-10.169491525423723,30.50847457627117,1145043.0,873008.0,2874.950404652515,4675.152994481659
1788398852.205363,241.99410530016758,-3.3898305084745743,30.50847457627117,1145458.0,873529.0,3551.48527149187,4479.919238404719
1788398852.3194497,242.1081898000557,3.3898305084745743,30.50847457627117,1145872.0,874008.0,3714.7545460994315,4219.2273856931815
1788398852.4344847,242.22322320006788,10.169491525423723,30.50847457627117,1146367.0,874455.0,4343.374801268036,3868.8884784404354
1788398852.5475852,242.33632180001587,16.94915254237287,30.50847457627117,1146836.0,874845.0,4206.5509141981465,3474.573993005077
1788398852.6600876,242.44882230018266,23.72881355932202,30.50847457627117,1147359.0,875225.0,4665.186717977785,3370.853476862191
1788398852.7768679,242.56560030020773,30.50847457627117,30.50847457627117,1147909.0,875622.0,4668.337089965172,3420.454675532174
1788398852.8918774,242.6806083000265,37.28813559322032,30.50847457627117,1148519.0,875937.0,5347.410839787194,2742.9723996835864
1788398853.0119457,242.80067410017364,44.06779661016947,30.50847457627117,1149163.0,876270.0,5313.413241949975,2923.2965587198823
1788398853.125223,242.91394910006784,50.847457627118644,30.50847457627117,1149857.0,876547.0,6147.021072326037,2462.5395494598997
1788398853.2408183,243.02954120002687,57.627118644067764,30.50847457627117,1150480.0,876771.0,5267.048602123176,1922.0107179677557
1788398853.3585997,243.1473216000013,64.40677966101691,30.50847457627117,1151286.0,877005.0,6889.174108247716,1976.0342944126432
1788398853.4751585,243.2638773000799,71.18644067796606,30.50847457627117,1152098.0,877203.0,6923.07344668216,1708.1734744424648
1788398853.5939083,243.3826252000872,77.96610169491527,30.50847457627117,1152954.0,877396.0,7154.366403491124,1598.790994038591
1788398853.7098765,243.49859259999357,84.74576271186442,30.50847457627117,1153777.0,877562.0,7123.099027751772,1442.8841620317692
1788398853.823634,243.61234800005332,91.52542372881356,30.50847457627117,1154565.0,877714.0,6861.736466594333,1326.2953707242737
1788398853.937455,243.72616670001298,98.30508474576271,30.50847457627117,1155412.0,877852.0,7405.942228727496,1251.1902398843968
1788398854.0559516,243.84466140018776,105.08474576271186,30.50847457627117,1156278.0,877983.0,7268.589373625402,1120.2801583136238
1788398854.1699858,243.95869400002994,111.86440677966101,30.50847457627117,1157073.0,878129.0,6923.517775836884,1312.6028360064586
1788398854.2850933,244.07380000012927,118.64406779661016,30.50847457627117,1157895.0,878251.0,7230.993408354084,1027.8015787974987
1788398854.401624,244.19032729999162,125.42372881355931,30.50847457627117,1158693.0,878385.0,6865.274964996381,1196.3615890744363
1788398854.5225453,244.31124710012227,132.20338983050846,30.50847457627117,1159579.0,878562.0,7501.740036161649,1489.5151696349844
1788398854.6366968,244.4253960000351,138.9830508474576,30.50847457627117,1160403.0,878730.0,7169.431448761635,1476.0594159215132
1788398854.751004,244.53970100008883,145.76271186440675,30.50847457627117,1161155.0,878902.0,6526.823772709369,1543.8804108250206
1788398854.8686287,244.65732330013998,152.5423728813559,30.50847457627117,1161987.0,879119.0,6970.767521815706,1843.3608594275165
1788398854.9832292,244.77192290010862,159.32203389830505,30.50847457627117,1162756.0,879328.0,6704.343979548642,1809.9881818065205
1788398855.0997653,244.88845680002123,166.1016949152542,30.50847457627117,1163492.0,879601.0,6419.503747136013,2371.249277383106
1788398855.214619,245.0033089001663,172.88135593220335,30.50847457627117,1164171.0,879883.0,5866.399602064115,2467.177402737245
1788398855.331913,245.12060130015016,179.66101694915255,30.50847457627117,1164792.0,880163.0,5302.989049491481,2356.8840219962135
1788398855.449713,245.2383990001399,186.4406779661017,30.50847457627117,1165422.0,880480.0,5210.46922239228,2689.560774079831
1788398855.5659676,245.35465040011331,193.22033898305085,30.50847457627117,1166029.0,880838.0,5217.630605711284,3093.639385687222
1788398855.6849203,245.47360070003197,200.0,30.50847457627117,1166583.0,881223.0,4628.526632655331,3291.800866446424
1788398855.8019001,245.59057850018144,-200.0,37.28813559322032,1167016.0,881638.0,3700.640777045871,3564.920455149323
1788398855.9197247,245.70840120012872,-193.22033898305085,37.28813559322032,1167473.0,882056.0,3837.8697299686314,3461.2563452520835
1788398856.0342722,245.82294700015336,-186.4406779661017,37.28813559322032,1167890.0,882477.0,3551.240912260496,3680.042396124866
1788398856.1517138,245.94038710021414,-179.66101694915255,37.28813559322032,1168334.0,882946.0,3806.206629325924,3976.767775451378
1788398856.2640333,246.05270470003597,-172.8813559322034,37.28813559322032,1168695.0,883356.0,3163.0451816975997,3666.8930867467748
1788398856.3798463,246.16851590014994,-166.10169491525426,37.28813559322032,1169083.0,883932.0,3368.481135390585,4867.590702347253
1788398856.4946523,246.2833196001593,-159.32203389830508,37.28813559322032,1169428.0,884436.0,2997.9815991687506,4364.842510643864
1788398856.6106968,246.39936230005696,-152.54237288135593,37.28813559322032,1169751.0,885032.0,2748.40637904696,5091.3101775787945
1788398856.7288032,246.5174667001702,-145.76271186440678,37.28813559322032,1170064.0,885615.0,2592.6563878823094,4839.033326698146
1788398856.8444457,246.63310590013862,-138.98305084745763,37.28813559322032,1170340.0,886228.0,2321.122680952454,5199.314805333497
1788398856.9592514,246.7479095000308,-132.20338983050848,37.28813559322032,1170592.0,886891.0,2196.3339541489977,5747.073846689877
1788398857.0760262,246.8646828001365,-125.42372881355932,37.28813559322032,1170842.0,887590.0,2139.074112791917,5911.787104973441
1788398857.1911755,246.97982970019802,-118.64406779661017,37.28813559322032,1171030.0,888192.0,1646.9565622156704,5160.463894942433
1788398857.306167,247.0948197999969,-111.86440677966102,37.28813559322032,1171211.0,888774.0,1557.1214796610752,5003.058955360732
1788398857.4195747,247.20822620019317,-105.08474576271186,37.28813559322032,1171348.0,889257.0,1227.8751682087434,4200.625575450965
1788398857.5337257,247.32237490010448,-98.30508474576271,37.28813559322032,1171527.0,889931.0,1632.1171284707411,5959.978278123493
1788398857.6488569,247.43750410014763,-91.52542372881356,37.28813559322032,1171687.0,890660.0,1389.6849045225263,6385.284234505464
1788398857.7638657,247.55251110019162,-84.74576271186442,37.28813559322032,1171857.0,891297.0,1447.1358534028786,5561.006329743137
1788398857.8776202,247.66626389999874,-77.96610169491527,37.28813559322032,1172014.0,891940.0,1385.1899173910306,5586.9326668104895
1788398857.9904184,247.7790597002022,-71.18644067796612,37.28813559322032,1172175.0,892555.0,1405.2219908191203,5480.365764194569
1788398858.1041756,247.8928149000276,-64.40677966101697,37.28813559322032,1172331.0,893230.0,1392.818440694232,5951.977469900018
1788398858.2179136,248.00655080005527,-57.62711864406779,37.28813559322032,1172511.0,893886.0,1601.5212622076638,5789.407321428854
1788398858.3337646,248.12239920021966,-50.847457627118644,37.28813559322032,1172703.0,894482.0,1653.3689415292235,5195.0117015262485
1788398858.4479485,248.23658100003377,-44.067796610169495,37.28813559322032,1172943.0,895078.0,2152.009093207514,5223.680192059264
1788398858.5643306,248.35296100005507,-37.288135593220346,37.28813559322032,1173180.0,895670.0,2041.9171287554263,5068.652695715903
1788398858.6805458,248.46917460020632,-30.508474576271198,37.28813559322032,1173467.0,896287.0,2470.9661477429036,5250.80306395367
1788398858.7948594,248.5834866000805,-23.72881355932205,37.28813559322032,1173759.0,896844.0,2542.910459563983,4873.14113523716
1788398858.908976,248.69760130019858,-16.9491525423729,37.28813559322032,1174116.0,897369.0,3127.9525192159444,4476.36606855537
1788398859.0223749,248.81099830009043,-10.169491525423723,37.28813559322032,1174483.0,897903.0,3176.928115656993,4709.980636584495
1788398859.1361303,248.92475170013495,-3.3898305084745743,37.28813559322032,1174935.0,898411.0,4025.931796515477,4569.4786523379325
1788398859.2519803,249.0405986001715,3.3898305084745743,37.28813559322032,1175344.0,898842.0,3586.754273992497,3789.6041301051832
1788398859.3738298,249.162446500035,10.169491525423723,37.28813559322032,1175828.0,899238.0,4069.5614047269255,3226.645568113108
1788398859.487421,249.2760349002201,16.94915254237287,37.28813559322032,1176340.0,899655.0,4582.647167309035,3688.247217150128
1788398859.6031122,249.39172420022078,23.72881355932202,37.28813559322032,1176929.0,900007.0,5037.178744985033,2982.3007732041347
1788398859.7191727,249.50778320012614,30.50847457627117,37.28813559322032,1177536.0,900347.0,5213.411024944702,2891.31980586188
1788398859.8337245,249.62233220017515,37.28813559322032,37.28813559322032,1178196.0,900639.0,5842.428692880864,2568.1005243432373
1788398859.95009,249.73869670019485,44.06779661016947,37.28813559322032,1178950.0,900929.0,6424.331648912008,2520.5947121085355
1788398860.0643203,249.85292480001226,50.847457627118644,37.28813559322032,1179536.0,901150.0,5121.410526324533,1903.289010680751
1788398860.1772492,249.9658523001708,57.627118644067764,37.28813559322032,1180298.0,901391.0,6720.823667650088,2156.61285047693
1788398860.2914264,250.08002780005336,64.40677966101691,37.28813559322032,1181103.0,901605.0,7035.793564885566,1843.799878151237
1788398860.4058883,250.194487700006,71.18644067796606,37.28813559322032,1181987.0,901804.0,7557.733199612222,1761.0252115601295
1788398860.5252833,250.3138806000352,77.96610169491527,37.28813559322032,1182847.0,902001.0,7144.922849840974,1566.8690460177575
1788398860.639288,250.42788130021654,84.74576271186442,37.28813559322032,1183635.0,902150.0,6904.987188018168,1292.377281179871
1788398860.7592537,250.5478463000618,91.52542372881356,37.28813559322032,1184505.0,902301.0,7626.424260235491,1218.3677781595723
1788398860.8726943,250.66128440015018,98.30508474576271,37.28813559322032,1185269.0,902449.0,6883.898090957868,1300.6015286560075
1788398860.986461,250.7750489001628,105.08474576271186,37.28813559322032,1186111.0,902582.0,7429.839315014024,1127.4134283976505
1788398861.1012552,250.88984170020558,111.86440677966101,37.28813559322032,1186900.0,902711.0,6948.5092382304,1141.2121132987677
1788398861.2181134,251.00669790012762,118.64406779661016,37.28813559322032,1187749.0,902859.0,7250.024446462344,1274.1379596505603
1788398861.3331609,251.1217439000029,125.42372881355931,37.28813559322032,1188644.0,903018.0,7783.852211207395,1344.5667156844738
1788398861.4468966,251.2354775001295,132.20338983050846,37.28813559322032,1189520.0,903195.0,7710.887723387267,1573.4627693308146
1788398861.5612373,251.34981650020927,138.9830508474576,37.28813559322032,1190337.0,903358.0,7160.71314864493,1465.1075495948705
1788398861.6808398,251.4694155000616,145.76271186440675,37.28813559322032,1191101.0,903555.0,6227.347903718337,1653.998064412853
1788398861.8003275,251.58890140010044,152.5423728813559,37.28813559322032,1192009.0,903795.0,7595.873851206946,2034.1182086464921
1788398861.9168425,251.7054145000875,159.32203389830505,37.28813559322032,1192781.0,904074.0,6631.979565292165,2440.4959002237924
1788398862.0316944,251.8202639000956,166.1016949152542,37.28813559322032,1193527.0,904366.0,6562.32417162999,2523.970835242304
1788398862.1465733,251.93514030007645,172.88135593220335,37.28813559322032,1194221.0,904675.0,6004.514878852576,2758.582639595364
1788398862.2614756,252.0500413000118,179.66101694915255,37.28813559322032,1194884.0,905025.0,5839.824842017781,3085.7118644731177
1788398862.3766773,252.16524170013145,186.4406779661017,37.28813559322032,1195454.0,905360.0,4765.223889305061,2860.956598932675
1788398862.4896598,252.27822230011225,193.22033898305085,37.28813559322032,1196007.0,905717.0,5059.684666480487,3164.6367194407476
1788398862.6054783,252.39403930003755,200.0,37.28813559322032,1196509.0,906139.0,4354.369816822221,3640.686797052604
1788398862.7202792,252.50883770012297,-200.0,44.06779661016947,1196942.0,906639.0,3619.5118158527366,4385.353106864399
1788398862.8377655,252.62632060004398,-193.22033898305085,44.06779661016947,1197331.0,907095.0,3207.4856060031343,3797.3680163025615
1788398862.9517846,252.74033910012804,-186.4406779661017,44.06779661016947,1197740.0,907570.0,3637.0433377736317,4079.0131610980225
1788398863.0669556,252.85550720011815,-179.66101694915255,44.06779661016947,1198091.0,908047.0,2954.7146807773393,4136.600553088275
1788398863.1809995,252.96954980003648,-172.8813559322034,44.06779661016947,1198437.0,908600.0,3040.730963755962,4802.129997638988
1788398863.2944407,253.082989100134,-166.10169491525426,44.06779661016947,1198714.0,909053.0,2363.8107988007464,3933.528907379367
1788398863.408204,253.19675070000812,-159.32203389830508,44.06779661016947,1199029.0,909604.0,2688.746309419218,4953.922994751847
1788398863.5202675,253.30881220009178,-152.54237288135593,44.06779661016947,1199319.0,910139.0,2665.4994598145627,4751.135879248413
1788398863.633232,253.42177430004813,-145.76271186440678,44.06779661016947,1199563.0,910636.0,2068.1429959873767,4293.947117229396
1788398863.7478576,253.53639860008843,-138.98305084745763,44.06779661016947,1199862.0,911299.0,2591.3876191995732,5713.872347634395
1788398863.8628318,253.65137030021288,-132.20338983050848,44.06779661016947,1200077.0,911954.0,1836.415758278334,5656.160535497269
1788398863.9805443,253.76908090012148,-125.42372881355932,44.06779661016947,1200300.0,912676.0,1890.6889503656903,6037.417372906866
1788398864.0972755,253.8858094001189,-118.64406779661017,44.06779661016947,1200523.0,913413.0,1980.6250442879282,6339.85119316463
1788398864.2136772,254.00220950017683,-111.86440677966102,44.06779661016947,1200693.0,914133.0,1417.4018295052574,6056.171453340646
1788398864.327222,254.11575120012276,-105.08474576271186,44.06779661016947,1200862.0,914867.0,1493.8461833749304,6344.2356429750125
1788398864.4396305,254.22815720015205,-98.30508474576271,44.06779661016947,1201012.0,915573.0,1359.0405936769073,6228.936054352492
1788398864.557079,254.3456054001581,-91.52542372881356,44.06779661016947,1201172.0,916366.0,1347.4824982599825,6701.479624679647
1788398864.6720092,254.46053320006467,-84.74576271186442,44.06779661016947,1201342.0,917109.0,1520.7996833251887,6568.755258699761
1788398864.7853813,254.57390399998985,-77.96610169491527,44.06779661016947,1201498.0,917828.0,1378.537008936705,6282.057913208206
1788398864.900292,254.68881210009567,-71.18644067796612,44.06779661016947,1201669.0,918505.0,1522.8847637669935,6164.491618601723
1788398865.0154612,254.80397900007665,-64.40677966101697,44.06779661016947,1201848.0,919177.0,1484.285473611101,5955.580223309138
1788398865.1344495,254.92296440014616,-57.62711864406779,44.06779661016947,1202050.0,919827.0,1778.7344636668338,5742.51329386856
1788398865.2552946,255.0438076001592,-50.847457627118644,44.06779661016947,1202297.0,920599.0,2146.8196848653824,6571.8969944858645
1788398865.3770602,255.165570900077,-44.067796610169495,44.06779661016947,1202565.0,921242.0,2186.655330856538,5301.771456957717
1788398865.4927998,255.28130950010382,-37.288135593220346,44.06779661016947,1202826.0,921869.0,2219.4415744103926,5352.233590964979
1788398865.6058798,255.39438750012778,-30.508474576271198,44.06779661016947,1203122.0,922464.0,2694.5862990738515,5324.130859894196
1788398865.7193613,255.50786650017835,-23.72881355932205,44.06779661016947,1203456.0,922964.0,2990.8226062845365,4366.231767816623
1788398865.8307214,255.61922550015152,-16.9491525423729,44.06779661016947,1203811.0,923438.0,3152.7275325715723,4216.184879379297
1788398865.9468856,255.73538750014268,-10.169491525423723,44.06779661016947,1204216.0,923930.0,3605.217831627113,4263.170085899061
1788398866.0620432,255.8505434000399,-3.3898305084745743,44.06779661016947,1204648.0,924411.0,3638.014794177545,4130.377698652701
1788398866.188509,255.9770070000086,3.3898305084745743,44.06779661016947,1205104.0,924938.0,3669.2319952106086,4173.858306906241
1788398866.3023393,256.0908347000368,10.169491525423723,44.06779661016947,1205657.0,925331.0,4559.680951730744,3375.8286965146485
1788398866.4170856,256.20557350013405,16.94915254237287,44.06779661016947,1206162.0,925718.0,4511.338743023842,3349.1886002976194
1788398866.5355568,256.3240488001611,23.72881355932202,44.06779661016947,1206761.0,926067.0,5054.192672431877,2975.667039129489
1788398866.6497173,256.4382063001394,30.50847457627117,44.06779661016947,1207448.0,926378.0,5941.754300982561,2732.4734285382765
1788398866.766868,256.55535540007986,37.28813559322032,44.06779661016947,1208175.0,926669.0,6104.858554309075,2488.490730348861
1788398866.8823323,256.67081810021773,44.06779661016947,44.06779661016947,1208877.0,926944.0,6103.530101140614,2372.0744787691474
1788398866.9970791,256.7855625001248,50.847457627118644,44.06779661016947,1209672.0,927191.0,7025.015651824918,2195.3173911952867
1788398867.1142364,256.9027176001109,57.627118644067764,44.06779661016947,1210502.0,927402.0,6984.250593414932,1795.1846154429686
1788398867.2303262,257.01880620000884,64.40677966101691,44.06779661016947,1211309.0,927601.0,7021.66802380431,1712.6019570254414
1788398867.3479831,257.136460600188,71.18644067796606,44.06779661016947,1212233.0,927791.0,7674.753875936574,1590.0242405007486
1788398867.4669893,257.25546370004304,77.96610169491527,44.06779661016947,1213173.0,927954.0,7846.636429363275,1352.2339450368129
1788398867.585315,257.37378730019554,84.74576271186442,44.06779661016947,1214062.0,928108.0,7650.861776035791,1330.5846567018766
1788398867.7019598,257.49043040000834,91.52542372881356,44.06779661016947,1214932.0,928243.0,7425.082813371676,1151.3864680075737
1788398867.8174381,257.6059066001326,98.30508474576271,44.06779661016947,1215814.0,928391.0,7595.15547443415,1264.3432466423315
1788398867.9304976,257.71896460000426,105.08474576271186,44.06779661016947,1216666.0,928527.0,7556.2536641791,1171.0799036735136
1788398868.0453255,257.833790600067,111.86440677966101,44.06779661016947,1217642.0,928703.0,8508.53799477447,1473.3399125150597
1788398868.1606743,257.9491376001388,118.64406779661016,44.06779661016947,1218501.0,928859.0,7328.132109274445,1363.7962982520678
1788398868.2746139,258.0630752001889,125.42372881355931,44.06779661016947,1219405.0,929032.0,7924.447472837174,1507.6675006325945
1788398868.3951473,258.1836065000389,132.20338983050846,44.06779661016947,1220206.0,929202.0,6594.417303763166,1405.652109486359
1788398868.510896,258.299352100119,138.9830508474576,44.06779661016947,1221011.0,929411.0,7119.598973545099,1812.6013134747366
1788398868.6272352,258.415690000169,145.76271186440675,44.06779661016947,1221790.0,929646.0,6716.974483271037,2001.195156395233
1788398868.741961,258.530413800152,152.5423728813559,44.06779661016947,1222483.0,929898.0,5984.7571188165075,2189.545287371893
1788398868.8557553,258.64420640002936,159.32203389830505,44.06779661016947,1223213.0,930159.0,6415.472240242985,2301.1019513066663
1788398868.9674997,258.7559491000138,166.1016949152542,44.06779661016947,1223833.0,930429.0,5629.933236741557,2439.6377359213416
1788398869.0819886,258.8704353000503,172.88135593220335,44.06779661016947,1224423.0,930723.0,5147.376808609188,2559.974256501905
1788398869.195723,258.9841678000521,179.66101694915255,44.06779661016947,1225039.0,931069.0,5392.433426334965,3056.327849515194
1788398869.308833,259.09727590018883,186.4406779661017,44.06779661016947,1225631.0,931447.0,5202.407914151665,3313.989383036114
1788398869.4230044,259.2114454000257,193.22033898305085,44.06779661016947,1226106.0,931841.0,4126.449076156223,3374.5183556122
1788398869.5387716,259.3272110000253,200.0,44.06779661016947,1226607.0,932294.0,4276.567040130994,3868.8434875761327
1788398869.655546,259.44398330012336,-200.0,50.847457627118644,1227005.0,932839.0,3391.7629389389735,4582.012202471648
1788398869.7724128,259.56084739998914,-193.22033898305085,50.847457627118644,1227409.0,933415.0,3462.9424720011634,4907.330394260716
1788398869.8869574,259.6753888002131,-186.4406779661017,50.847457627118644,1227800.0,933964.0,3448.320488216684,4761.085928771025
1788398870.0043612,259.7927918001078,-179.66101694915255,50.847457627118644,1228202.0,934554.0,3393.1988445464485,5094.29853053923
1788398870.1193066,259.90773550001904,-172.8813559322034,50.847457627118644,1228550.0,935107.0,2983.1547522591723,4862.451018208376
1788398870.2364392,260.0248664000537,-166.10169491525426,50.847457627118644,1228878.0,935689.0,2840.6756159538804,5038.179394333297
1788398870.3516915,260.1401161001995,-159.32203389830508,50.847457627118644,1229175.0,936298.0,2561.396302964606,5313.534883809555
1788398870.4678698,260.2562917000614,-152.54237288135593,50.847457627118644,1229453.0,936910.0,2354.497045267964,5187.110348770419
1788398870.583138,260.3715590001084,-145.76271186440678,50.847457627118644,1229717.0,937587.0,2295.176183522142,5848.108915614417
1788398870.6968925,260.48531150002964,-138.98305084745763,50.847457627118644,1229927.0,938221.0,1851.144069323202,5599.480567903019
1788398870.809376,260.5977932000533,-132.20338983050848,50.847457627118644,1230145.0,938881.0,1929.0482973827955,5917.611926753986
1788398870.9237187,260.71213370002806,-125.42372881355932,50.847457627118644,1230351.0,939613.0,1802.928065161342,6323.976106733438
1788398871.0437071,260.8321200001519,-118.64406779661017,50.847457627118644,1230543.0,940281.0,1570.5794227617355,5576.021619272434
1788398871.161476,260.9498862000182,-111.86440677966102,50.847457627118644,1230695.0,940955.0,1323.860377091583,5862.810241405581
1788398871.2759068,261.06431460008025,-105.08474576271186,50.847457627118644,1230869.0,941617.0,1486.1321850645788,5724.361009137637
1788398871.3918524,261.1802580000367,-98.30508474576271,50.847457627118644,1231013.0,942285.0,1242.5810589786042,5801.757150378042
1788398871.5078428,261.296246400103,-91.52542372881356,50.847457627118644,1231199.0,942978.0,1624.5945350579082,5914.254262458003
1788398871.6226327,261.4110350999981,-84.74576271186442,50.847457627118644,1231361.0,943716.0,1431.4526856302084,6459.889042844018
1788398871.7373118,261.52571220020764,-77.96610169491527,50.847457627118644,1231533.0,944382.0,1510.875558429391,5869.522623959028
1788398871.850389,261.6387878002133,-71.18644067796612,50.847457627118644,1231694.0,944928.0,1455.4043709619473,4811.177506555737
1788398871.9672225,261.7556196001824,-64.40677966101697,50.847457627118644,1231849.0,945611.0,1342.8466554865936,5917.477595177589
1788398872.082133,261.87052830005996,-57.62711864406779,50.847457627118644,1232065.0,946303.0,1879.1582115570598,5985.806400715903
1788398872.201527,261.98991940007545,-50.847457627118644,50.847457627118644,1232302.0,946954.0,2022.383485056555,5536.3891785484875
1788398872.3187466,262.1071368001867,-44.067796610169495,50.847457627118644,1232590.0,947536.0,2446.7532232193407,5040.679572647364
1788398872.4352999,262.2236872999929,-37.288135593220346,50.847457627118644,1232864.0,948094.0,2361.4096817352397,4677.581630103904
1788398872.55128,262.3396661002189,-30.508474576271198,50.847457627118644,1233184.0,948610.0,2767.542838902937,4302.022036710506
1788398872.666841,262.45522470003925,-23.72881355932205,50.847457627118644,1233526.0,949087.0,3062.108863085185,4301.533879095856
1788398872.781959,262.57034070021473,-16.9491525423729,50.847457627118644,1233885.0,949604.0,3093.7355956123274,4562.571486704233
1788398872.8969805,262.68536050012335,-10.169491525423723,50.847457627118644,1234278.0,950038.0,3336.7681566078036,3741.2249028632946
1788398873.0110915,262.7994698002003,-3.3898305084745743,50.847457627118644,1234617.0,950329.0,2935.56841531835,2521.460018173128
1788398873.1267936,262.91517030005343,3.3898305084745743,50.847457627118644,1235132.0,950703.0,4470.142446116514,3204.6642383564417
1788398873.2435663,263.0319398001302,10.169491525423723,50.847457627118644,1235683.0,951056.0,4664.434804178501,3010.7623495179146
1788398873.3649628,263.153335200157,16.94915254237287,50.847457627118644,1236239.0,951388.0,4410.031804996171,2688.6109394644664
1788398873.481803,263.270171900047,23.72881355932202,50.847457627118644,1236814.0,951656.0,5135.738779166896,2370.340975000106
1788398873.5959637,263.3843307001516,30.50847457627117,50.847457627118644,1237489.0,951974.0,5905.429564254578,2832.0063161912676
1788398873.7089274,263.4972926999908,37.28813559322032,50.847457627118644,1238209.0,952262.0,6576.598059252724,2638.1768719065367
1788398873.8209167,263.60928070009686,44.06779661016947,50.847457627118644,1238938.0,952521.0,6579.436578433309,2343.747794034183
1788398873.935679,263.7240412000101,50.847457627118644,50.847457627118644,1239666.0,952751.0,6402.107295525298,1996.6514884470885
1788398874.049122,263.8374824000057,57.627118644067764,50.847457627118644,1240428.0,952942.0,6720.597628955377,1670.9178170891803
1788398874.165649,263.95400720019825,64.40677966101691,50.847457627118644,1241247.0,953124.0,7191.57696526062,1607.1064628984407
1788398874.2817984,264.0701547001954,71.18644067796606,50.847457627118644,1242091.0,953291.0,7224.087958903063,1385.441526364971
1788398874.394408,264.1827624000143,77.96610169491527,50.847457627118644,1242880.0,953419.0,7026.701471495357,1161.8223332498935
1788398874.5109882,264.2993407000322,84.74576271186442,50.847457627118644,1243742.0,953569.0,7448.229406134684,1332.9358550277307
1788398874.630583,264.4189335000701,91.52542372881356,50.847457627118644,1244559.0,953693.0,6658.706213608447,989.8076804012557
1788398874.7463217,264.53466870007105,98.30508474576271,50.847457627118644,1245411.0,953829.0,7488.629840256242,1134.922783243803
1788398874.8644836,264.6528284000233,105.08474576271186,50.847457627118644,1246232.0,953959.0,7090.834035062905,1138.1466094495872
1788398874.9812062,264.76954930019565,111.86440677966101,50.847457627118644,1247110.0,954083.0,7522.576737432436,1099.1070203194697
1788398875.099095,264.8874357000459,118.64406779661016,50.847457627118644,1247926.0,954234.0,6894.558743796468,1275.448771491455
1788398875.2138786,265.00221740012057,125.42372881355931,50.847457627118644,1248820.0,954403.0,7798.980804786306,1449.6929025367485
1788398875.3289554,265.11729250010103,132.20338983050846,50.847457627118644,1249658.0,954587.0,7056.390953437238,1604.5540152518784
1788398875.4441185,265.2324545001611,138.9830508474576,50.847457627118644,1250437.0,954799.0,6721.72776188139,1794.282342941238
1788398875.5595617,265.34789340011775,145.76271186440675,50.847457627118644,1251127.0,955014.0,6034.575201248007,1872.172426893207
1788398875.673729,265.46206130017526,152.5423728813559,50.847457627118644,1251791.0,955234.0,5650.038272969255,1932.1848875146075
1788398875.7946055,265.58293570019305,159.32203389830505,50.847457627118644,1252466.0,955499.0,5685.622618207669,2190.2162601586147
1788398875.9084039,265.6967298001982,166.1016949152542,50.847457627118644,1253081.0,955756.0,5294.1362563000375,2270.244721506519
1788398876.0282207,265.81654590019025,172.88135593220335,50.847457627118644,1253686.0,956093.0,5210.126754512804,2884.4992412527636
1788398876.1433043,265.93162760022096,179.66101694915255,50.847457627118644,1254207.0,956453.0,4474.354812754776,3120.1533561336983
1788398876.2606463,266.0489679002203,186.4406779661017,50.847457627118644,1254809.0,956870.0,5226.526054144674,3606.6609585964106
1788398876.375427,266.1637464000378,193.22033898305085,50.847457627118644,1255279.0,957310.0,4018.3989814576917,3790.598585683446
1788398876.4891107,266.27742820000276,200.0,50.847457627118644,1255611.0,957673.0,2772.0142557530244,3112.760194167848
1788398876.60333,266.3916453002021,-200.0,57.627118644067764,1255966.0,958234.0,3209.7753275963387,4988.907937749738
1788398876.7166464,266.50496020005085,-193.22033898305085,57.627118644067764,1256305.0,958767.0,3057.2198925600132,4728.9927038994765
1788398876.832445,266.6207564000506,-186.4406779661017,57.627118644067764,1256620.0,959359.0,2721.9939830693315,5145.563376632723
1788398876.949718,266.73802730022,-179.66101694915255,57.627118644067764,1256958.0,959940.0,2800.0313919163914,4931.2654768463835
1788398877.0657403,266.8540471000597,-172.8813559322034,57.627118644067764,1257277.0,960573.0,2691.456238267464,5309.425616787011
1788398877.1832333,266.9715375001542,-166.10169491525426,57.627118644067764,1257534.0,961130.0,2213.931372473194,4801.406721371907
1788398877.2989335,267.0872365999967,-159.32203389830508,57.627118644067764,1257764.0,961729.0,1974.5700966973316,5183.246503830495
1788398877.4118338,267.20013480004855,-152.54237288135593,57.627118644067764,1257981.0,962263.0,1912.6850000236068,4642.439320445648
1788398877.526713,267.31501080002636,-145.76271186440678,57.627118644067764,1258193.0,962891.0,1858.9361905303795,5530.7952995483065
1788398877.6423597,267.43065710016526,-138.98305084745763,57.627118644067764,1258405.0,963563.0,1801.8248749559814,5862.790582978599
1788398877.7563994,267.5446948001627,-132.20338983050848,57.627118644067764,1258580.0,964195.0,1495.948093243398,5368.8934634809075
1788398877.8723195,267.66061230003834,-125.42372881355932,57.627118644067764,1258748.0,964803.0,1485.267776662313,5279.945815817857
1788398877.986729,267.77502080006525,-118.64406779661017,57.627118644067764,1258903.0,965424.0,1349.2464883197401,5406.1645008185515
1788398878.101879,267.8901673001237,-111.86440677966102,57.627118644067764,1259060.0,966107.0,1417.7081073614004,6127.85675352921
1788398878.2199507,268.0082374000922,-105.08474576271186,57.627118644067764,1259224.0,966787.0,1450.0834507734344,5865.821442806086
1788398878.3350406,268.123325600056,-98.30508474576271,57.627118644067764,1259379.0,967438.0,1350.1653955815284,5637.852800468814
1788398878.4511302,268.2394127000589,-91.52542372881356,57.627118644067764,1259535.0,968061.0,1342.6737764321945,5298.605238537787
1788398878.5667765,268.3550571000669,-84.74576271186442,57.627118644067764,1259715.0,968790.0,1514.2213671932943,6084.250915168237
1788398878.6803882,268.468667200068,-77.96610169491527,57.627118644067764,1259870.0,969446.0,1351.6587172909285,5639.679475593184
1788398878.794261,268.5825363001786,-71.18644067796612,57.627118644067764,1260047.0,970041.0,1572.9069990702164,5224.626757145515
1788398878.913856,268.7021316001192,-64.40677966101697,57.627118644067764,1260278.0,970700.0,1925.3489698045319,5495.9961501693
1788398879.0331852,268.82145830010995,-57.62711864406779,57.627118644067764,1260530.0,971349.0,2077.3443908809704,5286.178492539661
1788398879.1496768,268.9379469000269,-50.847457627118644,57.627118644067764,1260774.0,971953.0,2067.561259859032,5085.831491885387
1788398879.2647526,269.0530209999997,-44.067796610169495,57.627118644067764,1261063.0,972535.0,2514.9998448715687,5113.216596374917
1788398879.381927,269.1701936000027,-37.288135593220346,57.627118644067764,1261385.0,973095.0,2729.8090630580973,4741.247320048275
1788398879.4932978,269.2815628000535,-30.508474576271198,57.627118644067764,1261700.0,973574.0,2793.926733968774,4317.886770679014
1788398879.6056962,269.3939594000112,-23.72881355932205,57.627118644067764,1262102.0,974038.0,3646.11940387532,4103.049968555348
1788398879.719431,269.5076920001302,-16.9491525423729,57.627118644067764,1262460.0,974460.0,3203.526087027289,3728.241566799
1788398879.8325038,269.6207626000978,-10.169491525423723,57.627118644067764,1262967.0,974906.0,4465.667163924671,3937.569594746857
1788398879.9456906,269.7339473001193,-3.3898305084745743,57.627118644067764,1263469.0,975254.0,4413.969239208065,3173.9862663487766
1788398880.0587473,269.8470025002025,3.3898305084745743,57.627118644067764,1264011.0,975618.0,4810.223672224075,3278.009568137256
1788398880.1729786,269.96123210014775,10.169491525423723,57.627118644067764,1264583.0,975976.0,5015.886697966983,3154.4150349189067
1788398880.291381,270.0796321001835,16.94915254237287,57.627118644067764,1265173.0,976286.0,5075.127808222711,2643.6641370358716
1788398880.4063053,270.194554500049,23.72881355932202,57.627118644067764,1265831.0,976589.0,5705.808515317286,2583.590095735667
1788398880.531401,270.31964780017734,30.50847457627117,57.627118644067764,1266608.0,976888.0,6306.475743666711,2510.51223174694
1788398880.6479306,270.4361748001538,37.28813559322032,57.627118644067764,1267451.0,977149.0,6712.935802786292,2210.133235616798
1788398880.7652638,270.5535068002064,44.06779661016947,57.627118644067764,1268188.0,977369.0,6284.386484258032,1882.5474930817013
1788398880.878434,270.6666739000939,50.847457627118644,57.627118644067764,1268974.0,977575.0,6889.386444148665,1805.685963184126
1788398880.99386,270.78209860017523,57.627118644067764,57.627118644067764,1269732.0,977726.0,6582.464458937562,1318.3112521352853
1788398881.109937,270.8981732001994,64.40677966101691,57.627118644067764,1270492.0,977881.0,6389.476069035084,1328.5049252449185
1788398881.2251172,271.01335140015,71.18644067796606,57.627118644067764,1271395.0,978037.0,7830.142244064382,1335.3026796722322
1788398881.3398926,271.12812530016527,77.96610169491527,57.627118644067764,1272058.0,978161.0,5673.544619895092,1059.1844663765187
1788398881.4536083,271.24183890013956,84.74576271186442,57.627118644067764,1272713.0,978292.0,5641.537970437991,1098.7610777121456
1788398881.569023,271.35725180013105,91.52542372881356,57.627118644067764,1273511.0,978431.0,7037.712517677374,1169.929013892244
1788398881.6828625,271.4710897000041,98.30508474576271,57.627118644067764,1274334.0,978554.0,7109.006925041097,1048.4175801483636
1788398881.7990239,271.58724710019305,105.08474576271186,57.627118644067764,1275083.0,978681.0,6627.327895084577,1081.446811331793
1788398881.9157655,271.7039871001616,111.86440677966101,57.627118644067764,1275937.0,978824.0,7224.240613006217,1240.5261658697543
1788398882.0302885,271.8185080999974,118.64406779661016,57.627118644067764,1276718.0,978982.0,6781.900857403682,1376.56986280183
1788398882.1443307,271.93254810012877,125.42372881355931,57.627118644067764,1277484.0,979159.0,6729.9223899446015,1550.9286166127476
1788398882.2553587,272.04357510013506,132.20338983050846,57.627118644067764,1278187.0,979350.0,6312.311580015791,1706.0301567610247
1788398882.3716347,272.1598489000462,138.9830508474576,57.627118644067764,1278963.0,979559.0,6636.989066005386,1816.6284435407697
1788398882.4859855,272.27419860009104,145.76271186440675,57.627118644067764,1279613.0,979813.0,5664.7548551212385,2166.7457792684154
1788398882.6024349,272.3906450001523,152.5423728813559,57.627118644067764,1280220.0,980075.0,5177.2002218022835,2252.1269595708372
1788398882.718005,272.5062136000488,159.32203389830505,57.627118644067764,1280908.0,980421.0,5818.883415614883,3013.5119399685163
1788398882.8331437,272.6213494001422,166.1016949152542,57.627118644067764,1281541.0,980738.0,5460.322728335631,2859.2906178784556
1788398882.9478922,272.736095600063,172.88135593220335,57.627118644067764,1282061.0,981102.0,4538.065441637959,3074.470299202999
1788398883.06464,272.8528420000803,179.66101694915255,57.627118644067764,1282593.0,981511.0,4567.306821842582,3384.5381229590453
1788398883.1784074,272.96660630009137,186.4406779661017,57.627118644067764,1283091.0,981965.0,4441.161534491032,4090.3005400821776
1788398883.2974575,273.08565570018254,193.22033898305085,57.627118644067764,1283599.0,982421.0,4181.819469234221,3773.4039796699444
1788398883.412251,273.200447200099,200.0,57.627118644067764,1283999.0,982864.0,3438.1874093411016,3894.1804344526536
1788398883.5266695,273.3148640000727,-200.0,64.40677966101691,1284314.0,983403.0,2744.365129167899,4775.195324752144
1788398883.6503465,273.4385391001124,-193.22033898305085,64.40677966101691,1284596.0,983923.0,2328.4497776594617,4319.443065803059
1788398883.7668662,273.5550567000173,-186.4406779661017,64.40677966101691,1284935.0,984488.0,2806.9306956730456,4779.8532293729495
1788398883.882275,273.67046280018985,-179.66101694915255,64.40677966101691,1285224.0,985059.0,2541.367033999358,4924.480443170917
1788398884.000664,273.7888504001312,-172.8813559322034,64.40677966101691,1285472.0,985536.0,2161.5144553856017,4134.681178144242
1788398884.1148324,273.90301590017043,-166.10169491525426,64.40677966101691,1285706.0,986101.0,2054.0263960499587,5080.0474259449875
1788398884.2303228,274.01850420003757,-159.32203389830508,64.40677966101691,1285942.0,986731.0,2048.8279625917385,5451.3458290387325
1788398884.3478389,274.13601800007746,-152.54237288135593,64.40677966101691,1286163.0,987375.0,1821.140664053493,5346.797220570847
1788398884.4641907,274.2523684001062,-145.76271186440678,64.40677966101691,1286366.0,987947.0,1706.684483923817,5002.038035329911
1788398884.5800176,274.36819380009547,-138.98305084745763,64.40677966101691,1286554.0,988562.0,1624.6553291052473,5312.075289546371
1788398884.696053,274.4842270000372,-132.20338983050848,64.40677966101691,1286737.0,989224.0,1599.8192301766512,5757.541523291112
1788398884.8108187,274.598990800092,-125.42372881355932,64.40677966101691,1286919.0,989901.0,1604.6886085941248,5899.054146365902
1788398884.9275692,274.7157392001245,-118.64406779661017,64.40677966101691,1287048.0,990558.0,1110.7518077431446,5688.124176749167
1788398885.056,274.84416770003736,-111.86440677966102,64.40677966101691,1287209.0,991352.0,1364.1683906456124,6175.135581655805
1788398885.1686742,274.9568400999997,-105.08474576271186,64.40677966101691,1287338.0,991908.0,1146.9023371220308,4858.017216590065
1788398885.2822707,275.0704346001148,-98.30508474576271,64.40677966101691,1287508.0,992520.0,1511.8509753896592,5273.0412068468595
1788398885.395607,275.1837685999926,-91.52542372881356,64.40677966101691,1287666.0,993248.0,1375.6666858246329,6469.35144144557
1788398885.5124292,275.30058690020815,-84.74576271186442,64.40677966101691,1287833.0,993860.0,1429.3419633436072,5142.035239198386
1788398885.631887,275.4200440000277,-77.96610169491527,64.40677966101691,1288032.0,994575.0,1684.6197727491417,5979.959193318943
1788398885.749017,275.5371725000441,-71.18644067796612,64.40677966101691,1288244.0,995252.0,1818.1215668664008,5723.052616884877
1788398885.8627625,275.65091550000943,-64.40677966101697,64.40677966101691,1288494.0,995918.0,2255.613486696483,5708.0831091911
1788398885.978542,275.76669370010495,-57.62711864406779,64.40677966101691,1288730.0,996562.0,2051.2468320390985,5620.5970463802605
1788398886.0947926,275.8829427000601,-50.847457627118644,64.40677966101691,1289017.0,997136.0,2447.790958200267,4976.574999576279
1788398886.2168036,276.004951500101,-44.067796610169495,64.40677966101691,1289315.0,997670.0,2368.313022257435,4315.592618335771
1788398886.3339067,276.1220505000092,-37.288135593220346,64.40677966101691,1289647.0,998185.0,2834.7253806851463,4399.346532362013
1788398886.46484,276.25298190000467,-30.508474576271198,64.40677966101691,1290066.0,998715.0,3325.8909480543502,4012.4689721835325
1788398886.5788305,276.3669702000916,-23.72881355932205,64.40677966101691,1290486.0,999189.0,3703.9237456450514,4056.6783880874373
1788398886.692937,276.48107560002245,-16.9491525423729,64.40677966101691,1290952.0,999700.0,4090.0588557305305,4514.760226754468
1788398886.8073604,276.5954973001499,-10.169491525423723,64.40677966101691,1291506.0,1000090.0,4842.779360454326,3338.5827409192702
1788398886.9224877,276.7106226000469,-3.3898305084745743,64.40677966101691,1292022.0,1000467.0,4500.605536436964,3245.89126567272
1788398887.0352256,276.8233588000294,3.3898305084745743,64.40677966101691,1292628.0,1000811.0,5451.246761714119,3047.1071642402
1788398887.1556277,276.94375870004296,10.169491525423723,64.40677966101691,1293291.0,1001161.0,5560.733394623391,2941.358196217068
1788398887.2795594,277.0676878001541,16.94915254237287,64.40677966101691,1294124.0,1001481.0,6613.360576152077,2518.536783994
1788398887.3962147,277.18434040015563,23.72881355932202,64.40677966101691,1294785.0,1001738.0,5761.629206115347,2179.077712569266
1788398887.5075195,277.295643000165,30.50847457627117,64.40677966101691,1295470.0,1001962.0,6184.934304549886,1944.1087798585158
1788398887.6241386,277.41226030001417,37.28813559322032,64.40677966101691,1296207.0,1002167.0,6318.235365079516,1775.595387903944
1788398887.739718,277.5278380000964,44.06779661016947,64.40677966101691,1296958.0,1002390.0,6608.895275849072,1931.4084531913493
1788398887.8565137,277.644632200012,50.847457627118644,64.40677966101691,1297784.0,1002569.0,7034.923901287337,1524.2335119455895
1788398887.9659133,277.7540299000684,57.627118644067764,64.40677966101691,1298538.0,1002751.0,6966.434448843995,1650.4500347123515
1788398888.0813344,277.869449299993,64.40677966101691,64.40677966101691,1299409.0,1002945.0,7444.807775248264,1713.8473441192714
1788398888.1956363,277.98374900012277,71.18644067796606,64.40677966101691,1300204.0,1003078.0,7051.876150716348,1153.9433701172206
1788398888.3174782,278.10558870015666,77.96610169491527,64.40677966101691,1301032.0,1003217.0,7035.959632907783,1120.6097587659917
1788398888.4338942,278.22200190019794,84.74576271186442,64.40677966101691,1301931.0,1003363.0,7641.535227312121,1233.9799709176273
1788398888.5516717,278.3397781001404,91.52542372881356,64.40677966101691,1302879.0,1003516.0,8040.53644501804,1285.0579889928943
1788398888.6695182,278.4576216000132,98.30508474576271,64.40677966101691,1303786.0,1003665.0,7675.140073828903,1271.7268267021054
1788398888.7846386,278.572740000207,105.08474576271186,64.40677966101691,1304531.0,1003806.0,6433.271149255614,1187.256049004255
1788398888.898322,278.6864227000624,111.86440677966101,64.40677966101691,1305326.0,1003960.0,7026.753705258931,1366.3132204670144
1788398889.01273,278.80082820006646,118.64406779661016,64.40677966101691,1306030.0,1004129.0,6177.82809800133,1455.2217297514244
1788398889.128638,278.9167336001992,125.42372881355931,64.40677966101691,1306889.0,1004315.0,7423.623374778023,1607.5486140030268
1788398889.2433796,279.03147370018996,132.20338983050846,64.40677966101691,1307603.0,1004525.0,6292.849938390849,1828.1418069193853
1788398889.3611505,279.1492430001963,138.9830508474576,64.40677966101691,1308336.0,1004747.0,6208.970891472283,1880.431184274463
1788398889.4772618,279.2653526000213,145.76271186440675,64.40677966101691,1309014.0,1005001.0,5852.322137989465,2176.332295064832
1788398889.6009648,279.3890533000231,152.5423728813559,64.40677966101691,1309643.0,1005294.0,5037.868725321161,2318.311271829207
1788398889.7183444,279.50643010018393,159.32203389830505,64.40677966101691,1310272.0,1005622.0,5413.529346060755,2748.693902044618
1788398889.8342764,279.62235940014943,166.1016949152542,64.40677966101691,1310774.0,1005975.0,4191.913769091636,3025.950998880717
1788398889.9512973,279.73937840014696,172.88135593220335,64.40677966101691,1311332.0,1006362.0,4751.460017842607,3278.4175926513267
1788398890.066411,279.8544908000622,179.66101694915255,64.40677966101691,1311844.0,1006787.0,4534.21231760517,3795.236064635313
1788398890.1794689,279.9675462001469,186.4406779661017,64.40677966101691,1312304.0,1007289.0,4112.192464510905,4519.70703306604
1788398890.2922258,280.08030160004273,193.22033898305085,64.40677966101691,1312720.0,1007708.0,3687.610188363321,3734.053641617267
1788398890.40392,280.1919935999904,200.0,64.40677966101691,1313084.0,1008208.0,3244.509417205326,4482.299137064006
1788398890.516423,280.3044950000476,-200.0,71.18644067796606,1313345.0,1008789.0,2320.962015016856,5070.696129193453
1788398890.6294348,280.4175051001366,-193.22033898305085,71.18644067796606,1313629.0,1009390.0,2503.9112019548247,5304.5822500672575
1788398890.7432613,280.5313299000263,-186.4406779661017,71.18644067796606,1313883.0,1009933.0,2234.299908674917,4735.244662418034
1788398890.8579328,280.6459993000608,-179.66101694915255,71.18644067796606,1314163.0,1010522.0,2460.589255925555,5123.167182113656
1788398890.9731648,280.7612275001593,-172.8813559322034,71.18644067796606,1314442.0,1011116.0,2466.4124541097353,5293.087401516399
1788398891.0943902,280.88245090004057,-166.10169491525426,71.18644067796606,1314694.0,1011790.0,2134.6114699659283,5596.628391843442
1788398891.2125514,281.0006099001039,-159.32203389830508,71.18644067796606,1314906.0,1012433.0,1772.843813953722,5462.518756700048
1788398891.3297546,281.1178106002044,-152.54237288135593,71.18644067796606,1315099.0,1013046.0,1682.942610240406,5327.818316910804
1788398891.444906,281.2329606001731,-145.76271186440678,71.18644067796606,1315278.0,1013700.0,1538.8984076439071,5679.267932971562
1788398891.5601437,281.3481971002184,-138.98305084745763,71.18644067796606,1315451.0,1014306.0,1505.5706099503752,5241.956209034538
1788398891.6769252,281.46497690002434,-132.20338983050848,71.18644067796606,1315620.0,1014978.0,1505.3806087959463,6021.522435183785
1788398891.789688,281.57773780007847,-125.42372881355932,71.18644067796606,1315786.0,1015662.0,1463.6388281034374,5901.168013945706
1788398891.9071877,281.69523579999804,-118.64406779661017,71.18644067796606,1315942.0,1016302.0,1325.6039060438486,5355.795647237563
1788398892.020639,281.80868500005454,-111.86440677966102,71.18644067796606,1316088.0,1016972.0,1310.377731653408,5924.383829024563
1788398892.1404054,281.92844879999757,-105.08474576271186,71.18644067796606,1316256.0,1017668.0,1417.9518190350113,5991.989944954403
1788398892.259436,282.0474765000399,-98.30508474576271,71.18644067796606,1316415.0,1018321.0,1352.9538897274956,5439.056241253489
1788398892.3785381,282.16657720017247,-91.52542372881356,71.18644067796606,1316603.0,1019016.0,1619.60317016269,6125.538246928163
1788398892.494594,282.28263040003367,-84.74576271186442,71.18644067796606,1316792.0,1019766.0,1666.1264686796142,6500.624582717183
1788398892.6114073,282.3994419001974,-77.96610169491527,71.18644067796606,1317005.0,1020447.0,1787.9459771743882,5790.403723031775
1788398892.7262032,282.5142362001352,-71.18644067796612,71.18644067796606,1317241.0,1021076.0,2066.685676527451,5461.955002251121
1788398892.8394108,282.62744150008075,-64.40677966101697,71.18644067796606,1317513.0,1021669.0,2478.097046826468,5252.086278348634
1788398892.9547527,282.742782200221,-57.62711864406779,71.18644067796606,1317773.0,1022283.0,2317.4631340277683,5102.082868195521
1788398893.0705729,282.858598300023,-50.847457627118644,71.18644067796606,1318105.0,1022863.0,2899.7971091270174,5058.836078227819
1788398893.1840081,282.97203290020116,-44.067796610169495,71.18644067796606,1318476.0,1023449.0,3378.8224673896075,5137.661560003376
1788398893.2998123,283.08783600013703,-37.288135593220346,71.18644067796606,1318926.0,1023992.0,3903.8582104915295,4646.587614807783
1788398893.4159942,283.2040142000187,-30.508474576271198,71.18644067796606,1319332.0,1024409.0,3289.458566323447,3390.5313155680224
1788398893.5330176,283.3210357001517,-23.72881355932205,71.18644067796606,1319739.0,1024849.0,3631.082064852403,3947.221050598259
1788398893.649576,283.4375927001238,-16.9491525423729,71.18644067796606,1320245.0,1025257.0,4350.6163455926,3466.05119648871
1788398893.761174,283.54918920015916,-10.169491525423723,71.18644067796606,1320736.0,1025616.0,4338.1335123992785,3237.1321654346025
1788398893.8734446,283.66145680006593,-3.3898305084745743,71.18644067796606,1321273.0,1025945.0,4850.954428250622,2854.6001058551738
1788398893.9873173,283.77532840007916,3.3898305084745743,71.18644067796606,1321885.0,1026252.0,5343.090169703975,2690.03328613124
1788398894.1018121,283.88982160016894,10.169491525423723,71.18644067796606,1322551.0,1026590.0,5852.04921531668,2953.4560883551367
1788398894.2216413,284.00964830000885,16.94915254237287,71.18644067796606,1323205.0,1026880.0,5437.027196492699,2369.986213855792
1788398894.336012,284.12401750008576,23.72881355932202,71.18644067796606,1323858.0,1027115.0,5458.114027038822,2030.7124578713465
1788398894.4518814,284.2398847001605,30.50847457627117,71.18644067796606,1324591.0,1027325.0,6527.768698788024,1895.7611528669083
1788398894.5709035,284.35890350001864,37.28813559322032,71.18644067796606,1325427.0,1027527.0,7135.804165459791,1632.3152028489271
1788398894.686158,284.47415680019185,44.06779661016947,71.18644067796606,1326196.0,1027702.0,6577.486761022032,1464.7344467822172
1788398894.8006227,284.58861890016124,50.847457627118644,71.18644067796606,1326982.0,1027865.0,6829.308433848731,1435.3432719066275
1788398894.9179013,284.7058962001465,57.627118644067764,71.18644067796606,1327756.0,1028020.0,6680.52123049786,1318.0487833144427
1788398895.032277,284.82026970013976,64.40677966101691,71.18644067796606,1328552.0,1028154.0,7080.340768090835,1164.7710849061348
1788398895.149245,284.9372357001994,71.18644067796606,71.18644067796606,1329416.0,1028319.0,7419.022446315617,1397.786837711638
1788398895.2651136,285.0531024001539,77.96610169491527,71.18644067796606,1330185.0,1028445.0,6514.357780456219,1111.3259459030721
1788398895.3812106,285.16919760010205,84.74576271186442,71.18644067796606,1330985.0,1028586.0,6953.244839331017,1215.9171674995948
1788398895.496153,285.2841382001061,91.52542372881356,71.18644067796606,1331771.0,1028729.0,6714.038445185935,1284.5039630545684
1788398895.6144788,285.4024618000258,98.30508474576271,71.18644067796606,1332597.0,1028903.0,7101.76965303894,1453.4709911660007
1788398895.7310042,285.5189846002031,105.08474576271186,71.18644067796606,1333389.0,1029062.0,7019.819005067944,1381.4101656559408
1788398895.8481693,285.63614820013754,111.86440677966101,71.18644067796606,1334195.0,1029251.0,6716.40419077103,1653.8341372623604
1788398895.9612215,285.74919810006395,118.64406779661016,71.18644067796606,1334972.0,1029433.0,6951.631086493764,1592.1179052955092
1788398896.0746205,285.8625954000745,125.42372881355931,71.18644067796606,1335609.0,1029642.0,5512.8064233035,1837.6021411011668
1788398896.1877358,285.97570750000887,132.20338983050846,71.18644067796606,1336270.0,1029871.0,5826.420825532728,2000.8058796741957
1788398896.30283,286.09080070001073,138.9830508474576,71.18644067796606,1337014.0,1030169.0,6483.480855897629,2609.875768263876
1788398896.4169486,286.20491730002686,145.76271186440675,71.18644067796606,1337681.0,1030456.0,5822.43769605851,2479.5870314444755
1788398896.534081,286.32204750017263,152.5423728813559,71.18644067796606,1338279.0,1030761.0,5089.013088116708,2615.931289154729
1788398896.6471171,286.4350818002131,159.32203389830505,71.18644067796606,1338880.0,1031096.0,5364.677620360813,3011.2611858674686
1788398896.7611725,286.5491356002167,166.1016949152542,71.18644067796606,1339417.0,1031453.0,4755.478436145436,3158.0783436950383
1788398896.885866,286.6738263000734,172.88135593220335,71.18644067796606,1339843.0,1031783.0,3312.8543971458976,2611.721191400734
1788398897.00073,286.78868800005876,179.66101694915255,71.18644067796606,1340281.0,1032202.0,3628.922510345816,3693.0701304781915
1788398897.1182926,286.9062477000989,186.4406779661017,71.18644067796606,1340704.0,1032704.0,3512.6262342006185,4254.478594095405
1788398897.2371879,287.0251412000507,193.22033898305085,71.18644067796606,1341138.0,1033248.0,3692.360382400152,4610.991105557678
1788398897.3575218,287.14547290001065,200.0,71.18644067796606,1341502.0,1033784.0,3024.024292096707,4430.547218653315
1788398897.4712653,287.2592151002027,-200.0,77.96610169491527,1341756.0,1034396.0,2213.3872726428335,5319.569411561768
1788398897.5850196,287.37296740012243,-193.22033898305085,77.96610169491527,1342016.0,1034958.0,2270.5241486136892,4921.013562913751
1788398897.6984339,287.4863801000174,-186.4406779661017,77.96610169491527,1342255.0,1035532.0,2137.86436909902,5056.5139860429
1788398897.8114893,287.59943340020254,-179.66101694915255,77.96610169491527,1342480.0,1036142.0,1935.9326695971065,5335.393386066667
1788398897.9275455,287.71548840007745,-172.8813559322034,77.96610169491527,1342714.0,1036783.0,2029.1494082752642,5591.433925025172
1788398898.0427234,287.83066400000826,-166.10169491525426,77.96610169491527,1342904.0,1037378.0,1623.550843630428,5136.6580363448575
1788398898.1595442,287.9474817002192,-159.32203389830508,77.96610169491527,1343095.0,1038004.0,1678.2081910477013,5495.67077947489
1788398898.2820747,288.0700103000272,-152.54237288135593,77.96610169491527,1343271.0,1038741.0,1441.1642426680073,5911.527211963036
1788398898.3966117,288.1845448000822,-145.76271186440678,77.96610169491527,1343436.0,1039446.0,1411.3433513477592,6286.893110549109
1788398898.515053,288.30298390006647,-138.98305084745763,77.96610169491527,1343622.0,1040224.0,1532.4905805525286,6539.814454218349
1788398898.6315176,288.4194471000228,-132.20338983050848,77.96610169491527,1343792.0,1040928.0,1441.1973444621012,6026.006396532161
1788398898.7455487,288.53347670007497,-125.42372881355932,77.96610169491527,1343975.0,1041632.0,1585.1073609582754,6183.761855831412
1788398898.8594477,288.64737380016595,-118.64406779661017,77.96610169491527,1344136.0,1042339.0,1406.1608227595034,6130.12593974241
1788398898.9745061,288.762430800125,-111.86440677966102,77.96610169491527,1344299.0,1043054.0,1431.6731703451665,6173.52061352661
1788398899.0878227,288.8757454000879,-105.08474576271186,77.96610169491527,1344447.0,1043648.0,1311.19567115393,5106.2760996346715
1788398899.2040129,288.9919317001477,-98.30508474576271,77.96610169491527,1344604.0,1044281.0,1401.0605403291622,5585.685068067256
1788398899.3225577,289.1104749001097,-91.52542372881356,77.96610169491527,1344788.0,1044951.0,1611.1035402809348,5698.703379622278
1788398899.440707,289.2286215000786,-84.74576271186442,77.96610169491527,1345039.0,1045622.0,2190.4094200921627,5682.496569337454
1788398899.551113,289.33902630000375,-77.96610169491527,77.96610169491527,1345249.0,1046269.0,1941.4634424527815,5795.698749391062
1788398899.6672852,289.4551962001715,-71.18644067796612,77.96610169491527,1345525.0,1046904.0,2354.1623704882336,5508.194581142353
1788398899.7827456,289.57065550005063,-64.40677966101697,77.96610169491527,1345784.0,1047552.0,2250.3541797252365,5457.336654475371
1788398899.8973806,289.6852882001549,-57.62711864406779,77.96610169491527,1346085.0,1048122.0,2589.4798928813398,4985.439936116743
1788398900.0146835,289.80258920020424,-50.847457627118644,77.96610169491527,1346426.0,1048657.0,2914.1190386661483,4518.221261785129
1788398900.1313767,289.91928090015426,-44.067796610169495,77.96610169491527,1346826.0,1049170.0,3457.786565610165,4432.828208132091
1788398900.2465816,290.0344828001689,-37.288135593220346,77.96610169491527,1347261.0,1049677.0,3718.0071495075504,4336.137370393421
1788398900.367998,290.15589700010605,-30.508474576271198,77.96610169491527,1347706.0,1050132.0,3761.3558827695074,3913.9645940035925
1788398900.4836428,290.2715402999893,-23.72881355932205,77.96610169491527,1348191.0,1050542.0,4131.117113181347,3531.8781473132835
1788398900.5975337,290.385429300135,-16.9491525423729,77.96610169491527,1348678.0,1050943.0,4310.392468329211,3555.1527623399047
1788398900.7096193,290.4975126001518,-10.169491525423723,77.96610169491527,1349278.0,1051335.0,5346.1391481785495,3570.3236968604997
1788398900.8259766,290.6138675000984,-3.3898305084745743,77.96610169491527,1349904.0,1051725.0,5428.208779455835,3383.5834725274703
1788398900.9418828,290.72977240011096,3.3898305084745743,77.96610169491527,1350585.0,1052036.0,5711.011843204528,2673.0454793273593
1788398901.0542905,290.84217840014026,10.169491525423723,77.96610169491527,1351251.0,1052309.0,5757.4921879816475,2422.2459043288486
1788398901.1693854,290.9572712001391,16.94915254237287,77.96610169491527,1351997.0,1052577.0,6471.5565149264685,2299.5839863432534
1788398901.2829394,291.07082210015506,23.72881355932202,77.96610169491527,1352649.0,1052793.0,5781.386145872218,1825.700888170174
1788398901.396693,291.184574900195,30.50847457627117,77.96610169491527,1353397.0,1052997.0,6563.617559858285,1805.2262682261858
1788398901.5128756,291.30075530009344,37.28813559322032,77.96610169491527,1354205.0,1053195.0,6964.3474163649435,1705.0021524520394
1788398901.639328,291.42720550019294,44.06779661016947,77.96610169491527,1355033.0,1053390.0,6829.54225031656,1567.871567193296
1788398901.754828,291.5427028001286,50.847457627118644,77.96610169491527,1355916.0,1053539.0,7515.571935999069,1266.4616915521187
1788398901.871583,291.65945530007593,57.627118644067764,77.96610169491527,1356752.0,1053687.0,7261.498420482963,1249.1934163949652
1788398901.9887881,291.7766587000806,64.40677966101691,77.96610169491527,1357578.0,1053842.0,6960.090373490344,1289.239538094714
1788398902.1050072,291.8928751000203,71.18644067796606,77.96610169491527,1358470.0,1053978.0,7671.064730900688,1173.2216647259875
1788398902.224036,292.0119027001783,77.96610169491527,77.96610169491527,1359336.0,1054118.0,7235.286182119821,1171.850031950695
1788398902.3405037,292.12836830015294,84.74576271186442,77.96610169491527,1360113.0,1054255.0,6628.698456125505,1189.5335585649877
1788398902.4572499,292.2451125001535,91.52542372881356,77.96610169491527,1361024.0,1054395.0,7826.589376571862,1204.090673318748
1788398902.5707855,292.35864640004,98.30508474576271,77.96610169491527,1361843.0,1054543.0,7291.805131551222,1282.9884978298985
1788398902.6891766,292.47703590011224,105.08474576271186,77.96610169491527,1362614.0,1054728.0,6532.245204675483,1575.5279761954419
1788398902.8045206,292.59237790014595,111.86440677966101,77.96610169491527,1363456.0,1054944.0,7113.866327044892,1851.057054486171
1788398902.9221702,292.71002430003136,118.64406779661016,77.96610169491527,1364261.0,1055172.0,6954.336604821278,1941.613441346075
1788398903.0392988,292.8271505001467,125.42372881355931,77.96610169491527,1364919.0,1055375.0,5745.36327113684,1729.1870039343887
1788398903.154456,292.9423058000393,132.20338983050846,77.96610169491527,1365644.0,1055614.0,6354.305895210121,2105.9464301198536
1788398903.2705116,293.0583592001349,138.9830508474576,77.96610169491527,1366308.0,1055872.0,5638.59327089841,2231.943169730621
1788398903.3859904,293.17383720004,145.76271186440675,77.96610169491527,1366983.0,1056210.0,5834.79738360465,2894.499173028367
1788398903.500611,293.28845590003766,152.5423728813559,77.96610169491527,1367516.0,1056559.0,4682.737673677033,3103.5688285578776
1788398903.6166031,293.4044459001161,159.32203389830505,77.96610169491527,1368062.0,1056912.0,4702.158922408389,3164.9146593133387
1788398903.7324274,293.5202682001982,166.1016949152542,77.96610169491527,1368576.0,1057326.0,4460.178454500293,3548.279620685456
1788398903.8497949,293.63763330015354,172.88135593220335,77.96610169491527,1369089.0,1057770.0,4272.089376271631,3827.0800662433367
1788398903.9635804,293.7514170000795,179.66101694915255,77.96610169491527,1369507.0,1058294.0,3526.5768519224066,4631.509547041698
1788398904.081028,293.86886270018294,186.4406779661017,77.96610169491527,1369903.0,1058762.0,3347.12539032977,3988.0642948610025
1788398904.2039506,293.9917834000662,193.22033898305085,77.96610169491527,1370313.0,1059388.0,3266.181462158723,4991.711291223709
1788398904.3168793,294.104708700208,200.0,77.96610169491527,1370631.0,1059951.0,2838.265398792807,4941.373530357313
1788398904.4325423,294.2203695999924,-200.0,84.74576271186442,1370879.0,1060562.0,2188.600516397578,5495.18744376881
1788398904.5489643,294.33678960008547,-193.22033898305085,84.74576271186442,1371116.0,1061163.0,2044.7668824725745,5161.460016109186
1788398904.6664746,294.45429850020446,-186.4406779661017,84.74576271186442,1371363.0,1061747.0,2073.9455866299613,4946.943801874929
1788398904.7815366,294.5693589001894,-179.66101694915255,84.74576271186442,1371604.0,1062361.0,2087.694090339374,5333.192326849492
1788398904.8959954,294.68381540011615,-172.8813559322034,84.74576271186442,1371831.0,1062944.0,1939.4826509427487,5196.349744035289
1788398905.0104473,294.7982656999957,-166.10169491525426,84.74576271186442,1372025.0,1063610.0,1623.2069060693893,5713.3214829448
1788398905.124472,294.9122882001102,-159.32203389830508,84.74576271186442,1372218.0,1064263.0,1666.7357302760565,5773.719905431422
1788398905.2432199,295.0310340002179,-152.54237288135593,84.74576271186442,1372392.0,1064976.0,1493.3125569750928,6177.30535990939
1788398905.364647,295.1524577999953,-145.76271186440678,84.74576271186442,1372543.0,1065620.0,1260.3131894787532,5428.348951826344
1788398905.4806046,295.2684136000462,-138.98305084745763,84.74576271186442,1372702.0,1066297.0,1379.463060457992,5726.586783874954
1788398905.5969927,295.38479989999905,-132.20338983050848,84.74576271186442,1372847.0,1066942.0,1253.5585613559113,5522.924676118797
1788398905.7078612,295.4956671001855,-125.42372881355932,84.74576271186442,1372975.0,1067556.0,1107.0709390292448,5764.403854945378
1788398905.8233414,295.6111453000922,-118.64406779661017,84.74576271186442,1373117.0,1068216.0,1222.224045029665,5782.761526483639
1788398905.9408226,295.72862450010143,-111.86440677966102,84.74576271186442,1373274.0,1068913.0,1334.9138690229768,5918.1181526685305
1788398906.054868,295.84266840014607,-105.08474576271186,84.74576271186442,1373434.0,1069626.0,1395.446621531934,6105.078969202211
1788398906.1667666,295.9545654000249,-98.30508474576271,84.74576271186442,1373587.0,1070259.0,1395.8054668041275,5639.42879876567
1788398906.285562,296.07335860002786,-91.52542372881356,84.74576271186442,1373779.0,1070918.0,1698.9811658652409,5586.323942111254
1788398906.399941,296.1877350001596,-84.74576271186442,84.74576271186442,1373992.0,1071547.0,1899.387770379807,5615.1803502975845
1788398906.5136704,296.3014623001218,-77.96610169491527,84.74576271186442,1374221.0,1072112.0,2052.1579393108736,4941.743557892104
1788398906.6284022,296.41619220003486,-71.18644067796612,84.74576271186442,1374494.0,1072679.0,2363.9043683541972,4901.222570680324
1788398906.741503,296.5292910002172,-64.40677966101697,84.74576271186442,1374813.0,1073236.0,2879.9469562315835,4907.948189076333
1788398906.8532324,296.6410184002016,-57.62711864406779,84.74576271186442,1375129.0,1073750.0,2805.07013771528,4662.608222222389
1788398906.9673202,296.755104200216,-50.847457627118644,84.74576271186442,1375524.0,1074260.0,3462.578437909969,4564.725420799084
1788398907.0842466,296.8720285000745,-44.067796610169495,84.74576271186442,1375933.0,1074718.0,3515.9982357790145,3981.2193763909963
1788398907.19859,296.9863700000569,-37.288135593220346,84.74576271186442,1376362.0,1075179.0,3713.464635896342,4009.0638108930657
1788398907.3143966,297.10217450000346,-30.508474576271198,84.74576271186442,1376776.0,1075576.0,3560.6388594806235,3461.230160358068
1788398907.4318204,297.2195964001585,-23.72881355932205,84.74576271186442,1377274.0,1075947.0,4222.912777639681,3171.639132573262
1788398907.5460587,297.33383300015703,-16.9491525423729,84.74576271186442,1377867.0,1076365.0,5023.481106285995,3547.6043579063507
1788398907.661263,297.44903420004994,-10.169491525423723,84.74576271186442,1378521.0,1076722.0,5716.5952429912595,3122.2805228439524
1788398907.7774053,297.565173700219,-3.3898305084745743,84.74576271186442,1379167.0,1077023.0,5539.70179935079,2587.6238668020137
1788398907.8927293,297.68049750011414,3.3898305084745743,84.74576271186442,1379842.0,1077296.0,5718.823002894319,2267.334320569658
1788398908.0067828,297.79454510007054,10.169491525423723,84.74576271186442,1380502.0,1077576.0,5852.11038407906,2513.2887856389693
1788398908.119838,297.9076019001659,16.94915254237287,84.74576271186442,1381172.0,1077799.0,5891.397258609258,2001.027504898879
1788398908.2329514,298.0207129002083,23.72881355932202,84.74576271186442,1381915.0,1078000.0,6486.436400498722,1806.935854424644
1788398908.3490765,298.13683640002273,30.50847457627117,84.74576271186442,1382649.0,1078204.0,6347.731432637527,1782.7671257620289
1788398908.4625058,298.2502639000304,37.28813559322032,84.74576271186442,1383300.0,1078334.0,5761.623892341688,1108.0045946810937
1788398908.57976,298.36751630017534,44.06779661016947,84.74576271186442,1384095.0,1078511.0,6674.322497763542,1481.199912605278
1788398908.693836,298.48159050010145,50.847457627118644,84.74576271186442,1384918.0,1078639.0,6848.854793380001,1086.243098950054
1788398908.808874,298.59662560001016,57.627118644067764,84.74576271186442,1385658.0,1078775.0,6615.813487675243,1196.8779386534984
1788398908.930172,298.71792120020837,64.40677966101691,84.74576271186442,1386589.0,1078928.0,7955.477958397025,1252.8311745507126
1788398909.048166,298.83591390005313,71.18644067796606,84.74576271186442,1387413.0,1079070.0,6893.376205562043,1148.8960342603405
1788398909.163101,298.95084569999017,77.96610169491527,84.74576271186442,1388186.0,1079217.0,6606.331872371072,1275.7054650095863
1788398909.2809243,299.0686670001596,84.74576271186442,84.74576271186442,1389030.0,1079366.0,7176.213634097639,1261.6535192116796
1788398909.3957198,299.1834603000898,91.52542372881356,84.74576271186442,1389922.0,1079521.0,7660.791875558496,1337.8894902291154
1788398909.507644,299.2953833001666,98.30508474576271,84.74576271186442,1390733.0,1079691.0,7149.258970854431,1558.2929064610055
1788398909.622073,299.40981100010686,105.08474576271186,84.74576271186442,1391471.0,1079852.0,6465.808948616643,1417.5394441804522
1788398909.7390122,299.52674840018153,111.86440677966101,84.74576271186442,1392250.0,1080067.0,6618.498206226556,1860.0417878344756
1788398909.857803,299.64553710003383,118.64406779661016,84.74576271186442,1392966.0,1080286.0,6073.546772380463,1886.1385964747649
1788398909.9718916,299.75962220015936,125.42372881355931,84.74576271186442,1393690.0,1080529.0,6221.898846059864,2080.1850714712887
1788398910.0877302,299.87545890011825,132.20338983050846,84.74576271186442,1394374.0,1080772.0,5906.230442039476,2101.6034701735557
1788398910.207154,299.99488080013543,138.9830508474576,84.74576271186442,1395015.0,1081084.0,5472.986595734315,2657.302173491581
1788398910.3210092,300.1087339001242,145.76271186440675,84.74576271186442,1395600.0,1081411.0,5118.4293930347585,2886.6097297655483
1788398910.433934,300.2216569001321,152.5423728813559,84.74576271186442,1396179.0,1081774.0,5104.502842231893,3198.4498683565957
1788398910.5455046,300.33322600019164,159.32203389830505,84.74576271186442,1396678.0,1082162.0,4492.680993517812,3539.402043212562
1788398910.6587665,300.4464863000903,166.1016949152542,84.74576271186442,1397145.0,1082550.0,4153.1434542622965,3300.265780619146
1788398910.7762268,300.56394470017403,172.88135593220335,84.74576271186442,1397651.0,1083040.0,4277.571624183074,4233.013586431167
1788398910.8947587,300.6824735000264,179.66101694915255,84.74576271186442,1398047.0,1083563.0,3393.0240544681346,4530.195604058273
1788398911.012546,300.8002594001591,186.4406779661017,84.74576271186442,1398457.0,1084085.0,3571.14336462645,4450.47012275055
1788398911.1273763,300.9150869001169,193.22033898305085,84.74576271186442,1398760.0,1084635.0,2617.049117540959,4750.81041895066
1788398911.242135,301.02984420000575,200.0,84.74576271186442,1399052.0,1085245.0,2576.6721577388603,5245.698156256892
1788398911.3566334,301.14434020011686,-200.0,91.52542372881356,1399265.0,1085844.0,1846.6190874293113,5165.048437611687
1788398911.4704976,301.2582024000585,-193.22033898305085,91.52542372881356,1399517.0,1086419.0,2213.423864404364,5063.207089824982
1788398911.588728,301.3764314001892,-186.4406779661017,91.52542372881356,1399745.0,1087077.0,1929.5114758771479,5646.266300377829
1788398911.7061682,301.49386930000037,-179.66101694915255,91.52542372881356,1399961.0,1087704.0,1845.9019641230366,5305.853471754622
1788398911.8215902,301.6092899001669,-172.8813559322034,91.52542372881356,1400147.0,1088351.0,1625.85823037219,5604.215241003582
1788398911.9343371,301.7220346000977,-166.10169491525426,91.52542372881356,1400314.0,1089021.0,1451.86643795786,5835.386260253706
1788398912.0489674,301.8366627001669,-159.32203389830508,91.52542372881356,1400499.0,1089771.0,1650.5634572997822,6602.253829199129
1788398912.1640239,301.95171690010466,-152.54237288135593,91.52542372881356,1400650.0,1090438.0,1343.6567893487634,5843.986720797703
1788398912.2771006,302.0647918002214,-145.76271186440678,91.52542372881356,1400833.0,1091186.0,1621.341672677442,6605.809214965806
1788398912.3906639,302.1783527000807,-138.98305084745763,91.52542372881356,1400989.0,1091886.0,1346.2648536092909,6076.633825537827
1788398912.5073812,302.29506800021045,-132.20338983050848,91.52542372881356,1401163.0,1092583.0,1500.321177273999,5965.348872514583
1788398912.625247,302.4129313000012,-125.42372881355932,91.52542372881356,1401335.0,1093307.0,1500.091075007179,6187.875684404613
1788398912.7393105,302.52699390007183,-118.64406779661017,91.52542372881356,1401487.0,1093930.0,1308.1637696749826,5361.628971484788
1788398912.8547404,302.6424214001745,-111.86440677966102,91.52542372881356,1401644.0,1094559.0,1378.1785363077286,5530.848073340227
1788398912.9701805,302.7578599001281,-105.08474576271186,91.52542372881356,1401813.0,1095255.0,1449.9767104368427,5935.842158350824
1788398913.0883365,302.8760137001518,-98.30508474576271,91.52542372881356,1402013.0,1095986.0,1716.112527222123,6130.237017345005
1788398913.20317,302.9908456001431,-91.52542372881356,91.52542372881356,1402232.0,1096635.0,1860.3802829961508,5699.694494473501
1788398913.3308153,303.1184881001245,-84.74576271186442,91.52542372881356,1402439.0,1097213.0,1689.871345055765,4419.663517838155
1788398913.448469,303.23613890004344,-77.96610169491527,91.52542372881356,1402678.0,1097849.0,2078.245007453505,5471.485749711661
1788398913.5696805,303.3573480001651,-71.18644067796612,91.52542372881356,1403014.0,1098444.0,2892.0367687652006,4853.832411271531
1788398913.6865609,303.47422690014355,-64.40677966101697,91.52542372881356,1403365.0,1099044.0,3083.4307690503265,5045.613985718715
1788398913.803707,303.59137040004134,-57.62711864406779,91.52542372881356,1403719.0,1099571.0,3026.453346426956,4410.22995025049
1788398913.9226325,303.71029489999637,-50.847457627118644,91.52542372881356,1404095.0,1100045.0,3164.0772375828114,3939.6727721435004
1788398914.0391502,303.8268105001189,-44.067796610169495,91.52542372881356,1404518.0,1100500.0,3658.7924840293513,3918.85371451183
1788398914.1559958,303.9436533001717,-37.288135593220346,91.52542372881356,1404946.0,1100939.0,3564.0356422874397,3780.037802426072
1788398914.2735238,304.06117990007624,-30.508474576271198,91.52542372881356,1405439.0,1101320.0,4178.324065109004,3194.1363838199445
1788398914.3904576,304.17811219999567,-23.72881355932205,91.52542372881356,1406029.0,1101718.0,4999.057039315248,3356.767542644896
1788398914.50575,304.2934025002178,-16.9491525423729,91.52542372881356,1406639.0,1102041.0,5317.372744466873,2840.166670679405
1788398914.6234107,304.4110602000728,-10.169491525423723,91.52542372881356,1407260.0,1102374.0,5262.7964016657525,2827.638066657701
1788398914.7529664,304.54061480006203,-3.3898305084745743,91.52542372881356,1408044.0,1102709.0,6483.611170074081,2464.6919057870264
1788398914.8685026,304.65614770003594,3.3898305084745743,91.52542372881356,1408736.0,1102961.0,5997.9464761912595,2162.5877895666486
1788398914.9846594,304.77230270020664,10.169491525423723,91.52542372881356,1409443.0,1103243.0,6109.079795898997,2472.7227745305463
1788398915.0980086,304.88565010018647,16.94915254237287,91.52542372881356,1410200.0,1103454.0,6569.43166469657,1890.2172913936533
1788398915.2107594,304.99839920015074,23.72881355932202,91.52542372881356,1410970.0,1103635.0,6787.023203048569,1608.431526201921
1788398915.3235302,305.11116820015013,30.50847457627117,91.52542372881356,1411761.0,1103805.0,6995.6381821853665,1505.037696565776
1788398915.4409842,305.2286202001851,37.28813559322032,91.52542372881356,1412613.0,1103940.0,7165.982851688368,1121.632098525136
1788398915.55748,305.34511440014467,44.06779661016947,91.52542372881356,1413399.0,1104087.0,6686.95791769223,1256.6095415797479
1788398915.6709867,305.4586191000417,50.847457627118644,91.52542372881356,1414300.0,1104228.0,7934.435723904917,1245.5218868920508
1788398915.797077,305.58470720006153,57.627118644067764,91.52542372881356,1415277.0,1104382.0,7871.152144604804,1263.482122995131
1788398915.915093,305.70271900016814,64.40677966101691,91.52542372881356,1416249.0,1104537.0,7823.570832200025,1215.3993812968968
1788398916.03017,305.81779450015165,71.18644067796606,91.52542372881356,1417087.0,1104676.0,7170.430689428533,1164.5072858790584
1788398916.1398127,305.9274361000862,77.96610169491527,91.52542372881356,1417883.0,1104795.0,7119.541118785643,1084.242784936358
1788398916.25424,306.0418615001254,84.74576271186442,91.52542372881356,1418682.0,1104964.0,6916.148110172666,1482.0317378941427
1788398916.3690412,306.1566601002123,91.52542372881356,91.52542372881356,1419527.0,1105114.0,7314.841921074119,1304.2673250793007
1788398916.4837732,306.2713907000143,98.30508474576271,91.52542372881356,1420315.0,1105293.0,6938.07947528318,1561.0678819387156
1788398916.5982337,306.38584910007194,105.08474576271186,91.52542372881356,1421061.0,1105485.0,6493.631207171176,1692.002497643194
1788398916.7129796,306.5005931002088,111.86440677966101,91.52542372881356,1421771.0,1105719.0,6141.301019856982,2062.309109194172
1788398916.8315172,306.6191292000003,118.64406779661016,91.52542372881356,1422486.0,1105970.0,5978.171736971301,2160.253798758066
1788398916.954396,306.74200570001267,125.42372881355931,91.52542372881356,1423232.0,1106227.0,5898.875411773267,2078.314425437358
1788398917.0709271,306.8585338999983,132.20338983050846,91.52542372881356,1423903.0,1106540.0,5349.782155077706,2780.4185128448457
1788398917.1816075,306.9692128000315,138.9830508474576,91.52542372881356,1424535.0,1106873.0,5834.489268501381,3022.112905416565
1788398917.2939377,307.0815413000528,145.76271186440675,91.52542372881356,1425079.0,1107209.0,4856.183336287972,2954.7219147855803
1788398917.4066987,307.1943004000932,152.5423728813559,91.52542372881356,1425553.0,1107603.0,4273.97279831506,3595.711897712887
1788398917.5208616,307.3084614002146,159.32203389830505,91.52542372881356,1426042.0,1108027.0,4247.796052953274,3761.547260714562
1788398917.634582,307.42217939998955,166.1016949152542,91.52542372881356,1426510.0,1108474.0,4154.334443310163,3905.074376711553
1788398917.750414,307.538009500131,172.88135593220335,91.52542372881356,1426896.0,1108919.0,3351.5727573681875,3839.4027543975194
1788398917.8693192,307.6569126001559,179.66101694915255,91.52542372881356,1427352.0,1109447.0,3838.3905864251824,4470.802765424297
1788398917.9838202,307.7714123001788,186.4406779661017,91.52542372881356,1427693.0,1109964.0,2894.4148883978382,4549.687300612576
1788398918.108651,307.8962397000287,193.22033898305085,91.52542372881356,1428043.0,1110568.0,2866.45979179918,4935.219763862197
1788398918.2233644,308.0109511001501,200.0,91.52542372881356,1428349.0,1111122.0,2487.0283053899625,4762.198644024484
1788398918.339204,308.12678820011206,-200.0,98.30508474576271,1428544.0,1111823.0,1643.8618458535252,6078.675946480344
1788398918.4546773,308.2422595000826,-193.22033898305085,98.30508474576271,1428739.0,1112475.0,1663.4458239991902,5799.335714270401
1788398918.5711088,308.3586889000144,-186.4406779661017,98.30508474576271,1428938.0,1113166.0,1630.1401191921348,5935.151041699541
1788398918.6912599,308.4788375000935,-179.66101694915255,98.30508474576271,1429135.0,1113879.0,1633.28530116004,6015.05608222918
1788398918.80641,308.5939867000561,-172.8813559322034,98.30508474576271,1429314.0,1114560.0,1580.0181600791116,5846.067192292712
1788398918.9214287,308.7090039001778,-166.10169491525426,98.30508474576271,1429485.0,1115198.0,1473.415757359487,5548.046987588192
1788398919.0336728,308.82124590012245,-159.32203389830508,98.30508474576271,1429643.0,1115857.0,1363.4920342034866,5743.476719418796
1788398919.1547987,308.94237020006403,-152.54237288135593,98.30508474576271,1429787.0,1116569.0,1215.6112255421122,5939.1291305057475
1788398919.2691567,309.0567261001561,-145.76271186440678,98.30508474576271,1429950.0,1117163.0,1336.0872587213746,5234.533643757714
1788398919.392195,309.17976200021803,-138.98305084745763,98.30508474576271,1430122.0,1117885.0,1418.2372904890326,5885.684755529485
1788398919.5073028,309.2948673001956,-132.20338983050848,98.30508474576271,1430258.0,1118554.0,1194.6443155411237,5835.3780028354895
1788398919.6250138,309.4125754002016,-125.42372881355932,98.30508474576271,1430394.0,1119286.0,1156.2206468228292,6300.954377646891
1788398919.7394729,309.5270330000203,-118.64406779661017,98.30508474576271,1430550.0,1119973.0,1398.3209110181938,5998.060749893832
1788398919.855617,309.6431751002092,-111.86440677966102,98.30508474576271,1430716.0,1120600.0,1472.6848588616076,5330.577096492935
1788398919.9726717,309.76022809999995,-105.08474576271186,98.30508474576271,1430913.0,1121231.0,1695.1995198601464,5419.228252318872
1788398920.0860913,309.8736454001628,-98.30508474576271,98.30508474576271,1431122.0,1121794.0,1782.052243160763,4912.185457831741
1788398920.2015762,309.98912900011055,-91.52542372881356,98.30508474576271,1431366.0,1122385.0,2138.6284304341657,5165.331378590993
1788398920.3174446,310.1049956001807,-84.74576271186442,98.30508474576271,1431624.0,1123008.0,2207.094807160017,5390.053847237893
1788398920.4365847,310.22413350013085,-77.96610169491527,98.30508474576271,1431917.0,1123656.0,2527.6303341024445,5462.644311796492
1788398920.5501838,310.33772910013795,-71.18644067796612,98.30508474576271,1432201.0,1124152.0,2544.968016078845,4315.380549003258
1788398920.6654365,310.45297980005853,-64.40677966101697,98.30508474576271,1432580.0,1124730.0,3301.6418778127077,4943.240353373216
1788398920.781422,310.56896260008216,-57.62711864406779,98.30508474576271,1433006.0,1125296.0,3569.7861335113316,4780.963571666962
1788398920.8978527,310.6853919001296,-50.847457627118644,98.30508474576271,1433471.0,1125795.0,3959.3890165485695,4313.554547845345
1788398921.0126975,310.800235300092,-44.067796610169495,98.30508474576271,1433938.0,1126259.0,4065.632493931534,3946.5937046947997
1788398921.129575,310.9171111001633,-37.288135593220346,98.30508474576271,1434508.0,1126733.0,4771.184912171204,4008.871533346857
1788398921.2438152,311.0313497001771,-30.508474576271198,98.30508474576271,1435006.0,1127067.0,4380.329937870621,2987.4216731084152
1788398921.3619323,311.1494647001382,-23.72881355932205,98.30508474576271,1435579.0,1127443.0,4750.459092565599,3119.7044786997967
1788398921.4756446,311.26317550009117,-16.9491525423729,98.30508474576271,1436162.0,1127758.0,4959.765164023735,2659.3174998197765
1788398921.5912783,311.3788046000991,-10.169491525423723,98.30508474576271,1436791.0,1128037.0,5452.2860457664765,2417.08789169343
1788398921.7153344,311.502859900007,-3.3898305084745743,98.30508474576271,1437525.0,1128323.0,5912.839372718871,2284.506121277746
1788398921.8315887,311.61911180010065,3.3898305084745743,98.30508474576271,1438201.0,1128561.0,5901.387285827506,2066.3879028356255
1788398921.9516456,311.7391661000438,10.169491525423723,98.30508474576271,1439062.0,1128825.0,7279.42975105641,2209.3553416144605
1788398922.0646794,311.85219970019534,16.94915254237287,98.30508474576271,1439933.0,1129039.0,7824.601638750732,1871.9142676437157
1788398922.1796057,311.9671231000684,23.72881355932202,98.30508474576271,1440813.0,1129243.0,7697.654363714398,1785.4914263763574
1788398922.2999794,312.08749520010315,30.50847457627117,98.30508474576271,1441699.0,1129401.0,7354.018802676226,1317.267899411756
1788398922.4135475,312.20106100011617,37.28813559322032,98.30508474576271,1442521.0,1129556.0,7359.926217365892,1383.4447777003556
1788398922.529591,312.3171028001234,44.06779661016947,98.30508474576271,1443423.0,1129717.0,7715.136219128776,1409.3223070071301
1788398922.6437037,312.4312138000969,50.847457627118644,98.30508474576271,1444258.0,1129852.0,7156.554204145945,1165.2338255468399
1788398922.7561374,312.5436458000913,57.627118644067764,98.30508474576271,1445056.0,1129965.0,7142.95026029062,987.1613136777128
1788398922.8756027,312.6631091001909,64.40677966101691,98.30508474576271,1445996.0,1130117.0,8133.230408907068,1278.8676774186454
1788398922.9896457,312.7771495000925,71.18644067796606,98.30508474576271,1446993.0,1130262.0,8516.068205006779,1261.2987503631662
1788398923.1027532,312.8902548002079,77.96610169491527,98.30508474576271,1447781.0,1130405.0,6957.054809378668,1272.5187034511048
1788398923.2183127,313.00581190013327,84.74576271186442,98.30508474576271,1448608.0,1130600.0,7204.976606186366,1694.7555035935225
1788398923.3330154,313.12051310017705,91.52542372881356,98.30508474576271,1449358.0,1130764.0,6605.421421384457,1455.5879840707728
1788398923.4485273,313.2360223000869,98.30508474576271,98.30508474576271,1450184.0,1130974.0,7170.406674391562,1799.417644524118
1788398923.5667021,313.3541958001442,105.08474576271186,98.30508474576271,1450924.0,1131213.0,6249.059743214497,2020.7073528628075
1788398923.6807077,313.4681991999969,111.86440677966101,98.30508474576271,1451648.0,1131449.0,6295.814938775038,2052.5829405655463
1788398923.7938788,313.5813687001355,118.64406779661016,98.30508474576271,1452301.0,1131721.0,5614.501134525231,2386.3942219234095
1788398923.9124656,313.6999533001799,125.42372881355931,98.30508474576271,1452936.0,1132023.0,5456.681962575945,2582.8882310739127
1788398924.0265253,313.81401090021245,132.20338983050846,98.30508474576271,1453563.0,1132342.0,5113.052724836757,2740.449122304593
1788398924.1411588,313.92864110018127,138.9830508474576,98.30508474576271,1454181.0,1132720.0,5371.032780271414,3250.163426010394
1788398924.2576807,314.04516190011054,145.76271186440675,98.30508474576271,1454702.0,1133109.0,4523.680884677253,3272.642884505988
1788398924.376867,314.16434600017965,152.5423728813559,98.30508474576271,1455267.0,1133539.0,4588.1115145742,3638.847063282986
1788398924.4974062,314.2848826001864,159.32203389830505,98.30508474576271,1455754.0,1134004.0,3999.6709263541234,3842.1346535436764
1788398924.6120737,314.39954840019345,166.1016949152542,98.30508474576271,1456175.0,1134471.0,3578.0630889462127,4035.6159136196416
1788398924.7245252,314.5119990000967,172.88135593220335,98.30508474576271,1456559.0,1134943.0,3439.055558642212,4249.889796045661
1788398924.8379023,314.6253739001695,179.66101694915255,98.30508474576271,1456897.0,1135513.0,3019.4602813195293,4912.394096825656
1788398924.9554973,314.74296690011397,186.4406779661017,98.30508474576271,1457223.0,1136081.0,2696.7924191834286,4859.566537538456
1788398925.0838242,314.8712910001632,193.22033898305085,98.30508474576271,1457540.0,1136686.0,2552.2915922400107,4627.113668924918
1788398925.1995564,314.98702010000125,200.0,98.30508474576271,1457797.0,1137278.0,2170.354429135461,5048.83297286173
1788398925.3183868,315.1058489000425,-200.0,105.08474576271186,1457994.0,1137928.0,1610.5838395153573,5477.754926703331
1788398925.4385366,315.2259961999953,-193.22033898305085,105.08474576271186,1458210.0,1138638.0,1795.3712542309047,5900.322034535546
1788398925.5546973,315.34215510007925,-186.4406779661017,105.08474576271186,1458392.0,1139317.0,1577.2007902453079,5761.797106560894
1788398925.6690547,315.4565116001759,-179.66101694915255,105.08474576271186,1458569.0,1139980.0,1532.921557855457,5810.415246242541
1788398925.7852845,315.57273770007305,-172.8813559322034,105.08474576271186,1458770.0,1140690.0,1716.6234206797023,6062.391133032002
1788398925.8993454,315.68679850012995,-166.10169491525426,105.08474576271186,1458934.0,1141362.0,1458.8695141926564,5890.529736551481
1788398926.0121248,315.7995759001933,-159.32203389830508,105.08474576271186,1459081.0,1142086.0,1318.1884007057577,6405.281665401217
1788398926.1342304,315.92167930002324,-152.54237288135593,105.08474576271186,1459220.0,1142854.0,1176.8593268099667,6508.937353664353
1788398926.2491374,316.03658300009556,-145.76271186440678,105.08474576271186,1459383.0,1143551.0,1401.756252215128,6022.018636161043
1788398926.3666403,316.1540843001567,-138.98305084745763,105.08474576271186,1459546.0,1144244.0,1418.3034763969513,5942.512034017605
1788398926.4832983,316.27074100007303,-132.20338983050848,105.08474576271186,1459710.0,1144912.0,1448.557644572023,5930.032857466719
1788398926.5998118,316.3872523000464,-125.42372881355932,105.08474576271186,1459868.0,1145513.0,1347.012997730032,5199.470171237924
1788398926.7142367,316.50167520018294,-118.64406779661017,105.08474576271186,1460062.0,1146184.0,1720.4867893655583,5838.67325327248
1788398926.8289785,316.61641490017064,-111.86440677966102,105.08474576271186,1460248.0,1146813.0,1634.8723799249683,5538.359803903123
1788398926.9475093,316.73494360013865,-105.08474576271186,105.08474576271186,1460473.0,1147490.0,1895.6175975112408,5695.669618568659
1788398927.0622997,316.8497323000338,-98.30508474576271,105.08474576271186,1460716.0,1148107.0,2167.4774107662356,5359.2479439198905
1788398927.1774504,316.9648812999949,-91.52542372881356,105.08474576271186,1460983.0,1148728.0,2299.5693528223132,5408.078122250104
1788398927.3047347,317.09216310014017,-84.74576271186442,105.08474576271186,1461286.0,1149327.0,2482.0118759401735,4739.953235302415
1788398927.4189608,317.2063866001554,-77.96610169491527,105.08474576271186,1461598.0,1149844.0,2640.5467980105486,4560.944469290947
1788398927.533691,317.3211141000502,-71.18644067796612,105.08474576271186,1461931.0,1150319.0,2863.535500269664,4088.1342833431863
1788398927.651014,317.4384354001377,-64.40677966101697,105.08474576271186,1462319.0,1150812.0,3391.151258958637,4166.786919252368
1788398927.7672188,317.55463850009255,-57.62711864406779,105.08474576271186,1462765.0,1151311.0,3859.9358559022976,4149.20505353432
1788398927.8819084,317.66932670003735,-50.847457627118644,105.08474576271186,1463232.0,1151763.0,4184.69427446363,4120.596112710358
1788398927.995983,317.7833990000654,-44.067796610169495,105.08474576271186,1463750.0,1152181.0,4424.461943290229,3625.855741907968
1788398928.1094527,317.8968673001509,-37.288135593220346,105.08474576271186,1464277.0,1152599.0,4699.061572670354,3702.0111800408877
1788398928.222043,318.00945560005493,-30.508474576271198,105.08474576271186,1464821.0,1152930.0,4780.482855425184,2883.3167713468206
1788398928.340105,318.12751500005834,-23.72881355932205,105.08474576271186,1465448.0,1153273.0,5322.323872737309,2895.419149077163
1788398928.455125,318.2425330001861,-16.9491525423729,105.08474576271186,1466094.0,1153569.0,5730.696396847253,2571.824724438767
1788398928.569623,318.3570286000613,-10.169491525423723,105.08474576271186,1466849.0,1153841.0,6591.813160742531,2422.788471008004
1788398928.686194,318.47359710000455,-3.3898305084745743,105.08474576271186,1467562.0,1154044.0,6019.23997624534,1745.489619419426
1788398928.8009124,318.5883136000484,3.3898305084745743,105.08474576271186,1468292.0,1154273.0,6361.926407249353,1961.0569099046488
1788398928.915249,318.70264890021645,10.169491525423723,105.08474576271186,1469101.0,1154469.0,7152.545625894605,1741.8116291038675
1788398929.0307891,318.8181869001128,16.94915254237287,105.08474576271186,1469998.0,1154685.0,7725.176174237273,1851.8636187360796
1788398929.1482072,318.9356027999893,23.72881355932202,105.08474576271186,1470818.0,1154839.0,7073.310579140353,1330.7112074392837
1788398929.264981,319.0523755000904,30.50847457627117,105.08474576271186,1471708.0,1155012.0,7698.353440527415,1494.9128192652072
1788398929.378413,319.1658055000007,37.28813559322032,105.08474576271186,1472584.0,1155166.0,7742.333670058644,1321.1858172057114
1788398929.5033197,319.29070970020257,44.06779661016947,105.08474576271186,1473545.0,1155320.0,8029.139902974769,1183.8975688421776
1788398929.6238623,319.4112497000024,50.847457627118644,105.08474576271186,1474485.0,1155463.0,8028.868009323338,1194.451281029087
1788398929.7376237,319.5250095000956,57.627118644067764,105.08474576271186,1475385.0,1155606.0,7847.967336798216,1274.1405793860633
1788398929.8528686,319.6402519000694,64.40677966101691,105.08474576271186,1476306.0,1155724.0,7900.744049671323,1047.9648970152275
1788398929.965935,319.75331550021656,71.18644067796606,105.08474576271186,1477108.0,1155893.0,7063.482818134508,1537.5655210978812
1788398930.0823586,319.8697378002107,77.96610169491527,105.08474576271186,1477970.0,1156045.0,7491.803864093157,1295.4388785554067
1788398930.1995287,319.98690650006756,84.74576271186442,105.08474576271186,1478787.0,1156218.0,6956.287592896157,1481.0160681649882
1788398930.3152316,320.1026073000394,91.52542372881356,105.08474576271186,1479531.0,1156414.0,6307.8445590864485,1712.9060656139925
1788398930.4350908,320.2224646001123,98.30508474576271,105.08474576271186,1480330.0,1156682.0,6503.248572663307,2222.9603029881278
1788398930.5485718,320.33594360016286,105.08474576271186,105.08474576271186,1481026.0,1156879.0,6059.720360398683,1759.2736530189723
1788398930.661629,320.44899740000255,111.86440677966101,105.08474576271186,1481722.0,1157136.0,6301.675851936136,2316.2409753396214
1788398930.7757084,320.5630755000748,118.64406779661016,105.08474576271186,1482342.0,1157433.0,5493.317387663721,2576.430265570925
1788398930.8913407,320.67870500008576,125.42372881355931,105.08474576271186,1482914.0,1157750.0,4924.159715147101,2722.44822841157
1788398931.007905,320.7952681002207,132.20338983050846,105.08474576271186,1483453.0,1158102.0,4627.0278535493835,3078.6130206686844
1788398931.1220322,320.909393500071,138.9830508474576,105.08474576271186,1484016.0,1158508.0,4865.862843446313,3589.7214562028457
1788398931.2364275,321.02378700021654,145.76271186440675,105.08474576271186,1484575.0,1158938.0,4890.925037175039,3800.999794808317
1788398931.3526814,321.1400387000758,152.5423728813559,105.08474576271186,1485017.0,1159405.0,3689.880821526208,4076.8683223204202
1788398931.4707422,321.25809780019335,159.32203389830505,105.08474576271186,1485449.0,1159849.0,3614.6243488945256,3818.38993719005
1788398931.5861802,321.3735338000115,166.1016949152542,105.08474576271186,1485876.0,1160307.0,3614.6011595775262,3980.636720041073
1788398931.6996405,321.486991800135,172.88135593220335,105.08474576271186,1486195.0,1160816.0,2805.360740184477,4573.756454294164
1788398931.8131626,321.6005118000321,179.66101694915255,105.08474576271186,1486484.0,1161351.0,2511.479402936672,4745.957401137683
1788398931.9268196,321.7141659001354,186.4406779661017,105.08474576271186,1486824.0,1161947.0,2964.7800726622927,5144.493770943604
1788398932.0389001,321.82624480011873,193.22033898305085,105.08474576271186,1487120.0,1162531.0,2684.8712158231024,5247.702830926974
1788398932.1536798,321.9410231001675,200.0,105.08474576271186,1487356.0,1163188.0,2102.0687464713506,5755.445869159549
1788398932.267836,322.0551773000043,-200.0,111.86440677966101,1487539.0,1163840.0,1613.61302594551,5720.991637443171
1788398932.3819342,322.1692735000979,-193.22033898305085,111.86440677966101,1487746.0,1164432.0,1767.934637236791,5156.476025273974
1788398932.501294,322.28863140009344,-186.4406779661017,111.86440677966101,1487946.0,1165141.0,1722.8065475491458,6042.940732773907
1788398932.6163263,322.4036621002015,-179.66101694915255,111.86440677966101,1488114.0,1165826.0,1384.7034003393987,5711.90152640002
1788398932.7401114,322.5274449000135,-172.8813559322034,111.86440677966101,1488277.0,1166554.0,1413.7419321488271,5916.10477338713
1788398932.8556175,322.64294819999486,-166.10169491525426,111.86440677966101,1488433.0,1167207.0,1339.8025781054969,5756.531076963618
1788398932.9723635,322.7596914002206,-159.32203389830508,111.86440677966101,1488598.0,1167874.0,1428.1995285005205,5748.955064090703
1788398933.0871387,322.8744650001172,-152.54237288135593,111.86440677966101,1488736.0,1168557.0,1173.6056076266125,5941.378388609726
1788398933.200498,322.9878234001808,-145.76271186440678,111.86440677966101,1488889.0,1169317.0,1334.2945210454905,6745.600078618868
1788398933.3134143,323.10073750000447,-138.98305084745763,111.86440677966101,1489043.0,1170016.0,1344.9612192858724,6270.301960256895
1788398933.4266815,323.21400280017406,-132.20338983050848,111.86440677966101,1489205.0,1170702.0,1372.4990145152733,5898.0363056196875
1788398933.539085,323.32640410005115,-125.42372881355932,111.86440677966101,1489405.0,1171414.0,1798.6835141011354,6355.969723404012
1788398933.6518986,323.43921580002643,-118.64406779661017,111.86440677966101,1489584.0,1172092.0,1597.150386729689,5942.8851599244235
1788398933.7733986,323.56071390002035,-111.86440677966102,111.86440677966101,1489824.0,1172785.0,1993.7591898288917,5689.088722701407
1788398933.890766,323.678078800207,-105.08474576271186,111.86440677966101,1490067.0,1173499.0,2071.2824694291853,6079.928283108945
1788398934.0085566,323.79586670012213,-98.30508474576271,111.86440677966101,1490370.0,1174115.0,2560.887874267124,5259.953151822043
1788398934.1294017,323.9167093001306,-91.52542372881356,111.86440677966101,1490646.0,1174697.0,2343.786617203934,4831.806257005033
1788398934.2461927,324.0334981000051,-84.74576271186442,111.86440677966101,1490961.0,1175218.0,2716.060331846963,4463.392478668509
1788398934.3635454,324.1508488000836,-77.96610169491527,111.86440677966101,1491299.0,1175752.0,2912.644123392116,4589.894299710796
1788398934.4787042,324.26600530021824,-71.18644067796612,111.86440677966101,1491664.0,1176187.0,3147.1470193911905,3789.4219213077604
1788398934.5937908,324.3810896000359,-64.40677966101697,111.86440677966101,1492119.0,1176651.0,3931.5233555529358,4005.181872752991
1788398934.7071936,324.49449010007083,-57.62711864406779,111.86440677966101,1492609.0,1177104.0,4307.743729680737,4084.9293988351815
1788398934.8199115,324.6072082000319,-50.847457627118644,111.86440677966101,1493118.0,1177523.0,4458.51353268319,3650.407954884361
1788398934.9360807,324.72337540006265,-44.067796610169495,111.86440677966101,1493620.0,1177854.0,4205.551507454798,2818.710110992188
1788398935.0510828,324.83837570017204,-37.288135593220346,111.86440677966101,1494177.0,1178233.0,4867.078716749428,3329.6276828603563
1788398935.1764662,324.9637572001666,-30.508474576271198,111.86440677966101,1494834.0,1178600.0,5126.065874866085,2934.230811130242
1788398935.2936277,325.080915100174,-23.72881355932205,111.86440677966101,1495561.0,1178921.0,6431.218764985412,2762.836797026779
1788398935.4145522,325.2018374002073,-16.9491525423729,111.86440677966101,1496310.0,1179221.0,6151.612302009016,2466.186913868479
1788398935.5316205,325.3189046001062,-10.169491525423723,111.86440677966101,1497014.0,1179476.0,5961.300318496361,2176.777843572156
1788398935.6490772,325.4363590001594,-3.3898305084745743,111.86440677966101,1497815.0,1179708.0,6869.352776928441,1884.8289153860871
1788398935.7627575,325.55003790021874,3.3898305084745743,111.86440677966101,1498549.0,1179926.0,6456.231090388349,1874.9855670226536
1788398935.8817203,325.66899810009636,10.169491525423723,111.86440677966101,1499370.0,1180112.0,7019.720238347695,1590.1994532427193
1788398935.9984472,325.78572220006026,16.94915254237287,111.86440677966101,1500266.0,1180296.0,7741.7931026489605,1618.9029969324345
1788398936.1121285,325.89940250013024,23.72881355932202,111.86440677966101,1501143.0,1180464.0,7717.450517886249,1408.2262649684392
1788398936.2271295,326.01440159999765,30.50847457627117,111.86440677966101,1501971.0,1180589.0,7061.812690757472,1082.932616237293
1788398936.3420653,326.12933590007015,37.28813559322032,111.86440677966101,1502810.0,1180717.0,7161.4090466311,1122.106130873408
1788398936.4673295,326.25459750019945,44.06779661016947,111.86440677966101,1503731.0,1180874.0,7489.43453776954,1280.3951317498277
1788398936.585155,326.3724205000326,50.847457627118644,111.86440677966101,1504695.0,1181040.0,8026.460148829296,1331.7038847380434
1788398936.6997578,326.48702140012756,57.627118644067764,111.86440677966101,1505602.0,1181165.0,8004.124787418368,1062.3323516482044
1788398936.8160598,326.60332070011646,64.40677966101691,111.86440677966101,1506543.0,1181331.0,8153.958330750009,1423.994947639323
1788398936.9345305,326.7217898000963,71.18644067796606,111.86440677966101,1507357.0,1181486.0,6910.08276122881,1296.750749536512
1788398937.0484426,326.83570010005496,77.96610169491527,111.86440677966101,1508197.0,1181688.0,7447.803307235198,1737.820771688213
1788398937.1657605,326.95301600010134,84.74576271186442,111.86440677966101,1509023.0,1181879.0,6993.1943518703765,1634.4247335789003
1788398937.2798715,327.06712540006265,91.52542372881356,111.86440677966101,1509689.0,1182070.0,5882.42850719214,1716.0906877456011
1788398937.3950841,327.18233600002714,98.30508474576271,111.86440677966101,1510405.0,1182316.0,6136.502070076671,2142.760752552775
1788398937.5097408,327.2969909000676,105.08474576271186,111.86440677966101,1511114.0,1182571.0,6201.421049027614,2243.264415343322
1788398937.626559,327.413806400029,111.86440677966101,111.86440677966101,1511768.0,1182829.0,5739.598132647436,2258.8095876870552
1788398937.742367,327.52961160009727,118.64406779661016,111.86440677966101,1512475.0,1183133.0,6092.892046849012,2655.409668178973
1788398937.8579755,327.64521780004725,125.42372881355931,111.86440677966101,1513013.0,1183483.0,4836.131637551861,3123.9042404525203
1788398937.9740958,327.7613363000564,132.20338983050846,111.86440677966101,1513549.0,1183820.0,4687.1659328407795,2914.6314475169756
1788398938.0928838,327.88012109999545,138.9830508474576,111.86440677966101,1514091.0,1184213.0,4554.174710124,3337.9526140479998
1788398938.2093437,327.99658010015264,145.76271186440675,111.86440677966101,1514554.0,1184639.0,3938.0817946628704,3676.1451615316246
1788398938.3266644,328.1138997999951,152.5423728813559,111.86440677966101,1514992.0,1185118.0,3591.8545337078517,4056.472533092947
1788398938.445541,328.23277410003357,159.32203389830505,111.86440677966101,1515359.0,1185599.0,3077.73749616191,4036.2328878237618
1788398938.560294,328.3475256001111,166.1016949152542,111.86440677966101,1515754.0,1186130.0,3486.5975909207814,4755.281007512374
1788398938.6738775,328.4611073001288,172.88135593220335,111.86440677966101,1516061.0,1186667.0,2729.574755256254,4813.641967039745
1788398938.7937148,328.5809423001483,179.66101694915255,111.86440677966101,1516406.0,1187305.0,2895.4857962083242,5378.6397543490075
1788398938.9097059,328.696931200102,186.4406779661017,111.86440677966101,1516680.0,1187903.0,2373.7049330083123,5156.99032504551
1788398939.0248446,328.812068000203,193.22033898305085,111.86440677966101,1516924.0,1188488.0,2175.581345332648,5094.715808690378
1788398939.1379497,328.9251704001799,200.0,111.86440677966101,1517146.0,1189117.0,1925.8938273181975,5555.462963417877
1788398939.25213,329.03934780019335,-200.0,118.64406779661016,1517310.0,1189814.0,1407.6369373299694,6154.961510285945
1788398939.3693016,329.15651820017956,-193.22033898305085,118.64406779661016,1517477.0,1190497.0,1426.4273022167417,5831.306581389196
1788398939.4877422,329.2749573001638,-186.4406779661017,118.64406779661016,1517679.0,1191212.0,1650.1430573939274,5961.807175100641
1788398939.6078248,329.3950381001923,-179.66101694915255,118.64406779661016,1517850.0,1191937.0,1448.2081259363651,6100.028166822871
1788398939.7215843,329.5087954001501,-172.8813559322034,118.64406779661016,1518032.0,1192626.0,1619.4078677963896,6035.974779968361
1788398939.836051,329.6232603001408,-166.10169491525426,118.64406779661016,1518213.0,1193297.0,1545.5992965255643,5844.0115413008025
1788398939.9636488,329.7508553999942,-159.32203389830508,118.64406779661016,1518389.0,1194064.0,1408.1495367067948,5945.520266095356
1788398940.0791714,329.8663754002191,-152.54237288135593,118.64406779661016,1518560.0,1194703.0,1490.9673013538088,5506.517272484619
1788398940.1963174,329.9835189001169,-145.76271186440678,118.64406779661016,1518724.0,1195467.0,1361.249463960586,6427.621641085416
1788398940.3118553,330.0990555000026,-138.98305084745763,118.64406779661016,1518901.0,1196154.0,1570.065298250103,5926.315836747499
1788398940.4275193,330.21471680002287,-132.20338983050848,118.64406779661016,1519080.0,1196835.0,1573.2143786858064,5862.967539172104
1788398940.542994,330.33019060012884,-125.42372881355932,118.64406779661016,1519268.0,1197473.0,1636.8752331857831,5505.0217339544215
1788398940.6604595,330.44765410013497,-118.64406779661017,118.64406779661016,1519513.0,1198150.0,2055.0650719966357,5844.925334639782
1788398940.7738473,330.56103970017284,-111.86440677966102,118.64406779661016,1519731.0,1198745.0,1902.287084511441,5300.547507327996
1788398940.8883507,330.67554110009223,-105.08474576271186,118.64406779661016,1520011.0,1199392.0,2511.5850293188314,5657.966274839126
1788398941.003122,330.79031080007553,-98.30508474576271,118.64406779661016,1520299.0,1200052.0,2543.028680598157,5778.7820197105075
1788398941.1191936,330.90638060006313,-91.52542372881356,118.64406779661016,1520614.0,1200586.0,2621.938207770432,4502.5007843781905
1788398941.235701,331.0228847002145,-84.74576271186442,118.64406779661016,1520996.0,1201172.0,3317.7341586630127,5109.862028300928
1788398941.3565533,331.1437352001667,-77.96610169491527,118.64406779661016,1521309.0,1201573.0,2833.829253978823,3611.7431668357544
1788398941.4719746,331.25915450020693,-71.18644067796612,118.64406779661016,1521709.0,1202020.0,3503.6533535053654,3958.6732695450232
1788398941.588106,331.375283600064,-64.40677966101697,118.64406779661016,1522162.0,1202536.0,3860.692440214913,4422.577255457459
1788398941.7056031,331.4927788001951,-57.62711864406779,118.64406779661016,1522651.0,1202935.0,4155.572451279187,3358.4906664433083
1788398941.8189604,331.6061347001232,-50.847457627118644,118.64406779661016,1523206.0,1203321.0,4918.029741364956,3337.5664974480515
1788398941.933114,331.72028650017455,-44.067796610169495,118.64406779661016,1523778.0,1203677.0,5046.9828224329885,3165.8346795261473
1788398942.0498712,331.83704190002754,-37.288135593220346,118.64406779661016,1524373.0,1204068.0,5148.47613559568,3372.5209529337553
1788398942.1667373,331.95390580012463,-30.508474576271198,118.64406779661016,1525019.0,1204363.0,5543.7734243265295,2525.5962934734753
1788398942.286298,332.0734645000193,-23.72881355932205,118.64406779661016,1525759.0,1204674.0,6078.397827614552,2494.3943677766383
1788398942.4024878,332.18965150020085,-16.9491525423729,118.64406779661016,1526462.0,1204932.0,6372.085867446132,2261.3580592804524
1788398942.5185814,332.3057426000014,-10.169491525423723,118.64406779661016,1527237.0,1205142.0,6635.525141735577,1817.9520936261854
1788398942.634368,332.42152730003,-3.3898305084745743,118.64406779661016,1527962.0,1205356.0,6097.4831807789615,1841.0935762591184
1788398942.7514565,332.53861380019225,3.3898305084745743,118.64406779661016,1528848.0,1205565.0,7466.044384817788,1812.4093252999703
1788398942.869578,332.6567341000773,10.169491525423723,118.64406779661016,1529741.0,1205752.0,7435.959684686313,1571.1031266564119
1788398942.9847016,332.7718552001752,16.94915254237287,118.64406779661016,1530608.0,1205922.0,7508.606259950103,1481.7225428230834
1788398943.1001668,332.8873185000848,23.72881355932202,118.64406779661016,1531448.0,1206079.0,7468.675331997371,1367.8892549445736
1788398943.214172,333.0013213001657,30.50847457627117,118.64406779661016,1532231.0,1206233.0,6681.103996637609,1327.0054834700907
1788398943.331738,333.1188861001283,37.28813559322032,118.64406779661016,1533142.0,1206377.0,7880.631349410991,1231.0678390756052
1788398943.4549956,333.24214159999974,44.06779661016947,118.64406779661016,1534116.0,1206560.0,8124.856969402538,1514.0578534531273
1788398943.572461,333.35960360011086,50.847457627118644,118.64406779661016,1535073.0,1206725.0,7976.10226809116,1393.794646622469
1788398943.6895492,333.47669000015594,57.627118644067764,118.64406779661016,1536016.0,1206889.0,8006.756482973327,1379.239931071468
1788398943.808461,333.5955994001124,64.40677966101691,118.64406779661016,1536866.0,1207060.0,7218.198761925085,1406.2582051592644
1788398943.9259608,333.71309810015373,71.18644067796606,118.64406779661016,1537685.0,1207231.0,7046.098160807166,1470.1782422040396
1788398944.0399957,333.8271308001131,77.96610169491527,118.64406779661016,1538464.0,1207437.0,6935.124485390107,1834.6890172989702
1788398944.1523452,333.9394787000492,84.74576271186442,118.64406779661016,1539221.0,1207652.0,6832.664042575773,1938.8732890255947
1788398944.2657971,334.0529285001103,91.52542372881356,118.64406779661016,1539983.0,1207863.0,6742.5713910866925,1856.5162323403085
1788398944.3805737,334.16770300013013,98.30508474576271,118.64406779661016,1540727.0,1208124.0,6556.2648801157775,2297.8842138931514
1788398944.4961057,334.28323350008577,105.08474576271186,118.64406779661016,1541410.0,1208377.0,5976.804566073094,2227.718065536335
1788398944.614781,334.40190620021895,111.86440677966101,118.64406779661016,1542081.0,1208709.0,5738.840501174437,2834.212640150565
1788398944.7315197,334.51864370005205,118.64406779661016,118.64406779661016,1542732.0,1209053.0,5525.999866761725,3003.4580556619553
1788398944.8490252,334.6361450999975,125.42372881355931,118.64406779661016,1543309.0,1209446.0,5126.284217290304,3340.827954894758
1788398944.9721413,334.75926000019535,132.20338983050846,118.64406779661016,1543859.0,1209873.0,4783.872745153689,3610.4699963424064
1788398945.091054,334.8781699000392,138.9830508474576,118.64406779661016,1544351.0,1210299.0,4141.220918523168,3550.876659925184
1788398945.205743,334.9928571002092,145.76271186440675,118.64406779661016,1544799.0,1210746.0,3923.6358908843827,3877.475468638684
1788398945.3215187,335.10863140015863,152.5423728813559,118.64406779661016,1545229.0,1211235.0,3731.3637588465094,4188.638729293386
1788398945.4312544,335.21836520009674,159.32203389830505,118.64406779661016,1545594.0,1211700.0,3272.6658528991757,4357.156296821777
1788398945.5496252,335.33673460013233,166.1016949152542,118.64406779661016,1545977.0,1212306.0,3203.8693570624073,5172.08662049193
1788398945.6697114,335.4568178001791,172.88135593220335,118.64406779661016,1546298.0,1212904.0,2579.518441448262,4922.049322904811
1788398945.7907324,335.5778373000212,179.66101694915255,118.64406779661016,1546600.0,1213552.0,2478.8562785337444,5260.68387999939
1788398945.9042473,335.69134870008565,186.4406779661017,118.64406779661016,1546829.0,1214135.0,1992.0612664898426,5100.045742448532
1788398946.0200143,335.80711450008675,193.22033898305085,118.64406779661016,1547062.0,1214751.0,2018.0542481844395,5338.6707838333805
1788398946.137984,335.9250822002068,200.0,118.64406779661016,1547280.0,1215367.0,1882.5083911588724,5247.936128183461
1788398946.2535021,336.04059880017303,-200.0,125.42372881355931,1547469.0,1216085.0,1631.9144450337362,6337.267761547675
1788398946.3704007,336.15749540016986,-193.22033898305085,125.42372881355931,1547656.0,1216688.0,1601.5045201442485,4992.399565589333
1788398946.4843066,336.2713996001985,-186.4406779661017,125.42372881355931,1547841.0,1217393.0,1635.5874418156052,6165.613334035231
1788398946.608786,336.3958771000616,-179.66101694915255,125.42372881355931,1548011.0,1218145.0,1311.3291700611096,6173.059766546176
1788398946.7254899,336.51257790019736,-172.8813559322034,125.42372881355931,1548174.0,1218829.0,1419.1672910516143,6029.1420861669885
1788398946.8402734,336.6273591001518,-166.10169491525426,125.42372881355931,1548322.0,1219503.0,1315.3574048861933,5765.183519288422
1788398946.9529934,336.74007720011286,-159.32203389830508,125.42372881355931,1548469.0,1220187.0,1332.5667191296463,6075.758747360345
1788398947.068459,336.8555410001427,-152.54237288135593,125.42372881355931,1548632.0,1220856.0,1445.1353027400633,5825.985717335727
1788398947.1836154,336.9706953000277,-145.76271186440678,125.42372881355931,1548830.0,1221632.0,1726.0258224810466,6630.130937149417
1788398947.3004203,337.0874984001275,-138.98305084745763,125.42372881355931,1548996.0,1222329.0,1427.027725942741,5905.5612809454315
1788398947.4144652,337.20154150016606,-132.20338983050848,125.42372881355931,1549202.0,1222951.0,1845.0455486813823,5397.4466797246405
1788398947.529942,337.317016400164,-125.42372881355932,125.42372881355931,1549417.0,1223626.0,1840.468548118596,5893.125892990578
1788398947.6488137,337.4358864000533,-118.64406779661017,125.42372881355931,1549635.0,1224285.0,1881.7405230294544,5592.462489003426
1788398947.7632596,337.55033019999973,-111.86440677966102,125.42372881355931,1549869.0,1224884.0,1981.493218062913,5146.378219135621
1788398947.8822381,337.66930470010266,-105.08474576271186,125.42372881355931,1550144.0,1225505.0,2336.5025433008846,5291.762677120185
1788398948.0039942,337.79105950007215,-98.30508474576271,125.42372881355931,1550490.0,1226111.0,2752.399550902297,4909.197887510983
1788398948.1197634,337.90682660019957,-91.52542372881356,125.42372881355931,1550840.0,1226759.0,2947.1987524408746,5657.893901290815
1788398948.237526,338.02458750014193,-84.74576271186442,125.42372881355931,1551222.0,1227278.0,3285.1833770251196,4597.471302086784
1788398948.3560395,338.1430982002057,-77.96610169491527,125.42372881355931,1551637.0,1227735.0,3578.2793133722566,3827.5126983832592
1788398948.4765937,338.2636507002171,-71.18644067796612,125.42372881355931,1552103.0,1228190.0,3839.8420971863084,3735.592990475368
1788398948.5912752,338.3783311001025,-64.40677966101697,125.42372881355931,1552585.0,1228622.0,4182.28540790583,3770.4629935606167
1788398948.70432,338.4913739000913,-57.62711864406779,125.42372881355931,1553094.0,1229053.0,4476.727966239122,3744.5095204153317
1788398948.8248563,338.6119082001969,-50.847457627118644,125.42372881355931,1553662.0,1229450.0,4733.14510437346,3233.4489449291214
1788398948.9422302,338.7292800000869,-44.067796610169495,125.42372881355931,1554345.0,1229806.0,5387.729175451863,2854.42605321953
1788398949.060312,338.8473593001254,-37.288135593220346,125.42372881355931,1555007.0,1230097.0,5716.155253657632,2416.585960895909
1788398949.178383,338.9654277001973,-30.508474576271198,125.42372881355931,1555698.0,1230405.0,5984.242091390584,2597.949410933038
1788398949.2944448,339.0814881999977,-23.72881355932205,125.42372881355931,1556333.0,1230660.0,5740.152135975261,2256.034436960166
1788398949.4086025,339.19564390019514,-16.9491525423729,125.42372881355931,1557107.0,1230886.0,6860.641834812,1935.2880042049892
1788398949.5226545,339.3096939001698,-10.169491525423723,125.42372881355931,1557920.0,1231111.0,7177.169620480662,1954.9068147856533
1788398949.636104,339.4231418001,-3.3898305084745743,125.42372881355931,1558714.0,1231310.0,7007.669648958888,1754.2256038237006
1788398949.750209,339.53724480001256,3.3898305084745743,125.42372881355931,1559634.0,1231471.0,8007.998838529279,1449.3285412229393
1788398949.864303,339.6513369001914,10.169491525423723,125.42372881355931,1560500.0,1231652.0,7470.795973776307,1596.951473509923
1788398949.9811044,339.76813610014506,16.94915254237287,125.42372881355931,1561381.0,1231797.0,7681.151633965465,1262.2871566306885
1788398950.1047685,339.8917976000812,23.72881355932202,125.42372881355931,1562434.0,1231940.0,8515.325891547904,1123.5499440236817
1788398950.219484,340.00651070009917,30.50847457627117,125.42372881355931,1563425.0,1232067.0,8316.96337050686,1102.136571370063
1788398950.3345916,340.12161610019393,37.28813559322032,125.42372881355931,1564349.0,1232201.0,7935.244028817466,1198.981508391105
1788398950.4517264,340.23874860000797,44.06779661016947,125.42372881355931,1565299.0,1232354.0,8071.781192421196,1342.2939706146853
1788398950.5686736,340.3556939000264,50.847457627118644,125.42372881355931,1566234.0,1232516.0,8084.872140488819,1394.25566588497
1788398950.6809347,340.4679532002192,57.627118644067764,125.42372881355931,1567143.0,1232674.0,8178.29052793313,1375.698522680167
1788398950.797117,340.5841334001161,64.40677966101691,125.42372881355931,1567947.0,1232849.0,6932.864655661718,1521.6287361127668
1788398950.9125926,340.69960799999535,71.18644067796606,125.42372881355931,1568770.0,1233019.0,7100.976428897684,1507.3683979501477
1788398951.0296822,340.81669560004957,77.96610169491527,125.42372881355931,1569589.0,1233227.0,6930.199787492933,1795.3885459826251
1788398951.1522524,340.93926390004344,84.74576271186442,125.42372881355931,1570448.0,1233479.0,6851.176440451769,1996.4275378466643
1788398951.2671497,341.0541574000381,91.52542372881356,125.42372881355931,1571066.0,1233734.0,5514.464044227749,2220.714792768535
1788398951.3844872,341.17149380012415,98.30508474576271,125.42372881355931,1571750.0,1234016.0,5945.30859635132,2470.4250331870785
1788398951.4976943,341.28469790006056,105.08474576271186,125.42372881355931,1572371.0,1234367.0,5426.531924178762,3127.4695137634035
1788398951.6187222,341.40572470007464,111.86440677966101,125.42372881355931,1573074.0,1234729.0,5746.5100204785995,3017.1357618901293
1788398951.7324922,341.5194935000036,118.64406779661016,125.42372881355931,1573656.0,1235098.0,5098.767921443315,3276.464584898592
1788398951.845608,341.6326063000597,125.42372881355931,125.42372881355931,1574200.0,1235509.0,4655.166033852376,3590.863660307598
1788398951.9647973,341.7517940001562,132.20338983050846,125.42372881355931,1574718.0,1235962.0,4178.2987663271815,3790.4398091153757
1788398952.0794923,341.86648760014214,138.9830508474576,125.42372881355931,1575238.0,1236480.0,4528.166847919847,4528.166847919847
1788398952.1964192,341.9834112999961,145.76271186440675,125.42372881355931,1575633.0,1236974.0,3498.354472481823,4275.766577477783
1788398952.3161957,342.10318520013243,152.5423728813559,125.42372881355931,1576037.0,1237568.0,3315.7300929792336,4937.74940873394
1788398952.4353874,342.22237570001744,159.32203389830505,125.42372881355931,1576409.0,1238136.0,3096.0437009612783,4546.761320840277
1788398952.5484598,342.3354460000992,166.1016949152542,125.42372881355931,1576773.0,1238750.0,3222.9414174109884,5417.875658578817
1788398952.6658714,342.45285580004565,172.88135593220335,125.42372881355931,1577084.0,1239468.0,2625.3609907145305,6143.701910243528
1788398952.7810626,342.56804440007545,179.66101694915255,125.42372881355931,1577351.0,1240092.0,2336.5250680578715,5536.746172946473
1788398952.8943336,342.6813144001644,186.4406779661017,125.42372881355931,1577558.0,1240704.0,1753.4744770785342,5381.032786801851
1788398953.010766,342.7977426000871,193.22033898305085,125.42372881355931,1577786.0,1241391.0,1942.598027409565,5827.794082228695
1788398953.132427,342.9194034000393,200.0,125.42372881355931,1577993.0,1242098.0,1683.879179286697,5773.300043268675
1788398953.2537448,343.04071940016,-200.0,132.20338983050846,1578148.0,1242806.0,1267.237907766058,5772.008278523484
1788398953.3721752,343.15914640016854,-193.22033898305085,132.20338983050846,1578327.0,1243569.0,1376.6617014446074,6115.554866032776
1788398953.492014,343.27898290008307,-186.4406779661017,132.20338983050846,1578498.0,1244286.0,1451.366043351089,6016.571961528151
1788398953.6071332,343.39410030003637,-179.66101694915255,132.20338983050846,1578681.0,1245035.0,1561.1927891104474,6658.0280712063195
1788398953.7205915,343.50755710015073,-172.8813559322034,132.20338983050846,1578852.0,1245796.0,1537.0512689955642,6648.209705655513
1788398953.8367136,343.6236771000549,-166.10169491525426,132.20338983050846,1579006.0,1246484.0,1364.191155316476,5791.036626211001
1788398953.9534929,343.7404546001926,-159.32203389830508,132.20338983050846,1579189.0,1247187.0,1580.9462546873508,6070.833617999427
1788398954.0716813,343.8586412000004,-152.54237288135593,132.20338983050846,1579370.0,1247848.0,1512.4779430365759,5554.597358052454
1788398954.1850412,343.97199900005944,-145.76271186440678,132.20338983050846,1579569.0,1248509.0,1745.8648889467008,5801.074869092742
1788398954.3076723,344.09462830005214,-138.98305084745763,132.20338983050846,1579762.0,1249187.0,1618.906095839582,5478.719050657111
1788398954.425078,344.21203190018423,-132.20338983050848,132.20338983050846,1579993.0,1249865.0,1930.8317366961176,5703.516789042449
1788398954.5442972,344.3312484000344,-125.42372881355932,132.20338983050846,1580236.0,1250601.0,2156.294493064538,6339.874406958984
1788398954.6630561,344.45000550011173,-118.64406779661017,132.20338983050846,1580523.0,1251239.0,2506.4050000877687,5331.807000186708
1788398954.774823,344.56177010014653,-111.86440677966102,132.20338983050846,1580798.0,1251809.0,2484.912364076218,5232.381506243509
1788398954.88954,344.67648540018126,-105.08474576271186,132.20338983050846,1581072.0,1252397.0,2417.7376150409123,5264.281524070213
1788398955.002721,344.78966450016014,-98.30508474576271,132.20338983050846,1581410.0,1252900.0,3036.336996952682,4573.019745410442
1788398955.1171508,344.90409190021455,-91.52542372881356,132.20338983050846,1581772.0,1253399.0,3128.6220400333123,4327.012353613324
1788398955.2325592,345.01949850004166,-84.74576271186442,132.20338983050846,1582178.0,1253890.0,3618.24431606449,4318.2564073633985
1788398955.347019,345.1339563000947,-77.96610169491527,132.20338983050846,1582619.0,1254374.0,3897.0804832833214,4189.818923342163
1788398955.4641461,345.25108170020394,-71.18644067796612,132.20338983050846,1583126.0,1254828.0,4377.664420681527,3930.0504717365857
1788398955.5799708,345.3669047001749,-64.40677966101697,132.20338983050846,1583709.0,1255262.0,5052.920077734204,3760.312615988245
1788398955.696157,345.48308780021034,-57.62711864406779,132.20338983050846,1584198.0,1255640.0,4236.390594318728,3306.22657252266
1788398955.8135538,345.6004831001628,-50.847457627118644,132.20338983050846,1584803.0,1255966.0,5430.473436933653,2969.7901608230914
1788398955.9277108,345.71463689999655,-44.067796610169495,132.20338983050846,1585406.0,1256275.0,5334.814811001241,2713.3971883540794
1788398956.0407078,345.8276329000946,-37.288135593220346,132.20338983050846,1586012.0,1256546.0,5355.573842942821,2436.042268838575
1788398956.1546543,345.9415773001965,-30.508474576271198,132.20338983050846,1586749.0,1256806.0,6515.2471570599555,2270.185270023724
1788398956.2716084,346.05852930014953,-23.72881355932205,132.20338983050846,1587521.0,1257076.0,6709.42420882445,2362.7273423548468
1788398956.3837442,346.1706637002062,-16.9491525423729,132.20338983050846,1588246.0,1257267.0,6504.952546848497,1729.046294780132
1788398956.4994543,346.2863716001157,-10.169491525423723,132.20338983050846,1589116.0,1257470.0,7664.566738646232,1735.3736012029203
1788398956.6138144,346.40073000011034,-3.3898305084745743,132.20338983050846,1589857.0,1257650.0,6537.826905547277,1556.6254537017328
1788398956.729419,346.516331900144,3.3898305084745743,132.20338983050846,1590642.0,1257807.0,7109.975327769042,1405.3527305863386
1788398956.8486152,346.635525100166,10.169491525423723,132.20338983050846,1591558.0,1257958.0,7729.19640034826,1273.1503416461503
1788398956.9682117,346.7551200001035,16.94915254237287,132.20338983050846,1592515.0,1258114.0,8038.309790649866,1282.6155512949513
1788398957.0869033,346.8738101001363,23.72881355932202,132.20338983050846,1593447.0,1258262.0,7854.906872298053,1273.5279849644237
1788398957.2030733,346.9899782000575,30.50847457627117,132.20338983050846,1594392.0,1258399.0,8085.355434877687,1161.482016814278
1788398957.3198316,347.10673430003226,37.28813559322032,132.20338983050846,1595266.0,1258534.0,7277.856290177975,1118.2827509071487
1788398957.4355812,347.2224818000104,44.06779661016947,132.20338983050846,1596113.0,1258697.0,7365.676305699346,1407.7433136663362
1788398957.5480604,347.33495970000513,50.847457627118644,132.20338983050846,1596973.0,1258859.0,7659.129592173436,1388.3337095302213
1788398957.6614947,347.44839230016805,57.627118644067764,132.20338983050846,1597750.0,1259021.0,6860.520346504685,1407.2862249240382
1788398957.7796786,347.5665734000504,64.40677966101691,132.20338983050846,1598640.0,1259211.0,7639.897570650308,1638.4358645491022
1788398957.8994665,347.68635820015334,71.18644067796606,132.20338983050846,1599466.0,1259417.0,6916.4061198703075,1715.8347663105367
1788398958.0156326,347.8025226001628,77.96610169491527,132.20338983050846,1600265.0,1259628.0,6868.4794674278255,1834.607015641906
1788398958.134562,347.9214499001391,84.74576271186442,132.20338983050846,1601052.0,1259865.0,6427.424618169007,1932.660092083922
1788398958.2509124,348.03779850015417,91.52542372881356,132.20338983050846,1601641.0,1260090.0,5046.89253135564,1924.354706200352
1788398958.3680243,348.15490860003047,98.30508474576271,132.20338983050846,1602348.0,1260397.0,6047.437784740749,2659.7943302871645
1788398958.4812987,348.26818140014075,105.08474576271186,132.20338983050846,1602997.0,1260697.0,5639.756402084976,2625.7226527739886
1788398958.5955558,348.3824369001668,111.86440677966101,132.20338983050846,1603649.0,1261076.0,5606.867732277024,3340.2616277395036
1788398958.7103643,348.4972433000803,118.64406779661016,132.20338983050846,1604244.0,1261503.0,5208.99852272612,3676.4035107856857
1788398958.8340666,348.62094360007904,125.42372881355931,132.20338983050846,1604823.0,1262004.0,4710.721691410856,4035.2219771708083
1788398958.948006,348.73487970000133,132.20338983050846,132.20338983050846,1605267.0,1262450.0,3697.8709335502776,3967.313790517509
1788398959.0655787,348.85244980012067,138.9830508474576,132.20338983050846,1605672.0,1262914.0,3451.686642192755,4013.5891188287846
1788398959.1827922,348.9696613000706,145.76271186440675,132.20338983050846,1606137.0,1263520.0,3924.5099518760485,5158.182784128656
1788398959.3007784,349.0876470000949,152.5423728813559,132.20338983050846,1606520.0,1264099.0,3288.1822212147213,5004.146167258469
1788398959.4146094,349.2014749001246,159.32203389830505,132.20338983050846,1606863.0,1264636.0,2915.736141498131,4663.338245235182
1788398959.527578,349.31444270000793,166.1016949152542,132.20338983050846,1607100.0,1265177.0,2170.6525902696935,5033.668506746099
1788398959.6417248,349.42858700011857,172.88135593220335,132.20338983050846,1607358.0,1265829.0,2249.886126853509,5620.1237127932545
1788398959.762262,349.5491226001177,179.66101694915255,132.20338983050846,1607597.0,1266447.0,1907.910373389303,5021.273209965484
1788398959.8773923,349.66425100015476,186.4406779661017,132.20338983050846,1607846.0,1267154.0,2072.591613608988,6117.781385784426
1788398959.9952,349.7820562000852,193.22033898305085,132.20338983050846,1608055.0,1267859.0,1781.9859594485704,6227.765363433664
1788398960.1139874,349.90084130014293,200.0,132.20338983050846,1608272.0,1268547.0,1889.4517063344565,5822.042578370288
1788398960.2280755,350.0149275001604,-200.0,138.9830508474576,1608455.0,1269220.0,1532.3954809554264,5854.301298500372
1788398960.3422427,350.129093100084,-193.22033898305085,138.9830508474576,1608616.0,1269894.0,1439.7804925054234,6052.580414354009
1788398960.4570107,350.24385880003683,-186.4406779661017,138.9830508474576,1608783.0,1270589.0,1467.240437819758,6078.567528110426
1788398960.5718796,350.3587251000572,-179.66101694915255,138.9830508474576,1608980.0,1271329.0,1721.9685835342652,6359.4395307244295
1788398960.6889718,350.47581490012817,-172.8813559322034,138.9830508474576,1609174.0,1272045.0,1693.4877286662083,6341.571069047929
1788398960.80447,350.59131190017797,-166.10169491525426,138.9830508474576,1609355.0,1272839.0,1554.1145411738153,6852.6454037722615
1788398960.9222236,350.70906400005333,-159.32203389830508,138.9830508474576,1609548.0,1273550.0,1611.1674393632898,6035.201789438179
1788398961.0405483,350.8273864001967,-152.54237288135593,138.9830508474576,1609723.0,1274237.0,1525.275678968505,5994.688133620403
1788398961.1532478,350.9400841000024,-145.76271186440678,138.9830508474576,1609934.0,1274933.0,1886.2797438146526,6228.458362001848
1788398961.278685,351.0655184001662,-138.98305084745763,138.9830508474576,1610200.0,1275683.0,2239.1284190126407,6210.0827246053705
1788398961.398278,351.1851083000656,-132.20338983050848,138.9830508474576,1610446.0,1276355.0,1945.5340163822677,5666.255752781536
1788398961.5151086,351.30193710001186,-125.42372881355932,138.9830508474576,1610716.0,1277009.0,2386.273416896562,5635.276453748035
1788398961.633405,351.42023150017485,-118.64406779661017,138.9830508474576,1610994.0,1277607.0,2371.598097598674,4993.780145132303
1788398961.7499871,351.536812200211,-111.86440677966102,138.9830508474576,1611332.0,1278203.0,2894.595000734257,5099.568621983237
1788398961.8667538,351.65357680013403,-105.08474576271186,138.9830508474576,1611675.0,1278791.0,3055.6963579180574,5086.835701710648
1788398961.9807792,351.76760050002486,-98.30508474576271,138.9830508474576,1612047.0,1279304.0,3316.939051448004,4597.646074090428
1788398962.0996814,351.8865005001426,-91.52542372881356,138.9830508474576,1612496.0,1279822.0,3712.625210542924,4328.463515609285
1788398962.2171361,352.0039537001867,-84.74576271186442,138.9830508474576,1612924.0,1280322.0,3697.7602275073887,4303.658288882093
1788398962.3309839,352.11779960012063,-77.96610169491527,138.9830508474576,1613369.0,1280726.0,3992.979785578607,3528.6798105113267
1788398962.4543786,352.2411917001009,-71.18644067796612,138.9830508474576,1613942.0,1281170.0,4910.246191349642,3616.2101914632744
1788398962.569313,352.35612300015055,-64.40677966101697,138.9830508474576,1614501.0,1281568.0,4784.103536140482,3431.6742672699997
1788398962.6852462,352.47205410012975,-57.62711864406779,138.9830508474576,1615099.0,1281937.0,5180.704227901132,3124.7254521431655
1788398962.8016005,352.58840650017373,-50.847457627118644,138.9830508474576,1615774.0,1282286.0,5854.832971965925,2982.134551141523
1788398962.921074,352.70787869999185,-44.067796610169495,138.9830508474576,1616489.0,1282624.0,6039.376725623027,2812.4980663850297
1788398963.0342257,352.8210285000969,-37.288135593220346,138.9830508474576,1617271.0,1282918.0,6905.847185131183,2536.4639795253943
1788398963.1488597,352.9356608001981,-30.508474576271198,138.9830508474576,1618038.0,1283167.0,6643.587971975303,2196.227428752166
1788398963.2610517,353.0478505000938,-23.72881355932205,138.9830508474576,1618861.0,1283392.0,7368.247065930243,2017.1626948554276
1788398963.379209,353.16600620001554,-16.9491525423729,138.9830508474576,1619693.0,1283584.0,7076.939999050884,1649.5123306058451
1788398963.4947062,353.28150140005164,-10.169491525423723,138.9830508474576,1620479.0,1283767.0,6822.655995885699,1636.7018426787795
1788398963.6216922,353.4084854000248,-3.3898305084745743,138.9830508474576,1621415.0,1283955.0,7663.198966541649,1510.202499036924
1788398963.7360358,353.52282549999654,3.3898305084745743,138.9830508474576,1622333.0,1284119.0,8056.088199328354,1475.7120088631432
1788398963.8531654,353.63995320000686,10.169491525423723,138.9830508474576,1623224.0,1284253.0,7528.343447026032,1157.516453714372
1788398963.970355,353.75714150001295,16.94915254237287,138.9830508474576,1624239.0,1284392.0,8573.888479163234,1190.3206343723486
1788398964.0881028,353.87488690018654,23.72881355932202,138.9830508474576,1625278.0,1284540.0,8892.346527447688,1272.8784318568762
1788398964.2042937,353.9910755001474,30.50847457627117,138.9830508474576,1626205.0,1284674.0,8176.525726410943,1135.6285731126309
1788398964.315544,354.10232470021583,37.28813559322032,138.9830508474576,1627076.0,1284826.0,7953.117653635268,1384.3962302246266
1788398964.4343877,354.2211662000045,44.06779661016947,138.9830508474576,1628046.0,1284983.0,8120.260801112075,1319.6523512099798
1788398964.5485113,354.3352881001774,50.847457627118644,138.9830508474576,1628901.0,1285153.0,7520.2088254488335,1424.4922006385245
1788398964.6745803,354.46135440003127,57.627118644067764,138.9830508474576,1629805.0,1285346.0,7437.748058529648,1498.0007799380555
1788398964.7929883,354.57975949998945,64.40677966101691,138.9830508474576,1630663.0,1285549.0,6722.9180703245565,1783.8142613261157
1788398964.911772,354.69854100001976,71.18644067796606,138.9830508474576,1631499.0,1285789.0,6987.922141538025,2001.6101444709677
1788398965.0296588,354.8164267002139,77.96610169491527,138.9830508474576,1632240.0,1286060.0,6328.082893229035,2336.109809240139
1788398965.1403177,354.9270833001938,84.74576271186442,138.9830508474576,1632999.0,1286302.0,6875.407721109215,2215.726139721227
1788398965.2589118,355.04567500017583,91.52542372881356,138.9830508474576,1633681.0,1286633.0,5659.163981677833,2829.5819908389167
1788398965.373537,355.1602991002146,98.30508474576271,138.9830508474576,1634399.0,1286981.0,6201.521767944621,3008.476333854087
1788398965.4907475,355.2775075000245,105.08474576271186,138.9830508474576,1635116.0,1287373.0,5986.811171544988,3354.7555894201423
1788398965.605463,355.39222130016424,111.86440677966101,138.9830508474576,1635665.0,1287749.0,4760.0028506689205,3328.3544837052796
1788398965.7202485,355.50700460001826,118.64406779661016,138.9830508474576,1636195.0,1288154.0,4588.754542077134,3430.1624409960286
1788398965.8355265,355.62228070013225,125.42372881355931,138.9830508474576,1636641.0,1288603.0,3856.978476407553,3838.655538277351
1788398965.9549046,355.7416569001507,132.20338983050846,138.9830508474576,1637114.0,1289115.0,3866.6518853339694,4137.04712207061
1788398966.0711854,355.85793410008773,138.9830508474576,138.9830508474576,1637516.0,1289642.0,3444.3567323148022,4522.431253304581
1788398966.1933138,355.98005990008824,145.76271186440675,138.9830508474576,1637930.0,1290225.0,3534.2347444945603,5012.843158007591
1788398966.312264,356.0990083999932,152.5423728813559,138.9830508474576,1638278.0,1290864.0,2821.6928195825394,5414.123097573998
1788398966.4283993,356.2151419001166,159.32203389830505,138.9830508474576,1638592.0,1291511.0,2686.78140099278,5674.118009554244
1788398966.544291,356.331032600021,166.1016949152542,138.9830508474576,1638866.0,1292143.0,2349.1279464151753,5530.048278525996
1788398966.6587372,356.44547690008767,172.88135593220335,138.9830508474576,1639120.0,1292803.0,2251.808997726691,5775.981616120089
1788398966.772187,356.558924900135,179.66101694915255,138.9830508474576,1639321.0,1293387.0,1745.7794163474666,5163.442824011819
1788398966.8884985,356.67523400019854,186.4406779661017,138.9830508474576,1639550.0,1294032.0,1942.009438281278,5565.2955661856995
1788398967.0020707,356.7888040000107,193.22033898305085,138.9830508474576,1639745.0,1294701.0,1698.9952831947526,5881.847801060095
1788398967.1291053,356.91583680012263,200.0,138.9830508474576,1639925.0,1295480.0,1467.41758341481,6223.264932072448
1788398967.2482734,357.0350014001597,-200.0,145.76271186440675,1640116.0,1296176.0,1593.3474643265572,5803.701378440868
1788398967.3670936,357.15382000012323,-193.22033898305085,145.76271186440675,1640283.0,1296949.0,1416.2653170212122,6431.091565341605
1788398967.4822943,357.26901779999025,-186.4406779661017,145.76271186440675,1640462.0,1297656.0,1512.4940211322419,6204.870050548535
1788398967.5994663,357.3861882002093,-179.66101694915255,145.76271186440675,1640633.0,1298393.0,1462.7645167622793,6284.469775719422
1788398967.7154522,357.5021730000153,-172.8813559322034,145.76271186440675,1640817.0,1299122.0,1566.751877942242,6267.007511768968
1788398967.8271446,357.61386380018666,-166.10169491525426,145.76271186440675,1640985.0,1299822.0,1496.269208764745,6276.802278277263
1788398967.9442291,357.7309462002013,-159.32203389830508,145.76271186440675,1641180.0,1300497.0,1669.7606345907536,5812.910016676902
1788398968.0595715,357.8462869001087,-152.54237288135593,145.76271186440675,1641360.0,1301121.0,1572.5414240429482,5426.6313881713295
1788398968.177195,357.9639080001507,-145.76271186440678,145.76271186440675,1641584.0,1301770.0,1891.4596015693396,5242.8321965829755
1788398968.2996838,358.0863942001015,-138.98305084745763,145.76271186440675,1641849.0,1302481.0,2276.048235504944,5890.4128334867955
1788398968.4217293,358.20843730005436,-132.20338983050848,145.76271186440675,1642153.0,1303180.0,2398.624671249694,5644.347274725116
1788398968.5382638,358.3249694001861,-125.42372881355932,145.76271186440675,1642430.0,1303864.0,2409.1602202285826,5846.950646846897
1788398968.6546657,358.44136890000664,-118.64406779661017,145.76271186440675,1642759.0,1304484.0,2888.9992298248612,5561.323517412858
1788398968.7710328,358.557734800037,-111.86440677966102,145.76271186440675,1643127.0,1305076.0,3193.766058319206,5077.26911835361
1788398968.8868947,358.6735943001695,-105.08474576271186,145.76271186440675,1643519.0,1305677.0,3345.1698555989365,5103.877042553391
1788398969.0039473,358.79064580006525,-98.30508474576271,145.76271186440675,1643877.0,1306136.0,3105.74707418669,3972.4671879132084
1788398969.118371,358.9050675001927,-91.52542372881356,145.76271186440675,1644320.0,1306599.0,3878.457908350218,4033.9621169397315
1788398969.2348769,359.0215718001127,-84.74576271186442,145.76271186440675,1644791.0,1307078.0,4032.9462061353647,4095.820645874669
1788398969.348321,359.1350138001144,-77.96610169491527,145.76271186440675,1645358.0,1307514.0,5068.05876539652,3895.6663005415876
1788398969.467504,359.2541934000328,-71.18644067796612,145.76271186440675,1645969.0,1307895.0,5258.470884035548,3324.5323802746634
1788398969.5924246,359.3791128001176,-64.40677966101697,145.76271186440675,1646656.0,1308295.0,5549.501996222864,3206.378931150988
1788398969.7048292,359.4915144001134,-57.62711864406779,145.76271186440675,1647255.0,1308628.0,5273.15108605794,2953.337269046585
1788398969.821984,359.6086674001999,-50.847457627118644,145.76271186440675,1648002.0,1308966.0,6441.832330162909,2933.013044180319
1788398969.9391994,359.725880500162,-44.067796610169495,145.76271186440675,1648710.0,1309247.0,6102.321583262587,2422.9806286483804
1788398970.0583193,359.8449991000816,-37.288135593220346,145.76271186440675,1649432.0,1309488.0,6137.165653896871,1992.815284167662
1788398970.172338,359.959015800152,-30.508474576271198,145.76271186440675,1650235.0,1309718.0,6979.547618943279,2015.2865972577947
1788398970.2891424,360.07581860013306,-23.72881355932205,145.76271186440675,1651083.0,1309929.0,7324.980171160074,1824.504263491405
1788398970.4062915,360.19296570005827,-16.9491525423729,145.76271186440675,1651897.0,1310120.0,6899.986791984193,1597.797717678099
1788398970.523614,360.3102858001366,-10.169491525423723,145.76271186440675,1652818.0,1310294.0,7645.2874445366115,1520.0630330902204
1788398970.638304,360.424973500194,-3.3898305084745743,145.76271186440675,1653698.0,1310458.0,7679.734799328843,1399.6638962805566
1788398970.7513263,360.53799430001527,3.3898305084745743,145.76271186440675,1654584.0,1310609.0,7824.045916305718,1280.6383399449023
1788398970.8644054,360.6510713000316,10.169491525423723,145.76271186440675,1655344.0,1310741.0,6695.535576607087,1148.3352856144936
1788398970.9797952,360.76645930018276,16.94915254237287,145.76271186440675,1656339.0,1310879.0,8520.744389024512,1178.4008197587093
1788398971.0939207,360.88058270001784,23.72881355932202,145.76271186440675,1657205.0,1311022.0,7828.948950891996,1248.2263274575748
1788398971.2079947,360.9946545001585,30.50847457627117,145.76271186440675,1658083.0,1311159.0,7671.829257063352,1147.1036568575587
1788398971.3243158,361.1109737001825,37.28813559322032,145.76271186440675,1658991.0,1311299.0,7764.0729420976395,1214.5421172458648
1788398971.4416738,361.22832950018346,44.06779661016947,145.76271186440675,1659838.0,1311452.0,7166.14712184119,1280.9487980291126
1788398971.556044,361.3426980001386,50.847457627118644,145.76271186440675,1660613.0,1311608.0,6783.502807723698,1336.5606071898244
1788398971.6746116,361.461263500154,57.627118644067764,145.76271186440675,1661413.0,1311812.0,6782.603014250006,1728.7258657906386
1788398971.789542,361.57619170006365,64.40677966101691,145.76271186440675,1662218.0,1312058.0,6867.008031562418,2049.990349449022
1788398971.9069283,361.69357560016215,71.18644067796606,145.76271186440675,1662977.0,1312329.0,6645.186716631328,2353.503628806928
1788398972.0281096,361.8147535000462,77.96610169491527,145.76271186440675,1663741.0,1312606.0,6231.113611306637,2267.4826035413835
1788398972.1452687,361.9319110000506,84.74576271186442,145.76271186440675,1664384.0,1312871.0,5502.979508394344,2235.3048900329386
1788398972.261693,362.0483335000463,91.52542372881356,145.76271186440675,1665006.0,1313195.0,5271.950858483239,2763.22941548087
1788398972.381714,362.16835240018554,98.30508474576271,145.76271186440675,1665649.0,1313546.0,5304.036839087226,2897.08942861035
1788398972.5001087,362.2867452001665,105.08474576271186,145.76271186440675,1666243.0,1313954.0,5065.586487212652,3397.7576613002557
1788398972.6154757,362.40211080014706,111.86440677966101,145.76271186440675,1666776.0,1314380.0,4544.53324780446,3671.982864226004
1788398972.733933,362.5205664001405,118.64406779661016,145.76271186440675,1667267.0,1314900.0,4141.570924833968,4451.303793144201
1788398972.8493748,362.6360063001048,125.42372881355931,145.76271186440675,1667689.0,1315377.0,3661.8515764564336,4160.370974241344
1788398972.9645004,362.7511299001053,132.20338983050846,145.76271186440675,1668108.0,1315867.0,3601.2506146688715,4155.988714403218
1788398973.0800242,362.8666502002161,138.9830508474576,145.76271186440675,1668497.0,1316428.0,3365.2342866893882,4823.196825064355
1788398973.2003908,362.9870146000758,145.76271186440675,145.76271186440675,1668853.0,1317027.0,2928.4161978981856,5031.5514672977915
1788398973.3156278,363.10225060000084,152.5423728813559,145.76271186440675,1669153.0,1317582.0,2610.092606105214,4972.042605291975
1788398973.4330754,363.21969630010426,159.32203389830505,145.76271186440675,1669460.0,1318218.0,2598.4612121649684,5401.595738986767
1788398973.5482008,363.33481970010325,166.1016949152542,145.76271186440675,1669681.0,1318821.0,1882.0936502416773,5164.392238344313
1788398973.6680074,363.45462450012565,172.88135593220335,145.76271186440675,1669907.0,1319471.0,1894.1353732149787,5454.408343239429
1788398973.7818348,363.5684494001325,179.66101694915255,145.76271186440675,1670110.0,1320066.0,1775.872066499169,5106.782367393984
1788398973.895936,363.6825491001364,186.4406779661017,145.76271186440675,1670293.0,1320713.0,1577.1265332761511,5730.837693590665
1788398974.011036,363.7976471001748,193.22033898305085,145.76271186440675,1670474.0,1321409.0,1527.9047259999234,6038.861536094935
1788398974.1353893,363.92199860000983,200.0,145.76271186440675,1670657.0,1322157.0,1520.2378339450725,5947.5971398201955
1788398974.2504745,364.03708050004207,-200.0,152.5423728813559,1670842.0,1322876.0,1514.8464199120097,6151.754363789015
1788398974.3669853,364.15358859999105,-193.22033898305085,152.5423728813559,1671021.0,1323621.0,1512.1141170232922,6320.093734624299
1788398974.4834204,364.27002220018767,-186.4406779661017,152.5423728813559,1671206.0,1324279.0,1607.7518939250592,5618.099314726893
1788398974.6021574,364.3887576002162,-179.66101694915255,152.5423728813559,1671376.0,1324988.0,1412.6364311880825,6014.810464870012
1788398974.7159114,364.5025095001329,-172.8813559322034,152.5423728813559,1671535.0,1325696.0,1423.3273097734834,6270.0823973027955
1788398974.8320842,364.6186801001895,-166.10169491525426,152.5423728813559,1671737.0,1326363.0,1706.7342874002043,5580.750209594319
1788398974.9469683,364.73356300010346,-159.32203389830508,152.5423728813559,1671959.0,1327049.0,1917.9886316963637,6000.564433450052
1788398975.061867,364.848459900124,-152.54237288135593,152.5423728813559,1672179.0,1327743.0,1933.674951174357,5956.083693947429
1788398975.1756766,364.9622677001171,-145.76271186440678,152.5423728813559,1672424.0,1328376.0,2208.2611030791227,5566.6581973452885
1788398975.292857,365.07944440003484,-138.98305084745763,152.5423728813559,1672711.0,1329075.0,2536.529732521018,6146.918767861154
1788398975.4161017,365.2026865000371,-132.20338983050848,152.5423728813559,1672989.0,1329719.0,2240.8267814665082,5300.590258167765
1788398975.5303576,365.3169403001666,-125.42372881355932,152.5423728813559,1673316.0,1330325.0,2895.071193106149,5200.064181247988
1788398975.649504,365.4360846001655,-118.64406779661017,152.5423728813559,1673603.0,1330875.0,2439.431143602235,4648.225160900259
1788398975.7655177,365.55209760018624,-111.86440677966102,152.5423728813559,1673910.0,1331304.0,2700.4367269710806,3859.0700523944834
1788398975.8836055,365.6701832001563,-105.08474576271186,152.5423728813559,1674339.0,1331836.0,3649.6707697282764,4441.916375840024
1788398975.9976852,365.7842612999957,-98.30508474576271,152.5423728813559,1674788.0,1332333.0,3876.704225755664,4383.162022469587
1788398976.1148052,365.9013795000501,-91.52542372881356,152.5423728813559,1675314.0,1332860.0,4455.739067664732,4571.820446181048
1788398976.2306805,366.01725310017355,-84.74576271186442,152.5423728813559,1675866.0,1333374.0,4833.353209011907,4471.981006468961
1788398976.342873,366.12944380007684,-77.96610169491527,152.5423728813559,1676394.0,1333787.0,4591.196840517093,3714.016956353258
1788398976.463873,366.25044130021706,-71.18644067796612,152.5423728813559,1677016.0,1334176.0,5289.046381115762,3209.9040106081866
1788398976.5807195,366.36728520016186,-64.40677966101697,152.5423728813559,1677610.0,1334539.0,5234.792554412663,3269.4167021331755
1788398976.695613,366.4821759001352,-57.62711864406779,152.5423728813559,1678246.0,1334836.0,5577.069750104126,2520.7616585735536
1788398976.8107653,366.5973259001039,-50.847457627118644,152.5423728813559,1679031.0,1335151.0,6910.419330770224,2767.8337372581004
1788398976.9265678,366.7131271001417,-44.067796610169495,152.5423728813559,1679745.0,1335382.0,6072.578285224114,2011.9988294417244
1788398977.0476313,366.83418790018186,-37.288135593220346,152.5423728813559,1680531.0,1335618.0,6548.303112852535,1918.2778759354965
1788398977.1665056,366.95306080020964,-30.508474576271198,152.5423728813559,1681369.0,1335869.0,7009.522453541833,2143.7752681517536
1788398977.2825477,367.06910110008903,-23.72881355932205,152.5423728813559,1682195.0,1336044.0,7143.570333350824,1434.160244815032
1788398977.3980634,367.1846149000339,-16.9491525423729,152.5423728813559,1683047.0,1336227.0,7344.35409757649,1604.8773768778256
1788398977.5143719,367.30092190019786,-10.169491525423723,152.5423728813559,1683867.0,1336386.0,6977.826025114622,1370.3224235367215
1788398977.6358182,367.4223661001306,-3.3898305084745743,152.5423728813559,1684794.0,1336562.0,7529.042821833302,1457.8075829759875
1788398977.7508047,367.5373496999964,3.3898305084745743,152.5423728813559,1685619.0,1336699.0,7046.531166779741,1213.0033940185888
1788398977.8653357,367.6518780000042,10.169491525423723,152.5423728813559,1686507.0,1336829.0,7686.628310876717,1121.7328396255496
1788398977.982511,367.7690513001289,16.94915254237287,152.5423728813559,1687374.0,1336973.0,7260.465590397335,1210.0775983995559
1788398978.1001837,367.886722400086,23.72881355932202,152.5423728813559,1688274.0,1337102.0,7749.394308774642,1096.7820251397984
1788398978.217056,368.0035918999929,30.50847457627117,152.5423728813559,1689155.0,1337237.0,7478.4310588081335,1149.1466693006496
1788398978.3301418,368.1166773000732,37.28813559322032,152.5423728813559,1690007.0,1337401.0,7636.865196294268,1462.1802875831709
1788398978.4438252,368.2303586001508,44.06779661016947,152.5423728813559,1690866.0,1337577.0,7834.512970281717,1576.1196681390277
1788398978.562354,368.34888559998944,50.847457627118644,152.5423728813559,1691698.0,1337776.0,6928.620232881462,1639.5971543459948
1788398978.6837504,368.4702799001243,57.627118644067764,152.5423728813559,1692493.0,1337968.0,6611.4309912574745,1547.5391136883554
1788398978.7990077,368.58553510019556,64.40677966101691,152.5423728813559,1693221.0,1338189.0,5910.793754162607,1741.1640516137911
1788398978.9152024,368.70172570017166,71.18644067796606,152.5423728813559,1693994.0,1338438.0,7011.315894998411,2269.45225022317
1788398979.0321057,368.81862680008635,77.96610169491527,152.5423728813559,1694649.0,1338704.0,5672.243751590193,2357.2961045569637
1788398979.1489515,368.93547120015137,84.74576271186442,152.5423728813559,1695299.0,1339001.0,5515.8653885819185,2548.5846679916453
1788398979.2662497,369.0527683000546,91.52542372881356,152.5423728813559,1695890.0,1339329.0,4998.815590659796,2837.1656055096137
1788398979.381047,369.1675629001111,98.30508474576271,152.5423728813559,1696430.0,1339690.0,4755.111738791048,3212.913337020979
1788398979.4967725,369.28328730002977,105.08474576271186,152.5423728813559,1697003.0,1340046.0,4897.5660790663105,3046.1584178922676
1788398979.612186,369.3986988000106,111.86440677966101,152.5423728813559,1697454.0,1340451.0,3924.429803099802,3453.1356927968236
1788398979.7262936,369.5128044001758,118.64406779661016,152.5423728813559,1697954.0,1340966.0,4377.194912078929,4542.372078572473
1788398979.8395295,369.6260385001078,125.42372881355931,152.5423728813559,1698339.0,1341452.0,3360.5012374923385,4295.51673332354
1788398979.9548671,369.7413736002054,132.20338983050846,152.5423728813559,1698742.0,1341964.0,3554.242202572534,4531.193593332
1788398980.0723903,369.85889470018446,138.9830508474576,152.5423728813559,1699112.0,1342569.0,3146.4140397900687,5153.609203104424
1788398980.1904655,369.97696780017577,145.76271186440675,152.5423728813559,1699410.0,1343125.0,2500.0223225878162,4758.97106406895
1788398980.3067627,370.09326220001094,152.5423728813559,152.5423728813559,1699683.0,1343766.0,2336.9629972036378,5495.021101532878
1788398980.4214027,370.2079006000422,159.32203389830505,152.5423728813559,1699925.0,1344313.0,2107.473766916912,4704.842751582054
1788398980.5361264,370.3226233001333,166.1016949152542,152.5423728813559,1700168.0,1344980.0,2169.1437935190297,5857.603493047169
1788398980.6526346,370.4391293001827,172.88135593220335,152.5423728813559,1700395.0,1345728.0,1975.1862729809154,6473.224103723818
1788398980.7678337,370.55432570003904,179.66101694915255,152.5423728813559,1700591.0,1346453.0,1644.315483510663,6222.961912733725
1788398980.8853388,370.6718298001215,186.4406779661017,152.5423728813559,1700774.0,1347159.0,1573.4885831094728,6062.820416274918
1788398981.000011,370.78650000016205,193.22033898305085,152.5423728813559,1700993.0,1347877.0,1932.3084749040631,6367.416498255294
1788398981.124398,370.91088500013575,200.0,152.5423728813559,1701197.0,1348602.0,1676.4489388044274,5612.069709580596
1788398981.2390697,371.0255531000439,-200.0,159.32203389830505,1701371.0,1349132.0,1461.5840763093609,4589.5601886657
1788398981.3551927,371.141673900187,-193.22033898305085,159.32203389830505,1701566.0,1349889.0,1716.626900649773,6866.507602599092
1788398981.4675765,371.2540566001553,-186.4406779661017,159.32203389830505,1701748.0,1350527.0,1646.4203992757093,5748.359222614048
1788398981.5847206,371.37119890004396,-179.66101694915255,159.32203389830505,1701924.0,1351221.0,1498.944047675409,6049.309906690043
1788398981.6980824,371.4845590000041,-172.8813559322034,159.32203389830505,1702106.0,1351842.0,1597.8173648987215,5430.731852950567
1788398981.812869,371.59934360021725,-166.10169491525426,159.32203389830505,1702340.0,1352463.0,2023.8172295801285,5378.613357893134
1788398981.9273007,371.71377330017276,-159.32203389830508,159.32203389830505,1702567.0,1353079.0,1984.818425594681,5314.191268527694
1788398982.041831,371.8283015000634,-152.54237288135593,159.32203389830505,1702787.0,1353611.0,1983.3780142517483,4524.295470297767
1788398982.1554868,371.941955300048,-145.76271186440678,159.32203389830505,1703057.0,1354233.0,2339.2760768418875,5498.219755411838
1788398982.272531,372.05899749998935,-138.98305084745763,159.32203389830505,1703350.0,1354844.0,2497.6533753464932,5256.793927173305
1788398982.3937507,372.18021500017494,-132.20338983050848,159.32203389830505,1703707.0,1355472.0,2887.552754934635,5091.448159791287
1788398982.5096161,372.29607830010355,-125.42372881355932,159.32203389830505,1704066.0,1356029.0,3183.7024110746615,4752.348788542935
1788398982.6235642,372.41002340009436,-118.64406779661017,159.32203389830505,1704455.0,1356530.0,3458.7427309746927,4362.627498002746
1788398982.740561,372.5270176001359,-111.86440677966102,159.32203389830505,1704864.0,1357035.0,3510.5497405854494,4315.804706853762
1788398982.856054,372.64251000015065,-105.08474576271186,159.32203389830505,1705288.0,1357495.0,3663.543113444047,3963.5354775722194
1788398982.969826,372.7562796000857,-98.30508474576271,159.32203389830505,1705805.0,1358014.0,4559.530009850837,4494.921285014894
1788398983.0862758,372.87272800016217,-91.52542372881356,159.32203389830505,1706356.0,1358471.0,4763.744391303507,4007.3086089415133
1788398983.2041528,372.99060320015997,-84.74576271186442,159.32203389830505,1706911.0,1358853.0,4715.095657874029,3208.3921581774407
1788398983.318392,373.1048404001631,-77.96610169491527,159.32203389830505,1707492.0,1359256.0,5129.275208227706,3502.2470507791327
1788398983.4451563,373.23160240007564,-71.18644067796612,159.32203389830505,1708137.0,1359659.0,5447.439740001089,3256.0429716293156
1788398983.5595653,373.34600810008124,-64.40677966101697,159.32203389830505,1708857.0,1359976.0,6003.542460884072,2778.036728794182
1788398983.6767097,373.46315130009316,-57.62711864406779,159.32203389830505,1709575.0,1360253.0,6180.447414210475,2345.8632521090854
1788398983.7928193,373.5792590000201,-50.847457627118644,159.32203389830505,1710323.0,1360502.0,6334.035222986407,2135.371760807651
1788398983.9066083,373.6930456000846,-44.067796610169495,159.32203389830505,1711078.0,1360750.0,6675.98542727866,2200.773127061517
1788398984.021707,373.80814290000126,-37.288135593220346,159.32203389830505,1711945.0,1360996.0,7487.951789097689,2079.479912197653
1788398984.1364558,373.9228893001564,-30.508474576271198,159.32203389830505,1712683.0,1361195.0,6669.866252077794,1788.3635915283826
1788398984.2525733,374.03900470002554,-23.72881355932205,159.32203389830505,1713572.0,1361366.0,7566.766110594753,1488.1006057784675
1788398984.3690515,374.15548070007935,-16.9491525423729,159.32203389830505,1714458.0,1361565.0,7495.173970302557,1689.5596000202406
1788398984.4870715,374.2734993000049,-10.169491525423723,159.32203389830505,1715242.0,1361749.0,6771.152917401943,1547.4365319822143
1788398984.6054218,374.39184660022147,-3.3898305084745743,159.32203389830505,1716173.0,1361917.0,7981.3462894003105,1469.0168434183456
1788398984.7231796,374.50960250012577,3.3898305084745743,159.32203389830505,1717137.0,1362064.0,8122.004159987233,1265.4172227162428
1788398984.839064,374.6254842001945,10.169491525423723,159.32203389830505,1718022.0,1362195.0,7785.812925832043,1117.4503965896631
1788398984.9583757,374.74479360016994,16.94915254237287,159.32203389830505,1718932.0,1362354.0,7712.309629065402,1370.8807253499283
1788398985.0739453,374.8603623001836,23.72881355932202,159.32203389830505,1719814.0,1362496.0,7556.709672135482,1254.871787978862
1788398985.1871693,374.9735833001323,30.50847457627117,159.32203389830505,1720685.0,1362669.0,7668.172541494326,1553.9843027395013
1788398985.3065283,375.0929415000137,37.28813559322032,159.32203389830505,1721593.0,1362864.0,7600.1355484728365,1636.8161542112628
1788398985.4239962,375.2104079001583,44.06779661016947,159.32203389830505,1722463.0,1363070.0,7381.67646219036,1706.9009737026136
1788398985.5381818,375.32459150021896,50.847457627118644,159.32203389830505,1723139.0,1363239.0,5848.851338888774,1480.6054489954288
1788398985.6656072,375.4520143000409,57.627118644067764,159.32203389830505,1723790.0,1363419.0,5062.5524058463925,1274.4272549439702
1788398985.7838702,375.5702750000637,64.40677966101691,159.32203389830505,1724580.0,1363696.0,6873.849100981617,2414.4057130577635
1788398985.8991709,375.6855723001063,71.18644067796606,159.32203389830505,1725261.0,1363970.0,5873.90442701612,2387.6922168550846
1788398986.0139341,375.80033410014585,77.96610169491527,159.32203389830505,1725884.0,1364266.0,5412.707423417733,2572.6496952871335
1788398986.13024,375.91663860017434,84.74576271186442,159.32203389830505,1726541.0,1364611.0,5728.2451502695785,3022.9883281137395
1788398986.2437093,376.0301062001381,91.52542372881356,159.32203389830505,1727067.0,1364944.0,4618.967516082297,3011.566820485658
1788398986.3582363,376.1446293001063,98.30508474576271,159.32203389830505,1727610.0,1365279.0,4710.001116627504,2935.7482688105415
1788398986.4779189,376.2643123001326,105.08474576271186,159.32203389830505,1728067.0,1365707.0,3816.6535653073556,3571.547373039911
1788398986.593783,376.3801741001662,111.86440677966101,159.32203389830505,1728605.0,1366229.0,4440.974168371377,4459.1748821761785
1788398986.7105637,376.4969514000695,118.64406779661016,159.32203389830505,1729024.0,1366735.0,3604.9798999409163,4517.868866851019
1788398986.8273637,376.61375050013885,125.42372881355931,159.32203389830505,1729425.0,1367263.0,3611.0251735104307,4589.9731745132585
1788398986.9404745,376.72685840004124,132.20338983050846,159.32203389830505,1729787.0,1367828.0,3271.217275464205,5208.000308246128
1788398987.0545697,376.84095180011354,138.9830508474576,159.32203389830505,1730109.0,1368460.0,2862.3943066303823,5577.527169832835
1788398987.1699681,376.95634870021604,145.76271186440675,159.32203389830505,1730400.0,1369095.0,2499.9931576529534,5520.057884598674
1788398987.284768,377.07114650006406,152.5423728813559,159.32203389830505,1730688.0,1369723.0,2508.412303376648,5518.507067428626
1788398987.3998728,377.1862490000203,159.32203389830505,159.32203389830505,1730916.0,1370342.0,2036.1988926763536,5508.645218579778
1788398987.5143535,377.3007282000035,166.1016949152542,159.32203389830505,1731141.0,1370932.0,1966.0863823462998,5075.246242800914
1788398987.6287742,377.4151469001081,172.88135593220335,159.32203389830505,1731376.0,1371588.0,2030.5794308499926,5680.134353864169
1788398987.7429466,377.52931770007126,179.66101694915255,159.32203389830505,1731560.0,1372311.0,1604.4697759161397,6252.847926713184
1788398987.863887,377.6502553001046,186.4406779661017,159.32203389830505,1731744.0,1372969.0,1584.3401625790925,5517.874359327184
1788398987.9837766,377.77014260017313,193.22033898305085,159.32203389830505,1731954.0,1373750.0,1801.7886192656104,6630.947964302373
1788398988.1031482,377.88951130001806,200.0,159.32203389830505,1732143.0,1374481.0,1575.8719658571038,6043.827141781506
1788398988.220577,378.0069383000955,-200.0,166.1016949152542,1732349.0,1375225.0,1787.1881063820547,6376.3997765389895
1788398988.3320374,378.118396300124,-193.22033898305085,166.1016949152542,1732569.0,1375865.0,2028.361206689238,5820.924951289581
1788398988.4497776,378.2361351000145,-186.4406779661017,166.1016949152542,1732798.0,1376585.0,1888.6013000213118,6169.430913402952
1788398988.5662134,378.35256990022026,-179.66101694915255,166.1016949152542,1733018.0,1377325.0,1883.6991522352298,6489.298514877346
1788398988.6806672,378.4670216999948,-172.8813559322034,166.1016949152542,1733236.0,1377991.0,1899.5199795219091,5781.147763762332
1788398988.7951558,378.58150830003433,-166.10169491525426,166.1016949152542,1733469.0,1378620.0,1995.3497276239343,5561.113592729669
1788398988.9119353,378.69828540016897,-159.32203389830508,166.1016949152542,1733696.0,1379254.0,1944.9962464052028,5549.230996852758
1788398989.0280988,378.81443810020573,-152.54237288135593,166.1016949152542,1733953.0,1379859.0,2191.745939050359,5165.608686226572
1788398989.141518,378.92786340019666,-145.76271186440678,166.1016949152542,1734232.0,1380469.0,2491.3658855642357,5371.718266272329
1788398989.2572668,379.04361080005765,-138.98305084745763,166.1016949152542,1734544.0,1381102.0,2639.0871472509507,5441.416798455569
1788398989.372698,379.15904020005837,-132.20338983050848,166.1016949152542,1734898.0,1381690.0,3063.000856860184,5065.732186345689
1788398989.4875863,379.2739262001123,-125.42372881355932,166.1016949152542,1735326.0,1382302.0,3782.3309564288666,5477.5443489487925
1788398989.6033015,379.38963910005987,-118.64406779661017,166.1016949152542,1735793.0,1382915.0,4044.6167835903634,5258.91482471343
1788398989.718724,379.50506029999815,-111.86440677966102,166.1016949152542,1736243.0,1383398.0,3891.640044112243,4127.497016482682
1788398989.833722,379.62005640007555,-105.08474576271186,166.1016949152542,1736766.0,1383888.0,4521.0723053564325,4283.60184083266
1788398989.9572337,379.7435657000169,-98.30508474576271,166.1016949152542,1737314.0,1384367.0,4567.996748861988,3930.8105618890977
1788398990.074641,379.8609696000349,-91.52542372881356,166.1016949152542,1737915.0,1384792.0,5416.962068511549,3772.361234675281
1788398990.1947854,379.9811131001916,-84.74576271186442,166.1016949152542,1738577.0,1385195.0,5726.926240783205,3384.924455414993
1788398990.3098783,380.0962031001691,-77.96610169491527,166.1016949152542,1739174.0,1385522.0,5234.098699144814,2853.310749186583
1788398990.426466,380.21278800000437,-71.18644067796612,166.1016949152542,1739909.0,1385854.0,6304.3070987103465,2791.9074294288675
1788398990.5433002,380.32962120021693,-64.40677966101697,166.1016949152542,1740609.0,1386176.0,5972.475858058031,2791.3847712926763
1788398990.658207,380.4445265000686,-57.62711864406779,166.1016949152542,1741358.0,1386437.0,6655.170261370887,2252.0949088893194
1788398990.7764883,380.56280539999716,-50.847457627118644,166.1016949152542,1742151.0,1386682.0,6764.7541209958745,2048.044825622604
1788398990.8932042,380.6795201001223,-44.067796610169495,166.1016949152542,1742928.0,1386880.0,6754.746630868232,1654.7772870801693
1788398991.0164762,380.80278990021907,-37.288135593220346,166.1016949152542,1743743.0,1387076.0,6896.428718181466,1647.668930205917
1788398991.1303613,380.9166728002019,-30.508474576271198,166.1016949152542,1744510.0,1387241.0,6683.0789732004705,1495.3850741139174
1788398991.2488825,381.0351905000862,-23.72881355932205,166.1016949152542,1745431.0,1387393.0,7916.008133844181,1186.9447028832108
1788398991.364538,381.1508444000501,-16.9491525423729,166.1016949152542,1746394.0,1387566.0,8433.684084863626,1477.5006938662066
1788398991.480012,381.26631670002826,-10.169491525423723,166.1016949152542,1747249.0,1387728.0,7253.787099222756,1381.673733185287
1788398991.599866,381.38616860006005,-3.3898305084745743,166.1016949152542,1748143.0,1387861.0,7421.404170573037,1105.3155147661969
1788398991.71463,381.5009316999931,3.3898305084745743,166.1016949152542,1749039.0,1388018.0,7804.024516529981,1393.9033214013598
1788398991.8256483,381.61194850015454,10.169491525423723,166.1016949152542,1749830.0,1388162.0,7154.135751507249,1293.0298126075106
1788398991.9411983,381.7274954000022,16.94915254237287,166.1016949152542,1750790.0,1388290.0,8340.13251846709,1086.6622173898488
1788398992.0580385,381.8443335001357,23.72881355932202,166.1016949152542,1751803.0,1388441.0,8611.102459029269,1273.3438742607111
1788398992.172661,381.95894960011356,30.50847457627117,166.1016949152542,1752690.0,1388605.0,7777.984026750309,1382.9589737300669
1788398992.2972736,382.0835658002179,37.28813559322032,166.1016949152542,1753626.0,1388832.0,7584.9540592532585,1807.9913194587791
1788398992.4220517,382.2083396001253,44.06779661016947,166.1016949152542,1754622.0,1389067.0,7743.994077701909,1951.106646109957
1788398992.5429823,382.32927000010386,50.847457627118644,166.1016949152542,1755513.0,1389309.0,7304.473483090631,1986.5355080366817
1788398992.6689882,382.4552740000654,57.627118644067764,166.1016949152542,1756281.0,1389561.0,6039.804642152053,2016.033692366688
1788398992.7868476,382.57313180016354,64.40677966101691,166.1016949152542,1757092.0,1389856.0,6132.174167409795,2355.0447319446776
1788398992.905905,382.6921864000615,71.18644067796606,166.1016949152542,1757777.0,1390172.0,5496.292009845699,2592.2544163129637
1788398993.0247407,382.81101970002055,77.96610169491527,166.1016949152542,1758247.0,1390464.0,3913.336744413437,2506.2943194557965
1788398993.1389074,382.92518510017544,84.74576271186442,166.1016949152542,1758800.0,1390825.0,4877.038140261619,3144.406169379202
1788398993.2685997,383.05487370002083,91.52542372881356,166.1016949152542,1759473.0,1391291.0,5176.8954154721705,3587.4977001956267
1788398993.3925402,383.178812000202,98.30508474576271,166.1016949152542,1760056.0,1391803.0,4745.6256721409545,4148.02836527876
1788398993.5214372,383.3077076000627,105.08474576271186,166.1016949152542,1760571.0,1392342.0,3918.6936388612144,4188.1038265329225
1788398993.63805,383.4243182002101,111.86440677966101,166.1016949152542,1761012.0,1392832.0,3439.691653665521,4045.0773847106525
1788398993.7501173,383.53638330008835,118.64406779661016,166.1016949152542,1761423.0,1393359.0,3583.551594258856,4680.3642194146005
1788398993.896847,383.6831102001015,125.42372881355931,166.1016949152542,1761900.0,1394100.0,3167.796394701942,5004.406439270708
1788398994.0129604,383.79922310006805,132.20338983050846,166.1016949152542,1762272.0,1394671.0,2862.107359007293,4893.280323464081
1788398994.129023,383.91528360010125,138.9830508474576,166.1016949152542,1762582.0,1395290.0,2630.507397920543,5279.031969799446
1788398994.2404568,384.02671570004895,145.76271186440675,166.1016949152542,1762841.0,1395933.0,2310.945264219036,5767.892073399151
1788398994.3567338,384.14299040008336,152.5423728813559,166.1016949152542,1763112.0,1396588.0,2285.8541624583904,5642.639999454373
1788398994.4802356,384.26648900005966,159.32203389830505,166.1016949152542,1763339.0,1397280.0,1855.7611831394609,5776.38340103973
1788398994.606573,384.3928255001083,166.1016949152542,166.1016949152542,1763572.0,1397989.0,1745.6371665756037,5522.2560365709005
1788398994.7233229,384.5095732000191,172.88135593220335,166.1016949152542,1763768.0,1398611.0,1628.4915852265592,5371.323073924065
1788398994.8458073,384.6320558001753,179.66101694915255,166.1016949152542,1763976.0,1399365.0,1731.0790855028497,6151.988750017819
1788398994.956479,384.7427256000228,186.4406779661017,166.1016949152542,1764188.0,1400075.0,1936.8398452265676,6395.406815673864
1788398995.0751166,384.8613597000949,193.22033898305085,166.1016949152542,1764402.0,1400790.0,1810.3949595219697,6080.366909505605
1788398995.1997657,384.9860074000899,200.0,166.1016949152542,1764606.0,1401532.0,1702.0444474798428,6065.796701124971
1788398995.318843,385.1050828001462,-200.0,172.88135593220335,1764826.0,1402248.0,1840.8017729722972,5931.4723795774025
1788398995.436792,385.2230305999983,-193.22033898305085,172.88135593220335,1765027.0,1402946.0,1700.5067507860551,6041.273983055722
1788398995.5511715,385.33740780013613,-186.4406779661017,172.88135593220335,1765281.0,1403644.0,2267.761462755589,6003.451507211891
1788398995.662077,385.44831150001846,-179.66101694915255,172.88135593220335,1765518.0,1404274.0,2158.992006158266,5699.7388962578225
1788398995.7915285,385.5777603001334,-172.8813559322034,172.88135593220335,1765759.0,1404959.0,1862.240927998184,5256.195173397471
1788398995.9136636,385.69989370019175,-166.10169491525426,172.88135593220335,1766059.0,1405702.0,2240.054588822874,5772.448363505097
1788398996.037229,385.8234569001943,-159.32203389830508,172.88135593220335,1766381.0,1406426.0,2496.5866971096907,5929.393405635516
1788398996.1545796,385.94080670014955,-152.54237288135593,172.88135593220335,1766676.0,1407062.0,2537.385954421963,5407.691342580141
1788398996.2727394,386.05896440008655,-145.76271186440678,172.88135593220335,1767027.0,1407674.0,2840.3064332070758,5103.675622168964
1788398996.39184,386.178060100181,-138.98305084745763,172.88135593220335,1767386.0,1408223.0,3003.646144049652,4425.490472593866
1788398996.516569,386.3027893002145,-132.20338983050848,172.88135593220335,1767791.0,1408780.0,3325.1511859324737,4348.27462775785
1788398996.6338642,386.4200816000812,-125.42372881355932,172.88135593220335,1768247.0,1409353.0,3933.437498238044,4962.322769767903
1788398996.7540555,386.5402708000038,-118.64406779661017,172.88135593220335,1768718.0,1409877.0,3992.265757022811,4565.107421937784
1788398996.8733246,386.659538900014,-111.86440677966102,172.88135593220335,1769209.0,1410425.0,4039.061983500748,4614.8054679909865
1788398996.986333,386.7725447001867,-105.08474576271186,172.88135593220335,1769704.0,1410852.0,4175.151802379725,3775.30430237454
1788398997.1018898,386.8880997002125,-98.30508474576271,172.88135593220335,1770296.0,1411284.0,5017.089460167409,3661.3685950118775
1788398997.218174,387.0043829001952,-91.52542372881356,172.88135593220335,1770908.0,1411699.0,5158.223286101248,3617.1020934172197
1788398997.3360693,387.1222757000942,-84.74576271186442,172.88135593220335,1771571.0,1412060.0,5711.408122334279,3080.917315202403
1788398997.4544067,387.2406109001022,-77.96610169491527,172.88135593220335,1772282.0,1412383.0,5934.679943890766,2627.427962775169
1788398997.5743308,387.36053370009176,-71.18644067796612,172.88135593220335,1773075.0,1412719.0,6630.828614353075,2797.9290052627393
1788398997.6910152,387.4772148001939,-64.40677966101697,172.88135593220335,1773842.0,1412970.0,6737.590608859711,2160.0733875607534
1788398997.810245,387.5964423001278,-57.62711864406779,172.88135593220335,1774620.0,1413232.0,6579.814291125378,2202.115266787929
1788398997.9414651,387.7276611002162,-50.847457627118644,172.88135593220335,1775499.0,1413477.0,6765.693273902201,1872.2167848209178
1788398998.0552056,387.8414003001526,-44.067796610169495,172.88135593220335,1776357.0,1413657.0,6750.194531820544,1559.8798918099747
1788398998.1666956,387.95288850017823,-37.288135593220346,172.88135593220335,1777283.0,1413862.0,8607.374153569646,1891.7305832021202
1788398998.2768826,388.0630732001737,-30.508474576271198,172.88135593220335,1778155.0,1414030.0,7965.543068511695,1516.792033405221
1788398998.3949966,388.18118620011955,-23.72881355932205,172.88135593220335,1779173.0,1414218.0,8624.656068002336,1614.8676110590147
1788398998.509273,388.295459800167,-16.9491525423729,172.88135593220335,1780088.0,1414362.0,8145.515440832388,1265.5999458302658
1788398998.6276326,388.41381709999405,-10.169491525423723,172.88135593220335,1781078.0,1414519.0,8248.937742643775,1324.7758687329404
1788398998.742079,388.528262300184,-3.3898305084745743,172.88135593220335,1782030.0,1414649.0,8427.100531339858,1130.352633974703
1788398998.8622627,388.6484425000381,3.3898305084745743,172.88135593220335,1783006.0,1414808.0,8163.509741800139,1312.1498937737008
1788398998.9760222,388.7622011001222,10.169491525423723,172.88135593220335,1783890.0,1414965.0,7786.609635564195,1406.4330801078868
1788398999.0917158,388.8778924001381,16.94915254237287,172.88135593220335,1784827.0,1415113.0,8080.214158241167,1296.4863395144018
1788398999.2148013,389.0009749000892,23.72881355932202,172.88135593220335,1785862.0,1415301.0,8612.060903443822,1561.678064145168
1788398999.3354506,389.1216224001255,30.50847457627117,172.88135593220335,1786922.0,1415510.0,8623.018808092442,1719.3404744517993
1788398999.4594667,389.2456371001899,37.28813559322032,172.88135593220335,1787855.0,1415736.0,7691.129744377461,1798.0381617168784
1788398999.5852957,389.37146340007894,44.06779661016947,172.88135593220335,1788799.0,1415974.0,7177.446382908317,1908.5067354043745
1788398999.710189,389.4963544001803,50.847457627118644,172.88135593220335,1789672.0,1416242.0,7300.273658402105,2208.7097702820465
1788398999.8275864,389.6137508000247,57.627118644067764,172.88135593220335,1790489.0,1416555.0,7020.610386859954,2659.87043007323
1788398999.947382,389.73354500019923,64.40677966101691,172.88135593220335,1791200.0,1416857.0,5932.095871683015,2581.074162457949
1788399000.0890057,389.875165700214,71.18644067796606,172.88135593220335,1792089.0,1417319.0,6823.638122981235,3203.4990373833207
1788399000.201138,389.9872946999967,77.96610169491527,172.88135593220335,1792777.0,1417712.0,6030.803912500911,3511.725880726462
1788399000.3177438,390.1039007001091,84.74576271186442,172.88135593220335,1793417.0,1418184.0,5447.730827688419,4067.639018007352
1788399000.4479413,390.234094500076,91.52542372881356,172.88135593220335,1794096.0,1418732.0,5690.338597285462,4214.7240501774
1788399000.5673718,390.35352350003086,98.30508474576271,172.88135593220335,1794632.0,1419201.0,4374.225582579368,3933.275423045158
1788399000.6883724,390.47452160017565,105.08474576271186,172.88135593220335,1795051.0,1419715.0,3445.6715087179496,4202.675097754469
1788399000.806478,390.5926248000469,111.86440677966101,172.88135593220335,1795558.0,1420305.0,3838.5101112998414,4869.476855821621
1788399000.92536,390.7115055001341,118.64406779661016,172.88135593220335,1795978.0,1420935.0,3480.777777740888,5323.021487079576
1788399001.047338,390.83348180004396,125.42372881355931,172.88135593220335,1796333.0,1421569.0,2922.913382375602,5089.000978243235
1788399001.1648371,390.95097950007766,132.20338983050846,172.88135593220335,1796651.0,1422165.0,2762.5413934682006,5107.066655030029
1788399001.2887692,391.07490870007314,138.9830508474576,172.88135593220335,1796951.0,1422882.0,2486.559956401869,6038.788465547395
1788399001.401077,391.18721350003034,145.76271186440675,172.88135593220335,1797157.0,1423457.0,1847.2947011378114,5032.935563304037
1788399001.5203135,391.30644990014844,152.5423728813559,172.88135593220335,1797435.0,1424182.0,2367.066865673097,6154.373850750052
1788399001.6378167,391.4239490001928,159.32203389830505,172.88135593220335,1797649.0,1424848.0,1802.731003260128,5677.25733862518
1788399001.7516084,391.5377395001706,166.1016949152542,172.88135593220335,1797859.0,1425570.0,1870.605144234772,6273.1404836964075
1788399001.8665917,391.65272110002115,172.88135593220335,172.88135593220335,1798019.0,1426226.0,1396.551157863712,5668.354699564478
1788399001.9857142,391.7718407001812,179.66101694915255,172.88135593220335,1798228.0,1426967.0,1756.202506939389,6265.618319028549
1788399002.1073527,391.89347790018655,186.4406779661017,172.88135593220335,1798443.0,1427705.0,1704.2464716324314,5991.216977594424
1788399002.226471,392.0125954002142,193.22033898305085,172.88135593220335,1798655.0,1428433.0,1768.6173363047678,6141.765675327005
1788399002.3536215,392.13974260003306,200.0,172.88135593220335,1798878.0,1429207.0,1895.865448630821,6396.2450815457305
1788399002.4702463,392.2563663001638,-200.0,179.66101694915255,1799119.0,1429857.0,2110.801828432888,5470.12048304523
1788399002.5918007,392.3779190001078,-193.22033898305085,179.66101694915255,1799363.0,1430570.0,2051.4116642823483,5972.464339049875
1788399002.709309,392.49542560009286,-186.4406779661017,179.66101694915255,1799590.0,1431292.0,1915.5201864182359,6176.2099468625365
1788399002.8287654,392.6148777999915,-179.66101694915255,179.66101694915255,1799853.0,1432024.0,2211.6602546711974,6215.377237435659
1788399002.95018,392.7362906001508,-172.8813559322034,179.66101694915255,1800145.0,1432821.0,2425.190349689407,6458.387344281573
1788399003.076726,392.862835300155,-166.10169491525426,179.66101694915255,1800458.0,1433512.0,2446.856266681256,5531.273673272416
1788399003.1979117,392.98401940008625,-159.32203389830508,179.66101694915255,1800771.0,1434172.0,2570.9227729208146,5613.329652986276
1788399003.325976,393.112080699997,-152.54237288135593,179.66101694915255,1801103.0,1434848.0,2718.8409670759206,5274.723011834988
1788399003.4445891,393.2306923000142,-145.76271186440678,179.66101694915255,1801474.0,1435432.0,3194.864777745343,4870.109059485738
1788399003.5679832,393.35408450011164,-138.98305084745763,179.66101694915255,1801876.0,1436066.0,3213.3866309489554,5192.156293164891
1788399003.681226,393.46732570021413,-132.20338983050848,179.66101694915255,1802267.0,1436554.0,3479.717819162599,4207.379990462016
1788399003.7954032,393.58150020008907,-125.42372881355932,179.66101694915255,1802707.0,1437060.0,4005.5238064299174,4673.11110750157
1788399003.9063766,393.69247240014374,-118.64406779661017,179.66101694915255,1803156.0,1437505.0,4161.800175467046,4123.879444938872
1788399004.0235486,393.80964280012995,-111.86440677966102,179.66101694915255,1803704.0,1437998.0,4667.305045313546,4283.5686840353765
1788399004.1427433,393.9288343000226,-105.08474576271186,179.66101694915255,1804300.0,1438481.0,5162.760395928914,4141.251654488434
1788399004.258098,394.0441874000244,-98.30508474576271,179.66101694915255,1804935.0,1438915.0,5558.623430663765,3772.573934909506
1788399004.3693159,394.1554033001885,-91.52542372881356,179.66101694915255,1805578.0,1439273.0,5776.3697924028365,3187.9470847692755
1788399004.4942367,394.28032160014845,-84.74576271186442,179.66101694915255,1806204.0,1439614.0,5343.638420722808,2751.4429616635653
1788399004.6126297,394.3987134001218,-77.96610169491527,179.66101694915255,1806904.0,1439917.0,5936.267373976294,2574.7665718451394
1788399004.728403,394.5144856001716,-71.18644067796612,179.66101694915255,1807656.0,1440208.0,6383.576788504865,2511.719844340693
1788399004.8571532,394.64323180005886,-64.40677966101697,179.66101694915255,1808536.0,1440472.0,7715.356490210781,2089.1939189644395
1788399004.9768753,394.762951400131,-57.62711864406779,179.66101694915255,1809325.0,1440735.0,6741.854987734647,2208.995736479242
1788399005.0924249,394.8785008001141,-50.847457627118644,179.66101694915255,1810219.0,1440937.0,7653.726032165535,1783.1261365260207
1788399005.2096624,394.9957349000033,-44.067796610169495,179.66101694915255,1811173.0,1441135.0,8489.27185284724,1671.847848481951
1788399005.3259873,395.11205870006233,-37.288135593220346,179.66101694915255,1812061.0,1441306.0,7736.190440180159,1419.8184807860057
1788399005.4492445,395.23531410004944,-30.508474576271198,179.66101694915255,1812937.0,1441474.0,6915.210129709972,1374.5047294855622
1788399005.5786078,395.36467370018363,-23.72881355932205,179.66101694915255,1813978.0,1441612.0,8023.1163365828215,1080.2024166517588
1788399005.6990898,395.48515490000136,-16.9491525423729,179.66101694915255,1814937.0,1441765.0,7906.649178485586,1282.8669196880587
1788399005.8254447,395.6115082001779,-10.169491525423723,179.66101694915255,1815977.0,1441927.0,8370.182653843141,1291.0087647909238
1788399005.9409008,395.72696110000834,-3.3898305084745743,179.66101694915255,1816893.0,1442051.0,7860.502518474893,1085.1505796966499
1788399006.069975,395.8560339000542,3.3898305084745743,179.66101694915255,1817852.0,1442210.0,7333.806482773378,1256.2916555585095
1788399006.184072,395.97012840001844,10.169491525423723,179.66101694915255,1818886.0,1442371.0,8129.509841401725,1294.8024775838926
1788399006.2975273,396.08358189999126,16.94915254237287,179.66101694915255,1819793.0,1442526.0,7878.747274424404,1358.0839457685513
1788399006.4265125,396.2125644001644,23.72881355932202,179.66101694915255,1820762.0,1442719.0,7465.815184373611,1484.9588443644216
1788399006.5551226,396.341172600165,30.50847457627117,179.66101694915255,1821771.0,1442948.0,7721.13570015372,1663.2832007133863
1788399006.674439,396.4604876001831,37.28813559322032,179.66101694915255,1822638.0,1443193.0,7301.548524005773,2017.6521943659077
1788399006.7895286,396.57557460013777,44.06779661016947,179.66101694915255,1823430.0,1443411.0,6707.117345271233,1954.3310458861458
1788399006.9125266,396.6985698000062,50.847457627118644,179.66101694915255,1824302.0,1443708.0,7436.367644559332,2534.9238931394148
1788399007.031368,396.81741080014035,57.627118644067764,179.66101694915255,1825011.0,1444008.0,5844.379388977615,2428.4864127715205
1788399007.159823,396.9458616999909,64.40677966101691,179.66101694915255,1825773.0,1444353.0,6570.773309409319,2958.6631199826493
1788399007.2826781,397.06871610018425,71.18644067796606,179.66101694915255,1826448.0,1444735.0,5405.049567990246,3092.312012455958
1788399007.3989658,397.18500090017915,77.96610169491527,179.66101694915255,1826960.0,1445084.0,4238.5098625683095,2965.1378008525085
1788399007.5143344,397.30036820005625,84.74576271186442,179.66101694915255,1827537.0,1445486.0,5138.138719724213,3517.5754871581344
1788399007.6472056,397.4332377000246,91.52542372881356,179.66101694915255,1828113.0,1446023.0,4366.066933712122,4008.8432754993114
1788399007.7646139,397.55064320005476,98.30508474576271,179.66101694915255,1828630.0,1446577.0,4071.5480387359967,4403.370235725494
1788399007.881923,397.6679515000433,105.08474576271186,179.66101694915255,1829063.0,1447139.0,3784.1622057115733,4811.291947261858
1788399008.0125208,397.7985470001586,111.86440677966101,179.66101694915255,1829493.0,1447833.0,3316.496555336173,5444.514926193524
1788399008.1277118,397.91373490006663,118.64406779661016,179.66101694915255,1829859.0,1448470.0,3021.628064635754,5483.015059536612
1788399008.242599,398.0286197999958,125.42372881355931,179.66101694915255,1830164.0,1449056.0,2586.41088844844,5273.710144886003
1788399008.3654635,398.1514841001481,132.20338983050846,179.66101694915255,1830512.0,1449819.0,2792.676828256425,6204.038984618888
1788399008.4865024,398.2725198001135,138.9830508474576,179.66101694915255,1830783.0,1450526.0,2290.243651010785,6083.459697997398
1788399008.6048617,398.3908770000562,145.76271186440675,179.66101694915255,1831025.0,1451284.0,2077.293792625071,6333.437963292439
1788399008.7243357,398.51035050000064,152.5423728813559,179.66101694915255,1831260.0,1452032.0,1947.4558701985409,6338.083650282523
1788399008.8586526,398.64466380001977,159.32203389830505,179.66101694915255,1831509.0,1452807.0,2147.0368561083724,6404.092691495663
1788399008.973773,398.7597825000994,166.1016949152542,179.66101694915255,1831690.0,1453550.0,1602.9061145324758,6585.654264850572
1788399009.0886269,398.8746355001349,172.88135593220335,179.66101694915255,1831886.0,1454280.0,1681.0069972757494,6376.86350053518
1788399009.219899,399.0059049001429,179.66101694915255,179.66101694915255,1832115.0,1455103.0,2083.2961897483474,6775.404725217599
1788399009.3307042,399.1167086001951,186.4406779661017,179.66101694915255,1832314.0,1455794.0,1769.5380197732952,6235.965534923002
1788399009.4488583,399.23486060020514,193.22033898305085,179.66101694915255,1832518.0,1456580.0,1701.5966643003899,6575.962108910881
1788399009.5791388,399.3651386999991,200.0,179.66101694915255,1832795.0,1457303.0,2335.2048647054717,5764.462402245396
1788399009.696865,399.4828619000036,-200.0,186.4406779661017,1833099.0,1457989.0,2589.3918559830504,5935.135285019569
1788399009.8143585,399.6003543001134,-193.22033898305085,186.4406779661017,1833350.0,1458567.0,2169.613576482615,4930.939946551398
1788399009.939574,399.7255673999898,-186.4406779661017,186.4406779661017,1833641.0,1459384.0,2560.4391189994185,6660.786462592793
1788399010.0521996,399.83819010015577,-179.66101694915255,186.4406779661017,1833900.0,1460022.0,2324.0142540626284,5693.368252924511
1788399010.1760266,399.9620159000624,-172.8813559322034,186.4406779661017,1834213.0,1460709.0,2544.5227635068054,5548.591444168686
1788399010.295913,400.08189930021763,-166.10169491525426,186.4406779661017,1834555.0,1461295.0,2691.318419790275,4903.979536731944
1788399010.4128747,400.19886050000787,-159.32203389830508,186.4406779661017,1834886.0,1461903.0,2854.8977813572487,5193.195011802233
1788399010.536118,400.322101400001,-152.54237288135593,186.4406779661017,1835258.0,1462554.0,3058.419212739062,5298.988162461551
1788399010.652013,400.4379936000332,-145.76271186440678,186.4406779661017,1835703.0,1463122.0,3608.495583089288,4914.862338486169
1788399010.763498,400.54947660001926,-138.98305084745763,186.4406779661017,1836132.0,1463707.0,3877.7998771378943,5208.417482038152
1788399010.9097056,400.69568240013905,-132.20338983050848,186.4406779661017,1836612.0,1464327.0,3285.7403140816564,4211.199922196359
1788399011.0341606,400.8201350001618,-125.42372881355932,186.4406779661017,1837176.0,1464883.0,4050.748515005036,4308.523420505357
1788399011.1698804,400.955852500163,-118.64406779661017,186.4406779661017,1837735.0,1465413.0,4068.0984345026313,3860.8556840657047
1788399011.2854218,401.0713917000685,-111.86440677966102,186.4406779661017,1838360.0,1465841.0,5492.4650631361665,3695.2644748645657
1788399011.4000652,401.186034000013,-105.08474576271186,186.4406779661017,1838885.0,1466190.0,4480.543355273871,3011.664193441819
1788399011.5209045,401.306870700093,-98.30508474576271,186.4406779661017,1839542.0,1466573.0,5403.745677722305,3157.2446656355037
1788399011.635349,401.42131350003183,-91.52542372881356,186.4406779661017,1840221.0,1466915.0,5937.561849518479,3049.27418747201
1788399011.7482111,401.5341742001474,-84.74576271186442,186.4406779661017,1840957.0,1467214.0,6464.172290712298,2635.9665104777814
1788399011.8716059,401.65756630012766,-77.96610169491527,186.4406779661017,1841741.0,1467532.0,6330.847358180347,2551.109649724965
1788399011.9880195,401.7739780000411,-71.18644067796612,186.4406779661017,1842493.0,1467780.0,6303.33460785184,2076.9260794216852
1788399012.1246161,401.9105728000868,-64.40677966101697,186.4406779661017,1843349.0,1468068.0,6271.988107226988,2093.199914426483
1788399012.242371,402.0283254000824,-57.62711864406779,186.4406779661017,1844296.0,1468298.0,7262.757573110537,1799.6213455495138
1788399012.3581536,402.1441051000729,-50.847457627118644,186.4406779661017,1845145.0,1468492.0,7272.8066062665075,1681.8365276991299
1788399012.4860961,402.2720466000028,-44.067796610169495,186.4406779661017,1846064.0,1468695.0,7177.899918579636,1577.8299365442708
1788399012.6037626,402.38971080002375,-37.288135593220346,186.4406779661017,1846934.0,1468853.0,7430.254502335643,1300.7399968117554
1788399012.7177427,402.5036890001502,-30.508474576271198,186.4406779661017,1847897.0,1469015.0,8287.295418989133,1330.8754602249062
1788399012.8277311,402.61367620015517,-23.72881355932205,186.4406779661017,1848729.0,1469179.0,7569.093164926307,1458.1776439401758
1788399012.9423654,402.7283071000129,-16.9491525423729,186.4406779661017,1849592.0,1469306.0,7732.024860366916,1117.6623613326585
1788399013.0672646,402.8532037001569,-10.169491525423723,186.4406779661017,1850545.0,1469447.0,8078.375583133955,1155.3431001577053
1788399013.178514,402.964453099994,-3.3898305084745743,186.4406779661017,1851442.0,1469593.0,8131.879436832971,1306.0580103705945
1788399013.304419,403.09035459998995,3.3898305084745743,186.4406779661017,1852485.0,1469764.0,9160.12841642713,1443.9158246777702
1788399013.414895,403.2008294002153,10.169491525423723,186.4406779661017,1853348.0,1469917.0,7728.063847579794,1356.4710338149948
1788399013.531837,403.31776970019564,16.94915254237287,186.4406779661017,1854234.0,1470090.0,7466.879249705893,1460.9111575511529
1788399013.6467786,403.43270880007185,23.72881355932202,186.4406779661017,1855088.0,1470284.0,7373.948095682525,1667.4757000287116
1788399013.7649438,403.55087300017476,30.50847457627117,186.4406779661017,1855896.0,1470523.0,6722.674068844552,2026.622860063364
1788399013.8812613,403.66718680015765,37.28813559322032,186.4406779661017,1856785.0,1470768.0,7567.096142793069,2125.3829359903048
1788399014.0021765,403.7881014000159,44.06779661016947,186.4406779661017,1857538.0,1471065.0,6233.141257610205,2377.122284561679
1788399014.1269915,403.9129143001046,50.847457627118644,186.4406779661017,1858281.0,1471408.0,5933.725501165931,2723.1261506767164
1788399014.24174,404.0276602001395,57.627118644067764,186.4406779661017,1859095.0,1471762.0,6565.58800686209,3158.130940009613
1788399014.3698463,404.1557647001464,64.40677966101691,186.4406779661017,1859847.0,1472150.0,5866.321531939104,3069.0770346467657
1788399014.48639,404.27230750001036,71.18644067796606,186.4406779661017,1860486.0,1472544.0,5346.057556992017,3397.9179387661125
1788399014.6083417,404.39425610005856,77.96610169491527,186.4406779661017,1861104.0,1472960.0,5076.921876376075,3462.721074656502
1788399014.719565,404.505477800034,84.74576271186442,186.4406779661017,1861584.0,1473415.0,4281.30657907959,4091.0262866760527
1788399014.834551,404.62046230002306,91.52542372881356,186.4406779661017,1862078.0,1473858.0,4270.375795219137,3796.9012934037955
1788399014.9480493,404.73395870020613,98.30508474576271,186.4406779661017,1862496.0,1474299.0,3704.3811032953786,3945.7693456153784
1788399015.0683064,404.85421310015954,105.08474576271186,186.4406779661017,1862906.0,1474926.0,3346.940619026773,5205.349695898783
1788399015.1840997,404.97000440000556,111.86440677966101,186.4406779661017,1863231.0,1475467.0,2826.668162894328,4593.335764703283
1788399015.301022,405.0869251000695,118.64406779661016,186.4406779661017,1863552.0,1476131.0,2780.8826945077035,5697.1979877738995
1788399015.4164274,405.2023269000929,125.42372881355931,186.4406779661017,1863784.0,1476594.0,2000.910505578186,3974.285545483278
1788399015.532063,405.31796210003085,132.20338983050846,186.4406779661017,1864059.0,1477249.0,2409.5789463521337,5744.509503280562
1788399015.6506972,405.4365935001988,138.9830508474576,186.4406779661017,1864330.0,1477929.0,2328.320474831915,5848.086192644224
1788399015.766896,405.55279100011103,145.76271186440675,186.4406779661017,1864541.0,1478571.0,1759.9918281114349,5526.191957697044
1788399015.8829794,405.66887110006064,152.5423728813559,186.4406779661017,1864732.0,1479296.0,1658.111903557611,6313.579940469365
1788399016.0036645,405.78955470002256,159.32203389830505,186.4406779661017,1864937.0,1480102.0,1776.751608769208,6728.206599704717
1788399016.1355238,405.9214129000902,166.1016949152542,186.4406779661017,1865127.0,1480855.0,1473.5312930287448,5774.000338444157
1788399016.2568088,406.0426950000692,172.88135593220335,186.4406779661017,1865337.0,1481650.0,1658.6268148332406,6417.409508700339
1788399016.3820364,406.16791970003396,179.66101694915255,186.4406779661017,1865540.0,1482394.0,1682.7545544386514,6103.254860658321
1788399016.5150905,406.3009719999973,186.4406779661017,186.4406779661017,1865775.0,1483227.0,1767.026958845609,6302.922054096614
1788399016.6298065,406.41568620014004,193.22033898305085,186.4406779661017,1866025.0,1483955.0,2033.7152985376138,6212.07582098762
1788399016.74424,406.5301179999951,200.0,186.4406779661017,1866266.0,1484594.0,2149.785351516357,5921.338599790667
1788399016.877621,406.6634977001231,-200.0,193.22033898305085,1866545.0,1485231.0,2070.957458687766,4826.984494964261
1788399016.9992552,406.78512950008735,-193.22033898305085,193.22033898305085,1866892.0,1486088.0,2525.3777490350594,6244.570433977601
1788399017.1118925,406.8977640001103,-186.4406779661017,193.22033898305085,1867176.0,1486728.0,2550.4950788486394,5573.304061187768
1788399017.226012,407.01188240014017,-179.66101694915255,193.22033898305085,1867470.0,1487328.0,2628.1698855231793,5181.781760109531
1788399017.3461711,407.13204010017216,-172.8813559322034,193.22033898305085,1867749.0,1487969.0,2306.059520856578,5293.454809238962
1788399017.464942,407.25080730021,-166.10169491525426,193.22033898305085,1868104.0,1488577.0,2868.2465613381573,5063.6945465599565
1788399017.584175,407.37003990006633,-159.32203389830508,193.22033898305085,1868488.0,1489192.0,3225.2431359916773,5096.2405353238655
1788399017.7073383,407.49320050003007,-152.54237288135593,193.22033898305085,1868848.0,1489758.0,2917.92806340645,4524.525360222501
1788399017.8228762,407.60873660002835,-145.76271186440678,193.22033898305085,1869247.0,1490326.0,3389.3627717382574,4750.664212846246
1788399017.9405155,407.7263745001983,-138.98305084745763,193.22033898305085,1869751.0,1490848.0,4365.880425765922,4446.234053234007
1788399018.0679374,407.85379270021804,-132.20338983050848,193.22033898305085,1870227.0,1491375.0,4211.609572041422,4413.034377660794
1788399018.1789267,407.964780600043,-125.42372881355932,193.22033898305085,1870743.0,1491842.0,4596.407745349394,4205.427003525068
1788399018.2979665,408.0838193001691,-118.64406779661017,193.22033898305085,1871222.0,1492227.0,4021.3503571911588,3295.027164923152
1788399018.4164948,408.20234480011277,-111.86440677966102,193.22033898305085,1871821.0,1492671.0,5039.465418628827,3775.1472393968597
1788399018.5314531,408.31730030011386,-105.08474576271186,193.22033898305085,1872474.0,1493066.0,5726.420930662158,3439.5410742946615
1788399018.6511834,408.4370297000278,-98.30508474576271,193.22033898305085,1873153.0,1493456.0,5658.05679875435,3258.4740249477322
1788399018.7766821,408.56252560019493,-91.52542372881356,193.22033898305085,1873883.0,1493788.0,5666.208175940694,2669.570778680327
1788399018.892548,408.67838990013115,-84.74576271186442,193.22033898305085,1874660.0,1494062.0,6612.818976611253,2285.1066985469065
1788399019.0050638,408.7909034001641,-77.96610169491527,193.22033898305085,1875419.0,1494316.0,6855.0601454802245,2275.61667380825
1788399019.124451,408.9102892000228,-71.18644067796612,193.22033898305085,1876234.0,1494549.0,6909.149167502177,2022.6265697610002
1788399019.2406273,409.0264628001023,-64.40677966101697,193.22033898305085,1877020.0,1494755.0,7019.918431036518,1701.2318967358806
1788399019.3548532,409.14068800001405,-57.62711864406779,193.22033898305085,1877761.0,1494931.0,6461.272071104613,1559.9356857381138
1788399019.4764478,409.2622792001348,-50.847457627118644,193.22033898305085,1878722.0,1495114.0,7979.705759290437,1507.0841663288707
1788399019.588897,409.3747262000106,-44.067796610169495,193.22033898305085,1879633.0,1495281.0,8207.890354505465,1475.1508010401528
1788399019.7028377,409.4886660000775,-37.288135593220346,193.22033898305085,1880479.0,1495433.0,7537.959331964276,1301.2506861590614
1788399019.824269,409.6100956001319,-30.508474576271198,193.22033898305085,1881424.0,1495581.0,7746.525077913191,1222.1895714573016
1788399019.9336329,409.71945750014856,-23.72881355932205,193.22033898305085,1882368.0,1495723.0,8512.64529444233,1274.9795317126463
1788399020.0470412,409.8328641001135,-16.9491525423729,193.22033898305085,1883351.0,1495867.0,8691.268584987376,1316.2930939669386
1788399020.1685736,409.95439470000565,-10.169491525423723,193.22033898305085,1884371.0,1496021.0,8580.08089702649,1242.2040595488197
1788399020.2797399,410.0655587001238,-3.3898305084745743,193.22033898305085,1885228.0,1496158.0,7764.048404992117,1235.832735181005
1788399020.3998337,410.1856503000017,3.3898305084745743,193.22033898305085,1886019.0,1496330.0,6405.362730368142,1429.2237928984698
1788399020.5330358,410.3188500001561,10.169491525423723,193.22033898305085,1887026.0,1496536.0,8365.226133310152,1551.1677598191009
1788399020.6548393,410.4406511001289,16.94915254237287,193.22033898305085,1887974.0,1496739.0,8122.533186482202,1670.9721736767565
1788399020.7766287,410.5624397001229,23.72881355932202,193.22033898305085,1888745.0,1496943.0,6289.232519592208,1692.593997759105
1788399020.8901534,410.6759611000307,30.50847457627117,193.22033898305085,1889604.0,1497203.0,7346.277307729874,2307.2478981563677
1788399021.0161955,410.80200130003504,37.28813559322032,193.22033898305085,1890330.0,1497471.0,5896.603653657003,2196.095788898649
1788399021.1346617,410.92046610009857,44.06779661016947,193.22033898305085,1891013.0,1497755.0,5660.790096349417,2473.2474080264806
1788399021.2503014,411.0361035000533,50.847457627118644,193.22033898305085,1891716.0,1498046.0,6244.484037054879,2507.044702284255
1788399021.3734841,411.1592846000567,57.627118644067764,193.22033898305085,1892392.0,1498447.0,5728.711874596821,3299.164272068279
1788399021.4957182,411.28151530004106,64.40677966101691,193.22033898305085,1893037.0,1498887.0,5362.417941995287,3586.385119606448
1788399021.6275496,411.4133448000066,71.18644067796606,193.22033898305085,1893686.0,1499392.0,5200.778640336225,3762.2653993921626
1788399021.7474782,411.53327110013925,77.96610169491527,193.22033898305085,1894214.0,1499895.0,4477.380409928223,4283.4781087108595
1788399021.8791444,411.66493610013276,84.74576271186442,193.22033898305085,1894686.0,1500438.0,3465.9742210372196,4074.320735584168
1788399021.9947917,411.7805805001408,91.52542372881356,193.22033898305085,1895193.0,1500957.0,3803.7416362157123,4373.38410347507
1788399022.1078422,411.89362950017676,98.30508474576271,193.22033898305085,1895620.0,1501466.0,3814.039408815037,4515.149594258978
1788399022.2466123,412.0323978001252,105.08474576271186,193.22033898305085,1895987.0,1502057.0,2557.0262240200764,4175.971821476574
1788399022.360634,412.1464169002138,111.86440677966101,193.22033898305085,1896364.0,1502723.0,2903.915650310771,5705.776757000397
1788399022.4737208,412.2595023000613,118.64406779661016,193.22033898305085,1896624.0,1503285.0,2261.5469541617153,4884.181237139166
1788399022.6006932,412.3864730000496,125.42372881355931,193.22033898305085,1896877.0,1503974.0,2008.1068015526353,5445.8534247867765
1788399022.7165232,412.50229950016364,132.20338983050846,193.22033898305085,1897148.0,1504696.0,2204.660782828631,6161.980765395505
1788399022.8336713,412.61944590019993,138.9830508474576,193.22033898305085,1897368.0,1505348.0,2036.2219135771152,5975.454961338451
1788399022.9571373,412.74291100003757,145.76271186440675,193.22033898305085,1897569.0,1506098.0,1622.009049070036,6080.410885519088
1788399023.0719125,412.8576843000483,152.5423728813559,193.22033898305085,1897765.0,1506825.0,1569.714603422765,6352.295354202067
1788399023.1833074,412.9690773000475,159.32203389830505,193.22033898305085,1897941.0,1507459.0,1572.063582431519,5695.200403419575
1788399023.3048708,413.09063840005547,166.1016949152542,193.22033898305085,1898139.0,1508191.0,1661.563502337853,6104.246663669011
1788399023.4267566,413.21252260007896,172.88135593220335,193.22033898305085,1898350.0,1508968.0,1776.6544100580004,6563.994125830051
1788399023.541198,413.32696190010756,179.66101694915255,193.22033898305085,1898580.0,1509728.0,1994.526944794143,6651.472884703404
1788399023.657686,413.4434474001173,186.4406779661017,193.22033898305085,1898797.0,1510460.0,1864.4414618330156,6266.342279038769
1788399023.7756803,413.5614393001888,193.22033898305085,193.22033898305085,1899030.0,1511221.0,1947.7224139239138,6540.0587476711235
1788399023.8960547,413.68181259999983,200.0,193.22033898305085,1899322.0,1511881.0,2434.5475971579644,5434.420853581074
1788399024.0159075,413.8016633000225,-200.0,200.0,1899651.0,1512515.0,2752.910661979545,5344.998364324545
1788399024.1361957,413.921949100215,-193.22033898305085,200.0,1899943.0,1513157.0,2427.697681330845,5281.765206336283
1788399024.2588675,414.04461830016226,-186.4406779661017,200.0,1900254.0,1513847.0,2509.9813008280494,5688.711944783295
1788399024.372008,414.15775700006634,-179.66101694915255,200.0,1900617.0,1514484.0,3208.041999604096,5683.089239654733
1788399024.4936934,414.27944010007195,-172.8813559322034,200.0,1901002.0,1515116.0,3239.0815625745167,5253.738191307192
1788399024.6105015,414.3962466001976,-166.10169491525426,200.0,1901358.0,1515730.0,2951.3213081519507,5232.710785619102
1788399024.7295136,414.51525730011053,-159.32203389830508,200.0,1901771.0,1516297.0,3618.1637431147697,4706.4032236917055
1788399024.8487294,414.6344697000459,-152.54237288135593,200.0,1902212.0,1516890.0,3717.3610397073844,5000.421824098113
1788399024.9669955,414.7527345002163,-145.76271186440678,200.0,1902643.0,1517401.0,3626.1257399148435,4255.97388332437
1788399025.090472,414.8762086001225,-138.98305084745763,200.0,1903135.0,1517931.0,3828.297383781245,4193.72577041491
1788399025.207922,414.99365700013004,-132.20338983050848,200.0,1903688.0,1518425.0,4710.23513605953,4287.752213550374
1788399025.3391562,415.12488940008916,-125.42372881355932,200.0,1904219.0,1518898.0,3892.9875200638157,3645.6870833384505
1788399025.4526587,415.23838990018703,-118.64406779661017,200.0,1904824.0,1519277.0,4700.793557747272,3363.0183160168226
1788399025.572493,415.35822230018675,-111.86440677966102,200.0,1905460.0,1519653.0,5578.732461156104,3218.8472547351266
1788399025.6862435,415.47197130019777,-105.08474576271186,200.0,1906102.0,1519981.0,5582.942219836325,2934.5051667900025
1788399025.8135722,415.5992974000983,-98.30508474576271,200.0,1906890.0,1520336.0,6269.59248035287,2774.662990652249
1788399025.9330049,415.7187288000714,-91.52542372881356,200.0,1907532.0,1520621.0,5369.15363417536,2326.3383950380885
1788399026.048518,415.83423890010454,-84.74576271186442,200.0,1908249.0,1520873.0,6205.521224242745,2162.5301235997445
1788399026.1639023,415.9496214000974,-77.96610169491527,200.0,1908951.0,1521117.0,6320.238228569834,2134.2253728359005
1788399026.2789109,416.06462790002115,-71.18644067796612,200.0,1909736.0,1521335.0,6743.161965184781,1892.8173937360789
1788399026.4170713,416.20278550009243,-64.40677966101697,200.0,1910784.0,1521566.0,9078.554203306674,1720.5324498202162
1788399026.5371275,416.322839200031,-57.62711864406779,200.0,1911543.0,1521725.0,6390.285349759656,1256.8151241909572
1788399026.6514475,416.4371585000772,-50.847457627118644,200.0,1912509.0,1521867.0,8678.32854559619,1231.822515009918
1788399026.7653158,416.5510247000493,-44.067796610169495,200.0,1913448.0,1522011.0,8290.558735065568,1254.1890856161483
1788399026.8803468,416.66605330002494,-37.288135593220346,200.0,1914456.0,1522170.0,9146.173875412516,1383.7734567981631
1788399027.0140076,416.79971240018494,-30.508474576271198,200.0,1915543.0,1522322.0,8083.801816960037,1160.429358787668
1788399027.127213,416.91291539999656,-23.72881355932205,200.0,1916427.0,1522448.0,7608.542357862477,1104.1665129093108
1788399027.25291,417.0386089000385,-16.9491525423729,200.0,1917423.0,1522618.0,7888.506781283062,1408.972545278783
1788399027.3702118,417.1559104002081,-10.169491525423723,200.0,1918414.0,1522769.0,8309.5916423938,1313.9485148823348
1788399027.4881003,417.27379680005834,-3.3898305084745743,200.0,1919446.0,1522936.0,8814.36463244958,1419.6428256136937
1788399027.6092741,417.3949688000139,3.3898305084745743,200.0,1920411.0,1523116.0,7848.745005539747,1505.2387681857049
1788399027.7242553,417.5099481001962,10.169491525423723,200.0,1921395.0,1523309.0,8563.311550409058,1663.046556463562
1788399027.8387337,417.62442400003783,16.94915254237287,200.0,1922238.0,1523517.0,7327.803505058772,1854.907654162747
1788399027.954939,417.7406278999988,23.72881355932202,200.0,1923071.0,1523757.0,6954.040113527706,2077.1808131316525
1788399028.0728366,417.8585230000317,30.50847457627117,200.0,1923843.0,1524028.0,6382.363551271338,2264.7096472253133
1788399028.188827,417.97451130021363,37.28813559322032,200.0,1924658.0,1524313.0,6653.10822673459,2362.2686630292023
1788399028.3128846,418.0985658999998,44.06779661016947,200.0,1925427.0,1524633.0,6303.743886595963,2601.9708808502487
1788399028.4410157,418.22669540019706,50.847457627118644,200.0,1926116.0,1525020.0,5413.997206633489,3000.4289862716896
1788399028.5571592,418.3428375001531,57.627118644067764,200.0,1926760.0,1525403.0,5512.822418766656,3359.666187867894
1788399028.6733215,418.45899770013057,64.40677966101691,200.0,1927297.0,1525802.0,4728.994062658105,3504.689275685354
1788399028.7938955,418.57957040006295,71.18644067796606,200.0,1927856.0,1526287.0,4756.97456439884,4144.863866773989
1788399028.9138799,418.6995513001457,77.96610169491527,200.0,1928349.0,1526757.0,4084.51618450154,3935.510229272943
1788399029.037504,418.82317470014095,84.74576271186442,200.0,1928799.0,1527318.0,3668.70946607007,4631.42046071257
1788399029.1567903,418.94245890015736,91.52542372881356,200.0,1929181.0,1527816.0,3137.862935325353,4139.8695869418525
1788399029.274231,419.0598975000903,98.30508474576271,200.0,1929544.0,1528403.0,3131.655325152511,5005.295263277945
1788399029.397037,419.1827019001357,105.08474576271186,200.0,1929923.0,1529060.0,3025.326682416408,5442.110641358251
1788399029.5153742,419.30103680002503,111.86440677966101,200.0,1930221.0,1529689.0,2517.6970187256074,5354.538729965729
1788399029.638528,419.42418810003437,118.64406779661016,200.0,1930559.0,1530361.0,2913.5613054081477,5772.322084695766
1788399029.7538834,419.5395422000438,125.42372881355931,200.0,1930835.0,1531076.0,2388.607167348881,6214.039335746706
1788399029.8705006,419.6561564002186,132.20338983050846,200.0,1931083.0,1531826.0,2098.338546100733,6366.75370825436
1788399029.9851878,419.7708419000264,138.9830508474576,200.0,1931304.0,1532529.0,1931.8263183959598,6115.879417751112
1788399030.1046958,419.8903485001065,145.76271186440675,200.0,1931514.0,1533219.0,1754.444445921811,5815.983338230803
1788399030.2247853,420.01043590018526,152.5423728813559,200.0,1931718.0,1534007.0,1744.2448643110927,6567.081914131264
1788399030.3509274,420.13657580013387,159.32203389830505,200.0,1931911.0,1534716.0,1638.209858134742,5944.105714762124
1788399030.4631975,420.24884340004064,166.1016949152542,200.0,1932091.0,1535422.0,1643.2896959792856,6300.84220572629
1788399030.5816922,420.3673369002063,172.88135593220335,200.0,1932303.0,1536111.0,1762.1866755517199,5784.956258124333
1788399030.6991162,420.48475960013457,179.66101694915255,200.0,1932519.0,1536847.0,1764.5135728792238,6305.672869578547
1788399030.8220785,420.60771860019304,186.4406779661017,200.0,1932789.0,1537565.0,2224.746507388507,5845.41239196196
1788399030.9364326,420.7220716001466,193.22033898305085,200.0,1933034.0,1538224.0,2200.663699147673,5800.912679761648
1788399031.0601025,420.8457391001284,200.0,200.0,1933337.0,1538976.0,2505.5383381603833,6116.213115037973
