Unix_Timestamp,Elapsed_Time_s,EOM0_Target_V,EOM1_Target_V,Raw_Count0,Raw_Count1,Rate0_Hz,Rate1_Hz
1789785354.139376,0.06065610000041488,-200.0,-200.0,250.0,156.0,2261.5470067541905,2116.8079983219222
1789785354.200786,0.12206750000041211,-193.22033898305085,-200.0,396.0,263.0,2344.5909221499087,1634.1088245287242
1789785354.2617567,0.1830379000002722,-186.4406779661017,-200.0,566.0,370.0,2792.456072580705,1628.9327090054112
1789785354.3251834,0.24646459999894432,-179.66101694915255,-200.0,705.0,443.0,2219.1962248898913,1100.721327545386
1789785354.3886533,0.30993470000066736,-172.8813559322034,-200.0,816.0,509.0,1884.1197820281388,1130.4718692168833
1789785354.4516673,0.3729483999995864,-166.10169491525426,-200.0,994.0,589.0,2789.2525509750913,1271.0517953810543
1789785354.5147548,0.43603620000067167,-159.32203389830508,-200.0,1167.0,648.0,2690.1560980079144,931.2078800796627
1789785354.5754902,0.49677060000067286,-152.54237288135593,-200.0,1370.0,713.0,3359.2552871557723,1095.799853029423
1789785354.6378665,0.5591475999990507,-145.76271186440678,-200.0,1581.0,771.0,3371.5084587503106,917.897590863959
1789785354.7002666,0.6215465999994194,-138.98305084745763,-200.0,1814.0,820.0,3748.1325950853425,781.6011098756164
1789785354.7616024,0.6828832999999577,-132.20338983050848,-200.0,2018.0,858.0,3274.2057352333322,575.6845248761903
1789785354.8229468,0.7442271999989316,-125.42372881355932,-200.0,2245.0,906.0,3660.5367483866653,675.244642906278
1789785354.8843372,0.8056182999989687,-118.64406779661017,-200.0,2501.0,928.0,4100.91119369652,359.7290520786421
1789785354.945034,0.8663147999995999,-111.86440677966102,-200.0,2739.0,966.0,4027.849703611403,611.3700442981594
1789785355.005817,0.9270978000004106,-105.08474576271186,-200.0,2990.0,995.0,4077.6147929374247,431.113458284133
1789785355.0667992,0.988079499999003,-98.30508474576271,-200.0,3257.0,1016.0,4430.462286550785,303.70104383614256
1789785355.128805,1.0500859000003402,-91.52542372881356,-200.0,3520.0,1038.0,4144.153319565237,368.75940555453377
1789785355.1898475,1.111128299999109,-84.74576271186442,-200.0,3678.0,1055.0,2502.7082879303325,232.39434102210228
1789785355.2502346,1.1715155000001687,-77.96610169491527,-200.0,3923.0,1075.0,4107.682814480689,271.43278509784284
1789785355.3120239,1.2333046000003378,-71.18644067796612,-200.0,4195.0,1106.0,4457.486720393472,477.5878628993006
1789785355.3753524,1.2966331000006903,-64.40677966101697,-200.0,4447.0,1135.0,3964.6306886872976,411.90968194153743
1789785355.4360998,1.3573802999999316,-57.62711864406779,-200.0,4684.0,1166.0,3972.212486456617,557.1881768332811
1789785355.4977355,1.41901610000059,-50.847457627118644,-200.0,4897.0,1205.0,3377.771772826303,604.4433698741806
1789785355.5594528,1.480733299998974,-44.067796610169495,-200.0,5115.0,1250.0,3447.9831950906487,707.2786041211587
1789785355.6201313,1.54141189999973,-37.288135593220346,-200.0,5333.0,1291.0,3446.8197223395255,721.8470622700577
1789785355.681195,1.6024760999989667,-30.508474576271198,-200.0,5517.0,1346.0,2951.5305027207282,912.2912462954979
1789785355.7422166,1.6634973999989597,-23.72881355932205,-200.0,5661.0,1410.0,2200.1366969805554,991.8649043764798
1789785355.8047295,1.7260102999989613,-16.9491525423729,-200.0,5812.0,1485.0,2440.1296754635355,1185.205842368003
1789785355.8670528,1.7883335999995325,-10.169491525423723,-200.0,5989.0,1552.0,2919.7343401894345,1099.4061404417005
1789785355.930065,1.8513456000000588,-3.3898305084745743,-200.0,6142.0,1648.0,2418.09982260974,1589.0370262864005
1789785355.9907932,1.9120739999998477,3.3898305084745743,-200.0,6289.0,1763.0,2320.2523859072417,1960.5233338285993
1789785356.0525143,1.9737951999995857,10.169491525423723,-200.0,6420.0,1856.0,2175.451008151757,1538.7336399122182
1789785356.113208,2.0344886999992013,16.94915254237287,-200.0,6545.0,1965.0,2014.9212111643214,1835.0175315960785
1789785356.1742048,2.0954858000004606,23.72881355932202,-200.0,6634.0,2102.0,1413.4452638694677,2182.7888885072794
1789785356.235306,2.1565866000000824,30.50847457627117,-200.0,6722.0,2239.0,1449.5165593907348,2290.594069160667
1789785356.2963414,2.217622300000585,37.28813559322032,-200.0,6792.0,2383.0,1162.8863913892603,2379.444462381102
1789785356.3577242,2.279004800000621,44.06779661016947,-200.0,6865.0,2535.0,1154.252532710661,2539.355571963454
1789785356.4184124,2.3396931999996013,50.847457627118644,-200.0,6926.0,2723.0,1043.2630389872297,3111.8018231860474
1789785356.4794097,2.400690200000099,57.627118644067764,-200.0,6974.0,2892.0,805.2869774392971,2827.4520541201987
1789785356.540101,2.4613816999990377,64.40677966101691,-200.0,7004.0,3060.0,413.7501776400508,2680.3815855811986
1789785356.6011908,2.522471399999631,71.18644067796606,-200.0,7044.0,3237.0,661.8417804635043,2808.355663047843
1789785356.6638882,2.5851684999997815,77.96610169491527,-200.0,7081.0,3414.0,542.3458381886855,2799.2043261351514
1789785356.72499,2.646270299999742,84.74576271186442,-200.0,7105.0,3600.0,375.038843308862,3000.310746470896
1789785356.78527,2.7065504000001965,91.52542372881356,-200.0,7130.0,3794.0,434.65819565389836,3133.161160338517
1789785356.8460703,2.767351000000417,98.30508474576271,-200.0,7157.0,3944.0,470.14659532575087,2441.1457834221683
1789785356.9087267,2.830006799998955,105.08474576271186,-200.0,7191.0,4116.0,599.3681954069091,2697.156879331091
1789785356.9706433,2.8919241999992664,111.86440677966101,-200.0,7225.0,4251.0,457.8609440987244,2166.0344663131964
1789785357.033245,2.9545247000005475,118.64406779661016,-200.0,7259.0,4430.0,535.6377660375832,2803.170975596686
1789785357.0954638,3.0167443999998795,125.42372881355931,-200.0,7291.0,4540.0,513.6634477063733,1629.5530065167702
1789785357.1562822,3.077562799999214,132.20338983050846,-200.0,7348.0,4709.0,989.2584518610488,2859.8562517437595
1789785357.2179859,3.139266599999246,138.9830508474576,-200.0,7400.0,4888.0,760.9770945967895,2902.3312445086854
1789785357.2784898,3.199770199998966,145.76271186440675,-200.0,7445.0,4987.0,740.3782429983935,1625.2205334111077
1789785357.3400776,3.2613581999994494,152.5423728813559,-200.0,7503.0,5151.0,977.4232989218187,2701.2425715657537
1789785357.4011111,3.322391300000163,159.32203389830505,-200.0,7588.0,5294.0,1394.0719769636796,2359.198730246227
1789785357.4621034,3.3833837999991374,166.1016949152542,-200.0,7682.0,5426.0,1556.6875835373123,2182.9412090983
1789785357.5228157,3.4440961000000243,172.88135593220335,-200.0,7808.0,5560.0,2180.4551925530104,2216.4957742481015
1789785357.5842452,3.505525700000362,179.66101694915255,-200.0,7922.0,5681.0,1900.8367234898792,1971.896040255856
1789785357.6449115,3.5661920000002283,186.4406779661017,-200.0,8051.0,5809.0,2175.8206980094155,2193.802687249163
1789785357.7062628,3.627543099999457,193.22033898305085,-200.0,8184.0,5915.0,2204.7031296707155,1653.5273472530366
1789785357.767034,3.688314499999251,200.0,-200.0,8318.0,5992.0,2050.297023296237,1204.9991277267357
1789785357.827681,3.7489612999997917,-200.0,-193.22033898305085,8482.0,6077.0,2700.7513490183032,1422.3957104829728
1789785357.88907,3.810350199999448,-193.22033898305085,-193.22033898305085,8579.0,6126.0,1403.3841097968807,763.8673002691883
1789785357.949761,3.871041200000036,-186.4406779661017,-193.22033898305085,8719.0,6202.0,2465.8959391435806,1367.9422728095776
1789785358.0108647,3.932144899999912,-179.66101694915255,-193.22033898305085,8899.0,6264.0,3053.467828747719,1035.6791465927936
1789785358.0729241,3.994204599999648,-172.8813559322034,-193.22033898305085,9074.0,6318.0,2860.8486716053208,895.1121610544254
1789785358.1338532,4.055133500000011,-166.10169491525426,-193.22033898305085,9253.0,6367.0,2846.5851719631482,805.6373128197589
1789785358.1949174,4.116197600000305,-159.32203389830508,-193.22033898305085,9427.0,6411.0,2806.4329878992557,715.0147739870715
1789785358.2556374,4.1769174999990355,-152.54237288135593,-193.22033898305085,9656.0,6467.0,3794.349835395958,935.1004333677242
1789785358.316996,4.238276500000211,-145.76271186440678,-193.22033898305085,9884.0,6519.0,3806.9478611842783,852.0311879793385
1789785358.3788097,4.300090000000637,-138.98305084745763,-193.22033898305085,10115.0,6562.0,3741.286508422337,688.2555369267507
1789785358.442894,4.364174299998922,-132.20338983050848,-193.22033898305085,10357.0,6606.0,3799.6002466198966,706.9023714641669
1789785358.504356,4.4256358000002365,-125.42372881355932,-193.22033898305085,10623.0,6645.0,4187.6641352047045,656.5405635702292
1789785358.5669312,4.488210699999399,-118.64406779661017,-193.22033898305085,10818.0,6666.0,3094.872228506906,323.88197740188554
1789785358.6300168,4.551297300000442,-111.86440677966102,-193.22033898305085,11059.0,6689.0,3768.226177332866,331.4643396727984
1789785358.6900342,4.611314300000231,-105.08474576271186,-193.22033898305085,11297.0,6710.0,3877.6483610148143,291.27875012317855
1789785358.7517805,4.673060799999803,-98.30508474576271,-193.22033898305085,11537.0,6726.0,3989.056570447932,247.10969905429667
1789785358.8121247,4.733404200000223,-91.52542372881356,-193.22033898305085,11784.0,6751.0,4030.814947685511,397.6588737626962
1789785358.8742754,4.795555700000477,-84.74576271186442,-193.22033898305085,11954.0,6777.0,2663.0125196985778,423.260268031562
1789785358.9351625,4.856442500000412,-77.96610169491527,-193.22033898305085,12202.0,6803.0,4083.0863096450166,449.67910899174194
1789785358.995893,4.9171731999995245,-71.18644067796612,-193.22033898305085,12414.0,6832.0,3435.950112216586,449.731690080705
1789785359.0566244,4.977903499999229,-64.40677966101697,-193.22033898305085,12619.0,6865.0,3487.803474905117,539.351052820379
1789785359.1186264,5.03990580000027,-57.62711864406779,-193.22033898305085,12810.0,6918.0,3079.8207650429304,765.5045832187631
1789785359.1789982,5.100277699999424,-50.847457627118644,-193.22033898305085,13029.0,6966.0,3619.549185064198,832.4963125647655
1789785359.240446,5.161726099999214,-44.067796610169495,-193.22033898305085,13244.0,7024.0,3233.0208672575664,959.2479496258713
1789785359.3010314,5.222310999999536,-37.288135593220346,-193.22033898305085,13400.0,7084.0,2520.5651107277477,1026.2300807962972
1789785359.363129,5.284408600000461,-30.508474576271198,-193.22033898305085,13448.0,7106.0,773.2212396631179,369.0374098392154
1789785359.424932,5.346210899999278,-23.72881355932205,-193.22033898305085,13572.0,7157.0,1958.0760051284171,776.1742723031564
1789785359.4861972,5.4074765000004845,-16.9491525423729,-193.22033898305085,13710.0,7239.0,2394.381664460251,1422.226702950074
1789785359.5476499,5.468928500000402,-10.169491525423723,-193.22033898305085,13845.0,7335.0,2147.35086114953,1526.2163145360294
1789785359.6103091,5.531588499999998,-3.3898305084745743,-193.22033898305085,13953.0,7444.0,1599.5106552038794,1792.8580970417108
1789785359.671675,5.592954499999905,3.3898305084745743,-193.22033898305085,14064.0,7566.0,1742.9007915900843,1974.1019170050954
1789785359.7337317,5.655011499999091,10.169491525423723,-193.22033898305085,14167.0,7706.0,1647.2655391963003,2284.9167156593844
1789785359.7975898,5.718869500000437,16.94915254237287,-193.22033898305085,14257.0,7852.0,1430.807673868261,2299.512333002562
1789785359.8602803,5.781559799999741,23.72881355932202,-193.22033898305085,14322.0,7996.0,1002.2353427416195,2183.4412824013853
1789785359.9222937,5.843573500000275,30.50847457627117,-193.22033898305085,14387.0,8151.0,1001.0361602551122,2493.8093816881747
1789785359.9836605,5.904940099999294,37.28813559322032,-193.22033898305085,14436.0,8254.0,782.5742067126127,1636.291523126372
1789785360.047499,5.968778599999496,44.06779661016947,-193.22033898305085,14487.0,8420.0,834.9108605042877,2538.8105758191605
1789785360.1087651,6.030044799999814,50.847457627118644,-193.22033898305085,14529.0,8593.0,729.8802284351576,2759.3033026207177
1789785360.169427,6.090706599999976,57.627118644067764,-193.22033898305085,14568.0,8769.0,630.5647337859956,2990.678451670722
1789785360.230222,6.151501599999392,64.40677966101691,-193.22033898305085,14606.0,8974.0,682.7373455335539,3503.5205889221843
1789785360.2915246,6.212804200000392,71.18644067796606,-193.22033898305085,14638.0,9176.0,497.68664582441227,3288.2867670541523
1789785360.3529346,6.274214299999585,77.96610169491527,-193.22033898305085,14665.0,9346.0,426.3831692300645,2753.724634610833
1789785360.414346,6.335625300000174,84.74576271186442,-193.22033898305085,14701.0,9533.0,550.9191463979223,3127.7990247107846
1789785360.475659,6.3969383999992715,91.52542372881356,-193.22033898305085,14730.0,9692.0,462.14745703520725,2506.2612093063162
1789785360.5366924,6.457971599998928,98.30508474576271,-193.22033898305085,14766.0,9868.0,589.987377855831,2717.517619214737
1789785360.5977387,6.519017799999347,105.08474576271186,-193.22033898305085,14796.0,10034.0,482.5228438876777,2734.296115363507
1789785360.6588283,6.580107699999644,111.86440677966101,-193.22033898305085,14835.0,10219.0,607.3478370348088,2911.6969834315832
1789785360.7198331,6.641112299999804,118.64406779661016,-193.22033898305085,14897.0,10386.0,1073.3010985485103,2790.5828562261263
1789785360.7805386,6.701817900000606,125.42372881355931,-193.22033898305085,14952.0,10577.0,956.9084274452547,3159.603298168294
1789785360.8413029,6.762582199999088,132.20338983050846,-193.22033898305085,15025.0,10748.0,1132.0185147971138,2928.873300189358
1789785360.902948,6.824226999999155,138.9830508474576,-193.22033898305085,15094.0,10897.0,1059.280192181904,2441.730612487101
1789785360.9640696,6.885349099999075,145.76271186440675,-193.22033898305085,15190.0,11047.0,1463.6871707755815,2374.0291916238093
1789785361.0267274,6.948006500000702,152.5423728813559,-193.22033898305085,15282.0,11183.0,1398.654064404105,2097.9810966061573
1789785361.0887322,7.010011599999416,159.32203389830505,-193.22033898305085,15368.0,11294.0,1475.9136168863502,1757.0400201027978
1789785361.1491013,7.0703806999990775,166.1016949152542,-193.22033898305085,15470.0,11420.0,1720.1045823236605,2136.550954886231
1789785361.210186,7.131463899999289,172.88135593220335,-193.22033898305085,15591.0,11531.0,2002.0234737683186,1805.39616830893
1789785361.2705255,7.191804599999159,179.66101694915255,-193.22033898305085,15736.0,11612.0,2427.5758119552765,1394.9502800041514
1789785361.332605,7.253884300000209,186.4406779661017,-193.22033898305085,15900.0,11707.0,2653.1071222703767,1475.9006507994147
1789785361.3932838,7.314562999999907,193.22033898305085,-193.22033898305085,16045.0,11798.0,2446.3159561059647,1474.984620593302
1789785361.4540095,7.3752887999999075,200.0,-193.22033898305085,16182.0,11878.0,2391.965872257607,1402.8070529029576
1789785361.5150018,7.436280899999474,-200.0,-186.4406779661017,16346.0,11943.0,2701.769390574615,1037.765726180978
1789785361.5756884,7.496967699999004,-193.22033898305085,-186.4406779661017,16493.0,12011.0,2557.2085367654367,1062.5021385152168
1789785361.6360612,7.557340400000612,-186.4406779661017,-186.4406779661017,16687.0,12067.0,3313.29663959232,923.3777520175319
1789785361.6970997,7.618379199999254,-179.66101694915255,-186.4406779661017,16885.0,12145.0,2985.6136330148893,1305.0885940723767
1789785361.7575505,7.678829799999221,-172.8813559322034,-186.4406779661017,17062.0,12192.0,3143.59167993698,849.1310859599889
1789785361.8182418,7.7395212999999785,-166.10169491525426,-186.4406779661017,17276.0,12257.0,3437.8425468756136,1079.950538285533
1789785361.8781633,7.799442999999883,-159.32203389830508,-186.4406779661017,17445.0,12299.0,2751.598113687968,710.6776585021904
1789785361.938911,7.860190199999124,-152.54237288135593,-186.4406779661017,17669.0,12343.0,3650.560441963835,737.3053109385086
1789785361.999266,7.920545099999799,-145.76271186440678,-186.4406779661017,17834.0,12370.0,2715.015665589295,398.20229761976327
1789785362.0606537,7.981932400000005,-138.98305084745763,-186.4406779661017,18075.0,12406.0,3862.165197403631,587.3338779461743
1789785362.1210368,8.042315799999415,-132.20338983050848,-186.4406779661017,18280.0,12426.0,3345.5097833973036,343.59289667323657
1789785362.182026,8.103304899999785,-125.42372881355932,-186.4406779661017,18499.0,12454.0,3615.6460819508766,429.58171270703485
1789785362.2422318,8.163511000000653,-118.64406779661017,-186.4406779661017,18707.0,12470.0,3399.4437274086104,254.5038084690938
1789785362.306815,8.228093800000352,-111.86440677966102,-186.4406779661017,18913.0,12493.0,3521.2148726696732,411.10630493097705
1789785362.3679206,8.289200100000016,-105.08474576271186,-186.4406779661017,19136.0,12512.0,3465.108677642046,303.6435439170865
1789785362.42994,8.351219000000128,-98.30508474576271,-186.4406779661017,19363.0,12535.0,3687.0768854267926,359.7148180904188
1789785362.4916987,8.412977599999067,-91.52542372881356,-186.4406779661017,19536.0,12556.0,2597.48521019773,335.7293809099106
1789785362.5526881,8.473966999999902,-84.74576271186442,-186.4406779661017,19733.0,12576.0,3527.6225444267984,323.9653357126652
1789785362.6126783,8.533957300000111,-77.96610169491527,-186.4406779661017,19928.0,12606.0,3388.971993591209,528.3881065276616
1789785362.6737578,8.595036499998969,-71.18644067796612,-186.4406779661017,20116.0,12638.0,3162.3462822476686,500.258168943134
1789785362.7344313,8.655710699998963,-64.40677966101697,-186.4406779661017,20310.0,12679.0,3236.1004990030974,665.1984359061922
1789785362.7955883,8.716867600000114,-57.62711864406779,-186.4406779661017,20498.0,12722.0,3160.3474597230565,696.3477453627073
1789785362.8558407,8.777120200000354,-50.847457627118644,-186.4406779661017,20685.0,12774.0,3111.382050577687,832.1138042242652
1789785362.9161873,8.83746649999921,-44.067796610169495,-186.4406779661017,20894.0,12831.0,3386.31313801936,941.6485731390733
1789785362.9776561,8.89893519999896,-37.288135593220346,-186.4406779661017,21061.0,12890.0,2669.542653942015,925.4414533665653
1789785363.0392597,8.960538600000291,-30.508474576271198,-186.4406779661017,21160.0,12956.0,1467.6446248828033,1078.6303869620604
1789785363.1010673,9.022346100000505,-23.72881355932205,-186.4406779661017,21270.0,13032.0,1907.6789376584254,1289.449652306158
1789785363.1620712,9.083350499999142,-16.9491525423729,-186.4406779661017,21382.0,13118.0,1878.323962557609,1466.8815707592755
1789785363.2227793,9.14405479999914,-10.169491525423723,-186.4406779661017,21505.0,13218.0,2107.9333965477467,1621.4872281136516
1789785363.284203,9.20548140000028,-3.3898305084745743,-186.4406779661017,21604.0,13325.0,1600.0512016247405,1688.9429350483372
1789785363.3458846,9.267163599999549,3.3898305084745743,-186.4406779661017,21696.0,13438.0,1474.184891216064,1900.4552212062513
1789785363.406658,9.327937199999724,10.169491525423723,-186.4406779661017,21783.0,13575.0,1310.7548332030867,2172.621024898267
1789785363.4688897,9.390168199999607,16.94915254237287,-186.4406779661017,21854.0,13707.0,1189.5021032521402,2090.6400602613376
1789785363.530171,9.451449799998954,23.72881355932202,-186.4406779661017,21925.0,13848.0,1158.508981098873,2299.194747103917
1789785363.5923328,9.513611399999718,30.50847457627117,-186.4406779661017,21960.0,13946.0,612.0545952692313,1458.1300652002276
1789785363.6544962,9.575775199999043,37.28813559322032,-186.4406779661017,21985.0,14052.0,421.46226332968735,1756.0927638736973
1789785363.7157907,9.63706959999945,44.06779661016947,-186.4406779661017,22042.0,14223.0,905.5625082858176,2680.46502452602
1789785363.777262,9.698540899998989,50.847457627118644,-186.4406779661017,22091.0,14395.0,763.5173647002972,2769.9699742615435
1789785363.8385184,9.759797200000321,57.627118644067764,-186.4406779661017,22130.0,14579.0,590.4476308743334,3095.376973977566
1789785363.9000227,9.82130159999906,64.40677966101691,-186.4406779661017,22162.0,14747.0,550.2209758482105,2804.3520704521698
1789785363.9609485,9.882227000000057,71.18644067796606,-186.4406779661017,22191.0,14915.0,432.46282171335287,2720.9119199465117
1789785364.022291,9.943569600000046,77.96610169491527,-186.4406779661017,22209.0,15079.0,302.2238340871256,2595.5693986306082
1789785364.0824192,10.003697799998918,84.74576271186442,-186.4406779661017,22235.0,15237.0,418.6278471264165,2438.9622397799917
1789785364.1437287,10.065006999999241,91.52542372881356,-186.4406779661017,22275.0,15404.0,622.0331241648968,2754.718121301686
1789785364.2050817,10.126360399999612,98.30508474576271,-186.4406779661017,22310.0,15589.0,533.5182863363162,3023.2702892391253
1789785364.2662046,10.18748339999911,105.08474576271186,-186.4406779661017,22347.0,15753.0,589.7122025801666,2662.6399449831765
1789785364.3274968,10.248775199999727,111.86440677966101,-186.4406779661017,22395.0,15919.0,729.6970689313332,2651.8259334333816
1789785364.3888717,10.31015060000027,118.64406779661016,-186.4406779661017,22440.0,16068.0,765.1517847579977,2455.6034022465974
1789785364.449923,10.371201899999505,125.42372881355931,-186.4406779661017,22507.0,16228.0,1145.8322143710657,2685.5442524321847
1789785364.511335,10.432613799999672,132.20338983050846,-186.4406779661017,22592.0,16397.0,1407.9838027991536,2780.3224460337715
1789785364.5738468,10.495125800000096,138.9830508474576,-186.4406779661017,22665.0,16540.0,1236.7398840097587,2281.872180356034
1789785364.6361113,10.557390100000703,145.76271186440675,-186.4406779661017,22750.0,16670.0,1325.053539327182,2112.923211359561
1789785364.6993725,10.620651199998974,152.5423728813559,-186.4406779661017,22856.0,16788.0,1685.1662381970912,1736.7529597745531
1789785364.7611642,10.68244279999999,159.32203389830505,-186.4406779661017,22947.0,16924.0,1452.182845937971,2169.310177265364
1789785364.8225398,10.743818499999179,166.1016949152542,-186.4406779661017,23087.0,17047.0,2347.7142689655125,2045.3571282654088
1789785364.8836172,10.804895699999179,172.88135593220335,-186.4406779661017,23218.0,17160.0,2201.1177383340787,1861.107681193042
1789785364.9450095,10.86628810000002,179.66101694915255,-186.4406779661017,23374.0,17254.0,2452.2870241818673,1474.9262536746012
1789785365.006115,10.927393199999642,186.4406779661017,-186.4406779661017,23551.0,17344.0,3000.530450935623,1482.4049251646234
1789785365.0689025,10.990180999999211,193.22033898305085,-186.4406779661017,23704.0,17421.0,2457.876185793535,1255.085711894571
1789785365.130194,11.051471900000251,200.0,-186.4406779661017,23859.0,17482.0,2388.7280557515073,980.448082584574
1789785365.1918447,11.113123099999939,-200.0,-179.66101694915255,24038.0,17551.0,2975.3529646587217,1165.0478476073308
1789785365.2532275,11.174505699998917,-193.22033898305085,-179.66101694915255,24083.0,17567.0,729.8659360984561,267.0241229628498
1789785365.3146868,11.235965399999259,-186.4406779661017,-179.66101694915255,24234.0,17605.0,2503.2452786712697,679.4522899250588
1789785365.3760338,11.297312099999544,-179.66101694915255,-179.66101694915255,24451.0,17667.0,3659.242785486107,1012.5089260811072
1789785365.4385304,11.359808900000644,-172.8813559322034,-179.66101694915255,24667.0,17729.0,3315.1060659134096,1029.4276730994272
1789785365.501257,11.422534699999233,-166.10169491525426,-179.66101694915255,24884.0,17778.0,3383.6874867961114,732.5508992032819
1789785365.5636353,11.484910199998922,-159.32203389830508,-179.66101694915255,25108.0,17821.0,3535.8668381821776,728.495177715926
1789785365.6249006,11.54617909999979,-152.54237288135593,-179.66101694915255,25325.0,17851.0,3581.9697967839093,483.56592256582775
1789785365.6862824,11.607560799999192,-145.76271186440678,-179.66101694915255,25572.0,17887.0,4031.212595920215,621.5526028951873
1789785365.7476876,11.668965700000626,-138.98305084745763,-179.66101694915255,25807.0,17905.0,4012.962223063053,284.1035202168533
1789785365.8096874,11.730965499999002,-132.20338983050848,-179.66101694915255,26046.0,17924.0,4050.201271952575,318.3564318565343
1789785365.8714828,11.79276050000044,-125.42372881355932,-179.66101694915255,26255.0,17944.0,3529.347405979487,352.9347405979487
1789785365.9344397,11.855717500000537,-118.64406779661017,-179.66101694915255,26489.0,17973.0,3787.6879292332287,451.7425970645135
1789785365.9963362,11.91761410000072,-111.86440677966102,-179.66101694915255,26715.0,17988.0,3718.828375203733,246.7469064116221
1789785366.0569675,11.97824539999965,-105.08474576271186,-179.66101694915255,26938.0,18010.0,3528.9838155680923,380.04441090733303
1789785366.1190822,12.040359900000112,-98.30508474576271,-179.66101694915255,27207.0,18034.0,4373.006815437141,355.5290093851334
1789785366.181325,12.102602799999659,-91.52542372881356,-179.66101694915255,27303.0,18053.0,1325.6422199070728,304.53942889757076
1789785366.2447498,12.166027600000234,-84.74576271186442,-179.66101694915255,27497.0,18080.0,2916.6292739471087,396.9377118389556
1789785366.312201,12.23347929999909,-77.96610169491527,-179.66101694915255,27668.0,18108.0,2270.8007952862354,364.0215015344347
1789785366.372983,12.294261600000027,-71.18644067796612,-179.66101694915255,27865.0,18144.0,3089.3856254071034,538.8463300128668
1789785366.436686,12.357963700000255,-64.40677966101697,-179.66101694915255,28067.0,18197.0,3214.3494209480878,812.4179855143519
1789785366.4994478,12.42072569999982,-57.62711864406779,-179.66101694915255,28242.0,18253.0,2843.706719046152,930.3484945027534
1789785366.560816,12.482094099999813,-50.847457627118644,-179.66101694915255,28420.0,18308.0,2826.0663482074897,840.6653061123545
1789785366.62179,12.543068200000562,-44.067796610169495,-179.66101694915255,28590.0,18380.0,2662.6319396860235,1115.426893652253
1789785366.6824732,12.603751299999203,-37.288135593220346,-179.66101694915255,28761.0,18448.0,2734.1030792720408,1079.2512155021213
1789785366.7434921,12.664770199999111,-30.508474576271198,-179.66101694915255,28918.0,18548.0,2612.147919129233,1628.1195934298644
1789785366.8038828,12.72516109999924,-23.72881355932205,-179.66101694915255,29040.0,18632.0,2081.609971476195,1429.9755456227774
1789785366.8645844,12.78586279999945,-16.9491525423729,-179.66101694915255,29164.0,18726.0,2033.650618841535,1565.7310074266686
1789785366.9260185,12.847295999999915,-10.169491525423723,-179.66101694915255,29250.0,18847.0,1420.5377800894703,1953.2394476230218
1789785366.9879737,12.909251400000358,-3.3898305084745743,-179.66101694915255,29365.0,18962.0,1876.2157790040694,1876.2157790040694
1789785367.0480375,12.969315799999094,3.3898305084745743,-179.66101694915255,29431.0,19110.0,1076.0355930585745,2626.256362719233
1789785367.109044,13.030322000000524,10.169491525423723,-179.66101694915255,29476.0,19190.0,663.0800606473903,1290.3179558543811
1789785367.1704795,13.091757700000016,16.94915254237287,-179.66101694915255,29542.0,19308.0,1137.5209508266626,2043.9829585166594
1789785367.2321188,13.15339689999928,23.72881355932202,-179.66101694915255,29605.0,19450.0,955.1537620517917,2193.316046193003
1789785367.292816,13.21409390000008,30.50847457627117,-179.66101694915255,29653.0,19590.0,792.2988551267147,2394.903357542115
1789785367.3549397,13.276217500000712,37.28813559322032,-179.66101694915255,29693.0,19705.0,626.0049615376778,1842.2431725251658
1789785367.4184184,13.339696600000025,44.06779661016947,-179.66101694915255,29731.0,19863.0,565.508117613895,2416.2619570775514
1789785367.4815278,13.40280569999959,50.847457627118644,-179.66101694915255,29758.0,20038.0,463.7978982844838,2943.332816036147
1789785367.543215,13.464493499999662,57.627118644067764,-179.66101694915255,29786.0,20195.0,478.8337737375816,2536.0455423879325
1789785367.6048098,13.526087700000062,64.40677966101691,-179.66101694915255,29823.0,20366.0,533.8135282586071,2847.0054840459047
1789785367.6652403,13.58651859999918,71.18644067796606,-179.66101694915255,29843.0,20487.0,325.28317708368996,1969.7703501179003
1789785367.7256804,13.646958199999062,77.96610169491527,-179.66101694915255,29888.0,20635.0,794.3213246354935,2491.280518174957
1789785367.786209,13.707487300000139,84.74576271186442,-179.66101694915255,29931.0,20802.0,742.6621358275681,2916.3074114204505
1789785367.8470266,13.768304600000192,91.52542372881356,-179.66101694915255,29959.0,20973.0,467.1923179233657,2910.967519368663
1789785367.9080243,13.829302300000563,98.30508474576271,-179.66101694915255,30003.0,21121.0,750.395297528126,2501.317658427087
1789785367.9690838,13.89036169999963,105.08474576271186,-179.66101694915255,30041.0,21280.0,660.451284585848,2802.45545081022
1789785368.030891,13.95216839999921,111.86440677966101,-179.66101694915255,30110.0,21468.0,1118.399446133861,3124.4175003104688
1789785368.0931437,14.01442119999956,118.64406779661016,-179.66101694915255,30174.0,21643.0,1001.6764901246528,2811.723481051657
1789785368.1548612,14.076138899999933,125.42372881355931,-179.66101694915255,30233.0,21787.0,995.0761499714629,2398.8442901097765
1789785368.2165802,14.13785739999912,132.20338983050846,-179.66101694915255,30307.0,21906.0,1200.690043643081,1801.0350654646218
1789785368.2788506,14.200127599999178,138.9830508474576,-179.66101694915255,30385.0,22032.0,1198.4554024883612,2062.048266046151
1789785368.3403497,14.261627699999735,145.76271186440675,-179.66101694915255,30474.0,22147.0,1533.0203566773844,1929.8020960527074
1789785368.4026864,14.323964400000477,152.5423728813559,-179.66101694915255,30579.0,22252.0,1712.7746774899713,1800.1611406272145
1789785368.4648812,14.386159100000441,159.32203389830505,-179.66101694915255,30716.0,22382.0,2209.9912652618764,2122.293199180056
1789785368.5279467,14.449223699999493,166.1016949152542,-179.66101694915255,30854.0,22489.0,2265.5944024174396,1773.8374778617163
1789785368.5918305,14.513108499999362,172.88135593220335,-179.66101694915255,30983.0,22572.0,1925.1759730955398,1289.1803391264775
1789785368.6552882,14.576566100000491,179.66101694915255,-179.66101694915255,31138.0,22657.0,2506.261177425487,1324.7380509249
1789785368.718694,14.63997179999933,186.4406779661017,-179.66101694915255,31298.0,22715.0,2456.196399536051,841.6337313095559
1789785368.7800474,14.701324899999236,193.22033898305085,-179.66101694915255,31479.0,22795.0,2852.8737353682554,1408.606406838076
1789785368.8410888,14.762366200000542,200.0,-179.66101694915255,31665.0,22851.0,2899.121315723357,930.5821507260158
1789785368.9025526,14.823829299999488,-200.0,-172.8813559322034,31851.0,22908.0,2965.620116461351,923.426623089762
1789785368.9670978,14.888375299999097,-193.22033898305085,-172.8813559322034,32008.0,22948.0,2401.749700213499,664.3137468675636
1789785369.0280013,14.949278899999626,-186.4406779661017,-172.8813559322034,32214.0,23004.0,3319.029039781034,865.8336625515741
1789785369.0886576,15.00993539999945,-179.66101694915255,-172.8813559322034,32313.0,23030.0,1330.1194770583536,359.49175055631173
1789785369.149676,15.070953500000542,-172.8813559322034,-172.8813559322034,32524.0,23079.0,3399.291516134447,715.6403191861993
1789785369.2126098,15.133887300000424,-166.10169491525426,-172.8813559322034,32763.0,23114.0,3671.2435990605713,554.14997721669
1789785369.2747798,15.196057600000131,-159.32203389830508,-172.8813559322034,32969.0,23142.0,3393.436425811808,439.56430386163316
1789785369.3368616,15.258139399998981,-152.54237288135593,-172.8813559322034,33218.0,23169.0,4044.5960678916426,404.4596067891643
1789785369.3976922,15.318969500000094,-145.76271186440678,-172.8813559322034,33451.0,23187.0,3614.490329937529,305.7031622335224
1789785369.4597173,15.380993599999783,-138.98305084745763,-172.8813559322034,33730.0,23213.0,4421.93421443321,461.7280705833875
1789785369.522536,15.443812600000456,-132.20338983050848,-172.8813559322034,33937.0,23247.0,3259.846576923157,525.7817059553479
1789785369.5840662,15.505343400000129,-125.42372881355932,-172.8813559322034,34172.0,23270.0,3672.7622575861865,322.4864421295188
1789785369.6447709,15.566047799999069,-118.64406779661017,-172.8813559322034,34402.0,23299.0,3580.6951947269304,449.8360797395641
1789785369.705468,15.62674589999915,-111.86440677966102,-172.8813559322034,34658.0,23331.0,4169.67101478528,491.6205999965177
1789785369.7680128,15.68928969999979,-105.08474576271186,-172.8813559322034,34922.0,23359.0,4276.943434392404,418.9658874506845
1789785369.8305564,15.7518340000006,-98.30508474576271,-172.8813559322034,35151.0,23385.0,3508.4548446310523,407.547784982395
1789785369.8920472,15.813324799999464,-91.52542372881356,-172.8813559322034,35363.0,23416.0,3409.7750436956903,515.0181055582032
1789785369.9536757,15.874953099999402,-84.74576271186442,-172.8813559322034,35588.0,23455.0,3567.6943511116597,600.5030095930516
1789785370.014768,15.936045299999023,-77.96610169491527,-172.8813559322034,35774.0,23496.0,3071.560209800566,642.884695074537
1789785370.0757377,15.997015099999771,-71.18644067796612,-172.8813559322034,35933.0,23537.0,2600.8595392274287,681.6045689009813
1789785370.1394536,16.06073119999928,-64.40677966101697,-172.8813559322034,36099.0,23597.0,2558.9060164313705,835.9092987009144
1789785370.2023454,16.123623399998905,-57.62711864406779,-172.8813559322034,36233.0,23645.0,2090.4331939970566,772.9332818140379
1789785370.2640164,16.1852942000005,-50.847457627118644,-172.8813559322034,36387.0,23712.0,2388.961934121229,1079.4568739362592
1789785370.3278017,16.249078499999086,-44.067796610169495,-172.8813559322034,36532.0,23778.0,2218.3909852643505,960.7205054294432
1789785370.390578,16.311855500000092,-37.288135593220346,-172.8813559322034,36678.0,23878.0,2218.786306435727,1572.3682486552395
1789785370.4524825,16.373759599999175,-30.508474576271198,-172.8813559322034,36798.0,23987.0,1942.2138412556558,1800.9619255279717
1789785370.5149724,16.436250000000655,-23.72881355932205,-172.8813559322034,36905.0,24077.0,1734.6935199049244,1401.7725413373125
1789785370.5766504,16.497927399999753,-16.9491525423729,-172.8813559322034,37011.0,24209.0,1765.8859096148324,2136.7219506339475
1789785370.638909,16.560186599999724,-10.169491525423723,-172.8813559322034,37113.0,24332.0,1550.3599686433818,1978.0454772346595
1789785370.7003405,16.621617999999216,-3.3898305084745743,-172.8813559322034,37186.0,24463.0,1156.768877585023,2171.1662010057353
1789785370.7611132,16.68239050000011,3.3898305084745743,-172.8813559322034,37276.0,24583.0,1564.8776697572264,1978.5809617620105
1789785370.8225431,16.74382019999939,10.169491525423723,-172.8813559322034,37335.0,24708.0,947.7537342237272,2020.6824899487015
1789785370.8838184,16.805095800000345,16.94915254237287,-172.8813559322034,37369.0,24827.0,536.6947119464313,1914.211139275605
1789785370.944868,16.86614449999979,23.72881355932202,-172.8813559322034,37420.0,24970.0,875.8837041012392,2341.648270148211
1789785371.0062563,16.927533199999743,30.50847457627117,-172.8813559322034,37463.0,25138.0,696.9126768318002,2751.911595694801
1789785371.0662837,16.987561199999618,37.28813559322032,-172.8813559322034,37495.0,25300.0,509.92997568191464,2622.497017792704
1789785371.1283166,17.049593800000366,44.06779661016947,-172.8813559322034,37531.0,25468.0,632.4188439634778,2635.0785165144907
1789785371.1902962,17.1115733000006,50.847457627118644,-172.8813559322034,37554.0,25587.0,407.0032878826542,2088.1038247892693
1789785371.2531862,17.17446360000031,57.627118644067764,-172.8813559322034,37587.0,25779.0,520.7865672871933,2999.012301274527
1789785371.3156455,17.236923000000388,64.40677966101691,-172.8813559322034,37616.0,25945.0,475.40149416223085,2658.726874759143
1789785371.377518,17.298795200000313,71.18644067796606,-172.8813559322034,37651.0,26137.0,542.8331548016948,3202.715613329999
1789785371.4395542,17.360831699999835,77.96610169491527,-172.8813559322034,37678.0,26315.0,457.08097540564097,2865.546115043057
1789785371.5016203,17.42289720000008,84.74576271186442,-172.8813559322034,37705.0,26458.0,429.17073484873487,2342.556927716011
1789785371.5627613,17.484038700000383,91.52542372881356,-172.8813559322034,37748.0,26611.0,678.5023667204597,2517.600887041706
1789785371.6247995,17.546076099999482,98.30508474576271,-172.8813559322034,37796.0,26779.0,758.9034374787116,2647.3375726001564
1789785371.6868079,17.60808519999955,105.08474576271186,-172.8813559322034,37863.0,26934.0,1131.7878534403449,2564.2068554507814
1789785371.7477694,17.6690466,111.86440677966101,-172.8813559322034,37937.0,27096.0,1144.001143969537,2645.5026454295544
1789785371.808896,17.73017339999933,118.64406779661016,-172.8813559322034,37994.0,27230.0,928.5183703888614,2232.015313434763
1789785371.8691688,17.790446099999826,125.42372881355931,-172.8813559322034,38070.0,27366.0,1357.8543728097427,2353.614246203554
1789785371.9312115,17.852488399999856,132.20338983050846,-172.8813559322034,38149.0,27460.0,1301.3803424894336,1494.8287717784035
1789785371.9919436,17.913220500000534,138.9830508474576,-172.8813559322034,38226.0,27583.0,1349.173226633836,2158.6771626141376
1789785372.0534,17.974677000000156,145.76271186440675,-172.8813559322034,38340.0,27720.0,1845.824000634884,2165.293539206306
1789785372.1144075,18.035684799999217,152.5423728813559,-172.8813559322034,38480.0,27837.0,2322.4579887217183,1818.3585803170042
1789785372.1747231,18.09600010000031,159.32203389830505,-172.8813559322034,38603.0,27943.0,2025.8073384937688,1736.4062901375162
1789785372.2354524,18.156729299998915,166.1016949152542,-172.8813559322034,38781.0,28034.0,3111.163862942975,1528.6065222552188
1789785372.296206,18.21748320000006,172.88135593220335,-172.8813559322034,38926.0,28116.0,2318.280087775224,1275.9526064499294
1789785372.3561692,18.277446599999166,179.66101694915255,-172.8813559322034,39057.0,28156.0,2135.005328369064,638.6768076317713
1789785372.4189358,18.34021290000055,186.4406779661017,-172.8813559322034,39209.0,28223.0,2523.426706097804,1127.4885282564655
1789785372.4809198,18.402197299999898,193.22033898305085,-172.8813559322034,39394.0,28283.0,2970.780875903097,984.4007636128605
1789785372.5437703,18.465047499999855,200.0,-172.8813559322034,39599.0,28333.0,3313.167782475514,752.1786316971436
1789785372.6064513,18.52772869999899,-200.0,-166.10169491525426,39784.0,28368.0,2791.876852239221,520.2255004172462
1789785372.6674955,18.588772499999322,-193.22033898305085,-166.10169491525426,40025.0,28404.0,3810.2701157370557,611.0810562974523
1789785372.7281477,18.649424799999906,-186.4406779661017,-166.10169491525426,40219.0,28443.0,3164.511442673265,593.3458955012371
1789785372.7889102,18.710186799999065,-179.66101694915255,-166.10169491525426,40468.0,28483.0,3951.7455937322843,700.5367188889049
1789785372.8498595,18.771136999999726,-172.8813559322034,-166.10169491525426,40682.0,28516.0,3450.667963467993,500.6150413321441
1789785372.910893,18.832169999999678,-166.10169491525426,-166.10169491525426,40904.0,28542.0,3755.1834942754426,429.1638279171935
1789785372.9715714,18.892848600000434,-159.32203389830508,-166.10169491525426,41134.0,28568.0,3958.051846849271,449.77861896014446
1789785373.0319664,18.953243300000395,-152.54237288135593,-166.10169491525426,41348.0,28598.0,3527.7835568600185,506.55353636964367
1789785373.0926538,19.013930999999502,-145.76271186440678,-166.10169491525426,41596.0,28627.0,4030.088931820802,485.76964803197166
1789785373.1538045,19.075081599999976,-138.98305084745763,-166.10169491525426,41814.0,28647.0,3569.5609261669597,339.1082879858612
1789785373.2144525,19.135729499999798,-132.20338983050848,-166.10169491525426,42039.0,28664.0,3727.963145354414,306.1612244977055
1789785373.2759402,19.197216999999,-125.42372881355932,-166.10169491525426,42238.0,28692.0,3223.601010295426,478.22652350536544
1789785373.336945,19.258222000000387,-118.64406779661017,-166.10169491525426,42481.0,28713.0,3923.5024998487697,377.9520756735053
1789785373.3976383,19.3189153000003,-111.86440677966102,-166.10169491525426,42698.0,28733.0,3397.5023863806155,305.59545274323
1789785373.4592562,19.380532900000617,-105.08474576271186,-166.10169491525426,42913.0,28761.0,3344.0056919011427,480.2561366028237
1789785373.5202818,19.441558900000018,-98.30508474576271,-166.10169491525426,43094.0,28785.0,2915.0504231648792,429.20987825740553
1789785373.5819716,19.50324869999895,-91.52542372881356,-166.10169491525426,43272.0,28824.0,2815.3651652544386,655.1478686441147
1789785373.6438925,19.565169399998922,-84.74576271186442,-166.10169491525426,43404.0,28854.0,2115.6521233423105,493.65216211320575
1789785373.707823,19.629098800000065,-77.96610169491527,-166.10169491525426,43595.0,28889.0,3076.5564619051797,569.0740276356402
1789785373.7724988,19.69377600000007,-71.18644067796612,-166.10169491525426,43769.0,28946.0,2734.818801377091,877.8430720469674
1789785373.835404,19.756681099999696,-64.40677966101697,-166.10169491525426,43955.0,29005.0,2910.5011954070633,964.2151199508063
1789785373.8974733,19.818750500000533,-57.62711864406779,-166.10169491525426,44132.0,29075.0,2755.106159328407,1017.8099187327874
1789785373.9605098,19.881786399999328,-50.847457627118644,-166.10169491525426,44293.0,29149.0,2588.6385546573447,1106.866140612106
1789785374.0229976,19.94427429999996,-44.067796610169495,-166.10169491525426,44435.0,29222.0,2292.1452904858575,1189.8158759773917
1789785374.0840077,20.00528420000046,-37.288135593220346,-166.10169491525426,44563.0,29301.0,2074.254711280958,1244.5528267685747
1789785374.1466238,20.06790059999912,-30.508474576271198,-166.10169491525426,44670.0,29401.0,1729.3512836538625,1711.8830888694802
1789785374.2078993,20.12917600000037,-23.72881355932205,-166.10169491525426,44766.0,29514.0,1549.0818574187201,1798.359397692997
1789785374.2700007,20.191277300000365,-16.9491525423729,-166.10169491525426,44867.0,29647.0,1509.5743878105363,2071.2764856005033
1789785374.331704,20.252979799999594,-10.169491525423723,-166.10169491525426,44953.0,29769.0,1483.4830062050964,2066.279901499956
1789785374.3941905,20.315467299999,-3.3898305084745743,-166.10169491525426,45041.0,29908.0,1438.1070302115536,2297.4636702160183
1789785374.454756,20.376032500000292,3.3898305084745743,-166.10169491525426,45123.0,30049.0,1385.592358719107,2375.301186375612
1789785374.5172226,20.43849919999957,10.169491525423723,-166.10169491525426,45172.0,30216.0,819.8737394275305,2651.5065615528647
1789785374.57854,20.499816399998963,16.94915254237287,-166.10169491525426,45231.0,30358.0,835.7442480174648,2204.942271365226
1789785374.638595,20.559871899999052,23.72881355932202,-166.10169491525426,45266.0,30517.0,600.8608697493547,2676.5620561562164
1789785374.6999245,20.621200899999167,30.50847457627117,-166.10169491525426,45282.0,30561.0,231.50332919697672,676.7020391911627
1789785374.7620196,20.68329629999971,37.28813559322032,-166.10169491525426,45314.0,30714.0,548.4046731178216,2476.666265693388
1789785374.8227496,20.744026000000304,44.06779661016947,-166.10169491525426,45332.0,30888.0,269.892906494188,2860.864808838393
1789785374.8838477,20.805124500000602,50.847457627118644,-166.10169491525426,45371.0,31085.0,642.7217122175684,3249.3153228777073
1789785374.944935,20.866211599999588,57.627118644067764,-166.10169491525426,45399.0,31241.0,499.86164543487945,2427.8994206837
1789785375.0085526,20.92982850000044,64.40677966101691,-166.10169491525426,45435.0,31418.0,583.9581390500962,2654.355177500437
1789785375.0736732,20.994949899999483,71.18644067796606,-166.10169491525426,45459.0,31606.0,368.52896638247466,2931.4804144060486
1789785375.136021,21.057297199999084,77.96610169491527,-166.10169491525426,45497.0,31809.0,581.5950608138105,3325.996754028979
1789785375.1980693,21.119345799999792,84.74576271186442,-166.10169491525426,45548.0,31991.0,843.4029199510867,2934.3393256631557
1789785375.2604957,21.18177210000067,91.52542372881356,-166.10169491525426,45605.0,32191.0,887.8487247638125,3444.8530520835925
1789785375.3221917,21.243468099999518,98.30508474576271,-166.10169491525426,45660.0,32356.0,848.1059849745147,2685.6689524192966
1789785375.3832488,21.30452460000015,105.08474576271186,-166.10169491525426,45718.0,32517.0,858.1189674790494,2753.131687328617
1789785375.4449787,21.366255099999762,111.86440677966101,-166.10169491525426,45801.0,32699.0,1367.7922234974446,3002.0374775463397
1789785375.5053182,21.42659409999942,118.64406779661016,-166.10169491525426,45845.0,32797.0,723.1546900137902,1627.098052531028
1789785375.5671268,21.488403199999084,125.42372881355931,-166.10169491525426,45928.0,32937.0,1356.8807953942242,2273.215877998116
1789785375.629124,21.55040039999949,132.20338983050846,-166.10169491525426,46025.0,33060.0,1642.9934280429907,1925.6589640503869
1789785375.6905367,21.61181310000029,138.9830508474576,-166.10169491525426,46130.0,33185.0,1720.2638210760713,1968.549321025195
1789785375.7521403,21.673415999999634,145.76271186440675,-166.10169491525426,46253.0,33299.0,2026.2560121462134,1795.1917300593645
1789785375.8142347,21.735511099999712,152.5423728813559,-166.10169491525426,46387.0,33404.0,2074.8594998402023,1699.238383489821
1789785375.875639,21.796914700000343,159.32203389830505,-166.10169491525426,46556.0,33498.0,2859.3400075729473,1456.3098175216253
1789785375.936282,21.85755810000046,166.1016949152542,-166.10169491525426,46720.0,33586.0,2568.8292469986354,1519.5891320273618
1789785375.9976354,21.91891129999931,172.88135593220335,-166.10169491525426,46874.0,33658.0,2559.6268632734927,1173.1623123336842
1789785376.0593362,21.980612499999552,179.66101694915255,-166.10169491525426,47042.0,33725.0,2602.3456516927185,1115.2909935825935
1789785376.1218739,22.043149600000106,186.4406779661017,-166.10169491525426,47217.0,33779.0,2821.3559227394767,835.9573104413264
1789785376.1838782,22.105153799999243,193.22033898305085,-166.10169491525426,47416.0,33839.0,3248.409779794346,970.9920537428751
1789785376.2463467,22.167621799999324,200.0,-166.10169491525426,47638.0,33892.0,3541.504859045608,806.4813045351385
1789785376.3114727,22.232748500000525,-200.0,-159.32203389830508,47863.0,33944.0,3649.0997098320086,769.1729780528253
1789785376.375922,22.297198399999616,-193.22033898305085,-159.32203389830508,48078.0,33983.0,3371.142340498573,544.8310853331027
1789785376.4380822,22.359358699999575,-186.4406779661017,-159.32203389830508,48282.0,34013.0,3226.213434740268,504.6590847638408
1789785376.4998052,22.421081500000582,-179.66101694915255,-159.32203389830508,48500.0,34035.0,3514.584643243436,353.22458726064684
1789785376.5622184,22.483494699999937,-172.8813559322034,-159.32203389830508,48722.0,34065.0,3568.081885592173,504.57723634636795
1789785376.626673,22.547949399999197,-166.10169491525426,-159.32203389830508,48920.0,34095.0,3102.830152053873,421.5801837029719
1789785376.6876907,22.60896689999936,-159.32203389830508,-159.32203389830508,49154.0,34120.0,3826.0676784843845,429.09170225993097
1789785376.7493675,22.67064399999981,-152.54237288135593,-159.32203389830508,49352.0,34139.0,3178.7012885544723,264.891774046206
1789785376.8103783,22.731654199998957,-145.76271186440678,-159.32203389830508,49567.0,34171.0,3621.0061378118658,519.8474158244758
1789785376.8714976,22.792774100000315,-138.98305084745763,-159.32203389830508,49833.0,34194.0,4259.739886325739,395.4188924015454
1789785376.9322057,22.85348139999951,-132.20338983050848,-159.32203389830508,50030.0,34221.0,3505.126472138028,431.4001811862188
1789785376.9938574,22.915133700000297,-125.42372881355932,-159.32203389830508,50287.0,34248.0,4177.287642771581,391.0652261318076
1789785377.055923,22.977198299999145,-118.64406779661017,-159.32203389830508,50494.0,34272.0,3247.916066798818,403.7949704668801
1789785377.1182792,23.03955540000061,-111.86440677966102,-159.32203389830508,50697.0,34297.0,3113.479242270972,406.8751282513202
1789785377.1793609,23.100636099999974,-105.08474576271186,-159.32203389830508,50904.0,34323.0,3346.414772914412,447.3816541329428
1789785377.2414143,23.162690799999837,-98.30508474576271,-159.32203389830508,51099.0,34366.0,2987.248514304688,671.6890150507583
1789785377.3020911,23.22336650000034,-91.52542372881356,-159.32203389830508,51282.0,34402.0,2933.5488202350757,575.9114248314258
1789785377.3629165,23.284192499999335,-84.74576271186442,-159.32203389830508,51463.0,34441.0,2964.2990600437843,700.6525051012582
1789785377.424945,23.34622119999949,-77.96610169491527,-159.32203389830508,51635.0,34505.0,2682.8248026901715,970.758974657628
1789785377.4859915,23.40726580000046,-71.18644067796612,-159.32203389830508,51783.0,34575.0,2389.0141275834562,1221.4508321479325
1789785377.5475824,23.468858199999886,-64.40677966101697,-159.32203389830508,51951.0,34645.0,2756.7925779004486,1148.6635741251869
1789785377.6086352,23.529911300000094,-57.62711864406779,-159.32203389830508,52091.0,34717.0,2112.537372173077,1253.2001360348763
1789785377.6696541,23.5909300000003,-50.847457627118644,-159.32203389830508,52227.0,34796.0,2201.0192687366207,1252.6125919639303
1789785377.7320466,23.653322799998932,-44.067796610169495,-159.32203389830508,52372.0,34886.0,2357.6503133469055,1484.4464935887922
1789785377.7928228,23.714098500000546,-37.288135593220346,-159.32203389830508,52442.0,34953.0,1149.5119962302974,1077.6674964659037
1789785377.8538268,23.77510230000007,-30.508474576271198,-159.32203389830508,52549.0,35072.0,1805.302584772023,1894.673999859747
1789785377.9161887,23.837464199999886,-23.72881355932205,-159.32203389830508,52640.0,35192.0,1423.3799826977242,1880.2673845513148
1789785377.9819338,23.903209599999172,-16.9491525423729,-159.32203389830508,52720.0,35300.0,1112.3889629223445,1489.1658697186224
1789785378.0466852,23.967961500000456,-10.169491525423723,-159.32203389830508,52790.0,35432.0,1007.5583670303882,1964.738815709257
1789785378.109458,24.030733699999473,-3.3898305084745743,-159.32203389830508,52852.0,35559.0,929.9164863403654,1841.9499633280316
1789785378.1722038,24.093479499999376,3.3898305084745743,-159.32203389830508,52892.0,35696.0,624.7787242127347,2169.370570183107
1789785378.2339077,24.15518340000017,10.169491525423723,-159.32203389830508,52943.0,35862.0,773.436937907108,2698.0358299085165
1789785378.29463,24.215906299999915,16.94915254237287,-159.32203389830508,52992.0,36026.0,790.9756864874159,2660.554581821308
1789785378.3557465,24.27702230000068,23.72881355932202,-159.32203389830508,53026.0,36172.0,535.2478554480019,2390.7737543344087
1789785378.4176579,24.33893369999896,30.50847457627117,-159.32203389830508,53054.0,36347.0,424.1646607110382,2898.458514858761
1789785378.4783597,24.399635699999635,37.28813559322032,-159.32203389830508,53074.0,36453.0,323.9635864937508,1619.8179324687542
1789785378.538768,24.460044199999174,44.06779661016947,-159.32203389830508,53092.0,36556.0,325.7894965427438,1828.0410639342847
1789785378.5994387,24.520714399999633,50.847457627118644,-159.32203389830508,53120.0,36739.0,504.0830728829577,3042.5014041864233
1789785378.6602023,24.581478099999003,57.627118644067764,-159.32203389830508,53158.0,36901.0,647.0142091486341,2606.0294535153316
1789785378.7215843,24.64286010000069,64.40677966101691,-159.32203389830508,53182.0,37056.0,426.2052284762994,2486.197166111747
1789785378.7832458,24.704521399999066,71.18644067796606,-159.32203389830508,53214.0,37230.0,529.7320968112159,2984.157478703183
1789785378.8450527,24.766327999999703,77.96610169491527,-159.32203389830508,53254.0,37400.0,634.672138961428,2750.2459354995212
1789785378.9064057,24.827681299999313,84.74576271186442,-159.32203389830508,53296.0,37548.0,680.7461694508656,2382.6115930780297
1789785378.9673977,24.88867290000053,91.52542372881356,-159.32203389830508,53342.0,37713.0,751.1065408881362,2736.173827521068
1789785379.029061,24.950336800000514,98.30508474576271,-159.32203389830508,53407.0,37866.0,1085.169820167901,2543.922693180489
1789785379.090282,25.01155800000015,105.08474576271186,-159.32203389830508,53478.0,38021.0,1158.6122320713773,2638.0709284086747
1789785379.15333,25.07460600000013,111.86440677966101,-159.32203389830508,53563.0,38154.0,1441.6530955124222,1993.3968728072998
1789785379.2137456,25.135021599999163,118.64406779661016,-159.32203389830508,53653.0,38277.0,1469.867711902339,2050.5561906785715
1789785379.2759194,25.197195000000647,125.42372881355931,-159.32203389830508,53737.0,38378.0,1404.0317311391032,1620.0366128528112
1789785379.338158,25.25943390000066,132.20338983050846,-159.32203389830508,53850.0,38507.0,1838.0261349854009,2065.5912755074028
1789785379.3993356,25.320611200000712,138.9830508474576,-159.32203389830508,53970.0,38599.0,2015.3417893892397,1637.4652038787572
1789785379.4610658,25.38234150000062,145.76271186440675,-159.32203389830508,54113.0,38709.0,2349.142651276765,1766.2726701329057
1789785379.5224917,25.443767099999604,152.5423728813559,-159.32203389830508,54265.0,38794.0,2468.228220563257,1420.5630046407234
1789785379.583483,25.504758799999763,159.32203389830505,-159.32203389830508,54403.0,38864.0,2270.2368375756328,1108.3045978715688
1789785379.644228,25.56550369999968,166.1016949152542,-159.32203389830508,54562.0,38945.0,2607.2806063839084,1366.5746626563935
1789785379.7052732,25.626548599999296,172.88135593220335,-159.32203389830508,54722.0,39021.0,2609.7572747466756,1251.2534878922418
1789785379.7669425,25.688218199999028,179.66101694915255,-159.32203389830508,54925.0,39071.0,3163.8633776478223,830.7350768125567
1789785379.8281252,25.749400499998956,186.4406779661017,-159.32203389830508,55116.0,39127.0,3105.518005765255,892.3902315417399
1789785379.8897812,25.811056999998982,193.22033898305085,-159.32203389830508,55315.0,39164.0,3303.4249057060597,603.8518644839033
1789785379.9515522,25.87282790000063,200.0,-159.32203389830508,55481.0,39198.0,2591.0597789967105,514.6625588418124
1789785380.0134711,25.934746700000687,-200.0,-152.54237288135593,55693.0,39241.0,3508.2372703161027,691.0164320319597
1789785380.0748243,25.996100000000297,-193.22033898305085,-152.54237288135593,55902.0,39270.0,3415.9142463315748,462.57172085740075
1789785380.136641,26.05791589999899,-186.4406779661017,-152.54237288135593,56137.0,39311.0,4005.682068853937,688.2008840762271
1789785380.198282,26.119556899999225,-179.66101694915255,-152.54237288135593,56352.0,39339.0,3535.758482656073,464.2915179245348
1789785380.2596571,26.180932799999937,-172.8813559322034,-152.54237288135593,56566.0,39365.0,3468.633767387024,426.90877137071067
1789785380.320383,26.24165829999947,-166.10169491525426,-152.54237288135593,56805.0,39395.0,4007.792730622819,521.1927766280796
1789785380.3820581,26.303333800000473,-159.32203389830508,-152.54237288135593,56957.0,39417.0,2296.953709305977,353.3774937393811
1789785380.445792,26.367067600000155,-152.54237288135593,-152.54237288135593,57188.0,39434.0,3964.4726362337615,302.22437137208044
1789785380.5078225,26.429098200000226,-145.76271186440678,-152.54237288135593,57422.0,39457.0,3889.680905446825,369.60768784788837
1789785380.5689123,26.490187600000354,-138.98305084745763,-152.54237288135593,57583.0,39470.0,2612.9426566520574,232.659277647101
1789785380.6311567,26.552432299999055,-132.20338983050848,-152.54237288135593,57846.0,39494.0,4221.1977692653345,332.7915253777649
1789785380.6916654,26.612940900000467,-125.42372881355932,-152.54237288135593,58081.0,39515.0,3769.222126837334,326.18268405323084
1789785380.752718,26.67399359999945,-118.64406779661017,-152.54237288135593,58314.0,39546.0,3771.493940558348,518.3569870909578
1789785380.814089,26.735363399999187,-111.86440677966102,-152.54237288135593,58524.0,39576.0,3411.7866567657047,515.3219429489867
1789785380.8758628,26.797138100000666,-105.08474576271186,-152.54237288135593,58713.0,39609.0,2949.6742919417056,550.8427894589933
1789785380.9378674,26.85914260000027,-98.30508474576271,-152.54237288135593,58919.0,39655.0,3247.630984836974,702.1904832079945
1789785380.9996696,26.920944800000143,-91.52542372881356,-152.54237288135593,59115.0,39693.0,3216.036358887728,600.7980011108942
1789785381.060711,26.98198559999946,-84.74576271186442,-152.54237288135593,59325.0,39753.0,3381.327913714601,1037.6561851610945
1789785381.122391,27.04366630000004,-77.96610169491527,-152.54237288135593,59490.0,39832.0,2662.871475039456,1295.4509878570327
1789785381.1827874,27.104062700000213,-71.18644067796612,-152.54237288135593,59658.0,39871.0,2882.2936531192086,688.8500554624524
1789785381.2437062,27.16498159999901,-64.40677966101697,-152.54237288135593,59804.0,39961.0,2349.796859114749,1542.6147319379268
1789785381.3051171,27.226392000000487,-57.62711864406779,-152.54237288135593,59943.0,40041.0,2201.520824824491,1260.548214214023
1789785381.3681557,27.28943099999924,-50.847457627118644,-152.54237288135593,60053.0,40117.0,1669.141400641651,1269.2429400712554
1789785381.4299366,27.351210700000593,-44.067796610169495,-152.54237288135593,60198.0,40211.0,2366.4375578798295,1483.4384691186992
1789785381.4935796,27.414854399999967,-37.288135593220346,-152.54237288135593,60302.0,40342.0,1668.639759984111,2037.4969700858617
1789785381.5575094,27.47878479999963,-30.508474576271198,-152.54237288135593,60401.0,40484.0,1497.7244799495663,2144.4691417459703
1789785381.6208208,27.54209599999922,-23.72881355932205,-152.54237288135593,60515.0,40622.0,1657.6699861168665,2151.4440245346564
1789785381.683501,27.604776399999537,-16.9491525423729,-152.54237288135593,60588.0,40773.0,1163.3418818890893,2326.6837637781787
1789785381.7454946,27.66676980000011,-10.169491525423723,-152.54237288135593,60651.0,40925.0,911.6063576537484,2413.0756526128635
1789785381.807061,27.728336399999534,-3.3898305084745743,-152.54237288135593,60704.0,41046.0,797.6107127939957,1914.2657107055898
1789785381.8693657,27.790640400000484,3.3898305084745743,-152.54237288135593,60751.0,41209.0,729.3011871675425,2614.81157350314
1789785381.9309683,27.85224340000059,10.169491525423723,-152.54237288135593,60788.0,41380.0,637.4479417409029,2709.1537523988372
1789785381.9927483,27.914023400000588,16.94915254237287,-152.54237288135593,60817.0,41507.0,512.2000759406174,2207.758948019902
1789785382.0554926,27.976767699999982,23.72881355932202,-152.54237288135593,60854.0,41698.0,537.7827045500859,3053.2179355101653
1789785382.1165242,28.03779880000002,30.50847457627117,-152.54237288135593,60881.0,41888.0,393.36711523256486,3057.5353047622084
1789785382.1779737,28.099248999998963,37.28813559322032,-152.54237288135593,60914.0,42069.0,551.3257606050266,2863.337014755138
1789785382.239275,28.16055029999916,44.06779661016947,-152.54237288135593,60921.0,42185.0,124.32266349093241,1953.6418548575095
1789785382.3020172,28.22329229999923,50.847457627118644,-152.54237288135593,60951.0,42362.0,485.729105413293,2827.6372922273845
1789785382.3626573,28.28393209999922,57.627118644067764,-152.54237288135593,60985.0,42541.0,544.3500097923694,2975.7800535316196
1789785382.4257042,28.34697950000009,64.40677966101691,-152.54237288135593,61005.0,42727.0,345.241876457101,2951.8180437082137
1789785382.4872642,28.408539199999723,71.18644067796606,-152.54237288135593,61049.0,42874.0,709.4211123782774,2323.3541430388586
1789785382.549189,28.47046380000029,77.96610169491527,-152.54237288135593,61098.0,43019.0,796.1783439477573,2406.2278839309997
1789785382.609855,28.53112990000045,84.74576271186442,-152.54237288135593,61155.0,43164.0,918.0703241879286,2430.186152262164
1789785382.670887,28.592161900000065,91.52542372881356,-152.54237288135593,61221.0,43347.0,1110.6294402657957,3134.8411620405523
1789785382.731657,28.65293179999935,98.30508474576271,-152.54237288135593,61288.0,43493.0,1078.420976031797,2354.55246433609
1789785382.7933686,28.71464340000057,105.08474576271186,-152.54237288135593,61361.0,43628.0,1183.8208790714898,2155.6141380107724
1789785382.8548663,28.77614100000028,111.86440677966101,-152.54237288135593,61447.0,43747.0,1382.9027128078133,1879.3293276619002
1789785382.9167936,28.838068200000635,118.64406779661016,-152.54237288135593,61557.0,43885.0,1813.6880101142558,2276.0006401433798
1789785382.978278,28.89955199999895,125.42372881355931,-152.54237288135593,61652.0,43987.0,1560.9451522560316,1560.9451522560316
1789785383.0430045,28.96427930000027,132.20338983050846,-152.54237288135593,61792.0,44096.0,2285.3959627108597,1660.4830041571092
1789785383.1082795,29.02955479999946,138.9830508474576,-152.54237288135593,61898.0,44189.0,1634.0986361901446,1367.3070221182843
1789785383.1708364,29.092110800000228,145.76271186440675,-152.54237288135593,62028.0,44270.0,2042.73036673737,1314.452583813612
1789785383.2318707,29.1531458999998,152.5423728813559,-152.54237288135593,62172.0,44344.0,2388.7566790698197,1167.4374747333707
1789785383.2948112,29.216085899999598,159.32203389830505,-152.54237288135593,62338.0,44403.0,2596.908256199336,960.5003139367407
1789785383.3593879,29.280663199999253,166.1016949152542,-152.54237288135593,62504.0,44475.0,2668.3452154930264,1026.2866213434718
1789785383.422018,29.343292399998973,172.88135593220335,-152.54237288135593,62652.0,44541.0,2354.6115864504645,956.007711791918
1789785383.483072,29.404347300000154,179.66101694915255,-152.54237288135593,62832.0,44591.0,2971.6830825567636,787.6750339307084
1789785383.5454066,29.46668139999929,186.4406779661017,-152.54237288135593,63000.0,44634.0,2612.427691781738,710.8646780358471
1789785383.6064508,29.527725800000553,193.22033898305085,-152.54237288135593,63174.0,44681.0,2911.9414610935255,786.0455477798473
1789785383.6674614,29.588736300000164,200.0,-152.54237288135593,63418.0,44713.0,3824.9324828514086,554.079004525204
1789785383.729897,29.651172100000622,-200.0,-145.76271186440678,63594.0,44732.0,2776.487516336274,314.319341472031
1789785383.7912936,29.712568400000237,-193.22033898305085,-145.76271186440678,63709.0,44753.0,1776.609163768086,355.32183275361723
1789785383.8533318,29.774606699998913,-186.4406779661017,-145.76271186440678,63937.0,44778.0,3649.6606518359513,333.3824633888609
1789785383.9139793,29.835254300000088,-179.66101694915255,-145.76271186440678,64118.0,44796.0,2702.108725624124,306.2389889040674
1789785383.9750266,29.89630120000038,-172.8813559322034,-145.76271186440678,64356.0,44824.0,3916.1549437572103,482.8136232029437
1789785384.03578,29.957054599999537,-166.10169491525426,-145.76271186440678,64577.0,44847.0,3649.070835125205,359.51436799263104
1789785384.0965056,30.017780099999072,-159.32203389830508,-145.76271186440678,64789.0,44866.0,3486.1864355459925,323.46059711251473
1789785384.157786,30.0790606999999,-152.54237288135593,-145.76271186440678,64962.0,44881.0,2795.788154059954,267.11351790381724
1789785384.2188618,30.140136500000153,-145.76271186440678,-145.76271186440678,65190.0,44904.0,3770.819929934774,411.0372435473924
1789785384.2798781,30.20115269999951,-138.98305084745763,-145.76271186440678,65396.0,44931.0,3397.109596138702,429.10858056488865
1789785384.341262,30.262536799998998,-132.20338983050848,-145.76271186440678,65582.0,44955.0,3065.3744569501755,392.08277937734806
1789785384.4020655,30.323340499999176,-125.42372881355932,-145.76271186440678,65786.0,44977.0,3589.5236164280277,394.84759780708305
1789785384.4626448,30.38391959999899,-118.64406779661017,-145.76271186440678,66015.0,45007.0,3752.6904807121514,523.2116535608288
1789785384.52375,30.445024799999373,-111.86440677966102,-145.76271186440678,66220.0,45038.0,3415.776955149403,518.6258204153544
1789785384.5858355,30.507110299999113,-105.08474576271186,-145.76271186440678,66402.0,45076.0,2896.1005815852286,651.6226308566764
1789785384.651203,30.572477399999116,-98.30508474576271,-145.76271186440678,66597.0,45130.0,2954.2391672102112,796.6487641915177
1789785384.714388,30.6356624,-91.52542372881356,-145.76271186440678,66802.0,45186.0,3143.547600655891,946.6364933793309
1789785384.7773938,30.69866869999896,-84.74576271186442,-145.76271186440678,66953.0,45231.0,2426.637546988589,710.6581387609439
1789785384.8404748,30.76174919999903,-77.96610169491527,-145.76271186440678,67114.0,45296.0,2589.410022465218,1046.4054200373141
1789785384.9025152,30.823790099999314,-71.18644067796612,-145.76271186440678,67291.0,45401.0,2911.948637380915,1666.4766298264274
1789785384.964599,30.885872400000153,-64.40677966101697,-145.76271186440678,67447.0,45500.0,2588.464313774454,1577.8994789447013
1789785385.0272508,30.948525100000552,-57.62711864406779,-145.76271186440678,67589.0,45594.0,2271.055743948141,1502.3907229195395
1789785385.090014,31.01128779999999,-50.847457627118644,-145.76271186440678,67711.0,45687.0,1872.8047548481736,1519.445367140971
1789785385.1513774,31.072652200000448,-44.067796610169495,-145.76271186440678,67819.0,45796.0,1767.9455401025125,1750.0875043439014
1789785385.2123704,31.13364399999955,-37.288135593220346,-145.76271186440678,67927.0,45922.0,1754.3357153587258,2058.659257818913
1789785385.274501,31.195775799998955,-30.508474576271198,-145.76271186440678,68035.0,46081.0,1799.1004497393342,2469.3535584657525
1789785385.33553,31.25680370000009,-23.72881355932205,-145.76271186440678,68109.0,46213.0,1286.1322787013225,2250.7314877273147
1789785385.3982227,31.319497299999057,-16.9491525423729,-145.76271186440678,68174.0,46347.0,1035.225749379347,2193.274892752854
1789785385.4589856,31.38025860000016,-10.169491525423723,-145.76271186440678,68221.0,46503.0,790.0255681003027,2567.5830963259837
1789785385.521252,31.442526400000133,-3.3898305084745743,-145.76271186440678,68270.0,46685.0,747.0119521921755,3005.8338076304203
1789785385.582281,31.503555600000254,3.3898305084745743,-145.76271186440678,68307.0,46867.0,626.1852792675462,3095.144380379585
1789785385.643385,31.564659399999073,10.169491525423723,-145.76271186440678,68354.0,47048.0,751.2435764148897,2808.2200356461353
1789785385.7044191,31.62569330000042,16.94915254237287,-145.76271186440678,68381.0,47247.0,428.8164665479058,3305.4602629734404
1789785385.7659187,31.687193600000683,23.72881355932202,-145.76271186440678,68413.0,47439.0,478.9934750351899,3104.5873381910455
1789785385.8271644,31.74843829999918,30.50847457627117,-145.76271186440678,68434.0,47601.0,358.29708561036847,2597.653870675171
1789785385.8888347,31.810109699999884,37.28813559322032,-145.76271186440678,68458.0,47779.0,426.8859912050585,2934.8411895347767
1789785385.9498804,31.871154500000557,44.06779661016947,-145.76271186440678,68493.0,47990.0,608.0690766629986,3344.379921646492
1789785386.0113525,31.93262499999946,50.847457627118644,-145.76271186440678,68530.0,48167.0,603.5238693696491,2857.8630284856913
1789785386.073052,31.994325600000593,57.627118644067764,-145.76271186440678,68555.0,48340.0,405.81408069098427,2911.274926696192
1789785386.1357527,32.05702720000045,64.40677966101691,-145.76271186440678,68583.0,48482.0,454.15719777578533,2096.1101435805476
1789785386.197593,32.11886659999982,71.18644067796606,-145.76271186440678,68626.0,48626.0,670.9797717343994,2171.8555769297664
1789785386.2605453,32.18181989999903,77.96610169491527,-145.76271186440678,68673.0,48785.0,803.9638915174747,2674.053813090731
1789785386.3224158,32.24368920000052,84.74576271186442,-145.76271186440678,68729.0,48965.0,933.0969487556397,2869.71325749376
1789785386.3845768,32.305851499999335,91.52542372881356,-145.76271186440678,68791.0,49098.0,1038.897765297277,2113.6195914668738
1789785386.4457839,32.36705819999952,98.30508474576271,-145.76271186440678,68868.0,49251.0,1212.6983787641248,2496.7319562790804
1789785386.5067008,32.427975500000684,105.08474576271186,-145.76271186440678,68964.0,49396.0,1653.260877373705,2425.9806352766323
1789785386.5678325,32.489105499998914,111.86440677966101,-145.76271186440678,69056.0,49525.0,1462.3402794431456,2104.3433289547706
1789785386.630464,32.55173830000058,118.64406779661016,-145.76271186440678,69160.0,49653.0,1642.7438414936537,1943.030350153784
1789785386.6928658,32.6141391000001,125.42372881355931,-145.76271186440678,69279.0,49751.0,1867.7754619409225,1518.6585531669182
1789785386.7548501,32.67612469999949,132.20338983050846,-145.76271186440678,69427.0,49848.0,2453.5965786220168,1540.2139106678353
1789785386.8162756,32.737549299999955,138.9830508474576,-145.76271186440678,69563.0,49931.0,2222.558075426837,1422.437168273176
1789785386.877294,32.79856870000003,145.76271186440675,-145.76271186440678,69727.0,49995.0,2807.78789794138,1050.6561166490326
1789785386.938693,32.859966399999394,152.5423728813559,-145.76271186440678,69884.0,50060.0,2382.802567067583,1084.7086312770339
1789785387.0010228,32.92229690000022,159.32203389830505,-145.76271186440678,70053.0,50114.0,2695.8171985614663,767.6830432989607
1789785387.0625253,32.983798999999635,166.1016949152542,-145.76271186440678,70223.0,50186.0,2877.6262780535467,1154.6031362560525
1789785387.1242886,33.045563100000436,172.88135593220335,-145.76271186440678,70419.0,50228.0,3179.991067480173,661.0093791953169
1789785387.1852813,33.10655450000013,179.66101694915255,-145.76271186440678,70585.0,50277.0,2732.5625006456494,803.6948531310734
1789785387.247237,33.16851139999926,186.4406779661017,-145.76271186440678,70768.0,50313.0,2941.831958939523,588.3663917879045
1789785387.3090649,33.23033849999956,193.22033898305085,-145.76271186440678,70886.0,50346.0,2023.0844584694255,496.89793716792906
1789785387.3707,33.291974499999924,200.0,-145.76271186440678,71127.0,50371.0,3883.0642923962223,393.67472088809626
1789785387.431743,33.353016499999285,-200.0,-138.98305084745763,71313.0,50391.0,3002.831240860315,339.6059141449166
1789785387.4941127,33.4153869999991,-193.22033898305085,-138.98305084745763,71518.0,50423.0,3237.3051390761802,515.8343353473034
1789785387.555247,33.47652039999957,-186.4406779661017,-138.98305084745763,71730.0,50450.0,3357.184821915867,410.7194197024731
1789785387.6161594,33.53743369999938,-179.66101694915255,-138.98305084745763,71944.0,50468.0,3456.3580786194957,306.0317048777679
1789785387.6776435,33.598916400000235,-172.8813559322034,-138.98305084745763,72178.0,50487.0,3817.5529308393916,284.09696229502447
1789785387.7396674,33.66094169999997,-166.10169491525426,-138.98305084745763,72443.0,50504.0,4217.494022246074,285.9317981183779
1789785387.8003614,33.721635300000344,-159.32203389830508,-138.98305084745763,72674.0,50529.0,3683.539072504079,413.2751154516771
1789785387.862002,33.78327589999935,-152.54237288135593,-138.98305084745763,72899.0,50558.0,3613.6538871055413,465.1237676472479
1789785387.9242508,33.84552369999983,-145.76271186440678,-138.98305084745763,73108.0,50582.0,3431.7991206894535,420.22030049258615
1789785387.9864495,33.90772370000013,-138.98305084745763,-138.98305084745763,73344.0,50599.0,3721.437963693572,248.0958642462381
1789785388.046924,33.96819730000061,-132.20338983050848,-138.98305084745763,73518.0,50639.0,2820.5378548730205,705.1344637182551
1789785388.1081703,34.02944430000025,-125.42372881355932,-138.98305084745763,73698.0,50676.0,2976.291863105042,609.6019478648881
1789785388.1690595,34.0903328000004,-118.64406779661017,-138.98305084745763,73861.0,50703.0,2533.792890291319,413.31373387730736
1789785388.2314327,34.15270699999928,-111.86440677966102,-138.98305084745763,74001.0,50735.0,2415.484868306594,554.6668956852178
1789785388.2923577,34.21363079999901,-105.08474576271186,-138.98305084745763,74153.0,50774.0,2429.2459620561654,647.7989232149774
1789785388.3540382,34.27531249999993,-98.30508474576271,-138.98305084745763,74340.0,50810.0,3130.629542794535,608.2365968857954
1789785388.4151037,34.33637690000069,-91.52542372881356,-138.98305084745763,74542.0,50868.0,3325.020781378562,947.4521581347515
1789785388.4765263,34.39780049999899,-84.74576271186442,-138.98305084745763,74719.0,50951.0,2790.7625758539825,1288.0442657787612
1789785388.5375593,34.45883259999937,-77.96610169491527,-138.98305084745763,74894.0,51017.0,2803.706607285629,1017.9062204794959
1789785388.6002553,34.52152930000011,-71.18644067796612,-138.98305084745763,75031.0,51111.0,2218.8638368591305,1520.0090850924753
1789785388.662358,34.58363119999922,-64.40677966101697,-138.98305084745763,75160.0,51210.0,1984.4092168195218,1580.5029160509466
1789785388.7246733,34.64594709999983,-57.62711864406779,-138.98305084745763,75273.0,51316.0,1777.9530303511012,1742.7460396510794
1789785388.7853842,34.70665749999898,-50.847457627118644,-138.98305084745763,75368.0,51411.0,1565.150749205234,1421.228841232339
1789785388.8475935,34.76886639999975,-44.067796610169495,-138.98305084745763,75468.0,51532.0,1445.8715078766036,1921.9511507140217
1789785388.9088686,34.83014229999935,-37.288135593220346,-138.98305084745763,75536.0,51648.0,1054.4922262279833,1876.6387076938688
1789785388.9702978,34.89157189999969,-30.508474576271198,-138.98305084745763,75606.0,51799.0,1173.383397700995,2417.8809407172016
1789785389.0324206,34.95369369999935,-23.72881355932205,-138.98305084745763,75675.0,51949.0,1094.0668051295295,2417.534714560412
1789785389.0947335,35.016007700000046,-16.9491525423729,-138.98305084745763,75742.0,52117.0,1103.9335645740557,2581.7801106973884
1789785389.1564853,35.077758299999914,-10.169491525423723,-138.98305084745763,75787.0,52275.0,705.4885243601011,2522.1214745873617
1789785389.2185283,35.13980210000045,-3.3898305084745743,-138.98305084745763,75827.0,52449.0,696.097924900167,2909.3323527878774
1789785389.2800977,35.201370900000256,3.3898305084745743,-138.98305084745763,75864.0,52615.0,604.248936344401,2576.943993233475
1789785389.3445194,35.26579320000019,10.169491525423723,-138.98305084745763,75903.0,52777.0,576.9185085729741,2477.355948578065
1789785389.4049065,35.32617980000032,16.94915254237287,-138.98305084745763,75931.0,52942.0,379.7839210290254,2658.487447203178
1789785389.466608,35.38788199999908,23.72881355932202,-138.98305084745763,75965.0,53126.0,551.4905365860604,3024.302942568718
1789785389.5269277,35.44820140000047,30.50847457627117,-138.98305084745763,75997.0,53301.0,579.1488321942043,2895.744160971021
1789785389.5876582,35.50893200000064,37.28813559322032,-138.98305084745763,76021.0,53484.0,342.3923131089018,3045.4895218633897
1789785389.647998,35.56927209999958,44.06779661016947,-138.98305084745763,76042.0,53631.0,344.37945539881053,2374.4057188023253
1789785389.7091236,35.63039749999916,50.847457627118644,-138.98305084745763,76076.0,53796.0,554.3058838556092,2717.8869143887932
1789785389.7691689,35.69044290000056,57.627118644067764,-138.98305084745763,76107.0,53974.0,528.5662731025286,3043.812676142147
1789785389.8305402,35.75181370000064,64.40677966101691,-138.98305084745763,76149.0,54157.0,709.9827119430068,3035.1760935563543
1789785389.8934348,35.81470730000001,71.18644067796606,-138.98305084745763,76202.0,54306.0,800.8830606258205,2315.5966752876984
1789785389.959309,35.88058219999948,77.96610169491527,-138.98305084745763,76262.0,54474.0,831.25372518295,2440.702427132917
1789785390.0268235,35.948096899999655,84.74576271186442,-138.98305084745763,76341.0,54615.0,1227.4179325689822,1986.4790224471687
1789785390.0919287,36.01320130000022,91.52542372881356,-138.98305084745763,76426.0,54781.0,1409.4184387210953,2607.4241116340263
1789785390.1554682,36.07674240000051,98.30508474576271,-138.98305084745763,76518.0,54915.0,1462.1282669323166,2036.5358003700126
1789785390.2180827,36.139356300000145,105.08474576271186,-138.98305084745763,76610.0,55030.0,1580.922576140071,1742.6078396089417
1789785390.2799535,36.20122739999897,111.86440677966101,-138.98305084745763,76710.0,55135.0,1498.6186262587119,1657.2958925684577
1789785390.3410425,36.26231600000028,118.64406779661016,-138.98305084745763,76830.0,55243.0,1961.6771079443427,1745.7126556935893
1789785390.4045706,36.32584459999998,125.42372881355931,-138.98305084745763,76962.0,55345.0,1986.903564959831,1678.5909428108919
1789785390.4665818,36.38785540000026,132.20338983050846,-138.98305084745763,77098.0,55448.0,2151.247006179486,1649.2893714042727
1789785390.5282142,36.4494878000005,138.9830508474576,-138.98305084745763,77244.0,55526.0,2387.0821722053824,1308.474672171839
1789785390.5900347,36.51130729999932,145.76271186440675,-138.98305084745763,77388.0,55593.0,2383.718137780133,978.3917729694576
1789785390.651366,36.57263959999909,152.5423728813559,-138.98305084745763,77564.0,55658.0,2824.7367777334,1007.5494239049069
1789785390.7120655,36.633338800000274,159.32203389830505,-138.98305084745763,77759.0,55729.0,3256.2448839938193,1097.4084968155964
1789785390.7737947,36.69506790000014,166.1016949152542,-138.98305084745763,77956.0,55785.0,3250.3320991361143,918.5721149732498
1789785390.8351781,36.75645169999916,172.88135593220335,-138.98305084745763,78172.0,55838.0,3550.606798702909,852.1456316886982
1789785390.8958654,36.81713900000068,179.66101694915255,-138.98305084745763,78374.0,55883.0,3398.7426449750556,755.2761433277901
1789785390.9569087,36.878181199999744,186.4406779661017,-138.98305084745763,78628.0,55924.0,4178.064092252986,678.4890406222796
1789785391.0181923,36.93946580000011,193.22033898305085,-138.98305084745763,78841.0,55951.0,3439.2145693930256,447.81439705638354
1789785391.078957,37.00022979999994,200.0,-138.98305084745763,79069.0,55971.0,3720.318329853211,305.5333894082347
1789785391.1416712,37.06294479999997,-200.0,-132.20338983050848,79306.0,55999.0,3823.6644674357954,401.57206735627074
1789785391.2027786,37.12405109999963,-193.22033898305085,-132.20338983050848,79457.0,56014.0,2376.9907297405316,250.20955049900334
1789785391.263726,37.184999699999025,-186.4406779661017,-132.20338983050848,79653.0,56032.0,3068.7859341341073,288.826911447916
1789785391.3252368,37.246509000000515,-179.66101694915255,-132.20338983050848,79880.0,56051.0,3761.1859799969775,337.0874227355782
1789785391.3864775,37.30775109999922,-172.8813559322034,-132.20338983050848,80099.0,56071.0,3656.886746374418,288.22752680783594
1789785391.4468908,37.36816320000071,-166.10169491525426,-132.20338983050848,80354.0,56092.0,4360.1206360493725,307.5603768167607
1789785391.5078619,37.429135500000484,-159.32203389830508,-132.20338983050848,80575.0,56118.0,3726.8288467286743,450.1001022619172
1789785391.5696425,37.49091480000061,-152.54237288135593,-132.20338983050848,80825.0,56142.0,4115.088244875559,406.21042760574187
1789785391.6316454,37.55291899999975,-145.76271186440678,-132.20338983050848,81051.0,56167.0,3487.2776637528104,320.26019360995195
1789785391.6937644,37.61503669999911,-138.98305084745763,-132.20338983050848,81212.0,56190.0,2529.0578206100936,333.6951291082762
1789785391.7564628,37.67773660000057,-132.20338983050848,-132.20338983050848,81418.0,56216.0,3239.0508513498094,391.533619393933
1789785391.8173964,37.73866889999954,-125.42372881355932,-132.20338983050848,81627.0,56260.0,3436.5060756344874,751.7357040450441
1789785391.8791666,37.80044009999983,-118.64406779661017,-132.20338983050848,81808.0,56307.0,2809.1708624296225,756.3152321925907
1789785391.940638,37.8619106999995,-111.86440677966102,-132.20338983050848,81989.0,56356.0,2845.6484700067494,764.7680263143138
1789785392.0029302,37.92420350000066,-105.08474576271186,-132.20338983050848,82187.0,56409.0,3061.898412628086,890.0867478570018
1789785392.0647213,37.98599309999918,-98.30508474576271,-132.20338983050848,82347.0,56454.0,2541.479953138333,723.6158199907753
1789785392.1273835,38.048656900000424,-91.52542372881356,-132.20338983050848,82492.0,56521.0,2302.7720060484876,1062.8178489454558
1789785392.1885104,38.10978289999912,-84.74576271186442,-132.20338983050848,82630.0,56605.0,2269.315988881546,1358.0158673621852
1789785392.2508774,38.1721507000002,-77.96610169491527,-132.20338983050848,82770.0,56687.0,2213.5048389456515,1299.9949054125257
1789785392.3125892,38.23386159999973,-71.18644067796612,-132.20338983050848,82893.0,56775.0,2072.590702655563,1375.7714146937788
1789785392.3739448,38.295217999999295,-64.40677966101697,-132.20338983050848,83019.0,56878.0,2093.0681875349787,1717.3892820799824
1789785392.4349997,38.35627179999938,-57.62711864406779,-132.20338983050848,83099.0,56993.0,1398.4384104564513,1864.5845472752683
1789785392.4970114,38.41828480000004,-50.847457627118644,-132.20338983050848,83191.0,57105.0,1557.7913741210261,1808.4704458186627
1789785392.5578098,38.47908280000047,-44.067796610169495,-132.20338983050848,83272.0,57213.0,1258.3319551577022,1779.64090800875
1789785392.619572,38.54084429999966,-37.288135593220346,-132.20338983050848,83345.0,57352.0,1123.6756679789669,2247.3513359579338
1789785392.682517,38.60378920000039,-30.508474576271198,-132.20338983050848,83404.0,57486.0,943.0008382074639,2060.6314612681617
1789785392.7448866,38.666159599999446,-23.72881355932205,-132.20338983050848,83464.0,57625.0,894.3071980947416,2235.767995236854
1789785392.8062906,38.727563099999315,-16.9491525423729,-132.20338983050848,83505.0,57765.0,728.73472101921,2257.300233400968
1789785392.8734007,38.794673299998976,-10.169491525423723,-132.20338983050848,83548.0,57918.0,734.9211214520541,2330.2377021650495
1789785392.9396002,38.86087319999933,-3.3898305084745743,-132.20338983050848,83574.0,58013.0,363.4573383740889,1503.391717820095
1789785393.002905,38.92417690000002,3.3898305084745743,-132.20338983050848,83600.0,58172.0,394.19812039403223,2490.615397035022
1789785393.0652714,38.98654449999958,10.169491525423723,-132.20338983050848,83611.0,58292.0,141.64932937831534,1894.5597804349675
1789785393.1270885,39.048360499999035,16.94915254237287,-132.20338983050848,83622.0,58461.0,177.5432628555616,2805.183553117873
1789785393.1891878,39.11046130000068,23.72881355932202,-132.20338983050848,83647.0,58649.0,410.844875682496,3090.2679779596438
1789785393.2511415,39.17241379999905,30.50847457627117,-132.20338983050848,83671.0,58794.0,361.6629987961834,2278.4768924159557
1789785393.315319,39.23659240000052,37.28813559322032,-132.20338983050848,83693.0,58961.0,364.03222898575274,2634.899943134972
1789785393.3783686,39.29964099999961,44.06779661016947,-132.20338983050848,83716.0,59136.0,325.22440483688933,2674.067328658868
1789785393.4409835,39.36225689999992,50.847457627118644,-132.20338983050848,83763.0,59304.0,751.5695568996226,2691.6677154079507
1789785393.5031257,39.42439749999903,57.627118644067764,-132.20338983050848,83794.0,59437.0,532.49270485808,2183.2200899181275
1789785393.5647542,39.48602759999994,64.40677966101691,-132.20338983050848,83835.0,59604.0,719.6936983677226,2824.7977660933116
1789785393.6258786,39.547150799999145,71.18644067796606,-132.20338983050848,83888.0,59744.0,911.1242916519815,2286.743320224581
1789785393.688856,39.610128899999836,77.96610169491527,-132.20338983050848,83938.0,59881.0,755.8645420516496,2091.81117451503
1789785393.7492812,39.67055359999904,84.74576271186442,-132.20338983050848,84032.0,60038.0,1591.2222394887974,2531.4899264594505
1789785393.8129642,39.734237399999984,91.52542372881356,-132.20338983050848,84132.0,60186.0,1536.9100165065072,2417.611261920348
1789785393.874477,39.795748900000035,98.30508474576271,-132.20338983050848,84217.0,60296.0,1383.0817188899857,1737.718057066905
1789785393.9368234,39.858096199999636,105.08474576271186,-132.20338983050848,84320.0,60384.0,1651.1875234244267,1473.6404778949184
1789785393.9981728,39.9194451000003,111.86440677966101,-132.20338983050848,84438.0,60499.0,1898.3142260297511,1898.3142260297511
1789785394.060488,39.98176079999939,118.64406779661016,-132.20338983050848,84559.0,60595.0,1943.5075364235806,1537.1377788077411
1789785394.1218634,40.043136099999174,125.42372881355931,-132.20338983050848,84698.0,60684.0,2257.3925161226657,1439.7542819365033
1789785394.183213,40.10448589999942,132.20338983050846,-132.20338983050848,84859.0,60790.0,2490.894889640272,1654.6658909753237
1789785394.2443264,40.165598399999,138.9830508474576,-132.20338983050848,85030.0,60873.0,2771.3163394426074,1305.2005985761957
1789785394.3074968,40.228769499999544,145.76271186440675,-132.20338983050848,85185.0,60942.0,2381.3555734026304,1128.9389385019876
1789785394.3688085,40.290080200000375,152.5423728813559,-132.20338983050848,85374.0,61007.0,3143.710435624,1035.995484467
1789785394.4311337,40.35240619999968,159.32203389830505,-132.20338983050848,85552.0,61048.0,2845.3575039564134,662.127217901807
1789785394.4925027,40.41377549999925,166.1016949152542,-132.20338983050848,85769.0,61110.0,3467.1782680760257,1049.0436811101822
1789785394.5538309,40.47510390000025,172.88135593220335,-132.20338983050848,85997.0,61142.0,3644.0363123571324,533.2736066864096
1789785394.6152701,40.53654219999953,179.66101694915255,-132.20338983050848,86206.0,61166.0,3499.5532295823145,426.3415102029216
1789785394.6820512,40.60332340000059,186.4406779661017,-132.20338983050848,86424.0,61200.0,3296.762687143591,576.483092833852
1789785394.746133,40.66740600000048,193.22033898305085,-132.20338983050848,86663.0,61231.0,3839.0008360683482,494.8045522043649
1789785394.8078215,40.729094299998906,200.0,-132.20338983050848,86896.0,61256.0,3570.690611362334,416.8826602098157
1789785394.8697925,40.79106519999914,-200.0,-125.42372881355932,87124.0,61277.0,3658.2491760006365,351.75472846159965
1789785394.9322615,40.85353439999926,-193.22033898305085,-125.42372881355932,87362.0,61307.0,3911.9751509014704,450.6883814402616
1789785394.993387,40.914659899999606,-186.4406779661017,-125.42372881355932,87590.0,61333.0,3808.52250776682,375.48813456855976
1789785395.0536368,40.974909299999126,-179.66101694915255,-125.42372881355932,87807.0,61349.0,3479.8242689241165,271.8612710096966
1789785395.1143453,41.03561810000065,-172.8813559322034,-125.42372881355932,87987.0,61370.0,2987.992231182784,359.9990639979258
1789785395.174714,41.095986500000436,-166.10169491525426,-125.42372881355932,88203.0,61389.0,3601.6469843997497,343.8758427316344
1789785395.236146,41.15741899999921,-159.32203389830508,-125.42372881355932,88421.0,61407.0,3680.0719658285375,266.67188158177805
1789785395.2978687,41.21914049999941,-152.54237288135593,-125.42372881355932,88649.0,61431.0,3836.748982984613,371.2982886759303
1789785395.3592374,41.28050939999957,-145.76271186440678,-125.42372881355932,88824.0,61458.0,2932.3992569570046,464.89256512733
1789785395.421337,41.34260849999919,-138.98305084745763,-125.42372881355932,89037.0,61493.0,3390.3692324309413,565.0615387384902
1789785395.482987,41.40425949999917,-132.20338983050848,-125.42372881355932,89194.0,61514.0,2470.0417938243613,357.97707156874804
1789785395.5447493,41.46602080000048,-125.42372881355932,-125.42372881355932,89375.0,61553.0,3011.3172386787915,655.4043401830311
1789785395.6053534,41.52662599999894,-118.64406779661017,-125.42372881355932,89557.0,61589.0,3030.924504537943,562.626704435187
1789785395.6665235,41.587794699998994,-111.86440677966102,-125.42372881355932,89716.0,61639.0,2554.1278635535627,839.4685985106115
1789785395.7288332,41.6501059000002,-105.08474576271186,-125.42372881355932,89861.0,61694.0,2179.6870743281693,914.0623214924582
1789785395.7898982,41.711169500000324,-98.30508474576271,-125.42372881355932,90024.0,61761.0,2697.637691161855,1125.504467173489
1789785395.8515415,41.77281419999963,-91.52542372881356,-125.42372881355932,90154.0,61834.0,2053.7913167907145,1153.0056515316294
1789785395.9119172,41.83319019999908,-84.74576271186442,-125.42372881355932,90252.0,61883.0,1628.773551609875,741.9968401778319
1789785395.9729648,41.89423689999967,-77.96610169491527,-125.42372881355932,90354.0,61959.0,1591.2691175744847,1287.3188366894708
1789785396.034015,41.95528729999933,-71.18644067796612,-125.42372881355932,90454.0,62056.0,1698.4090376859194,1555.3851187228945
1789785396.095008,42.016280100000586,-64.40677966101697,-125.42372881355932,90542.0,62161.0,1432.9188018625362,1701.5910772117618
1789785396.1565275,42.077799499998946,-57.62711864406779,-125.42372881355932,90639.0,62259.0,1615.0816681196106,1561.837217522261
1789785396.2181664,42.13943839999956,-50.847457627118644,-125.42372881355932,90712.0,62390.0,1173.0893307609751,2168.4378538308933
1789785396.2788918,42.20016349999969,-44.067796610169495,-125.42372881355932,90800.0,62526.0,1401.9296303574615,2210.73518633292
1789785396.341704,42.26297609999892,-37.288135593220346,-125.42372881355932,90857.0,62671.0,878.3255601323464,2441.745057167923
1789785396.403328,42.324599300000045,-30.508474576271198,-125.42372881355932,90915.0,62810.0,924.2374152770209,2186.176963059107
1789785396.4639428,42.38521530000071,-23.72881355932205,-125.42372881355932,90968.0,62955.0,815.5985949852502,2483.0446113995395
1789785396.5253618,42.446634100000665,-16.9491525423729,-125.42372881355932,91005.0,63123.0,604.2016896243224,2754.4488791697054
1789785396.5871167,42.508389000000534,-10.169491525423723,-125.42372881355932,91027.0,63246.0,353.01447889160863,1906.2781860146868
1789785396.6488526,42.57012500000019,-3.3898305084745743,-125.42372881355932,91064.0,63417.0,582.2128676085174,2822.8502671928113
1789785396.7138927,42.635164400000576,3.3898305084745743,-125.42372881355932,91094.0,63600.0,498.5568559605929,2742.062707783261
1789785396.783186,42.7044580999991,10.169491525423723,-125.42372881355932,91123.0,63784.0,376.2787598405309,2602.594755563672
1789785396.846138,42.76740939999945,16.94915254237287,-125.42372881355932,91150.0,63965.0,467.2191832942239,2875.194974118301
1789785396.9097908,42.831063300000096,23.72881355932202,-125.42372881355932,91180.0,64147.0,500.97603951795645,2919.481057880505
1789785396.974279,42.89555019999898,30.50847457627117,-125.42372881355932,91206.0,64324.0,423.9458762433178,2843.970253132257
1789785397.0363786,42.957651099999566,37.28813559322032,-125.42372881355932,91232.0,64498.0,459.13439041073,2913.737477606556
1789785397.0979006,43.01917230000072,44.06779661016947,-125.42372881355932,91271.0,64650.0,627.0850578209629,2382.9232197196593
1789785397.159488,43.080760400000145,50.847457627118644,-125.42372881355932,91307.0,64816.0,535.6033393112275,2695.870141199845
1789785397.2208226,43.14209370000026,57.627118644067764,-125.42372881355932,91352.0,64975.0,764.5368684487174,2595.869367290994
1789785397.2838693,43.20514109999931,64.40677966101691,-125.42372881355932,91396.0,65138.0,729.1236281356593,2621.373044011537
1789785397.3452926,43.266564199999266,71.18644067796606,-125.42372881355932,91474.0,65296.0,1267.0177436194137,2694.6433702328377
1789785397.4075828,43.32885510000051,77.96610169491527,-125.42372881355932,91542.0,65434.0,1066.9872370524447,2062.841991634726
1789785397.4687173,43.38998849999916,84.74576271186442,-125.42372881355932,91617.0,65561.0,1268.5707139080491,2161.930371589774
1789785397.530659,43.45193149999977,91.52542372881356,-125.42372881355932,91725.0,65677.0,1773.4212519907865,1880.901327869016
1789785397.5918107,43.51308190000054,98.30508474576271,-125.42372881355932,91823.0,65799.0,1570.990938260297,1981.590842578329
1789785397.6541514,43.575423899999805,105.08474576271186,-125.42372881355932,91913.0,65905.0,1494.1939890628207,1672.0742258560138
1789785397.7145302,43.635801500000525,111.86440677966101,-125.42372881355932,92008.0,66007.0,1555.5221942700605,1682.1344658966932
1789785397.7762098,43.69748230000005,118.64406779661016,-125.42372881355932,92153.0,66098.0,2420.1484476235505,1352.435897201396
1789785397.837611,43.7588825999992,125.42372881355931,-125.42372881355932,92299.0,66176.0,2345.357436008333,1297.053733550063
1789785397.8979218,43.819194399999105,132.20338983050846,-125.42372881355932,92433.0,66255.0,2302.9775504770564,1360.0261124864505
1789785397.9586678,43.87993900000038,138.9830508474576,-125.42372881355932,92590.0,66303.0,2626.877272724622,791.6616438348176
1789785398.0206676,43.94193970000015,145.76271186440675,-125.42372881355932,92756.0,66366.0,2602.101506724931,1008.9781352606876
1789785398.0821042,44.0033753000007,152.5423728813559,-125.42372881355932,92949.0,66414.0,3232.5155542353505,799.2483513219273
1789785398.1434565,44.06472860000031,159.32203389830505,-125.42372881355932,93129.0,66457.0,2862.425356387425,648.0963071065868
1789785398.2052386,44.12650969999959,166.1016949152542,-125.42372881355932,93332.0,66499.0,3439.0442631356636,564.3559816427755
1789785398.2669017,44.188173700000334,172.88135593220335,-125.42372881355932,93504.0,66531.0,2737.667078189886,536.7974663117424
1789785398.3280087,44.24927969999953,179.66101694915255,-125.42372881355932,93705.0,66565.0,3140.8940840764362,553.2256625361904
1789785398.390349,44.31162079999922,186.4406779661017,-125.42372881355932,93925.0,66590.0,3450.3733161090895,337.923159825117
1789785398.4517336,44.37300479999976,193.22033898305085,-125.42372881355932,94150.0,66614.0,3612.755530904666,411.3533525287491
1789785398.513372,44.43464409999979,200.0,-125.42372881355932,94356.0,66639.0,3332.4494578494487,394.160688562838
1789785398.5737767,44.49504849999903,-200.0,-118.64406779661017,94539.0,66665.0,3005.063350693755,452.5697817309872
1789785398.635162,44.55643389999932,-193.22033898305085,-118.64406779661017,94744.0,66683.0,3235.7741500871366,302.24264039275454
1789785398.6959205,44.61719090000042,-186.4406779661017,-118.64406779661017,94942.0,66704.0,3358.43478972159,359.1908866012396
1789785398.7582967,44.6795689999999,-179.66101694915255,-118.64406779661017,95159.0,66724.0,3442.3164847621442,317.752290901121
1789785398.8203387,44.74160959999972,-172.8813559322034,-118.64406779661017,95333.0,66749.0,2823.684575187708,403.3835107411012
1789785398.8830144,44.80428639999991,-166.10169491525426,-118.64406779661017,95543.0,66773.0,3296.5338541005426,389.91260639898894
1789785398.9444444,44.865715899999486,-159.32203389830508,-118.64406779661017,95742.0,66791.0,3056.6800900576404,266.57093808642213
1789785399.00609,44.92736150000019,-152.54237288135593,-118.64406779661017,95913.0,66811.0,2543.542603485012,337.9532130504561
1789785399.067853,44.989123699999254,-145.76271186440678,-118.64406779661017,96090.0,66831.0,2719.5651521533578,335.53076552541427
1789785399.1291742,45.05044590000034,-138.98305084745763,-118.64406779661017,96310.0,66868.0,3571.9077613794343,562.0768558515862
1789785399.1918213,45.1130921999993,-132.20338983050848,-118.64406779661017,96511.0,66922.0,3304.824870404456,782.7216798326343
1789785399.2560396,45.177310600000055,-125.42372881355932,-118.64406779661017,96639.0,66960.0,1990.8528383316032,573.9395569964981
1789785399.3193674,45.240639499999816,-118.64406779661017,-118.64406779661017,96797.0,67012.0,2434.3719407299895,834.6418082502821
1789785399.3815506,45.30282140000054,-111.86440677966102,-118.64406779661017,96949.0,67064.0,2527.0945761179446,824.4422021377692
1789785399.4440672,45.36533910000071,-105.08474576271186,-118.64406779661017,97073.0,67103.0,1856.213499574235,560.3663394941086
1789785399.5079777,45.429248799999186,-98.30508474576271,-118.64406779661017,97207.0,67179.0,2322.8231451832567,1284.591587866498
1789785399.56943,45.490701999999146,-91.52542372881356,-118.64406779661017,97347.0,67265.0,2351.336312900184,1400.0323084443844
1789785399.632394,45.55366440000034,-84.74576271186442,-118.64406779661017,97484.0,67351.0,2202.5649223963233,1367.7217663267493
1789785399.6939611,45.61523329999909,-77.96610169491527,-118.64406779661017,97606.0,67455.0,1856.141866369171,1659.8191689647397
1789785399.7579124,45.6791831999999,-71.18644067796612,-118.64406779661017,97681.0,67524.0,1064.6282584400872,1100.1158670547568
1789785399.819869,45.74114069999996,-64.40677966101697,-118.64406779661017,97776.0,67639.0,1557.7178724809878,1911.7446616812124
1789785399.8806076,45.801879000000554,-57.62711864406779,-118.64406779661017,97856.0,67758.0,1295.4439954544016,1889.189160037669
1789785399.9426744,45.86394579999978,-50.847457627118644,-118.64406779661017,97917.0,67896.0,983.2841691421303,2229.9480264473314
1789785400.0034506,45.924721299999874,-44.067796610169495,-118.64406779661017,97976.0,68025.0,897.4872152681208,2100.1200837274027
1789785400.0657387,45.98701059999985,-37.288135593220346,-118.64406779661017,98054.0,68172.0,1234.773365406922,2362.175133821938
1789785400.1261504,46.0474207999996,-30.508474576271198,-118.64406779661017,98102.0,68312.0,722.8070936382998,2312.9826996425595
1789785400.1874688,46.1087406000006,-23.72881355932205,-118.64406779661017,98145.0,68461.0,701.7998466813276,2321.3379544074683
1789785400.248125,46.16939699999966,-16.9491525423729,-118.64406779661017,98171.0,68577.0,450.1098267972566,1890.4612725484776
1789785400.3088667,46.23013849999916,-10.169491525423723,-118.64406779661017,98194.0,68698.0,413.5812902986775,2139.833632414897
1789785400.3699121,46.291183600000295,-3.3898305084745743,-118.64406779661017,98219.0,68825.0,411.0945481655783,2037.5990648206928
1789785400.4309156,46.35218720000012,3.3898305084745743,-118.64406779661017,98238.0,68984.0,322.0047298935476,2611.8161424698865
1789785400.491637,46.412908599999355,10.169491525423723,-118.64406779661017,98260.0,69157.0,377.6462210245751,3093.102381725091
1789785400.5530052,46.47427649999918,16.94915254237287,-118.64406779661017,98284.0,69315.0,373.2689651691143,2630.657468810901
1789785400.6143794,46.535651099999086,23.72881355932202,-118.64406779661017,98312.0,69457.0,444.5938279752091,2418.5904241851376
1789785400.674757,46.596028699999806,30.50847457627117,-118.64406779661017,98332.0,69618.0,361.9955365979213,2678.7669708246176
1789785400.7348125,46.65608389999943,37.28813559322032,-118.64406779661017,98365.0,69779.0,545.9945837258574,2657.173640799173
1789785400.796487,46.71775840000009,44.06779661016947,-118.64406779661017,98392.0,69931.0,441.49564597671457,2472.375617469602
1789785400.8583238,46.779594600000564,50.847457627118644,-118.64406779661017,98440.0,70081.0,810.8756046282863,2397.371352814064
1789785400.9223099,46.84358109999994,57.627118644067764,-118.64406779661017,98504.0,70218.0,953.6233188003242,2069.1826728686283
1789785400.9860048,46.90727659999902,64.40677966101691,-118.64406779661017,98562.0,70380.0,921.3822098164309,2576.4576607829827
1789785401.0484889,46.969759699999486,71.18644067796606,-118.64406779661017,98623.0,70534.0,946.0687274170605,2588.301235386298
1789785401.1109314,47.03220300000066,77.96610169491527,-118.64406779661017,98707.0,70643.0,1385.3087133983781,1736.019780081512
1789785401.174575,47.09584619999987,84.74576271186442,-118.64406779661017,98810.0,70757.0,1626.2865088009098,1787.1280316493512
1789785401.2363296,47.157600900000034,91.52542372881356,-118.64406779661017,98887.0,70840.0,1288.1276975759195,1341.06445227082
1789785401.2980504,47.21932150000066,98.30508474576271,-118.64406779661017,98983.0,70932.0,1543.9630158678438,1472.9762105405866
1789785401.3590057,47.28027739999925,105.08474576271186,-118.64406779661017,99096.0,71028.0,1789.9302106138716,1521.4406790217909
1789785401.4201539,47.34142419999989,111.86440677966101,-118.64406779661017,99221.0,71116.0,2054.231717276176,1482.6194133384574
1789785401.4827561,47.40402770000037,118.64406779661016,-118.64406779661017,99373.0,71194.0,2535.6477093370067,1189.1313395511481
1789785401.5443263,47.46559639999941,125.42372881355931,-118.64406779661017,99543.0,71256.0,2801.8506400541064,1010.7942182473676
1789785401.6072822,47.52855350000027,132.20338983050846,-118.64406779661017,99714.0,71316.0,2692.3453474653297,926.5863858159901
1789785401.6689398,47.59021079999911,138.9830508474576,-118.64406779661017,99906.0,71368.0,3092.615893570797,865.9324501998233
1789785401.7303743,47.651646000000255,145.76271186440675,-118.64406779661017,100103.0,71424.0,3161.869979691879,905.9290391252013
1789785401.7921019,47.71337219999987,152.5423728813559,-118.64406779661017,100287.0,71481.0,2896.2676999119526,953.649120702716
1789785401.8548133,47.776084600000104,159.32203389830505,-118.64406779661017,100500.0,71520.0,3334.8174144375666,680.9313045186655
1789785401.91654,47.83780999999908,166.1016949152542,-118.64406779661017,100674.0,71547.0,2699.955530064444,423.52243608854025
1789785401.9789097,47.900180999999066,172.88135593220335,-118.64406779661017,100792.0,71568.0,1962.6981264362153,335.95733695755035
1789785402.040305,47.961575499999526,179.66101694915255,-118.64406779661017,100968.0,71595.0,3070.95322036017,443.7793671040708
1789785402.1016192,48.0228905999993,186.4406779661017,-118.64406779661017,101188.0,71614.0,3802.15803997672,306.3350079602097
1789785402.1624885,48.08375909999995,193.22033898305085,-118.64406779661017,101419.0,71637.0,3928.8289937562135,412.61674363649735
1789785402.2247336,48.14600520000022,200.0,-118.64406779661017,101646.0,71652.0,3843.5960326457907,268.15786274272955
1789785402.285517,48.20678709999993,-200.0,-111.86440677966102,101848.0,71677.0,3324.0260602841586,413.2572939812738
1789785402.346791,48.26806240000042,-193.22033898305085,-111.86440677966102,102052.0,71700.0,3399.6625387596473,339.96625387596475
1789785402.4075756,48.32884589999958,-186.4406779661017,-111.86440677966102,102249.0,71723.0,3126.207138202109,359.3341538163343
1789785402.4688818,48.39015329999893,-179.66101694915255,-111.86440677966102,102488.0,71740.0,3880.134249058622,250.33124187474982
1789785402.530205,48.45147589999942,-172.8813559322034,-111.86440677966102,102681.0,71761.0,2970.1138958951415,302.34692353423594
1789785402.590983,48.512254100000064,-166.10169491525426,-111.86440677966102,102875.0,71787.0,3184.2607566909737,413.77399663216045
1789785402.6523924,48.57366279999951,-159.32203389830508,-111.86440677966102,103037.0,71812.0,2485.3497508350542,372.80246262525816
1789785402.7130423,48.63431329999912,-152.54237288135593,-111.86440677966102,103228.0,71847.0,3220.699326011172,560.9083095862153
1789785402.7740786,48.69534939999903,-145.76271186440678,-111.86440677966102,103412.0,71885.0,2985.352110635797,625.6725980374425
1789785402.836499,48.757770000000164,-138.98305084745763,-111.86440677966102,103642.0,71921.0,3783.975839373197,550.7194883594793
1789785402.8971853,48.81845570000041,-132.20338983050848,-111.86440677966102,103822.0,71951.0,2935.434840540293,432.2112648648284
1789785402.9588442,48.88011539999934,-125.42372881355932,-111.86440677966102,103998.0,72008.0,2728.4101087845634,861.6031922477569
1789785403.0199776,48.9412482000007,-118.64406779661017,-111.86440677966102,104157.0,72058.0,2610.2518535420413,840.2865555923009
1789785403.081953,49.003223899999284,-111.86440677966102,-111.86440677966102,104306.0,72116.0,2353.2908914637605,884.6958238585567
1789785403.1437128,49.06497660000059,-105.08474576271186,-111.86440677966102,104441.0,72208.0,2206.001736552109,1517.729194747851
1789785403.2056935,49.12696469999901,-98.30508474576271,-111.86440677966102,104564.0,72275.0,2002.3212750976547,1010.020466199702
1789785403.2658067,49.187077299999146,-91.52542372881356,-111.86440677966102,104671.0,72349.0,1692.897475959206,1237.8175093035054
1789785403.328118,49.24938850000035,-84.74576271186442,-111.86440677966102,104787.0,72450.0,1846.618138699161,1670.749744537336
1789785403.3898845,49.31115449999925,-77.96610169491527,-111.86440677966102,104887.0,72562.0,1678.3918532370396,1925.7338105561823
1789785403.4519198,49.373190300000715,-71.18644067796612,-111.86440677966102,104966.0,72681.0,1307.2357264231186,1960.853589634678
1789785403.5140464,49.435316400000374,-64.40677966101697,-111.86440677966102,105061.0,72783.0,1544.4975057002127,1473.4861261277892
1789785403.5797234,49.500993600000584,-57.62711864406779,-111.86440677966102,105140.0,72916.0,1125.882611528905,1876.4710192148418
1789785403.6414094,49.56267939999998,-50.847457627118644,-111.86440677966102,105203.0,73054.0,984.278389699427,2236.9963402259705
1789785403.7065747,49.62784509999983,-44.067796610169495,-111.86440677966102,105268.0,73188.0,1031.6961974792173,2010.028798537096
1789785403.773077,49.69434799999908,-37.288135593220346,-111.86440677966102,105300.0,73316.0,497.0178926483242,1905.2352551519095
1789785403.833718,49.75498779999907,-30.508474576271198,-111.86440677966102,105331.0,73471.0,489.1304347764451,2608.6956521410407
1789785403.8982663,49.81953749999957,-23.72881355932205,-111.86440677966102,105358.0,73608.0,389.3731599917432,2116.1584782159953
1789785403.9598863,49.881155999999464,-16.9491525423729,-111.86440677966102,105389.0,73758.0,486.49875852157453,2342.401429918692
1789785404.0229344,49.944205600000714,-10.169491525423723,-111.86440677966102,105415.0,73927.0,386.46528311540925,2775.5233969197575
1789785404.0857852,50.0070553000005,-3.3898305084745743,-111.86440677966102,105449.0,74099.0,518.622110478536,2771.9457629025196
1789785404.1494431,50.0707141999992,3.3898305084745743,-111.86440677966102,105465.0,74271.0,208.78570235758443,2557.6248538804093
1789785404.2117934,50.133063699999184,10.169491525423723,-111.86440677966102,105482.0,74423.0,289.7868255683344,2535.6347237229256
1789785404.2749436,50.19621449999977,16.94915254237287,-111.86440677966102,105510.0,74564.0,450.9449899229245,2202.6928353927465
1789785404.337715,50.258985099999336,23.72881355932202,-111.86440677966102,105531.0,74733.0,299.93524928013204,2769.9902433518077
1789785404.4012928,50.322563899999295,30.50847457627117,-111.86440677966102,105559.0,74872.0,452.28010054638315,2104.842006388937
1789785404.463768,50.38503839999976,37.28813559322032,-111.86440677966102,105592.0,75018.0,567.6224601083421,2305.9662441901396
1789785404.5275126,50.44878339999923,44.06779661016947,-111.86440677966102,105638.0,75152.0,754.4905045752546,2091.9963990495694
1789785404.5885289,50.509799600000406,50.847457627118644,-111.86440677966102,105689.0,75289.0,861.6449520054531,2172.063316513746
1789785404.648814,50.57008490000044,57.627118644067764,-111.86440677966102,105716.0,75401.0,452.31431140793893,1863.5349630007083
1789785404.7106194,50.631889300000694,64.40677966101691,-111.86440677966102,105783.0,75536.0,1040.780973813032,2169.7637250678467
1789785404.7719326,50.69320349999907,71.18644067796606,-111.86440677966102,105858.0,75644.0,1215.918519135453,1734.4720052373373
1789785404.8329842,50.754255300000295,77.96610169491527,-111.86440677966102,105948.0,75761.0,1501.794107592749,1769.97162680574
1789785404.8943887,50.8156598000005,84.74576271186442,-111.86440677966102,106001.0,75819.0,853.0012315074072,870.7720904971449
1789785404.9550788,50.87634799999978,91.52542372881356,-111.86440677966102,106104.0,75928.0,1692.7542913039886,1836.8184863085833
1789785405.017567,50.938837600000625,98.30508474576271,-111.86440677966102,106216.0,76021.0,1764.595854622505,1535.1983935215792
1789785405.0798836,51.00115259999984,105.08474576271186,-111.86440677966102,106344.0,76104.0,2104.026580827617,1367.6172775379512
1789785405.1430068,51.06427740000072,111.86440677966101,-111.86440677966102,106421.0,76135.0,1045.8810589046338,435.7837745435974
1789785405.2046237,51.12589350000053,118.64406779661016,-111.86440677966102,106497.0,76162.0,1279.3745280119167,461.9963573376366
1789785405.2683187,51.18958930000008,125.42372881355931,-111.86440677966102,106650.0,76224.0,2451.338326453659,1043.12269210794
1789785405.3300757,51.25134500000058,132.20338983050846,-111.86440677966102,106840.0,76292.0,3056.9691828791356,1095.56121004917
1789785405.3910358,51.31230659999892,138.9830508474576,-111.86440677966102,106985.0,76338.0,2378.6098107146117,792.8699369048705
1789785405.452204,51.37347319999935,145.76271186440675,-111.86440677966102,107191.0,76391.0,3447.9062455556136,839.6455623891909
1789785405.5144994,51.43577009999899,152.5423728813559,-111.86440677966102,107318.0,76408.0,1874.8452368077221,229.93384979717348
1789785405.5762086,51.49747770000067,159.32203389830505,-111.86440677966102,107420.0,76433.0,1748.9095813754213,441.64383368066194
1789785405.6389496,51.56022040000062,166.1016949152542,-111.86440677966102,107588.0,76458.0,2583.4809397226945,406.98672338097236
1789785405.6996262,51.620896899999934,172.88135593220335,-111.86440677966102,107700.0,76473.0,1964.1373742453768,252.2745251324337
1789785405.7603388,51.68160910000006,179.66101694915255,-111.86440677966102,107901.0,76494.0,3219.2391804553617,341.7069521153736
1789785405.820719,51.74198979999892,186.4406779661017,-111.86440677966102,108083.0,76514.0,3040.0416920407947,325.71875271865656
1789785405.880395,51.80166559999998,193.22033898305085,-111.86440677966102,108299.0,76537.0,3667.894188592578,421.80783168814645
1789785405.940116,51.8613863999999,200.0,-111.86440677966102,108526.0,76557.0,3808.5123913453967,347.8929588248199
1789785406.000749,51.922019499999806,-200.0,-105.08474576271186,108736.0,76577.0,3507.7683578013653,359.77111362065284
1789785406.0618176,51.98308799999904,-193.22033898305085,-105.08474576271186,108931.0,76595.0,3092.444425394806,303.8818221486226
1789785406.1218293,52.04309970000031,-186.4406779661017,-105.08474576271186,109131.0,76619.0,3260.449832763987,400.7256777698755
1789785406.183257,52.1045266000001,-179.66101694915255,-105.08474576271186,109348.0,76641.0,3444.810233617395,372.89182941219224
1789785406.2446306,52.165901099999246,-172.8813559322034,-105.08474576271186,109562.0,76665.0,3420.693032334346,414.08389338784184
1789785406.3060348,52.22730500000034,-166.10169491525426,-105.08474576271186,109772.0,76693.0,3479.230238095915,461.5305417882336
1789785406.3680544,52.2893241999991,-159.32203389830508,-105.08474576271186,109960.0,76732.0,2902.1360783660048,672.4461644994401
1789785406.428084,52.34935399999995,-152.54237288135593,-105.08474576271186,110111.0,76754.0,2494.1106219471717,364.10374043024405
1789785406.4894707,52.410740699999224,-145.76271186440678,-105.08474576271186,110268.0,76790.0,2666.6477038838702,639.9954489321289
1789785406.5504787,52.47174889999951,-138.98305084745763,-105.08474576271186,110440.0,76837.0,2738.024720991347,769.5102157034504
1789785406.6108193,52.532089899999846,-132.20338983050848,-105.08474576271186,110586.0,76883.0,2391.1310774481612,760.8144337335058
1789785406.6722414,52.593510499998956,-125.42372881355932,-105.08474576271186,110745.0,76931.0,2506.7201433811624,800.0170670365412
1789785406.7363133,52.657583799998974,-118.64406779661017,-105.08474576271186,110882.0,76981.0,2279.8208712213914,868.5031890367205
1789785406.7977297,52.718999599999734,-111.86440677966102,-105.08474576271186,111030.0,77034.0,2343.9039851437983,887.8424186150752
1789785406.8655136,52.78678360000049,-105.08474576271186,-105.08474576271186,111191.0,77115.0,2639.5113736289086,1143.7882619058603
1789785406.926536,52.847805899999,-98.30508474576271,-105.08474576271186,111307.0,77177.0,1926.237697726876,1062.1310669708942
1789785406.9889069,52.91017640000064,-91.52542372881356,-105.08474576271186,111394.0,77267.0,1397.586951130023,1450.659873324834
1789785407.0543954,52.97566580000057,-84.74576271186442,-105.08474576271186,111491.0,77355.0,1534.7657813821038,1367.9434138405707
1789785407.1171553,53.03842439999971,-77.96610169491527,-105.08474576271186,111589.0,77480.0,1639.562831285419,1927.83761480813
1789785407.1815844,53.10285499999918,-71.18644067796612,-105.08474576271186,111660.0,77559.0,1069.924760102293,1242.4932697962113
1789785407.2436383,53.16490729999896,-64.40677966101697,-105.08474576271186,111723.0,77681.0,1020.548840424317,1951.5758527412377
1789785407.3057384,53.22700889999942,-57.62711864406779,-105.08474576271186,111773.0,77819.0,838.6163187491991,2176.833848668134
1789785407.3693645,53.29063429999951,-50.847457627118644,-105.08474576271186,111859.0,77984.0,1437.855358850733,2609.441206803182
1789785407.4321053,53.35337579999941,-44.067796610169495,-105.08474576271186,111913.0,78125.0,855.6545670042135,2305.0286294807383
1789785407.4951615,53.41643110000041,-37.288135593220346,-105.08474576271186,111945.0,78259.0,536.1182891459716,2180.2143758602847
1789785407.5593872,53.48065769999994,-30.508474576271198,-105.08474576271186,111973.0,78415.0,462.10799977791703,2498.8062210213293
1789785407.6222813,53.54355129999931,-23.72881355932205,-105.08474576271186,112007.0,78570.0,550.6001541624389,2433.297455492069
1789785407.6870341,53.60830460000034,-16.9491525423729,-105.08474576271186,112038.0,78690.0,472.3777132323287,1822.0283224675536
1789785407.748081,53.66935050000029,-10.169491525423723,-105.08474576271186,112065.0,78855.0,452.05749449084414,2694.262667165431
1789785407.810764,53.73203470000044,-3.3898305084745743,-105.08474576271186,112085.0,78989.0,314.58137084351466,2044.7789104828453
1789785407.8722491,53.793518000000404,3.3898305084745743,-105.08474576271186,112112.0,79147.0,444.1972733419653,2611.8799672507557
1789785407.9355426,53.85681300000033,10.169491525423723,-105.08474576271186,112140.0,79330.0,437.00181792623846,2831.771780162025
1789785407.9979942,53.91926339999918,16.94915254237287,-105.08474576271186,112174.0,79471.0,565.9389634979352,2316.8126318196723
1789785408.0603588,53.981629100000646,23.72881355932202,-105.08474576271186,112216.0,79619.0,703.2249898167431,2303.0618416498337
1789785408.1215026,54.04277170000023,30.50847457627117,-105.08474576271186,112248.0,79763.0,554.5537809832815,2397.103440379346
1789785408.1834333,54.104703699998936,37.28813559322032,-105.08474576271186,112282.0,79904.0,554.8714130238235,2291.0819634532068
1789785408.2441945,54.16546329999983,44.06779661016947,-105.08474576271186,112329.0,80037.0,777.357562777591,2151.291859779845
1789785408.3058825,54.22715269999935,50.847457627118644,-105.08474576271186,112375.0,80129.0,746.7635799787727,1440.1869042447759
1789785408.3679547,54.289224000000104,57.627118644067764,-105.08474576271186,112438.0,80246.0,965.3079064069195,1841.2354511094948
1789785408.4326284,54.35389889999897,64.40677966101691,-105.08474576271186,112510.0,80361.0,1046.263405258938,1788.772918668507
1789785408.4944527,54.41572180000003,71.18644067796606,-105.08474576271186,112601.0,80479.0,1465.6414326379738,1966.1043608558184
1789785408.5563529,54.47762270000021,77.96610169491527,-105.08474576271186,112673.0,80543.0,1185.8176212524202,1008.8299165878798
1789785408.6180973,54.53936740000063,84.74576271186442,-105.08474576271186,112759.0,80628.0,1522.4391599504568,1416.222474372518
1789785408.6790261,54.600296399999934,91.52542372881356,-105.08474576271186,112865.0,80729.0,1774.670610364209,1595.4109527516628
1789785408.7399344,54.66120360000059,98.30508474576271,-105.08474576271186,112960.0,80808.0,1618.4896254918547,1114.9595197832778
1789785408.8032732,54.724543500000436,105.08474576271186,-105.08474576271186,113060.0,80870.0,1624.5563039853494,925.8224097981024
1789785408.8647132,54.78598249999959,111.86440677966101,-105.08474576271186,113193.0,80926.0,2308.185357917294,905.5188711829384
1789785408.928723,54.84999339999922,118.64406779661016,-105.08474576271186,113311.0,80967.0,1736.1021584115385,584.4304295642803
1789785408.9916244,54.91289300000062,125.42372881355931,-105.08474576271186,113459.0,81036.0,2505.752643369044,1111.7071586778152
1789785409.054569,54.97583889999987,132.20338983050846,-105.08474576271186,113647.0,81092.0,2865.067619191739,896.4321998698081
1789785409.1156027,55.03687209999953,138.9830508474576,-105.08474576271186,113808.0,81128.0,2627.073511572083,554.0086997192828
1789785409.176932,55.09820209999998,145.76271186440675,-105.08474576271186,114005.0,81169.0,3238.591123342614,697.8179768528285
1789785409.2384176,55.15968679999969,152.5423728813559,-105.08474576271186,114161.0,81205.0,2539.1030752327347,568.1908979541785
1789785409.3017976,55.223067799999626,159.32203389830505,-105.08474576271186,114342.0,81248.0,2862.838609239509,645.8843203772063
1789785409.3627434,55.28401230000054,166.1016949152542,-105.08474576271186,114508.0,81273.0,2699.904698688377,429.1239256193447
1789785409.4252496,55.346519499998976,172.88135593220335,-105.08474576271186,114687.0,81302.0,2827.324679400994,459.44026040266147
1789785409.485911,55.407179499999984,179.66101694915255,-105.08474576271186,114891.0,81323.0,3181.976708667388,305.6135821883932
1789785409.5475597,55.468829800000094,186.4406779661017,-105.08474576271186,115112.0,81340.0,3580.3090164920754,250.62163115444525
1789785409.6089897,55.53025840000009,193.22033898305085,-105.08474576271186,115293.0,81365.0,2897.082477953791,391.0172669630884
1789785409.6703176,55.59158740000021,200.0,-105.08474576271186,115464.0,81382.0,2852.678018701077,251.17919661518914
1789785409.7303827,55.651651899999706,-200.0,-98.30508474576271,115638.0,81404.0,3022.512253990799,400.5739131795035
1789785409.7923772,55.71364729999914,-193.22033898305085,-98.30508474576271,115817.0,81428.0,2989.173915399735,404.4176473776112
1789785409.8538249,55.775093899999774,-186.4406779661017,-98.30508474576271,115981.0,81449.0,2559.5176730997455,337.7141374228831
1789785409.9158714,55.83714130000044,-179.66101694915255,-98.30508474576271,116139.0,81471.0,2719.8821619814157,353.23144960797606
1789785409.97701,55.898278599999685,-172.8813559322034,-98.30508474576271,116360.0,81505.0,3727.131196863559,517.1617450193455
1789785410.039909,55.961178600000494,-166.10169491525426,-98.30508474576271,116545.0,81529.0,3128.3832235223413,404.2292929270441
1789785410.1000528,56.02132109999911,-159.32203389830508,-98.30508474576271,116713.0,81561.0,2856.513852319416,473.05324942869305
1789785410.1630518,56.08432150000044,-152.54237288135593,-98.30508474576271,116883.0,81602.0,2653.3904045644676,628.4345695021108
1789785410.2245016,56.14576990000023,-145.76271186440678,-98.30508474576271,117042.0,81638.0,2574.377311322504,568.1384411194491
1789785410.286165,56.2074348999995,-138.98305084745763,-98.30508474576271,117191.0,81683.0,2414.314200659528,769.0037824322941
1789785410.3468864,56.26815530000022,-132.20338983050848,-98.30508474576271,117335.0,81733.0,2480.4039103339833,826.801303444661
1789785410.408509,56.32977889999893,-125.42372881355932,-98.30508474576271,117488.0,81811.0,2417.4745807239724,1271.4125572696448
1789785410.469702,56.390970299999026,-118.64406779661017,-98.30508474576271,117644.0,81880.0,2587.4006081228736,1177.713380249032
1789785410.53398,56.45524970000042,-111.86440677966102,-98.30508474576271,117766.0,81954.0,1878.443813658506,1165.3308843992584
1789785410.5950725,56.51634220000051,-105.08474576271186,-98.30508474576271,117874.0,82025.0,1734.2673346782715,1108.5007706191013
1789785410.6550577,56.57632740000008,-98.30508474576271,-98.30508474576271,117961.0,82102.0,1440.57010106492,1185.2791970787316
1789785410.716106,56.63737579999906,-91.52542372881356,-98.30508474576271,118047.0,82174.0,1323.2575023651348,1215.9663535247184
1789785410.776805,56.698074500000075,-84.74576271186442,-98.30508474576271,118129.0,82266.0,1278.7608627383033,1476.8787428808573
1789785410.8371909,56.75846049999927,-77.96610169491527,-98.30508474576271,118187.0,82356.0,958.4329440486388,1555.1930790223196
1789785410.8989556,56.820224600000074,-71.18644067796612,-98.30508474576271,118268.0,82464.0,1341.0549867619404,1782.1914955652103
1789785410.959719,56.8809870999994,-64.40677966101697,-98.30508474576271,118320.0,82559.0,867.3591083516286,1626.2983281593035
1789785411.023008,56.94427689999975,-57.62711864406779,-98.30508474576271,118387.0,82709.0,1030.094471884311,2339.5365971609776
1789785411.0839827,57.005251900000076,-50.847457627118644,-98.30508474576271,118440.0,82867.0,905.544467671148,2571.74628818606
1789785411.144409,57.06567840000025,-44.067796610169495,-98.30508474576271,118481.0,83003.0,651.1994732486551,2369.6425276548284
1789785411.2044837,57.12575350000043,-37.288135593220346,-98.30508474576271,118514.0,83150.0,509.31037556268996,2510.1725652732575
1789785411.2647328,57.18600250000054,-30.508474576271198,-98.30508474576271,118544.0,83298.0,488.9532777962139,2517.2039116175456
1789785411.32479,57.24605940000038,-23.72881355932205,-98.30508474576271,118570.0,83457.0,400.7789685815611,2641.49774746938
1789785411.385801,57.30707059999986,-16.9491525423729,-98.30508474576271,118593.0,83587.0,415.9778916794523,2206.4914254301384
1789785411.4465582,57.36782789999961,-10.169491525423723,-98.30508474576271,118616.0,83724.0,323.7712879615541,2284.3863095065203
1789785411.5088937,57.430163099999845,-3.3898305084745743,-98.30508474576271,118630.0,83881.0,230.1911649027376,2478.981775875636
1789785411.5709767,57.492245999999795,3.3898305084745743,-98.30508474576271,118656.0,84030.0,421.363109665572,2405.2810843409734
1789785411.6326914,57.55396049999945,10.169491525423723,-98.30508474576271,118680.0,84191.0,357.94503754047696,2487.7180109063147
1789785411.6956723,57.6169417000001,16.94915254237287,-98.30508474576271,118718.0,84329.0,588.0948839196719,2248.5980855752164
1789785411.7578526,57.67912179999985,23.72881355932202,-98.30508474576271,118764.0,84478.0,755.2802179668888,2283.823516233211
1789785411.8196497,57.740919300000314,30.50847457627117,-98.30508474576271,118805.0,84625.0,670.4245728265643,2311.200501059998
1789785411.8812578,57.80252710000059,37.28813559322032,-98.30508474576271,118858.0,84763.0,851.0869466871475,2209.2044148049363
1789785411.9422495,57.8635192999991,44.06779661016947,-98.30508474576271,118928.0,84914.0,1127.7771512346533,2452.4677733198014
1789785412.0057294,57.9269977999993,50.847457627118644,-98.30508474576271,118991.0,85059.0,1023.2796111563349,2222.9867414775554
1789785412.0682588,57.98952830000053,57.627118644067764,-98.30508474576271,119060.0,85213.0,1022.4245917681112,2467.9214284057857
1789785412.130197,58.051465099999405,64.40677966101691,-98.30508474576271,119135.0,85344.0,1165.764670950475,2066.582825775842
1789785412.193715,58.114984599998934,71.18644067796606,-98.30508474576271,119240.0,85468.0,1675.5322901607308,1869.5412921793418
1789785412.2556036,58.17687189999924,77.96610169491527,-98.30508474576271,119342.0,85566.0,1660.35849458105,1606.7985431429515
1789785412.3170836,58.23835320000035,84.74576271186442,-98.30508474576271,119430.0,85687.0,1499.1005396798264,1980.9542845769136
1789785412.3777304,58.29899839999962,91.52542372881356,-98.30508474576271,119515.0,85767.0,1412.9692461565976,1268.0493234738697
1789785412.4403565,58.36162599999989,98.30508474576271,-98.30508474576271,119652.0,85863.0,2247.075705200294,1486.2547971403521
1789785412.5021822,58.42345039999964,105.08474576271186,-98.30508474576271,119725.0,85916.0,1111.711082155081,758.786929089976
1789785412.5652544,58.486523899999156,111.86440677966101,-98.30508474576271,119815.0,85959.0,1302.094636239883,590.2829017620802
1789785412.625552,58.54682099999991,118.64406779661016,-98.30508474576271,119948.0,86006.0,2300.266251333729,796.9426382573549
1789785412.6868832,58.60815249999905,125.42372881355931,-98.30508474576271,120105.0,86060.0,2542.8008507468026,924.6548548170191
1789785412.7472527,58.66852189999918,132.20338983050846,-98.30508474576271,120278.0,86103.0,2914.9346041058984,778.5229066866685
1789785412.8086467,58.72991589999947,138.9830508474576,-98.30508474576271,120460.0,86134.0,3039.6487516988473,515.4959871302138
1789785412.8708136,58.792081899999175,145.76271186440675,-98.30508474576271,120664.0,86166.0,3144.4753167676427,515.196520826337
1789785412.933445,58.85471420000067,152.5423728813559,-98.30508474576271,120862.0,86198.0,3182.882073301727,509.96453108149217
1789785412.9945657,58.915833200000634,159.32203389830505,-98.30508474576271,121051.0,86228.0,3139.2526082231198,499.42655130822357
1789785413.0561972,58.97746580000057,166.1016949152542,-98.30508474576271,121241.0,86248.0,3056.218332023164,303.8345710198467
1789785413.117212,59.038481100000354,172.88135593220335,-98.30508474576271,121427.0,86269.0,3022.42856599367,286.14708317099837
1789785413.1792648,59.100533599999835,179.66101694915255,-98.30508474576271,121652.0,86285.0,3664.7156924351193,265.55910814747244
1789785413.2403471,59.1616154000003,186.4406779661017,-98.30508474576271,121829.0,86309.0,2750.324145377539,410.7626970369052
1789785413.302361,59.22362989999965,193.22033898305085,-98.30508474576271,121962.0,86324.0,2068.175550979613,247.4739975531161
1789785413.3638043,59.28507249999893,200.0,-98.30508474576271,122125.0,86355.0,2683.7955622539403,497.65745525238634
1789785413.427129,59.34839850000026,-200.0,-91.52542372881356,122298.0,86371.0,2677.094092083089,241.80204702685967
1789785413.4888902,59.41015849999894,-193.22033898305085,-91.52542372881356,122479.0,86391.0,2930.4598350304386,335.41407750348395
1789785413.5542285,59.475497800000085,-186.4406779661017,-91.52542372881356,122697.0,86416.0,3462.6038781615734,371.59651375392497
1789785413.6157017,59.53697040000043,-179.66101694915255,-91.52542372881356,122883.0,86445.0,3012.260078948551,450.93713756714834
1789785413.6785038,59.599772999999914,-172.8813559322034,-91.52542372881356,123050.0,86475.0,2580.6271622127547,488.2267604186292
1789785413.7406049,59.66187290000016,-166.10169491525426,-91.52542372881356,123251.0,86506.0,3271.689693676972,536.3425727339298
1789785413.8031652,59.72443430000021,-159.32203389830508,-91.52542372881356,123452.0,86557.0,3290.0820919513267,906.9956037271224
1789785413.8645148,59.78578389999893,-152.54237288135593,-91.52542372881356,123606.0,86596.0,2462.3763379316365,633.6997928500535
1789785413.9263103,59.84757969999919,-145.76271186440678,-91.52542372881356,123746.0,86641.0,2118.6440678385447,706.2146892795149
1789785413.9883213,59.909589799999594,-138.98305084745763,-91.52542372881356,123885.0,86693.0,2183.58196931501,841.216004572176
1789785414.0503676,59.971636500000386,-132.20338983050848,-91.52542372881356,124017.0,86758.0,2192.1450492923514,1043.0367573245865
1789785414.112132,60.033400399999664,-125.42372881355932,-91.52542372881356,124142.0,86816.0,2084.883008083864,901.0935034938734
1789785414.174485,60.095754100000704,-118.64406779661017,-91.52542372881356,124233.0,86877.0,1581.0082265453457,1018.8719682181118
1789785414.2361164,60.15738380000039,-111.86440677966102,-91.52542372881356,124315.0,86939.0,1414.3471373663845,1060.7603530247884
1789785414.2989247,60.22019349999937,-105.08474576271186,-91.52542372881356,124434.0,87022.0,1999.9999999788804,1309.7345132605058
1789785414.3596835,60.28095129999929,-98.30508474576271,-91.52542372881356,124541.0,87096.0,1779.8360752690128,1240.4918100359785
1789785414.4216406,60.34290949999922,-91.52542372881356,-91.52542372881356,124639.0,87209.0,1574.3354693983943,1824.7979304390478
1789785414.4831011,60.40436880000016,-84.74576271186442,-91.52542372881356,124727.0,87323.0,1456.4132803856307,1900.4417195275914
1789785414.5454934,60.46676219999972,-77.96610169491527,-91.52542372881356,124803.0,87452.0,1193.6651488426849,2001.1445142362656
1789785414.606514,60.52778240000043,-71.18644067796612,-91.52542372881356,124869.0,87557.0,1090.1344618041526,1626.2661643307852
1789785414.6668215,60.58809019999899,-64.40677966101697,-91.52542372881356,124930.0,87683.0,1033.3162927077346,2121.0176534527186
1789785414.7272205,60.64848879999954,-57.62711864406779,-91.52542372881356,124956.0,87805.0,452.49523975992355,2099.577912486045
1789785414.7889717,60.71024000000034,-50.847457627118644,-91.52542372881356,125002.0,87958.0,802.1133011666262,2566.762563733204
1789785414.8510075,60.77227549999952,-44.067796610169495,-91.52542372881356,125044.0,88101.0,705.8470605910021,2346.941476465082
1789785414.9129715,60.83424019999984,-37.288135593220346,-91.52542372881356,125078.0,88239.0,513.9201474400288,2162.0088961270176
1789785414.9737759,60.89504339999985,-30.508474576271198,-91.52542372881356,125108.0,88375.0,503.00003592675625,2191.6430136808667
1789785415.0349104,60.95617949999905,-23.72881355932205,-91.52542372881356,125133.0,88534.0,376.8763056049381,2656.080629977659
1789785415.096,61.01726769999914,-16.9491525423729,-91.52542372881356,125151.0,88685.0,285.36624081530516,2282.9299265224413
1789785415.1584735,61.07974230000036,-10.169491525423723,-91.52542372881356,125177.0,88847.0,409.42751352854174,2509.9686698923647
1789785415.2195942,61.1408621999999,-3.3898305084745743,-91.52542372881356,125203.0,89022.0,410.8368031132147,2875.857621792503
1789785415.2809625,61.20223110000006,3.3898305084745743,-91.52542372881356,125228.0,89170.0,357.64547677027997,2306.8133251683057
1789785415.3423307,61.26359830000001,10.169491525423723,-91.52542372881356,125254.0,89327.0,408.6622175867081,2505.2770730315583
1789785415.4053824,61.326651199999105,16.94915254237287,-91.52542372881356,125284.0,89470.0,475.14214668867476,2270.1235897347797
1789785415.4658322,61.38709949999975,23.72881355932202,-91.52542372881356,125316.0,89619.0,487.86569600400264,2475.4666797240134
1789785415.5281384,61.44940719999977,30.50847457627117,-91.52542372881356,125355.0,89761.0,657.8432697436277,2364.6798615108783
1789785415.5885167,61.50978480000049,37.28813559322032,-91.52542372881356,125413.0,89900.0,976.9936097346202,2189.1893847757233
1789785415.6514719,61.572740699999486,44.06779661016947,-91.52542372881356,125467.0,90038.0,881.6329917477005,2109.0044116317545
1789785415.7127047,61.633972800000265,50.847457627118644,-91.52542372881356,125514.0,90147.0,767.9380506017292,1696.6073210968434
1789785415.7743437,61.6956124999997,57.627118644067764,-91.52542372881356,125604.0,90259.0,1386.5212360173052,1724.263588380495
1789785415.8357613,61.757029299998976,64.40677966101691,-91.52542372881356,125679.0,90382.0,1297.175888163257,2150.113458462385
1789785415.8990574,61.82032629999958,71.18644067796606,-91.52542372881356,125785.0,90500.0,1738.2537502914113,1859.93151281181
1789785415.9605966,61.881863700000395,77.96610169491527,-91.52542372881356,125858.0,90566.0,1134.6491717923352,1028.2758119368036
1789785416.024915,61.94618359999913,84.74576271186442,-91.52542372881356,125956.0,90629.0,1598.210004830806,1031.1032289231005
1789785416.0863667,62.00763410000036,91.52542372881356,-91.52542372881356,126042.0,90685.0,1420.3360159699312,940.9726105800794
1789785416.1480443,62.069312899999204,98.30508474576271,-91.52542372881356,126169.0,90746.0,1883.834919191368,1013.0055697538488
1789785416.209419,62.130686599999535,105.08474576271186,-91.52542372881356,126307.0,90811.0,2203.6295912003484,1084.0435892195262
1789785416.2728305,62.194098800000575,111.86440677966101,-91.52542372881356,126416.0,90845.0,1586.9429096845276,500.23200413968806
1789785416.3335528,62.25482009999905,118.64406779661016,-91.52542372881356,126573.0,90886.0,2641.1155208798004,700.7041177844369
1789785416.3941803,62.31544910000048,125.42372881355931,-91.52542372881356,126724.0,90932.0,2445.616730213971,742.7428588057245
1789785416.4560258,62.37729330000002,132.20338983050846,-91.52542372881356,126893.0,90970.0,2712.063898367067,602.6808663037926
1789785416.517656,62.43892480000068,138.9830508474576,-91.52542372881356,127064.0,91001.0,2844.8631314537274,522.1584228617601
1789785416.5779672,62.49923540000054,145.76271186440675,-91.52542372881356,127255.0,91027.0,3167.025294518944,470.5294723285288
1789785416.6393225,62.56059099999948,152.5423728813559,-91.52542372881356,127455.0,91052.0,3287.7958795120603,408.75300123663453
1789785416.6996803,62.6209486000007,159.32203389830505,-91.52542372881356,127631.0,91078.0,3043.5499386820643,344.2110049699954
1789785416.7620883,62.683356300000014,166.1016949152542,-91.52542372881356,127845.0,91099.0,3455.4551689433206,366.48766943338245
1789785416.8231373,62.74440560000039,172.88135593220335,-91.52542372881356,128052.0,91118.0,3471.7872546316744,304.2287800450436
1789785416.884518,62.80578609999975,179.66101694915255,-91.52542372881356,128180.0,91132.0,2203.433802821014,248.77478418946936
1789785416.944833,62.86610110000038,186.4406779661017,-91.52542372881356,128252.0,91143.0,1285.7311010947253,199.19777622594336
1789785417.0055628,62.92683089999991,193.22033898305085,-91.52542372881356,128425.0,91160.0,2789.0489343059735,251.91409729215243
1789785417.0666249,62.98789249999936,200.0,-91.52542372881356,128585.0,91175.0,2789.011295482016,250.2958854919758
1789785417.1286259,63.04989430000023,-200.0,-84.74576271186442,128794.0,91214.0,3451.822170583726,587.1656269549636
1789785417.1897357,63.11100269999952,-193.22033898305085,-84.74576271186442,128927.0,91235.0,1985.1134375776944,339.79419201780354
1789785417.2520988,63.17336719999912,-186.4406779661017,-84.74576271186442,129060.0,91266.0,2308.7207002440878,519.0147310626244
1789785417.312833,63.2341006000006,-179.66101694915255,-84.74576271186442,129242.0,91292.0,3110.6492087443144,449.51578161045006
1789785417.3741343,63.29540289999932,-172.8813559322034,-84.74576271186442,129441.0,91337.0,3221.026863399722,787.3621221643765
1789785417.4359155,63.35718300000008,-166.10169491525426,-84.74576271186442,129620.0,91372.0,2863.6327479720567,565.6558514512705
1789785417.4989629,63.42023119999976,-159.32203389830508,-84.74576271186442,129758.0,91409.0,2206.1633603361365,538.5123163025214
1789785417.5614266,63.48269409999921,-152.54237288135593,-84.74576271186442,129924.0,91471.0,2752.618494125252,929.2278992906901
1789785417.6231055,63.54437379999945,-145.76271186440678,-84.74576271186442,130088.0,91536.0,2558.5606218548055,1037.7378745984524
1789785417.6845422,63.6058094,-138.98305084745763,-84.74576271186442,130231.0,91595.0,2324.021870648159,993.4749981396711
1789785417.7461178,63.66738570000052,-132.20338983050848,-84.74576271186442,130365.0,91670.0,2014.4826916403956,1259.0516822752472
1789785417.8065403,63.72780729999977,-125.42372881355932,-84.74576271186442,130489.0,91762.0,2028.202885444267,1503.0432097488763
1789785417.8681943,63.78946240000005,-118.64406779661017,-84.74576271186442,130614.0,91819.0,2056.781605869368,938.18108337901
1789785417.9296703,63.850937299999714,-111.86440677966102,-84.74576271186442,130728.0,91910.0,1845.706071316911,1437.521074775671
1789785417.9909701,63.91223790000004,-105.08474576271186,-84.74576271186442,130828.0,92004.0,1685.1616141964353,1577.598106907301
1789785418.0531497,63.97441620000063,-98.30508474576271,-84.74576271186442,130913.0,92110.0,1368.3514347723617,1613.9529743468881
1789785418.1175623,64.0388299999995,-91.52542372881356,-84.74576271186442,130984.0,92226.0,1199.3452985470472,1957.7548255694446
1789785418.1792629,64.10052989999895,-84.74576271186442,-84.74576271186442,131042.0,92350.0,870.4797231633563,2025.1977232780125
1789785418.2473612,64.16862880000008,-77.96610169491527,-84.74576271186442,131095.0,92483.0,833.1383435089695,2038.52998943684
1789785418.3123546,64.23362280000038,-71.18644067796612,-84.74576271186442,131145.0,92613.0,759.8989503062962,1975.73727079637
1789785418.3762734,64.2975406000005,-64.40677966101697,-84.74576271186442,131197.0,92757.0,841.8896212414437,2245.038989977183
1789785418.4385135,64.35978149999937,-57.62711864406779,-84.74576271186442,131247.0,92884.0,760.8168696220133,2123.2098687125954
1789785418.500595,64.42186279999987,-50.847457627118644,-84.74576271186442,131278.0,93028.0,519.3781789399633,2328.247009041215
1789785418.56247,64.48373770000035,-44.067796610169495,-84.74576271186442,131308.0,93170.0,442.74901089174193,2408.554619251076
1789785418.627073,64.54834089999895,-37.288135593220346,-84.74576271186442,131342.0,93353.0,555.032353010578,2631.9276094372576
1789785418.6890423,64.6103105000002,-30.508474576271198,-84.74576271186442,131370.0,93515.0,440.0749887817014,2605.2439335876725
1789785418.7497656,64.6710335000007,-23.72881355932205,-84.74576271186442,131389.0,93672.0,289.5665550569938,2606.0989955129444
1789785418.8126094,64.73387720000028,-16.9491525423729,-84.74576271186442,131420.0,93845.0,502.31410913779115,2840.672893055095
1789785418.8732266,64.79449439999917,-10.169491525423723,-84.74576271186442,131449.0,94010.0,521.751646225328,2752.6897197405237
1789785418.9362793,64.85754739999902,-3.3898305084745743,-84.74576271186442,131472.0,94163.0,379.908373004228,2452.135862118199
1789785418.9974039,64.91867099999945,3.3898305084745743,-84.74576271186442,131504.0,94325.0,506.5471215565811,2623.1904509180094
1789785419.0604322,64.98170029999892,10.169491525423723,-84.74576271186442,131544.0,94491.0,642.2083636276031,2603.5474201119046
1789785419.123175,65.04444180000064,16.94915254237287,-84.74576271186442,131590.0,94656.0,705.5868365637423,2645.9506371140337
1789785419.1859484,65.10721659999945,23.72881355932202,-84.74576271186442,131620.0,94776.0,529.937025818581,2013.7606981106078
1789785419.2469316,65.16819829999986,30.50847457627117,-84.74576271186442,131691.0,94889.0,1161.8907000511274,1751.7736708463153
1789785419.3106043,65.2318723999997,37.28813559322032,-84.74576271186442,131745.0,95042.0,869.0377492745198,2415.9249429831652
1789785419.3717604,65.29302710000047,44.06779661016947,-84.74576271186442,131813.0,95135.0,1179.2031445153277,1411.4704305562257
1789785419.4337282,65.35499609999897,50.847457627118644,-84.74576271186442,131883.0,95219.0,1114.3756224056574,1362.0146496069146
1789785419.494846,65.41611319999902,57.627118644067764,-84.74576271186442,131955.0,95310.0,1267.6669928314686,1571.1928925235104
1789785419.5573006,65.47856850000062,64.40677966101691,-84.74576271186442,132030.0,95404.0,1267.239363644609,1517.1175480252364
1789785419.6182454,65.53951210000014,71.18644067796606,-84.74576271186442,132139.0,95492.0,1798.0954572853313,1492.4192295468251
1789785419.6810691,65.60233700000026,77.96610169491527,-84.74576271186442,132238.0,95559.0,1489.678282085979,998.9607303400094
1789785419.7423327,65.66359980000016,84.74576271186442,-84.74576271186442,132352.0,95630.0,2021.3765037258875,1234.2918474078429
1789785419.8063507,65.72761859999991,91.52542372881356,-84.74576271186442,132481.0,95715.0,1957.0805251741583,1397.9146608386845
1789785419.8678317,65.78909860000022,98.30508474576271,-84.74576271186442,132634.0,95784.0,2485.9631864429593,1136.4403138024957
1789785419.9304717,65.85173960000066,105.08474576271186,-84.74576271186442,132785.0,95849.0,2400.5078407710134,977.9846758696722
1789785419.9918692,65.91313619999892,111.86440677966101,-84.74576271186442,132947.0,95905.0,2736.007277053279,923.8466130309772
1789785420.0539849,65.97525230000065,118.64406779661016,-84.74576271186442,133122.0,95961.0,2949.189422440905,881.1602542658802
1789785420.1150057,66.03627249999954,125.42372881355931,-84.74576271186442,133321.0,95993.0,3342.927117046989,536.2984679754528
1789785420.1769845,66.09825219999948,132.20338983050846,-84.74576271186442,133481.0,96025.0,2652.6512364966306,530.5302472993261
1789785420.2370815,66.15834840000025,138.9830508474576,-84.74576271186442,133665.0,96055.0,3073.040164016478,490.9590794582538
1789785420.2990544,66.22032219999892,145.76271186440675,-84.74576271186442,133870.0,96082.0,3368.1314492871265,407.72117544002055
1789785420.3598044,66.28107090000049,152.5423728813559,-84.74576271186442,134067.0,96108.0,3216.9307604814458,395.37696497537326
1789785420.4212298,66.34249559999989,159.32203389830505,-84.74576271186442,134268.0,96132.0,3181.781618980012,411.1290855985409
1789785420.4826112,66.40387740000006,166.1016949152542,-84.74576271186442,134473.0,96152.0,3352.496368147161,301.5472923730251
1789785420.5449688,66.46623670000008,172.88135593220335,-84.74576271186442,134680.0,96167.0,3214.394868290255,228.34499064357001
1789785420.6056309,66.52689859999919,179.66101694915255,-84.74576271186442,134870.0,96192.0,3032.4526585867056,451.25783609921217
1789785420.6663015,66.58756940000058,186.4406779661017,-84.74576271186442,135061.0,96215.0,3204.9897008235284,306.094521988764
1789785420.7266939,66.64796149999893,193.22033898305085,-84.74576271186442,135256.0,96232.0,3495.407975753544,289.7747544666151
1789785420.787748,66.70901589999994,200.0,-84.74576271186442,135435.0,96262.0,2735.6650259122966,518.5247434735726
1789785420.848142,66.76940879999893,-200.0,-77.96610169491527,135637.0,96296.0,3415.7511309555002,560.2554765059286
1789785420.9084136,66.82968129999972,-193.22033898305085,-77.96610169491527,135776.0,96320.0,2209.384451010113,398.4135895264138
1789785420.968857,66.89012469999943,-186.4406779661017,-77.96610169491527,135929.0,96339.0,2751.210894796029,343.90136184950364
1789785421.0295157,66.95078309999917,-179.66101694915255,-77.96610169491527,136115.0,96385.0,3254.4415935551256,719.2136118353868
1789785421.091024,67.01229049999893,-172.8813559322034,-77.96610169491527,136282.0,96422.0,2659.1218516080044,602.734286364481
1789785421.1526022,67.0738696999997,-166.10169491525426,-77.96610169491527,136427.0,96460.0,2255.8127460422756,555.0015486294487
1789785421.2137017,67.13496809999924,-159.32203389830508,-77.96610169491527,136436.0,96467.0,107.16601265414728,107.16601265414728
1789785421.2757807,67.19704339999953,-152.54237288135593,-77.96610169491527,136515.0,96493.0,1411.6545484700725,464.59516785090995
1789785421.336806,67.25807259999965,-145.76271186440678,-77.96610169491527,136651.0,96551.0,2226.7595440824916,933.8023894539482
1789785421.3985574,67.31982509999943,-138.98305084745763,-77.96610169491527,136791.0,96614.0,2182.8946247769286,993.8382031504716
1789785421.458858,67.38012499999968,-132.20338983050848,-77.96610169491527,136921.0,96696.0,2187.1277589746637,1373.733137868384
1789785421.5208607,67.4421284,-125.42372881355932,-77.96610169491527,137038.0,96787.0,1902.763452726382,1422.6268805430893
1789785421.58263,67.50389659999928,-118.64406779661017,-77.96610169491527,137154.0,96881.0,1906.7291649709318,1571.286071133453
1789785421.6446753,67.56594290000066,-111.86440677966102,-77.96610169491527,137218.0,96953.0,977.529268125651,1155.261862330315
1789785421.7064261,67.62769259999914,-105.08474576271186,-77.96610169491527,137339.0,97072.0,1926.2647077009094,1908.5925544192498
1789785421.7677195,67.68898679999984,-98.30508474576271,-77.96610169491527,137421.0,97183.0,1413.5337807880062,1771.3904341520583
1789785421.8296094,67.7508756999996,-91.52542372881356,-77.96610169491527,137494.0,97295.0,1251.010940178007,1761.9872396873338
1789785421.8917959,67.81306349999977,-84.74576271186442,-77.96610169491527,137554.0,97385.0,889.4344086486219,1458.67243018374
1789785421.952518,67.87378480000007,-77.96610169491527,-77.96610169491527,137590.0,97465.0,629.6549490833331,1439.2113121904758
1789785422.0135279,67.93479499999921,-71.18644067796612,-77.96610169491527,137634.0,97583.0,733.5300147967266,1950.1163808010538
1789785422.074613,67.9958800000004,-64.40677966101697,-77.96610169491527,137665.0,97702.0,518.3579136137329,2019.8084220121316
1789785422.13564,68.05690700000014,-57.62711864406779,-77.96610169491527,137707.0,97861.0,715.5315057436769,2575.913420677237
1789785422.19633,68.11759729999903,-50.847457627118644,-77.96610169491527,137737.0,97986.0,522.0512654352877,1980.1944550993671
1789785422.2567198,68.17798709999988,-44.067796610169495,-77.96610169491527,137760.0,98119.0,398.5781629832397,2210.297085634329
1789785422.31672,68.23798739999984,-37.288135593220346,-77.96610169491527,137782.0,98261.0,382.4551434789624,2440.4280583895697
1789785422.3774018,68.29866889999903,-30.508474576271198,-77.96610169491527,137808.0,98388.0,449.6952864685642,2068.5983177553953
1789785422.4378211,68.35908829999971,-23.72881355932205,-77.96610169491527,137831.0,98544.0,398.01931117463147,2605.2173095066787
1789785422.5014372,68.42270389999976,-16.9491525423729,-77.96610169491527,137850.0,98695.0,322.526890679716,2311.4427165379648
1789785422.5669599,68.48822739999923,-10.169491525423723,-77.96610169491527,137879.0,98868.0,447.8436329063644,2488.0201828131353
1789785422.6287117,68.54997860000003,-3.3898305084745743,-77.96610169491527,137909.0,99030.0,498.22950585812214,2597.910994831637
1789785422.690045,68.61131240000032,3.3898305084745743,-77.96610169491527,137950.0,99162.0,675.4558882748096,2150.7937495066303
1789785422.7514274,68.67269449999912,10.169491525423723,-77.96610169491527,137992.0,99304.0,729.3892823525176,2334.0457035280565
1789785422.813131,68.73439829999916,16.94915254237287,-77.96610169491527,138028.0,99438.0,600.7173271660241,2173.1832718064993
1789785422.8745863,68.79585260000022,23.72881355932202,-77.96610169491527,138079.0,99573.0,826.0485429172973,2208.781973452773
1789785422.9379742,68.85924169999998,30.50847457627117,-77.96610169491527,138129.0,99724.0,802.9002152125605,2408.7006456376816
1789785423.0003617,68.92162769999959,37.28813559322032,-77.96610169491527,138191.0,99833.0,918.2574299288003,1712.9032827518006
1789785423.0621285,68.98339590000069,44.06779661016947,-77.96610169491527,138270.0,99952.0,1240.3758518476438,1923.4813934448969
1789785423.124483,69.04574890000004,50.847457627118644,-77.96610169491527,138352.0,100067.0,1279.0427075898365,1794.2126870357429
1789785423.1873515,69.10861889999978,57.627118644067764,-77.96610169491527,138427.0,100136.0,1198.1344341933136,1021.9381938707675
1789785423.250287,69.17155359999924,64.40677966101691,-77.96610169491527,138532.0,100220.0,1772.2531830454784,1351.123713806949
1789785423.3123057,69.23357269999906,71.18644067796606,-77.96610169491527,138639.0,100309.0,1750.3071877641132,1485.1091290119748
1789785423.373341,69.29460730000028,77.96610169491527,-77.96610169491527,138738.0,100384.0,1642.8600765436747,1214.2878826627161
1789785423.4356914,69.35695829999895,84.74576271186442,-77.96610169491527,138844.0,100439.0,1625.823736004695,865.927859393805
1789785423.4975278,69.41879349999908,91.52542372881356,-77.96610169491527,138966.0,100500.0,2149.427494715992,1039.4772310511764
1789785423.5591273,69.48039439999957,98.30508474576271,-77.96610169491527,139102.0,100555.0,2309.0147181118664,901.9588742624477
1789785423.6205494,69.54181550000067,105.08474576271186,-77.96610169491527,139258.0,100604.0,2591.4598971626633,780.9879142134055
1789785423.6820018,69.60326709999936,111.86440677966101,-77.96610169491527,139427.0,100646.0,2831.876171694681,699.0074094689403
1789785423.7432277,69.66449470000043,118.64406779661016,-77.96610169491527,139586.0,100677.0,2630.6464947890845,483.17996843064816
1789785423.8039365,69.72520359999908,125.42372881355931,-77.96610169491527,139757.0,100709.0,2789.480598705143,539.8994707171245
1789785423.8647063,69.78597219999938,132.20338983050846,-77.96610169491527,139951.0,100742.0,3019.784984179641,575.1971398437412
1789785423.9280157,69.8492826999991,138.9830508474576,-77.96610169491527,140116.0,100773.0,2502.8243677797823,504.0410185112062
1789785423.9891841,69.91044990000046,145.76271186440675,-77.96610169491527,140291.0,100803.0,2857.908368268341,500.1339644469596
1789785424.050858,69.97212500000023,152.5423728813559,-77.96610169491527,140470.0,100828.0,2869.8138364328734,427.7983358657699
1789785424.111206,70.03247179999926,159.32203389830505,-77.96610169491527,140585.0,100841.0,1844.164484997094,198.88048367615718
1789785424.1728837,70.09415079999962,166.1016949152542,-77.96610169491527,140740.0,100858.0,2757.667299930704,286.5108883044887
1789785424.2342937,70.1555599000003,172.88135593220335,-77.96610169491527,140916.0,100880.0,2913.7424967002585,375.3901376116898
1789785424.295971,70.21723779999957,179.66101694915255,-77.96610169491527,141057.0,100905.0,2151.925973702241,391.25926794586206
1789785424.3570752,70.27834059999986,186.4406779661017,-77.96610169491527,141229.0,100926.0,2750.864557468408,339.3923804668815
1789785424.4187062,70.33997339999951,193.22033898305085,-77.96610169491527,141430.0,100953.0,3205.6876021785897,445.2343891914708
1789785424.4812365,70.40250209999977,200.0,-77.96610169491527,141608.0,100982.0,2863.443430394057,436.50052292592335
1789785424.5428717,70.4641386000003,-200.0,-71.18644067796612,141755.0,101019.0,2347.5055086609696,622.4446424479844
1789785424.6032925,70.52455910000026,-193.22033898305085,-71.18644067796612,141926.0,101051.0,2888.8896913450903,523.6112565562976
1789785424.6648967,70.58616380000058,-186.4406779661017,-71.18644067796612,142105.0,101078.0,2986.7311376165703,459.497098094857
1789785424.7259588,70.64722500000062,-179.66101694915255,-71.18644067796612,142242.0,101121.0,2306.800949895226,768.9336499650753
1789785424.786674,70.70794070000011,-172.8813559322034,-71.18644067796612,142354.0,101164.0,1830.3832749843477,761.1494806865604
1789785424.8474212,70.76868780000041,-166.10169491525426,-71.18644067796612,142489.0,101205.0,2319.609873954781,701.2774037537711
1789785424.9083643,70.82963100000052,-159.32203389830508,-71.18644067796612,142624.0,101260.0,2257.2716393453215,877.8278597454027
1789785424.9702337,70.89149879999968,-152.54237288135593,-71.18644067796612,142778.0,101307.0,2469.7412592922647,776.204395777569
1789785425.0331578,70.9544205000002,-145.76271186440678,-71.18644067796612,142900.0,101376.0,1935.709798391314,985.4522609992144
1789785425.094286,71.01555139999982,-138.98305084745763,-71.18644067796612,143026.0,101457.0,1967.430089120991,1269.8866938871852
1789785425.1590376,71.08030409999992,-132.20338983050848,-71.18644067796612,143159.0,101523.0,2004.784527766081,926.581084261634
1789785425.2211025,71.14236849999907,-125.42372881355932,-71.18644067796612,143282.0,101620.0,1975.6292026195226,1605.1987271283622
1789785425.283109,71.20437479999964,-118.64406779661017,-71.18644067796612,143382.0,101698.0,1662.5074503124154,1255.723712470016
1789785425.3442802,71.26554559999931,-111.86440677966102,-71.18644067796612,143460.0,101794.0,1195.3228977437866,1605.657623834937
1789785425.406529,71.3277951,-105.08474576271186,-71.18644067796612,143523.0,101897.0,1020.1743961350393,1628.6994745313784
1789785425.4675815,71.38884689999941,-98.30508474576271,-71.18644067796612,143594.0,101999.0,1143.7333242903853,1697.7291532435408
1789785425.5292604,71.45052670000041,-91.52542372881356,-71.18644067796612,143655.0,102103.0,971.7246132546007,1745.50532380919
1789785425.5910773,71.5123425999991,-84.74576271186442,-71.18644067796612,143705.0,102226.0,830.5721228289814,1961.5639496599347
1789785425.6540418,71.5753081999992,-77.96610169491527,-71.18644067796612,143747.0,102358.0,656.4555304585914,2040.334756830757
1789785425.715475,71.63674059999903,-71.18644067796612,-71.18644067796612,143794.0,102486.0,799.4513986747174,2149.635983103129
1789785425.7819312,71.70319629999904,-64.40677966101697,-71.18644067796612,143818.0,102607.0,392.1449795639043,2067.6735286096773
1789785425.8503113,71.77157799999986,-57.62711864406779,-71.18644067796612,143853.0,102740.0,516.699067994739,1937.621504980271
1789785425.9117818,71.83304730000054,-50.847457627118644,-71.18644067796612,143886.0,102895.0,522.8965584386306,2524.3282131520095
1789785425.9756494,71.89691579999999,-44.067796610169495,-71.18644067796612,143911.0,103042.0,393.6718112196653,2139.520713150355
1789785426.0382848,71.95954999999958,-37.288135593220346,-71.18644067796612,143935.0,103183.0,387.94958066533366,2151.356765507759
1789785426.1012235,72.02248990000044,-30.508474576271198,-71.18644067796612,143959.0,103342.0,399.94505102131654,2538.7816282222702
1789785426.1629822,72.08424749999904,-23.72881355932205,-71.18644067796612,143987.0,103473.0,429.0886336249369,2020.2923166507446
1789785426.2266693,72.14793599999939,-16.9491525423729,-71.18644067796612,144009.0,103581.0,326.54015241571426,1649.8870858899247
1789785426.288438,72.20970399999896,-10.169491525423723,-71.18644067796612,144037.0,103720.0,429.3373357102757,2325.5772350973266
1789785426.3519263,72.2731932000006,-3.3898305084745743,-71.18644067796612,144068.0,103874.0,480.47388452801243,2402.369422640062
1789785426.4139416,72.33520709999902,3.3898305084745743,-71.18644067796612,144094.0,103988.0,374.0035476927349,1798.778967474582
1789785426.4753106,72.39657739999893,10.169491525423723,-71.18644067796612,144131.0,104115.0,590.4497437781894,2075.5203114627266
1789785426.5380123,72.45927780000056,16.94915254237287,-71.18644067796612,144200.0,104242.0,1148.1015699123552,1889.9518150864924
1789785426.6004348,72.52170110000043,23.72881355932202,-71.18644067796612,144247.0,104342.0,741.4743688030494,1641.8361023496095
1789785426.6623697,72.58363640000061,30.50847457627117,-71.18644067796612,144318.0,104489.0,1202.7775184781135,2333.7474239127573
1789785426.7256103,72.64687699999922,37.28813559322032,-71.18644067796612,144387.0,104598.0,1086.8027642954298,1794.0871029638843
1789785426.7873313,72.70859699999892,44.06779661016947,-71.18644067796612,144469.0,104698.0,1355.3980080813678,1590.3336628154716
1789785426.849021,72.7702876000003,50.847457627118644,-71.18644067796612,144554.0,104795.0,1348.4286370659229,1596.8233859991192
1789785426.9106948,72.83196080000016,57.627118644067764,-71.18644067796612,144651.0,104885.0,1605.6316175521233,1443.2643753277512
1789785426.974226,72.89549239999906,64.40677966101691,-71.18644067796612,144768.0,104969.0,1852.8908560748005,1368.0222208402731
1789785427.038214,72.95947999999953,71.18644067796606,-71.18644067796612,144869.0,105042.0,1605.3883969421047,1159.4471755692978
1789785427.0998204,73.02108659999976,77.96610169491527,-71.18644067796612,145004.0,105096.0,2027.9609563808199,800.5109038345341
1789785427.1612036,73.0824694999992,84.74576271186442,-71.18644067796612,145118.0,105157.0,1937.8880221114684,977.8334056525758
1789785427.2222497,73.14351569999963,91.52542372881356,-71.18644067796612,145263.0,105202.0,2397.6352874577833,769.3904280648111
1789785427.2830236,73.20428969999921,98.30508474576271,-71.18644067796612,145425.0,105250.0,2730.517666654343,790.4130087683624
1789785427.344322,73.26558859999932,105.08474576271186,-71.18644067796612,145608.0,105300.0,3042.0929599763876,800.5507789411547
1789785427.4057736,73.32703869999932,111.86440677966101,-71.18644067796612,145775.0,105343.0,2645.516736893034,656.9403977519614
1789785427.4667773,73.38804359999995,118.64406779661016,-71.18644067796612,145930.0,105369.0,2571.0338634217237,434.54093466282654
1789785427.5271187,73.44838489999893,125.42372881355931,-71.18644067796612,146075.0,105388.0,2369.196824215225,325.5384949303363
1789785427.5875025,73.50876889999927,132.20338983050846,-71.18644067796612,146224.0,105401.0,2496.9602223635716,180.9391465480849
1789785427.6478045,73.56907049999973,138.9830508474576,-71.18644067796612,146427.0,105428.0,3367.326433330053,470.70154444398594
1789785427.7088661,73.63013209999917,145.76271186440675,-71.18644067796612,146601.0,105441.0,2896.7367010034286,232.45417971015166
1789785427.7688568,73.69012300000031,152.5423728813559,-71.18644067796612,146799.0,105463.0,3443.3065945788862,364.37106820940596
1789785427.8303027,73.75156889999926,159.32203389830505,-71.18644067796612,146973.0,105487.0,2930.9989555612665,390.79986074150224
1789785427.8903275,73.81159350000053,166.1016949152542,-71.18644067796612,147146.0,105505.0,2894.2348298793854,291.24375646585014
1789785427.9516797,73.8729457999998,172.88135593220335,-71.18644067796612,147354.0,105537.0,3374.0408400358297,514.9851808475739
1789785428.0134635,73.93472809999912,179.66101694915255,-71.18644067796612,147554.0,105554.0,3249.849871139951,282.5956409686914
1789785428.0778437,73.9991098999999,186.4406779661017,-71.18644067796612,147717.0,105579.0,2545.245989555431,407.23935832886895
1789785428.1392522,74.06051730000036,193.22033898305085,-71.18644067796612,147874.0,105609.0,2504.6050984122394,479.6052316108544
1789785428.2022464,74.12351219999982,200.0,-71.18644067796612,148042.0,105644.0,2673.3062508483367,594.0680557440749
1789785428.26474,74.18600499999957,-200.0,-64.40677966101697,148183.0,105678.0,2229.30490969625,487.6604489960547
1789785428.3260262,74.24729219999972,-193.22033898305085,-64.40677966101697,148335.0,105714.0,2432.2676066638796,518.6452984797978
1789785428.3867548,74.3080200000004,-186.4406779661017,-64.40677966101697,148501.0,105744.0,2787.975372315283,503.63426080534146
1789785428.4487464,74.37001269999928,-179.66101694915255,-64.40677966101697,148640.0,105778.0,2279.3159203589707,480.79320195072046
1789785428.5098572,74.43112210000072,-172.8813559322034,-64.40677966101697,148790.0,105813.0,2429.5996698554527,589.5352140090437
1789785428.5715744,74.49284049999915,-166.10169491525426,-64.40677966101697,148929.0,105875.0,2214.655981109365,1008.2986580660523
1789785428.6325321,74.55379829999947,-159.32203389830508,-64.40677966101697,149056.0,105938.0,2094.364548329155,1091.93365340238
1789785428.6943676,74.61563399999977,-152.54237288135593,-64.40677966101697,149170.0,106002.0,1868.7173194533823,863.841025030337
1789785428.7550688,74.67633340000066,-145.76271186440678,-64.40677966101697,149289.0,106069.0,2010.49406098621,1166.804588965211
1789785428.815987,74.73725270000068,-138.98305084745763,-64.40677966101697,149386.0,106155.0,1486.4928557619444,1377.7250858281436
1789785428.8767707,74.79803589999938,-132.20338983050848,-64.40677966101697,149489.0,106242.0,1725.2657987428513,1455.6930176892806
1789785428.9374237,74.8586894,-125.42372881355932,-64.40677966101697,149567.0,106316.0,1195.2256169506302,1285.7730121741627
1789785428.9988058,74.9200707,-118.64406779661017,-64.40677966101697,149638.0,106413.0,1119.6556436785215,1635.0526860067298
1789785429.06119,74.98245529999986,-111.86440677966102,-64.40677966101697,149708.0,106506.0,1107.8091754733387,1389.1575374983136
1789785429.1229835,75.04424879999897,-105.08474576271186,-64.40677966101697,149785.0,106612.0,1305.7571538411305,1729.2459604923079
1789785429.1870255,75.10829100000046,-98.30508474576271,-64.40677966101697,149843.0,106722.0,967.4766596225246,1630.3773338083286
1789785429.2516754,75.17294129999937,-91.52542372881356,-64.40677966101697,149886.0,106835.0,662.5554253073516,1579.9398603483
1789785429.3134658,75.2347308999997,-84.74576271186442,-64.40677966101697,149937.0,106959.0,728.3282380185052,1936.2872669272456
1789785429.3801546,75.30142049999995,-77.96610169491527,-64.40677966101697,149972.0,107098.0,489.78952110614773,2089.7686233862305
1789785429.4420288,75.36329379999916,-71.18644067796612,-64.40677966101697,150016.0,107230.0,702.5406753083585,2125.6358893945203
1789785429.5043461,75.42561190000015,-64.40677966101697,-64.40677966101697,150047.0,107335.0,530.0624943715021,1660.8624823640398
1789785429.5653937,75.48665839999921,-57.62711864406779,-64.40677966101697,150073.0,107473.0,416.71724647277347,2319.1220673267394
1789785429.6296594,75.55092530000002,-50.847457627118644,-64.40677966101697,150092.0,107589.0,306.18910239149875,1769.0925915953262
1789785429.6918976,75.61316239999906,-44.067796610169495,-64.40677966101697,150111.0,107705.0,323.83128390169725,1853.0345689930455
1789785429.754562,75.67582790000051,-37.288135593220346,-64.40677966101697,150138.0,107830.0,454.5398919865714,2010.464906863681
1789785429.8183455,75.73961070000041,-30.508474576271198,-64.40677966101697,150167.0,107971.0,465.34853710727714,2129.8644582986917
1789785429.8813083,75.8025746000003,-23.72881355932205,-64.40677966101697,150189.0,108114.0,370.1138364406418,2291.180892251592
1789785429.9427955,75.86406019999959,-16.9491525423729,-64.40677966101697,150206.0,108251.0,284.2448413988703,2238.4281260161033
1789785430.0037732,75.92503899999974,-10.169491525423723,-64.40677966101697,150233.0,108389.0,488.90192626740446,2154.789971326709
1789785430.0652168,75.98648150000008,-3.3898305084745743,-64.40677966101697,150270.0,108529.0,607.2751563891084,2250.4902854419897
1789785430.1268811,76.04814690000057,3.3898305084745743,-64.40677966101697,150302.0,108632.0,533.5837619740072,1725.2541637159566
1789785430.188083,76.10934780000025,10.169491525423723,-64.40677966101697,150351.0,108749.0,838.3949196741471,1873.0099269316054
1789785430.2516136,76.17287980000037,16.94915254237287,-64.40677966101697,150397.0,108860.0,782.4426817140247,1773.5367452184562
1789785430.3133774,76.23464240000067,23.72881355932202,-64.40677966101697,150444.0,108934.0,741.8921783326354,1236.4869638877256
1789785430.3750699,76.29633590000049,30.50847457627117,-64.40677966101697,150494.0,109038.0,853.3864329295035,1688.9939818396422
1789785430.4361844,76.3574492000007,37.28813559322032,-64.40677966101697,150563.0,109134.0,1109.0381240921308,1592.006339422575
1789785430.4982126,76.41947830000026,44.06779661016947,-64.40677966101697,150612.0,109197.0,759.5817707387464,918.5640018236003
1789785430.5595782,76.48084270000072,50.847457627118644,-64.40677966101697,150695.0,109283.0,1262.4040083629923,1457.987727968526
1789785430.6210043,76.54227019999962,57.627118644067764,-64.40677966101697,150802.0,109374.0,1744.3658780088342,1474.6185772858187
1789785430.681651,76.60291680000046,64.40677966101691,-64.40677966101697,150901.0,109442.0,1672.3761228069166,1114.917415204611
1789785430.7420077,76.66327359999923,71.18644067796606,-64.40677966101697,150998.0,109494.0,1646.090534993688,759.7340930740098
1789785430.803068,76.72433239999918,77.96610169491527,-64.40677966101697,151109.0,109550.0,1787.3005149083651,965.1422780505171
1789785430.8647485,76.78601440000057,84.74576271186442,-64.40677966101697,151247.0,109620.0,2129.6167047796084,1109.5481991288716
1789785430.9268565,76.84812149999925,91.52542372881356,-64.40677966101697,151402.0,109677.0,2613.5619140544563,918.2785103434577
1789785430.9905121,76.91177760000028,98.30508474576271,-64.40677966101697,151554.0,109708.0,2419.965228011959,514.8862187259488
1789785431.0518923,76.97315770000023,105.08474576271186,-64.40677966101697,151663.0,109739.0,1799.732919676561,485.9278883126715
1789785431.112592,77.03385750000052,111.86440677966101,-64.40677966101697,151823.0,109770.0,2771.2146377094487,485.86230661139683
1789785431.1730251,77.09429060000002,118.64406779661016,-64.40677966101697,151933.0,109793.0,1663.3339721299617,379.67405885575215
1789785431.2350886,77.15635400000065,125.42372881355931,-64.40677966101697,152011.0,109804.0,1333.522833926298,193.00988385775366
1789785431.2960835,77.21734819999983,132.20338983050846,-64.40677966101697,152183.0,109828.0,2790.9373256057024,393.5937254059324
1789785431.3581798,77.27944419999949,138.9830508474576,-64.40677966101697,152360.0,109850.0,2753.2257147676787,373.01767748465323
1789785431.4195788,77.34084310000071,145.76271186440675,-64.40677966101697,152538.0,109874.0,2751.031636920709,393.0045195601013
1789785431.4805582,77.40182289999939,152.5423728813559,-64.40677966101697,152717.0,109890.0,2917.7728388271944,252.15320829370816
1789785431.5412707,77.46253549999892,159.32203389830505,-64.40677966101697,152888.0,109915.0,2895.5428423317007,395.6642393248287
1789785431.6043525,77.52561719999903,166.1016949152542,-64.40677966101697,153058.0,109936.0,2583.8755689836967,349.172374186986
1789785431.6658003,77.58706449999954,172.88135593220335,-64.40677966101697,153187.0,109950.0,2123.968358285704,232.03015678751393
1789785431.7297754,77.65104059999976,179.66101694915255,-64.40677966101697,153365.0,109977.0,2628.0260947877027,446.5926697024854
1789785431.7908642,77.71212840000044,186.4406779661017,-64.40677966101697,153534.0,110005.0,2842.519079681915,446.9369622141376
1789785431.8525295,77.77379459999975,193.22033898305085,-64.40677966101697,153675.0,110030.0,2307.205276878246,357.7062444772474
1789785431.914994,77.83625790000042,200.0,-64.40677966101697,153818.0,110060.0,2286.1331192926195,436.28494642988926
1789785431.975581,77.89684619999935,-200.0,-57.62711864406779,153965.0,110099.0,2392.418209218301,652.477693423173
1789785432.0370648,77.95832840000003,-193.22033898305085,-57.62711864406779,154111.0,110145.0,2273.1873994303005,745.8896154380674
1789785432.1001089,78.02137380000022,-186.4406779661017,-57.62711864406779,154229.0,110185.0,1797.421833951163,663.1265018460601
1789785432.1621897,78.08345419999932,-179.66101694915255,-57.62711864406779,154375.0,110244.0,2364.633552440921,935.2655095475285
1789785432.224157,78.1454221999993,-172.8813559322034,-57.62711864406779,154520.0,110300.0,2259.460825011843,925.1335661465815
1789785432.2852566,78.2065208999993,-166.10169491525426,-57.62711864406779,154631.0,110349.0,1788.256164115654,786.8327122108877
1789785432.3466568,78.26792170000044,-159.32203389830508,-57.62711864406779,154746.0,110426.0,1835.2651598362802,1367.4524720348754
1789785432.4076588,78.32892390000052,-152.54237288135593,-57.62711864406779,154870.0,110498.0,1982.5039560407663,1160.9257400238723
1789785432.4687383,78.39000329999908,-145.76271186440678,-57.62711864406779,154974.0,110586.0,1606.1533519166896,1302.7688298879816
1789785432.530415,78.45167919999949,-138.98305084745763,-57.62711864406779,155075.0,110670.0,1572.0854154581211,1430.7743668776159
1789785432.5951507,78.51641539999946,-132.20338983050848,-57.62711864406779,155160.0,110740.0,1352.719946000786,1103.5346927901148
1789785432.658457,78.57972270000027,-125.42372881355932,-57.62711864406779,155243.0,110844.0,1331.433590863139,1642.6778069090676
1789785432.7195563,78.64082169999892,-118.64406779661017,-57.62711864406779,155307.0,110921.0,1086.3562705368188,1321.733462486463
1789785432.782518,78.70378329999949,-111.86440677966102,-57.62711864406779,155376.0,111033.0,1020.0447436501993,1763.4671839376326
1789785432.8450649,78.76632989999962,-105.08474576271186,-57.62711864406779,155434.0,111160.0,898.2998776537819,1958.2937332852446
1789785432.9064033,78.82766850000007,-98.30508474576271,-57.62711864406779,155493.0,111292.0,941.8287471263687,2221.294214920681
1789785432.9684017,78.88966690000052,-91.52542372881356,-57.62711864406779,155513.0,111364.0,286.35603003238157,1055.937860744407
1789785433.0298102,78.9510750999998,-84.74576271186442,-57.62711864406779,155550.0,111471.0,604.071799281776,1758.914944967524
1789785433.0908358,79.01210030000038,-77.96610169491527,-57.62711864406779,155591.0,111587.0,644.7164590694229,1862.5142150894437
1789785433.1512256,79.07249099999899,-71.18644067796612,-57.62711864406779,155627.0,111722.0,561.5830119329715,2173.8697236115026
1789785433.211585,79.1328500999989,-64.40677966101697,-57.62711864406779,155661.0,111845.0,561.303382665731,2136.574166276008
1789785433.271955,79.1932199999992,-57.62711864406779,-57.62711864406779,155685.0,111971.0,398.1532926367535,1954.5707093076992
1789785433.3323293,79.2535939999998,-50.847457627118644,-57.62711864406779,155698.0,112058.0,181.14695002707361,1449.175600216589
1789785433.3936658,79.31493090000004,-44.067796610169495,-57.62711864406779,155726.0,112200.0,409.3823310588353,2153.707046005177
1789785433.4546936,79.37595859999965,-37.288135593220346,-57.62711864406779,155743.0,112302.0,304.25981639721556,1628.684899538036
1789785433.5160973,79.43736229999922,-30.508474576271198,-57.62711864406779,155766.0,112462.0,373.38643717842007,2702.6065929104693
1789785433.5765505,79.4978142,-23.72881355932205,-57.62711864406779,155795.0,112598.0,470.2392794438062,2296.9380188216687
1789785433.6399019,79.56116689999908,-16.9491525423729,-57.62711864406779,155818.0,112742.0,352.946574483985,2205.916090524906
1789785433.7009377,79.6222017,-10.169491525423723,-57.62711864406779,155849.0,112855.0,482.59787799540777,1823.1475390937626
1789785433.7626297,79.68389489999936,-3.3898305084745743,-57.62711864406779,155881.0,112986.0,550.9808347452719,2168.37618835236
1789785433.8233516,79.74461619999965,3.3898305084745743,-57.62711864406779,155911.0,113085.0,486.3532870301685,1531.1121999097898
1789785433.8850057,79.80627079999977,10.169491525423723,-57.62711864406779,155962.0,113213.0,876.8241072778023,2093.6412357449567
1789785433.9454095,79.86667440000019,16.94915254237287,-57.62711864406779,156015.0,113340.0,851.3490259413588,2155.5432784472705
1789785434.0067554,79.92802029999984,23.72881355932202,-57.62711864406779,156093.0,113448.0,1280.616972784575,1778.6346844230206
1789785434.0682113,79.98947459999908,30.50847457627117,-57.62711864406779,156172.0,113544.0,1314.2961677427065,1562.9467940724076
1789785434.129154,80.05041919999894,37.28813559322032,-57.62711864406779,156260.0,113642.0,1458.5580443173242,1530.5856020613894
1789785434.1903396,80.11160360000031,44.06779661016947,-57.62711864406779,156351.0,113734.0,1463.4651284950266,1534.8536713484425
1789785434.253313,80.17457800000011,50.847457627118644,-57.62711864406779,156450.0,113835.0,1610.3515520960336,1592.6553811938793
1789785434.314714,80.23597779999909,57.627118644067764,-57.62711864406779,156551.0,113909.0,1563.0439570700273,1047.9499257628593
1789785434.377053,80.2983177999995,64.40677966101691,-57.62711864406779,156663.0,113981.0,1920.8742112192122,1262.796935153371
1789785434.4374917,80.35875560000022,71.18644067796606,-57.62711864406779,156802.0,114037.0,2259.1967380765323,921.7522691352251
1789785434.4995906,80.42085539999971,77.96610169491527,-57.62711864406779,156962.0,114086.0,2449.3881854244523,780.9643489759123
1789785434.560586,80.48184949999995,84.74576271186442,-57.62711864406779,157107.0,114131.0,2305.5187685111227,732.7617791391941
1789785434.6215892,80.54285419999906,91.52542372881356,-57.62711864406779,157253.0,114182.0,2519.2951012431636,737.7935653640693
1789785434.681895,80.60315979999905,98.30508474576271,-57.62711864406779,157410.0,114209.0,2571.257326742032,434.57870311132933
1789785434.7429607,80.66422539999985,105.08474576271186,-57.62711864406779,157576.0,114238.0,2790.1286678219262,429.2505642802964
1789785434.8047588,80.72602279999955,111.86440677966101,-57.62711864406779,157764.0,114284.0,3071.638012761816,706.1236810946702
1789785434.866384,80.78764919999958,118.64406779661016,-57.62711864406779,157948.0,114301.0,3045.918111391664,286.67464577803895
1789785434.9278474,80.84911119999924,125.42372881355931,-57.62711864406779,158109.0,114323.0,2664.6865085335494,373.05611119469694
1789785434.990843,80.91210779999892,132.20338983050846,-57.62711864406779,158261.0,114335.0,2446.3121843817603,174.73658459869716
1789785435.0515604,80.97282389999964,138.9830508474576,-57.62711864406779,158425.0,114348.0,2915.9504287728882,233.99602206202192
1789785435.1136384,81.03490330000022,145.76271186440675,-57.62711864406779,158624.0,114367.0,3250.218901309666,337.45442144745164
1789785435.1753964,81.09665979999954,152.5423728813559,-57.62711864406779,158833.0,114387.0,3367.608891911267,299.7348228402698
1789785435.237365,81.15862989999914,159.32203389830505,-57.62711864406779,159006.0,114411.0,2666.3775128959164,408.84455197737384
1789785435.2977614,81.21902539999974,166.1016949152542,-57.62711864406779,159192.0,114431.0,3095.8575254477287,325.8797395208136
1789785435.3592217,81.28048630000012,172.88135593220335,-57.62711864406779,159372.0,114449.0,2932.82402337105,268.24609969857164
1789785435.420479,81.34174250000069,179.66101694915255,-57.62711864406779,159508.0,114476.0,2235.5360815194495,482.87579360820115
1789785435.4821906,81.40345539999907,186.4406779661017,-57.62711864406779,159666.0,114514.0,2435.918332236815,680.6242398896983
1789785435.5436468,81.46491029999925,193.22033898305085,-57.62711864406779,159821.0,114552.0,2487.5091505277883,604.1093651281772
1789785435.606253,81.52751759999956,200.0,-57.62711864406779,159936.0,114596.0,1760.5230865854694,739.4196963658972
1789785435.6676922,81.58895610000036,-200.0,-50.847457627118644,160027.0,114622.0,1545.6307505594816,461.9126380982359
1789785435.730018,81.65128249999907,-193.22033898305085,-50.847457627118644,160152.0,114657.0,1915.937790031261,580.0545602846937
1789785435.7914562,81.7127199000006,-186.4406779661017,-50.847457627118644,160299.0,114702.0,2343.529461892601,745.6684651476457
1789785435.8556025,81.7768672000002,-179.66101694915255,-50.847457627118644,160453.0,114750.0,2437.3158164906654,698.8108285043166
1789785435.9159353,81.83719860000019,-172.8813559322034,-50.847457627118644,160536.0,114789.0,1265.6877476130012,614.762620269172
1789785435.9779203,81.89918489999945,-166.10169491525426,-50.847457627118644,160642.0,114841.0,1654.1920428259168,800.4155045931856
1789785436.0385861,81.95985029999974,-159.32203389830508,-50.847457627118644,160759.0,114892.0,1925.8805953906883,827.9486671773052
1789785436.1007724,82.02203709999958,-152.54237288135593,-50.847457627118644,160831.0,114951.0,1139.5152326758025,841.488171822131
1789785436.1614006,82.08266469999944,-145.76271186440678,-50.847457627118644,160908.0,115025.0,1204.1220512299333,1293.9819057993313
1789785436.2230833,82.1443478000001,-138.98305084745763,-50.847457627118644,160985.0,115103.0,1193.0560576111502,1228.6696712711844
1789785436.2848184,82.2060820000006,-132.20338983050848,-50.847457627118644,161058.0,115183.0,1182.7989259642898,1200.4526412771897
1789785436.3465936,82.2678562000001,-125.42372881355932,-50.847457627118644,161124.0,115268.0,1115.1219529779887,1348.937846344341
1789785436.407948,82.32921150000038,-118.64406779661017,-50.847457627118644,161183.0,115366.0,922.7989913196363,1579.4059659124546
1789785436.4701262,82.39138900000034,-111.86440677966102,-50.847457627118644,161228.0,115447.0,709.2462662405054,1365.299062512973
1789785436.5323873,82.45365119999951,-105.08474576271186,-50.847457627118644,161282.0,115529.0,830.9039704832842,1272.874167548861
1789785436.5944815,82.51574590000018,-98.30508474576271,-50.847457627118644,161321.0,115637.0,632.7701093418572,1722.5408532083889
1789785436.6559348,82.57719729999917,-91.52542372881356,-50.847457627118644,161356.0,115768.0,608.8399986426349,2238.3823479508633
1789785436.7182155,82.63947989999906,-84.74576271186442,-50.847457627118644,161393.0,115925.0,551.0190297239661,2630.6714967466773
1789785436.7799277,82.70119150000028,-77.96610169491527,-50.847457627118644,161417.0,116072.0,388.56969262532624,2384.404932019047
1789785436.8409188,82.76218309999967,-71.18644067796612,-50.847457627118644,161447.0,116208.0,488.8160693758443,2208.724461624185
1789785436.901643,82.82290660000035,-64.40677966101697,-50.847457627118644,161470.0,116348.0,396.1137638731655,2268.6515567281294
1789785436.9636936,82.88495709999916,-57.62711864406779,-50.847457627118644,161499.0,116495.0,497.82822435606005,2346.9044862499973
1789785437.0257745,82.94703850000042,-50.847457627118644,-50.847457627118644,161522.0,116614.0,406.1107305099292,1889.297746285323
1789785437.0887947,83.01005839999925,-44.067796610169495,-50.847457627118644,161548.0,116771.0,382.1753420544848,2432.024903983085
1789785437.1501913,83.07145479999963,-37.288135593220346,-50.847457627118644,161574.0,116904.0,446.63514018305756,2197.444889700643
1789785437.2121937,83.13345830000071,-30.508474576271198,-50.847457627118644,161596.0,117020.0,266.9058142778136,1939.515583752112
1789785437.2729897,83.19425290000072,-23.72881355932205,-50.847457627118644,161621.0,117132.0,359.88829067498745,1799.4414533749373
1789785437.3356218,83.25688649999938,-16.9491525423729,-50.847457627118644,161651.0,117245.0,492.74520673740653,1918.1866976563326
1789785437.3963766,83.31764040000053,-10.169491525423723,-50.847457627118644,161686.0,117347.0,611.8056905199143,1637.4799363915354
1789785437.4580607,83.37932510000064,-3.3898305084745743,-50.847457627118644,161735.0,117473.0,836.0475230963686,2027.8599496380004
1789785437.5190797,83.44034379999903,3.3898305084745743,-50.847457627118644,161790.0,117588.0,894.4335820425077,1806.7558357258656
1789785437.5801306,83.50139440000021,10.169491525423723,-50.847457627118644,161849.0,117707.0,930.001305583362,1985.195094610638
1789785437.640519,83.5617829999992,16.94915254237287,-50.847457627118644,161913.0,117782.0,1122.7023082238104,1303.7833256792637
1789785437.702217,83.62348150000071,23.72881355932202,-50.847457627118644,161991.0,117887.0,1253.562058363151,1747.9245602528445
1789785437.7622468,83.68351110000003,30.50847457627117,-50.847457627118644,162073.0,117964.0,1367.7246168564143,1313.0156321821576
1789785437.8225882,83.74385239999901,37.28813559322032,-50.847457627118644,162155.0,118042.0,1448.61141540622,1376.1808446359091
1789785437.8837047,83.80496780000067,44.06779661016947,-50.847457627118644,162235.0,118126.0,1348.9111589345182,1420.8530874110259
1789785437.9474413,83.86870509999972,50.847457627118644,-50.847457627118644,162347.0,118204.0,1769.711901321233,1162.4578175345355
1789785438.0084414,83.9297048999997,57.627118644067764,-50.847457627118644,162448.0,118279.0,1727.7529313288903,1277.8172721286585
1789785438.0708694,83.99213369999961,64.40677966101691,-50.847457627118644,162567.0,118362.0,1806.878065564199,1192.8903733821896
1789785438.1325874,84.05385059999935,71.18644067796606,-50.847457627118644,162703.0,118409.0,2203.0227604404326,710.6525033678814
1789785438.1952162,84.11647989999983,77.96610169491527,-50.847457627118644,162860.0,118457.0,2500.5858015281356,821.8708578449117
1789785438.255591,84.17685489999894,84.74576271186442,-50.847457627118644,163003.0,118498.0,2300.770486385244,634.0706064841223
1789785438.3160136,84.23727770000005,91.52542372881356,-50.847457627118644,163145.0,118536.0,2441.6093642054807,651.0958304547949
1789785438.3766618,84.29792590000034,98.30508474576271,-50.847457627118644,163317.0,118567.0,2843.2914517020745,503.8744344788487
1789785438.4370582,84.35832239999945,105.08474576271186,-50.847457627118644,163462.0,118595.0,2480.2530220703675,416.3928431213026
1789785438.496687,84.4179509000005,111.86440677966101,-50.847457627118644,163645.0,118619.0,3134.934166468563,403.32486352227124
1789785438.5605164,84.48178009999901,118.64406779661016,-50.847457627118644,163824.0,118644.0,2916.105079316883,391.1848277132404
1789785438.6231964,84.54446069999904,125.42372881355931,-50.847457627118644,164012.0,118667.0,3143.021363823259,382.0246961553133
1789785438.6849084,84.60617219999949,132.20338983050846,-50.847457627118644,164199.0,118690.0,3036.107998766538,379.51349984581725
1789785438.7472217,84.66848600000048,138.9830508474576,-50.847457627118644,164372.0,118705.0,2693.2211274970846,209.8613865582144
1789785438.8083265,84.7295907000007,145.76271186440675,-50.847457627118644,164566.0,118724.0,3175.015514289806,342.7573566562859
1789785438.8720646,84.79332830000021,152.5423728813559,-50.847457627118644,164765.0,118751.0,3158.0446897442184,429.0821589326384
1789785438.932788,84.85405100000025,159.32203389830505,-50.847457627118644,164934.0,118768.0,2731.780741162949,235.18642142462477
1789785438.9977982,84.91906240000026,166.1016949152542,-50.847457627118644,165102.0,118794.0,2603.0208476729777,419.84207220531897
1789785439.0601227,84.98138520000066,172.88135593220335,-50.847457627118644,165286.0,118823.0,2911.038658576846,441.06646342073424
1789785439.1230125,85.04427670000041,179.66101694915255,-50.847457627118644,165462.0,118863.0,2743.759266797171,668.3516162711059
1789785439.1840289,85.1052923999996,186.4406779661017,-50.847457627118644,165607.0,118900.0,2414.5387426183743,608.1060536964794
1789785439.244745,85.16600879999896,193.22033898305085,-50.847457627118644,165783.0,118940.0,2916.8692270798697,666.1985271725628
1789785439.3058016,85.22706449999896,200.0,-50.847457627118644,165872.0,118975.0,1340.3939328210754,571.9014113369922
1789785439.368904,85.2901683,-200.0,-44.067796610169495,165999.0,119005.0,2135.2016636990684,520.7808935851386
1789785439.4300377,85.35130039999967,-193.22033898305085,-44.067796610169495,166132.0,119058.0,2104.3846101353083,856.0208583601254
1789785439.4929702,85.41423430000032,-186.4406779661017,-44.067796610169495,166239.0,119099.0,1608.4416674992449,689.3321432139621
1789785439.5541773,85.47544109999944,-179.66101694915255,-44.067796610169495,166310.0,119138.0,1069.5015588106346,552.5758053854945
1789785439.615379,85.53664329999992,-172.8813559322034,-44.067796610169495,166419.0,119181.0,1751.6546880422045,714.9610971600835
1789785439.6781535,85.59941590000017,-166.10169491525426,-44.067796610169495,166532.0,119236.0,1884.7817088298839,880.7391162756467
1789785439.7406588,85.66192199999932,-159.32203389830508,-44.067796610169495,166628.0,119283.0,1515.1034675091544,757.5517337545772
1789785439.802253,85.72351589999926,-152.54237288135593,-44.067796610169495,166718.0,119354.0,1455.9297176708183,1207.3563512392152
1789785439.8642442,85.78550809999979,-145.76271186440678,-44.067796610169495,166801.0,119453.0,1325.9832607860485,1608.8596897537388
1789785439.9243028,85.84556510000039,-138.98305084745763,-44.067796610169495,166874.0,119537.0,1237.1779243538213,1255.3717173590246
1789785439.9877753,85.90903909999906,-132.20338983050848,-44.067796610169495,166933.0,119631.0,960.3564843480689,1554.0314019450568
1789785440.0494337,85.97069609999926,-125.42372881355932,-44.067796610169495,166989.0,119729.0,901.7371701357329,1555.9386465087155
1789785440.1117842,86.03304799999933,-118.64406779661017,-44.067796610169495,167040.0,119833.0,795.6321562571658,1732.7100291822721
1789785440.1735818,86.09484440000051,-111.86440677966102,-44.067796610169495,167089.0,119919.0,811.714093100298,1411.6766836526922
1789785440.2354968,86.15676069999972,-105.08474576271186,-44.067796610169495,167130.0,120030.0,622.9753301740128,1833.3274002263804
1789785440.2962694,86.21753239999998,-98.30508474576271,-44.067796610169495,167171.0,120141.0,615.1697235076784,1863.6023976850256
1789785440.3587236,86.2799871999996,-91.52542372881356,-44.067796610169495,167201.0,120256.0,473.8654432880066,1913.012345125656
1789785440.419705,86.34096750000026,-84.74576271186442,-44.067796610169495,167230.0,120370.0,447.2743992662967,1806.9885730358387
1789785440.4816995,86.4029632999991,-77.96610169491527,-44.067796610169495,167260.0,120470.0,478.04955781166154,1504.9708301478233
1789785440.542779,86.46404129999974,-71.18644067796612,-44.067796610169495,167285.0,120605.0,393.8713616179833,2309.518438578175
1789785440.6044652,86.5257289000001,-64.40677966101697,-44.067796610169495,167306.0,120735.0,358.0302607265003,2094.4770252500266
1789785440.6652257,86.58648840000023,-57.62711864406779,-44.067796610169495,167333.0,120863.0,413.4177424607528,2067.0887123037637
1789785440.727955,86.649218999999,-50.847457627118644,-44.067796610169495,167352.0,121012.0,300.370869678474,2420.635832114761
1789785440.7890003,86.71026270000038,-44.067796610169495,-44.067796610169495,167371.0,121145.0,286.15322431450136,2146.1491823587603
1789785440.8499663,86.77123000000029,-37.288135593220346,-44.067796610169495,167391.0,121275.0,342.0268148961854,2160.1693572390654
1789785440.9114742,86.83273670000017,-30.508474576271198,-44.067796610169495,167420.0,121404.0,497.149380969355,2077.374199050519
1789785440.9734435,86.89470710000023,-23.72881355932205,-44.067796610169495,167459.0,121524.0,618.3122901090331,1996.2653937805928
1789785441.0355885,86.95685050000066,-16.9491525423729,-44.067796610169495,167493.0,121647.0,543.4963647127746,2016.196191676422
1789785441.0978174,87.01908080000067,-10.169491525423723,-44.067796610169495,167544.0,121777.0,801.2035858292516,2029.7157507674374
1789785441.1593165,87.08057899999949,-3.3898305084745743,-44.067796610169495,167597.0,121897.0,853.2620385365701,1884.287001768259
1789785441.220604,87.14186739999968,3.3898305084745743,-44.067796610169495,167651.0,121990.0,846.5250148268632,1512.938324371415
1789785441.280625,87.20188869999947,10.169491525423723,-44.067796610169495,167707.0,122091.0,946.983493335671,1620.7986712860522
1789785441.3417218,87.26298510000015,16.94915254237287,-44.067796610169495,167783.0,122209.0,1250.6364846408123,2001.0183754252998
1789785441.4024057,87.32366799999909,23.72881355932202,-44.067796610169495,167851.0,122307.0,1043.0472806070734,1546.5873471070397
1789785441.464757,87.38602019999962,30.50847457627117,-44.067796610169495,167936.0,122388.0,1370.8669679209534,1318.141315308609
1789785441.5259688,87.44723150000027,37.28813559322032,-44.067796610169495,168050.0,122476.0,1765.7162119209952,1355.4993142019762
1789785441.5895526,87.51081589999922,44.06779661016947,-44.067796610169495,168158.0,122557.0,1704.682833314641,1235.0253180136683
1789785441.6506197,87.57188209999913,50.847457627118644,-44.067796610169495,168282.0,122630.0,2020.1803502805446,1215.683750611301
1789785441.7130063,87.63426979999895,57.627118644067764,-44.067796610169495,168433.0,122692.0,2578.424102771565,1066.934111491682
1789785441.7736986,87.69496079999954,64.40677966101691,-44.067796610169495,168569.0,122747.0,2250.26148040214,846.0983166312047
1789785441.8361454,87.75740889999906,71.18644067796606,-44.067796610169495,168717.0,122797.0,2368.378261807706,777.6764441756648
1789785441.8974884,87.81875159999981,77.96610169491527,-44.067796610169495,168881.0,122858.0,2720.2466357432827,1013.4252172376935
1789785441.9582052,87.87946869999905,84.74576271186442,-44.067796610169495,169049.0,122901.0,2748.955666394591,736.6482504717532
1789785442.0195055,87.94076870000026,91.52542372881356,-44.067796610169495,169201.0,122929.0,2563.9245138409424,462.93081499905907
1789785442.0798938,88.00115689999984,98.30508474576271,-44.067796610169495,169338.0,122957.0,2227.1876233016433,470.7876276897783
1789785442.1413126,88.06257419999929,105.08474576271186,-44.067796610169495,169530.0,122991.0,3089.9440080752825,532.7489669095314
1789785442.2040074,88.12527050000062,111.86440677966101,-44.067796610169495,169672.0,123017.0,2322.406294457564,457.4436640598232
1789785442.2650278,88.18629089999922,118.64406779661016,-44.067796610169495,169862.0,123041.0,3204.4454070872,411.7443819162324
1789785442.3264296,88.2476927000007,125.42372881355931,-44.067796610169495,170059.0,123061.0,3250.9983940508405,319.7703338410663
1789785442.3874857,88.30874799999947,132.20338983050846,-44.067796610169495,170205.0,123084.0,2362.4372477671477,357.94503754047696
1789785442.4508805,88.3721430000005,138.9830508474576,-44.067796610169495,170379.0,123105.0,2812.4511727904337,347.21619417165846
1789785442.5122979,88.43356010000025,145.76271186440675,-44.067796610169495,170547.0,123120.0,2678.9302138787066,232.1739518694879
1789785442.5740128,88.49527549999948,152.5423728813559,-44.067796610169495,170656.0,123136.0,1716.9807609112586,250.3930276328919
1789785442.63503,88.55629229999977,159.32203389830505,-44.067796610169495,170837.0,123157.0,2933.071650216092,362.10761113778915
1789785442.6953545,88.61661749999985,166.1016949152542,-44.067796610169495,171010.0,123175.0,2824.3646090572547,291.5473144833295
1789785442.7567613,88.67802429999938,172.88135593220335,-44.067796610169495,171179.0,123208.0,2699.438800916231,497.2650422740425
1789785442.8177323,88.73899510000047,179.66101694915255,-44.067796610169495,171309.0,123246.0,2270.147559535521,625.6312171948287
1789785442.8778188,88.79908179999984,186.4406779661017,-44.067796610169495,171448.0,123287.0,2293.603031944731,709.9247479828929
1789785442.9399252,88.86118799999895,193.22033898305085,-44.067796610169495,171609.0,123339.0,2682.191824050936,841.4719448002936
1789785443.0015864,88.92284830000062,200.0,-44.067796610169495,171744.0,123403.0,2149.07474340427,1101.178794141031
1789785443.062966,88.98422889999893,-200.0,-37.288135593220346,171884.0,123442.0,2217.8104486978177,590.2237484437741
1789785443.1243455,89.0456080999993,-193.22033898305085,-37.288135593220346,172002.0,123492.0,2002.7466238906854,876.2016479521749
1789785443.185344,89.10660719999942,-186.4406779661017,-37.288135593220346,172104.0,123554.0,1621.4813853772578,1080.9875902515053
1789785443.2467775,89.16803979999895,-179.66101694915255,-37.288135593220346,172208.0,123608.0,1687.808691299166,870.5539565648329
1789785443.309213,89.23047570000017,-172.8813559322034,-37.288135593220346,172332.0,123684.0,2002.0664185329474,1269.1671046057077
1789785443.3708236,89.2920864000007,-166.10169491525426,-37.288135593220346,172418.0,123753.0,1243.458519980029,1190.1674405523133
1789785443.4318907,89.35315319999972,-159.32203389830508,-37.288135593220346,172481.0,123804.0,977.0307312570859,778.0059526676795
1789785443.4922512,89.41351389999909,-152.54237288135593,-37.288135593220346,172560.0,123889.0,1284.6679404491208,1393.2314283743985
1789785443.553585,89.47484789999908,-145.76271186440678,-37.288135593220346,172626.0,123969.0,994.913504715034,1208.1092557253985
1789785443.6150124,89.53627520000009,-138.98305084745763,-37.288135593220346,172690.0,124061.0,1031.371475131605,1493.7104122595658
1789785443.676367,89.5976298000005,-132.20338983050848,-37.288135593220346,172740.0,124141.0,791.1705368196754,1330.6049937421813
1789785443.7378771,89.65914049999992,-125.42372881355932,-37.288135593220346,172791.0,124247.0,798.7135387253649,1774.9189749452553
1789785443.7997403,89.7210030999995,-118.64406779661017,-37.288135593220346,172852.0,124357.0,939.4624829379408,1842.7917934551915
1789785443.862843,89.78410629999962,-111.86440677966102,-37.288135593220346,172904.0,124480.0,879.9156661366713,1915.1105674739317
1789785443.9245965,89.84585940000034,-105.08474576271186,-37.288135593220346,172942.0,124592.0,527.9542682381222,1802.3266398473825
1789785443.985593,89.9068559999996,-98.30508474576271,-37.288135593220346,172986.0,124705.0,732.8377443614223,1876.7795892182767
1789785444.0459116,89.96717419999914,-91.52542372881356,-37.288135593220346,173020.0,124818.0,470.9146793260902,1901.7708203553643
1789785444.106656,90.02791909999905,-84.74576271186442,-37.288135593220346,173040.0,124934.0,323.7532352836813,1906.546830003901
1789785444.1677797,90.08904190000067,-77.96610169491527,-37.288135593220346,173059.0,125039.0,339.14339518628094,1695.7169759314045
1789785444.2312095,90.15247269999963,-71.18644067796612,-37.288135593220346,173078.0,125188.0,258.44512521267484,2343.235801928252
1789785444.2921696,90.21343139999954,-64.40677966101697,-37.288135593220346,173096.0,125270.0,306.1672898100992,1422.7774055881082
1789785444.3535159,90.2747787999997,-57.62711864406779,-37.288135593220346,173112.0,125392.0,270.0177671737196,1998.1314770855251
1789785444.4142547,90.33551629999965,-50.847457627118644,-37.288135593220346,173133.0,125530.0,341.41651916622016,2246.16131030408
1789785444.477598,90.39886079999997,-44.067796610169495,-37.288135593220346,173149.0,125651.0,242.16258103659595,1902.7059938589682
1789785444.5383596,90.45962150000014,-37.288135593220346,-37.288135593220346,173173.0,125789.0,377.47040901538577,2210.8981099472594
1789785444.6007094,90.5219722999991,-30.508474576271198,-37.288135593220346,173213.0,125932.0,655.2081968262163,2372.91617228954
1789785444.6628306,90.5840920999999,-23.72881355932205,-37.288135593220346,173246.0,126048.0,526.3905923393282,1737.088954719783
1789785444.7241523,90.64541509999981,-16.9491525423729,-37.288135593220346,173281.0,126147.0,501.13829983949375,1485.5171030956421
1789785444.7848837,90.70614670000032,-10.169491525423723,-37.288135593220346,173335.0,126251.0,845.6477031485108,1583.340380363169
1789785444.8468652,90.76812830000017,-3.3898305084745743,-37.288135593220346,173391.0,126367.0,877.9554174190953,1913.9428099736276
1789785444.9093525,90.83061409999937,3.3898305084745743,-37.288135593220346,173458.0,126474.0,1048.6155652928373,1642.8310522921117
1789785444.972035,90.89329720000023,10.169491525423723,-37.288135593220346,173547.0,126585.0,1389.6487003327702,1741.4584978853704
1789785445.0337908,90.9550522999998,16.94915254237287,-37.288135593220346,173622.0,126689.0,1164.1689949893275,1587.5031749854465
1789785445.0947685,91.0160311999989,23.72881355932202,-37.288135593220346,173703.0,126785.0,1368.2082412772154,1602.2438614956864
1789785445.1554685,91.07673009999962,30.50847457627117,-37.288135593220346,173780.0,126875.0,1314.0462544457275,1494.0525906711696
1789785445.216913,91.13817489999929,37.28813559322032,-37.288135593220346,173860.0,126933.0,1304.710720587166,893.6374798542232
1789785445.2785408,91.19980339999893,44.06779661016947,-37.288135593220346,173943.0,126993.0,1440.9093739069829,1049.5512723519998
1789785445.3390481,91.2603106000006,50.847457627118644,-37.288135593220346,174061.0,127057.0,1898.2364479044345,1084.7065416596768
1789785445.3999908,91.3212523000002,57.627118644067764,-37.288135593220346,174202.0,127117.0,2233.7423762075796,982.8466455313351
1789785445.4633613,91.3846240999992,64.40677966101691,-37.288135593220346,174328.0,127167.0,2114.560232639488,856.3095156969827
1789785445.524454,91.4457155,71.18644067796606,-37.288135593220346,174457.0,127235.0,2092.8285740569477,1073.2454225933063
1789785445.58549,91.50675290000072,77.96610169491527,-37.288135593220346,174584.0,127277.0,2086.9915656651096,683.669650821329
1789785445.6475723,91.56883329999982,84.74576271186442,-37.288135593220346,174740.0,127302.0,2469.91118904755,388.12890113604357
1789785445.7098875,91.63115019999896,91.52542372881356,-37.288135593220346,174899.0,127335.0,2615.035037989675,547.7438255248644
1789785445.7709825,91.69224439999925,98.30508474576271,-37.288135593220346,175078.0,127359.0,2929.1834186505203,428.66098809519804
1789785445.8326197,91.75388249999924,105.08474576271186,-37.288135593220346,175238.0,127380.0,2433.6211925581774,304.2026490697722
1789785445.8933916,91.81465349999962,111.86440677966101,-37.288135593220346,175412.0,127404.0,2875.184640738063,395.3378881014837
1789785445.9547334,91.87599600000067,118.64406779661016,-37.288135593220346,175567.0,127420.0,2554.338147594278,287.8127490247074
1789785446.015104,91.93636639999932,125.42372881355931,-37.288135593220346,175734.0,127443.0,2767.3724973825083,361.7480388735305
1789785446.0750737,91.99633650000033,132.20338983050846,-37.288135593220346,175910.0,127466.0,2990.39245254019,382.91610672770724
1789785446.1358218,92.05708360000062,138.9830508474576,-37.288135593220346,176086.0,127486.0,2859.254543779237,341.67192661512894
1789785446.19816,92.11942260000069,145.76271186440675,-37.288135593220346,176230.0,127503.0,2268.658396259657,281.3839871329807
1789785446.2606153,92.18187679999937,152.5423728813559,-37.288135593220346,176419.0,127524.0,3127.2602753896385,366.88528370492963
1789785446.3230486,92.24430889999894,159.32203389830505,-37.288135593220346,176595.0,127544.0,2791.1679720889415,315.98127985912544
1789785446.384463,92.30572399999983,166.1016949152542,-37.288135593220346,176729.0,127569.0,2148.3535799356964,372.8547535425589
1789785446.4467897,92.36805219999951,172.88135593220335,-37.288135593220346,176876.0,127597.0,2452.6873038460335,483.3763299550577
1789785446.5077977,92.42905930000052,179.66101694915255,-37.288135593220346,177012.0,127634.0,2054.9879023964013,625.4311007293395
1789785446.5698204,92.49108309999974,186.4406779661017,-37.288135593220346,177135.0,127675.0,1998.8926488927614,689.8833036001565
1789785446.630211,92.55147249999936,193.22033898305085,-37.288135593220346,177282.0,127717.0,2425.0101796069343,741.9807265961516
1789785446.6932335,92.61449609999909,200.0,-37.288135593220346,177401.0,127758.0,1783.6471036243183,612.0357708514817
1789785446.7546027,92.67586529999971,-200.0,-30.508474576271198,177506.0,127822.0,1778.4069386614854,1067.0441631968913
1789785446.815293,92.73655589999908,-193.22033898305085,-30.508474576271198,177611.0,127881.0,1871.1026191645872,971.5340522585356
1789785446.8764434,92.7977049000001,-186.4406779661017,-30.508474576271198,177706.0,127940.0,1535.3167483434117,928.3310571378769
1789785446.938569,92.85983130000022,-179.66101694915255,-30.508474576271198,177802.0,128009.0,1534.7660195609283,1052.9208738848229
1789785446.999875,92.92113659999995,-172.8813559322034,-30.508474576271198,177899.0,128066.0,1563.6710683029191,880.6883028372763
1789785447.061477,92.9827392999996,-166.10169491525426,-30.508474576271198,178008.0,128140.0,1819.3739912294125,1188.8978556548636
1789785447.1225786,93.04384000000027,-159.32203389830508,-30.508474576271198,178108.0,128223.0,1591.075674442877,1376.5486172146238
1789785447.1842399,93.10550239999975,-152.54237288135593,-30.508474576271198,178182.0,128299.0,1209.9794837472948,1227.7732996847549
1789785447.2458775,93.16713890000028,-145.76271186440678,-30.508474576271198,178248.0,128382.0,1079.1398724401777,1397.574588897935
1789785447.307661,93.22892339999999,-138.98305084745763,-30.508474576271198,178311.0,128497.0,967.681238641417,1827.84233965601
1789785447.3691063,93.29036739999901,-132.20338983050848,-30.508474576271198,178367.0,128595.0,923.5725919450491,1634.0130472873946
1789785447.43184,93.35310229999959,-125.42372881355932,-30.508474576271198,178410.0,128699.0,706.859898601818,1625.7777667841815
1789785447.4927063,93.41396709999935,-118.64406779661017,-30.508474576271198,178459.0,128794.0,843.6198110395119,1633.3915490339486
1789785447.5542548,93.4755165000006,-111.86440677966102,-30.508474576271198,178494.0,128898.0,557.4276333139209,1744.209046175817
1789785447.6160061,93.5372669999997,-105.08474576271186,-30.508474576271198,178524.0,129010.0,497.07700965959447,1846.2860358784937
1789785447.6789956,93.60025769999993,-98.30508474576271,-30.508474576271198,178553.0,129148.0,454.62175469402047,2220.6524171592537
1789785447.7393994,93.66066150000006,-91.52542372881356,-30.508474576271198,178586.0,129298.0,542.3405247662989,2512.844431417185
1789785447.7997177,93.72098000000005,-84.74576271186442,-30.508474576271198,178609.0,129410.0,361.8612696196264,1863.585538541076
1789785447.8612928,93.7825539000005,-77.96610169491527,-30.508474576271198,178625.0,129564.0,265.92632777577035,2499.7074810922413
1789785447.9238656,93.84512709999944,-71.18644067796612,-30.508474576271198,178651.0,129708.0,406.74776863076846,2228.2703846729055
1789785447.98484,93.90610199999901,-64.40677966101697,-30.508474576271198,178676.0,129821.0,375.7084788431511,1824.8697543810197
1789785448.0456073,93.96686930000033,-57.62711864406779,-30.508474576271198,178702.0,129952.0,449.73654433214665,2140.745951021018
1789785448.105981,94.02724209999906,-50.847457627118644,-30.508474576271198,178732.0,130080.0,524.4407472301351,2206.2679711060855
1789785448.16731,94.08857239999998,-44.067796610169495,-30.508474576271198,178760.0,130214.0,393.8699513101256,2112.5751933906736
1789785448.2286947,94.14995649999946,-37.288135593220346,-30.508474576271198,178790.0,130332.0,517.0990387315264,1872.2551402348372
1789785448.290057,94.211319,-30.508474576271198,-30.508474576271198,178814.0,130449.0,393.55218412177794,1931.9834493250917
1789785448.3515143,94.27277519999916,-23.72881355932205,-30.508474576271198,178855.0,130595.0,586.2331147109262,2362.69709868343
1789785448.414539,94.33580110000003,-16.9491525423729,-30.508474576271198,178905.0,130724.0,763.6555496997365,2047.9853378311116
1789785448.475605,94.3968659000002,-10.169491525423723,-30.508474576271198,178947.0,130815.0,719.2265437777718,1546.3370691222092
1789785448.538591,94.45985309999924,-3.3898305084745743,-30.508474576271198,178991.0,130902.0,698.9878655757446,1432.9251244302764
1789785448.599989,94.52125049999995,3.3898305084745743,-30.508474576271198,179037.0,130976.0,765.5686394592271,1317.4902167437863
1789785448.662706,94.583967999999,10.169491525423723,-30.508474576271198,179117.0,131084.0,1216.289240549443,1754.9316185070534
1789785448.7241955,94.64545689999977,16.94915254237287,-30.508474576271198,179198.0,131170.0,1260.167868572736,1366.660927888742
1789785448.7858129,94.70707000000039,23.72881355932202,-30.508474576271198,179290.0,131255.0,1591.5536782658562,1394.8447966824358
1789785448.8458385,94.76710009999988,30.50847457627117,-30.508474576271198,179385.0,131337.0,1638.4936780989422,1383.6168837279956
1789785448.9079452,94.82920689999992,37.28813559322032,-30.508474576271198,179509.0,131418.0,1977.9179587613949,1218.5387424512164
1789785448.9682443,94.88950569999906,44.06779661016947,-30.508474576271198,179603.0,131486.0,1614.0439962790006,1088.1195480532588
1789785449.029618,94.95088000000032,50.847457627118644,-30.508474576271198,179732.0,131542.0,2142.688660133092,936.3009271169815
1789785449.0903502,95.01161209999918,57.627118644067764,-30.508474576271198,179874.0,131580.0,2284.431509291711,557.617140063331
1789785449.1516614,95.07292330000018,64.40677966101691,-30.508474576271198,180011.0,131619.0,2311.9125741988246,551.3022292320273
1789785449.2120605,95.13332239999909,71.18644067796606,-30.508474576271198,180169.0,131660.0,2696.4811825579945,741.9847549320656
1789785449.2731044,95.19436610000048,77.96610169491527,-30.508474576271198,180290.0,131702.0,1966.410139524956,625.6759534852133
1789785449.3330998,95.25436179999997,84.74576271186442,-30.508474576271198,180425.0,131732.0,2167.913064866705,491.87943488572296
1789785449.3941317,95.31539370000064,91.52542372881356,-30.508474576271198,180569.0,131755.0,2428.9971504277446,398.79057693589834
1789785449.454569,95.37583110000014,98.30508474576271,-30.508474576271198,180713.0,131777.0,2350.3717202865582,343.5158668111124
1789785449.5172696,95.43853069999932,105.08474576271186,-30.508474576271198,180885.0,131792.0,2825.7235030386755,235.4769585865563
1789785449.581597,95.50285889999941,111.86440677966101,-30.508474576271198,181032.0,131811.0,2243.779885190579,271.9733194170399
1789785449.6438122,95.56507339999916,118.64406779661016,-30.508474576271198,181220.0,131829.0,2911.358024225423,319.53929534181475
1789785449.710423,95.63168519999999,125.42372881355931,-30.508474576271198,181384.0,131849.0,2418.113147899781,263.195988887051
1789785449.7712557,95.69251649999933,132.20338983050846,-30.508474576271198,181549.0,131862.0,2695.1740105622334,217.06099413924025
1789785449.8363898,95.75765200000023,138.9830508474576,-30.508474576271198,181730.0,131886.0,2914.299496254271,385.22349663131166
1789785449.8983836,95.81964490000064,145.76271186440675,-30.508474576271198,181879.0,131911.0,2327.6640203774095,426.4422632752506
1789785449.9606285,95.88189029999921,152.5423728813559,-30.508474576271198,182027.0,131940.0,2253.806820581332,404.9809130732081
1789785450.022475,95.94373579999956,159.32203389830505,-30.508474576271198,182172.0,131963.0,2378.2871325518704,393.4008790687305
1789785450.0835757,96.00483750000058,166.1016949152542,-30.508474576271198,182299.0,131991.0,2110.65181581785,447.1719948766632
1789785450.1462686,96.06752930000039,172.88135593220335,-30.508474576271198,182446.0,132029.0,2262.0340209507885,615.2732536986146
1789785450.2089477,96.13020949999918,179.66101694915255,-30.508474576271198,182588.0,132067.0,2219.07707365797,576.6105781945906
1789785450.271725,96.19298609999896,186.4406779661017,-30.508474576271198,182719.0,132102.0,2067.0026871415002,547.6673786443291
1789785450.333466,96.25472799999989,193.22033898305085,-30.508474576271198,182832.0,132144.0,1735.825286502801,697.9091358104045
1789785450.397162,96.31842300000062,200.0,-30.508474576271198,182935.0,132198.0,1573.057809901238,840.1558757427067
1789785450.460534,96.38179560000026,-200.0,-23.72881355932205,183055.0,132257.0,1876.8573067428222,921.0503449756442
1789785450.5229754,96.44423599999936,-193.22033898305085,-23.72881355932205,183143.0,132300.0,1465.5942805616385,732.7971402808192
1789785450.5866675,96.50792919999913,-186.4406779661017,-23.72881355932205,183238.0,132375.0,1416.1125982294382,1208.8766082446423
1789785450.6481495,96.5694096999996,-179.66101694915255,-23.72881355932205,183330.0,132441.0,1494.5529846175248,1098.4064103815542
1789785450.7124517,96.63371319999897,-172.8813559322034,-23.72881355932205,183418.0,132508.0,1358.9079815560087,1053.1536857059068
1789785450.7738225,96.6950837000004,-166.10169491525426,-23.72881355932205,183497.0,132609.0,1198.5109842651607,1645.7165754088776
1789785450.8340104,96.7552715999991,-159.32203389830508,-23.72881355932205,183556.0,132684.0,980.5968929635436,1325.6217256729385
1789785450.8942568,96.81551840000066,-152.54237288135593,-23.72881355932205,183622.0,132782.0,1037.1179039055708,1582.9694322769237
1789785450.9552572,96.87651860000005,-145.76271186440678,-23.72881355932205,183679.0,132849.0,983.8751802433679,1109.0956577288875
1789785451.0156608,96.93692150000061,-138.98305084745763,-23.72881355932205,183730.0,132940.0,795.9248646935812,1465.2253190950019
1789785451.0776875,96.99894470000072,-132.20338983050848,-23.72881355932205,183788.0,133068.0,936.9006266548611,2015.2202158236632
1789785451.1381102,97.05937040000026,-125.42372881355932,-23.72881355932205,183841.0,133168.0,813.6990759847218,1699.7269587236412
1789785451.1997716,97.12103329999991,-118.64406779661017,-23.72881355932205,183880.0,133253.0,590.5163080967947,1431.5546862952597
1789785451.2610178,97.18227819999993,-111.86440677966102,-23.72881355932205,183918.0,133356.0,587.9931792870789,1550.163836302299
1789785451.3235807,97.24484230000053,-105.08474576271186,-23.72881355932205,183958.0,133490.0,569.2491603616437,2170.2624238787666
1789785451.3838978,97.30515899999955,-98.30508474576271,-23.72881355932205,183984.0,133632.0,434.52126618979923,2371.7619112859875
1789785451.4452775,97.36653870000009,-91.52542372881356,-23.72881355932205,184006.0,133763.0,355.38623375898925,2150.0867142418847
1789785451.505758,97.42701829999896,-84.74576271186442,-23.72881355932205,184027.0,133882.0,343.1826761461376,1860.411349634325
1789785451.5693953,97.49065680000058,-77.96610169491527,-23.72881355932205,184051.0,133992.0,347.630204903464,1790.2955552528397
1789785451.63146,97.55272109999896,-71.18644067796612,-23.72881355932205,184069.0,134134.0,298.6522001831567,2301.378719058443
1789785451.6925578,97.61381690000053,-64.40677966101697,-23.72881355932205,184088.0,134277.0,321.4348853211376,2339.3316653927236
1789785451.7545974,97.67585739999959,-57.62711864406779,-23.72881355932205,184107.0,134419.0,299.88921739842493,2328.55157038777
1789785451.816558,97.7378177999999,-50.847457627118644,-23.72881355932205,184136.0,134540.0,477.27043733156387,2121.2019436958394
1789785451.87839,97.7996492000002,-44.067796610169495,-23.72881355932205,184163.0,134675.0,423.69889133309715,2118.494456665486
1789785451.9406917,97.86195299999963,-37.288135593220346,-23.72881355932205,184191.0,134789.0,447.1847928572836,1752.9643880005517
1789785452.000678,97.92193939999925,-30.508474576271198,-23.72881355932205,184223.0,134897.0,528.0830947880388,1784.5566651457864
1789785452.0621178,97.98337890000039,-23.72881355932205,-23.72881355932205,184255.0,135010.0,550.686226103302,1811.9353245979617
1789785452.1231816,98.04444209999929,-16.9491525423729,-23.72881355932205,184287.0,135109.0,571.5163400043189,1643.1094775124168
1789785452.1845632,98.10582439999962,-10.169491525423723,-23.72881355932205,184353.0,135233.0,1072.6525446076923,2091.672461985
1789785452.2462988,98.16755879999982,-3.3898305084745743,-23.72881355932205,184426.0,135337.0,1147.7143709537943,1801.0287051890311
1789785452.313049,98.23431010000058,3.3898305084745743,-23.72881355932205,184498.0,135436.0,1201.9230769048174,1502.403846131022
1789785452.3755872,98.29684760000055,10.169491525423723,-23.72881355932205,184565.0,135498.0,1032.314957534735,857.3463206644408
1789785452.4394586,98.36071919999995,16.94915254237287,-23.72881355932205,184654.0,135584.0,1320.335365209836,1357.011347576776
1789785452.5034437,98.42470499999945,23.72881355932202,-23.72881355932205,184731.0,135651.0,1213.4657093454193,957.0997144132884
1789785452.5663393,98.48759989999962,30.50847457627117,-23.72881355932205,184820.0,135717.0,1535.5168620971808,1142.7102229560417
1789785452.6279702,98.54923190000045,37.28813559322032,-23.72881355932205,184946.0,135768.0,2134.634986296709,871.6426194044896
1789785452.689391,98.61065090000011,44.06779661016947,-23.72881355932205,185082.0,135816.0,2287.527968573292,732.7238024336326
1789785452.751747,98.67300830000022,50.847457627118644,-23.72881355932205,185221.0,135875.0,2321.128068271997,967.136695113332
1789785452.8141134,98.73537399999987,57.627118644067764,-23.72881355932205,185354.0,135918.0,2110.9614355818585,679.8011402721239
1789785452.8774428,98.79870429999937,64.40677966101691,-23.72881355932205,185509.0,135958.0,2420.599997599107,570.5699994340753
1789785452.9400125,98.8612723999995,71.18644067796606,-23.72881355932205,185660.0,135994.0,2309.1611527565246,550.6461210419404
1789785453.0031388,98.92439989999912,77.96610169491527,-23.72881355932205,185789.0,136015.0,1917.2748204162651,296.30610860978646
1789785453.0644054,98.98566550000032,84.74576271186442,-23.72881355932205,185936.0,136031.0,2323.0588609689203,232.305886096892
1789785453.126103,99.04736400000002,91.52542372881356,-23.72881355932205,186074.0,136045.0,2200.5782332957847,214.69055934593024
1789785453.188131,99.10939159999907,98.30508474576271,-23.72881355932205,186238.0,136065.0,2594.66068591366,337.6613221394489
1789785453.250589,99.17184979999911,105.08474576271186,-23.72881355932205,186383.0,136080.0,2406.5416078721873,244.14190224790303
1789785453.311605,99.23286530000041,111.86440677966101,-23.72881355932205,186519.0,136104.0,2181.305851305621,393.35023548134154
1789785453.3767421,99.29800330000035,118.64406779661016,-23.72881355932205,186680.0,136127.0,2445.391869804822,387.88974486559243
1789785453.437386,99.35864609999953,125.42372881355931,-23.72881355932205,186813.0,136149.0,2172.063641455422,325.8095462183133
1789785453.4990525,99.42031359999964,132.20338983050846,-23.72881355932205,186976.0,136169.0,2527.710700867087,268.90539370926456
1789785453.5598197,99.48107960000016,138.9830508474576,-23.72881355932205,187143.0,136183.0,2768.8678566939557,251.71525969945054
1789785453.6223202,99.54358119999961,145.76271186440675,-23.72881355932205,187285.0,136207.0,2261.6144420576047,385.70168779276975
1789785453.6825256,99.6037866000006,152.5423728813559,-23.72881355932205,187422.0,136230.0,2261.9562483744858,398.1042997139095
1789785453.745242,99.66650320000008,159.32203389830505,-23.72881355932205,187565.0,136265.0,2241.275963621522,590.7238973886182
1789785453.80666,99.72791990000042,166.1016949152542,-23.72881355932205,187710.0,136298.0,2358.3377139239615,576.0824950043265
1789785453.8691828,99.79044389999945,172.88135593220335,-23.72881355932205,187836.0,136346.0,1886.5496065592417,793.4087130389335
1789785453.9308417,99.8521012000001,179.66101694915255,-23.72881355932205,187940.0,136383.0,1580.303382751778,603.7114046467466
1789785453.9927707,99.91403150000042,186.4406779661017,-23.72881355932205,188020.0,136422.0,1165.3319134070139,645.4145981946538
1789785454.0532339,99.97449409999899,193.22033898305085,-23.72881355932205,188098.0,136476.0,1410.8173516067689,922.4574991275027
1789785454.1158419,100.0371027000001,200.0,-23.72881355932205,188185.0,136534.0,1371.8434410002385,949.737766846319
1789785454.1772935,100.09855330000028,-200.0,-16.9491525423729,188301.0,136596.0,1872.9795683051495,990.5180409306079
1789785454.2393036,100.1605645999989,-193.22033898305085,-16.9491525423729,188412.0,136661.0,1672.008794034238,1049.452328170426
1789785454.30081,100.22207049999997,-186.4406779661017,-16.9491525423729,188487.0,136728.0,1189.4448310761716,1100.6802914436214
1789785454.364062,100.28532319999977,-179.66101694915255,-16.9491525423729,188577.0,136793.0,1304.6382498706566,1043.7105998965253
1789785454.425156,100.34641629999896,-172.8813559322034,-16.9491525423729,188653.0,136878.0,1229.5741514387191,1374.2299339609212
1789785454.4861505,100.40741139999955,-166.10169491525426,-16.9491525423729,188729.0,136951.0,1195.2429331064748,1267.6818987492913
1789785454.5468416,100.46810229999937,-159.32203389830508,-16.9491525423729,188797.0,137063.0,1061.9609198264657,1889.9304505386253
1789785454.607591,100.528851699999,-152.54237288135593,-16.9491525423729,188851.0,137174.0,845.2690113618193,1708.52246977389
1789785454.6682706,100.5895316999995,-145.76271186440678,-16.9491525423729,188906.0,137275.0,954.3238975356259,1710.5805710544237
1789785454.7299972,100.65125789999911,-138.98305084745763,-16.9491525423729,188952.0,137377.0,759.8703625765497,1767.1403780849994
1789785454.7910876,100.71234820000063,-132.20338983050848,-16.9491525423729,188997.0,137488.0,786.6793727385054,1787.9076653147852
1789785454.8523955,100.77365640000062,-125.42372881355932,-16.9491525423729,189044.0,137602.0,818.5839920591069,1939.6881550965795
1789785454.9124963,100.83375739999974,-118.64406779661017,-16.9491525423729,189077.0,137714.0,527.7573044207703,1965.4409957739035
1789785454.9738076,100.89506849999998,-111.86440677966102,-16.9491525423729,189101.0,137831.0,391.0381173323176,1955.190586661588
1789785455.035632,100.95689189999939,-105.08474576271186,-16.9491525423729,189122.0,137936.0,372.3232616863971,1737.5085545365198
1789785455.0975413,101.01880209999945,-98.30508474576271,-16.9491525423729,189150.0,138062.0,459.8628193848747,2069.382687231936
1789785455.159475,101.08060320000004,-91.52542372881356,-16.9491525423729,189166.0,138109.0,231.07742515663475,675.4570889193939
1789785455.222364,101.14362459999938,-84.74576271186442,-16.9491525423729,189179.0,138182.0,212.07108622598827,1290.099107874762
1789785455.2820535,101.20331319999968,-77.96610169491527,-16.9491525423729,189198.0,138298.0,329.95314665531885,1943.0574191924331
1789785455.3437366,101.2649977000001,-71.18644067796612,-16.9491525423729,189222.0,138381.0,409.80101488512275,1229.4030446553684
1789785455.4051669,101.32642719999967,-64.40677966101697,-16.9491525423729,189249.0,138528.0,462.1507429040442,2435.1789145328485
1789785455.4668736,101.38813449999907,-57.62711864406779,-16.9491525423729,189277.0,138648.0,444.63652743756194,1974.1861818227749
1789785455.5286338,101.44989349999923,-50.847457627118644,-16.9491525423729,189299.0,138779.0,335.3323849904286,2029.6433828368044
1789785455.5916493,101.51290979999976,-44.067796610169495,-16.9491525423729,189323.0,138889.0,349.3815945798699,1694.500733712369
1789785455.6534007,101.57466019999993,-37.288135593220346,-16.9491525423729,189353.0,138993.0,476.7572034419666,1765.7674201554319
1789785455.7151043,101.63636480000059,-30.508474576271198,-16.9491525423729,189402.0,139114.0,800.7259915576963,1921.742379738471
1789785455.776492,101.69775189999928,-23.72881355932205,-16.9491525423729,189454.0,139239.0,869.5667605445923,2040.8199482169002
1789785455.8378146,101.75907550000011,-16.9491525423729,-16.9491525423729,189506.0,139336.0,822.7567358777073,1502.425343776683
1789785455.8997326,101.82099209999978,-10.169491525423723,-16.9491525423729,189572.0,139433.0,1091.1516401658012,1601.5290202433532
1789785455.9619486,101.88320910000039,-3.3898305084745743,-16.9491525423729,189618.0,139496.0,733.59432592939,1019.8750384872008
1789785456.0226893,101.9439487999989,3.3898305084745743,-16.9491525423729,189700.0,139565.0,1374.5853635768901,1193.7188683694044
1789785456.0857172,102.00697760000003,10.169491525423723,-16.9491525423729,189784.0,139656.0,1440.3172913461244,1493.0118263953727
1789785456.146109,102.06736939999973,16.94915254237287,-16.9491525423729,189857.0,139734.0,1139.4651025485348,1302.2458314840396
1789785456.2080865,102.12934700000005,23.72881355932202,-16.9491525423729,189968.0,139804.0,1823.6576197794116,1133.1464821930324
1789785456.2695115,102.19077079999988,30.50847457627117,-16.9491525423729,190055.0,139866.0,1420.7396014939754,976.7584760271081
1789785456.3305547,102.25181510000039,37.28813559322032,-16.9491525423729,190167.0,139911.0,1803.9600530933021,721.5840212373208
1789785456.391901,102.3131603999991,44.06779661016947,-16.9491525423729,190288.0,139967.0,1991.3978724116616,924.5775836197
1789785456.453262,102.37452209999901,50.847457627118644,-16.9491525423729,190416.0,140006.0,2091.0319963561574,630.9148264867716
1789785456.5157256,102.43698469999981,57.627118644067764,-16.9491525423729,190501.0,140033.0,1262.940757577824,350.81687710495106
1789785456.577373,102.4986331,64.40677966101691,-16.9491525423729,190621.0,140057.0,1991.178368637064,391.12432241085185
1789785456.6384542,102.5597134999989,71.18644067796606,-16.9491525423729,190730.0,140074.0,1736.446764466983,286.42420857187346
1789785456.7011294,102.62238909999905,77.96610169491527,-16.9491525423729,190881.0,140110.0,2343.5996991554475,524.6864998109211
1789785456.762215,102.68347429999994,84.74576271186442,-16.9491525423729,191024.0,140127.0,2272.011678452419,286.23769177353313
1789785456.823887,102.74514739999904,91.52542372881356,-16.9491525423729,191153.0,140153.0,2075.282667817299,447.25919565028005
1789785456.885692,102.80695120000019,98.30508474576271,-16.9491525423729,191305.0,140174.0,2399.7106231601288,352.89862105296015
1789785456.9595172,102.88077720000001,105.08474576271186,-16.9491525423729,191476.0,140189.0,2884.828104970307,212.37998318799805
1789785457.0223262,102.94358680000005,111.86440677966101,-16.9491525423729,191644.0,140201.0,2666.5737141596956,156.8572773035115
1789785457.085046,103.0063052000005,118.64406779661016,-16.9491525423729,191782.0,140220.0,2247.9308415924743,336.3046140965119
1789785457.1470795,103.0683398000001,125.42372881355931,-16.9491525423729,191933.0,140236.0,2331.0393787182616,282.5502277234256
1789785457.2096324,103.13089190000028,132.20338983050846,-16.9491525423729,192091.0,140257.0,2548.937823789923,338.6700605035562
1789785457.272114,103.19337459999952,138.9830508474576,-16.9491525423729,192241.0,140276.0,2249.0507424665766,298.7020517338422
1789785457.3352106,103.25647000000026,145.76271186440675,-16.9491525423729,192403.0,140299.0,2580.499202816614,388.84234562990076
1789785457.3973043,103.31856490000064,152.5423728813559,-16.9491525423729,192530.0,140325.0,2029.270909399812,441.14584986952434
1789785457.4614067,103.38266579999981,159.32203389830505,-16.9491525423729,192645.0,140357.0,1769.9463115957387,518.4691215785497
1789785457.5242982,103.44555889999901,166.1016949152542,-16.9491525423729,192776.0,140387.0,2077.4355291096213,457.74003183771316
1789785457.5861516,103.50741139999991,172.88135593220335,-16.9491525423729,192900.0,140427.0,2038.6776492627223,661.676079146673
1789785457.6491582,103.57041840000056,179.66101694915255,-16.9491525423729,193026.0,140472.0,2030.7599381246584,746.3476695671822
1789785457.711282,103.6325414999992,186.4406779661017,-16.9491525423729,193144.0,140514.0,1863.489623897371,709.9008091037605
1789785457.7732358,103.69449589999931,193.22033898305085,-16.9491525423729,193194.0,140548.0,812.7811604562504,477.0672028764948
1789785457.8346725,103.75593149999986,200.0,-16.9491525423729,193271.0,140616.0,1258.438278080958,1168.549829646604
1789785457.8980346,103.81929470000068,-200.0,-10.169491525423723,193343.0,140690.0,1122.154259935128,1087.6264365525087
1789785457.9601974,103.88145629999963,-193.22033898305085,-10.169491525423723,193434.0,140762.0,1383.3294611996278,1170.509544091993
1789785458.0218048,103.94306490000054,-186.4406779661017,-10.169491525423723,193533.0,140840.0,1494.3003116477753,1209.6716808577228
1789785458.0832832,104.00454220000029,-179.66101694915255,-10.169491525423723,193607.0,140918.0,1152.9933481129183,1188.4700665163928
1789785458.1453767,104.0666369999999,-172.8813559322034,-10.169491525423723,193670.0,141005.0,1014.050830625838,1369.8581396173602
1789785458.2063184,104.12757760000022,-166.10169491525426,-10.169491525423723,193741.0,141109.0,1186.8240946792205,1672.343042502538
1789785458.2693515,104.1906115999991,-159.32203389830508,-10.169491525423723,193803.0,141215.0,1048.826363297068,1520.7982267807486
1789785458.3303733,104.25163330000032,-152.54237288135593,-10.169491525423723,193852.0,141295.0,823.20139442014,1360.0718690419706
1789785458.3914049,104.312664699999,-145.76271186440678,-10.169491525423723,193891.0,141408.0,662.4805060789038,1969.5366396940383
1789785458.4524558,104.37371530000019,-138.98305084745763,-10.169491525423723,193939.0,141521.0,787.4142568465668,1825.3694135988594
1789785458.514206,104.43546609999976,-132.20338983050848,-10.169491525423723,193976.0,141635.0,617.9214886678311,1800.7997669748222
1789785458.5749135,104.49617209999997,-125.42372881355932,-10.169491525423723,193996.0,141711.0,341.4993619386032,1222.2082427276325
1789785458.6379278,104.55918779999956,-118.64406779661017,-10.169491525423723,194023.0,141828.0,439.9030805437851,1865.1890615056489
1789785458.6993766,104.62063569999918,-111.86440677966102,-10.169491525423723,194046.0,141922.0,355.2095025623297,1562.9218112742508
1789785458.7623537,104.68361360000017,-105.08474576271186,-10.169491525423723,194063.0,142034.0,243.15856022411884,1771.5837959185803
1789785458.8234053,104.74466519999987,-98.30508474576271,-10.169491525423723,194077.0,142155.0,232.92148038005593,1935.0399908496954
1789785458.88412,104.8053803999992,-91.52542372881356,-10.169491525423723,194110.0,142298.0,594.0743781187335,2340.293004710162
1789785458.9452531,104.86651200000051,-84.74576271186442,-10.169491525423723,194133.0,142432.0,393.2602345977439,2288.05954675051
1789785459.0086105,104.9298703000004,-77.96610169491527,-10.169491525423723,194158.0,142558.0,379.65596267578945,1950.051081016555
1789785459.0699685,104.9912275000006,-71.18644067796612,-10.169491525423723,194178.0,142691.0,319.99772445571654,2079.9852089621577
1789785459.1326482,105.05390830000033,-64.40677966101697,-10.169491525423723,194208.0,142823.0,460.8205086388482,2162.3116174592105
1789785459.1941335,105.11539239999911,-57.62711864406779,-10.169491525423723,194234.0,142945.0,443.46055329361826,2022.1801230188992
1789785459.256063,105.17732289999913,-50.847457627118644,-10.169491525423723,194267.0,143067.0,537.0232799614995,1897.4822558639646
1789785459.3178804,105.23913899999934,-44.067796610169495,-10.169491525423723,194292.0,143192.0,441.1653117007492,2082.300271227536
1789785459.3788683,105.3001279,-37.288135593220346,-10.169491525423723,194335.0,143310.0,684.0043776215359,1962.012556861774
1789785459.4399543,105.36121289999937,-30.508474576271198,-10.169491525423723,194382.0,143414.0,803.6474880635999,1660.8714753314398
1789785459.5019228,105.42318259999956,-23.72881355932205,-10.169491525423723,194444.0,143525.0,1043.3171118385224,1821.3841104977596
1789785459.563066,105.48432469999898,-16.9491525423729,-10.169491525423723,194506.0,143657.0,1035.9843816371474,2143.4159620078913
1789785459.6280584,105.54931810000016,-10.169491525423723,-10.169491525423723,194576.0,143746.0,1012.1952659447373,1467.6831356198693
1789785459.6892774,105.61053639999955,-3.3898305084745743,-10.169491525423723,194642.0,143820.0,1105.9736849583883,1141.650255440917
1789785459.7535262,105.674786399999,3.3898305084745743,-10.169491525423723,194726.0,143907.0,1353.095466091997,1439.8323549440481
1789785459.8138826,105.7351423,10.169491525423723,-10.169491525423723,194812.0,143972.0,1447.424127840219,1013.1968894881533
1789785459.8743336,105.79559349999909,16.94915254237287,-10.169491525423723,194913.0,144047.0,1720.004924644975,1303.5826797309285
1789785459.9356604,105.85691989999941,23.72881355932202,-10.169491525423723,195052.0,144122.0,2288.8491917204874,1215.951133101509
1789785459.9973469,105.9186064000005,30.50847457627117,-10.169491525423723,195164.0,144180.0,1839.4773054746042,955.1132163041215
1789785460.0584722,105.97973169999932,37.28813559322032,-10.169491525423723,195289.0,144232.0,2056.3033744949284,876.164046523926
1789785460.1201193,106.04137880000053,44.06779661016947,-10.169491525423723,195373.0,144266.0,1343.6345314063324,544.7167019214861
1789785460.181233,106.10249289999956,50.847457627118644,-10.169491525423723,195494.0,144307.0,1945.7267199520395,678.3267464052982
1789785460.2428079,106.16406760000064,57.627118644067764,-10.169491525423723,195630.0,144336.0,2056.455104341011,487.05515629129206
1789785460.3055882,106.22684819999995,64.40677966101691,-10.169491525423723,195775.0,144368.0,2255.534735252631,485.8074814390282
1789785460.3682766,106.28953619999993,71.18644067796606,-10.169491525423723,195946.0,144406.0,2807.9538422095784,625.9769711932181
1789785460.4306645,106.35192409999945,77.96610169491527,-10.169491525423723,196085.0,144426.0,2236.5618453658603,314.51650950457406
1789785460.491455,106.41271450000022,84.74576271186442,-10.169491525423723,196232.0,144446.0,2438.620468754075,363.97320429165296
1789785460.5557904,106.47705019999921,91.52542372881356,-10.169491525423723,196368.0,144468.0,1984.7328244089613,356.23409668878793
1789785460.6175911,106.53885029999947,98.30508474576271,-10.169491525423723,196528.0,144481.0,2538.8878956461763,196.67441445146434
1789785460.6800122,106.60127189999912,105.08474576271186,-10.169491525423723,196694.0,144496.0,2671.1873165991715,244.42236883913986
1789785460.7403095,106.66156509999928,111.86440677966101,-10.169491525423723,196853.0,144511.0,2587.5059904357404,273.3280975812402
1789785460.8037777,106.72503750000033,118.64406779661016,-10.169491525423723,197044.0,144531.0,3051.282228123698,327.5387702505665
1789785460.8653796,106.78663910000068,125.42372881355931,-10.169491525423723,197189.0,144556.0,2342.791534514753,429.21371624697764
1789785460.9277945,106.84905389999949,132.20338983050846,-10.169491525423723,197269.0,144569.0,1152.5887842333061,157.1711978499963
1789785460.989214,106.91047230000004,138.9830508474576,-10.169491525423723,197381.0,144590.0,1935.8849125277093,372.96865287231094
1789785461.051545,106.97280420000061,145.76271186440675,-10.169491525423723,197508.0,144623.0,2052.697704846825,548.5657659504446
1789785461.1136997,107.03495809999913,152.5423728813559,-10.169491525423723,197638.0,144654.0,2068.9522160064557,526.0048006796073
1789785461.177354,107.09861359999923,159.32203389830505,-10.169491525423723,197787.0,144676.0,2246.67837244865,328.3606852040334
1789785461.2387862,107.16004500000054,166.1016949152542,-10.169491525423723,197899.0,144720.0,1850.3296789053727,782.8317872291962
1789785461.300431,107.22169079999912,172.88135593220335,-10.169491525423723,198015.0,144779.0,2066.27027531119,979.6971132940986
1789785461.3622575,107.28351610000027,179.66101694915255,-10.169491525423723,198100.0,144818.0,1446.9941343511641,652.911987451135
1789785461.4242566,107.34551610000017,186.4406779661017,-10.169491525423723,198198.0,144877.0,1503.4349065723015,937.4358829215528
1789785461.4852827,107.40654129999893,193.22033898305085,-10.169491525423723,198275.0,144951.0,1215.9837486985293,1126.5731789412846
1789785461.547282,107.4685413999996,200.0,-10.169491525423723,198361.0,145021.0,1308.3104231351415,1113.8318467231609
1789785461.6093965,107.53065479999896,-200.0,-3.3898305084745743,198448.0,145101.0,1353.3868946487914,1212.7752692307351
1789785461.671741,107.59300020000046,-193.22033898305085,-3.3898305084745743,198538.0,145166.0,1546.9856894812362,1138.012461227576
1789785461.732075,107.65333439999995,-186.4406779661017,-3.3898305084745743,198599.0,145254.0,1032.6049543224026,1431.1542349380666
1789785461.792447,107.71370659999957,-179.66101694915255,-3.3898305084745743,198673.0,145346.0,1159.4854059060192,1449.3567573825242
1789785461.8532233,107.77448200000072,-172.8813559322034,-3.3898305084745743,198732.0,145437.0,970.5457342638872,1509.7378088549356
1789785461.9142175,107.83547720000024,-166.10169491525426,-3.3898305084745743,198788.0,145522.0,755.7980507628583,1385.629759731907
1789785461.9752595,107.89651799999956,-159.32203389830508,-3.3898305084745743,198842.0,145607.0,948.1623539998284,1413.2986031318198
1789785462.0366402,107.95789920000061,-152.54237288135593,-3.3898305084745743,198888.0,145702.0,769.1633470618391,1574.1017335219033
1789785462.097761,108.01901940000062,-145.76271186440678,-3.3898305084745743,198929.0,145804.0,678.7362645138668,1536.0873354787511
1789785462.1590104,108.08026989999962,-138.98305084745763,-3.3898305084745743,198976.0,145900.0,716.0848775338649,1575.3867305745027
1789785462.2211738,108.14243220000026,-132.20338983050848,-3.3898305084745743,199004.0,146009.0,473.78811142707366,1789.8661987245005
1789785462.2848597,108.2061188000007,-125.42372881355932,-3.3898305084745743,199029.0,146119.0,399.51363558080124,1563.314226185744
1789785462.3466456,108.26790359999904,-118.64406779661017,-3.3898305084745743,199053.0,146230.0,405.84057524229695,1835.1052097912557
1789785462.4099236,108.33118300000024,-111.86440677966102,-3.3898305084745743,199068.0,146297.0,227.3534138890849,944.391103846968
1789785462.471368,108.39262659999986,-105.08474576271186,-3.3898305084745743,199084.0,146413.0,231.33771925813352,1832.9065448913657
1789785462.5330207,108.45428010000069,-98.30508474576271,-3.3898305084745743,199103.0,146541.0,337.9952965366738,2116.9179098875884
1789785462.5941608,108.51541890000044,-91.52542372881356,-3.3898305084745743,199121.0,146655.0,285.9231117006668,1876.370420535626
1789785462.6575453,108.57880449999902,-84.74576271186442,-3.3898305084745743,199146.0,146793.0,364.4270599188007,2134.501350952976
1789785462.7189882,108.64024599999902,-77.96610169491527,-3.3898305084745743,199171.0,146906.0,372.5180981816293,1844.8515338518785
1789785462.7830229,108.70427999999993,-71.18644067796612,-3.3898305084745743,199199.0,147043.0,448.1638211109523,2120.159615255659
1789785462.8439803,108.7652392,-64.40677966101697,-3.3898305084745743,199224.0,147173.0,411.61542949312366,2147.558762572819
1789785462.9053454,108.8266050000002,-57.62711864406779,-3.3898305084745743,199254.0,147294.0,497.87159890776053,1902.5807529689419
1789785462.9664881,108.88774589999957,-50.847457627118644,-3.3898305084745743,199303.0,147411.0,786.2506209500325,1876.2798909034866
1789785463.0280874,108.94934599999942,-44.067796610169495,-3.3898305084745743,199343.0,147520.0,662.6549179794717,1773.0496454045324
1789785463.0895274,109.01078529999904,-37.288135593220346,-3.3898305084745743,199390.0,147618.0,800.0469360872837,1564.536230570688
1789785463.154963,109.07622199999969,-30.508474576271198,-3.3898305084745743,199432.0,147742.0,607.2136987436636,1855.3751906056386
1789785463.2156713,109.13692959999935,-23.72881355932205,-3.3898305084745743,199487.0,147827.0,916.9231654375625,1384.3741909547512
1789785463.2770257,109.19828459999917,-16.9491525423729,-3.3898305084745743,199549.0,147945.0,1019.1602119672134,1966.8004090595346
1789785463.3394246,109.2606825999992,-10.169491525423723,-3.3898305084745743,199629.0,148039.0,1335.3903029645749,1405.674003120605
1789785463.40142,109.32267879999927,-3.3898305084745743,-3.3898305084745743,199696.0,148126.0,1067.7163504636878,1405.8265281105223
1789785463.4625638,109.38382180000008,3.3898305084745743,-3.3898305084745743,199784.0,148195.0,1447.2814336958736,1161.3986813608863
1789785463.5245843,109.44584249999934,10.169491525423723,-3.3898305084745743,199878.0,148258.0,1511.2615655783775,1031.2137741593635
1789785463.5849388,109.50619749999896,16.94915254237287,-3.3898305084745743,199964.0,148318.0,1393.4331297236863,959.1163100695503
1789785463.6459162,109.56717480000043,23.72881355932202,-3.3898305084745743,200072.0,148369.0,1789.0431839197665,876.6311601206856
1789785463.7072914,109.62854999999945,30.50847457627117,-3.3898305084745743,200201.0,148421.0,2099.072672349536,836.0713186476966
1789785463.7728128,109.69407130000036,37.28813559322032,-3.3898305084745743,200328.0,148459.0,2176.5803465174176,561.6981539399789
1789785463.8339589,109.75521759999901,44.06779661016947,-3.3898305084745743,200451.0,148496.0,2094.668166680174,632.011946843156
1789785463.8978596,109.8191182999999,50.847457627118644,-3.3898305084745743,200596.0,148528.0,2312.8393060833964,484.08264545931553
1789785463.9622004,109.88345929999923,57.627118644067764,-3.3898305084745743,200734.0,148558.0,2133.2141442220336,457.1173166190072
1789785464.0246875,109.94594630000029,64.40677966101691,-3.3898305084745743,200862.0,148595.0,2078.311487371182,621.7171116067639
1789785464.0860808,110.00733989999935,71.18644067796606,-3.3898305084745743,200984.0,148618.0,2025.4495965555573,373.10913620760266
1789785464.1471221,110.06838070000049,77.96610169491527,-3.3898305084745743,201117.0,148636.0,2201.7527395477714,324.8487648513106
1789785464.2096431,110.13090199999897,84.74576271186442,-3.3898305084745743,201263.0,148651.0,2436.104826082715,262.8890100089261
1789785464.2722301,110.1934884000002,91.52542372881356,-3.3898305084745743,201412.0,148669.0,2276.4985318168856,248.9920269174719
1789785464.3343728,110.25563189999957,98.30508474576271,-3.3898305084745743,201561.0,148682.0,2384.185959391687,211.92764083481663
1789785464.3970294,110.31828730000052,105.08474576271186,-3.3898305084745743,201725.0,148701.0,2625.025718185406,319.259884644171
1789785464.4594975,110.38075639999988,111.86440677966101,-3.3898305084745743,201887.0,148719.0,2543.778606439324,317.9723258049155
1789785464.520451,110.44170929999927,118.64406779661016,-3.3898305084745743,202021.0,148744.0,2068.799268920803,395.77029492397975
1789785464.5831938,110.50445290000062,125.42372881355931,-3.3898305084745743,202173.0,148772.0,2194.060240105843,421.25956610032193
1789785464.6446598,110.56591739999931,132.20338983050846,-3.3898305084745743,202349.0,148796.0,2837.0373429037313,377.0745835504959
1789785464.708014,110.62927300000047,138.9830508474576,-3.3898305084745743,202488.0,148819.0,2201.4900794085047,381.3604861967488
1789785464.769661,110.69091859999935,145.76271186440675,-3.3898305084745743,202612.0,148862.0,2109.4293278487307,732.9373088287963
1789785464.832066,110.75332499999968,152.5423728813559,-3.3898305084745743,202720.0,148900.0,1739.7936498962704,667.7995827884674
1789785464.8934093,110.81466809999984,159.32203389830505,-3.3898305084745743,202842.0,148939.0,1989.9012511526605,604.0771655284863
1789785464.954843,110.87610209999912,166.1016949152542,-3.3898305084745743,202945.0,148987.0,1617.9417292095209,800.0810748838289
1789785465.0159101,110.93716739999945,172.88135593220335,-3.3898305084745743,203055.0,149040.0,1806.1451854477696,858.3660287276529
1789785465.0789433,111.00020190000032,179.66101694915255,-3.3898305084745743,203159.0,149097.0,1582.4518264995304,921.6477670821441
1789785465.1399634,111.0612211000007,186.4406779661017,-3.3898305084745743,203254.0,149156.0,1501.1929122253803,1018.6666190100794
1789785465.2009847,111.12224359999891,193.22033898305085,-3.3898305084745743,203344.0,149238.0,1529.8363075320299,1241.867120231883
1789785465.2623868,111.18364420000034,200.0,-3.3898305084745743,203390.0,149295.0,656.694377980435,958.4188219173916
1789785465.3240592,111.24531759999991,-200.0,3.3898305084745743,203436.0,149349.0,818.1966944790016,942.7048871171106
1789785465.3850722,111.30633069999931,-193.22033898305085,3.3898305084745743,203515.0,149426.0,1217.562261282754,1235.4675886545592
1789785465.4460993,111.36735799999951,-186.4406779661017,3.3898305084745743,203604.0,149494.0,1414.6424446301205,1146.0394488142747
1789785465.5068386,111.42809709999892,-179.66101694915255,3.3898305084745743,203671.0,149589.0,1044.1795988986294,1566.269398347944
1789785465.5671966,111.48845529999926,-172.8813559322034,3.3898305084745743,203713.0,149676.0,687.5277046411843,1447.4267466130195
1789785465.6275752,111.54883349999909,-166.10169491525426,3.3898305084745743,203761.0,149782.0,724.4434463143234,1829.2197019436667
1789785465.688977,111.61023559999921,-159.32203389830508,3.3898305084745743,203816.0,149878.0,887.6643066734172,1491.276035211341
1789785465.7489588,111.67021749999913,-152.54237288135593,3.3898305084745743,203856.0,149990.0,709.9415481624371,1838.5665734463116
1789785465.8100522,111.73131079999985,-145.76271186440678,3.3898305084745743,203888.0,150082.0,535.8377197557243,1500.345615316028
1789785465.87078,111.79203790000065,-138.98305084745763,3.3898305084745743,203915.0,150171.0,449.7535350595237,1367.250746580952
1789785465.9330518,111.85431020000033,-132.20338983050848,3.3898305084745743,203953.0,150300.0,580.3412054509471,2145.5038504550166
1789785465.9938252,111.9150828999991,-125.42372881355932,3.3898305084745743,203976.0,150410.0,323.72004690452655,1744.4913638743928
1789785466.055867,111.9771252999999,-118.64406779661017,3.3898305084745743,203994.0,150528.0,286.1286613312382,1949.2515053190605
1789785466.117311,112.03856760000053,-111.86440677966102,3.3898305084745743,204025.0,150669.0,426.4475673862089,2274.387026059781
1789785466.179606,112.10086439999941,-105.08474576271186,3.3898305084745743,204045.0,150772.0,320.4603234558304,1637.9083198853552
1789785466.24101,112.16226760000063,-98.30508474576271,3.3898305084745743,204062.0,150888.0,302.1566877952007,1884.0358180171336
1789785466.3034348,112.22469289999935,-91.52542372881356,3.3898305084745743,204086.0,151017.0,388.47843592085087,2118.9732868410047
1789785466.3648076,112.28606500000024,-84.74576271186442,3.3898305084745743,204105.0,151143.0,321.6962686786406,2091.0257464111637
1789785466.4281754,112.34943349999958,-77.96610169491527,3.3898305084745743,204122.0,151274.0,305.05858918913356,2009.7977640695858
1789785466.4935818,112.41483920000064,-71.18644067796612,3.3898305084745743,204145.0,151380.0,367.21136353196795,1518.91973097314
1789785466.55505,112.476306999999,-64.40677966101697,3.3898305084745743,204176.0,151500.0,430.9006002067153,1921.098509254939
1789785466.6199071,112.54116579999936,-57.62711864406779,3.3898305084745743,204206.0,151616.0,456.6959233940985,1776.0397020881608
1789785466.6831696,112.60442689999945,-50.847457627118644,3.3898305084745743,204251.0,151724.0,721.8692081374232,1732.4860995298159
1789785466.7458007,112.66705929999989,-44.067796610169495,3.3898305084745743,204287.0,151809.0,560.0133003030677,1347.5320038542566
1789785466.807353,112.72861019999982,-37.288135593220346,3.3898305084745743,204335.0,151908.0,798.2233322479285,1578.708368223681
1789785466.8689342,112.7901927999992,-30.508474576271198,3.3898305084745743,204399.0,151999.0,1077.3037242448368,1544.1353380842659
1789785466.930023,112.85128079999959,-23.72881355932205,3.3898305084745743,204463.0,152081.0,1124.871443261321,1214.1469546312671
1789785466.9925776,112.91383599999972,-16.9491525423729,3.3898305084745743,204536.0,152150.0,1138.0189366596821,1067.9870020960095
1789785467.054144,112.97540169999957,-10.169491525423723,3.3898305084745743,204614.0,152235.0,1260.4743644646815,1402.4996449677442
1789785467.1163657,113.03762420000021,-3.3898305084745743,3.3898305084745743,204683.0,152304.0,1098.54478253084,1187.1371037026818
1789785467.1776052,113.09886229999938,3.3898305084745743,3.3898305084745743,204787.0,152380.0,1696.0863254613087,1267.6013590289779
1789785467.2395408,113.16079929999978,10.169491525423723,3.3898305084745743,204898.0,152423.0,1690.328297325598,693.9242483757718
1789785467.301015,113.22227190000012,16.94915254237287,3.3898305084745743,205020.0,152487.0,2006.7376660963914,1065.5244244759601
1789785467.3681462,113.28940479999983,23.72881355932202,3.3898305084745743,205158.0,152544.0,2118.4507280779794,847.3802912311918
1789785467.4288447,113.35010189999957,30.50847457627117,3.3898305084745743,205271.0,152597.0,1908.0568601039622,828.0246751394553
1789785467.4911563,113.41241450000052,37.28813559322032,3.3898305084745743,205450.0,152647.0,2938.172704403961,831.8922717288323
1789785467.5525775,113.4738357999995,44.06779661016947,3.3898305084745743,205593.0,152689.0,2238.5474314739217,657.3512298772628
1789785467.6138783,113.53513639999983,50.847457627118644,3.3898305084745743,205715.0,152727.0,1957.790046592132,676.3274706409184
1789785467.6753228,113.59657969999898,57.627118644067764,3.3898305084745743,205864.0,152772.0,2417.459747535073,746.5684514446548
1789785467.7369714,113.65822949999892,64.40677966101691,3.3898305084745743,206046.0,152813.0,2901.528258363818,684.832756632454
1789785467.7984538,113.7197111000005,71.18644067796606,3.3898305084745743,206195.0,152846.0,2433.504922057122,550.6470991516114
1789785467.8612015,113.78245939999942,77.96610169491527,3.3898305084745743,206262.0,152867.0,918.9162443369282,353.42932474497235
1789785467.9233403,113.8445971000001,84.74576271186442,3.3898305084745743,206316.0,152892.0,858.6383397715146,385.5110913259861
1789785467.9855776,113.9068356000007,91.52542372881356,3.3898305084745743,206418.0,152914.0,1714.8322381565144,371.2523402194516
1789785468.0462918,113.96754929999952,98.30508474576271,3.3898305084745743,206564.0,152934.0,2408.9367960093678,323.58852483707926
1789785468.1079626,114.02922050000052,105.08474576271186,3.3898305084745743,206678.0,152952.0,1894.9355633814218,301.0645287615343
1789785468.1694133,114.09067060000052,111.86440677966101,3.3898305084745743,206860.0,152987.0,2930.0828947075356,586.0165789415072
1789785468.231474,114.15273209999941,118.64406779661016,3.3898305084745743,207032.0,153009.0,2808.001568243533,317.8869699898339
1789785468.2928858,114.21414299999924,125.42372881355931,3.3898305084745743,207136.0,153047.0,1581.3703907235367,604.1190256696657
1789785468.3545804,114.27583869999944,132.20338983050846,3.3898305084745743,207265.0,153081.0,2126.06682998761,571.7154500807019
1789785468.416628,114.337884999999,138.9830508474576,3.3898305084745743,207411.0,153112.0,2293.6710557973443,476.3778346656023
1789785468.4782796,114.39953779999996,145.76271186440675,3.3898305084745743,207549.0,153162.0,2288.6036477962953,840.3466519252021
1789785468.5399904,114.46124810000038,152.5423728813559,3.3898305084745743,207677.0,153201.0,2172.7609963043487,671.2594947932134
1789785468.60299,114.52424769999925,159.32203389830505,3.3898305084745743,207787.0,153261.0,1766.5279679843052,926.9899237937443
1789785468.6641746,114.58543160000045,166.1016949152542,3.3898305084745743,207910.0,153310.0,1983.1415105319688,786.1101483189786
1789785468.7261317,114.64738949999992,172.88135593220335,3.3898305084745743,208019.0,153370.0,1804.5687434861998,973.051773448441
1789785468.7871885,114.70844620000025,179.66101694915255,3.3898305084745743,208079.0,153435.0,964.6078243987645,1000.3340401172372
1789785468.8488624,114.77012040000045,186.4406779661017,3.3898305084745743,208168.0,153512.0,1466.7679856023706,1290.0489511924463
1789785468.9102876,114.83154540000032,193.22033898305085,3.3898305084745743,208255.0,153608.0,1386.6568059747717,1599.9886222785829
1789785468.9723217,114.893579399999,200.0,3.3898305084745743,208333.0,153692.0,1266.1277417501933,1371.638386896043
1789785469.0344355,114.95569140000043,-200.0,10.169491525423723,208416.0,153769.0,1386.1497322640446,1263.3263382659648
1789785469.1029007,115.02415780000047,-193.22033898305085,10.169491525423723,208510.0,153873.0,1469.107535094861,1504.939426194736
1789785469.1691673,115.09042559999943,-186.4406779661017,10.169491525423723,208572.0,153981.0,938.2129183629587,1645.9875760753662
1789785469.2316594,115.1529171000002,-179.66101694915255,10.169491525423723,208642.0,154073.0,1069.9115896511469,1462.2125058565675
1789785469.2944045,115.21566279999934,-172.8813559322034,10.169491525423723,208687.0,154155.0,725.0092836596658,1326.2364944993888
1789785469.3574874,115.27874469999915,-166.10169491525426,10.169491525423723,208736.0,154237.0,710.2777186089965,1260.7429505309688
1789785469.4208198,115.3420774999995,-159.32203389830508,10.169491525423723,208785.0,154341.0,729.9346187048353,1564.1456115103613
1789785469.4822676,115.40352419999908,-152.54237288135593,10.169491525423723,208830.0,154453.0,728.3489395332153,1847.5192612549852
1789785469.5466607,115.4679185999994,-145.76271186440678,10.169491525423723,208865.0,154581.0,563.6400901739148,2066.680330637688
1789785469.6077294,115.52898629999981,-138.98305084745763,10.169491525423723,208895.0,154687.0,500.43251668058986,1769.3863982635141
1789785469.6695435,115.59080139999969,-132.20338983050848,10.169491525423723,208924.0,154795.0,461.44944821098557,1686.0652915401395
1789785469.730472,115.65172449999955,-125.42372881355932,10.169491525423723,208952.0,154912.0,413.81494194740094,1889.1551697598738
1789785469.79213,115.71338730000025,-118.64406779661017,10.169491525423723,208986.0,155045.0,442.3518254129665,2105.5946889657203
1789785469.8532474,115.77450390000013,-111.86440677966102,10.169491525423723,209013.0,155158.0,411.1276158048842,1912.637169179244
1789785469.915652,115.83690989999923,-105.08474576271186,10.169491525423723,209035.0,155271.0,368.52967190262353,1825.0993275177545
1789785469.9769998,115.89825629999905,-98.30508474576271,10.169491525423723,209066.0,155412.0,515.1791313394358,2362.7180851084468
1789785470.0394037,115.96066169999904,-91.52542372881356,10.169491525423723,209095.0,155517.0,441.5658277526361,1607.2996130195954
1789785470.100809,116.0220663,-84.74576271186442,10.169491525423723,209127.0,155650.0,533.5742717691495,2169.8687051945417
1789785470.1631508,116.08440859999973,-77.96610169491527,10.169491525423723,209160.0,155773.0,513.3279404459146,1947.1059810017448
1789785470.2231562,116.14441330000045,-71.18644067796612,10.169491525423723,209205.0,155871.0,728.0736082441985,1710.9729793738663
1789785470.2845633,116.20582099999956,-64.40677966101697,10.169491525423723,209241.0,155992.0,590.2987090348679,1967.6623634495595
1789785470.345713,116.26696970000012,-57.62711864406779,10.169491525423723,209292.0,156089.0,839.3486654440653,1589.404919670677
1789785470.407936,116.32919360000051,-50.847457627118644,10.169491525423723,209342.0,156191.0,859.6712115862632,1647.7031555403378
1789785470.468672,116.38992820000021,-44.067796610169495,10.169491525423723,209397.0,156280.0,937.298345679692,1532.1222958225735
1789785470.5303435,116.45160129999931,-37.288135593220346,10.169491525423723,209455.0,156379.0,1002.897657877128,1683.4353542937506
1789785470.5908966,116.5121526999992,-30.508474576271198,10.169491525423723,209507.0,156473.0,829.719843298695,1569.2527471084013
1789785470.653262,116.57451939999919,-23.72881355932205,10.169491525423723,209579.0,156569.0,1225.2094841927078,1509.3160312518864
1789785470.7152138,116.636469699999,-16.9491525423729,10.169491525423723,209655.0,156673.0,1111.8758934969708,1641.3406046860043
1789785470.777222,116.69847970000046,-10.169491525423723,10.169491525423723,209739.0,156739.0,1431.2524711399117,1127.1113210226804
1789785470.8382576,116.7595151000005,-3.3898305084745743,10.169491525423723,209821.0,156811.0,1341.847204763114,1091.3690598739995
1789785470.8993049,116.82056270000066,3.3898305084745743,10.169491525423723,209932.0,156870.0,1841.3737005681294,965.3803867056213
1789785470.959723,116.88098050000008,10.169491525423723,10.169491525423723,210044.0,156934.0,1808.2332476303636,1066.8576161019146
1789785471.0200586,116.94131600000037,16.94915254237287,10.169491525423723,210164.0,156992.0,1954.3761739789995,977.1880869894998
1789785471.0803926,117.00165039999956,23.72881355932202,10.169491525423723,210270.0,157037.0,1723.4779421980377,689.3911768792151
1789785471.141108,117.0623656000007,30.50847457627117,10.169491525423723,210393.0,157081.0,2013.2551279682505,719.0196885600894
1789785471.201778,117.12303539999994,37.28813559322032,10.169491525423723,210531.0,157136.0,2230.709311640634,881.4899699225085
1789785471.2624867,117.18374419999964,44.06779661016947,10.169491525423723,210664.0,157178.0,2230.2599512428174,719.4386939492958
1789785471.3239992,117.24525580000045,50.847457627118644,10.169491525423723,210816.0,157216.0,2501.3615567174975,656.3856567272866
1789785471.3913994,117.31265659999917,57.627118644067764,10.169491525423723,210938.0,157232.0,2077.8803524920595,244.45651205788937
1789785471.4582198,117.37947729999905,64.40677966101691,10.169491525423723,211105.0,157258.0,2491.7430475484744,374.57575224584906
1789785471.5212188,117.4424756999997,71.18644067796606,10.169491525423723,211304.0,157293.0,2808.461160043932,518.7603416641658
1789785471.5856557,117.50691329999972,77.96610169491527,10.169491525423723,211452.0,157319.0,2256.658414901592,407.2165560724677
1789785471.6491215,117.57037780000064,84.74576271186442,10.169491525423723,211648.0,157352.0,3158.391562474738,514.5694118638618
1789785471.7100747,117.63133229999949,91.52542372881356,10.169491525423723,211801.0,157383.0,2395.0888074459563,540.2455956645014
1789785471.7714784,117.69273520000024,98.30508474576271,10.169491525423723,211974.0,157407.0,2914.7551785807873,343.97731921139723
1789785471.834431,117.75568879999992,105.08474576271186,10.169491525423723,212130.0,157433.0,2504.0037976986773,434.7228815449093
1789785471.8955767,117.816834199999,111.86440677966101,10.169491525423723,212283.0,157463.0,2483.3968486439467,456.50677364778437
1789785471.9562016,117.87745910000012,118.64406779661016,10.169491525423723,212364.0,157482.0,1295.7377426873168,341.930793209153
1789785472.0163062,117.93756349999967,125.42372881355931,10.169491525423723,212479.0,157519.0,2073.809424189166,636.695875847551
1789785472.077278,117.99853529999928,132.20338983050846,10.169491525423723,212614.0,157550.0,2145.834488208759,482.8127598469708
1789785472.1380677,118.05932380000013,138.9830508474576,10.169491525423723,212734.0,157595.0,1977.6845269518878,701.1790595556694
1789785472.200465,118.12172239999927,145.76271186440675,10.169491525423723,212867.0,157641.0,2219.5705752340155,710.262584074885
1789785472.2614799,118.18273579999914,152.5423728813559,10.169491525423723,212980.0,157696.0,1788.0163567472696,894.0081783736348
1789785472.323127,118.2443844999998,159.32203389830505,10.169491525423723,213076.0,157742.0,1523.6633887012792,734.9435169029699
1789785472.384552,118.30580809999992,166.1016949152542,10.169491525423723,213173.0,157789.0,1616.3553850382884,746.0101777099793
1789785472.4469297,118.36818680000033,172.88135593220335,10.169491525423723,213266.0,157853.0,1442.9114747241033,944.1272612392281
1789785472.508701,118.4299575999994,179.66101694915255,10.169491525423723,213346.0,157918.0,1340.6953975712133,1040.8030060092315
1789785472.570663,118.49192009999933,186.4406779661017,10.169491525423723,213428.0,158011.0,1359.8382508356895,1431.4086850901995
1789785472.6321075,118.55336369999895,193.22033898305085,10.169491525423723,213498.0,158089.0,1103.2224772929785,1298.9554974578616
1789785472.6951296,118.61638689999927,200.0,10.169491525423723,213564.0,158165.0,1056.066574461236,1232.0776702047754
1789785472.7562485,118.67750510000042,-200.0,16.94915254237287,213632.0,158250.0,1124.566238747733,1356.6195896004397
1789785472.8178737,118.73913100000027,-193.22033898305085,16.94915254237287,213697.0,158342.0,1055.2522947310356,1520.2787296972544
1789785472.878546,118.79980319999959,-186.4406779661017,16.94915254237287,213763.0,158437.0,1043.7023360901796,1565.5535041352693
1789785472.940115,118.8613721999991,-179.66101694915255,16.94915254237287,213817.0,158515.0,909.1654574281797,1247.8741572543643
1789785473.0017488,118.92300470000009,-172.8813559322034,16.94915254237287,213857.0,158628.0,550.141883372699,1863.383798520432
1789785473.0643408,118.9855977999996,-166.10169491525426,16.94915254237287,213899.0,158739.0,583.6028812305118,1697.7538363069434
1789785473.125519,119.04677529999935,-159.32203389830508,16.94915254237287,213926.0,158822.0,446.85068573958046,1394.174139507491
1789785473.1877782,119.10903540000072,-152.54237288135593,16.94915254237287,213956.0,158942.0,459.88640804578404,1927.9853260380946
1789785473.249302,119.1705579999998,-145.76271186440678,16.94915254237287,214008.0,159069.0,816.3497100259377,2023.1275422381937
1789785473.3108745,119.23213149999901,-138.98305084745763,16.94915254237287,214040.0,159184.0,558.2588087844446,1998.9267024217208
1789785473.371353,119.2926095999992,-132.20338983050848,16.94915254237287,214061.0,159264.0,344.32890297012494,1268.5801688373024
1789785473.432599,119.35385589999896,-125.42372881355932,16.94915254237287,214088.0,159336.0,451.0746402269737,1226.9230214173683
1789785473.4941444,119.41540039999927,-118.64406779661017,16.94915254237287,214112.0,159436.0,389.96236862591036,1559.8494745036414
1789785473.5567002,119.47795720000067,-111.86440677966102,16.94915254237287,214151.0,159561.0,668.3798296868965,2057.9063177201815
1789785473.6174893,119.53874559999895,-105.08474576271186,16.94915254237287,214177.0,159687.0,395.62083699416434,2193.8973687858206
1789785473.679503,119.60075940000024,-98.30508474576271,16.94915254237287,214195.0,159782.0,268.4361980880248,1521.1384558321406
1789785473.7405446,119.66180150000037,-91.52542372881356,16.94915254237287,214222.0,159902.0,447.0720358248587,1984.9998390623725
1789785473.8013406,119.72259750000012,-84.74576271186442,16.94915254237287,214258.0,160023.0,592.6319683521598,1849.7300830385593
1789785473.8626735,119.78392940000049,-77.96610169491527,16.94915254237287,214284.0,160129.0,390.5840829944454,1633.3516197949534
1789785473.9246552,119.84591170000022,-71.18644067796612,16.94915254237287,214318.0,160237.0,530.7048113689523,1751.3258775175427
1789785473.9853733,119.90662979999979,-64.40677966101697,16.94915254237287,214365.0,160354.0,827.3753316148265,1924.5469670170964
1789785474.0467403,119.96799689999898,-57.62711864406779,16.94915254237287,214420.0,160486.0,924.0551092247667,2221.286320251843
1789785474.1071098,120.02836670000033,-50.847457627118644,16.94915254237287,214492.0,160588.0,1213.9792427590269,1648.8374789712157
1789785474.1674874,120.08874409999953,-44.067796610169495,16.94915254237287,214561.0,160694.0,1193.513795015014,1754.103607825096
1789785474.2284822,120.14973909999935,-37.288135593220346,16.94915254237287,214618.0,160786.0,947.8232256238492,1502.2103953283647
1789785474.289179,120.21043590000045,-30.508474576271198,16.94915254237287,214692.0,160891.0,1213.6911608851865,1630.3314101442804
1789785474.3509386,120.27219560000049,-23.72881355932205,16.94915254237287,214766.0,160982.0,1165.919124070306,1430.9007431771938
1789785474.4123807,120.33363739999913,-16.9491525423729,16.94915254237287,214871.0,161058.0,1752.8358379801484,1287.7977585160274
1789785474.4745994,120.39585640000041,-10.169491525423723,16.94915254237287,214983.0,161134.0,1836.8492961287266,1277.0476058799718
1789785474.5363927,120.45764950000012,-3.3898305084745743,16.94915254237287,215105.0,161210.0,1891.756186188011,1060.797861413838
1789785474.5971277,120.51838469999893,3.3898305084745743,16.94915254237287,215201.0,161278.0,1566.588097198664,1098.4123440128565
1789785474.6588538,120.58010999999897,10.169491525423723,16.94915254237287,215309.0,161324.0,1765.9295676288946,688.7125313752689
1789785474.7213695,120.64262629999939,16.94915254237287,16.94915254237287,215424.0,161378.0,1806.4090692397879,824.2837500414565
1789785474.7822592,120.70351089999895,23.72881355932202,16.94915254237287,215548.0,161424.0,2016.187102150138,738.0684927513897
1789785474.8446078,120.76586429999952,30.50847457627117,16.94915254237287,215681.0,161460.0,2180.2619479571886,545.0654869892971
1789785474.905338,120.8265950999994,37.28813559322032,16.94915254237287,215807.0,161495.0,1960.9818582497683,593.6917552499299
1789785474.9660487,120.88730550000037,44.06779661016947,16.94915254237287,215904.0,161526.0,1510.652799824393,557.5028189828117
1789785475.0266085,120.94786399999975,50.847457627118644,16.94915254237287,216058.0,161565.0,2452.04980548453,631.0422293526364
1789785475.0887737,121.01003049999963,57.627118644067764,16.94915254237287,216212.0,161596.0,2393.5276197657563,439.98669480988167
1789785475.1494792,121.0707354999995,64.40677966101691,16.94915254237287,216362.0,161622.0,2321.801718084733,431.9631103413456
1789785475.2106216,121.13187839999955,71.18644067796606,16.94915254237287,216411.0,161643.0,822.3934151251439,339.6842366821246
1789785475.271265,121.1925210999998,77.96610169491527,16.94915254237287,216550.0,161667.0,2267.4675986536217,395.90704103475935
1789785475.332919,121.25417559999914,84.74576271186442,16.94915254237287,216729.0,161697.0,2829.029377716199,495.0801411003349
1789785475.3936508,121.31490699999995,91.52542372881356,16.94915254237287,216887.0,161742.0,2588.67562272854,737.0534759157648
1789785475.456331,121.37758749999921,98.30508474576271,16.94915254237287,217039.0,161767.0,2430.601092951839,419.6721311571521
1789785475.5177598,121.43901600000027,105.08474576271186,16.94915254237287,217192.0,161790.0,2470.0396627998607,337.6313208143695
1789785475.5787914,121.50004819999958,111.86440677966101,16.94915254237287,217348.0,161821.0,2555.287121363358,428.8593770120321
1789785475.6401725,121.56142919999911,118.64406779661016,16.94915254237287,217495.0,161858.0,2487.986579154147,586.4539793720489
1789785475.7016075,121.62286399999903,125.42372881355931,16.94915254237287,217646.0,161889.0,2466.62514218273,496.87412936054994
1789785475.7625804,121.68383729999914,132.20338983050846,16.94915254237287,217765.0,161939.0,1896.0635217148824,751.2704520002364
1789785475.8245978,121.7458544000001,138.9830508474576,16.94915254237287,217885.0,161985.0,2002.779295461659,755.4342956565907
1789785475.8853455,121.80660209999951,145.76271186440675,16.94915254237287,217999.0,162044.0,1817.1775454408369,1007.5439855909591
1789785475.9461417,121.86739780000062,152.5423728813559,16.94915254237287,218120.0,162090.0,2064.3317578359542,753.9298593835658
1789785476.0080457,121.9293017,159.32203389830505,16.94915254237287,218197.0,162135.0,1220.2238845925074,742.744973230222
1789785476.0687573,121.99001339999995,166.1016949152542,16.94915254237287,218292.0,162181.0,1547.1855615103757,791.5833105401922
1789785476.1294813,122.05073730000004,172.88135593220335,16.94915254237287,218364.0,162249.0,1151.5451396834105,1061.580675645644
1789785476.1905453,122.11180199999944,179.66101694915255,16.94915254237287,218437.0,162316.0,1179.6162315331194,1161.7432583280722
1789785476.25088,122.1721364999994,186.4406779661017,16.94915254237287,218505.0,162386.0,1122.5579837354003,1158.7695315978324
1789785476.3115585,122.23281490000045,193.22033898305085,16.94915254237287,218559.0,162462.0,902.1623026254323,1281.070469728114
1789785476.3723197,122.29357600000003,200.0,16.94915254237287,218595.0,162533.0,611.1634394818693,1258.2776695214957
1789785476.4336534,122.35490939999909,-200.0,23.72881355932202,218644.0,162615.0,842.2576806705896,1415.70971857397
1789785476.4957378,122.4169939000003,-193.22033898305085,23.72881355932202,218689.0,162674.0,702.2311639795806,1018.2351877703919
1789785476.5601532,122.48140930000045,-186.4406779661017,23.72881355932202,218738.0,162778.0,764.7122636645362,1618.3445579877393
1789785476.6218824,122.54313879999972,-179.66101694915255,23.72881355932202,218776.0,162861.0,600.2708280738309,1324.1268266334505
1789785476.6835663,122.6048226999992,-172.8813559322034,23.72881355932202,218812.0,162951.0,576.1665121301661,1458.421483829483
1789785476.7443213,122.66557769999963,-166.10169491525426,23.72881355932202,218844.0,163044.0,557.3464555557098,1510.229105376762
1789785476.804286,122.72554209999907,-159.32203389830508,23.72881355932202,218881.0,163160.0,564.6126302012682,1948.824239726958
1789785476.8660889,122.78734529999929,-152.54237288135593,23.72881355932202,218909.0,163282.0,458.5586443589825,1887.145190246582
1789785476.9263346,122.84759099999974,-145.76271186440678,23.72881355932202,218938.0,163400.0,489.0887913519895,1902.0119663688483
1789785476.9871814,122.90843780000068,-138.98305084745763,23.72881355932202,218961.0,163520.0,394.83838547027574,2045.9807247096107
1789785477.0492053,122.97045979999893,-132.20338983050848,23.72881355932202,218980.0,163632.0,321.5198600956899,1768.3592305262946
1789785477.1104803,123.0317369000004,-125.42372881355932,23.72881355932202,219000.0,163758.0,287.05369877248245,2134.961884620338
1789785477.1720347,123.09329020000041,-118.64406779661017,23.72881355932202,219015.0,163864.0,248.01104003225927,1806.937577377889
1789785477.233231,123.15448769999966,-111.86440677966102,23.72881355932202,219033.0,163983.0,288.03295096796194,1980.2265379047385
1789785477.294019,123.21527439999954,-105.08474576271186,23.72881355932202,219046.0,164103.0,215.7159883299864,1923.4675626090454
1789785477.3566968,123.27795329999935,-98.30508474576271,23.72881355932202,219070.0,164231.0,421.825979208367,1950.9451538386975
1789785477.4177496,123.33900489999905,-91.52542372881356,23.72881355932202,219099.0,164353.0,464.88175910185424,1984.6875100117625
1789785477.4808192,123.40207509999891,-84.74576271186442,23.72881355932202,219123.0,164481.0,381.7860297538184,1943.6379696558026
1789785477.5418606,123.46311640000022,-77.96610169491527,23.72881355932202,219152.0,164571.0,485.5591123268995,1528.6120202883874
1789785477.6038775,123.52513410000029,-71.18644067796612,23.72881355932202,219197.0,164678.0,676.0350897841803,1761.2493128587855
1789785477.6649437,123.58619890000045,-64.40677966101697,23.72881355932202,219236.0,164781.0,680.2855050715856,1700.7137626789638
1789785477.7283058,123.64956209999946,-57.62711864406779,23.72881355932202,219285.0,164868.0,742.9433341482267,1416.7756604687113
1789785477.7898266,123.7110818000001,-50.847457627118644,23.72881355932202,219354.0,164939.0,1118.4848258970792,1136.238553292271
1789785477.8517988,123.77305519999936,-44.067796610169495,23.72881355932202,219413.0,165028.0,994.620170533954,1367.6027344841866
1789785477.913497,123.8347520999996,-37.288135593220346,23.72881355932202,219468.0,165113.0,900.4332673052614,1324.166569566561
1789785477.9754934,123.89674919999925,-30.508474576271198,23.72881355932202,219528.0,165180.0,901.3992898452756,1060.4697527591477
1789785478.0366416,123.95789669999976,-23.72881355932205,23.72881355932202,219607.0,165249.0,1322.3447674524268,1107.9104808385198
1789785478.0996993,124.02095449999979,-16.9491525423729,23.72881355932202,219695.0,165325.0,1440.037198086952,1197.1393574457793
1789785478.1606998,124.08195490000071,-10.169491525423723,23.72881355932202,219791.0,165384.0,1655.0275058683808,935.4503294038674
1789785478.224391,124.14564719999908,-3.3898305084745743,23.72881355932202,219880.0,165426.0,1460.5312897192398,652.9434001097778
1789785478.2854571,124.20671299999958,3.3898305084745743,23.72881355932202,219989.0,165482.0,1771.1749330356406,894.5327944624448
1789785478.3476183,124.26887460000034,10.169491525423723,23.72881355932202,220109.0,165513.0,1948.0348540442571,473.8463158486031
1789785478.4092696,124.33052449999923,16.94915254237287,23.72881355932202,220225.0,165551.0,1828.7865202390567,568.1666858995128
1789785478.4736223,124.39487849999932,23.72881355932202,23.72881355932202,220359.0,165588.0,2020.4043571408495,500.7839859579883
1789785478.5351033,124.45635840000068,30.50847457627117,23.72881355932202,220478.0,165618.0,1933.5325994880518,443.47077969909446
1789785478.597026,124.51828199999909,37.28813559322032,23.72881355932202,220613.0,165643.0,2259.4769044298223,444.7789181948469
1789785478.6588244,124.58007919999909,44.06779661016947,23.72881355932202,220728.0,165664.0,1942.5808422351427,317.87686509302335
1789785478.720136,124.64139219999925,50.847457627118644,23.72881355932202,220856.0,165680.0,1993.9348128660642,235.64684152053488
1789785478.7816067,124.70286230000056,57.627118644067764,23.72881355932202,220986.0,165690.0,2093.746617680353,159.6925386366371
1789785478.843249,124.76450449999902,64.40677966101691,23.72881355932202,221127.0,165705.0,2223.4119946996852,249.02214340636476
1789785478.9035587,124.82481449999977,71.18644067796606,23.72881355932202,221280.0,165721.0,2608.5349814881156,271.72239390501204
1789785478.9646118,124.88586790000045,77.96610169491527,23.72881355932202,221413.0,165733.0,2163.3218611923903,196.66562374476277
1789785479.0255065,124.94676079999954,84.74576271186442,23.72881355932202,221549.0,165751.0,2280.8867081675653,323.2752814725683
1789785479.0873914,125.00864739999997,91.52542372881356,23.72881355932202,221686.0,165767.0,2077.7545921374704,250.76348525797053
1789785479.148781,125.0700366000001,98.30508474576271,23.72881355932202,221845.0,165786.0,2630.582656275394,337.7099356029222
1789785479.2101552,125.13141089999954,105.08474576271186,23.72881355932202,221963.0,165806.0,1850.0235699891336,337.98507528647633
1789785479.2705731,125.19182869999895,111.86440677966101,23.72881355932202,222090.0,165828.0,2025.008859403308,379.68916113812026
1789785479.3319378,125.25319390000004,118.64406779661016,23.72881355932202,222226.0,165859.0,2272.501313770002,532.6174954148443
1789785479.392604,125.31385930000033,125.42372881355931,23.72881355932202,222354.0,165896.0,2143.028224928664,594.2851380054277
1789785479.4539714,125.3752272999991,132.20338983050846,23.72881355932202,222475.0,165931.0,2002.8755570687497,536.4845242148436
1789785479.5160687,125.43732289999934,138.9830508474576,23.72881355932202,222598.0,165972.0,1929.7568506518317,649.1000315828888
1789785479.5780451,125.49930069999937,145.76271186440675,23.72881355932202,222690.0,166015.0,1423.4292902547215,729.5075112555447
1789785479.6391685,125.56042370000068,152.5423728813559,23.72881355932202,222810.0,166069.0,1911.3422981683157,857.4245823558799
1789785479.700527,125.62178230000063,159.32203389830505,23.72881355932202,222896.0,166117.0,1340.3412330213268,839.9471726933649
1789785479.7612703,125.68252489999941,166.1016949152542,23.72881355932202,222994.0,166182.0,1609.1559163295938,1102.904616810171
1789785479.8235881,125.74484350000057,172.88135593220335,23.72881355932202,223065.0,166261.0,1216.176201021902,1304.3049112408803
1789785479.884649,125.80590440000014,179.66101694915255,23.72881355932202,223123.0,166333.0,934.9289454245937,1186.640584577369
1789785479.9470732,125.868328999999,186.4406779661017,23.72881355932202,223174.0,166413.0,816.5989718029681,1349.1635186309907
1789785480.0077465,125.92900129999907,193.22033898305085,23.72881355932202,223229.0,166486.0,886.4125617298168,1103.493189092221
1789785480.06976,125.9910149999996,200.0,23.72881355932202,223286.0,166589.0,938.4130352552453,1768.5476433656545
1789785480.1318913,126.05314530000032,-200.0,30.50847457627117,223332.0,166680.0,730.0023858701663,1460.0047717403327
1789785480.1976204,126.1188758999997,-193.22033898305085,30.50847457627117,223392.0,166780.0,1044.2942821204315,1566.4414231806472
1789785480.2586455,126.17989990000024,-186.4406779661017,30.50847457627117,223429.0,166871.0,521.5817957120003,1564.7453871360008
1789785480.3274176,126.24867280000035,-179.66101694915255,30.50847457627117,223477.0,166988.0,766.8821070273008,1622.936552081032
1789785480.388209,126.3094645000001,-172.8813559322034,30.50847457627117,223509.0,167104.0,521.4608095187464,1888.0477586023574
1789785480.4518828,126.37313790000007,-166.10169491525426,30.50847457627117,223540.0,167211.0,485.79674264158047,1583.3375315725584
1789785480.5179505,126.4392059999991,-159.32203389830508,30.50847457627117,223573.0,167308.0,495.26853459649425,1469.2966526362661
1789785480.5817342,126.5029895000007,-152.54237288135593,30.50847457627117,223613.0,167426.0,556.6788896646364,1993.2695726701497
1789785480.645494,126.56674969999949,-145.76271186440678,30.50847457627117,223631.0,167551.0,290.10733971590116,1843.0348640774896
1789785480.7075553,126.62880980000045,-138.98305084745763,30.50847457627117,223657.0,167673.0,430.0605130898318,2006.9490610858816
1789785480.7702577,126.69151349999993,-132.20338983050848,30.50847457627117,223664.0,167751.0,123.71294355468474,1237.1294355468474
1789785480.8318086,126.75306280000041,-125.42372881355932,30.50847457627117,223689.0,167856.0,407.38753003720416,1753.5376292905744
1789785480.8936512,126.81490710000071,-118.64406779661017,30.50847457627117,223713.0,167979.0,377.766464764711,2068.7211165686554
1789785480.9550214,126.87627669999893,-111.86440677966102,30.50847457627117,223733.0,168095.0,322.30224071868764,1826.3793640725632
1789785481.0164003,126.9376558999993,-105.08474576271186,30.50847457627117,223758.0,168238.0,426.6135769756695,2275.272410536904
1789785481.078071,126.9993257999995,-98.30508474576271,30.50847457627117,223783.0,168341.0,389.2875153744315,1734.0989321224677
1789785481.1388428,127.06009830000039,-91.52542372881356,30.50847457627117,223806.0,168444.0,380.3824111148428,1575.869988904349
1789785481.1992269,127.12048219999997,-84.74576271186442,30.50847457627117,223829.0,168541.0,379.852617190438,1664.1162276914429
1789785481.2615807,127.18283639999936,-77.96610169491527,30.50847457627117,223855.0,168625.0,422.9030177604672,1392.0557667948713
1789785481.322633,127.24388759999965,-71.18644067796612,30.50847457627117,223893.0,168702.0,679.2300391058893,1233.3387552185884
1789785481.384665,127.30592090000027,-64.40677966101697,30.50847457627117,223937.0,168782.0,725.6945427704652,1185.8910820883211
1789785481.446838,127.36809270000049,-57.62711864406779,30.50847457627117,223992.0,168855.0,892.9687639535299,1196.5781436977302
1789785481.5084128,127.42966820000038,-50.847457627118644,30.50847457627117,224068.0,168939.0,1264.0626975115392,1335.2774973713442
1789785481.5699654,127.49121939999895,-44.067796610169495,30.50847457627117,224129.0,169009.0,993.7553125864532,1188.9572489873638
1789785481.6332145,127.55446979999942,-37.288135593220346,30.50847457627117,224206.0,169076.0,1268.7620358664803,1042.8181116710798
1789785481.6950011,127.61625559999993,-30.508474576271198,30.50847457627117,224281.0,169168.0,1271.6085141383285,1483.5432664947166
1789785481.7566414,127.67789690000063,-23.72881355932205,30.50847457627117,224356.0,169241.0,1280.1342718985845,1244.5749865680684
1789785481.8173447,127.73860000000059,-16.9491525423729,30.50847457627117,224452.0,169307.0,1601.9237484375615,1115.9468809340317
1789785481.878102,127.79935719999958,-10.169491525423723,30.50847457627117,224536.0,169364.0,1440.3151409578752,918.2009023606455
1789785481.9377642,127.85901939999894,-3.3898305084745743,30.50847457627117,224632.0,169408.0,1685.114395472058,714.3419719935898
1789785481.9974098,127.91866519999894,3.3898305084745743,30.50847457627117,224721.0,169442.0,1430.783115272323,550.3011981816627
1789785482.0585022,127.97975720000068,10.169491525423723,30.50847457627117,224826.0,169504.0,1734.5681550887082,1037.164463867475
1789785482.119174,128.04042909999953,16.94915254237287,30.50847457627117,224950.0,169543.0,1960.6714490029399,683.5368354322176
1789785482.1798987,128.10115399999995,23.72881355932202,30.50847457627117,225076.0,169568.0,2068.7657743035484,431.7424224633492
1789785482.2402887,128.1615442000002,30.50847457627117,30.50847457627117,225214.0,169607.0,2259.3233236949986,650.6851172241596
1789785482.3016531,128.22290760000033,37.28813559322032,30.50847457627117,225343.0,169634.0,2202.2676252772612,461.7657923968451
1789785482.36297,128.2842254999996,44.06779661016947,30.50847457627117,225496.0,169663.0,2409.6298228601945,507.29048902319886
1789785482.424829,128.3460828999996,50.847457627118644,30.50847457627117,225639.0,169689.0,2416.7755980104857,352.8139559139395
1789785482.4875376,128.40879250000035,57.627118644067764,30.50847457627117,225789.0,169704.0,2423.0204630300577,229.92164977657484
1789785482.5488045,128.47005940000054,64.40677966101691,30.50847457627117,225918.0,169721.0,2112.057161517666,286.380632070192
1789785482.6129415,128.53419639999993,71.18644067796606,30.50847457627117,226068.0,169733.0,2288.9270188187133,169.55014954212692
1789785482.6742783,128.5955326000003,77.96610169491527,30.50847457627117,226223.0,169751.0,2576.600557579996,319.85386232027537
1789785482.7357345,128.656988499999,84.74576271186442,30.50847457627117,226374.0,169761.0,2217.4188163154563,126.19456678218043
1789785482.7967122,128.71796639999957,91.52542372881356,30.50847457627117,226501.0,169784.0,2129.6014603153053,411.60364359035316
1789785482.8570888,128.7783440000003,98.30508474576271,30.50847457627117,226605.0,169802.0,1747.484805092773,309.45043423517853
1789785482.9184027,128.83965779999926,105.08474576271186,30.50847457627117,226741.0,169831.0,2189.8395007429976,462.89290259608083
1789785482.9797823,128.90103760000056,111.86440677966101,30.50847457627117,226848.0,169853.0,1707.6077482684711,302.3888720892084
1789785483.0416868,128.9629404999996,118.64406779661016,30.50847457627117,226966.0,169882.0,1884.2838400368607,493.08362169188877
1789785483.1036172,129.02487210000072,125.42372881355931,30.50847457627117,227071.0,169903.0,1752.2153007790885,339.7152113755376
1789785483.1654027,129.08665640000072,132.20338983050846,30.50847457627117,227187.0,169951.0,1833.9176006678117,811.1558618338398
1789785483.2273023,129.14855720000014,138.9830508474576,30.50847457627117,227290.0,170000.0,1612.5824432503223,716.7033081112544
1789785483.2884562,129.20971069999905,145.76271186440675,30.50847457627117,227371.0,170050.0,1338.2676749646307,785.11703597925
1789785483.3493998,129.2706552999989,152.5423728813559,30.50847457627117,227448.0,170115.0,1242.3635155756322,1080.3161005005497
1789785483.4115987,129.33285070000056,159.32203389830505,30.50847457627117,227522.0,170183.0,1167.0757326303662,1114.0268356926222
1789785483.48674,129.40799490000063,166.1016949152542,30.50847457627117,227612.0,170261.0,1102.6319112235074,1067.0631398937169
1789785483.5494332,129.4706884999996,172.88135593220335,30.50847457627117,227672.0,170330.0,903.4098509794768,1025.0227155344064
1789785483.6104777,129.53173179999976,179.66101694915255,30.50847457627117,227726.0,170403.0,862.7848538029268,1258.227911795935
1789785483.6743958,129.59565099999963,186.4406779661017,30.50847457627117,227779.0,170483.0,792.1105786410864,1170.9460727737799
1789785483.735945,129.6571999000007,193.22033898305085,30.50847457627117,227826.0,170554.0,778.3608444716416,1104.1863142504683
1789785483.79841,129.71966509999947,200.0,30.50847457627117,227879.0,170636.0,784.8841772429248,1308.1402954048747
1789785483.8615117,129.7827655000001,-200.0,37.28813559322032,227925.0,170717.0,727.2482169111232,1259.3810585534084
1789785483.9258335,129.84708839999985,-193.22033898305085,37.28813559322032,227968.0,170826.0,631.2883571604018,1654.999206609702
1789785483.9864879,129.90774169999895,-186.4406779661017,37.28813559322032,228005.0,170920.0,579.3228801598996,1502.6187204147395
1789785484.048557,129.96981179999966,-179.66101694915255,37.28813559322032,228036.0,171035.0,530.5002263415067,1909.8008148294243
1789785484.1093411,130.03059509999912,-172.8813559322034,37.28813559322032,228064.0,171160.0,433.54950592563296,2149.6829668812634
1789785484.1706877,130.0919429000005,-166.10169491525426,37.28813559322032,228099.0,171278.0,482.93020585221524,1949.6071273293135
1789785484.2313757,130.15262930000063,-159.32203389830508,37.28813559322032,228121.0,171387.0,378.0092234237734,1854.0452386975553
1789785484.292395,130.21364969999922,-152.54237288135593,37.28813559322032,228147.0,171492.0,431.81078052041045,1727.2431220816418
1789785484.352694,130.27394859999913,-145.76271186440678,37.28813559322032,228168.0,171607.0,362.8427276369229,1814.2136381846144
1789785484.4137948,130.3350494999995,-138.98305084745763,37.28813559322032,228181.0,171710.0,232.26230633114326,1679.435138086728
1789785484.4748464,130.3961003000004,-132.20338983050848,37.28813559322032,228201.0,171816.0,357.2162140424269,1750.3594488078918
1789785484.5366898,130.45794439999918,-125.42372881355932,37.28813559322032,228219.0,171933.0,266.1816245962434,1827.7804888942046
1789785484.5982816,130.51953560000038,-118.64406779661017,37.28813559322032,228244.0,172039.0,390.75821302143055,1811.697169462996
1789785484.6606364,130.58189149999998,-111.86440677966102,37.28813559322032,228267.0,172140.0,391.27457692896667,1618.4539318425439
1789785484.721709,130.64296309999918,-105.08474576271186,37.28813559322032,228289.0,172232.0,393.1379556848346,1411.7226590500877
1789785484.7833748,130.7046296999997,-98.30508474576271,37.28813559322032,228314.0,172324.0,408.94850450005805,1582.4529087176159
1789785484.84347,130.76472400000057,-91.52542372881356,37.28813559322032,228350.0,172406.0,600.1680470592529,1436.7659308388174
1789785484.9045491,130.82580360000065,-84.74576271186442,37.28813559322032,228386.0,172524.0,574.6765199675988,2011.3678198865957
1789785484.9654808,130.88673489999928,-77.96610169491527,37.28813559322032,228414.0,172604.0,482.84125252288203,1341.22570145245
1789785485.0266678,130.94792249999955,-71.18644067796612,37.28813559322032,228468.0,172712.0,892.2071062492668,1784.4142124985335
1789785485.0887063,131.0099596,-64.40677966101697,37.28813559322032,228521.0,172797.0,811.6868794408092,1358.6932547161373
1789785485.1517446,131.07299769999918,-57.62711864406779,37.28813559322032,228572.0,172893.0,724.3099622563398,1360.289441310687
1789785485.2130291,131.1342827999997,-50.847457627118644,37.28813559322032,228633.0,172970.0,1012.0846457777948,1189.6433555633728
1789785485.2761087,131.1973629999993,-44.067796610169495,37.28813559322032,228702.0,173044.0,996.082077165998,1223.2586912564889
1789785485.337833,131.25908639999943,-37.288135593220346,37.28813559322032,228779.0,173099.0,1200.690043643081,918.1747392564738
1789785485.4001846,131.32143910000013,-30.508474576271198,37.28813559322032,228845.0,173161.0,1055.0526471324724,1002.3000147758488
1789785485.4609091,131.38216300000022,-23.72881355932205,37.28813559322032,228930.0,173232.0,1527.6092914220642,1240.0593071543815
1789785485.5260317,131.44728639999994,-16.9491525423729,37.28813559322032,229018.0,173286.0,1404.363709129564,825.0636791136188
1789785485.5864136,131.50766739999926,-10.169491525423723,37.28813559322032,229110.0,173334.0,1500.5595459916233,777.3983190077084
1789785485.6480384,131.5692930999994,-3.3898305084745743,37.28813559322032,229198.0,173380.0,1422.5130471275106,764.600762831037
1789785485.708801,131.63005440000052,3.3898305084745743,37.28813559322032,229268.0,173403.0,1115.4148533759649,395.7923673269553
1789785485.7705846,131.69183909999992,10.169491525423723,37.28813559322032,229343.0,173430.0,1117.3243805259183,407.9120754300971
1789785485.832241,131.75349509999978,16.94915254237287,37.28813559322032,229463.0,173472.0,1971.6823778939931,710.5161722140516
1789785485.894973,131.8162269000004,23.72881355932202,37.28813559322032,229591.0,173495.0,2037.6723458177264,351.3228182444356
1789785485.9563355,131.87758919999942,30.50847457627117,37.28813559322032,229725.0,173514.0,2218.8025623550993,268.403535768762
1789785486.0183425,131.93959600000017,37.28813559322032,37.28813559322032,229843.0,173528.0,1930.3002236697698,212.5101163673141
1789785486.079387,132.00064079999902,44.06779661016947,37.28813559322032,229986.0,173547.0,2396.173275527044,321.87402208572234
1789785486.1407423,132.06199689999994,50.847457627118644,37.28813559322032,230118.0,173560.0,2202.836465335415,197.0016351112973
1789785486.2021866,132.12344029999986,57.627118644067764,37.28813559322032,230265.0,173581.0,2468.5262898558626,337.4244568867726
1789785486.2642002,132.1854545999995,64.40677966101691,37.28813559322032,230412.0,173600.0,2350.2842430627115,247.39834137502226
1789785486.325315,132.2465683999999,71.18644067796606,37.28813559322032,230582.0,173620.0,2874.8819245017194,285.7025515032765
1789785486.387296,132.3085504999999,77.96610169491527,37.28813559322032,230725.0,173643.0,2378.6656937379284,411.3482026764839
1789785486.4480162,132.36926959999983,84.74576271186442,37.28813559322032,230869.0,173664.0,2428.380755724012,377.74811755706855
1789785486.5120955,132.43334959999993,91.52542372881356,37.28813559322032,231030.0,173686.0,2538.4410884438803,325.8809505434711
1789785486.5731506,132.49440420000064,98.30508474576271,37.28813559322032,231166.0,173713.0,2229.309669059749,395.52268322027805
1789785486.6344528,132.55570679999983,105.08474576271186,37.28813559322032,231226.0,173732.0,895.5726470774437,286.583247064782
1789785486.6962466,132.6175002,111.86440677966101,37.28813559322032,231230.0,173737.0,70.75951494166188,88.44939367707735
1789785486.7589355,132.68018949999896,118.64406779661016,37.28813559322032,231233.0,173745.0,52.49509170931654,104.99018341863308
1789785486.8203442,132.7415975999993,125.42372881355931,37.28813559322032,231234.0,173749.0,17.859630448747044,71.43852179498818
1789785486.8809724,132.80222669999966,132.20338983050846,37.28813559322032,231239.0,173757.0,72.51815673330714,126.90677428328749
1789785486.9417243,132.86297879999984,138.9830508474576,37.28813559322032,231241.0,173760.0,36.01572446501687,36.01572446501687
1789785487.0034027,132.9246562999997,145.76271186440675,37.28813559322032,231245.0,173765.0,70.76865373192429,88.46081716490536
1789785487.0655024,132.98675569999978,152.5423728813559,37.28813559322032,231245.0,173770.0,0.0,88.2911772396054
1789785487.1275067,133.04876039999908,159.32203389830505,37.28813559322032,231249.0,173780.0,71.30556932230014,124.78474631402524
1789785487.189023,133.1102759000005,166.1016949152542,37.28813559322032,231250.0,173784.0,17.739208795945807,70.95683518378323
1789785487.2540066,133.17526100000032,172.88135593220335,37.28813559322032,231254.0,173791.0,54.634757540362166,91.05792923393695
1789785487.3157885,133.23704309999994,179.66101694915255,37.28813559322032,231257.0,173796.0,35.27784833300993,88.1946208325248
1789785487.377107,133.29836090000026,186.4406779661017,37.28813559322032,231259.0,173798.0,36.44494171479389,36.44494171479389
1789785487.438278,133.3595320000004,193.22033898305085,37.28813559322032,231264.0,173803.0,89.21832258747564,53.530993552485384
1789785487.4997919,133.42104579999977,200.0,37.28813559322032,231266.0,173807.0,36.07848513672841,36.07848513672841
1789785487.5618124,133.48306670000056,-200.0,44.06779661016947,231268.0,173812.0,35.156613924992335,87.89153481248084
1789785487.6229062,133.54416029999993,-193.22033898305085,44.06779661016947,231271.0,173817.0,53.951012480766614,89.91835413461102
1789785487.6839073,133.60516149999967,-186.4406779661017,44.06779661016947,231275.0,173821.0,71.6411922514607,53.73089418859552
1789785487.7439792,133.66523339999912,-179.66101694915255,44.06779661016947,231277.0,173827.0,18.214438585570516,109.2866315134231
1789785487.8056803,133.72693479999907,-172.8813559322034,44.06779661016947,231280.0,173838.0,53.007560645170734,194.36105569895938
1789785487.8667936,133.78804669999954,-166.10169491525426,44.06779661016947,231303.0,173935.0,374.8681267392809,1606.5776860254896
1789785487.928787,133.8500409999997,-159.32203389830508,44.06779661016947,231321.0,174034.0,265.2130633314206,1644.3209926548077
1789785487.9891717,133.91042460000062,-152.54237288135593,44.06779661016947,231341.0,174139.0,362.030265735325,1647.2377090957286
1789785488.0511968,133.9724511000004,-145.76271186440678,44.06779661016947,231356.0,174233.0,213.7635205431445,1478.5310170900827
1789785488.1129758,134.03422909999972,-138.98305084745763,44.06779661016947,231370.0,174350.0,246.9932976608837,1923.0192460740232
1789785488.1742866,134.09554079999907,-132.20338983050848,44.06779661016947,231389.0,174469.0,286.3242586450834,1914.7934796889951
1789785488.235037,134.1562902000005,-125.42372881355932,44.06779661016947,231412.0,174581.0,395.6222598685086,1780.3001694082886
1789785488.299391,134.22064499999942,-118.64406779661017,44.06779661016947,231437.0,174690.0,403.0074871759256,1717.1623366626395
1789785488.3608332,134.2820867999999,-111.86440677966102,44.06779661016947,231457.0,174792.0,301.8792873586888,1686.9724881809082
1789785488.4228892,134.34414210000068,-105.08474576271186,44.06779661016947,231486.0,174892.0,447.3296210927739,1574.600266246564
1789785488.4846084,134.40586169999915,-98.30508474576271,44.06779661016947,231517.0,174990.0,480.0247479478344,1688.9759650016395
1789785488.5462527,134.46750679999968,-91.52542372881356,44.06779661016947,231542.0,175096.0,444.6887267785628,1707.6047108296812
1789785488.6070197,134.52827269999943,-84.74576271186442,44.06779661016947,231585.0,175180.0,754.883828754895,1312.0599880739842
1789785488.670514,134.59176800000023,-77.96610169491527,44.06779661016947,231625.0,175285.0,654.4942223644667,1601.788491576195
1789785488.7310688,134.6523226999998,-71.18644067796612,44.06779661016947,231667.0,175366.0,689.5500504475199,1360.9540469358944
1789785488.7928243,134.71407849999923,-64.40677966101697,44.06779661016947,231724.0,175445.0,917.8651867666939,1270.8902586000377
1789785488.8538492,134.7751021999993,-57.62711864406779,44.06779661016947,231800.0,175536.0,1305.8730297820612,1484.7597461905627
1789785488.9158611,134.8371152999989,-50.847457627118644,44.06779661016947,231874.0,175623.0,1150.8580089119573,1469.5571498414224
1789785488.9761906,134.89744419999988,-44.067796610169495,44.06779661016947,231924.0,175687.0,869.0330920595864,1122.5010772436324
1789785489.0379608,134.9592147000003,-37.288135593220346,44.06779661016947,232008.0,175757.0,1395.044941667411,1112.5041939879352
1789785489.0990794,135.02033219999976,-30.508474576271198,44.06779661016947,232089.0,175810.0,1267.5266805279798,839.0669575326062
1789785489.161376,135.08262979999927,-23.72881355932205,44.06779661016947,232197.0,175865.0,1724.9964432811933,818.0395504220093
1789785489.2224188,135.1436720999991,-16.9491525423729,44.06779661016947,232280.0,175909.0,1348.8747686776494,737.3848735437817
1789785489.2838464,135.20510029999969,-10.169491525423723,44.06779661016947,232381.0,175956.0,1743.2666325903954,711.5374010573042
1789785489.3457706,135.26702309999928,-3.3898305084745743,44.06779661016947,232492.0,175997.0,1723.4769212446402,668.2869694622075
1789785489.4082372,135.32949129999906,3.3898305084745743,44.06779661016947,232613.0,176028.0,2011.3525722818017,533.9874085703898
1789785489.4689155,135.39016909999918,10.169491525423723,44.06779661016947,232737.0,176046.0,1979.5245181693126,305.9265164443483
1789785489.5299797,135.45123280000007,16.94915254237287,44.06779661016947,232875.0,176069.0,2254.1621493658827,411.47404313821664
1789785489.5910258,135.5122795999996,23.72881355932202,44.06779661016947,232991.0,176092.0,2002.4852272447804,375.4659801083963
1789785489.651368,135.5726214999995,30.50847457627117,44.06779661016947,233134.0,176115.0,2353.239324409447,380.13866009691066
1789785489.7115827,135.632835299999,37.28813559322032,44.06779661016947,233245.0,176132.0,1886.6897665189178,308.40121183482313
1789785489.7737834,135.69503729999997,44.06779661016947,44.06779661016947,233365.0,176147.0,1879.5141903174535,232.70175689644662
1789785489.8348813,135.75613429999976,50.847457627118644,44.06779661016947,233496.0,176159.0,2217.171997110145,196.68461264686775
1789785489.8958645,135.81711870000072,57.627118644067764,44.06779661016947,233582.0,176168.0,1512.5378584585649,144.05122461510143
1789785489.9570477,135.87830059999942,64.40677966101691,44.06779661016947,233733.0,176183.0,2514.6823563634375,214.01551969050533
1789785490.0197375,135.94099110000025,71.18644067796606,44.06779661016947,233882.0,176202.0,2368.8304341689754,247.48974685347503
1789785490.0814602,136.00271239999893,77.96610169491527,44.06779661016947,234004.0,176223.0,2011.0856687143225,370.4631495000068
1789785490.143081,136.0643345999997,84.74576271186442,44.06779661016947,234157.0,176248.0,2417.859447708911,426.6810790074549
1789785490.204813,136.1260657999992,91.52542372881356,44.06779661016947,234279.0,176264.0,1961.6818151856085,265.09213718724436
1789785490.2658842,136.18713779999962,98.30508474576271,44.06779661016947,234437.0,176296.0,2648.037930008428,540.4159040833526
1789785490.3272266,136.24847899999986,105.08474576271186,44.06779661016947,234535.0,176320.0,1652.0792216639345,390.81443953340386
1789785490.3882196,136.3094732999998,111.86440677966101,44.06779661016947,234655.0,176353.0,1961.144156672836,521.7722985643326
1789785490.4494727,136.3707248999999,118.64406779661016,44.06779661016947,234769.0,176396.0,1854.8110946254487,677.719438420837
1789785490.51338,136.43463379999957,125.42372881355931,44.06779661016947,234883.0,176435.0,1693.5386316503507,604.8352255894109
1789785490.574155,136.49540739999975,132.20338983050846,44.06779661016947,234963.0,176472.0,1256.9446190164342,628.4723095082171
1789785490.637482,136.5587355000007,138.9830508474576,44.06779661016947,235034.0,176512.0,1208.2756525788539,673.1821492939329
1789785490.699036,136.62028850000024,145.76271186440675,44.06779661016947,235119.0,176583.0,1444.043321323645,1087.4894148239796
1789785490.7618911,136.6831447000004,152.5423728813559,44.06779661016947,235210.0,176666.0,1409.5475704624498,1339.0701919393273
1789785490.8226998,136.74395249999907,159.32203389830505,44.06779661016947,235287.0,176727.0,1257.1839080576344,1059.6264367914348
1789785490.884325,136.80557849999968,166.1016949152542,44.06779661016947,235362.0,176807.0,1174.5297876794887,1245.7134111752152
1789785490.9454024,136.86665569999968,172.88135593220335,44.06779661016947,235421.0,176879.0,982.8044951545157,1215.103739463765
1789785491.0068135,136.92806679999921,179.66101694915255,44.06779661016947,235483.0,176951.0,1047.2096300894761,1118.2068931463898
1789785491.0667639,136.98801679999997,186.4406779661017,44.06779661016947,235530.0,177036.0,801.2762144676706,1402.2333753184237
1789785491.1288652,137.05011879999984,193.22033898305085,44.06779661016947,235566.0,177118.0,605.0984886915572,1316.979063622801
1789785491.1905499,137.1118024999996,200.0,44.06779661016947,235592.0,177204.0,459.27551055293327,1395.4909743723742
1789785491.252979,137.17423229999986,-200.0,50.847457627118644,235625.0,177299.0,563.81902818498,1550.5023275086949
1789785491.313998,137.23525150000023,-193.22033898305085,50.847457627118644,235650.0,177400.0,432.08987468820646,1692.3520091954754
1789785491.3747106,137.29596370000036,-186.4406779661017,50.847457627118644,235680.0,177481.0,503.5210507766572,1330.7342056240225
1789785491.4365184,137.3577707000004,-179.66101694915255,50.847457627118644,235696.0,177582.0,283.723660248052,1595.9455888952925
1789785491.4991117,137.42036469999948,-172.8813559322034,50.847457627118644,235727.0,177698.0,461.06893512901087,1826.5423199341583
1789785491.5608888,137.48214129999906,-166.10169491525426,50.847457627118644,235749.0,177812.0,370.758784324251,1853.793921621255
1789785491.6211643,137.54241739999998,-159.32203389830508,50.847457627118644,235772.0,177918.0,346.7874703952026,1770.4412962281397
1789785491.6829967,137.60424880000028,-152.54237288135593,50.847457627118644,235791.0,178037.0,300.00141177234104,1852.94989624093
1789785491.7489538,137.67020760000014,-145.76271186440678,50.847457627118644,235819.0,178164.0,378.2516129719869,1999.329954280502
1789785491.814751,137.73600479999914,-138.98305084745763,50.847457627118644,235836.0,178267.0,280.2690582975655,1599.1822738155208
1789785491.8758113,137.79706420000002,-132.20338983050848,50.847457627118644,235856.0,178370.0,271.5433437486216,1556.848504158764
1789785491.938829,137.86008240000046,-125.42372881355932,50.847457627118644,235881.0,178492.0,397.51054699355865,1970.2696677072038
1789785492.0019917,137.9232439999996,-118.64406779661017,50.847457627118644,235903.0,178598.0,374.93505589359864,1678.28072638087
1789785492.0636353,137.98488890000044,-111.86440677966102,50.847457627118644,235926.0,178707.0,373.58504663409735,1850.1354690450537
1789785492.1257408,138.04699289999917,-105.08474576271186,50.847457627118644,235951.0,178819.0,391.09025295975476,1813.236627358863
1789785492.1885087,138.1097623000005,-98.30508474576271,50.847457627118644,235980.0,178922.0,477.06383114011635,1660.8888935989237
1789785492.2502196,138.17147169999953,-91.52542372881356,50.847457627118644,236010.0,179017.0,483.391041869452,1521.7866132927193
1789785492.312287,138.2335406000002,-84.74576271186442,50.847457627118644,236056.0,179105.0,812.8515362050846,1519.6789589921145
1789785492.3732557,138.29450919999908,-77.96610169491527,50.847457627118644,236114.0,179198.0,895.7182838037347,1608.6369178516052
1789785492.4339669,138.35522019999917,-71.18644067796612,50.847457627118644,236171.0,179287.0,970.9942441407687,1528.416865777136
1789785492.4950795,138.41633150000052,-64.40677966101697,50.847457627118644,236230.0,179362.0,981.4453299300775,1266.9566986370091
1789785492.5573442,138.47859740000058,-57.62711864406779,50.847457627118644,236297.0,179446.0,1085.3764210116137,1352.2722622439778
1789785492.6180985,138.5393511000002,-50.847457627118644,50.847457627118644,236375.0,179526.0,1348.8189740882315,1258.897709149016
1789785492.6811147,138.60236780000014,-44.067796610169495,50.847457627118644,236453.0,179582.0,1337.4719695441909,868.4882919118123
1789785492.7419243,138.6631770999993,-37.288135593220346,50.847457627118644,236542.0,179637.0,1401.113705772758,844.2608227092261
1789785492.8035786,138.72483180000017,-30.508474576271198,50.847457627118644,236637.0,179705.0,1510.136569656748,1101.5113802202163
1789785492.8638942,138.78514750000068,-23.72881355932205,50.847457627118644,236729.0,179749.0,1556.1554997446917,723.7932556952055
1789785492.9256873,138.84694049999962,-16.9491525423729,50.847457627118644,236835.0,179787.0,1694.3409013481808,600.0790692274807
1789785492.9859636,138.90721639999902,-10.169491525423723,50.847457627118644,236933.0,179817.0,1596.088133113803,525.9835893215942
1789785493.0476823,138.96893529999943,-3.3898305084745743,50.847457627118644,237041.0,179861.0,1697.2735775202398,689.5173908675973
1789785493.1077201,139.02897350000057,3.3898305084745743,50.847457627118644,237147.0,179891.0,1839.0553446299512,509.83712524394684
1789785493.1684613,139.08971460000066,10.169491525423723,50.847457627118644,237268.0,179918.0,1941.6847351164788,485.4211837791197
1789785493.229861,139.15111400000023,16.94915254237287,50.847457627118644,237415.0,179950.0,2400.8152100768207,480.16304201536417
1789785493.2919614,139.21321259999968,23.72881355932202,50.847457627118644,237538.0,179973.0,1941.9875359745215,353.0886429044585
1789785493.3526027,139.27385499999946,30.50847457627117,50.847457627118644,237649.0,179986.0,1833.0290265709043,233.6213465237427
1789785493.41464,139.33589290000054,37.28813559322032,50.847457627118644,237797.0,180004.0,2386.069595424166,265.11884393601844
1789785493.4768763,139.39812789999996,44.06779661016947,50.847457627118644,237901.0,180015.0,1667.2253334315685,175.49740351911248
1789785493.5396943,139.460947399999,50.847457627118644,50.847457627118644,238059.0,180028.0,2465.4094253154985,193.71074056050344
1789785493.6014624,139.52271420000034,57.627118644067764,50.847457627118644,238198.0,180040.0,2314.381318185821,212.00439555900653
1789785493.663841,139.58509409999897,64.40677966101691,50.847457627118644,238357.0,180058.0,2616.656334732872,316.10613439725967
1789785493.72461,139.6458631000005,71.18644067796606,50.847457627118644,238487.0,180070.0,2192.2337424076527,215.62954843353964
1789785493.7880118,139.7092651999992,77.96610169491527,50.847457627118644,238617.0,180081.0,2033.332873835796,189.54797976435384
1789785493.8486433,139.76989649999996,84.74576271186442,50.847457627118644,238751.0,180102.0,2087.5962589002593,341.93386999228386
1789785493.9098938,139.83114670000032,91.52542372881356,50.847457627118644,238882.0,180131.0,2139.2509768940226,481.33146980115504
1789785493.9710672,139.8923197999993,98.30508474576271,50.847457627118644,238995.0,180164.0,1772.6559758400354,555.0740934448595
1789785494.032417,139.95366979999926,105.08474576271186,50.847457627118644,239078.0,180184.0,1209.912743918573,338.0638549184248
1789785494.0934973,140.01475000000028,111.86440677966101,50.847457627118644,239156.0,180211.0,1179.8334289896118,446.9066018900044
1789785494.1562,140.07745280000017,118.64406779661016,50.847457627118644,239229.0,180234.0,1205.638193227995,401.879397742665
1789785494.2176483,140.13890019999963,125.42372881355931,50.847457627118644,239330.0,180279.0,1578.7559757797176,727.2920787299822
1789785494.2799504,140.20120329999918,132.20338983050846,50.847457627118644,239407.0,180336.0,1230.085789721051,948.9233234990965
1789785494.341025,140.2622766000004,138.9830508474576,50.847457627118644,239499.0,180376.0,1448.6196085531792,661.7151298329337
1789785494.4030192,140.3242723000003,145.76271186440675,50.847457627118644,239561.0,180432.0,980.2628530327348,891.1480482115771
1789785494.464816,140.38606789999903,152.5423728813559,50.847457627118644,239633.0,180496.0,1200.0098824320219,1023.537840897901
1789785494.5258183,140.44707129999915,159.32203389830505,50.847457627118644,239692.0,180548.0,930.2071078806908,839.0103325982701
1789785494.5862525,140.50750479999988,166.1016949152542,50.847457627118644,239724.0,180603.0,560.0469716674262,975.5656925819683
1789785494.648606,140.56985870000062,172.88135593220335,50.847457627118644,239783.0,180683.0,954.6387487808952,1290.530160388988
1789785494.7089367,140.6301894999997,179.66101694915255,50.847457627118644,239817.0,180772.0,578.9288007985438,1555.8711521460864
1789785494.7703278,140.6915800000006,186.4406779661017,50.847457627118644,239857.0,180848.0,622.2133729623665,1226.6492209829512
1789785494.8309865,140.75223469999946,193.22033898305085,50.847457627118644,239893.0,180915.0,558.3764574078655,1062.7164834536793
1789785494.890685,140.81193809999968,200.0,50.847457627118644,239918.0,180986.0,421.0958011266483,1208.3618641025562
1789785494.95216,140.87341150000066,-200.0,57.627118644067764,239941.0,181066.0,337.5479451310726,1332.4260992016023
1789785495.014828,140.93608069999937,-193.22033898305085,57.627118644067764,239948.0,181109.0,123.74968620307209,724.8195906179936
1789785495.0769584,140.99820980000004,-186.4406779661017,57.627118644067764,239976.0,181181.0,403.81127617121285,1141.2057804838623
1789785495.1386511,141.05990329999986,-179.66101694915255,57.627118644067764,240002.0,181255.0,372.8156994498212,1189.459612530382
1789785495.1996193,141.1208714000004,-172.8813559322034,57.627118644067764,240022.0,181365.0,342.0403607588124,1836.2166735473088
1789785495.2633882,141.1846399999995,-166.10169491525426,57.627118644067764,240044.0,181475.0,348.12456593146896,1723.2166013607714
1789785495.3250704,141.24632240000028,-159.32203389830508,57.627118644067764,240076.0,181563.0,515.587636561575,1475.6473736072664
1789785495.3895595,141.31081149999955,-152.54237288135593,57.627118644067764,240095.0,181670.0,301.6355745373913,1614.6374872295653
1789785495.457803,141.37905599999976,-145.76271186440678,57.627118644067764,240114.0,181778.0,302.4673375096452,1591.933355313922
1789785495.520035,141.44128749999982,-138.98305084745763,57.627118644067764,240133.0,181885.0,301.34417227053535,1701.7082669394938
1789785495.5831442,141.50439709999955,-132.20338983050848,57.627118644067764,240156.0,182014.0,364.25891523926344,2081.479515652934
1789785495.6461563,141.56740849999915,-125.42372881355932,57.627118644067764,240176.0,182126.0,323.9915762208812,1763.9541372025753
1789785495.7084978,141.62975050000023,-118.64406779661017,57.627118644067764,240202.0,182198.0,440.1145001828108,1144.297700475308
1789785495.7719588,141.69321060000038,-111.86440677966102,57.627118644067764,240225.0,182289.0,393.1421709398108,1501.0882890429139
1789785495.8360126,141.7572653999996,-105.08474576271186,57.627118644067764,240249.0,182396.0,375.29917315389446,1688.8462791925251
1789785495.8981168,141.8193682000001,-98.30508474576271,57.627118644067764,240283.0,182478.0,551.1679426586329,1297.911606905813
1789785495.9601083,141.88136080000004,-91.52542372881356,57.627118644067764,240327.0,182568.0,671.9265548794067,1520.675887358657
1789785496.0211256,141.94237740000062,-84.74576271186442,57.627118644067764,240374.0,182646.0,768.8772782398596,1233.7798185709376
1789785496.0827012,142.0039538000001,-77.96610169491527,57.627118644067764,240425.0,182727.0,850.9868788442514,1347.395891503398
1789785496.1446478,142.06589990000066,-71.18644067796612,57.627118644067764,240482.0,182821.0,970.354779347529,1534.9248327860912
1789785496.2069306,142.12818340000013,-64.40677966101697,57.627118644067764,240544.0,182894.0,1037.3443983632694,1195.583374384785
1789785496.269414,142.19066519999978,-57.62711864406779,57.627118644067764,240604.0,182955.0,1013.0469787416686,853.092192624563
1789785496.3321013,142.25335429999905,-50.847457627118644,57.627118644067764,240672.0,183011.0,1118.0367274906378,821.0582217509372
1789785496.3935382,142.31478959999913,-44.067796610169495,57.627118644067764,240752.0,183068.0,1329.2259055293193,934.0506363179002
1789785496.454851,142.37610359999962,-37.288135593220346,57.627118644067764,240828.0,183116.0,1109.3973109679496,751.5272106557078
1789785496.5172334,142.43848470000012,-30.508474576271198,57.627118644067764,240913.0,183159.0,1314.8940177539384,621.9093327214573
1789785496.5806615,142.5019140000004,-23.72881355932205,57.627118644067764,241018.0,183207.0,1721.176380584524,764.9672802597884
1789785496.6416934,142.5629448999989,-16.9491525423729,57.627118644067764,241118.0,183243.0,1608.3031329665005,589.7111487543835
1789785496.7044117,142.62566419999894,-10.169491525423723,57.627118644067764,241218.0,183264.0,1626.303694519133,300.51263920462236
1789785496.7663798,142.68763079999917,-3.3898305084745743,57.627118644067764,241325.0,183292.0,1759.7206971296082,439.93017428240205
1789785496.8285449,142.7497972000001,3.3898305084745743,57.627118644067764,241414.0,183307.0,1560.7564825166191,269.09594526148607
1789785496.8903935,142.81164480000007,10.169491525423723,57.627118644067764,241521.0,183329.0,1710.3179780501484,352.64288207219556
1789785496.9533315,142.8745839000003,16.94915254237287,57.627118644067764,241645.0,183357.0,1935.5939898565182,439.9077249673905
1789785497.0143616,142.93561369999952,23.72881355932202,57.627118644067764,241783.0,183380.0,2305.625905987285,357.4613807732225
1789785497.075374,142.99662630000057,30.50847457627117,57.627118644067764,241918.0,183392.0,2180.5884728782853,214.4841120863887
1789785497.1354213,143.0566730999999,37.28813559322032,57.627118644067764,242054.0,183408.0,2256.5681601286087,272.9719548542672
1789785497.197776,143.11902849999933,44.06779661016947,57.627118644067764,242135.0,183422.0,1212.67295967754,193.324674731202
1789785497.259096,143.18016270000044,50.847457627118644,57.627118644067764,242281.0,183442.0,2306.0751672678043,339.6544820006843
1789785497.321881,143.24313319999965,57.627118644067764,57.627118644067764,242415.0,183464.0,2160.906021795933,371.95923325995574
1789785497.382659,143.30391039999995,64.40677966101691,57.627118644067764,242556.0,183477.0,2175.026738399489,197.72970349086268
1789785497.444299,143.36555149999913,71.18644067796606,57.627118644067764,242694.0,183503.0,2274.587484781173,429.8433042106154
1789785497.5046878,143.4259392999993,77.96610169491527,57.627118644067764,242811.0,183528.0,1934.8340653790517,415.89891124970273
1789785497.567028,143.48828030000004,84.74576271186442,57.627118644067764,242926.0,183557.0,1865.152960121801,492.68191399443805
1789785497.6284451,143.54969689999962,91.52542372881356,57.627118644067764,243047.0,183579.0,1882.827723040251,390.77556515929734
1789785497.6897697,143.61102220000066,98.30508474576271,57.627118644067764,243163.0,183604.0,1988.659267413118,447.8962313993509
1789785497.7513554,143.67260689999966,105.08474576271186,57.627118644067764,243269.0,183640.0,1773.389230590095,585.2184460947313
1789785497.813215,143.73446719999993,111.86440677966101,57.627118644067764,243383.0,183670.0,1874.5269471736858,495.1580615175774
1789785497.8747344,143.79598609999994,118.64406779661016,57.627118644067764,243478.0,183717.0,1524.5577896166817,762.2788948083409
1789785497.9384902,143.85974220000026,125.42372881355931,57.627118644067764,243588.0,183766.0,1739.831460259831,809.6245409129906
1789785498.0002112,143.92146250000042,132.20338983050846,57.627118644067764,243668.0,183827.0,1279.47683613478,1012.9191619400341
1789785498.0613976,143.98264989999916,138.9830508474576,57.627118644067764,243750.0,183884.0,1270.7056954657933,907.6469253327095
1789785498.121509,144.04276039999968,145.76271186440675,57.627118644067764,243816.0,183944.0,1056.1911924437154,1019.7708064973804
1789785498.1842258,144.10547829999996,152.5423728813559,57.627118644067764,243875.0,184007.0,861.1205814943035,966.5639180038099
1789785498.2446084,144.16586069999903,159.32203389830505,57.627118644067764,243937.0,184098.0,1012.817568058339,1501.1403240864668
1789785498.304998,144.22624879999967,166.1016949152542,57.627118644067764,243982.0,184167.0,759.5266340686272,1157.3739185807651
1789785498.3652544,144.28650670000025,172.88135593220335,57.627118644067764,244020.0,184245.0,580.578909752861,1306.3025469439374
1789785498.425631,144.3468830999991,179.66101694915255,57.627118644067764,244052.0,184341.0,506.8331975784889,1556.7019639910732
1789785498.4860027,144.40725500000008,186.4406779661017,57.627118644067764,244087.0,184446.0,578.9141379857398,1772.9245475813282
1789785498.5481665,144.4694184,193.22033898305085,57.627118644067764,244120.0,184559.0,560.7817297322057,1822.5406216296685
1789785498.608448,144.5297000999999,200.0,57.627118644067764,244145.0,184659.0,416.61232593505787,1612.108565574789
1789785498.6691108,144.5903627000007,-200.0,64.40677966101691,244164.0,184775.0,324.1835527264785,2017.1421058536441
1789785498.7305367,144.65178819999892,-193.22033898305085,64.40677966101691,244184.0,184878.0,337.85946468978426,1742.6435547157294
1789785498.7924035,144.7136542999997,-186.4406779661017,64.40677966101691,244201.0,184991.0,265.8839044517874,1825.7361439022734
1789785498.8542807,144.77553199999966,-179.66101694915255,64.40677966101691,244215.0,185080.0,247.60442716470848,1414.8824409411914
1789785498.920795,144.84204649999992,-172.8813559322034,64.40677966101691,244229.0,185190.0,232.80969060761365,1575.9425210361537
1789785498.9843028,144.90555479999966,-166.10169491525426,64.40677966101691,244243.0,185317.0,243.95726565086213,2073.636758032328
1789785499.0461605,144.9674120999989,-159.32203389830508,64.40677966101691,244255.0,185442.0,182.02105255764243,2002.231578134067
1789785499.1087742,145.03002620000007,-152.54237288135593,64.40677966101691,244283.0,185573.0,452.3454109531896,2087.748050553183
1789785499.1720536,145.09330430000045,-145.76271186440678,64.40677966101691,244305.0,185674.0,355.3660270149005,1616.9154229177973
1789785499.2358496,145.15710170000057,-138.98305084745763,64.40677966101691,244326.0,185763.0,344.33423835458717,1377.3369534183487
1789785499.298127,145.21937780000007,-132.20338983050848,64.40677966101691,244347.0,185869.0,338.5198132121441,1621.3317369634267
1789785499.3604486,145.28170049999972,-125.42372881355932,64.40677966101691,244373.0,185984.0,439.3842995748339,1915.7155461462758
1789785499.4229908,145.3442414000001,-118.64406779661017,64.40677966101691,244402.0,186076.0,449.06038604250983,1436.9932353360316
1789785499.4871235,145.4083756,-111.86440677966102,64.40677966101691,244436.0,186179.0,533.5894562728874,1600.7683688186623
1789785499.5490277,145.4702785999998,-105.08474576271186,64.40677966101691,244468.0,186270.0,429.2766688109593,1448.8087572369875
1789785499.6130795,145.53433159999986,-98.30508474576271,64.40677966101691,244526.0,186378.0,870.5121683839328,1672.7488725808905
1789785499.675616,145.59686689999944,-91.52542372881356,64.40677966101691,244579.0,186468.0,803.7766786768707,1536.1065414713528
1789785499.738593,145.65984500000013,-84.74576271186442,64.40677966101691,244630.0,186548.0,774.1790183369449,1266.8383936422733
1789785499.7999787,145.72122970000055,-77.96610169491527,64.40677966101691,244670.0,186600.0,646.9339821843034,844.608254518396
1789785499.8616645,145.78291609999906,-71.18644067796612,64.40677966101691,244734.0,186670.0,1103.2695928487099,1121.0642637011083
1789785499.922726,145.8439772999991,-64.40677966101697,64.40677966101691,244810.0,186742.0,1285.861241306403,1160.8469539571693
1789785499.9854243,145.906675799999,-57.62711864406779,64.40677966101691,244878.0,186801.0,1024.3927000883502,937.5797594028968
1789785500.0465076,145.9677591999989,-50.847457627118644,64.40677966101691,244944.0,186869.0,1161.8844693518033,1126.1341779871325
1789785500.108811,146.03006249999999,-44.067796610169495,64.40677966101691,245028.0,186921.0,1277.3425675333417,839.8964827616494
1789785500.1697073,146.0909570999993,-37.288135593220346,64.40677966101691,245120.0,186962.0,1470.2744572365573,663.4165233872271
1789785500.2332942,146.15454630000022,-30.508474576271198,64.40677966101691,245212.0,187001.0,1476.7481657918174,608.0727741495718
1789785500.2950609,146.21631179999895,-23.72881355932205,64.40677966101691,245310.0,187031.0,1625.071317671012,494.5869227694384
1789785500.3570437,146.27829550000024,-16.9491525423729,64.40677966101691,245403.0,187067.0,1377.3636544146916,554.5230296994213
1789785500.4177804,146.33903139999893,-10.169491525423723,64.40677966101691,245520.0,187096.0,1796.9548802671382,503.1473664747987
1789785500.478802,146.40005349999956,-3.3898305084745743,64.40677966101691,245644.0,187114.0,2033.5774226046503,269.94390565548457
1789785500.5404937,146.46174520000022,3.3898305084745743,64.40677966101691,245777.0,187133.0,2086.0181978425617,318.20616577259415
1789785500.6013522,146.522603899999,10.169491525423723,64.40677966101691,245878.0,187163.0,1704.7972996283556,502.46657252204164
1789785500.6619768,146.58322749999934,16.94915254237287,64.40677966101691,245982.0,187186.0,1720.8929079451507,326.0639194001338
1789785500.7239883,146.64523969999937,23.72881355932202,64.40677966101691,246092.0,187199.0,1776.7954073399155,213.21544888078986
1789785500.7851105,146.70636120000017,30.50847457627117,64.40677966101691,246210.0,187219.0,1980.2368790886235,249.7596063715381
1789785500.8463945,146.7676463000007,37.28813559322032,64.40677966101691,246334.0,187234.0,1974.970420711783,271.784920281438
1789785500.9074538,146.82870399999956,44.06779661016947,64.40677966101691,246468.0,187248.0,2198.721523888978,250.26098645890806
1789785500.9687538,146.89000540000052,50.847457627118644,64.40677966101691,246585.0,187261.0,1795.439583460395,235.76479378772862
1789785501.029839,146.95109050000065,57.627118644067764,64.40677966101691,246681.0,187283.0,1537.1114101825387,393.214546790882
1789785501.0904968,147.01174859999992,64.40677966101691,64.40677966101691,246805.0,187303.0,1979.8273590505853,305.9733191259995
1789785501.1526778,147.07392880000043,71.18644067796606,64.40677966101691,246915.0,187326.0,1649.1893532148188,385.98048692261716
1789785501.2146373,147.1358884000001,77.96610169491527,64.40677966101691,247034.0,187340.0,1803.710338263393,229.8846509551383
1789785501.275727,147.19697760000054,84.74576271186442,64.40677966101691,247106.0,187357.0,1215.9032999492595,303.97582498731487
1789785501.3393793,147.26063070000055,91.52542372881356,64.40677966101691,247132.0,187377.0,395.028819934728,343.5033216823722
1789785501.4005375,147.321788199999,98.30508474576271,64.40677966101691,247227.0,187414.0,1589.0984276904521,642.7813864815312
1789785501.4614768,147.38272829999914,105.08474576271186,64.40677966101691,247328.0,187468.0,1650.2458140863966,888.5938998926752
1789785501.5229025,147.44415320000007,111.86440677966101,64.40677966101691,247375.0,187493.0,799.6971813349273,390.9630664304089
1789785501.5846214,147.5058721000005,118.64406779661016,64.40677966101691,247463.0,187541.0,1475.896651652442,782.4030442494873
1789785501.6456466,147.56689709999955,125.42372881355931,64.40677966101691,247539.0,187596.0,1244.52364503971,937.9018774212307
1789785501.7069674,147.62821880000047,132.20338983050846,64.40677966101691,247610.0,187653.0,1253.5816618709414,913.3237822202574
1789785501.767701,147.6889515999992,138.9830508474576,64.40677966101691,247660.0,187706.0,844.9240736867266,826.9469657359452
1789785501.8290403,147.75029209999957,145.76271186440675,64.40677966101691,247735.0,187776.0,1252.6417319426448,1181.0622044030652
1789785501.8906765,147.81192679999913,152.5423728813559,64.40677966101691,247776.0,187843.0,673.4889920143605,974.7866989681534
1789785501.9521165,147.87336770000002,159.32203389830505,64.40677966101691,247812.0,187895.0,507.40907864762715,797.3571235891284
1789785502.0142405,147.9354915999993,166.1016949152542,64.40677966101691,247853.0,187980.0,684.6813949397873,1369.3627898795746
1789785502.0755823,147.99683340000047,172.88135593220335,64.40677966101691,247888.0,188065.0,532.8899688842183,1367.7509201361604
1789785502.136693,148.05794349999996,179.66101694915255,64.40677966101691,247919.0,188165.0,482.0645216523636,1642.5902219265724
1789785502.1986678,148.11991920000037,186.4406779661017,64.40677966101691,247945.0,188251.0,444.638899859214,1458.415591538222
1789785502.2593997,148.18064980000054,193.22033898305085,64.40677966101691,247968.0,188344.0,413.6913862222365,1546.846052830971
1789785502.321794,148.24304519999896,200.0,64.40677966101691,247999.0,188449.0,477.6123627316727,1715.8666364804537
1789785502.3828566,148.30410780000057,-200.0,71.18644067796606,248026.0,188542.0,446.56254019142204,1500.450135043178
1789785502.4448743,148.36612520000017,-193.22033898305085,71.18644067796606,248042.0,188639.0,265.25527282673085,1573.8479521052695
1789785502.5049083,148.42615959999966,-186.4406779661017,71.18644067796606,248069.0,188732.0,454.88620565636916,1583.0039956841647
1789785502.5649354,148.48618689999967,-179.66101694915255,71.18644067796606,248080.0,188834.0,181.97964739697173,1728.8066502712313
1789785502.6249106,148.5461618999998,-172.8813559322034,71.18644067796606,248102.0,188923.0,327.9984984989134,1475.9932432451103
1789785502.6860058,148.6072564999995,-166.10169491525426,71.18644067796606,248117.0,189014.0,268.07064197059395,1536.938347298072
1789785502.7470028,148.66825380000046,-159.32203389830508,71.18644067796606,248129.0,189116.0,180.23603711293507,1694.2187488615898
1789785502.8094382,148.73068860000058,-152.54237288135593,71.18644067796606,248136.0,189157.0,53.96993874532985,611.6593057804049
1789785502.8768818,148.7981333000007,-145.76271186440678,71.18644067796606,248155.0,189270.0,261.1200417798288,1583.0402532902121
1789785502.9392974,148.86054739999963,-138.98305084745763,71.18644067796606,248177.0,189356.0,378.6458183062103,1352.306493950751
1789785503.001283,148.92253340000025,-132.20338983050848,71.18644067796606,248190.0,189452.0,213.93348807695014,1622.3289512502054
1789785503.062384,148.98363459999928,-125.42372881355932,71.18644067796606,248221.0,189546.0,449.373573239362,1509.8952060842562
1789785503.126116,149.04736749999938,-118.64406779661017,71.18644067796606,248245.0,189638.0,393.12677655164697,1350.3050151121788
1789785503.1872308,149.1084805999999,-111.86440677966102,71.18644067796606,248274.0,189728.0,482.11100338388235,1446.333010151647
1789785503.25019,149.17144139999982,-105.08474576271186,71.18644067796606,248308.0,189804.0,576.8121515156773,1258.4992396705686
1789785503.312335,149.2335851000007,-98.30508474576271,71.18644067796606,248347.0,189885.0,648.8678133473779,1280.1986587664485
1789785503.3739948,149.29524459999993,-91.52542372881356,71.18644067796606,248401.0,189970.0,834.9885055916028,1350.1941792545065
1789785503.435038,149.3562880999998,-84.74576271186442,71.18644067796606,248445.0,190059.0,750.0107144406509,1553.5936227699196
1789785503.4971354,149.4183864000006,-77.96610169491527,71.18644067796606,248500.0,190139.0,880.883040314511,1276.3815482108223
1789785503.5581696,149.47941990000072,-71.18644067796612,71.18644067796606,248582.0,190197.0,1376.2066383322901,929.3863012114167
1789785503.6207826,149.5420336999996,-64.40677966101697,71.18644067796606,248648.0,190254.0,1149.7953364136017,955.2145871743768
1789785503.6811643,149.6024154000006,-57.62711864406779,71.18644067796606,248710.0,190311.0,958.9740063596597,886.5986096532703
1789785503.74152,149.6627711000001,-50.847457627118644,71.18644067796606,248799.0,190365.0,1357.271991888884,922.9449544844412
1789785503.802033,149.72328389999893,-44.067796610169495,71.18644067796606,248881.0,190416.0,1353.7661775151148,848.360137909472
1789785503.8622823,149.78353330000027,-37.288135593220346,71.18644067796606,248961.0,190466.0,1358.1076309158998,832.9726802950852
1789785503.9226542,149.84390499999972,-30.508474576271198,71.18644067796606,249042.0,190516.0,1356.4103954984455,831.9317092390467
1789785503.984369,149.90561999999954,-23.72881355932205,71.18644067796606,249139.0,190555.0,1553.2280668212593,670.7121197637256
1789785504.0450401,149.96629050000047,-16.9491525423729,71.18644067796606,249267.0,190595.0,2105.873226447075,665.9599092183058
1789785504.1057217,150.02697239999907,-10.169491525423723,71.18644067796606,249368.0,190618.0,1637.1882820453714,413.794840516962
1789785504.166464,150.0877142999998,-3.3898305084745743,71.18644067796606,249484.0,190643.0,1996.5393318300644,413.69733902785117
1789785504.2275236,150.14877419999902,3.3898305084745743,71.18644067796606,249608.0,190670.0,1961.9948987886955,413.9989235976147
1789785504.2892458,150.2104959999997,10.169491525423723,71.18644067796606,249756.0,190689.0,2384.8893410786027,300.31939850619443
1789785504.3512595,150.2725100000007,16.94915254237287,71.18644067796606,249893.0,190710.0,2139.41942171165,300.5795881743641
1789785504.412886,150.33413520000067,23.72881355932202,71.18644067796606,250007.0,190730.0,1806.204844872079,301.03414081201316
1789785504.4767392,150.39798979999978,30.50847457627117,71.18644067796606,250151.0,190744.0,2224.272723585286,225.9026984891306
1789785504.5377338,150.45898510000006,37.28813559322032,71.18644067796606,250271.0,190754.0,2056.884481811412,160.97356814176268
1789785504.5991197,150.52037030000065,44.06779661016947,71.18644067796606,250422.0,190772.0,2489.7121537126827,284.538531852878
1789785504.6598346,150.58108449999963,50.847457627118644,71.18644067796606,250563.0,190796.0,2299.062815147649,416.36570668028287
1789785504.722594,150.64384509999945,57.627118644067764,71.18644067796606,250688.0,190809.0,2037.3788769440557,228.32694310579933
1789785504.7833056,150.70455570000013,64.40677966101691,71.18644067796606,250791.0,190825.0,1689.8329582135568,287.63114182358413
1789785504.8452666,150.76651780000066,71.18644067796606,71.18644067796606,250896.0,190851.0,1732.9704705430127,424.40093156155416
1789785504.90605,150.82729970000037,77.96610169491527,71.18644067796606,251005.0,190873.0,1671.7147659319537,359.5085518133234
1789785504.9670086,150.8882594000006,84.74576271186442,71.18644067796606,251128.0,190906.0,1945.3395607810612,576.3969068980922
1789785505.0277162,150.94896659999904,91.52542372881356,71.18644067796606,251226.0,190943.0,1692.8396484419525,594.2947701977067
1789785505.0891929,151.01044309999997,98.30508474576271,71.18644067796606,251335.0,190981.0,1756.0913309454427,585.3637769818142
1789785505.1498368,151.0710872999989,105.08474576271186,71.18644067796606,251417.0,191017.0,1348.4527852909714,539.3811141163886
1789785505.2119017,151.13315239999974,111.86440677966101,71.18644067796606,251488.0,191060.0,1123.3489841494866,631.8838035840863
1789785505.2729952,151.19424439999966,118.64406779661016,71.18644067796606,251544.0,191110.0,965.1008798418653,875.7396872639149
1789785505.334645,151.255894599999,125.42372881355931,71.18644067796606,251616.0,191154.0,1262.5768660491685,693.5281376889799
1789785505.3964038,151.31765369999994,132.20338983050846,71.18644067796606,251684.0,191210.0,1179.3190326138638,893.4235095559574
1789785505.4652076,151.3864575000007,138.9830508474576,71.18644067796606,251751.0,191297.0,1066.8696089742105,1369.1493315169032
1789785505.5345807,151.45583149999948,145.76271186440675,71.18644067796606,251819.0,191388.0,939.2228869908396,1330.5657565703561
1789785505.5966976,151.51794709999922,152.5423728813559,71.18644067796606,251868.0,191454.0,764.532790465917,1084.569772521417
1789785505.6590056,151.58025669999915,159.32203389830505,71.18644067796606,251921.0,191522.0,809.820659947316,1126.707005144092
1789785505.721221,151.64246900000035,166.1016949152542,71.18644067796606,251958.0,191600.0,578.1683626162126,1246.6755318912083
1789785505.783162,151.704412699999,172.88135593220335,71.18644067796606,251990.0,191701.0,509.8506664891019,1652.6194017232958
1789785505.8452647,151.7665149000004,179.66101694915255,71.18644067796606,252028.0,191789.0,639.2942191870296,1456.170165926012
1789785505.9080532,151.82930429999942,186.4406779661017,71.18644067796606,252048.0,191895.0,294.74385025421765,1664.4358602591115
1789785505.9707081,151.89195780000045,193.22033898305085,71.18644067796606,252070.0,191973.0,370.55859060698356,1270.4865963668008
1789785506.0322378,151.95348820000072,200.0,71.18644067796606,252082.0,192072.0,196.2151874109477,1676.7479651480985
1789785506.0939784,152.01522759999898,-200.0,77.96610169491527,252103.0,192176.0,283.5647635310434,1648.2201880241898
1789785506.1571095,152.07835990000058,-193.22033898305085,77.96610169491527,252119.0,192244.0,246.84044233112922,1146.0449108231
1789785506.2184134,152.13966280000022,-186.4406779661017,77.96610169491527,252145.0,192343.0,430.55505723840884,1578.7018765408322
1789785506.280579,152.20182960000056,-179.66101694915255,77.96610169491527,252165.0,192453.0,283.1803274632645,1769.8770466454032
1789785506.3424423,152.26369150000028,-172.8813559322034,77.96610169491527,252183.0,192560.0,299.9045597793702,1711.2201352117004
1789785506.4043667,152.3256177000003,-166.10169491525426,77.96610169491527,252194.0,192658.0,195.53018008102862,1670.8942661469719
1789785506.465525,152.38677450000068,-159.32203389830508,77.96610169491527,252212.0,192777.0,285.6852070401936,1910.5198220812945
1789785506.527518,152.4487683999996,-152.54237288135593,77.96610169491527,252237.0,192879.0,407.3413538206718,1647.0759089270643
1789785506.5882764,152.50952580000012,-145.76271186440678,77.96610169491527,252258.0,192966.0,359.6249112253667,1438.4996449014668
1789785506.6506314,152.57188189999943,-138.98305084745763,77.96610169491527,252279.0,193035.0,282.3871598624711,1006.0042570100533
1789785506.7123873,152.63363650000065,-132.20338983050848,77.96610169491527,252304.0,193127.0,405.4170772346497,1445.4000144887511
1789785506.7743664,152.6956169999994,-125.42372881355932,77.96610169491527,252333.0,193222.0,480.39370932058546,1512.350566379621
1789785506.8357735,152.75702269999965,-118.64406779661017,77.96610169491527,252361.0,193307.0,425.97450542020295,1242.4256408089252
1789785506.8987443,152.81999469999937,-111.86440677966102,77.96610169491527,252391.0,193401.0,510.6137224842704,1531.8411674528113
1789785506.9598596,152.88110959999904,-105.08474576271186,77.96610169491527,252438.0,193482.0,790.8619496432208,1312.1118709989798
1789785507.0238605,152.94511079999938,-98.30508474576271,77.96610169491527,252472.0,193567.0,509.3811019600751,1375.3289752922028
1789785507.0849774,153.00622759999897,-91.52542372881356,77.96610169491527,252512.0,193648.0,625.0747857490293,1339.4459694622055
1789785507.1463199,153.06757040000048,-84.74576271186442,77.96610169491527,252571.0,193722.0,979.4668138915198,1228.785639245725
1789785507.2070453,153.12829559999955,-77.96610169491527,77.96610169491527,252623.0,193790.0,827.705833362264,1115.6035145317471
1789785507.2684183,153.1896686,-71.18644067796612,77.96610169491527,252686.0,193855.0,1048.0727895382934,923.7251704405298
1789785507.3291562,153.25040549999903,-64.40677966101697,77.96610169491527,252745.0,193921.0,934.9945069111033,1114.8011428555462
1789785507.3915286,153.31277880000016,-57.62711864406779,77.96610169491527,252837.0,193959.0,1396.035964711409,636.1682877165914
1789785507.4518876,153.37313619999986,-50.847457627118644,77.96610169491527,252933.0,194011.0,1555.4828055837215,850.0894402608711
1789785507.5146227,153.4358725000002,-44.067796610169495,77.96610169491527,253036.0,194062.0,1572.5909761591934,777.4607073146574
1789785507.5760467,153.49729599999955,-37.288135593220346,77.96610169491527,253126.0,194096.0,1428.1582827784455,606.9672701808393
1789785507.6386921,153.55994199999986,-30.508474576271198,77.96610169491527,253201.0,194122.0,1264.3201820608247,386.32005562969647
1789785507.699854,153.62110310000025,-23.72881355932205,77.96610169491527,253311.0,194151.0,1819.9076485971968,499.58249177177953
1789785507.7648485,153.68609809999907,-16.9491525423729,77.96610169491527,253435.0,194185.0,1871.0919692631023,510.2978097990279
1789785507.8262846,153.74753380000038,-10.169491525423723,77.96610169491527,253536.0,194213.0,1650.446152825248,443.6683206519484
1789785507.8878863,153.80913619999956,-3.3898305084745743,77.96610169491527,253664.0,194243.0,2000.7678622572523,522.7231351843272
1789785507.9493413,153.87059070000032,3.3898305084745743,77.96610169491527,253728.0,194261.0,958.9566551594949,301.8937618094706
1789785508.0116796,153.93292929999916,10.169491525423723,77.96610169491527,253852.0,194283.0,1986.6560008465892,351.6205311232901
1789785508.0741003,153.99534909999966,16.94915254237287,77.96610169491527,254007.0,194293.0,2482.087890378749,174.79492185765838
1789785508.1415973,154.0628471,23.72881355932202,77.96610169491527,254149.0,194304.0,2295.111949434822,197.236183154555
1789785508.2029285,154.1241785000002,30.50847457627117,77.96610169491527,254269.0,194326.0,1946.5780407966665,357.1702827149847
1789785508.265598,154.1868476999989,37.28813559322032,77.96610169491527,254388.0,194350.0,1955.506885183434,408.8787123565362
1789785508.3329525,154.25420289999965,44.06779661016947,77.96610169491527,254534.0,194367.0,2185.0829527896594,273.13536909870743
1789785508.3952162,154.31646569999975,50.847457627118644,77.96610169491527,254657.0,194391.0,1998.240834431151,374.6701564558408
1789785508.456941,154.37819110000055,57.627118644067764,77.96610169491527,254780.0,194417.0,2024.4748352624222,461.72233084932435
1789785508.5206904,154.44193880000057,64.40677966101691,77.96610169491527,254883.0,194446.0,1633.9223832917537,395.0142025540503
1789785508.5824208,154.5036710000004,71.18644067796606,77.96610169491527,254984.0,194480.0,1641.8222084984877,499.6850199778006
1789785508.645105,154.56635350000033,77.96610169491527,77.96610169491527,255109.0,194511.0,2024.8880435804072,470.06329583116593
1789785508.7087831,154.63003329999992,84.74576271186442,77.96610169491527,255195.0,194539.0,1382.5713061222461,432.0535331632019
1789785508.77289,154.6941394000005,91.52542372881356,77.96610169491527,255260.0,194564.0,893.5017405369447,375.2707310255168
1789785508.8362157,154.75746609999987,98.30508474576271,77.96610169491527,255351.0,194598.0,1530.5731996791462,539.1791953415175
1789785508.8970408,154.81828999999925,105.08474576271186,77.96610169491527,255454.0,194634.0,1625.5140688305826,614.0830926693311
1789785508.961027,154.88227689999985,111.86440677966101,77.96610169491527,255521.0,194698.0,1040.8082131741462,1040.8082131741462
1789785509.022097,154.94334680000065,118.64406779661016,77.96610169491527,255609.0,194748.0,1394.0869266600841,822.1538285431266
1789785509.0834625,155.0047123000004,125.42372881355931,77.96610169491527,255682.0,194810.0,1191.0687619929402,1048.851596381843
1789785509.14448,155.06572980000055,132.20338983050846,77.96610169491527,255759.0,194891.0,1253.931972391373,1343.4985418478996
1789785509.2062242,155.12747409999974,138.9830508474576,77.96610169491527,255792.0,194935.0,512.4607481602782,742.1845318183339
1789785509.2662637,155.18751390000034,145.76271186440675,77.96610169491527,255835.0,194990.0,691.3704235250406,909.6979256908429
1789785509.327258,155.2485082000003,152.5423728813559,77.96610169491527,255878.0,195071.0,679.9191254178447,1306.160425144807
1789785509.388046,155.3092945999997,159.32203389830505,77.96610169491527,255908.0,195154.0,448.9611935920422,1364.8420285198083
1789785509.447677,155.36892660000012,166.1016949152542,77.96610169491527,255947.0,195232.0,659.1221591271011,1336.553267118844
1789785509.5087435,155.4299921999991,172.88135593220335,77.96610169491527,255975.0,195334.0,482.6341097084069,1698.157052677728
1789785509.5697327,155.49098269999922,179.66101694915255,77.96610169491527,256009.0,195434.0,557.9483339968222,1709.841668699939
1789785509.6305492,155.55179809999936,186.4406779661017,77.96610169491527,256036.0,195523.0,485.41245677391413,1474.215609461517
1789785509.691857,155.61310719999892,193.22033898305085,77.96610169491527,256065.0,195620.0,482.33837644514944,1607.7945881504982
1789785509.752953,155.67420139999922,200.0,77.96610169491527,256088.0,195730.0,410.671751846917,1821.239942973284
1789785509.8146503,155.73590030000014,-200.0,84.74576271186442,256103.0,195814.0,197.61638706795685,1401.279835572785
1789785509.8766935,155.7979422999997,-193.22033898305085,84.74576271186442,256123.0,195919.0,333.19421013667693,1718.5806628102284
1789785509.9386413,155.85989119999977,-186.4406779661017,84.74576271186442,256143.0,196014.0,302.8208654332331,1478.4783429975498
1789785509.9987059,155.91995459999998,-179.66101694915255,84.74576271186442,256171.0,196130.0,473.3193522054156,1984.3003611688578
1789785510.0597746,155.98102429999926,-172.8813559322034,84.74576271186442,256186.0,196231.0,233.92107503507245,1655.4414540943587
1789785510.1218414,156.04309019999891,-166.10169491525426,84.74576271186442,256204.0,196342.0,315.99847618948945,1843.3244444386885
1789785510.183564,156.10481400000026,-159.32203389830508,84.74576271186442,256218.0,196445.0,233.90213534594614,1619.3224754719347
1789785510.2449293,156.16617840000072,-152.54237288135593,84.74576271186442,256235.0,196538.0,266.43504580448104,1474.2739201181282
1789785510.3055627,156.22681190000003,-145.76271186440678,84.74576271186442,256254.0,196638.0,306.0774375923157,1566.3962982665566
1789785510.3659387,156.28718789999948,-138.98305084745763,84.74576271186442,256279.0,196715.0,361.9444379044587,1194.4166450847138
1789785510.4270673,156.34831519999898,-132.20338983050848,84.74576271186442,256302.0,196803.0,393.04102991558426,1393.5091060643442
1789785510.4877267,156.40897509999922,-125.42372881355932,84.74576271186442,256337.0,196911.0,593.2861580830149,1761.8801058222869
1789785510.549035,156.47028449999925,-118.64406779661017,84.74576271186442,256371.0,196983.0,507.5939683309211,1178.3431407682097
1789785510.6105466,156.5317957999996,-111.86440677966102,84.74576271186442,256407.0,197063.0,478.9951745553641,1330.542151542678
1789785510.6724725,156.59372190000067,-105.08474576271186,84.74576271186442,256449.0,197145.0,707.236086014969,1290.7058569773185
1789785510.7332675,156.65451620000022,-98.30508474576271,84.74576271186442,256491.0,197214.0,754.8105694984398,1150.187534473813
1789785510.7952657,156.71651519999978,-91.52542372881356,84.74576271186442,256547.0,197304.0,941.2122451744964,1484.2193096982444
1789785510.8603656,156.78161480000017,-84.74576271186442,84.74576271186442,256609.0,197371.0,983.4644619213658,1050.1400186617973
1789785510.9244893,156.84573760000058,-77.96610169491527,84.74576271186442,256694.0,197436.0,1200.3403317975756,1129.7320769859534
1789785510.989541,156.91079059999902,-71.18644067796612,84.74576271186442,256775.0,197478.0,1230.638515945796,657.4644126285759
1789785511.05495,156.97619949999898,-64.40677966101697,84.74576271186442,256858.0,197536.0,1261.6090561832964,1027.3102314635414
1789785511.1172624,157.03851190000023,-57.62711864406779,84.74576271186442,256939.0,197587.0,1242.0143723831775,874.6580087205475
1789785511.179738,157.10098730000027,-50.847457627118644,84.74576271186442,257036.0,197635.0,1450.942227768263,778.5543661195558
1789785511.2431018,157.16435140000067,-44.067796610169495,84.74576271186442,257150.0,197673.0,1717.1980822481653,566.6753671418945
1789785511.3038778,157.22512590000042,-37.288135593220346,84.74576271186442,257259.0,197707.0,1850.9034385561656,610.9778340865013
1789785511.3662395,157.28748909999922,-30.508474576271198,84.74576271186442,257375.0,197740.0,1897.9400321438052,492.0585268520976
1789785511.426664,157.34791310000037,-23.72881355932205,84.74576271186442,257478.0,197764.0,1608.0510962410476,415.56376644431566
1789785511.4886134,157.4098630999997,-16.9491525423729,84.74576271186442,257594.0,197791.0,1868.686509194515,427.1283449587463
1789785511.549683,157.47093139999924,-10.169491525423723,84.74576271186442,257718.0,197806.0,2043.3769492615063,268.8653880607245
1789785511.6110635,157.53231330000017,-3.3898305084745743,84.74576271186442,257829.0,197829.0,1841.9796094987441,393.43253795118807
1789785511.672786,157.59403419999944,3.3898305084745743,84.74576271186442,257925.0,197841.0,1473.6486462271557,161.74192458590736
1789785511.7348201,157.65606970000044,10.169491525423723,84.74576271186442,258050.0,197851.0,2039.7919057589895,159.63588827679047
1789785511.7962775,157.7175260999993,16.94915254237287,84.74576271186442,258174.0,197867.0,1976.5722284358542,269.5325766048892
1789785511.8586044,157.77985409999928,23.72881355932202,84.74576271186442,258290.0,197888.0,1812.0093585042223,355.29595264788674
1789785511.9206777,157.84192579999944,30.50847457627117,84.74576271186442,258426.0,197897.0,2180.0234799158084,125.08331442139884
1789785511.9836843,157.90493380000044,37.28813559322032,84.74576271186442,258555.0,197911.0,1990.8977551574496,244.49621554565172
1789785512.0448482,157.96609639999951,44.06779661016947,84.74576271186442,258609.0,197919.0,838.7704695612262,124.9232614240124
1789785512.1078207,158.02907009999944,50.847457627118644,84.74576271186442,258711.0,197937.0,1565.5673686121136,316.6316026406522
1789785512.169539,158.09078799999952,57.627118644067764,84.74576271186442,258831.0,197958.0,2048.7315525631802,353.2295780281345
1789785512.2322712,158.15352059999896,64.40677966101691,84.74576271186442,258958.0,197978.0,1922.8651389807378,332.13125127849105
1789785512.292974,158.21422279999933,71.18644067796606,84.74576271186442,259052.0,198003.0,1584.2753470885978,396.06883677214944
1789785512.3543556,158.27560489999996,77.96610169491527,84.74576271186442,259153.0,198034.0,1644.6897971994624,536.311890391129
1789785512.4150429,158.33629099999962,84.74576271186442,84.74576271186442,259246.0,198068.0,1511.0631408543486,521.6765605330489
1789785512.4781213,158.39937049999935,91.52542372881356,84.74576271186442,259331.0,198109.0,1443.3176133333548,643.40664690764
1789785512.539157,158.46040469999934,98.30508474576271,84.74576271186442,259422.0,198145.0,1501.4988175565807,571.9995495453641
1789785512.6015422,158.52279129999988,105.08474576271186,84.74576271186442,259504.0,198180.0,1337.1759547741137,580.6158750992862
1789785512.6618757,158.58312470000055,111.86440677966101,84.74576271186442,259550.0,198219.0,724.6547473052534,652.1892725747281
1789785512.722263,158.6435124999989,118.64406779661016,84.74576271186442,259610.0,198277.0,1012.5080910471305,940.1860845437641
1789785512.782656,158.70390509999925,125.42372881355931,84.74576271186442,259640.0,198307.0,415.8650716763856,470.1083418950446
1789785512.8439672,158.76521689999936,132.20338983050846,84.74576271186442,259659.0,198336.0,337.9195538038223,462.41623152101994
1789785512.9043875,158.82563599999958,138.9830508474576,84.74576271186442,259716.0,198418.0,957.8665240102267,1337.398542957675
1789785512.9667354,158.88798459999998,145.76271186440675,84.74576271186442,259775.0,198499.0,933.1692363986389,1338.1294710621992
1789785513.0278041,158.94905280000057,152.5423728813559,84.74576271186442,259815.0,198584.0,625.6435190654157,1358.54021282776
1789785513.0891507,159.0103995999998,159.32203389830505,84.74576271186442,259847.0,198678.0,533.4585182734995,1547.0297029931487
1789785513.1495862,159.07083409999905,166.1016949152542,84.74576271186442,259870.0,198766.0,415.6561403233455,1463.8324941822168
1789785513.2108748,159.13212419999945,172.88135593220335,84.74576271186442,259894.0,198826.0,437.45249539189973,1038.949676555762
1789785513.2719607,159.19320899999911,179.66101694915255,84.74576271186442,259913.0,198905.0,285.791347309148,1321.7849813048097
1789785513.3332615,159.25451070000054,186.4406779661017,84.74576271186442,259938.0,199022.0,414.068238453132,1872.3085564837272
1789785513.3940253,159.31527339999957,193.22033898305085,84.74576271186442,259949.0,199077.0,179.82247924635215,971.0413879303015
1789785513.455351,159.37660010000036,200.0,84.74576271186442,259975.0,199180.0,450.9111109928882,1623.2799995743976
1789785513.5167813,159.43802959999994,-200.0,91.52542372881356,259991.0,199303.0,266.3664420884432,1953.3539086485837
1789785513.5794985,159.50074759999916,-193.22033898305085,91.52542372881356,260005.0,199413.0,213.4505888606164,1725.3922599566492
1789785513.64138,159.56262810000044,-186.4406779661017,91.52542372881356,260021.0,199503.0,264.38426666366445,1410.0494222062105
1789785513.7036343,159.6248818999993,-179.66101694915255,91.52542372881356,260043.0,199604.0,357.8105572025478,1610.1475074114649
1789785513.7653644,159.68661229999998,-172.8813559322034,91.52542372881356,260063.0,199693.0,320.0933249960204,1458.2029249818706
1789785513.827008,159.74825699999928,-166.10169491525426,91.52542372881356,260074.0,199807.0,196.8637810013705,1807.5674437398566
1789785513.88841,159.80965819999983,-159.32203389830508,91.52542372881356,260094.0,199913.0,302.0788354627624,1634.7795801514203
1789785513.9498575,159.87110650000068,-152.54237288135593,91.52542372881356,260120.0,200013.0,446.5003304160904,1696.7012555811434
1789785514.0104868,159.9317355000003,-145.76271186440678,91.52542372881356,260154.0,200114.0,539.2337488385208,1689.5990796940318
1789785514.0719702,159.99321749999945,-138.98305084745763,91.52542372881356,260171.0,200198.0,248.70628321147066,1403.4140266932989
1789785514.1333027,160.05455070000062,-132.20338983050848,91.52542372881356,260206.0,200301.0,603.1962303771467,1720.8833631348007
1789785514.1952786,160.11652759999924,-125.42372881355932,91.52542372881356,260244.0,200395.0,644.6471899580296,1468.3630437932895
1789785514.2566998,160.17794759999924,-118.64406779661017,91.52542372881356,260280.0,200480.0,568.7008384661341,1332.892590155002
1789785514.3190308,160.24027939999905,-111.86440677966102,91.52542372881356,260328.0,200559.0,780.9823693325992,1277.9711498169806
1789785514.3797524,160.3010006000004,-105.08474576271186,91.52542372881356,260380.0,200632.0,863.1184108462209,1168.8061813542574
1789785514.440795,160.36204329999964,-98.30508474576271,91.52542372881356,260436.0,200703.0,930.2275658653185,1109.1174823778797
1789785514.5008466,160.4220951999996,-91.52542372881356,91.52542372881356,260492.0,200775.0,1000.9299549134818,1146.519766537261
1789785514.5621817,160.48343059999934,-84.74576271186442,91.52542372881356,260575.0,200839.0,1314.3428552119633,994.6378363766208
1789785514.62308,160.54432880000059,-77.96610169491527,91.52542372881356,260642.0,200904.0,1076.3953671739437,1004.6356760290141
1789785514.6849298,160.60617830000047,-71.18644067796612,91.52542372881356,260712.0,200954.0,1097.434162920926,791.5918552216515
1789785514.7483323,160.6695811999998,-64.40677966101697,91.52542372881356,260778.0,201004.0,994.640943204671,788.8531618519804
1789785514.8100846,160.73133360000065,-57.62711864406779,91.52542372881356,260847.0,201048.0,1151.5637876420606,701.7341830943807
1789785514.8716748,160.79292390000046,-50.847457627118644,91.52542372881356,260928.0,201093.0,1326.7948881165325,743.0051373452582
1789785514.9332244,160.85447199999908,-44.067796610169495,91.52542372881356,261036.0,201125.0,1720.5018189212626,514.3768324609961
1789785514.9992077,160.9204566999997,-37.288135593220346,91.52542372881356,261162.0,201155.0,1936.9974869364953,450.852863338667
1789785515.0606067,160.9818551999997,-30.508474576271198,91.52542372881356,261290.0,201181.0,2175.2331577935124,435.0466315587025
1789785515.1223369,161.0435856999993,-23.72881355932205,91.52542372881356,261402.0,201208.0,1836.3138119468179,353.13727152823424
1789785515.1831284,161.1043764999995,-16.9491525423729,91.52542372881356,261501.0,201235.0,1653.2430518543688,449.2508293082524
1789785515.2462347,161.1674834000005,-10.169491525423723,91.52542372881356,261607.0,201255.0,1725.5563612043509,278.8777957501981
1789785515.3068492,161.22809699999925,-3.3898305084745743,91.52542372881356,261733.0,201269.0,1973.1435253503898,235.32904430784464
1789785515.3682356,161.28948440000022,3.3898305084745743,91.52542372881356,261863.0,201280.0,2146.575317946163,196.76940414506495
1789785515.428622,161.34987069999988,10.169491525423723,91.52542372881356,261978.0,201291.0,1897.368620800537,198.77195075053245
1789785515.4899638,161.4112124000003,16.94915254237287,91.52542372881356,262077.0,201305.0,1662.3261483921453,214.49369656672843
1789785515.5509565,161.47220509999897,23.72881355932202,91.52542372881356,262186.0,201323.0,1823.1247285316836,303.8541214219473
1789785515.6126835,161.5339316999998,30.50847457627117,91.52542372881356,262293.0,201338.0,1768.1058458959405,247.53481842543167
1789785515.673402,161.59465049999926,37.28813559322032,91.52542372881356,262429.0,201350.0,2174.7296415291685,179.72972244042717
1789785515.7343965,161.65564509999967,44.06779661016947,91.52542372881356,262540.0,201373.0,1727.5228581859276,395.89065500094176
1789785515.7948272,161.71607519999998,50.847457627118644,91.52542372881356,262651.0,201397.0,1879.8657342240492,433.8151694363191
1789785515.856469,161.77771790000043,57.627118644067764,91.52542372881356,262761.0,201419.0,1756.5714592825022,358.48397128214333
1789785515.917281,161.8385287000001,64.40677966101691,91.52542372881356,262807.0,201438.0,808.1664319881521,305.30731875107966
1789785515.9792101,161.9004588000007,71.18644067796606,91.52542372881356,262909.0,201471.0,1513.3306627769737,534.1167045095201
1789785516.0403998,161.96164689999932,77.96610169491527,91.52542372881356,263004.0,201512.0,1571.9113727649474,696.6425402026471
1789785516.1016948,162.02294359999905,84.74576271186442,91.52542372881356,263096.0,201549.0,1504.4704264244626,555.221228799504
1789785516.1634257,162.08467349999955,91.52542372881356,91.52542372881356,263167.0,201597.0,1113.4696243791245,813.0095670069798
1789785516.2251422,162.14639089999946,98.30508474576271,91.52542372881356,263260.0,201645.0,1474.3970071123551,728.3165938747778
1789785516.2858233,162.2070709999989,105.08474576271186,91.52542372881356,263333.0,201694.0,1096.4222484048578,808.8360848888295
1789785516.3471568,162.26840529999936,111.86440677966101,91.52542372881356,263407.0,201741.0,1253.4402458229854,805.7830151719191
1789785516.407939,162.32918640000025,118.64406779661016,91.52542372881356,263473.0,201808.0,1095.6975012535347,1167.5465177291762
1789785516.4702163,162.39146470000014,125.42372881355931,91.52542372881356,263524.0,201876.0,891.7710930684677,1159.302420989008
1789785516.5320425,162.45328979999977,132.20338983050846,91.52542372881356,263583.0,201944.0,953.7602882693335,1148.0447914353088
1789785516.5936823,162.51493069999924,138.9830508474576,91.52542372881356,263637.0,202020.0,823.1881360642109,1163.2006270472543
1789785516.6557968,162.57704430000013,145.76271186440675,91.52542372881356,263664.0,202089.0,403.5554994118505,1210.6664982355514
1789785516.7174718,162.638719999999,152.5423728813559,91.52542372881356,263708.0,202169.0,716.6301185451879,1307.849966344968
1789785516.7786422,162.6998893,159.32203389830505,91.52542372881356,263736.0,202261.0,446.2747660172133,1517.3342044585252
1789785516.841629,162.76287740000043,166.1016949152542,91.52542372881356,263768.0,202348.0,491.46518056540043,1439.2908859415297
1789785516.9030104,162.82425779999903,172.88135593220335,91.52542372881356,263785.0,202434.0,283.96334743334614,1473.059864810483
1789785516.9643042,162.88555280000037,179.66101694915255,91.52542372881356,263809.0,202517.0,360.2766203865749,1315.0096644109983
1789785517.0254061,162.9466537999997,186.4406779661017,91.52542372881356,263836.0,202623.0,428.49414659765637,1838.954045814942
1789785517.0863519,163.00760020000052,193.22033898305085,91.52542372881356,263853.0,202721.0,288.4067689090162,1532.1609598291484
1789785517.1470902,163.0683379000002,200.0,91.52542372881356,263870.0,202808.0,233.8041189044507,1384.839781203285
1789785517.2071939,163.12844199999927,-200.0,98.30508474576271,263884.0,202917.0,200.25778638827705,1856.935837418569
1789785517.2669141,163.1881615000002,-193.22033898305085,98.30508474576271,263903.0,203010.0,347.490841787696,1572.8532838811502
1789785517.3285139,163.24976210000023,-186.4406779661017,98.30508474576271,263927.0,203118.0,391.13683921926344,1724.557882012207
1789785517.3895354,163.31078349999916,-179.66101694915255,98.30508474576271,263943.0,203228.0,232.4479450738413,1823.822338271678
1789785517.451297,163.37254500000017,-172.8813559322034,98.30508474576271,263963.0,203320.0,353.3650066111126,1537.13777875834
1789785517.5124025,163.43364950000068,-166.10169491525426,98.30508474576271,263979.0,203386.0,268.0026299990188,1161.344729995748
1789785517.574339,163.49558679999973,-159.32203389830508,98.30508474576271,264006.0,203478.0,444.7417295914001,1494.3322114271043
1789785517.635787,163.557033699999,-152.54237288135593,98.30508474576271,264027.0,203589.0,302.02999691192537,1758.8805702518007
1789785517.6984453,163.61969350000072,-145.76271186440678,98.30508474576271,264057.0,203689.0,489.5515707531947,1503.622681599098
1789785517.7595031,163.68075019999924,-138.98305084745763,98.30508474576271,264091.0,203784.0,519.0230911641121,1646.5560133482177
1789785517.8218746,163.74312269999973,-132.20338983050848,98.30508474576271,264126.0,203882.0,551.7830602769981,1441.755738143124
1789785517.883281,163.80452870000045,-125.42372881355932,98.30508474576271,264161.0,203958.0,568.7422797587138,1190.804148244807
1789785517.9471154,163.86835819999942,-118.64406779661017,98.30508474576271,264205.0,204046.0,693.246908561479,1403.8249898369952
1789785518.0077238,163.92897119999907,-111.86440677966102,98.30508474576271,264256.0,204118.0,845.0030653792004,1204.5788378809877
1789785518.0687625,163.99001039999894,-105.08474576271186,98.30508474576271,264298.0,204204.0,661.4265003241193,1376.482176350194
1789785518.1298122,164.05105989999902,-98.30508474576271,98.30508474576271,264355.0,204270.0,894.9570957505098,1038.1502310705914
1789785518.191256,164.11250409999957,-91.52542372881356,98.30508474576271,264413.0,204324.0,940.1997480877312,904.7205123108357
1789785518.2522733,164.17352129999927,-84.74576271186442,98.30508474576271,264482.0,204373.0,1179.2747817656823,804.0509875675106
1789785518.3138998,164.23514760000035,-77.96610169491527,98.30508474576271,264553.0,204431.0,1139.7472610481893,943.8532005555318
1789785518.3749444,164.2961921999995,-71.18644067796612,98.30508474576271,264632.0,204472.0,1360.7025522121924,662.4472951559358
1789785518.4377084,164.35895600000003,-64.40677966101697,98.30508474576271,264713.0,204508.0,1248.518515144155,615.2120219550908
1789785518.4991806,164.4204282999999,-57.62711864406779,98.30508474576271,264801.0,204546.0,1418.892554344531,638.501649455039
1789785518.5614612,164.48270910000065,-50.847457627118644,98.30508474576271,264894.0,204582.0,1528.0514288009547,557.2893446215246
1789785518.622848,164.54409619999933,-44.067796610169495,98.30508474576271,264994.0,204614.0,1591.5593705612682,554.3633762629137
1789785518.6852133,164.6064611999991,-37.288135593220346,98.30508474576271,265111.0,204642.0,2027.2887547163139,470.62060377343
1789785518.7472684,164.66851660000066,-30.508474576271198,98.30508474576271,265215.0,204667.0,1581.513860203222,351.4475244896049
1789785518.809361,164.73060739999892,-23.72881355932205,98.30508474576271,265309.0,204688.0,1491.970004299926,319.70785806426983
1789785518.8713775,164.79262559999916,-16.9491525423729,98.30508474576271,265438.0,204705.0,2264.6329790357354,265.38667723075025
1789785518.9324512,164.85369879999962,-10.169491525423723,98.30508474576271,265556.0,204719.0,1858.5334383591585,232.3166797948948
1789785518.995176,164.9164235999997,-3.3898305084745743,98.30508474576271,265661.0,204733.0,1675.5388777227536,226.89588969162287
1789785519.0554998,164.97674759999973,3.3898305084745743,98.30508474576271,265778.0,204753.0,1901.4780822996129,307.8583561818421
1789785519.1168888,165.03813660000014,10.169491525423723,98.30508474576271,265902.0,204768.0,1925.5902022987939,267.44308365261026
1789785519.1776645,165.09891190000053,16.94915254237287,98.30508474576271,266019.0,204785.0,2011.1294467062373,305.2607195893396
1789785519.2393079,165.1605555999995,23.72881355932202,98.30508474576271,266127.0,204800.0,1832.075189795216,231.23279094502726
1789785519.2996814,165.2209287000005,30.50847457627117,98.30508474576271,266251.0,204820.0,2063.012359952909,343.83539332548474
1789785519.362075,165.28332319999936,37.28813559322032,98.30508474576271,266371.0,204835.0,1843.4344764185644,228.2347446994413
1789785519.423116,165.34436319999986,44.06779661016947,98.30508474576271,266484.0,204852.0,1805.1122207781393,268.085973382892
1789785519.4840841,165.40533159999904,50.847457627118644,98.30508474576271,266603.0,204877.0,1876.6364179827694,415.0253616692663
1789785519.5453124,165.46655239999927,57.627118644067764,98.30508474576271,266710.0,204907.0,1730.7366336426337,517.4367255220245
1789785519.6082919,165.52953949999937,64.40677966101691,98.30508474576271,266806.0,204933.0,1579.0858847038787,350.9079743786397
1789785519.6693125,165.59055959999932,71.18644067796606,98.30508474576271,266916.0,204961.0,1643.4969327337406,410.87423318343514
1789785519.730437,165.65168059999996,77.96610169491527,98.30508474576271,267022.0,205007.0,1742.5827951483323,718.590843360137
1789785519.7900224,165.71126980000008,84.74576271186442,98.30508474576271,267113.0,205056.0,1464.0886505951419,768.6465415624494
1789785519.8517022,165.77294979999897,91.52542372881356,98.30508474576271,267196.0,205116.0,1362.1447588545836,990.6507337124244
1789785519.911764,165.83301140000003,98.30508474576271,98.30508474576271,267254.0,205158.0,1000.5311911075613,745.8505242801821
1789785519.9727583,165.89400589999968,105.08474576271186,98.30508474576271,267333.0,205208.0,1340.8444459647706,858.1404454174532
1789785520.0328107,165.95405779999965,111.86440677966101,98.30508474576271,267395.0,205270.0,1020.2910380456772,1056.7300036901656
1789785520.0938575,166.0151048000007,118.64406779661016,98.30508474576271,267456.0,205331.0,1036.9679058476233,1036.9679058476233
1789785520.155249,166.0764966000006,125.42372881355931,98.30508474576271,267500.0,205407.0,728.9796063628664,1244.5993279366012
1789785520.2155495,166.13679690000026,132.20338983050846,98.30508474576271,267547.0,205478.0,832.9364813647153,1176.9754627979673
1789785520.275926,166.1971735999996,138.9830508474576,98.30508474576271,267589.0,205550.0,688.248696852539,1177.2675077740798
1789785520.3383253,166.25957299999936,145.76271186440675,98.30508474576271,267628.0,205629.0,647.4563956094694,1222.9731917067757
1789785520.4030344,166.324282399999,152.5423728813559,98.30508474576271,267657.0,205698.0,385.9267611698026,1073.8831615159725
1789785520.466152,166.38739899999928,159.32203389830505,98.30508474576271,267674.0,205771.0,302.2969231545711,1262.5342084690913
1789785520.529071,166.45031860000017,166.1016949152542,98.30508474576271,267696.0,205874.0,346.19325892798435,1557.8696651759294
1789785520.5896559,166.51090289999956,172.88135593220335,98.30508474576271,267720.0,205987.0,361.9202038346738,1863.8890497485702
1789785520.6513047,166.57255219999934,179.66101694915255,98.30508474576271,267739.0,206095.0,284.84195721854405,1744.6569879635824
1789785520.7127116,166.63395889999993,186.4406779661017,98.30508474576271,267754.0,206193.0,248.7434016328818,1527.9951814591311
1789785520.7740252,166.69527290000042,193.22033898305085,98.30508474576271,267769.0,206268.0,248.82651636882073,1261.9059044418766
1789785520.834728,166.75597489999927,200.0,98.30508474576271,267785.0,206367.0,270.0692997814182,1674.4296586447929
1789785520.8975055,166.81875319999926,-200.0,105.08474576271186,267805.0,206468.0,312.4278595420751,1700.9961241735202
1789785520.9578795,166.87912619999952,-193.22033898305085,105.08474576271186,267819.0,206554.0,235.7532497658335,1341.9800371285905
1789785521.0191994,166.9404470999998,-186.4406779661017,105.08474576271186,267837.0,206645.0,324.1526110462272,1566.7376200567646
1789785521.0799356,167.0011830000003,-179.66101694915255,105.08474576271186,267848.0,206747.0,162.9080167060501,1719.5846207860843
1789785521.140312,167.0615596000007,-172.8813559322034,105.08474576271186,267866.0,206838.0,307.63718357229305,1520.0896129454482
1789785521.1999483,167.12119580000035,-166.10169491525426,105.08474576271186,267893.0,206928.0,440.05852779867456,1448.5259873373038
1789785521.2616632,167.18291089999911,-159.32203389830508,105.08474576271186,267916.0,207026.0,353.3718744269912,1501.8304663147128
1789785521.3224168,167.24366369999916,-152.54237288135593,105.08474576271186,267947.0,207124.0,557.5028189828117,1564.604685532407
1789785521.3861444,167.30739189999986,-145.76271186440678,105.08474576271186,267976.0,207225.0,449.30616759482876,1555.2905801359457
1789785521.4479399,167.3691861999996,-138.98305084745763,105.08474576271186,268021.0,207315.0,742.0992928846255,1466.5295549862835
1789785521.5099125,167.43115989999933,-132.20338983050848,105.08474576271186,268060.0,207384.0,644.3414293585421,1091.800755301974
1789785521.5713573,167.49260349999895,-125.42372881355932,105.08474576271186,268111.0,207469.0,834.5377903578865,1367.2214863310055
1789785521.634697,167.55594439999913,-118.64406779661017,105.08474576271186,268155.0,207551.0,666.1104060332248,1191.9870423752443
1789785521.695743,167.61699020000015,-111.86440677966102,105.08474576271186,268200.0,207622.0,750.757460658205,1144.0113686220268
1789785521.7574284,167.6786759000006,-105.08474576271186,105.08474576271186,268271.0,207676.0,1183.523933706429,883.2268161988276
1789785521.8185506,167.73979689999942,-98.30508474576271,105.08474576271186,268334.0,207732.0,1035.9029680549556,964.4613840511656
1789785521.8805823,167.80183009999928,-91.52542372881356,105.08474576271186,268410.0,207793.0,1201.489847377225,989.4622272518322
1789785521.9408848,167.86213130000033,-84.74576271186442,105.08474576271186,268478.0,207854.0,1140.1641836253373,1067.7728068872204
1789785522.0036626,167.92490960000032,-77.96610169491527,105.08474576271186,268566.0,207906.0,1414.114631675463,848.4687790052777
1789785522.0657773,167.98702129999947,-71.18644067796612,105.08474576271186,268642.0,207950.0,1323.7061654984452,741.2754526791293
1789785522.1280653,168.04931240000042,-64.40677966101697,105.08474576271186,268731.0,207992.0,1368.161634972481,675.1966510253802
1789785522.188775,168.11002139999982,-57.62711864406779,105.08474576271186,268819.0,208029.0,1546.6819176714353,629.4635711453516
1789785522.2501009,168.1713481000006,-50.847457627118644,105.08474576271186,268919.0,208062.0,1521.3617082571998,536.9511911495999
1789785522.3105667,168.23181300000033,-44.067796610169495,105.08474576271186,269032.0,208092.0,1716.5768927213528,433.66153079276285
1789785522.3725517,168.29379899999913,-37.288135593220346,105.08474576271186,269113.0,208121.0,1290.160669186575,512.5295809097353
1789785522.4339817,168.35522759999913,-30.508474576271198,105.08474576271186,269211.0,208141.0,1509.6645170017573,301.93290340035145
1789785522.4958222,168.41706929999964,-23.72881355932205,105.08474576271186,269316.0,208165.0,1658.191465845088,356.6003152355028
1789785522.5580475,168.4792937000002,-16.9491525423729,105.08474576271186,269428.0,208182.0,1684.7336804430822,263.2396375692316
1789785522.6208396,168.54208649999964,-10.169491525423723,105.08474576271186,269564.0,208194.0,2172.427130950245,194.28210114189184
1789785522.6834867,168.60473300000012,-3.3898305084745743,105.08474576271186,269695.0,208208.0,2075.0426878683725,211.0212902916989
1789785522.7469144,168.668161399999,3.3898305084745743,105.08474576271186,269827.0,208223.0,1978.7303840859183,243.00197699300753
1789785522.8076172,168.72886459999972,10.169491525423723,105.08474576271186,269935.0,208243.0,1836.0613244476226,360.0120244014946
1789785522.8682477,168.78949509999984,16.94915254237287,105.08474576271186,270060.0,208260.0,2105.7746821323235,269.97111309388765
1789785522.928297,168.84954409999955,23.72881355932202,105.08474576271186,270161.0,208277.0,1676.9593082663334,309.87291565790946
1789785522.9886632,168.90990969999984,30.50847457627117,105.08474576271186,270275.0,208290.0,1864.617880026843,217.23703456623414
1789785523.0540407,168.97528749999947,37.28813559322032,105.08474576271186,270399.0,208308.0,1942.8954788566373,249.08916395597913
1789785523.11648,169.03772729999946,44.06779661016947,105.08474576271186,270521.0,208321.0,1871.045392614297,215.88985299395733
1789785523.1788738,169.1001211999992,50.847457627118644,105.08474576271186,270620.0,208346.0,1625.1411076507873,436.8658891534374
1789785523.2420156,169.16326189999927,57.627118644067764,105.08474576271186,270703.0,208375.0,1367.852968235267,426.34378230709626
1789785523.3035965,169.22484359999908,64.40677966101691,105.08474576271186,270792.0,208398.0,1460.433820058709,391.8237078206293
1789785523.3667822,169.2880280999998,71.18644067796606,105.08474576271186,270891.0,208430.0,1455.6221630663895,532.5446938047766
1789785523.431195,169.3524422999999,77.96610169491527,105.08474576271186,270965.0,208476.0,1132.3201926796519,737.7237618973489
1789785523.4920187,169.41326490000029,84.74576271186442,105.08474576271186,271056.0,208514.0,1505.9997955971035,573.7142078465156
1789785523.5558927,169.4771399000001,91.52542372881356,105.08474576271186,271131.0,208563.0,1191.693379011921,742.6494970654
1789785523.6180055,169.53924759999973,98.30508474576271,105.08474576271186,271205.0,208615.0,1232.7966796297692,857.5976901772308
1789785523.6818433,169.60309039999993,105.08474576271186,105.08474576271186,271269.0,208682.0,948.8238896526288,1069.5832937902362
1789785523.7427635,169.66400989999966,111.86440677966101,105.08474576271186,271325.0,208752.0,877.0391159377119,1145.5204779594603
1789785523.804509,169.72575619999952,118.64406779661016,105.08474576271186,271371.0,208800.0,781.9608735087716,817.5045495773521
1789785523.865544,169.78679009999905,125.42372881355931,105.08474576271186,271421.0,208871.0,824.6550342475239,1165.2734179584577
1789785523.9290378,169.8502843999995,132.20338983050846,105.08474576271186,271458.0,208948.0,554.8523572619074,1213.7395315104225
1789785523.9899807,169.91122650000034,138.9830508474576,105.08474576271186,271499.0,209025.0,701.0139537749344,1204.3060231518102
1789785524.0517757,169.97302279999894,145.76271186440675,105.08474576271186,271529.0,209106.0,460.90791770004836,1276.360387477057
1789785524.1134815,170.03472730000067,152.5423728813559,105.08474576271186,271557.0,209173.0,461.0722056791057,1170.4140605700377
1789785524.1747427,170.09598989999904,159.32203389830505,105.08474576271186,271588.0,209248.0,482.976854684093,1287.9382791575813
1789785524.2358277,170.15707359999942,166.1016949152542,105.08474576271186,271610.0,209339.0,375.2526254226333,1447.402983773014
1789785524.2973094,170.21855630000027,172.88135593220335,105.08474576271186,271623.0,209437.0,214.28112254531842,1607.1084190898882
1789785524.358567,170.27981309999996,179.66101694915255,105.08474576271186,271648.0,209551.0,427.2287097689131,1886.9268014793663
1789785524.4213288,170.3425757999994,186.4406779661017,105.08474576271186,271664.0,209645.0,246.79997391123712,1516.0569825975995
1789785524.4823186,170.40356500000053,193.22033898305085,105.08474576271186,271682.0,209733.0,285.91033852225235,1375.9435041383394
1789785524.5437946,170.46504119999918,200.0,105.08474576271186,271696.0,209800.0,230.7103927949323,1011.5763376393185
1789785524.6055405,170.52678659999947,-200.0,111.86440677966101,271718.0,209894.0,353.1728162834579,1553.9603916472147
1789785524.6667817,170.5880287,-193.22033898305085,111.86440677966101,271736.0,209974.0,304.9836116177883,1237.8746589192583
1789785524.7275639,170.6488100000006,-186.4406779661017,111.86440677966101,271759.0,210078.0,394.9929260265263,1777.4681671193682
1789785524.788886,170.71013270000003,-179.66101694915255,111.86440677966101,271783.0,210180.0,411.2055294599194,1680.5791204014097
1789785524.8503373,170.77158289999898,-172.8813559322034,111.86440677966101,271809.0,210281.0,409.43698854303636,1691.1527787647155
1789785524.9109833,170.83223019999969,-166.10169491525426,111.86440677966101,271833.0,210373.0,398.38112398121797,1502.9833313836862
1789785524.9726882,170.89393410000048,-159.32203389830508,111.86440677966101,271864.0,210446.0,498.0434009214468,1156.1721807105014
1789785525.0347803,170.95602529999996,-152.54237288135593,111.86440677966101,271905.0,210539.0,658.3055925727543,1565.6997877406047
1789785525.0961437,171.01739049999924,-145.76271186440678,111.86440677966101,271936.0,210625.0,497.5716725445389,1403.8629332506632
1789785525.1574948,171.07874169999923,-138.98305084745763,111.86440677966101,271970.0,210700.0,533.1039801525253,1155.0586236638048
1789785525.2189324,171.14017849999982,-132.20338983050848,111.86440677966101,272022.0,210778.0,871.3202279577206,1298.0893192023184
1789785525.2808607,171.20210720000068,-125.42372881355932,111.86440677966101,272064.0,210850.0,699.0813354309116,1183.060721498466
1789785525.3417065,171.26295299999947,-118.64406779661017,111.86440677966101,272110.0,210922.0,772.149466584961,1185.1596463862193
1789785525.4016726,171.3229193999996,-111.86440677966102,111.86440677966101,272164.0,210991.0,934.7473066414065,1228.0013636269457
1789785525.4623194,171.38356609999937,-105.08474576271186,111.86440677966101,272243.0,211049.0,1331.4237597780004,1007.5639263184869
1789785525.5250292,171.44627579999906,-98.30508474576271,111.86440677966101,272337.0,211117.0,1575.0991149024915,1091.8300682846816
1789785525.5871737,171.50842039999952,-91.52542372881356,111.86440677966101,272418.0,211162.0,1332.8329364077433,666.4164682038717
1789785525.6494787,171.57072549999975,-84.74576271186442,111.86440677966101,272500.0,211217.0,1385.9230338473228,857.0839814582129
1789785525.712622,171.63386870000068,-77.96610169491527,111.86440677966101,272576.0,211271.0,1223.9184697904122,861.9144153453607
1789785525.7739172,171.69516379999914,-71.18644067796612,111.86440677966101,272672.0,211298.0,1628.5436657412372,416.18338124498285
1789785525.835207,171.75645339999937,-64.40677966101697,111.86440677966101,272767.0,211336.0,1638.164970296535,623.2149343519427
1789785525.8960013,171.81724769999892,-57.62711864406779,111.86440677966101,272869.0,211365.0,1673.2396799193655,485.7792619120738
1789785525.9563568,171.87760329999946,-50.847457627118644,111.86440677966101,272974.0,211390.0,1684.8497584952652,362.3332813968312
1789785526.016771,171.9380173999998,-44.067796610169495,111.86440677966101,273044.0,211412.0,1138.624866476752,361.4682115799213
1789785526.0773962,171.99864270000035,-37.288135593220346,111.86440677966101,273149.0,211430.0,1692.4190429442008,306.07578436224907
1789785526.1378949,172.05914080000002,-30.508474576271198,111.86440677966101,273234.0,211446.0,1446.3564473282015,289.2712894656403
1789785526.1992137,172.1204605999992,-23.72881355932205,111.86440677966101,273343.0,211466.0,1691.1706499229085,323.8411882831101
1789785526.2602232,172.1814687999995,-16.9491525423729,111.86440677966101,273436.0,211488.0,1536.9301071684802,375.29688663416374
1789785526.3229015,172.24414780000006,-10.169491525423723,111.86440677966101,273545.0,211499.0,1875.266473642845,194.6031246233141
1789785526.3840833,172.30532929999936,-3.3898305084745743,111.86440677966101,273671.0,211520.0,1963.759707217219,285.63777559523186
1789785526.4460294,172.36727579999933,3.3898305084745743,111.86440677966101,273799.0,211535.0,1991.5182659141008,266.72119632778134
1789785526.5074074,172.4286534999992,10.169491525423723,111.86440677966101,273912.0,211544.0,1887.645891911009,160.27182101131208
1789785526.568092,172.48933840000063,16.94915254237287,111.86440677966101,273999.0,211560.0,1431.009060658123,271.71058113761825
1789785526.629251,172.55049589999908,23.72881355932202,111.86440677966101,274094.0,211577.0,1516.8955393915414,303.3791078783083
1789785526.6940498,172.61529639999935,30.50847457627117,111.86440677966101,274214.0,211597.0,1869.0990773936664,319.9358781124294
1789785526.7557113,172.67695640000056,37.28813559322032,111.86440677966101,274316.0,211619.0,1561.0697585393934,390.26743963484836
1789785526.8191228,172.74036720000004,44.06779661016947,111.86440677966101,274419.0,211648.0,1604.3611019884768,465.7822554160094
1789785526.8804867,172.80173189999914,50.847457627118644,111.86440677966101,274540.0,211670.0,2004.615938666555,390.2792092979134
1789785526.9422748,172.86352140000054,57.627118644067764,111.86440677966101,274646.0,211714.0,1649.6322916361503,674.0433019588571
1789785527.0039005,172.92514519999895,64.40677966101691,111.86440677966101,274746.0,211756.0,1562.3196896646025,692.3916806468125
1789785527.0648358,172.9860822999999,71.18644067796606,111.86440677966101,274834.0,211812.0,1531.0184334580422,972.6470047851092
1789785527.125902,173.04714830000012,77.96610169491527,111.86440677966101,274919.0,211862.0,1393.9997247685467,893.5895671593247
1789785527.1876929,173.10893939999914,84.74576271186442,111.86440677966101,275006.0,211914.0,1411.9208477272325,900.0995404261107
1789785527.248685,173.16993059999913,91.52542372881356,111.86440677966101,275078.0,211974.0,1217.180865929395,948.6850866802638
1789785527.311377,173.232623599999,98.30508474576271,111.86440677966101,275151.0,212032.0,1212.1233414548747,948.6182672255541
1789785527.3721433,173.29338869999992,105.08474576271186,111.86440677966101,275209.0,212107.0,988.0233604637341,1203.5920936558216
1789785527.4338355,173.35508189999928,111.86440677966101,111.86440677966101,275267.0,212167.0,978.7556634190554,996.5512209357654
1789785527.4946113,173.41585590000068,118.64406779661016,111.86440677966101,275313.0,212237.0,789.828445666748,1184.7426685001221
1789785527.5570977,173.47834180000063,125.42372881355931,111.86440677966101,275357.0,212325.0,659.8223472878119,1373.1438038151762
1789785527.6184251,173.5396698000004,132.20338983050846,111.86440677966101,275373.0,212372.0,196.76694029100975,643.9645318614864
1789785527.6804624,173.60170879999896,138.9830508474576,111.86440677966101,275407.0,212451.0,520.8464293307807,1293.135962476421
1789785527.741065,173.6623099999997,145.76271186440675,111.86440677966101,275423.0,212507.0,251.74920744402976,863.140139808102
1789785527.8020265,173.7232727999999,152.5423728813559,111.86440677966101,275451.0,212593.0,450.52188456024646,1495.7326567400182
1789785527.8637905,173.78503590000037,159.32203389830505,111.86440677966101,275481.0,212696.0,476.9087832458596,1695.6756737630565
1789785527.9275184,173.8487645999994,166.1016949152542,111.86440677966101,275502.0,212797.0,291.773364178446,1596.171933446793
1789785527.9889083,173.9101537000006,172.88135593220335,111.86440677966101,275520.0,212891.0,266.70791748795364,1511.3448657650706
1789785528.051011,173.9722569000005,179.66101694915255,111.86440677966101,275548.0,212981.0,480.29970701923844,1476.4768771332144
1789785528.1127324,174.03397740000037,186.4406779661017,111.86440677966101,275562.0,213066.0,229.4500963735723,1376.700578241434
1789785528.1757753,174.09702060000018,193.22033898305085,111.86440677966101,275579.0,213158.0,280.9097261505523,1422.1054886371708
1789785528.2372024,174.15844780000043,200.0,111.86440677966101,275604.0,213248.0,393.0571808871125,1375.7001331048937
1789785528.299512,174.2207572999996,-200.0,118.64406779661016,275630.0,213333.0,423.9616032217609,1289.5498764661895
1789785528.360566,174.28181089999998,-193.22033898305085,118.64406779661016,275648.0,213439.0,286.14452444753334,1770.5192450191128
1789785528.4222226,174.34346860000005,-186.4406779661017,118.64406779661016,275674.0,213526.0,391.6911621998619,1495.548073854018
1789785528.4843814,174.4056266000007,-179.66101694915255,118.64406779661016,275696.0,213623.0,335.32765041972135,1447.203543916692
1789785528.546754,174.4679995000006,-172.8813559322034,118.64406779661016,275716.0,213712.0,338.02656533538516,1441.0606206403263
1789785528.6081786,174.52942339999936,-166.10169491525426,118.64406779661016,275742.0,213788.0,410.4687374582755,1284.9456129128623
1789785528.6701703,174.5914157999996,-159.32203389830508,118.64406779661016,275770.0,213862.0,450.34577548321863,1242.9543403336834
1789785528.7315464,174.65279209999971,-152.54237288135593,118.64406779661016,275805.0,213946.0,575.5240416155796,1366.8695988370014
1789785528.7943103,174.71555529999932,-145.76271186440678,118.64406779661016,275839.0,214037.0,575.544744112417,1420.8760870275294
1789785528.8599253,174.7811715000007,-138.98305084745763,118.64406779661016,275880.0,214128.0,604.5989829268589,1360.3477115854323
1789785528.9223988,174.8436442000002,-132.20338983050848,118.64406779661016,275933.0,214201.0,913.597010549827,1056.906345538035
1789785528.984225,174.90547119999974,-125.42372881355932,118.64406779661016,275973.0,214264.0,622.4103284621485,1013.6396777812133
1789785529.04688,174.96812540000064,-118.64406779661017,118.64406779661016,276021.0,214328.0,780.9889135995077,1107.9145053388363
1789785529.1133475,175.0345937000002,-111.86440677966102,118.64406779661016,276099.0,214391.0,1162.4404044629687,867.7372033315119
1789785529.1742737,175.0955195000006,-105.08474576271186,118.64406779661016,276168.0,214451.0,1151.681905457285,1061.7067565934346
1789785529.2354171,175.15666299999975,-98.30508474576271,118.64406779661016,276251.0,214498.0,1286.9023723750518,768.5666946128781
1789785529.2964678,175.21771269999954,-91.52542372881356,118.64406779661016,276318.0,214539.0,1160.0865959983323,642.5094993221533
1789785529.3580737,175.27931969999918,-84.74576271186442,118.64406779661016,276402.0,214579.0,1404.761608415218,622.3627379054764
1789785529.418514,175.33975929999906,-77.96610169491527,118.64406779661016,276483.0,214620.0,1301.7561051270632,687.0379443726166
1789785529.480498,175.40174429999934,-71.18644067796612,118.64406779661016,276568.0,214655.0,1432.616612322941,530.5987453047929
1789785529.5409276,175.4621729999999,-64.40677966101697,118.64406779661016,276674.0,214687.0,1575.156700941668,561.262732519445
1789785529.604011,175.52525670000068,-57.62711864406779,118.64406779661016,276772.0,214715.0,1528.1306273663033,416.7628983726282
1789785529.6653767,175.58662150000055,-50.847457627118644,118.64406779661016,276890.0,214749.0,2005.1922055999516,550.0969767575089
1789785529.7280746,175.64931989999968,-44.067796610169495,118.64406779661016,277014.0,214761.0,1990.692638803875,209.54659355830265
1789785529.7892394,175.71048379999957,-37.288135593220346,118.64406779661016,277120.0,214783.0,1712.1211040522692,392.36108634531166
1789785529.8507748,175.7720195999991,-30.508474576271198,118.64406779661016,277215.0,214793.0,1369.5618483513963,180.20550636202583
1789785529.911968,175.83321260000048,-23.72881355932205,118.64406779661016,277331.0,214804.0,1895.5074685091104,196.70360522264352
1789785529.9745317,175.89577719999943,-16.9491525423729,118.64406779661016,277458.0,214822.0,2053.260879152642,265.5078723042209
1789785530.0356646,175.95690959999956,-10.169491525423723,118.64406779661016,277579.0,214836.0,1999.832156947431,232.12337535996969
1789785530.0976145,176.0188603000006,-3.3898305084745743,118.64406779661016,277700.0,214854.0,1981.3224973785623,283.0460710540803
1789785530.1577053,176.07894999999917,3.3898305084745743,118.64406779661016,277820.0,214866.0,1983.9247492085212,200.21258936966728
1789785530.220432,176.1416778999992,10.169491525423723,118.64406779661016,277921.0,214877.0,1625.720648739015,192.28953909816306
1789785530.2818327,176.20307779999894,16.94915254237287,118.64406779661016,278047.0,214893.0,2078.8136903090203,213.2116605445149
1789785530.3441856,176.26543149999998,23.72881355932202,118.64406779661016,278170.0,214918.0,1950.941724821323,439.4012893741719
1789785530.4049013,176.32614640000065,30.50847457627117,118.64406779661016,278291.0,214939.0,1959.2159541773494,341.5147076088958
1789785530.4657383,176.38698180000029,37.28813559322032,118.64406779661016,278409.0,214972.0,1860.6835753774199,560.0115615213593
1789785530.526011,176.4472554999993,44.06779661016947,118.64406779661016,278512.0,214999.0,1674.663793044934,455.07168289264513
1789785530.5876093,176.5088553000005,50.847457627118644,118.64406779661016,278607.0,215024.0,1611.4765780914145,429.72708749104385
1789785530.6511402,176.57238479999978,57.627118644067764,118.64406779661016,278684.0,215056.0,1182.5537333372868,514.1537971031681
1789785530.7134812,176.6347270999995,64.40677966101691,118.64406779661016,278779.0,215090.0,1546.8284743283161,562.4830815739332
1789785530.773495,176.69474079999964,71.18644067796606,118.64406779661016,278844.0,215130.0,1003.193804269347,656.6359446126635
1789785530.8345206,176.75576460000048,77.96610169491527,118.64406779661016,278923.0,215188.0,1342.1665789740227,894.7777193160151
1789785530.8948905,176.81613619999916,84.74576271186442,118.64406779661016,278990.0,215237.0,1050.0417301183127,778.4792137084042
1789785530.9548807,176.87612629999967,91.52542372881356,118.64406779661016,279070.0,215292.0,1330.1918938075257,947.533951753306
1789785531.0149076,176.9361528999998,98.30508474576271,118.64406779661016,279124.0,215351.0,928.6014715382863,1019.6408314930203
1789785531.0776594,176.99890480000067,105.08474576271186,118.64406779661016,279177.0,215425.0,833.0744438798769,1180.1887954964923
1789785531.1390207,177.06026609999935,111.86440677966101,118.64406779661016,279213.0,215486.0,604.4917291429109,1048.9709417479926
1789785531.200725,177.12197019999985,118.64406779661016,118.64406779661016,279254.0,215547.0,586.2445705694578,994.8392712693828
1789785531.2614918,177.18273699999918,125.42372881355931,118.64406779661016,279282.0,215608.0,467.07230100046337,952.1089212701753
1789785531.3252282,177.24647340000047,132.20338983050846,118.64406779661016,279310.0,215688.0,412.18564125151596,1254.4780385915703
1789785531.3919861,177.31323180000072,138.9830508474576,118.64406779661016,279335.0,215778.0,328.0786076287737,1295.9105001336561
1789785531.4557664,177.3770110000005,145.76271186440675,118.64406779661016,279367.0,215872.0,547.4691033119744,1554.1058416597982
1789785531.5204592,177.44170490000033,152.5423728813559,118.64406779661016,279386.0,215958.0,290.19747084558304,1280.2829596128663
1789785531.58125,177.50249540000004,159.32203389830505,118.64406779661016,279400.0,216046.0,251.88237092960793,1421.3362359599305
1789785531.6429825,177.56422790000033,166.1016949152542,118.64406779661016,279419.0,216136.0,340.17381091058473,1468.1185523509446
1789785531.7053156,177.62655989999985,172.88135593220335,118.64406779661016,279441.0,216211.0,368.62541338586004,1176.0906046120297
1789785531.7660348,177.68728050000027,179.66101694915255,118.64406779661016,279467.0,216290.0,418.66518616474724,1183.1842217699377
1789785531.826728,177.74797360000048,186.4406779661017,118.64406779661016,279478.0,216401.0,197.72934806766358,1833.490318445608
1789785531.8881576,177.80940290000035,193.22033898305085,118.64406779661016,279506.0,216504.0,443.45347374852315,1596.4325054946833
1789785531.9487886,177.87003299999924,200.0,118.64406779661016,279522.0,216598.0,287.69165208694005,1654.2269994999053
1789785532.0091085,177.93035360000067,-200.0,125.42372881355931,279541.0,216705.0,328.3569020624947,1732.9947608853888
1789785532.0697982,177.991043,-193.22033898305085,125.42372881355931,279561.0,216810.0,341.84405074547743,1745.2038380163847
1789785532.130829,178.05207419999897,-186.4406779661017,125.42372881355931,279581.0,216897.0,339.7048858500899,1412.457156955637
1789785532.191936,178.11318109999957,-179.66101694915255,125.42372881355931,279607.0,216997.0,413.49503986027105,1689.9362498637165
1789785532.2542415,178.17548700000043,-172.8813559322034,125.42372881355931,279638.0,217078.0,495.8428886445647,1221.898547016963
1789785532.3150032,178.2362477000006,-166.10169491525426,125.42372881355931,279670.0,217174.0,521.3417539115776,1653.9117710298324
1789785532.3777401,178.29898569999932,-159.32203389830508,125.42372881355931,279711.0,217266.0,725.1118617612024,1503.2806890171269
1789785532.4391737,178.36041759999898,-152.54237288135593,125.42372881355931,279762.0,217347.0,835.5466430496086,1351.096699399367
1789785532.5018191,178.42306409999946,-145.76271186440678,125.42372881355931,279797.0,217423.0,542.6287386743257,1242.7948530928106
1789785532.5635724,178.48481619999984,-138.98305084745763,125.42372881355931,279847.0,217490.0,794.4648749337958,1165.2151499029005
1789785532.6242278,178.54547309999907,-132.20338983050848,125.42372881355931,279887.0,217560.0,724.5051177310903,1159.2081883697444
1789785532.685339,178.60658289999992,-125.42372881355932,125.42372881355931,279949.0,217621.0,1108.1322609484848,1036.6398570163246
1789785532.7469501,178.66819530000066,-118.64406779661017,125.42372881355931,280007.0,217694.0,937.6296002579762,1135.9743233894712
1789785532.8080413,178.7292851000002,-111.86440677966102,125.42372881355931,280077.0,217745.0,1198.3930800853634,840.6638024479415
1789785532.870135,178.79138020000028,-105.08474576271186,125.42372881355931,280155.0,217803.0,1252.0569506986312,858.5533376219186
1789785532.9315064,178.85275120000006,-98.30508474576271,125.42372881355931,280229.0,217852.0,1243.6706049844909,781.7358088473942
1789785532.9924598,178.9137050999998,-91.52542372881356,125.42372881355931,280308.0,217899.0,1342.1569715310145,805.2941829186087
1789785533.0528522,178.97409739999966,-84.74576271186442,125.42372881355931,280405.0,217944.0,1521.1383909657084,688.1340340082967
1789785533.11356,179.03480519999903,-77.96610169491527,125.42372881355931,280513.0,217980.0,1744.6043165566252,611.5107913703634
1789785533.17485,179.0960952000005,-71.18644067796612,125.42372881355931,280622.0,218019.0,1744.700472296717,569.6981134030096
1789785533.2352922,179.1565370999997,-64.40677966101697,125.42372881355931,280708.0,218050.0,1430.8794656310154,452.8099574781694
1789785533.2967954,179.2180382000006,-57.62711864406779,125.42372881355931,280825.0,218071.0,1881.4809029876953,319.4967571111181
1789785533.3618424,179.2830866000004,-50.847457627118644,125.42372881355931,280933.0,218089.0,1777.7809382552978,284.44495012084764
1789785533.4286346,179.3498796999993,-44.067796610169495,125.42372881355931,281051.0,218119.0,1778.4188868283861,411.671038617682
1789785533.4906647,179.41190950000055,-37.288135593220346,125.42372881355931,281162.0,218135.0,1678.6700601187424,234.6528041026199
1789785533.551669,179.47291419999965,-30.508474576271198,125.42372881355931,281281.0,218149.0,1924.9174264034334,215.87858987702057
1789785533.6154258,179.5366697999998,-23.72881355932205,125.42372881355931,281398.0,218162.0,1885.2387583996976,213.4232556678903
1789785533.677823,179.59906839999894,-16.9491525423729,125.42372881355931,281518.0,218176.0,1872.3052493749474,247.28559897404966
1789785533.7411864,179.66243059999942,-10.169491525423723,125.42372881355931,281653.0,218192.0,2025.2768766426175,266.4837995582391
1789785533.804132,179.72537740000007,-3.3898305084745743,125.42372881355931,281778.0,218203.0,1989.182307666274,190.2696120376436
1789785533.867377,179.7886213999991,3.3898305084745743,125.42372881355931,281889.0,218217.0,1759.318166467339,213.25068684452597
1789785533.9300313,179.85127649999959,10.169491525423723,125.42372881355931,282014.0,218238.0,2027.2100521909806,279.61517961254907
1789785533.9918005,179.9130451000001,16.94915254237287,125.42372881355931,282121.0,218256.0,1816.8212463953344,269.8249375834655
1789785534.0547855,179.97603069999968,23.72881355932202,125.42372881355931,282222.0,218273.0,1591.5072973432937,262.3363676939495
1789785534.1177285,180.03897229999893,30.50847457627117,125.42372881355931,282273.0,218290.0,700.378204247493,245.13237148662256
1789785534.1789327,180.10017770000013,37.28813559322032,125.42372881355931,282320.0,218317.0,815.5379922758284,471.1997288704786
1789785534.2397375,180.16098149999925,44.06779661016947,125.42372881355931,282440.0,218342.0,2009.646302247846,358.8654111156868
1789785534.3014479,180.22269310000047,50.847457627118644,125.42372881355931,282533.0,218374.0,1393.5837972640174,500.26085029990367
1789785534.3613968,180.28264110000055,57.627118644067764,125.42372881355931,282607.0,218406.0,1129.034020344779,455.2556533648303
1789785534.4234304,180.34467509999922,64.40677966101691,125.42372881355931,282699.0,218442.0,1538.592135164199,565.9189462672915
1789785534.484821,180.40606490000027,71.18644067796606,125.42372881355931,282791.0,218496.0,1545.8971534164093,888.4466398944882
1789785534.5482757,180.46951909999916,77.96610169491527,125.42372881355931,282856.0,218546.0,990.3673741660702,747.1192471779126
1789785534.6103082,180.5315516999999,84.74576271186442,125.42372881355931,282898.0,218596.0,702.5530778822523,825.4998665116465
1789785534.672296,180.59354080000048,91.52542372881356,125.42372881355931,282967.0,218661.0,1113.6802358878315,1096.00277182612
1789785534.7323515,180.65359609999905,98.30508474576271,125.42372881355931,282997.0,218713.0,454.99879880677025,855.3977417567281
1789785534.794043,180.71528799999942,105.08474576271186,125.42372881355931,283037.0,218774.0,618.574556784701,1042.7399671513533
1789785534.8551407,180.7763845999998,111.86440677966101,125.42372881355931,283076.0,218838.0,642.8640306910477,1053.5827169658837
1789785534.9167972,180.8380417999997,118.64406779661016,125.42372881355931,283114.0,218904.0,605.4713238008995,1086.286786819261
1789785534.97789,180.8991335999999,125.42372881355931,125.42372881355931,283146.0,218977.0,517.963510361519,1214.5351277442514
1789785535.0405247,180.96176960000048,132.20338983050846,125.42372881355931,283177.0,219067.0,463.0701551190437,1424.8312465201345
1789785535.1016996,181.0229431000007,138.9830508474576,125.42372881355931,283201.0,219137.0,375.23318062432054,1161.436035265754
1789785535.1633594,181.08460399999967,145.76271186440675,125.42372881355931,283214.0,219206.0,231.1920797125342,1067.040367904004
1789785535.223666,181.14491029999954,152.5423728813559,125.42372881355931,283235.0,219282.0,361.96081412292904,1284.9608901363981
1789785535.2847,181.2059444000006,159.32203389830505,125.42372881355931,283252.0,219360.0,268.4304335722178,1324.256805622941
1789785535.345149,181.2663933999993,166.1016949152542,125.42372881355931,283267.0,219457.0,271.04237477028994,1590.1152653190345
1789785535.4074678,181.32871270000032,172.88135593220335,125.42372881355931,283282.0,219545.0,263.54905701946154,1317.7452850973077
1789785535.4688938,181.39013709999927,179.66101694915255,125.42372881355931,283304.0,219647.0,355.19625481080664,1651.6625848702508
1789785535.5310135,181.45225799999935,186.4406779661017,125.42372881355931,283328.0,219737.0,370.27241470104207,1498.721678551837
1789785535.5926836,181.51392660000056,193.22033898305085,125.42372881355931,283355.0,219833.0,459.12871496440016,1483.3389252696004
1789785535.656765,181.5780092999994,200.0,125.42372881355931,283369.0,219940.0,205.93222083885934,1698.9408219205895
1789785535.7177613,181.63900509999985,-200.0,132.20338983050846,283390.0,220021.0,375.5821523371293,1269.825372187437
1789785535.7804878,181.7017321000003,-193.22033898305085,132.20338983050846,283407.0,220113.0,298.71727288096207,1581.4443858403874
1789785535.8408518,181.76209600000038,-186.4406779661017,132.20338983050846,283426.0,220190.0,344.36010641526616,1323.0677772797067
1789785535.901183,181.82242740000038,-179.66101694915255,132.20338983050846,283457.0,220280.0,525.7537768272698,1432.2258058398038
1789785535.9623015,181.8835450000006,-172.8813559322034,132.20338983050846,283497.0,220350.0,697.1693138200138,1072.5681751077136
1789785536.0247493,181.94599159999962,-166.10169491525426,132.20338983050846,283530.0,220446.0,529.7161957078752,1465.5481414584547
1789785536.0870667,182.00830999999926,-159.32203389830508,132.20338983050846,283559.0,220525.0,456.0651401386635,1280.4905857739398
1789785536.1477737,182.06901789999938,-152.54237288135593,132.20338983050846,283600.0,220603.0,652.0782276666333,1322.2697394351176
1789785536.20772,182.12896460000047,-145.76271186440678,132.20338983050846,283652.0,220665.0,825.8259636009757,1101.1012848013008
1789785536.269118,182.19036229999983,-138.98305084745763,132.20338983050846,283687.0,220745.0,568.6250468660853,1297.175888163257
1789785536.329851,182.25109539999903,-132.20338983050848,132.20338983050846,283738.0,220809.0,826.9083156469397,988.6947252300367
1789785536.393556,182.3148003999995,-125.42372881355932,132.20338983050846,283806.0,220880.0,1112.4907591358808,1076.6039604540783
1789785536.4535837,182.37482799999998,-118.64406779661017,132.20338983050846,283859.0,220946.0,873.7090039220737,1128.5407967326787
1789785536.5159547,182.43719919999967,-111.86440677966102,132.20338983050846,283941.0,220980.0,1285.1888322554614,506.8350324387735
1789785536.5783694,182.49961389999953,-105.08474576271186,132.20338983050846,284018.0,221044.0,1204.409184919102,1029.8571291337248
1789785536.63872,182.5599643000005,-98.30508474576271,132.20338983050846,284075.0,221078.0,971.3114904356895,568.1255887454033
1789785536.700117,182.62136139999893,-91.52542372881356,132.20338983050846,284151.0,221115.0,1279.5041210671557,639.7520605335778
1789785536.7609932,182.68213239999932,-84.74576271186442,132.20338983050846,284215.0,221148.0,1078.3589533204645,575.1247751042478
1789785536.8226175,182.74386029999914,-77.96610169491527,132.20338983050846,284299.0,221182.0,1366.360211609415,567.8380100194971
1789785536.8839178,182.80516100000023,-71.18644067796612,132.20338983050846,284403.0,221214.0,1724.472035995208,515.5638045758869
1789785536.9452338,182.86647850000008,-64.40677966101697,132.20338983050846,284499.0,221242.0,1557.3507852405767,429.61400972153837
1789785537.0070055,182.92824859999928,-57.62711864406779,132.20338983050846,284596.0,221259.0,1642.8976474502815,247.317925422623
1789785537.0700395,182.99128369999926,-50.847457627118644,132.20338983050846,284711.0,221281.0,1797.7135875567044,314.1635395730163
1789785537.1333897,183.05463149999923,-44.067796610169495,132.20338983050846,284827.0,221294.0,1785.5058131598464,188.85157639190683
1789785537.1964974,183.11774180000066,-37.288135593220346,132.20338983050846,284939.0,221311.0,1713.52037515852,244.78862502264573
1789785537.2573025,183.17854590000024,-30.508474576271198,132.20338983050846,285048.0,221329.0,1814.885293864594,305.4757425316643
1789785537.3189363,183.24018049999904,-23.72881355932205,132.20338983050846,285173.0,221345.0,2117.2003850193405,266.8739981116816
1789785537.380032,183.3012751999995,-16.9491525423729,132.20338983050846,285289.0,221354.0,1942.7395506009516,161.8949625500793
1789785537.4424233,183.36366699999962,-10.169491525423723,132.20338983050846,285401.0,221370.0,1813.0142428709987,266.6197415986763
1789785537.5044305,183.42567360000066,-3.3898305084745743,132.20338983050846,285507.0,221385.0,1724.8890825133933,248.9530634555413
1789785537.5732684,183.4945119999993,3.3898305084745743,132.20338983050846,285606.0,221405.0,1514.4064595956004,320.69783850259773
1789785537.6390839,183.56032819999928,10.169491525423723,132.20338983050846,285720.0,221427.0,1757.2944296936055,331.5649867346425
1789785537.7031384,183.62438199999997,16.94915254237287,132.20338983050846,285817.0,221450.0,1530.706880468436,378.1746410569077
1789785537.765231,183.68647539999984,23.72881355932202,132.20338983050846,285929.0,221475.0,1763.8675264503202,423.32820634807683
1789785537.827929,183.74917219999952,30.50847457627117,132.20338983050846,286037.0,221503.0,1739.6575564436084,430.43073561491343
1789785537.8904324,183.81167669999923,37.28813559322032,132.20338983050846,286132.0,221527.0,1497.6997094297142,370.01992821204703
1789785537.951961,183.8732044999997,44.06779661016947,132.20338983050846,286217.0,221560.0,1367.9102650850953,485.96812049075754
1789785538.0138078,183.93505220000043,50.847457627118644,132.20338983050846,286285.0,221599.0,1117.9231472108575,603.3236032566532
1789785538.076098,183.9973413000007,57.627118644067764,132.20338983050846,286367.0,221642.0,1260.9086356214948,728.1303388800181
1789785538.1408012,184.0620455999997,64.40677966101691,132.20338983050846,286412.0,221673.0,751.1006184544193,512.1140580371041
1789785538.2026327,184.12387560000025,71.18644067796606,132.20338983050846,286486.0,221722.0,1172.441235825423,763.863229401412
1789785538.2638988,184.1851432000003,77.96610169491527,132.20338983050846,286559.0,221775.0,1216.8454355711192,912.6340766783394
1789785538.324334,184.24557619999905,84.74576271186442,132.20338983050846,286616.0,221840.0,904.1346075522617,1084.9615290627141
1789785538.386443,184.3076872999991,91.52542372881356,132.20338983050846,286673.0,221891.0,940.6770034767776,798.6880218199055
1789785538.4484265,184.3696691999994,98.30508474576271,132.20338983050846,286714.0,221946.0,654.2454339831799,901.7977603551938
1789785538.5114205,184.4326643000004,105.08474576271186,132.20338983050846,286753.0,222008.0,594.4253392908886,996.5365982229602
1789785538.5721812,184.49342409999917,111.86440677966101,132.20338983050846,286792.0,222073.0,647.3562689253919,1096.909233456914
1789785538.6348312,184.55607500000042,118.64406779661016,132.20338983050846,286825.0,222150.0,490.9765523686241,1192.3716271809442
1789785538.6960058,184.61724859999958,125.42372881355931,132.20338983050846,286850.0,222243.0,410.8287308611582,1464.6937361136945
1789785538.7582824,184.67952669999977,132.20338983050846,132.20338983050846,286873.0,222315.0,409.5113461365072,1228.5340384095216
1789785538.8190327,184.74027530000058,138.9830508474576,132.20338983050846,286896.0,222390.0,359.38774703450474,1257.8571146207667
1789785538.8818288,184.80307299999913,145.76271186440675,132.20338983050846,286913.0,222476.0,266.36928016634323,1456.152064909343
1789785538.9432354,184.86447790000057,152.5423728813559,132.20338983050846,286930.0,222557.0,284.0873781683864,1278.3932017577388
1789785539.0048382,184.92608219999966,159.32203389830505,132.20338983050846,286949.0,222641.0,250.32989905092649,1376.8144447800958
1789785539.0662103,184.9874536999996,166.1016949152542,132.20338983050846,286963.0,222718.0,213.4593217698174,1262.967653804753
1789785539.12788,185.04912440000044,172.88135593220335,132.20338983050846,286982.0,222792.0,304.27070785380937,1270.7776622129684
1789785539.189657,185.110901,179.66101694915255,132.20338983050846,287002.0,222878.0,335.36434689388636,1376.758897774902
1789785539.250693,185.17193720000068,186.4406779661017,132.20338983050846,287019.0,222957.0,267.9600203713127,1268.3440964242131
1789785539.312594,185.2338366999993,193.22033898305085,132.20338983050846,287037.0,223041.0,282.0362310758119,1339.6720976101064
1789785539.3758535,185.29709739999998,200.0,132.20338983050846,287073.0,223109.0,541.3542237908551,995.3932501960884
1789785539.4368856,185.35812839999926,-200.0,138.9830508474576,287096.0,223202.0,393.2841370662125,1483.7537898407106
1789785539.4992354,185.42047909999928,-193.22033898305085,138.9830508474576,287117.0,223270.0,338.24861985631776,1014.7458595689532
1789785539.5611446,185.48238730000048,-186.4406779661017,138.9830508474576,287144.0,223346.0,422.84192055215266,1286.1441750127976
1789785539.6233766,185.54462000000058,-179.66101694915255,138.9830508474576,287173.0,223433.0,498.33325325485697,1317.0235978878363
1789785539.6843982,185.60564109999905,-172.8813559322034,138.9830508474576,287197.0,223496.0,395.7852469254615,1007.4533558102655
1789785539.7457998,185.66704240000035,-166.10169491525426,138.9830508474576,287233.0,223564.0,644.0613074805273,1198.669655588759
1789785539.8081982,185.72944090000055,-159.32203389830508,138.9830508474576,287279.0,223638.0,702.5246981394848,1229.4182217440984
1789785539.8698418,185.79108520000045,-152.54237288135593,138.9830508474576,287334.0,223705.0,871.9326654465791,1067.6726515672397
1789785539.9316463,185.85288910000054,-145.76271186440678,138.9830508474576,287363.0,223748.0,441.6235494892959,671.2677952237298
1789785539.993252,185.9144957999997,-138.98305084745763,138.9830508474576,287422.0,223808.0,978.5850016546154,978.5850016546154
1789785540.0539901,185.97523309999997,-132.20338983050848,138.9830508474576,287477.0,223871.0,935.0281317444814,1006.9533726479029
1789785540.1143246,186.03556819999903,-125.42372881355932,138.9830508474576,287523.0,223922.0,728.7806406522112,910.975800815264
1789785540.1754208,186.09666350000043,-118.64406779661017,138.9830508474576,287589.0,223973.0,1018.044390302375,839.4401113019583
1789785540.2373893,186.1586325999997,-111.86440677966102,138.9830508474576,287668.0,224022.0,1256.7461602939106,796.5292565243095
1789785540.2991612,186.22040340000058,-105.08474576271186,138.9830508474576,287730.0,224070.0,1007.3768260881473,812.9707719307855
1789785540.360143,186.28138649999892,-98.30508474576271,138.9830508474576,287803.0,224112.0,1208.633612640929,613.336460146143
1789785540.4220212,186.34326279999914,-91.52542372881356,138.9830508474576,287920.0,224163.0,2011.117599197596,776.2208277604757
1789785540.484648,186.40589109999928,-84.74576271186442,138.9830508474576,287997.0,224205.0,1209.3124169578712,622.440214610669
1789785540.5453842,186.46662619999915,-77.96610169491527,138.9830508474576,288089.0,224225.0,1564.2558547176793,287.6792376492284
1789785540.611797,186.53304030000072,-71.18644067796612,138.9830508474576,288174.0,224260.0,1316.3793165024103,569.2451098388801
1789785540.6754284,186.59667160000026,-64.40677966101697,138.9830508474576,288291.0,224288.0,1862.4901322092076,393.0025049615759
1789785540.737929,186.6591716999992,-57.62711864406779,138.9830508474576,288416.0,224312.0,2032.5311021469488,388.8320369324598
1789785540.8025599,186.7238030999997,-50.847457627118644,138.9830508474576,288514.0,224323.0,1512.3143166641128,135.9383655428416
1789785540.8668025,186.78804579999996,-44.067796610169495,138.9830508474576,288626.0,224335.0,1857.2881429251695,144.25538974176072
1789785540.9287899,186.85003340000003,-37.288135593220346,138.9830508474576,288743.0,224350.0,1931.3357469372918,228.248770092589
1789785540.9919116,186.91315430000031,-30.508474576271198,138.9830508474576,288864.0,224369.0,1904.9097284976142,317.48495474960237
1789785541.060008,186.98125119999895,-23.72881355932205,138.9830508474576,288997.0,224391.0,1947.5036036766594,351.18917443349596
1789785541.1210268,187.04226969999945,-16.9491525423729,138.9830508474576,289098.0,224406.0,1613.8460821416463,251.04272388870052
1789785541.1833694,187.10461310000028,-10.169491525423723,138.9830508474576,289231.0,224422.0,2129.3407315248146,263.9678592799357
1789785541.2447581,187.166001399999,-3.3898305084745743,138.9830508474576,289333.0,224439.0,1653.2686721580951,284.4333199411776
1789785541.3065307,187.2277739000001,3.3898305084745743,138.9830508474576,289447.0,224457.0,1800.8156635901416,300.1359439316903
1789785541.3669784,187.28822089999994,10.169491525423723,138.9830508474576,289542.0,224480.0,1572.0997469957942,397.5424647575572
1789785541.4302874,187.35153069999978,16.94915254237287,138.9830508474576,289619.0,224511.0,1285.132750738734,486.26644622546695
1789785541.491356,187.41259890000038,23.72881355932202,138.9830508474576,289727.0,224532.0,1743.5976711742474,377.4799081923628
1789785541.552045,187.47328819999893,30.50847457627117,138.9830508474576,289819.0,224561.0,1492.9024181540415,503.62973142545974
1789785541.6134784,187.53472150000016,37.28813559322032,138.9830508474576,289917.0,224582.0,1614.0303579857198,354.73194681004827
1789785541.6754036,187.5966470000003,44.06779661016947,138.9830508474576,289997.0,224613.0,1239.405297919936,495.7621191679744
1789785541.7357538,187.65699700000005,50.847457627118644,138.9830508474576,290068.0,224653.0,1160.6398027070113,670.9948859399909
1789785541.7968204,187.7180640000006,57.627118644067764,138.9830508474576,290137.0,224704.0,1162.9009548131842,894.5391960101417
1789785541.8568382,187.77808150000055,64.40677966101691,138.9830508474576,290198.0,224760.0,1020.4658062004077,947.5753914718072
1789785541.9182072,187.83945060000042,71.18644067796606,138.9830508474576,290258.0,224797.0,996.1789421858061,622.6118388661288
1789785541.9786296,187.8998730000003,77.96610169491527,138.9830508474576,290307.0,224860.0,813.8948122377698,976.6737746853238
1789785542.039669,187.96091220000017,84.74576271186442,138.9830508474576,290358.0,224928.0,822.1244410487427,1018.7194160821376
1789785542.099973,188.02121609999995,91.52542372881356,138.9830508474576,290411.0,224990.0,905.6904531291052,996.2594984420157
1789785542.1611018,188.08234489999995,98.30508474576271,138.9830508474576,290448.0,225058.0,571.654170668258,1089.7157628363668
1789785542.2221124,188.1433546999997,105.08474576271186,138.9830508474576,290485.0,225134.0,661.7411661918139,1287.712539616503
1789785542.2882304,188.20947290000004,111.86440677966101,138.9830508474576,290524.0,225213.0,588.9292017833114,1249.2437613585394
1789785542.3533373,188.2745802999998,118.64406779661016,138.9830508474576,290548.0,225294.0,385.60325113618956,1240.6365471338272
1789785542.4164116,188.33765459999995,125.42372881355931,138.9830508474576,290580.0,225356.0,450.5933413038558,1027.3528181727913
1789785542.481241,188.40248409999913,132.20338983050846,138.9830508474576,290603.0,225440.0,336.9170072321285,1229.747076397269
1789785542.5424862,188.4637292999996,138.9830508474576,138.9830508474576,290626.0,225506.0,398.1943695293031,1013.5856678927715
1789785542.6075168,188.52875999999924,145.76271186440675,138.9830508474576,290641.0,225614.0,250.46670295869475,1719.8713603163706
1789785542.6689932,188.59023549999984,152.5423728813559,138.9830508474576,290661.0,225720.0,323.07336098800846,1723.0579252693785
1789785542.7327704,188.65401389999897,159.32203389830505,138.9830508474576,290678.0,225817.0,257.3821490049602,1527.134084096097
1789785542.795098,188.71634020000056,166.1016949152542,138.9830508474576,290700.0,225941.0,322.2399255264558,2022.9506435827502
1789785542.8581467,188.7793899999997,172.88135593220335,138.9830508474576,290724.0,226027.0,386.9417705399817,1354.2961968899358
1789785542.9216247,188.84286640000028,179.66101694915255,138.9830508474576,290746.0,226133.0,375.129285635135,1625.5602377522514
1789785542.9835055,188.9047487000007,186.4406779661017,138.9830508474576,290765.0,226231.0,302.7610022382202,1513.8050111911011
1789785543.0457165,188.96695890000046,193.22033898305085,138.9830508474576,290796.0,226300.0,470.145745190813,1175.3643629770324
1789785543.1097791,189.03102260000014,200.0,138.9830508474576,290822.0,226383.0,410.49920124064244,1248.601737106954
1789785543.1714787,189.0927217999997,-200.0,145.76271186440675,290846.0,226471.0,413.53146884214243,1420.3906973273588
1789785543.2325077,189.15375069999936,-193.22033898305085,145.76271186440675,290869.0,226556.0,393.2075188377612,1376.2263159321642
1789785543.293522,189.21476450000046,-186.4406779661017,145.76271186440675,290897.0,226628.0,470.7705790099679,1195.0330082560722
1789785543.3545587,189.27580189999935,-179.66101694915255,145.76271186440675,290921.0,226706.0,393.4930557363782,1305.681503125255
1789785543.4153042,189.3365460999994,-172.8813559322034,145.76271186440675,290959.0,226780.0,575.2095470336078,1240.2955857912168
1789785543.4766667,189.39790989999892,-166.10169491525426,145.76271186440675,291000.0,226842.0,630.2990138428706,1026.4869654012464
1789785543.5387547,189.45999680000023,-159.32203389830508,145.76271186440675,291045.0,226913.0,768.8882769597598,1126.510731359648
1789785543.6020722,189.52331559999948,-152.54237288135593,145.76271186440675,291086.0,226984.0,660.1359532637814,1146.5519188265675
1789785543.6634798,189.58472260000053,-145.76271186440678,145.76271186440675,291144.0,227043.0,929.9430946511679,965.7101367531359
1789785543.7254987,189.646741999999,-138.98305084745763,145.76271186440675,291209.0,227088.0,1039.3984877703754,651.8261702966761
1789785543.787957,189.70919850000064,-132.20338983050848,145.76271186440675,291272.0,227133.0,1060.3929109220371,759.94825282746
1789785543.8526762,189.7739187999996,-125.42372881355932,145.76271186440675,291331.0,227198.0,950.2735430195605,967.242713430624
1789785543.9154685,189.83671080000022,-118.64406779661017,145.76271186440675,291393.0,227245.0,982.0495373790004,701.4639552707146
1789785543.9791193,189.90036250000048,-111.86440677966102,145.76271186440675,291465.0,227285.0,1081.7642028897224,618.1509730798414
1789785544.041308,189.96254959999897,-105.08474576271186,145.76271186440675,291559.0,227316.0,1598.473990185012,515.0638412818372
1789785544.1046283,190.02587139999923,-98.30508474576271,145.76271186440675,291632.0,227341.0,1198.0664249731483,399.35547499104945
1789785544.1660488,190.0872904000007,-91.52542372881356,145.76271186440675,291714.0,227375.0,1420.3385376866077,585.8896467957256
1789785544.2303905,190.15163380000013,-84.74576271186442,145.76271186440675,291802.0,227405.0,1348.599249201463,477.98454402077164
1789785544.2918282,190.21307010000055,-77.96610169491527,145.76271186440675,291929.0,227432.0,2102.1841153989644,449.1846400425138
1789785544.3550417,190.27628499999992,-71.18644067796612,145.76271186440675,292035.0,227451.0,1713.4104656248603,311.5291755681564
1789785544.416301,190.33754299999964,-64.40677966101697,145.76271186440675,292145.0,227476.0,1820.797795021041,410.5720518184701
1789785544.4788916,190.4001344999997,-57.62711864406779,145.76271186440675,292255.0,227501.0,1806.671933174415,336.5369287285675
1789785544.5407317,190.46197340000072,-50.847457627118644,145.76271186440675,292359.0,227511.0,1720.4794402509565,179.21660835947463
1789785544.6039062,190.5251490999999,-44.067796610169495,145.76271186440675,292460.0,227522.0,1629.9775659102354,140.21312394926755
1789785544.6662,190.5874416000006,-37.288135593220346,145.76271186440675,292562.0,227533.0,1528.6986508294824,177.75565707319564
1789785544.7285547,190.6497976999999,-30.508474576271198,145.76271186440675,292680.0,227551.0,1913.0962848670245,280.8214730080036
1789785544.7902515,190.71149440000045,-23.72881355932205,145.76271186440675,292770.0,227562.0,1484.7942755083384,178.8908765672697
1789785544.8520172,190.7732601000007,-16.9491525423729,145.76271186440675,292850.0,227581.0,1393.7896965496766,299.9294283714494
1789785544.9137592,190.83500060000006,-10.169491525423723,145.76271186440675,292961.0,227598.0,1703.0425920375512,266.1004050058674
1789785544.9764364,190.89767949999987,-3.3898305084745743,145.76271186440675,293091.0,227613.0,2084.930896861665,265.03358858411
1789785545.037814,190.9590549000004,3.3898305084745743,145.76271186440675,293189.0,227630.0,1618.5546839855285,266.79472812948273
1789785545.1005309,191.02177389999997,10.169491525423723,145.76271186440675,293308.0,227647.0,1944.8339023500064,282.88493125091003
1789785545.1623096,191.08355139999912,16.94915254237287,145.76271186440675,293408.0,227674.0,1606.587361281556,459.0249603661589
1789785545.2239397,191.14518259999932,23.72881355932202,145.76271186440675,293508.0,227695.0,1538.0185671003514,286.14298922797235
1789785545.2842488,191.20549149999897,30.50847457627117,145.76271186440675,293596.0,227717.0,1484.901987435586,380.27977727008914
1789785545.3460643,191.26730709999902,37.28813559322032,145.76271186440675,293680.0,227757.0,1376.3653367615989,617.5998305981533
1789785545.4070742,191.32831590000023,44.06779661016947,145.76271186440675,293759.0,227794.0,1359.0941280109373,572.2501591624999
1789785545.4697802,191.39102269999967,50.847457627118644,145.76271186440675,293835.0,227835.0,1220.1138419096376,618.898325606338
1789785545.53117,191.45241119999991,57.627118644067764,145.76271186440675,293903.0,227888.0,1119.5800330852148,870.7844701773894
1789785545.5922303,191.51347290000012,64.40677966101691,145.76271186440675,293953.0,227934.0,791.0581661560299,737.1223820999369
1789785545.6535835,191.5748251999994,71.18644067796606,145.76271186440675,294020.0,227983.0,1156.1413338502232,764.8319593163014
1789785545.715264,191.6365067000006,77.96610169491527,145.76271186440675,294076.0,228036.0,842.1173338199422,860.0347239012176
1789785545.7762935,191.69753610000043,84.74576271186442,145.76271186440675,294122.0,228104.0,751.5756246173715,1163.1527523840275
1789785545.836693,191.7579353000001,91.52542372881356,145.76271186440675,294164.0,228174.0,650.9569066444474,1193.4209955148203
1789785545.8978074,191.81904889999896,98.30508474576271,145.76271186440675,294204.0,228254.0,643.031680014,1339.6493333625
1789785545.9614897,191.88273209999898,105.08474576271186,145.76271186440675,294236.0,228326.0,497.38615003433836,1046.2260397274015
1789785546.0232384,191.94447969999965,111.86440677966101,145.76271186440675,294262.0,228403.0,459.4776093124967,1307.7439649663368
1789785546.0859382,192.00717989999976,118.64406779661016,145.76271186440675,294285.0,228473.0,296.8504170763125,1152.4780898256838
1789785546.1487272,192.06996869999966,125.42372881355931,145.76271186440675,294311.0,228557.0,436.07566784009066,1360.556083661083
1789785546.2140572,192.13529930000004,132.20338983050846,145.76271186440675,294336.0,228662.0,376.6478342666639,1614.205003999988
1789785546.2801015,192.20134460000008,138.9830508474576,145.76271186440675,294359.0,228756.0,352.70347210807233,1360.4276781311362
1789785546.3456354,192.26687700000002,145.76271186440675,145.76271186440675,294381.0,228847.0,317.71583495044405,1376.768618118591
1789785546.4070096,192.32825219999904,152.5423728813559,145.76271186440675,294396.0,228933.0,232.51072231849386,1377.1788937326176
1789785546.4690552,192.39029689999916,159.32203389830505,145.76271186440675,294418.0,229004.0,397.84728451213806,1139.2899511029407
1789785546.5309436,192.45218639999985,166.1016949152542,145.76271186440675,294430.0,229074.0,212.72522283017295,1152.261623663437
1789785546.5949059,192.51614729999892,172.88135593220335,145.76271186440675,294445.0,229124.0,229.30641863949728,793.7529875982598
1789785546.6565504,192.57779239999945,179.66101694915255,145.76271186440675,294469.0,229189.0,414.48984409862067,955.128771183778
1789785546.7175431,192.63878529999965,186.4406779661017,145.76271186440675,294484.0,229248.0,252.15411659907036,972.5944497392715
1789785546.7792819,192.70052410000062,193.22033898305085,145.76271186440675,294510.0,229342.0,459.41752926270374,1590.2914474478205
1789785546.8397102,192.76095179999902,200.0,145.76271186440675,294529.0,229396.0,271.0653954327207,813.1961862981622
1789785546.900394,192.8216365999997,-200.0,152.5423728813559,294557.0,229475.0,506.7231301013174,1339.196843839196
1789785546.9624028,192.8836451999996,-193.22033898305085,152.5423728813559,294579.0,229553.0,333.77778479765936,1194.5731245389916
1789785547.0256162,192.94685819999904,-186.4406779661017,152.5423728813559,294617.0,229636.0,552.3660253405902,1294.6078718920082
1789785547.0869102,193.00815169999987,-179.66101694915255,152.5423728813559,294645.0,229697.0,464.65245782907596,1000.7899091703174
1789785547.1485183,193.06976079999913,-172.8813559322034,152.5423728813559,294680.0,229771.0,630.6692662256652,1243.3194105591685
1789785547.2086563,193.12989860000016,-166.10169491525426,152.5423728813559,294724.0,229835.0,727.3613331051315,1000.1218330195558
1789785547.2696588,193.1909013000004,-159.32203389830508,152.5423728813559,294770.0,229892.0,785.8826891466875,910.9094806018423
1789785547.3311052,193.2523473000001,-152.54237288135593,152.5423728813559,294824.0,229955.0,922.2130986322637,1010.8874350392122
1789785547.3927202,193.31396230000064,-145.76271186440678,152.5423728813559,294863.0,229996.0,587.1029493951359,604.8939478616551
1789785547.4527402,193.37398249999933,-138.98305084745763,152.5423728813559,294934.0,230057.0,1128.5264175147734,1001.112144569557
1789785547.512743,193.4339848999989,-132.20338983050848,152.5423728813559,294986.0,230116.0,856.2610904071962,983.7893379146509
1789785547.5731394,193.49438120000013,-125.42372881355932,152.5423728813559,295064.0,230155.0,1284.303102750392,651.195939422734
1789785547.633791,193.55503300000055,-118.64406779661017,152.5423728813559,295148.0,230192.0,1332.4906230409235,666.2453115204618
1789785547.6952355,193.61647749999975,-111.86440677966102,152.5423728813559,295232.0,230227.0,1297.0030346127542,533.0149457312689
1789785547.7568977,193.67813980000028,-105.08474576271186,152.5423728813559,295336.0,230260.0,1702.6387238607317,530.9303547522712
1789785547.8189845,193.74022689999947,-98.30508474576271,152.5423728813559,295428.0,230291.0,1562.7880841805752,421.4260002284697
1789785547.8816745,193.80291639999996,-91.52542372881356,152.5423728813559,295534.0,230320.0,1721.5041234746711,398.6641128046607
1789785547.944059,193.86530110000058,-84.74576271186442,152.5423728813559,295630.0,230340.0,1572.8903607917925,314.5780721583585
1789785548.005162,193.92640290000054,-77.96610169491527,152.5423728813559,295727.0,230364.0,1644.663335636819,375.4122831344913
1789785548.0699108,193.99115299999903,-71.18644067796612,152.5423728813559,295838.0,230387.0,1797.5668407039211,356.12173259228626
1789785548.1315634,194.05280560000028,-64.40677966101697,152.5423728813559,295962.0,230413.0,2021.3041883599328,429.30354443042825
1789785548.193959,194.11520109999947,-57.62711864406779,152.5423728813559,296068.0,230439.0,1751.350662820133,389.1890361822518
1789785548.2553763,194.1766177999998,-50.847457627118644,152.5423728813559,296170.0,230459.0,1718.203832684898,322.1632186284184
1789785548.3174386,194.2386809999989,-44.067796610169495,152.5423728813559,296279.0,230470.0,1742.894592170707,177.84638695619458
1789785548.3788354,194.30007639999894,-37.288135593220346,152.5423728813559,296396.0,230480.0,1863.5127748046425,124.23418498697616
1789785548.440509,194.36175120000007,-30.508474576271198,152.5423728813559,296517.0,230499.0,1980.15524413581,306.0239922755343
1789785548.5018973,194.42313839999952,-23.72881355932205,152.5423728813559,296642.0,230513.0,1832.1892527431057,213.45894206715795
1789785548.5642767,194.48551899999984,-16.9491525423729,152.5423728813559,296756.0,230532.0,1774.5137656623558,298.68053481445594
1789785548.6253407,194.5465817000004,-10.169491525423723,152.5423728813559,296862.0,230550.0,1715.9802447897061,303.8715016815105
1789785548.6870232,194.60826520000046,-3.3898305084745743,152.5423728813559,296964.0,230568.0,1709.4991167225558,320.53108438547923
1789785548.7476816,194.66892329999973,3.3898305084745743,152.5423728813559,297062.0,230584.0,1674.5201059699104,288.08948059697383
1789785548.8088446,194.73008669999945,10.169491525423723,152.5423728813559,297155.0,230604.0,1517.1419188202765,356.97456913418273
1789785548.8735757,194.7948164999998,16.94915254237287,152.5423728813559,297255.0,230627.0,1483.7128014920725,362.30196315504094
1789785548.9352229,194.85646439999982,23.72881355932202,152.5423728813559,297354.0,230661.0,1583.841259949567,533.8790763874945
1789785548.9970746,194.91831559999991,30.50847457627117,152.5423728813559,297444.0,230686.0,1482.2474400400356,405.8534657252479
1789785549.0593872,194.98062899999968,37.28813559322032,152.5423728813559,297535.0,230713.0,1387.897886306601,462.632628768867
1789785549.1201873,195.04142779999893,44.06779661016947,152.5423728813559,297596.0,230747.0,951.6832223657733,538.6886164334566
1789785549.1824546,195.1036963000006,50.847457627118644,152.5423728813559,297680.0,230801.0,1358.6130705465737,858.0714129767833
1789785549.242828,195.16406970000025,57.627118644067764,152.5423728813559,297749.0,230851.0,1158.245258440921,832.4887795044119
1789785549.3038225,195.2250641999999,64.40677966101691,152.5423728813559,297784.0,230895.0,592.4627960452378,754.04355860303
1789785549.3707871,195.29202889999942,71.18644067796606,152.5423728813559,297843.0,230955.0,856.8301487882029,937.6631816927503
1789785549.4350362,195.35627679999925,77.96610169491527,152.5423728813559,297912.0,231021.0,1019.1219459753601,1090.6392755174907
1789785549.4967268,195.41796869999962,84.74576271186442,152.5423728813559,297955.0,231093.0,658.1451690289995,1191.7763871606207
1789785549.559519,195.48075980000067,91.52542372881356,152.5423728813559,297985.0,231171.0,497.3021359124677,1296.5377114860764
1789785549.6218379,195.54307979999976,98.30508474576271,152.5423728813559,298018.0,231235.0,457.6232106461804,1038.4526703124861
1789785549.684702,195.6059433999999,105.08474576271186,152.5423728813559,298050.0,231308.0,496.6740576486418,1188.4700665163928
1789785549.7470222,195.6682639999999,111.86440677966101,152.5423728813559,298078.0,231378.0,439.11726890974194,1053.8814453833807
1789785549.8073525,195.72859439999957,118.64406779661016,152.5423728813559,298097.0,231466.0,330.0674987959348,1430.2924947823842
1789785549.868352,195.7895938999991,125.42372881355931,152.5423728813559,298118.0,231566.0,357.9187739125393,1592.7385439107998
1789785549.9294994,195.85073960000045,132.20338983050846,152.5423728813559,298134.0,231644.0,232.19758943167906,1286.0174183908377
1789785549.9935372,195.91477940000004,138.9830508474576,152.5423728813559,298155.0,231727.0,362.39261961936967,1242.4889815521246
1789785550.0565991,195.97783940000045,145.76271186440675,152.5423728813559,298175.0,231816.0,316.03065497062437,1387.0234301488515
1789785550.1186483,196.03989019999972,152.5423728813559,152.5423728813559,298197.0,231933.0,318.1645440947442,1944.3388805789923
1789785550.1797574,196.10099769999943,159.32203389830505,152.5423728813559,298206.0,232002.0,142.86658225733294,1125.0743352764969
1789785550.240769,196.1620108999996,166.1016949152542,152.5423728813559,298221.0,232081.0,234.9267389971648,1301.1327082919897
1789785550.302151,196.22339180000017,172.88135593220335,152.5423728813559,298243.0,232163.0,357.02873546700846,1374.5606315479827
1789785550.3648458,196.28608779999922,179.66101694915255,152.5423728813559,298261.0,232252.0,314.141608055673,1431.089547809177
1789785550.4255571,196.34679789999973,186.4406779661017,152.5423728813559,298285.0,232330.0,395.4096533875893,1365.9606207934903
1789785550.4890113,196.41025219999938,193.22033898305085,152.5423728813559,298320.0,232416.0,520.8251954426364,1354.1455081508548
1789785550.5507917,196.4720314999995,200.0,152.5423728813559,298348.0,232485.0,478.6750275148974,1081.4509880892126
1789785550.6146967,196.53593829999954,-200.0,159.32203389830505,298384.0,232564.0,566.6413108923317,1150.4535705995827
1789785550.6761355,196.59737630000018,-193.22033898305085,159.32203389830505,298419.0,232634.0,497.49741034026613,1083.8336439555796
1789785550.7387667,196.6600084999991,-186.4406779661017,159.32203389830505,298453.0,232700.0,471.8934988679615,996.2196087212521
1789785550.8002074,196.72144909999952,-179.66101694915255,159.32203389830505,298495.0,232748.0,661.3863014581625,768.6381341270537
1789785550.8616202,196.7828558000001,-172.8813559322034,159.32203389830505,298551.0,232799.0,959.7508913267754,870.8850680557777
1789785550.922972,196.84421239999938,-166.10169491525426,159.32203389830505,298585.0,232842.0,553.7355716017926,678.772636157036
1789785550.985707,196.90694859999894,-159.32203389830508,159.32203389830505,298647.0,232897.0,1042.7897276364286,866.0457060031355
1789785551.0478005,196.96904109999923,-152.54237288135593,159.32203389830505,298704.0,232954.0,923.0676377807174,976.3215399603741
1789785551.11179,197.03303120000055,-145.76271186440678,159.32203389830505,298777.0,233007.0,1110.2058663543726,802.7642418254694
1789785551.1732824,197.09452280000005,-138.98305084745763,159.32203389830505,298848.0,233046.0,1081.8844653815784,620.7533817763155
1789785551.235929,197.15717079999922,-132.20338983050848,159.32203389830505,298912.0,233106.0,1014.0851084191996,1014.0851084191996
1789785551.296904,197.21814579999955,-125.42372881355932,159.32203389830505,298983.0,233143.0,1145.0572886531986,554.637124191393
1789785551.358657,197.2798984000001,-118.64406779661017,159.32203389830505,299060.0,233185.0,1166.355932936208,706.882383597702
1789785551.4200695,197.34130949999962,-111.86440677966102,159.32203389830505,299152.0,233213.0,1528.962279103131,480.0230411137737
1789785551.483096,197.4043371000007,-105.08474576271186,159.32203389830505,299217.0,233242.0,1038.1475225186289,457.48873873702286
1789785551.5444987,197.46573870000066,-98.30508474576271,159.32203389830505,299298.0,233269.0,1314.8940177539384,461.989790021654
1789785551.6072383,197.52847920000022,-91.52542372881356,159.32203389830505,299387.0,233290.0,1457.764351534624,368.83194436418194
1789785551.6686172,197.5898572999995,-84.74576271186442,159.32203389830505,299499.0,233316.0,1846.4958302947637,443.8691899747028
1789785551.73099,197.65223109999897,-77.96610169491527,159.32203389830505,299615.0,233333.0,1849.8952319126984,266.8118122951007
1789785551.791017,197.71225839999897,-71.18644067796612,159.32203389830505,299727.0,233352.0,1784.1408087362875,273.0827768473909
1789785551.8524194,197.77366040000015,-64.40677966101697,159.32203389830505,299844.0,233371.0,1937.3610298657052,337.7051336463156
1789785551.9134266,197.8346679999995,-57.62711864406779,159.32203389830505,299934.0,233383.0,1501.0507355062532,214.43581935803616
1789785551.974765,197.8960060999998,-50.847457627118644,159.32203389830505,300037.0,233396.0,1671.31612589377,213.35950543324722
1789785552.0362616,197.9575015999999,-44.067796610169495,159.32203389830505,300151.0,233413.0,1879.9992905327715,283.7734778162674
1789785552.0985394,198.01978039999995,-37.288135593220346,159.32203389830505,300253.0,233429.0,1720.1958156313008,286.6993026052168
1789785552.1601198,198.0813605000003,-30.508474576271198,159.32203389830505,300350.0,233444.0,1576.5159352058154,247.99127070653276
1789785552.2233438,198.1445848000003,-23.72881355932205,159.32203389830505,300454.0,233457.0,1554.3611921117931,224.51883886059235
1789785552.2847278,198.20596850000038,-16.9491525423729,159.32203389830505,300498.0,233468.0,622.2941317745835,177.79832336416672
1789785552.3464675,198.26770840000063,-10.169491525423723,159.32203389830505,300568.0,233480.0,1080.7480938022738,198.1371505304169
1789785552.4072163,198.32845619999898,-3.3898305084745743,159.32203389830505,300643.0,233497.0,1210.8944353169445,289.1688203741957
1789785552.4691856,198.39042580000023,3.3898305084745743,159.32203389830505,300739.0,233521.0,1608.2600235102761,428.86933960274035
1789785552.5312738,198.4525135999993,10.169491525423723,159.32203389830505,300816.0,233540.0,1280.5190370763355,302.34477264302365
1789785552.59668,198.51792129999922,16.94915254237287,159.32203389830505,300907.0,233569.0,1510.7169899566024,436.83382842118624
1789785552.6570644,198.57830579999973,23.72881355932202,159.32203389830505,300987.0,233616.0,1411.0470511682645,687.4331787742827
1789785552.7190907,198.64033100000051,30.50847457627117,159.32203389830505,301055.0,233648.0,1013.2792917593646,515.5280607196767
1789785552.7798097,198.70105089999925,37.28813559322032,159.32203389830505,301102.0,233674.0,736.9607379736701,395.44234720538395
1789785552.8404894,198.76173059999928,44.06779661016947,159.32203389830505,301156.0,233708.0,814.7731038131816,579.3942071560402
1789785552.9020987,198.82334009999977,50.847457627118644,159.32203389830505,301208.0,233755.0,850.418476761995,761.8332187659538
1789785552.9625516,198.8837927000004,57.627118644067764,159.32203389830505,301265.0,233792.0,941.3655956150393,669.8178276491626
1789785553.0232377,198.94447880000007,64.40677966101691,159.32203389830505,301314.0,233847.0,809.4471476083215,881.3980051735057
1789785553.0847118,199.00594850000016,71.18644067796606,159.32203389830505,301367.0,233905.0,875.2094251073734,1000.2393429798552
1789785553.146372,199.06761349999942,77.96610169491527,159.32203389830505,301401.0,233983.0,586.3539445556347,1297.0859985624645
1789785553.2074082,199.12864880000052,84.74576271186442,159.32203389830505,301443.0,234052.0,633.2537845995781,1176.042742827788
1789785553.2690625,199.19030360000033,91.52542372881356,159.32203389830505,301474.0,234118.0,516.0564743860712,1103.2931521357384
1789785553.3293133,199.25055369999973,98.30508474576271,159.32203389830505,301512.0,234198.0,653.5449366685747,1325.243899355721
1789785553.3918614,199.31310289999965,105.08474576271186,159.32203389830505,301535.0,234270.0,371.42372017491965,1167.3316919783188
1789785553.452519,199.3737602000001,111.86440677966101,159.32203389830505,301552.0,234337.0,269.8739688531514,1133.4706691832357
1789785553.513933,199.43517409999913,118.64406779661016,159.32203389830505,301576.0,234417.0,373.3731598075363,1333.475570741201
1789785553.5750053,199.4962457999991,125.42372881355931,159.32203389830505,301593.0,234489.0,303.7824488852744,1232.9993513578784
1789785553.6360407,199.55728140000065,132.20338983050846,159.32203389830505,301610.0,234596.0,305.6498475326596,1726.0226684197246
1789785553.6980984,199.6193387000003,138.9830508474576,159.32203389830505,301625.0,234658.0,265.2083742148101,1060.8334968592403
1789785553.759821,199.68106210000042,145.76271186440675,159.32203389830505,301640.0,234720.0,231.0092616898031,1012.8867627937522
1789785553.8216574,199.74289700000008,152.5423728813559,159.32203389830505,301654.0,234801.0,228.93289096302806,1285.5462338693114
1789785553.8838816,199.80512249999992,159.32203389830505,159.32203389830505,301675.0,234884.0,320.5413587379647,1389.0125545311803
1789785553.9453304,199.86657039999955,166.1016949152542,159.32203389830505,301697.0,234952.0,354.85908545777465,1135.5490734648788
1789785554.0073345,199.9285749999999,172.88135593220335,159.32203389830505,301722.0,235041.0,429.89412066046367,1432.9804022015455
1789785554.0673668,199.9886065999999,179.66101694915255,159.32203389830505,301752.0,235103.0,491.65730393698374,983.3146078739675
1789785554.1290536,200.0502947999994,186.4406779661017,159.32203389830505,301783.0,235183.0,518.9125739594057,1288.3346663819727
1789785554.190475,200.11171529999956,193.22033898305085,159.32203389830505,301809.0,235251.0,373.01701491099095,1083.5256147414498
1789785554.2511396,200.17238069999985,200.0,159.32203389830505,301844.0,235319.0,634.6029017679199,1142.2852231822558
1789785554.3118854,200.23312540000006,-200.0,166.1016949152542,301877.0,235386.0,558.0467643135672,1098.0920201008903
1789785554.3742342,200.29547479999928,-193.22033898305085,166.1016949152542,301919.0,235455.0,654.6888104878524,1114.7404070468838
1789785554.434983,200.35622270000022,-186.4406779661017,166.1016949152542,301962.0,235515.0,736.8057851661802,1024.3397501090797
1789785554.4966776,200.41791849999936,-179.66101694915255,166.1016949152542,302002.0,235584.0,626.8312426932335,1110.386772770871
1789785554.5587358,200.47997530000066,-172.8813559322034,166.1016949152542,302054.0,235640.0,859.5963405746079,929.7674704174331
1789785554.622179,200.5434198999992,-166.10169491525426,166.1016949152542,302093.0,235698.0,645.4978271074043,924.6320226133088
1789785554.6839116,200.60515139999916,-159.32203389830508,166.1016949152542,302147.0,235757.0,863.8197049513607,969.5935463739763
1789785554.7462397,200.66748069999994,-152.54237288135593,166.1016949152542,302203.0,235824.0,959.496797226225,1048.3390932656903
1789785554.8073385,200.72857719999956,-145.76271186440678,166.1016949152542,302270.0,235863.0,1088.8054732765208,642.5737219336844
1789785554.8687196,200.78996019999977,-138.98305084745763,166.1016949152542,302332.0,235911.0,1052.490746109813,802.7471792362982
1789785554.930403,200.85164239999904,-132.20338983050848,166.1016949152542,302409.0,235944.0,1242.7719495442254,568.1243197916459
1789785554.993743,200.91498339999998,-125.42372881355932,166.1016949152542,302484.0,235982.0,1277.7758780871736,629.8895173669166
1789785555.0571377,200.97837830000026,-118.64406779661017,166.1016949152542,302555.0,236024.0,1156.424542413522,673.1426440914531
1789785555.1191945,201.0404352000005,-111.86440677966102,166.1016949152542,302632.0,236051.0,1240.9609292400642,443.20033187145145
1789785555.180253,201.10149379999893,-105.08474576271186,166.1016949152542,302724.0,236079.0,1555.660458305653,464.91002202237905
1789785555.2422512,201.1634916999992,-98.30508474576271,166.1016949152542,302821.0,236104.0,1620.3924590296326,396.09593442946573
1789785555.3050606,201.2263014,-91.52542372881356,166.1016949152542,302924.0,236125.0,1680.8703095926594,363.8997577468644
1789785555.3667703,201.2880100000002,-84.74576271186442,166.1016949152542,303019.0,236140.0,1466.5191902125418,265.03358859262806
1789785555.4290857,201.3503266000007,-77.96610169491527,166.1016949152542,303138.0,236162.0,1898.5806351620806,369.16845683707123
1789785555.4898598,201.41109999999935,-71.18644067796612,166.1016949152542,303233.0,236177.0,1617.2971729944093,233.609591654748
1789785555.5518942,201.47313509999913,-64.40677966101697,166.1016949152542,303324.0,236196.0,1423.6851378021734,338.1252202280162
1789785555.613343,201.5345825000004,-57.62711864406779,166.1016949152542,303409.0,236211.0,1368.1567730066724,213.2192373516892
1789785555.6772869,201.59852730000057,-50.847457627118644,166.1016949152542,303516.0,236229.0,1648.5101589582387,274.75169315970646
1789785555.7380123,201.65925199999947,-44.067796610169495,166.1016949152542,303635.0,236246.0,1962.1149799282093,288.01687778762704
1789785555.799726,201.7209669999993,-37.288135593220346,166.1016949152542,303742.0,236258.0,1725.014849358073,160.0529241672439
1789785555.8604796,201.78171909999946,-30.508474576271198,166.1016949152542,303830.0,236275.0,1404.3755300355492,252.06740282689344
1789785555.9224734,201.8437142999992,-23.72881355932205,166.1016949152542,303916.0,236296.0,1460.0827617608857,356.1177467709477
1789785555.9839501,201.90518949999932,-16.9491525423729,166.1016949152542,304014.0,236318.0,1438.5678257986426,355.20193229596117
1789785556.0448902,201.9661302000004,-10.169491525423723,166.1016949152542,304111.0,236336.0,1621.0929408615448,306.20644438495844
1789785556.1056046,202.02684399999998,-3.3898305084745743,166.1016949152542,304212.0,236358.0,1618.847704240416,377.7311309894304
1789785556.1667452,202.0879858999997,3.3898305084745743,166.1016949152542,304290.0,236381.0,1221.3915961298314,377.19446351068325
1789785556.227379,202.14861819999896,10.169491525423723,166.1016949152542,304367.0,236406.0,1329.815910360265,395.35067605305176
1789785556.2900753,202.21131579999928,16.94915254237287,166.1016949152542,304441.0,236438.0,1166.3085274804175,512.4688984383653
1789785556.3512232,202.27246249999916,23.72881355932202,166.1016949152542,304498.0,236482.0,981.2649754417345,749.3296176100517
1789785556.414598,202.33583809999982,30.50847457627117,166.1016949152542,304572.0,236519.0,1179.075570048073,589.5377850240365
1789785556.4762554,202.3974947000006,37.28813559322032,166.1016949152542,304645.0,236558.0,1201.5131998877562,653.7645352330437
1789785556.5375996,202.45883970000068,44.06779661016947,166.1016949152542,304698.0,236598.0,859.6096297890921,626.7986883878797
1789785556.5986843,202.51992439999958,50.847457627118644,166.1016949152542,304749.0,236648.0,822.7611506335181,822.7611506335181
1789785556.6599755,202.58121589999973,57.627118644067764,166.1016949152542,304774.0,236678.0,412.10366378163224,465.8563155792365
1789785556.7214644,202.64270430000033,64.40677966101691,166.1016949152542,304824.0,236743.0,834.557054390081,1047.6354512556336
1789785556.7831075,202.704348199999,71.18644067796606,166.1016949152542,304877.0,236812.0,889.4075123061295,1156.2297659979686
1789785556.8442442,202.7654834999994,77.96610169491527,166.1016949152542,304910.0,236881.0,570.9626251512424,1195.4529964104138
1789785556.907215,202.82845559999987,84.74576271186442,166.1016949152542,304939.0,236952.0,492.174426623306,1160.125434183507
1789785556.9693758,202.89061439999932,91.52542372881356,166.1016949152542,304960.0,237025.0,332.8457435062734,1173.7192007852798
1789785557.032038,202.95327779999934,98.30508474576271,166.1016949152542,304987.0,237094.0,429.2259982218115,1019.4117457768023
1789785557.0924494,203.01368940000066,105.08474576271186,166.1016949152542,305014.0,237183.0,433.7712615675675,1554.3470206171169
1789785557.1534576,203.0746978999996,111.86440677966101,166.1016949152542,305038.0,237251.0,341.5552267879294,1168.4784074323902
1789785557.2155643,203.13680310000018,118.64406779661016,166.1016949152542,305067.0,237339.0,455.74936589363926,1454.8922065066176
1789785557.2778602,203.19910010000058,125.42372881355931,166.1016949152542,305083.0,237430.0,265.2097809340887,1573.5780335422596
1789785557.338499,203.25973949999934,132.20338983050846,166.1016949152542,305105.0,237498.0,341.7899358974492,1151.2924156545657
1789785557.4012198,203.3224601999991,138.9830508474576,166.1016949152542,305125.0,237580.0,330.27510177882334,1355.866207302538
1789785557.4623978,203.38363709999976,145.76271186440675,166.1016949152542,305136.0,237657.0,178.5596308771198,1267.7733792275505
1789785557.5239797,203.4452199999996,152.5423728813559,166.1016949152542,305151.0,237754.0,252.43145585026377,1550.6503716516204
1789785557.5854151,203.50665470000058,159.32203389830505,166.1016949152542,305166.0,237826.0,248.71114332446922,1154.7303082921785
1789785557.6471589,203.56839910000053,166.1016949152542,166.1016949152542,305187.0,237908.0,355.1584095283893,1314.0861152550403
1789785557.708523,203.62976290000006,172.88135593220335,166.1016949152542,305201.0,237972.0,213.2791130387014,977.5292680940481
1789785557.7692506,203.69049059999998,179.66101694915255,166.1016949152542,305218.0,237997.0,287.8417446027834,395.78239882882724
1789785557.831304,203.75254309999946,186.4406779661017,166.1016949152542,305233.0,238014.0,263.1694372567026,298.25869555759635
1789785557.8933232,203.81456339999932,193.22033898305085,166.1016949152542,305250.0,238050.0,265.00174901007887,618.3374143568508
1789785557.9543667,203.87560649999978,200.0,166.1016949152542,305280.0,238119.0,518.1439725477741,1018.4209115594181
1789785558.015718,203.93695769999977,-200.0,172.88135593220335,305314.0,238177.0,550.7576470937141,923.8515370604238
1789785558.0760612,203.9973011000002,-193.22033898305085,172.88135593220335,305346.0,238230.0,452.5706010163381,887.0383779920227
1789785558.137119,204.0583592999992,-186.4406779661017,172.88135593220335,305398.0,238288.0,911.5705108702672,947.3183740416503
1789785558.1964679,204.11770810000053,-179.66101694915255,172.88135593220335,305452.0,238357.0,829.2133713369631,1050.33693702682
1789785558.2574866,204.17872689999967,-172.8813559322034,172.88135593220335,305502.0,238415.0,786.6639014420045,965.4511517697329
1789785558.317479,204.2387190999998,-166.10169491525426,172.88135593220335,305562.0,238467.0,1021.5100837635309,930.3038262846443
1789785558.3781796,204.29941999999937,-159.32203389830508,172.88135593220335,305626.0,238533.0,1045.1618018842257,1099.2218950851338
1789785558.4393582,204.36059720000048,-152.54237288135593,172.88135593220335,305690.0,238586.0,1054.072112827712,875.4158225179305
1789785558.5057075,204.42694739999934,-145.76271186440678,172.88135593220335,305761.0,238649.0,1192.2875014277017,907.5621279524297
1789785558.5667875,204.4880264000003,-138.98305084745763,172.88135593220335,305819.0,238698.0,911.674800256969,750.7910119763275
1789785558.6316016,204.5528405999994,-132.20338983050848,172.88135593220335,305890.0,238736.0,1140.1391325991676,587.8842402464459
1789785558.6979778,204.61921799999982,-125.42372881355932,172.88135593220335,305960.0,238775.0,1055.3254359836942,511.1732580546019
1789785558.7597408,204.6809804000004,-118.64406779661017,172.88135593220335,306041.0,238808.0,1268.783808171709,553.9760289200419
1789785558.8247807,204.74602090000008,-111.86440677966102,172.88135593220335,306140.0,238842.0,1460.123523080191,553.8399570304173
1789785558.8875113,204.80875050000031,-105.08474576271186,172.88135593220335,306210.0,238874.0,1100.3342490607822,468.99492582918583
1789785558.949555,204.8707949999989,-98.30508474576271,172.88135593220335,306318.0,238899.0,1749.5926453221273,388.7983656271394
1789785559.011942,204.93318080000063,-91.52542372881356,172.88135593220335,306421.0,238920.0,1680.737684628133,353.8395125532911
1789785559.073259,204.9944990999993,-84.74576271186442,172.88135593220335,306514.0,238939.0,1503.6059693608781,322.2012791487596
1789785559.1357982,205.05703709999943,-77.96610169491527,172.88135593220335,306642.0,238961.0,2073.2072515981768,301.2352416852052
1789785559.1972659,205.1185060000007,-71.18644067796612,172.88135593220335,306758.0,238977.0,1926.2083836525173,249.69367936236335
1789785559.258857,205.18009689999963,-64.40677966101697,172.88135593220335,306859.0,238997.0,1649.1060769570208,340.5762550237326
1789785559.320803,205.24204289999943,-57.62711864406779,172.88135593220335,306952.0,239006.0,1511.2588786591145,140.58222127061532
1789785559.3825924,205.30383169999914,-50.847457627118644,172.88135593220335,307043.0,239019.0,1447.377246531711,194.16036233961978
1789785559.4443276,205.3655677000006,-44.067796610169495,172.88135593220335,307159.0,239038.0,1795.4629894671539,284.42978050964814
1789785559.5057688,205.4270075000004,-37.288135593220346,172.88135593220335,307258.0,239047.0,1648.629244519865,141.81756942106367
1789785559.568406,205.489646,-30.508474576271198,172.88135593220335,307354.0,239064.0,1546.3609557706682,281.15653741284876
1789785559.63053,205.55176840000058,-23.72881355932205,172.88135593220335,307455.0,239081.0,1612.1090416301977,280.36678984873004
1789785559.6938674,205.61510739999903,-16.9491525423729,172.88135593220335,307563.0,239101.0,1702.9733563352436,316.0156743714885
1789785559.7553003,205.676539099999,-10.169491525423723,172.88135593220335,307644.0,239124.0,1348.4717025122045,372.6040230625828
1789785559.817631,205.73887079999986,-3.3898305084745743,172.88135593220335,307735.0,239147.0,1404.192313909793,391.04089754449933
1789785559.879762,205.80100019999918,3.3898305084745743,172.88135593220335,307825.0,239185.0,1455.588759356435,613.8024888852437
1789785559.941679,205.86291899999924,10.169491525423723,172.88135593220335,307922.0,239212.0,1573.6642861142805,459.7221509996774
1789785560.0038016,205.92504019999978,16.94915254237287,172.88135593220335,307987.0,239244.0,970.9491999432872,547.262276331671
1789785560.0664704,205.98771019999913,23.72881355932202,172.88135593220335,308049.0,239277.0,965.8476278686427,561.9477107599375
1789785560.1276026,206.04884110000057,30.50847457627117,172.88135593220335,308112.0,239325.0,963.4736436477026,820.7368075517467
1789785560.1905837,206.11182369999915,37.28813559322032,172.88135593220335,308173.0,239371.0,927.1780374128014,699.7570093681519
1789785560.2520244,206.17326270000012,44.06779661016947,172.88135593220335,308223.0,239413.0,817.3433143991444,692.9649839471007
1789785560.3140092,206.23524859999998,50.847457627118644,172.88135593220335,308263.0,239467.0,711.9971520166443,889.9964400208054
1789785560.3751047,206.29634350000015,57.627118644067764,172.88135593220335,308299.0,239531.0,571.811480915534,1143.622961831068
1789785560.4364064,206.3576460000004,64.40677966101691,172.88135593220335,308338.0,239589.0,612.0865490401678,936.1323691202566
1789785560.4974923,206.41873139999916,71.18644067796606,172.88135593220335,308372.0,239644.0,608.883611896089,931.2337593704889
1789785560.5577972,206.4790367000005,77.96610169491527,172.88135593220335,308414.0,239716.0,651.7028452172437,1176.6856927533568
1789785560.619228,206.5404665999995,84.74576271186442,172.88135593220335,308442.0,239785.0,444.50608263347846,1173.496058152383
1789785560.6817207,206.60296000000017,91.52542372881356,172.88135593220335,308478.0,239858.0,621.3804588317107,1171.7460080826545
1789785560.7427125,206.66395199999897,98.30508474576271,172.88135593220335,308496.0,239909.0,287.63217597169313,844.9195169168486
1789785560.8063328,206.72757269999966,105.08474576271186,172.88135593220335,308517.0,239978.0,360.58373354637376,1167.6044705311149
1789785560.8671584,206.7883965000001,111.86440677966101,172.88135593220335,308532.0,240057.0,269.26791439375785,1292.4859890900377
1789785560.929788,206.85102729999926,118.64406779661016,172.88135593220335,308550.0,240145.0,262.0980071791294,1415.3292387672989
1789785560.9908853,206.9121243999998,125.42372881355931,172.88135593220335,308569.0,240216.0,303.8943162805188,1179.8249926184849
1789785561.051858,206.97309750000022,132.20338983050846,172.88135593220335,308592.0,240301.0,396.6093506001606,1442.2158203642202
1789785561.1133099,207.03454919999967,138.9830508474576,172.88135593220335,308606.0,240379.0,248.51688672028115,1207.0820212127942
1789785561.174996,207.09623509999983,145.76271186440675,172.88135593220335,308629.0,240460.0,393.97363600141557,1289.36826327736
1789785561.2354567,207.15669499999967,152.5423728813559,172.88135593220335,308640.0,240532.0,180.75468697030584,1211.0564027010491
1789785561.3011212,207.22236069999963,159.32203389830505,172.88135593220335,308667.0,240625.0,415.52172365514497,1336.8959804556837
1789785561.3616726,207.2829124,166.1016949152542,172.88135593220335,308688.0,240725.0,378.749621256697,1677.3197512796582
1789785561.4232223,207.3444612000003,172.88135593220335,172.88135593220335,308712.0,240801.0,380.88743144310916,1178.9372878000997
1789785561.4864275,207.40766729999996,179.66101694915255,172.88135593220335,308745.0,240879.0,554.8956535923884,1179.1532638838253
1789785561.5493226,207.4705615999992,186.4406779661017,172.88135593220335,308779.0,240943.0,485.98036639044074,971.9607327808815
1789785561.610565,207.5318041999999,193.22033898305085,172.88135593220335,308820.0,241014.0,676.5020570926013,1192.7799427685338
1789785561.6717446,207.59298379999927,200.0,172.88135593220335,308857.0,241060.0,643.8585728736141,697.5134539464153
1789785561.732669,207.6539087000001,-200.0,179.66101694915255,308889.0,241130.0,538.2208571252766,1130.2637999630808
1789785561.793507,207.7147459000007,-193.22033898305085,179.66101694915255,308952.0,241192.0,1006.2784588243571,1024.2477170176492
1789785561.8558917,207.77713120000044,-186.4406779661017,179.66101694915255,308991.0,241241.0,667.4992842001479,790.4596786580698
1789785561.9182956,207.83953440000005,-179.66101694915255,179.66101694915255,309035.0,241304.0,764.1659484194159,977.4215619318111
1789785561.9822953,207.90353479999976,-172.8813559322034,179.66101694915255,309072.0,241358.0,587.2142727614382,846.2793930973668
1789785562.0433986,207.96463659999972,-166.10169491525426,179.66101694915255,309131.0,241414.0,965.4218088972733,947.5436272510276
1789785562.1050808,208.02632020000055,-159.32203389830508,179.66101694915255,309201.0,241454.0,1180.0042909010403,661.5175570202802
1789785562.1655238,208.0867617999993,-152.54237288135593,179.66101694915255,309261.0,241506.0,1013.0410951139625,850.2309191135042
1789785562.227527,208.14876569999979,-145.76271186440678,179.66101694915255,309343.0,241556.0,1306.3887707033705,829.7334084197082
1789785562.2888587,208.21009760000015,-138.98305084745763,179.66101694915255,309416.0,241590.0,1103.6761315577887,569.6392937072458
1789785562.3495872,208.2708263000004,-132.20338983050848,179.66101694915255,309474.0,241613.0,899.1689880297602,395.6343547330945
1789785562.4109373,208.3321761999996,-125.42372881355932,179.66101694915255,309522.0,241631.0,836.2453650773722,302.47172779394316
1789785562.4723153,208.3935545000004,-118.64406779661017,179.66101694915255,309630.0,241659.0,1726.2673828484644,480.5074158444179
1789785562.5337825,208.45502099999976,-111.86440677966102,179.66101694915255,309729.0,241681.0,1563.729993616335,390.93249840408373
1789785562.5950782,208.51631710000038,-105.08474576271186,179.66101694915255,309832.0,241700.0,1753.7360842011358,340.01005714103655
1789785562.656138,208.57737649999945,-98.30508474576271,179.66101694915255,309930.0,241717.0,1557.406542181188,250.61714471881183
1789785562.7178135,208.63905270000032,-91.52542372881356,179.66101694915255,310021.0,241733.0,1396.6356990542831,265.1839934913196
1789785562.778905,208.70014359999914,-84.74576271186442,179.66101694915255,310091.0,241749.0,1161.2223204903537,267.97438165162004
1789785562.8419373,208.76317670000026,-77.96610169491527,179.66101694915255,310192.0,241766.0,1613.3733033613537,208.17720043372304
1789785562.902723,208.82396209999933,-71.18644067796612,179.66101694915255,310306.0,241781.0,1688.7885995980503,251.52170632311388
1789785562.964099,208.88533749999988,-64.40677966101697,179.66101694915255,310406.0,241790.0,1545.2272016747422,159.8510898284216
1789785563.0315466,208.95278529999996,-57.62711864406779,179.66101694915255,310497.0,241814.0,1353.0448341053575,386.58423831581644
1789785563.0949152,209.0161532000002,-50.847457627118644,179.66101694915255,310621.0,241830.0,1748.064642670997,231.88612606860164
1789785563.1579812,209.0792204999998,-44.067796610169495,179.66101694915255,310719.0,241847.0,1527.9509650663583,210.75185725053217
1789785563.2210584,209.1422961999997,-37.288135593220346,179.66101694915255,310824.0,241866.0,1688.132605465808,213.23780279568098
1789785563.283498,209.20473739999943,-30.508474576271198,179.66101694915255,310925.0,241892.0,1648.7120751939071,403.4082737176581
1789785563.3437462,209.26498549999997,-23.72881355932205,179.66101694915255,310999.0,241907.0,1177.9971873066384,235.59943746132765
1789785563.4037967,209.32503589999942,-16.9491525423729,179.66101694915255,311076.0,241927.0,1366.349187840387,346.141794252898
1789785563.4647968,209.38603560000047,-10.169491525423723,179.66101694915255,311153.0,241960.0,1269.5529028409555,536.4308040173051
1789785563.526562,209.4478010999992,-3.3898305084745743,179.66101694915255,311255.0,241985.0,1677.360576015149,423.7542507827745
1789785563.5875888,209.508828,3.3898305084745743,179.66101694915255,311317.0,242019.0,1038.3100608929487,554.9588256496795
1789785563.650263,209.5715022000004,10.169491525423723,179.66101694915255,311340.0,242040.0,382.54815324233346,312.9939435619092
1789785563.710706,209.63194479999947,16.94915254237287,179.66101694915255,311435.0,242077.0,1609.356691323641,578.6451024983877
1789785563.7717447,209.6929837000007,23.72881355932202,179.66101694915255,311498.0,242119.0,1108.6117677112184,715.2333985233666
1789785563.8324108,209.7536500999995,30.50847457627117,179.66101694915255,311568.0,242160.0,1116.7066519469504,648.4103140337131
1789785563.8941076,209.81534680000004,37.28813559322032,179.66101694915255,311645.0,242209.0,1219.9671492947018,813.3114328631345
1789785563.9572804,209.8785186999994,44.06779661016947,179.66101694915255,311702.0,242279.0,827.1711951336617,1137.360393308785
1789785564.0199304,209.94116919999942,50.847457627118644,179.66101694915255,311757.0,242336.0,844.3063215384359,952.0901072667468
1789785564.0810404,210.00227789999917,57.627118644067764,179.66101694915255,311798.0,242405.0,643.2143565635884,1143.4921894463791
1789785564.1423192,210.06355780000013,64.40677966101691,179.66101694915255,311834.0,242466.0,595.8646989890368,1047.277349738307
1789785564.2040749,210.1253127,71.18644067796606,179.66101694915255,311867.0,242532.0,553.8859566654852,1054.170046556891
1789785564.27224,210.19347879999987,77.96610169491527,179.66101694915255,311902.0,242618.0,543.059160852275,1249.0360699602325
1789785564.3360996,210.2573382999999,84.74576271186442,179.66101694915255,311935.0,242676.0,476.0633640321693,867.1154130585941
1789785564.3980289,210.31926679999924,91.52542372881356,179.66101694915255,311967.0,242749.0,537.9091471495137,1183.4001237289303
1789785564.46412,210.38535860000047,98.30508474576271,179.66101694915255,311982.0,242821.0,248.65766304446262,1077.516539859338
1789785564.526169,210.44740679999995,105.08474576271186,179.66101694915255,312005.0,242906.0,339.4681784286422,1393.6062061807415
1789785564.5894651,210.51070380000056,111.86440677966101,179.66101694915255,312023.0,243000.0,243.88629323622268,1480.738208934209
1789785564.6529531,210.5741906000003,118.64406779661016,179.66101694915255,312038.0,243092.0,229.76073071182375,1413.9121889958385
1789785564.7175853,210.63882430000012,125.42372881355931,179.66101694915255,312054.0,243160.0,273.7077998215901,1009.2975118421133
1789785564.7794697,210.7007083999997,132.20338983050846,179.66101694915255,312075.0,243247.0,321.577875448094,1429.2350019915289
1789785564.840828,210.7620666999992,138.9830508474576,179.66101694915255,312091.0,243321.0,248.86853697252485,1119.9084163763619
1789785564.9017901,210.82302940000045,145.76271186440675,179.66101694915255,312112.0,243400.0,321.94943962900686,1234.1395185778597
1789785564.9625099,210.8837481999999,152.5423728813559,179.66101694915255,312127.0,243474.0,270.04401717594726,1260.205413487754
1789785565.0236263,210.94486499999948,159.32203389830505,179.66101694915255,312143.0,243544.0,268.27152656162485,1108.8556431213826
1789785565.084914,211.00615259999904,166.1016949152542,179.66101694915255,312164.0,243620.0,356.3639473761904,1300.7284079230951
1789785565.1460705,211.06730789999892,172.88135593220335,179.66101694915255,312197.0,243693.0,499.935722559505,1249.8393063987626
1789785565.2081196,211.12935819999984,179.66101694915255,179.66101694915255,312234.0,243773.0,618.0338753087751,1306.7001935099818
1789785565.2701242,211.19136179999987,186.4406779661017,179.66101694915255,312268.0,243848.0,562.2034157390984,1194.682258445584
1789785565.3321493,211.25338809999994,193.22033898305085,179.66101694915255,312309.0,243911.0,601.1166625934212,1060.7941104589786
1789785565.3932273,211.31446490000053,200.0,179.66101694915255,312344.0,243972.0,572.1355675116896,965.4787701759761
1789785565.4555979,211.3768368000001,-200.0,186.4406779661017,312402.0,244039.0,941.402156346256,1083.5005950400305
1789785565.517276,211.43851449999966,-193.22033898305085,186.4406779661017,312449.0,244086.0,742.9775355439668,760.6674768664423
1789785565.5780084,211.49924689999898,-186.4406779661017,186.4406779661017,312497.0,244130.0,773.3145339990751,719.3623572084421
1789785565.6401079,211.56134509999902,-179.66101694915255,186.4406779661017,312541.0,244186.0,649.8889919327462,895.7929348262177
1789785565.70278,211.62401839999984,-172.8813559322034,186.4406779661017,312610.0,244234.0,1055.5036599549544,756.4442896343841
1789785565.7638907,211.68512809999993,-166.10169491525426,186.4406779661017,312663.0,244271.0,929.3348107461271,607.6419916416985
1789785565.829622,211.7508598000004,-159.32203389830508,186.4406779661017,312721.0,244315.0,856.1442619821488,637.9114108886599
1789785565.8917885,211.8130261999995,-152.54237288135593,186.4406779661017,312784.0,244364.0,1004.4052863482483,792.9515418538801
1789785565.9523387,211.8735772,-145.76271186440678,186.4406779661017,312853.0,244395.0,1123.1823015588523,507.2436200588365
1789785566.013726,211.93496380000033,-138.98305084745763,186.4406779661017,312935.0,244423.0,1367.6877551272344,461.8166445884168
1789785566.0762699,211.9975073000005,-132.20338983050848,186.4406779661017,313020.0,244448.0,1318.9549655711128,422.0655889827561
1789785566.1392725,212.06050999999934,-125.42372881355932,186.4406779661017,313090.0,244480.0,1143.8930841251652,485.2879750834034
1789785566.2070148,212.1282525000006,-118.64406779661017,186.4406779661017,313185.0,244503.0,1360.3876058470892,348.817334832587
1789785566.2722268,212.19346529999893,-111.86440677966102,186.4406779661017,313256.0,244524.0,1020.6693918066229,317.9134171200957
1789785566.334864,212.25610190000043,-105.08474576271186,186.4406779661017,313358.0,244544.0,1631.1764950924653,308.1111157396879
1789785566.3955915,212.31682940000064,-98.30508474576271,186.4406779661017,313453.0,244563.0,1518.2982046091277,289.1996580207862
1789785566.4582806,212.37951839999914,-91.52542372881356,186.4406779661017,313556.0,244586.0,1738.50703467378,376.377811630406
1789785566.5199423,212.44118080000044,-84.74576271186442,186.4406779661017,313665.0,244602.0,1743.1177974206553,213.44299560252924
1789785566.5834124,212.5046500999997,-77.96610169491527,186.4406779661017,313746.0,244615.0,1331.8937042566981,195.34440995764905
1789785566.6454074,212.566646199999,-71.18644067796612,186.4406779661017,313829.0,244626.0,1272.8944204696668,176.79089173189817
1789785566.7081323,212.6293697000001,-64.40677966101697,186.4406779661017,313937.0,244640.0,1724.1256728015403,231.06838913835077
1789785566.7708595,212.69209819999924,-57.62711864406779,186.4406779661017,314037.0,244653.0,1571.5802413990616,209.54403218654156
1789785566.8326135,212.75385160000042,-50.847457627118644,186.4406779661017,314132.0,244667.0,1486.3630665794785,250.7118425555747
1789785566.8960228,212.8172610999991,-44.067796610169495,186.4406779661017,314195.0,244678.0,994.7518265563149,188.65982917447351
1789785566.9583733,212.87961059999907,-37.288135593220346,186.4406779661017,314292.0,244696.0,1528.0114707460118,284.2812038597231
1789785567.0204427,212.9416810999992,-30.508474576271198,186.4406779661017,314377.0,244714.0,1414.1587724253982,250.61041536652627
1789785567.0822134,213.00345039999956,-23.72881355932205,186.4406779661017,314467.0,244730.0,1419.3179821981241,248.3806468846717
1789785567.1452029,213.06644140000026,-16.9491525423729,186.4406779661017,314561.0,244759.0,1450.6685310073988,454.4262868215948
1789785567.205907,213.127144099999,-10.169491525423723,186.4406779661017,314641.0,244785.0,1350.8402226129654,414.25766826797604
1789785567.2686586,213.1898971999999,-3.3898305084745743,186.4406779661017,314712.0,244817.0,1170.6982953406634,541.6663754561279
1789785567.3299778,213.25121629999921,3.3898305084745743,186.4406779661017,314784.0,244856.0,1192.21961041626,676.1842566539982
1789785567.390008,213.31124610000006,10.169491525423723,186.4406779661017,314867.0,244898.0,1384.5066419846241,728.6877063076969
1789785567.451047,213.37228490000052,16.94915254237287,186.4406779661017,314936.0,244942.0,1109.2960800609835,715.6748903619249
1789785567.511746,213.4329842999996,23.72881355932202,186.4406779661017,315000.0,244981.0,1061.2999665359735,647.5728609372042
1789785567.572497,213.49373500000002,30.50847457627117,186.4406779661017,315068.0,245030.0,1150.6424720057196,809.0454881290217
1789785567.6334682,213.5547064000002,37.28813559322032,186.4406779661017,315120.0,245076.0,840.6683134299664,733.348954268694
1789785567.6949468,213.61618400000043,44.06779661016947,186.4406779661017,315172.0,245144.0,889.3031065100479,1156.0940384630624
1789785567.756619,213.67785670000012,50.847457627118644,186.4406779661017,315203.0,245185.0,486.03373073076,648.0449743076799
1789785567.8187196,213.73995680000007,57.627118644067764,186.4406779661017,315244.0,245254.0,653.4216335626479,1077.262693170852
1789785567.8814113,213.8026487999996,64.40677966101691,186.4406779661017,315301.0,245313.0,847.7240375445866,918.3677073399689
1789785567.9434597,213.86469699999907,71.18644067796606,186.4406779661017,315328.0,245388.0,459.2195387397207,1183.373426752357
1789785568.0065496,213.92778739999994,77.96610169491527,186.4406779661017,315348.0,245455.0,312.2972236716518,988.941208293564
1789785568.0679083,213.98914530000002,84.74576271186442,186.4406779661017,315378.0,245514.0,496.9764309011026,958.4545453092694
1789785568.1302574,214.0514951999994,91.52542372881356,186.4406779661017,315391.0,245563.0,213.57975690980106,854.3190276392043
1789785568.191019,214.1122565000005,98.30508474576271,186.4406779661017,315410.0,245643.0,269.50642593426693,1311.597939546766
1789785568.2530391,214.17427680000037,105.08474576271186,186.4406779661017,315430.0,245718.0,339.49668722049375,1161.4360352280048
1789785568.315094,214.2363308999993,111.86440677966101,186.4406779661017,315449.0,245803.0,335.56987712757723,1448.248943392702
1789785568.3774688,214.29870669999946,118.64406779661016,186.4406779661017,315468.0,245874.0,304.2979399070207,1056.0928502655424
1789785568.4395041,214.36074100000042,125.42372881355931,186.4406779661017,315489.0,245946.0,353.50491283761363,1148.8909667222442
1789785568.5015402,214.4227778000004,132.20338983050846,186.4406779661017,315513.0,246024.0,373.6894178223431,1192.2471901950946
1789785568.5633137,214.4845506999991,138.9830508474576,186.4406779661017,315530.0,246113.0,302.00692483466423,1492.2695109477527
1789785568.6263423,214.54758000000038,145.76271186440675,186.4406779661017,315556.0,246180.0,397.7530568254525,1066.701379668259
1789785568.6874287,214.60866580000038,152.5423728813559,186.4406779661017,315574.0,246262.0,304.13951773806286,1306.0108702869757
1789785568.7555735,214.67681119999907,159.32203389830505,186.4406779661017,315602.0,246340.0,442.1859551203597,1096.621168698492
1789785568.8187673,214.74000499999966,166.1016949152542,186.4406779661017,315634.0,246421.0,536.5484702355187,1298.1011376665776
1789785568.8840168,214.8052544000002,172.88135593220335,186.4406779661017,315672.0,246493.0,565.5738719017597,1078.1251933127294
1789785568.9452887,214.86652680000043,179.66101694915255,186.4406779661017,315705.0,246552.0,498.3713934766815,943.3458519380042
1789785569.0071294,214.92836700000043,186.4406779661017,186.4406779661017,315734.0,246595.0,452.0444160762369,650.9439591497812
1789785569.068789,214.99002680000012,193.22033898305085,186.4406779661017,315785.0,246657.0,812.5600587915579,936.210502520708
1789785569.1288254,215.0500634,200.0,186.4406779661017,315831.0,246721.0,729.0781899902064,1020.709465986289
1789785569.1896384,215.11087640000005,-200.0,193.22033898305085,315886.0,246766.0,933.7302884122083,772.1231231100953
1789785569.2502122,215.17144999999982,-193.22033898305085,193.22033898305085,315927.0,246815.0,702.6406677671288,846.7720867962835
1789785569.3110669,215.2323051000003,-186.4406779661017,193.22033898305085,315970.0,246851.0,717.4604768970687,556.0318695952283
1789785569.37166,215.2928979999997,-179.66101694915255,193.22033898305085,316034.0,246900.0,934.6365521964655,736.9249738472131
1789785569.4334936,215.35473119999915,-172.8813559322034,193.22033898305085,316103.0,246937.0,1111.175782726916,617.3198792927311
1789785569.4954164,215.41665359999934,-166.10169491525426,193.22033898305085,316180.0,246996.0,1271.6264809012841,971.3813395773699
1789785569.5572257,215.47846199999913,-159.32203389830508,193.22033898305085,316245.0,247035.0,1012.0217531423224,621.416865964584
1789785569.6185985,215.53983490000064,-152.54237288135593,193.22033898305085,316313.0,247083.0,1117.1599312182502,762.505984799758
1789785569.6825852,215.60382310000023,-145.76271186440678,193.22033898305085,316403.0,247121.0,1416.391449137014,639.1034587569453
1789785569.7447803,215.6660123999991,-138.98305084745763,193.22033898305085,316479.0,247149.0,1243.3237019554838,420.2784344638255
1789785569.8063421,215.72758000000067,-132.20338983050848,193.22033898305085,316566.0,247176.0,1378.201858260983,465.36686123098127
1789785569.8677669,215.78900350000004,-125.42372881355932,193.22033898305085,316649.0,247199.0,1384.8177810971144,372.83555644922313
1789785569.9290752,215.85031309999977,-118.64406779661017,193.22033898305085,316740.0,247209.0,1440.6315728899183,180.0789466112398
1789785569.9908588,215.9120956000006,-111.86440677966102,193.22033898305085,316817.0,247238.0,1270.6435456729657,494.1391566505978
1789785570.053179,215.9744171000002,-105.08474576271186,193.22033898305085,316930.0,247252.0,1881.1036980190706,228.54530910512074
1789785570.114872,216.03610920000028,-98.30508474576271,193.22033898305085,317012.0,247268.0,1238.591685886023,176.941669412289
1789785570.176626,216.0978630999998,-91.52542372881356,193.22033898305085,317104.0,247290.0,1370.2774367272598,320.32459559858023
1789785570.2386196,216.1598567000001,-84.74576271186442,193.22033898305085,317187.0,247312.0,1351.7936166919908,355.735162287366
1789785570.3003798,216.2216174999994,-77.96610169491527,193.22033898305085,317292.0,247324.0,1761.8072226828674,213.55239062822636
1789785570.3614762,216.2827130000005,-71.18644067796612,193.22033898305085,317387.0,247340.0,1573.8117720972232,268.26337024384486
1789785570.4238193,216.34505700000045,-64.40677966101697,193.22033898305085,317483.0,247353.0,1503.8365524358567,176.9219473453949
1789785570.4845922,216.40582899999936,-57.62711864406779,193.22033898305085,317574.0,247368.0,1437.5303228902642,215.62954843353964
1789785570.546568,216.4678055000004,-50.847457627118644,193.22033898305085,317667.0,247387.0,1450.8017022902434,322.40037828672075
1789785570.6087155,216.52995249999913,-44.067796610169495,193.22033898305085,317761.0,247401.0,1490.733494145691,212.96192773509875
1789785570.6697562,216.59099380000043,-37.288135593220346,193.22033898305085,317845.0,247420.0,1373.8871062389628,343.4717765597407
1789785570.730672,216.65190919999986,-30.508474576271198,193.22033898305085,317917.0,247445.0,1206.5180788663934,324.13918536709076
1789785570.7921536,216.71339079999962,-23.72881355932205,193.22033898305085,318006.0,247477.0,1473.431195187257,532.5654922363578
1789785570.8535547,216.77479159999893,-16.9491525423729,193.22033898305085,318081.0,247501.0,1215.0386042774585,375.23251014450926
1789785570.9151797,216.83641729999908,-10.169491525423723,193.22033898305085,318168.0,247538.0,1446.8729681131902,535.8788770789594
1789785570.9763393,216.8975759999994,-3.3898305084745743,193.22033898305085,318246.0,247567.0,1284.4069429380713,481.6526036017767
1789785571.0423787,216.96361539999998,3.3898305084745743,193.22033898305085,318326.0,247610.0,1301.8929166109756,624.1952339915637
1789785571.1064336,217.02767119999953,10.169491525423723,193.22033898305085,318384.0,247658.0,942.9449714717268,805.7893392576575
1789785571.168769,217.09000580000065,16.94915254237287,193.22033898305085,318440.0,247692.0,863.0270409140704,510.77110584710294
1789785571.2334383,217.1546760000001,23.72881355932202,193.22033898305085,318483.0,247751.0,659.3428887396864,912.9363074857196
1789785571.2946074,217.21584409999923,30.50847457627117,193.22033898305085,318536.0,247798.0,866.3431115855171,758.0502226373275
1789785571.3569787,217.27821649999896,37.28813559322032,193.22033898305085,318596.0,247850.0,1024.8092176362122,830.4488487741719
1789785571.419011,217.34024820000013,44.06779661016947,193.22033898305085,318635.0,247903.0,580.1347362874634,797.6852623952622
1789785571.482358,217.40359549999994,50.847457627118644,193.22033898305085,318681.0,247964.0,722.0588993854929,962.7451991806572
1789785571.5435464,217.46478299999944,57.627118644067764,193.22033898305085,318722.0,248011.0,660.6081165538338,749.8794836557032
1789785571.6063142,217.52755210000032,64.40677966101691,193.22033898305085,318759.0,248080.0,561.1819895731928,1034.6792932755743
1789785571.6693723,217.59060859999954,71.18644067796606,193.22033898305085,318777.0,248160.0,266.0852998577649,1259.4704193267537
1789785571.7319798,217.65321740000036,77.96610169491527,193.22033898305085,318803.0,248227.0,336.3117574673281,1026.6358912160542
1789785571.794775,217.71601159999955,84.74576271186442,193.22033898305085,318824.0,248287.0,355.0077391669427,887.5193479173568
1789785571.8591857,217.78042330000062,91.52542372881356,193.22033898305085,318844.0,248370.0,288.3340061068823,1339.905087202571
1789785571.9219558,217.84319139999934,98.30508474576271,193.22033898305085,318861.0,248448.0,195.982361587449,1354.0599527860113
1789785571.9829655,217.9042028999993,105.08474576271186,193.22033898305085,318880.0,248535.0,324.0119884417371,1494.055280036899
1789785572.04429,217.9655270000003,111.86440677966101,193.22033898305085,318892.0,248608.0,160.30864758570027,1211.2208928697353
1789785572.1066773,218.02791419999994,118.64406779661016,193.22033898305085,318903.0,248681.0,175.76607644519964,1124.9028892492777
1789785572.1675544,218.08879030000026,125.42372881355931,193.22033898305085,318919.0,248753.0,287.12633199309346,1130.5599322228056
1789785572.2308254,218.1520612000004,132.20338983050846,193.22033898305085,318929.0,248831.0,158.16444884712,1247.7417631272801
1789785572.2912438,218.21248039999955,138.9830508474576,193.22033898305085,318944.0,248896.0,234.8698640248498,1120.1485822723605
1789785572.3541777,218.27541519999977,145.76271186440675,193.22033898305085,318957.0,248970.0,193.50423862252313,1161.025431735139
1789785572.4156475,218.33688380000058,152.5423728813559,193.22033898305085,318979.0,249047.0,337.12031824140104,1295.2517490327514
1789785572.4769444,218.3981817999993,159.32203389830505,193.22033898305085,319004.0,249113.0,393.89815942482454,1074.2677075222487
1789785572.538382,218.45961829999942,166.1016949152542,193.22033898305085,319026.0,249171.0,373.24839859408746,942.0078631184111
1789785572.6018188,218.523056,172.88135593220335,193.22033898305085,319075.0,249238.0,815.0863818115911,1075.2203334535882
1789785572.6630876,218.58432469999934,179.66101694915255,193.22033898305085,319122.0,249288.0,783.0059241485502,854.1882808893275
1789785572.7245302,218.64576719999968,186.4406779661017,193.22033898305085,319150.0,249330.0,444.06787487968893,674.9831698171272
1789785572.7849164,218.70615279999947,193.22033898305085,193.22033898305085,319192.0,249374.0,705.1663378781293,759.4099023302931
1789785572.846592,218.76782939999975,200.0,193.22033898305085,319232.0,249426.0,689.0739376487636,795.0853126716503
1789785572.9076467,218.82888289999937,-200.0,200.0,319290.0,249475.0,965.4563300848447,733.0316580273822
1789785572.9706724,218.89190980000058,-193.22033898305085,200.0,319338.0,249521.0,764.5525629948531,660.2953953137368
1789785573.0324564,218.9536919000002,-186.4406779661017,200.0,319374.0,249553.0,635.0696018668272,511.5838459482774
1789785573.0937836,219.01502029999938,-179.66101694915255,200.0,319424.0,249591.0,769.4372371867796,626.2861232915648
1789785573.15447,219.0757063000001,-172.8813559322034,200.0,319481.0,249631.0,935.2635734654099,665.4760041965416
1789785573.215823,219.13706009999987,-166.10169491525426,200.0,319552.0,249669.0,1253.7478104387374,626.8739052193687
1789785573.2768493,219.19808639999974,-159.32203389830508,200.0,319628.0,249709.0,1252.53414497605,590.4803826315664
1789785573.338606,219.25984299999982,-152.54237288135593,200.0,319697.0,249742.0,1185.3099408493154,495.3534081161318
1789785573.3996725,219.32090939999944,-145.76271186440678,200.0,319780.0,249778.0,1410.9889246463204,535.8185789796153
1789785573.461034,219.38227109999934,-138.98305084745763,200.0,319859.0,249808.0,1316.1826434804216,480.22880235096466
1789785573.5224338,219.44367049999892,-132.20338983050848,200.0,319947.0,249827.0,1402.8757176371378,284.1267276227114
1789785573.5840886,219.5053255999992,-125.42372881355932,200.0,320038.0,249856.0,1467.3304249247833,447.356836867312
1789785573.6458733,219.56710930000008,-118.64406779661017,200.0,320123.0,249878.0,1395.0350877807705,388.4907839389487
1789785573.7072232,219.62846050000007,-111.86440677966102,200.0,320202.0,249893.0,1360.2300936936676,232.67093707918
1789785573.768274,219.68951079999897,-105.08474576271186,200.0,320281.0,249916.0,1304.5918057371505,357.4224125307262
1789785573.8302891,219.75152619999972,-98.30508474576271,200.0,320377.0,249929.0,1609.5568766381093,194.56182025295828
1789785573.89169,219.81292679999933,-91.52542372881356,200.0,320481.0,249942.0,1705.514496880264,230.95508811920243
1789785573.9526885,219.87392539999928,-84.74576271186442,200.0,320559.0,249956.0,1233.6937864916895,250.31468131715437
1789785574.0137794,219.93501599999945,-77.96610169491527,200.0,320624.0,249970.0,1126.1100227294253,232.37190945210364
1789785574.075569,219.99680590000025,-71.18644067796612,200.0,320700.0,249981.0,1251.1961258796414,193.84728710811348
1789785574.1365025,220.05773839999893,-64.40677966101697,200.0,320786.0,249996.0,1421.4462045408463,251.90185903255505
1789785574.1999636,220.12120080000022,-57.62711864406779,200.0,320872.0,250014.0,1415.1472529674202,258.86839993306467
1789785574.2609308,220.18216799999936,-50.847457627118644,200.0,320945.0,250034.0,1198.688956309101,357.81759889823917
1789785574.3220072,220.2432444999995,-44.067796610169495,200.0,321011.0,250054.0,1125.8323117459631,357.40708309395654
1789785574.382318,220.3035545999992,-37.288135593220346,200.0,321106.0,250072.0,1484.0554529777503,289.5717957029757
1789785574.443039,220.36427569999978,-30.508474576271198,200.0,321168.0,250095.0,972.0149690242748,414.00637569552447
1789785574.5030365,220.4242732999992,-23.72881355932205,200.0,321242.0,250118.0,1256.8763889321342,382.5275966315191
1789785574.5641353,220.4853722000007,-16.9491525423729,200.0,321321.0,250144.0,1268.1379448156354,446.5274453576181
1789785574.6258264,220.54706280000028,-10.169491525423723,200.0,321376.0,250173.0,918.3774389879466,476.8498240898954
1789785574.6869195,220.6081553999993,-3.3898305084745743,200.0,321444.0,250220.0,1109.0996257436298,840.7690711282355
1789785574.748523,220.66976000000068,3.3898305084745743,200.0,321518.0,250251.0,1174.7681168232023,498.38647380378274
1789785574.8124225,220.73365869999907,10.169491525423723,200.0,321582.0,250297.0,969.3992955478603,700.1217134512325
1789785574.8768384,220.7980752000003,16.94915254237287,200.0,321633.0,250337.0,830.424024682505,610.1074467055139
1789785574.9391463,220.8603817000003,23.72881355932202,200.0,321684.0,250388.0,832.1426611338436,779.0271721253004
1789785575.0044868,220.9257237999991,30.50847457627117,200.0,321731.0,250442.0,718.1208614086812,835.0242574519549
1789785575.0673285,220.98856449999948,37.28813559322032,200.0,321776.0,250509.0,676.4912180732059,1050.3416280610302
1789785575.128693,221.04992990000028,44.06779661016947,200.0,321814.0,250575.0,589.7543583742565,1036.5379632032386
1789785575.1914914,221.11272680000002,50.847457627118644,200.0,321851.0,250655.0,618.8819102644866,1237.7638205289732
1789785575.2535021,221.17473919999975,57.627118644067764,200.0,321880.0,250721.0,462.2682436036303,1084.5524176854403
1789785575.31631,221.23754569999983,64.40677966101691,200.0,321914.0,250800.0,581.5439109705692,1304.0681639946097
1789785575.3780193,221.29925639999965,71.18644067796606,200.0,321938.0,250880.0,390.11519037714805,1347.6706576665115
1789785575.4399662,221.36120219999975,77.96610169491527,200.0,321961.0,250956.0,358.0918004133363,1289.1304814880104
1789785575.5023086,221.42354560000058,84.74576271186442,200.0,321989.0,251029.0,439.38121066411895,1177.541644579839
1789785575.564753,221.48598889999994,91.52542372881356,200.0,322003.0,251112.0,248.59190442620974,1242.9595221310487
1789785575.6264973,221.54773430000023,98.30508474576271,200.0,322016.0,251191.0,177.72975125272157,1315.2001592701395
1789785575.6882176,221.60945309999988,105.08474576271186,200.0,322030.0,251263.0,195.44054965393545,1190.410620619425
1789785575.7498362,221.67107310000029,111.86440677966101,200.0,322047.0,251333.0,252.43236615306103,1172.007414282069
1789785575.810622,221.73185759999978,118.64406779661016,200.0,322059.0,251418.0,216.82057916657973,1409.3337645827683
1789785575.873922,221.79515879999963,125.42372881355931,200.0,322084.0,251491.0,402.55253310321774,1155.1507471657553
1789785575.934729,221.85596500000065,132.20338983050846,200.0,322106.0,251552.0,359.30962248404194,988.1014618311153
1789785575.9965494,221.91778589999922,138.9830508474576,200.0,322121.0,251639.0,248.0716856334898,1382.1136771008719
1789785576.0581892,221.9794239999992,145.76271186440675,200.0,322148.0,251696.0,443.569134693085,851.6527386107232
1789785576.1228282,222.04406480000034,152.5423728813559,200.0,322172.0,251783.0,399.8671745635839,1338.6857583215635
1789785576.1846323,222.10586779999903,159.32203389830505,200.0,322207.0,251846.0,564.5351934815895,1005.5783133890815
1789785576.2455924,222.16682889999902,166.1016949152542,200.0,322238.0,251913.0,547.2565118954436,1021.5454888714947
1789785576.306431,222.22766690000026,172.88135593220335,200.0,322291.0,251967.0,879.193438729027,897.136161968395
1789785576.3680248,222.2892613999993,179.66101694915255,200.0,322331.0,252035.0,661.7778572593763,1108.9250581103063
1789785576.4291,222.3503356000001,186.4406779661017,200.0,322379.0,252091.0,767.8955376452273,946.4758952371405
1789785576.4916139,222.41285040000002,193.22033898305085,200.0,322424.0,252164.0,722.7101985008136,1163.3871488061877
1789785576.5529203,222.47415589999946,200.0,200.0,322469.0,252212.0,713.9185561750053,821.0063396012561
