Unix_Timestamp,Elapsed_Time_s,EOM0_Target_V,EOM1_Target_V,Raw_Count0,Raw_Count1,Rate0_Hz,Rate1_Hz
1790646937.748176,1.5017478000372648,-200.0,-200.0,334,202,334.0,202.0
1790646939.3387694,3.0923386000213213,-190.9090909090909,-200.0,653,451,319.0,249.0
1790646940.9568608,4.710428400023375,-181.8181818181818,-200.0,1024,653,371.0,202.0
1790646942.5146775,6.268244000035338,-172.72727272727272,-200.0,1376,829,352.0,176.0
1790646944.0754704,7.829034900001716,-163.63636363636363,-200.0,1789,1015,413.0,186.0
1790646945.6102097,9.363772600016091,-154.54545454545453,-200.0,2218,1181,429.0,166.0
1790646947.18524,10.938801300013438,-145.45454545454544,-200.0,2626,1303,408.0,122.0
1790646948.742504,12.496064100007061,-136.36363636363637,-200.0,3040,1448,414.0,145.0
1790646950.2542605,14.00781870004721,-127.27272727272727,-200.0,3443,1575,403.0,127.0
1790646951.8533692,15.606926200038288,-118.18181818181817,-200.0,3875,1689,432.0,114.0
1790646953.412418,17.16597329999786,-109.09090909090908,-200.0,4301,1822,426.0,133.0
1790646955.018716,18.772269800014328,-99.99999999999999,-200.0,4746,1958,445.0,136.0
1790646956.5665267,20.320079200027976,-90.9090909090909,-200.0,5148,2078,402.0,120.0
1790646958.2048395,21.958389900042675,-81.81818181818181,-200.0,5578,2217,430.0,139.0
1790646959.767244,23.52079350000713,-72.72727272727272,-200.0,5954,2381,376.0,164.0
1790646961.3420215,25.095568799995817,-63.636363636363626,-200.0,6323,2568,369.0,187.0
1790646962.9352517,26.688797300041188,-54.54545454545453,-200.0,6674,2738,351.0,170.0
1790646964.5159743,28.269518600020092,-45.45454545454544,-200.0,6968,2935,294.0,197.0
1790646966.1517112,29.905253800039645,-36.363636363636346,-200.0,7266,3162,298.0,227.0
1790646967.776713,31.530253900040407,-27.272727272727252,-200.0,7516,3410,250.0,248.0
1790646969.415971,33.16951030003838,-18.18181818181816,-200.0,7754,3672,238.0,262.0
1790646971.0069995,34.76053750002757,-9.090909090909065,-200.0,7978,3960,224.0,288.0
1790646972.6144242,36.36796030000551,2.842170943040401e-14,-200.0,8170,4269,192.0,309.0
1790646974.1863616,37.93989630002761,9.090909090909122,-200.0,8352,4572,182.0,303.0
1790646975.7314656,39.48499810002977,18.181818181818187,-200.0,8520,4930,168.0,358.0
1790646977.3647163,41.11824790004175,27.27272727272728,-200.0,8670,5290,150.0,360.0
1790646978.9722295,42.72575909999432,36.363636363636374,-200.0,8825,5651,155.0,361.0
1790646980.5783231,44.33185140002752,45.45454545454547,-200.0,8957,6020,132.0,369.0
1790646982.1989994,45.95252590003656,54.54545454545456,-200.0,9071,6413,114.0,393.0
1790646983.8016272,47.55515190004371,63.63636363636368,-200.0,9175,6762,104.0,349.0
1790646985.3723981,49.12592220003717,72.72727272727275,-200.0,9285,7121,110.0,359.0
1790646986.967243,50.72076500003459,81.81818181818187,-200.0,9388,7485,103.0,364.0
1790646988.5590723,52.31259260000661,90.90909090909093,-200.0,9476,7895,88.0,410.0
1790646990.173511,53.92702980001923,100.0,-200.0,9589,8287,113.0,392.0
1790646991.79259,55.54610680002952,109.09090909090912,-200.0,9694,8663,105.0,376.0
1790646993.4113157,57.16483090003021,118.18181818181819,-200.0,9820,9023,126.0,360.0
1790646995.041074,58.79458740004338,127.27272727272731,-200.0,9968,9419,148.0,396.0
1790646996.6321175,60.38563010003418,136.36363636363637,-200.0,10089,9746,121.0,327.0
1790646998.2875636,62.04107390000718,145.4545454545455,-200.0,10272,10098,183.0,352.0
1790646999.9295895,63.68309860001318,154.54545454545456,-200.0,10453,10421,181.0,323.0
1790647001.5267732,65.28028040000936,163.63636363636368,-200.0,10657,10750,204.0,329.0
1790647003.1470659,66.90057100000558,172.72727272727275,-200.0,10885,11040,228.0,290.0
1790647004.7281098,68.48161380004603,181.81818181818187,-200.0,11140,11307,255.0,267.0
1790647006.2916665,70.04516890004743,190.90909090909093,-200.0,11416,11564,276.0,257.0
1790647007.8923063,71.64580739999656,200.0,-200.0,11753,11818,337.0,254.0
1790647009.5062423,73.25974120001774,-200.0,-190.9090909090909,12090,12031,337.0,213.0
1790647011.087397,74.840894700028,-190.9090909090909,-190.9090909090909,12484,12211,394.0,180.0
1790647012.73877,76.49226610001642,-181.8181818181818,-190.9090909090909,12854,12400,370.0,189.0
1790647014.379471,78.13296650000848,-172.72727272727272,-190.9090909090909,13245,12581,391.0,181.0
1790647015.9765918,79.73008460004348,-163.63636363636363,-190.9090909090909,13641,12746,396.0,165.0
1790647017.5746312,81.32812230003765,-154.54545454545453,-190.9090909090909,14072,12879,431.0,133.0
1790647019.1498373,82.90332760004094,-145.45454545454544,-190.9090909090909,14482,13021,410.0,142.0
1790647020.8239207,84.57740870001726,-136.36363636363637,-190.9090909090909,14904,13148,422.0,127.0
1790647022.4389913,86.19247740000719,-127.27272727272727,-190.9090909090909,15324,13275,420.0,127.0
1790647024.0461352,87.799620100006,-118.18181818181817,-190.9090909090909,15726,13412,402.0,137.0
1790647025.6353476,89.38883080001688,-109.09090909090908,-190.9090909090909,16155,13534,429.0,122.0
1790647027.2286599,90.98214130004635,-99.99999999999999,-190.9090909090909,16550,13671,395.0,137.0
1790647028.8842092,92.63768859999254,-90.9090909090909,-190.9090909090909,16911,13813,361.0,142.0
1790647030.4712687,94.22474710003007,-81.81818181818181,-190.9090909090909,17277,13981,366.0,168.0
1790647032.1181016,95.871578100021,-72.72727272727272,-190.9090909090909,17613,14155,336.0,174.0
1790647033.7884114,97.54188640002394,-63.636363636363626,-190.9090909090909,17952,14341,339.0,186.0
1790647035.3947546,99.14822830003686,-54.54545454545453,-190.9090909090909,18290,14547,338.0,206.0
1790647037.0353239,100.788796000008,-45.45454545454544,-190.9090909090909,18567,14783,277.0,236.0
1790647038.6235845,102.37705480004661,-36.363636363636346,-190.9090909090909,18828,15029,261.0,246.0
1790647040.2462227,103.99969130003592,-27.272727272727252,-190.9090909090909,19073,15307,245.0,278.0
1790647041.8700285,105.62349540001014,-18.18181818181816,-190.9090909090909,19297,15600,224.0,293.0
1790647043.5347943,107.28826030000346,-9.090909090909065,-190.9090909090909,19500,15918,203.0,318.0
1790647045.116492,108.86995570000727,2.842170943040401e-14,-190.9090909090909,19677,16253,177.0,335.0
1790647046.7648604,110.5183235000004,9.090909090909122,-190.9090909090909,19822,16586,145.0,333.0
1790647048.3531363,112.106596800033,18.181818181818187,-190.9090909090909,19960,16934,138.0,348.0
1790647050.0005522,113.75401209999109,27.27272727272728,-190.9090909090909,20073,17268,113.0,334.0
1790647051.6188965,115.37235379999038,36.363636363636374,-190.9090909090909,20198,17657,125.0,389.0
1790647053.2415843,116.99504060001345,45.45454545454547,-190.9090909090909,20321,18037,123.0,380.0
1790647054.8423066,118.59576019999804,54.54545454545456,-190.9090909090909,20404,18382,83.0,345.0
1790647056.4310968,120.1845495000016,63.63636363636368,-190.9090909090909,20508,18766,104.0,384.0
1790647058.0410943,121.7945457000169,72.72727272727275,-190.9090909090909,20617,19152,109.0,386.0
1790647059.690639,123.44408869999461,81.81818181818187,-190.9090909090909,20732,19573,115.0,421.0
1790647061.307309,125.0607561999932,90.90909090909093,-190.9090909090909,20849,20028,117.0,455.0
1790647062.9337063,126.68715170002542,100.0,-190.9090909090909,20976,20429,127.0,401.0
1790647064.4325478,128.1859927000478,109.09090909090912,-190.9090909090909,21099,20781,123.0,352.0
1790647066.0414143,129.7948569,118.18181818181819,-190.9090909090909,21211,21142,112.0,361.0
1790647067.6802459,131.43368700001156,127.27272727272731,-190.9090909090909,21377,21492,166.0,350.0
1790647069.240485,132.9939241000102,136.36363636363637,-190.9090909090909,21538,21836,161.0,344.0
1790647070.8275878,134.58102570002666,145.4545454545455,-190.9090909090909,21752,22162,214.0,326.0
1790647072.485854,136.2392916000099,154.54545454545456,-190.9090909090909,21945,22468,193.0,306.0
1790647074.1040246,137.8574599000276,163.63636363636368,-190.9090909090909,22204,22755,259.0,287.0
1790647075.7656586,139.51909210003214,172.72727272727275,-190.9090909090909,22457,23064,253.0,309.0
1790647077.312501,141.06593260000227,181.81818181818187,-190.9090909090909,22740,23307,283.0,243.0
1790647078.9828627,142.73629210004583,190.90909090909093,-190.9090909090909,23033,23526,293.0,219.0
1790647080.555569,144.30899779999163,200.0,-190.9090909090909,23372,23709,339.0,183.0
1790647082.1264477,145.87987420003628,-200.0,-181.8181818181818,23700,23905,328.0,196.0
1790647083.7441578,147.49758260004455,-190.9090909090909,-181.8181818181818,24055,24063,355.0,158.0
1790647085.3450282,149.09845170000335,-181.8181818181818,-181.8181818181818,24444,24233,389.0,170.0
1790647086.9430218,150.69644349999726,-172.72727272727272,-181.8181818181818,24848,24389,404.0,156.0
1790647088.5078285,152.26124910003273,-163.63636363636363,-181.8181818181818,25287,24538,439.0,149.0
1790647090.128858,153.88227679999545,-154.54545454545453,-181.8181818181818,25684,24667,397.0,129.0
1790647091.7044435,155.4578607000294,-145.45454545454544,-181.8181818181818,26113,24773,429.0,106.0
1790647093.2335975,156.98701290000463,-136.36363636363637,-181.8181818181818,26534,24893,421.0,120.0
1790647094.7958755,158.5492896999931,-127.27272727272727,-181.8181818181818,26910,25033,376.0,140.0
1790647096.3875232,160.14093540003523,-118.18181818181817,-181.8181818181818,27304,25164,394.0,131.0
1790647097.9498582,161.7032690999913,-109.09090909090908,-181.8181818181818,27671,25300,367.0,136.0
1790647099.5744214,163.32783050002763,-99.99999999999999,-181.8181818181818,28030,25465,359.0,165.0
1790647101.2115262,164.96493390004616,-90.9090909090909,-181.8181818181818,28371,25625,341.0,160.0
1790647102.7512016,166.50460829999065,-81.81818181818181,-181.8181818181818,28684,25800,313.0,175.0
1790647104.3064306,168.05983530002413,-72.72727272727272,-181.8181818181818,29017,26004,333.0,204.0
1790647105.8649955,169.6183986000251,-63.636363636363626,-181.8181818181818,29333,26207,316.0,203.0
1790647107.4141726,171.1675737000187,-54.54545454545453,-181.8181818181818,29628,26438,295.0,231.0
1790647109.0158198,172.7692195000127,-45.45454545454544,-181.8181818181818,29855,26680,227.0,242.0
1790647110.6181026,174.37150080001447,-36.363636363636346,-181.8181818181818,30087,26971,232.0,291.0
1790647112.1632273,175.91662430000724,-27.272727272727252,-181.8181818181818,30300,27267,213.0,296.0
1790647113.7580986,177.5114937000326,-18.18181818181816,-181.8181818181818,30492,27572,192.0,305.0
1790647115.2773197,179.0307134000468,-9.090909090909065,-181.8181818181818,30675,27917,183.0,345.0
1790647116.9158258,180.66921770002227,2.842170943040401e-14,-181.8181818181818,30839,28248,164.0,331.0
1790647118.5106804,182.2640706000384,9.090909090909122,-181.8181818181818,30978,28626,139.0,378.0
1790647120.1023285,183.85571720002918,18.181818181818187,-181.8181818181818,31095,28991,117.0,365.0
1790647121.7850118,185.53839960001642,27.27272727272728,-181.8181818181818,31212,29355,117.0,364.0
1790647123.3289888,187.08237409999128,36.363636363636374,-181.8181818181818,31317,29779,105.0,424.0
1790647124.9206967,188.67408080003224,45.45454545454547,-181.8181818181818,31415,30152,98.0,373.0
1790647126.5234902,190.27687240001978,54.54545454545456,-181.8181818181818,31521,30532,106.0,380.0
1790647128.10121,191.85459070000798,63.63636363636368,-181.8181818181818,31628,30940,107.0,408.0
1790647129.6386797,193.39205880003283,72.72727272727275,-181.8181818181818,31748,31341,120.0,401.0
1790647131.3356113,195.08898870000849,81.81818181818187,-181.8181818181818,31855,31731,107.0,390.0
1790647132.9387028,196.69207849999657,90.90909090909093,-181.8181818181818,31968,32100,113.0,369.0
1790647134.5155308,198.2689046000014,100.0,-181.8181818181818,32091,32478,123.0,378.0
1790647136.1093125,199.86268479999853,109.09090909090912,-181.8181818181818,32211,32836,120.0,358.0
1790647137.7645063,201.51787730003707,118.18181818181819,-181.8181818181818,32357,33180,146.0,344.0
1790647139.384891,203.1382610000437,127.27272727272731,-181.8181818181818,32517,33500,160.0,320.0
1790647141.0405707,204.79393800004618,136.36363636363637,-181.8181818181818,32736,33853,219.0,353.0
1790647142.6685195,206.42188580002403,145.4545454545455,-181.8181818181818,32946,34173,210.0,320.0
1790647144.2642834,208.01764780003577,154.54545454545456,-181.8181818181818,33167,34467,221.0,294.0
1790647145.8723645,209.6257273000083,163.63636363636368,-181.8181818181818,33399,34740,232.0,273.0
1790647147.4800017,211.2333631000365,172.72727272727275,-181.8181818181818,33665,34965,266.0,225.0
1790647149.0894184,212.84277809999185,181.81818181818187,-181.8181818181818,33966,35196,301.0,231.0
1790647150.7350714,214.48842930002138,190.90909090909093,-181.8181818181818,34300,35420,334.0,224.0
1790647152.3382418,216.09159830003045,200.0,-181.8181818181818,34597,35611,297.0,191.0
1790647153.867906,217.62126079999143,-200.0,-172.72727272727272,34922,35803,325.0,192.0
1790647155.4422526,219.19560530001763,-190.9090909090909,-172.72727272727272,35347,35973,425.0,170.0
1790647157.0636117,220.8169632999925,-181.8181818181818,-172.72727272727272,35772,36111,425.0,138.0
1790647158.6802952,222.43364510004176,-172.72727272727272,-172.72727272727272,36193,36252,421.0,141.0
1790647160.2859628,224.03931110003032,-163.63636363636363,-172.72727272727272,36618,36391,425.0,139.0
1790647161.9332063,225.6865528000053,-154.54545454545453,-172.72727272727272,37032,36508,414.0,117.0
1790647163.5547397,227.30808540002909,-145.45454545454544,-172.72727272727272,37438,36636,406.0,128.0
1790647165.1309848,228.88432820001617,-136.36363636363637,-172.72727272727272,37802,36764,364.0,128.0
1790647166.766452,230.51979370001936,-127.27272727272727,-172.72727272727272,38197,36909,395.0,145.0
1790647168.387115,232.14045550004812,-118.18181818181817,-172.72727272727272,38581,37049,384.0,140.0
1790647169.947455,233.70079370000167,-109.09090909090908,-172.72727272727272,38948,37207,367.0,158.0
1790647171.549438,235.30277519999072,-99.99999999999999,-172.72727272727272,39310,37377,362.0,170.0
1790647173.1080608,236.86139650002588,-90.9090909090909,-172.72727272727272,39662,37571,352.0,194.0
1790647174.6773975,238.43073190003633,-81.81818181818181,-172.72727272727272,40007,37757,345.0,186.0
1790647176.2699127,240.02324619999854,-72.72727272727272,-172.72727272727272,40279,37963,272.0,206.0
1790647177.839903,241.59323390002828,-63.636363636363626,-172.72727272727272,40538,38186,259.0,223.0
1790647179.4867818,243.2401112000225,-54.54545454545453,-172.72727272727272,40792,38485,254.0,299.0
1790647181.1164246,244.86975220002932,-45.45454545454544,-172.72727272727272,41029,38763,237.0,278.0
1790647182.7443957,246.49772179999854,-36.363636363636346,-172.72727272727272,41248,39036,219.0,273.0
1790647184.303396,248.05672039999627,-27.272727272727252,-172.72727272727272,41422,39352,174.0,316.0
1790647185.9279008,249.68122359999688,-18.18181818181816,-172.72727272727272,41596,39685,174.0,333.0
1790647187.5155118,251.2688332000398,-9.090909090909065,-172.72727272727272,41763,40004,167.0,319.0
1790647189.1071076,252.86042720003752,2.842170943040401e-14,-172.72727272727272,41885,40362,122.0,358.0
1790647190.739933,254.49325100000715,9.090909090909122,-172.72727272727272,42021,40742,136.0,380.0
1790647192.3746555,256.1279722000472,18.181818181818187,-172.72727272727272,42155,41127,134.0,385.0
1790647193.9351466,257.6884612000431,27.27272727272728,-172.72727272727272,42263,41494,108.0,367.0
1790647195.5032868,259.25660030002473,36.363636363636374,-172.72727272727272,42374,41937,111.0,443.0
1790647197.0783634,260.83167510002386,45.45454545454547,-172.72727272727272,42482,42338,108.0,401.0
1790647198.7194011,262.47271120001096,54.54545454545456,-172.72727272727272,42572,42764,90.0,426.0
1790647200.250981,264.00428930000635,63.63636363636368,-172.72727272727272,42667,43169,95.0,405.0
1790647201.9009323,265.65423909999663,72.72727272727275,-172.72727272727272,42796,43575,129.0,406.0
1790647203.516241,267.26954670000123,81.81818181818187,-172.72727272727272,42919,43974,123.0,399.0
1790647205.0925238,268.8458273000433,90.90909090909093,-172.72727272727272,43063,44328,144.0,354.0
1790647206.708876,270.4621781000169,100.0,-172.72727272727272,43203,44670,140.0,342.0
1790647208.32606,272.0793605000363,109.09090909090912,-172.72727272727272,43380,45047,177.0,377.0
1790647210.0210397,273.77433829999063,118.18181818181819,-172.72727272727272,43544,45365,164.0,318.0
1790647211.673415,275.4267122000456,127.27272727272731,-172.72727272727272,43737,45655,193.0,290.0
1790647213.2453876,276.99868300004164,136.36363636363637,-172.72727272727272,43976,45949,239.0,294.0
1790647214.9174898,278.67078330001095,145.4545454545455,-172.72727272727272,44207,46252,231.0,303.0
1790647216.4978924,280.25118530000327,154.54545454545456,-172.72727272727272,44459,46515,252.0,263.0
1790647218.090224,281.84351490001427,163.63636363636368,-172.72727272727272,44748,46757,289.0,242.0
1790647219.713897,283.4671863000258,172.72727272727275,-172.72727272727272,45037,47009,289.0,252.0
1790647221.298566,285.05185430002166,181.81818181818187,-172.72727272727272,45368,47221,331.0,212.0
1790647222.96476,286.7180456999922,190.90909090909093,-172.72727272727272,45707,47399,339.0,178.0
1790647224.5273182,288.28060250001727,200.0,-172.72727272727272,46046,47567,339.0,168.0
1790647226.08865,289.8419330000179,-200.0,-163.63636363636363,46401,47728,355.0,161.0
1790647227.7174876,291.4707683000015,-190.9090909090909,-163.63636363636363,46809,47898,408.0,170.0
1790647229.267473,293.02075260004494,-181.8181818181818,-163.63636363636363,47213,48020,404.0,122.0
1790647230.9079177,294.6611955999979,-172.72727272727272,-163.63636363636363,47612,48128,399.0,108.0
1790647232.5478973,296.3011743000243,-163.63636363636363,-163.63636363636363,48072,48261,460.0,133.0
1790647234.1766937,297.9299683000427,-154.54545454545453,-163.63636363636363,48489,48370,417.0,109.0
1790647235.795302,299.5485746000195,-145.45454545454544,-163.63636363636363,48883,48499,394.0,129.0
1790647237.4022243,301.1554955000174,-136.36363636363637,-163.63636363636363,49325,48644,442.0,145.0
1790647238.9498396,302.70310929999687,-127.27272727272727,-163.63636363636363,49733,48779,408.0,135.0
1790647240.510792,304.2640600000159,-118.18181818181817,-163.63636363636363,50107,48925,374.0,146.0
1790647242.1322427,305.88550910004415,-109.09090909090908,-163.63636363636363,50453,49103,346.0,178.0
1790647243.8111286,307.56439350004075,-99.99999999999999,-163.63636363636363,50764,49298,311.0,195.0
1790647245.3436463,309.096909600019,-90.9090909090909,-163.63636363636363,51080,49491,316.0,193.0
1790647246.9356387,310.68890060001286,-81.81818181818181,-163.63636363636363,51385,49705,305.0,214.0
1790647248.5080464,312.2613064000034,-72.72727272727272,-163.63636363636363,51636,49963,251.0,258.0
1790647250.1175265,313.870784800034,-63.636363636363626,-163.63636363636363,51891,50243,255.0,280.0
1790647251.7319064,315.4851634000079,-54.54545454545453,-163.63636363636363,52108,50487,217.0,244.0
1790647253.3425863,317.09584170003654,-45.45454545454544,-163.63636363636363,52318,50758,210.0,271.0
1790647254.9995484,318.7528017000295,-36.363636363636346,-163.63636363636363,52520,51075,202.0,317.0
1790647256.571276,320.32452910003485,-27.272727272727252,-163.63636363636363,52681,51397,161.0,322.0
1790647258.168699,321.9219498000457,-18.18181818181816,-163.63636363636363,52843,51697,162.0,300.0
1790647259.7311168,323.48436560004484,-9.090909090909065,-163.63636363636363,52963,52046,120.0,349.0
1790647261.3311715,325.0844188000192,2.842170943040401e-14,-163.63636363636363,53094,52412,131.0,366.0
1790647262.966126,326.71937190002063,9.090909090909122,-163.63636363636363,53205,52765,111.0,353.0
1790647264.5442972,328.29754130000947,18.181818181818187,-163.63636363636363,53319,53184,114.0,419.0
1790647266.10442,329.8576619999949,27.27272727272728,-163.63636363636363,53437,53569,118.0,385.0
1790647267.6344426,331.38768390001496,36.363636363636374,-163.63636363636363,53546,53990,109.0,421.0
1790647269.1636503,332.91688950004755,45.45454545454547,-163.63636363636363,53659,54369,113.0,379.0
1790647270.7084997,334.46173810004257,54.54545454545456,-163.63636363636363,53738,54751,79.0,382.0
1790647272.2973723,336.0506089000264,63.63636363636368,-163.63636363636363,53846,55150,108.0,399.0
1790647273.8556273,337.6088616999914,72.72727272727275,-163.63636363636363,53943,55563,97.0,413.0
1790647275.3831642,339.13639729999704,81.81818181818187,-163.63636363636363,54068,55950,125.0,387.0
1790647276.9626653,340.71589739999035,90.90909090909093,-163.63636363636363,54218,56306,150.0,356.0
1790647278.5154283,342.26865919999545,100.0,-163.63636363636363,54380,56671,162.0,365.0
1790647280.0612214,343.8144500000053,109.09090909090912,-163.63636363636363,54559,57049,179.0,378.0
1790647281.6160235,345.36925039999187,118.18181818181819,-163.63636363636363,54759,57387,200.0,338.0
1790647283.193561,346.94678659999045,127.27272727272731,-163.63636363636363,54975,57706,216.0,319.0
1790647284.6946409,348.4478644999908,136.36363636363637,-163.63636363636363,55233,58005,258.0,299.0
1790647286.2613204,350.01454260002356,145.4545454545455,-163.63636363636363,55489,58288,256.0,283.0
1790647287.852622,351.60584299999755,154.54545454545456,-163.63636363636363,55797,58541,308.0,253.0
1790647289.3847222,353.13794159999816,163.63636363636368,-163.63636363636363,56103,58778,306.0,237.0
1790647290.9283106,354.6815284000477,172.72727272727275,-163.63636363636363,56429,58999,326.0,221.0
1790647292.5582464,356.3114625000162,181.81818181818187,-163.63636363636363,56793,59188,364.0,189.0
1790647294.0672677,357.8204822000116,190.90909090909093,-163.63636363636363,57177,59360,384.0,172.0
1790647295.6127195,359.36593230004655,200.0,-163.63636363636363,57530,59545,353.0,185.0
1790647297.1401098,360.8933210000396,-200.0,-154.54545454545453,57939,59685,409.0,140.0
1790647298.7014382,362.4546484000166,-190.9090909090909,-154.54545454545453,58357,59803,418.0,118.0
1790647300.2553518,364.00856010004645,-181.8181818181818,-154.54545454545453,58808,59916,451.0,113.0
1790647301.8347397,365.58794610004406,-172.72727272727272,-154.54545454545453,59225,60060,417.0,144.0
1790647303.4109428,367.1641482000123,-163.63636363636363,-154.54545454545453,59679,60191,454.0,131.0
1790647304.9362235,368.6894273000071,-154.54545454545453,-154.54545454545453,60058,60301,379.0,110.0
1790647306.508577,370.2617789999931,-145.45454545454544,-154.54545454545453,60486,60435,428.0,134.0
1790647308.037055,371.790255800006,-136.36363636363637,-154.54545454545453,60906,60573,420.0,138.0
1790647309.6093898,373.3625892000273,-127.27272727272727,-154.54545454545453,61314,60744,408.0,171.0
1790647311.1399515,374.89314870000817,-118.18181818181817,-154.54545454545453,61675,60909,361.0,165.0
1790647312.7289999,376.48219589999644,-109.09090909090908,-154.54545454545453,62024,61103,349.0,194.0
1790647314.3020918,378.0552860000171,-99.99999999999999,-154.54545454545453,62329,61299,305.0,196.0
1790647315.8275502,379.5807428000262,-90.9090909090909,-154.54545454545453,62597,61536,268.0,237.0
1790647317.3725526,381.1257439000183,-81.81818181818181,-154.54545454545453,62859,61750,262.0,214.0
1790647318.9309776,382.6841673000017,-72.72727272727272,-154.54545454545453,63107,61994,248.0,244.0
1790647320.4722574,384.2254452999914,-63.636363636363626,-154.54545454545453,63347,62275,240.0,281.0
1790647322.120217,385.8734031000058,-54.54545454545453,-154.54545454545453,63572,62567,225.0,292.0
1790647323.740498,387.4936832000385,-45.45454545454544,-154.54545454545453,63759,62883,187.0,316.0
1790647325.2526395,389.00582280004164,-36.363636363636346,-154.54545454545453,63927,63223,168.0,340.0
1790647326.777048,390.5302298000315,-27.272727272727252,-154.54545454545453,64060,63565,133.0,342.0
1790647328.2977703,392.0509504000074,-18.18181818181816,-154.54545454545453,64197,63907,137.0,342.0
1790647329.880761,393.63393970002653,-9.090909090909065,-154.54545454545453,64311,64285,114.0,378.0
1790647331.4230208,395.1761976000271,2.842170943040401e-14,-154.54545454545453,64434,64634,123.0,349.0
1790647333.0295846,396.7827599000302,9.090909090909122,-154.54545454545453,64536,64979,102.0,345.0
1790647334.6226041,398.3757782000466,18.181818181818187,-154.54545454545453,64627,65357,91.0,378.0
1790647336.1649082,399.9180808000383,27.27272727272728,-154.54545454545453,64750,65749,123.0,392.0
1790647337.7197654,401.4729364000377,36.363636363636374,-154.54545454545453,64855,66132,105.0,383.0
1790647339.2453692,402.9985385000473,45.45454545454547,-154.54545454545453,64952,66516,97.0,384.0
1790647340.7649388,404.51810660003684,54.54545454545456,-154.54545454545453,65062,66892,110.0,376.0
1790647342.324043,406.07720950001385,63.63636363636368,-154.54545454545453,65187,67264,125.0,372.0
1790647343.8292468,407.5824114000425,72.72727272727275,-154.54545454545453,65307,67611,120.0,347.0
1790647345.4276316,409.1807948999922,81.81818181818187,-154.54545454545453,65467,67978,160.0,367.0
1790647346.973174,410.72633570001926,90.90909090909093,-154.54545454545453,65637,68317,170.0,339.0
1790647348.4981453,412.2513053000439,100.0,-154.54545454545453,65800,68650,163.0,333.0
1790647350.0056453,413.7588039000402,109.09090909090912,-154.54545454545453,65995,68960,195.0,310.0
1790647351.5021126,415.2552695000195,118.18181818181819,-154.54545454545453,66208,69267,213.0,307.0
1790647353.067949,416.8211044000345,127.27272727272731,-154.54545454545453,66464,69559,256.0,292.0
1790647354.6227374,418.37589120003395,136.36363636363637,-154.54545454545453,66725,69815,261.0,256.0
1790647356.1344545,419.8876070000115,145.4545454545455,-154.54545454545453,66995,70065,270.0,250.0
1790647357.6479354,421.40108620002866,154.54545454545456,-154.54545454545453,67314,70288,319.0,223.0
1790647359.1776006,422.930749799998,163.63636363636368,-154.54545454545453,67611,70493,297.0,205.0
1790647360.78259,424.5357379000052,172.72727272727275,-154.54545454545453,67939,70675,328.0,182.0
1790647362.3243377,426.07748370000627,181.81818181818187,-154.54545454545453,68330,70873,391.0,198.0
1790647363.9111698,427.6643142999965,190.90909090909093,-154.54545454545453,68695,71056,365.0,183.0
1790647365.4217207,429.17486420000205,200.0,-154.54545454545453,69057,71216,362.0,160.0
1790647366.948958,430.7020995999919,-200.0,-145.45454545454544,69462,71326,405.0,110.0
1790647368.465889,432.219029400032,-190.9090909090909,-145.45454545454544,69856,71458,394.0,132.0
1790647369.9930036,433.7461421000189,-181.8181818181818,-145.45454545454544,70263,71571,407.0,113.0
1790647371.539891,435.2930277000414,-172.72727272727272,-145.45454545454544,70702,71685,439.0,114.0
1790647373.179256,436.93239160004305,-163.63636363636363,-145.45454545454544,71101,71809,399.0,124.0
1790647374.764025,438.5171595000429,-154.54545454545453,-145.45454545454544,71505,71961,404.0,152.0
1790647376.2765417,440.0296739000478,-145.45454545454544,-145.45454545454544,71897,72086,392.0,125.0
1790647377.8330603,441.58619090000866,-136.36363636363637,-145.45454545454544,72268,72239,371.0,153.0
1790647379.3554215,443.1085507000098,-127.27272727272727,-145.45454545454544,72620,72411,352.0,172.0
1790647380.9446132,444.6977404000354,-118.18181818181817,-145.45454545454544,72965,72570,345.0,159.0
1790647382.5401754,446.2933012000285,-109.09090909090908,-145.45454545454544,73270,72774,305.0,204.0
1790647384.0968275,447.84995230002096,-99.99999999999999,-145.45454545454544,73582,72969,312.0,195.0
1790647385.64493,449.398052500037,-90.9090909090909,-145.45454545454544,73840,73175,258.0,206.0
1790647387.2193828,450.9725039000041,-81.81818181818181,-145.45454545454544,74073,73450,233.0,275.0
1790647388.764634,452.5177536000265,-72.72727272727272,-145.45454545454544,74311,73710,238.0,260.0
1790647390.2757132,454.02883130003465,-63.636363636363626,-145.45454545454544,74533,74026,222.0,316.0
1790647391.8349707,455.5880872000125,-54.54545454545453,-145.45454545454544,74725,74315,192.0,289.0
1790647393.4230464,457.1761613000417,-45.45454545454544,-145.45454545454544,74878,74620,153.0,305.0
1790647394.981718,458.73483150004176,-36.363636363636346,-145.45454545454544,75024,74945,146.0,325.0
1790647396.5694325,460.3225450000027,-27.272727272727252,-145.45454545454544,75156,75290,132.0,345.0
1790647398.1048043,461.8579150000005,-18.18181818181816,-145.45454545454544,75307,75649,151.0,359.0
1790647399.6425092,463.39561850001337,-9.090909090909065,-145.45454545454544,75410,76054,103.0,405.0
1790647401.218325,464.97143209999194,2.842170943040401e-14,-145.45454545454544,75516,76437,106.0,383.0
1790647402.796365,466.5494708000333,9.090909090909122,-145.45454545454544,75617,76803,101.0,366.0
1790647404.4069684,468.16007230000105,18.181818181818187,-145.45454545454544,75709,77172,92.0,369.0
1790647405.9483187,469.70142140000826,27.27272727272728,-145.45454545454544,75819,77546,110.0,374.0
1790647407.4866555,471.2397568000015,36.363636363636374,-145.45454545454544,75932,77939,113.0,393.0
1790647409.0177429,472.77084240003023,45.45454545454547,-145.45454545454544,76039,78344,107.0,405.0
1790647410.5423944,474.29549300001236,54.54545454545456,-145.45454545454544,76156,78764,117.0,420.0
1790647412.1401656,475.89326230000006,63.63636363636368,-145.45454545454544,76299,79140,143.0,376.0
1790647413.6858373,477.43893220002064,72.72727272727275,-145.45454545454544,76438,79486,139.0,346.0
1790647415.2296574,478.98275070003,81.81818181818187,-145.45454545454544,76605,79846,167.0,360.0
1790647416.7583823,480.51147440000204,90.90909090909093,-145.45454545454544,76792,80183,187.0,337.0
1790647418.2846127,482.03770280000754,100.0,-145.45454545454544,77004,80510,212.0,327.0
1790647419.8469543,483.6000428000116,109.09090909090912,-145.45454545454544,77226,80785,222.0,275.0
1790647421.3880696,485.1411567000323,118.18181818181819,-145.45454545454544,77463,81090,237.0,305.0
1790647422.9818442,486.73492980003357,127.27272727272731,-145.45454545454544,77731,81372,268.0,282.0
1790647424.5268748,488.2799590000068,136.36363636363637,-145.45454545454544,78009,81593,278.0,221.0
1790647426.0894287,489.84251129999757,145.4545454545455,-145.45454545454544,78310,81840,301.0,247.0
1790647427.6760848,491.42916580004385,154.54545454545456,-145.45454545454544,78620,82057,310.0,217.0
1790647429.2211552,492.9742348000291,163.63636363636368,-145.45454545454544,78975,82241,355.0,184.0
1790647430.744447,494.4975251000142,172.72727272727275,-145.45454545454544,79350,82412,375.0,171.0
1790647432.317462,496.07053800002905,181.81818181818187,-145.45454545454544,79732,82593,382.0,181.0
1790647433.9157586,497.6688329000026,190.90909090909093,-145.45454545454544,80106,82727,374.0,134.0
1790647435.4745305,499.2276034000097,200.0,-145.45454545454544,80533,82883,427.0,156.0
1790647436.9873388,500.7404106000322,-200.0,-136.36363636363637,80937,83027,404.0,144.0
1790647438.5156834,502.26875310001196,-190.9090909090909,-136.36363636363637,81328,83173,391.0,146.0
1790647440.0893168,503.84238510002615,-181.8181818181818,-136.36363636363637,81731,83317,403.0,144.0
1790647441.6192093,505.37227630004054,-172.72727272727272,-136.36363636363637,82140,83428,409.0,111.0
1790647443.1824524,506.9355179000413,-163.63636363636363,-136.36363636363637,82507,83586,367.0,158.0
1790647444.6973982,508.45046210003784,-154.54545454545453,-136.36363636363637,82890,83734,383.0,148.0
1790647446.236755,509.9898172999965,-145.45454545454544,-136.36363636363637,83238,83894,348.0,160.0
1790647447.7959065,511.54896720004035,-136.36363636363637,-136.36363636363637,83599,84082,361.0,188.0
1790647449.3123531,513.0654119999963,-127.27272727272727,-136.36363636363637,83984,84243,385.0,161.0
1790647450.9013045,514.6543622000027,-118.18181818181817,-136.36363636363637,84256,84449,272.0,206.0
1790647452.4838746,516.2369310000213,-109.09090909090908,-136.36363636363637,84561,84674,305.0,225.0
1790647454.0411496,517.7942041000351,-99.99999999999999,-136.36363636363637,84852,84914,291.0,240.0
1790647455.5962172,519.3492700000061,-90.9090909090909,-136.36363636363637,85070,85138,218.0,224.0
1790647457.15497,520.9080214000423,-81.81818181818181,-136.36363636363637,85322,85420,252.0,282.0
1790647458.6984587,522.4515085000312,-72.72727272727272,-136.36363636363637,85528,85711,206.0,291.0
1790647460.2711883,524.0242368000327,-63.636363636363626,-136.36363636363637,85713,86021,185.0,310.0
1790647461.8108883,525.5639348000404,-54.54545454545453,-136.36363636363637,85882,86370,169.0,349.0
1790647463.4472873,527.2003325000405,-45.45454545454544,-136.36363636363637,86047,86752,165.0,382.0
1790647464.988519,528.741562500014,-36.363636363636346,-136.36363636363637,86170,87113,123.0,361.0
1790647466.543528,530.2965702000074,-27.272727272727252,-136.36363636363637,86303,87461,133.0,348.0
1790647468.0966446,531.8496850000229,-18.18181818181816,-136.36363636363637,86418,87824,115.0,363.0
1790647469.6362042,533.3892436000169,-9.090909090909065,-136.36363636363637,86515,88206,97.0,382.0
1790647471.2545295,535.007566699991,2.842170943040401e-14,-136.36363636363637,86625,88634,110.0,428.0
1790647472.8072581,536.5602939000237,9.090909090909122,-136.36363636363637,86737,89035,112.0,401.0
1790647474.3447433,538.0977772999904,18.181818181818187,-136.36363636363637,86843,89453,106.0,418.0
1790647475.903943,539.6569758999976,27.27272727272728,-136.36363636363637,86972,89838,129.0,385.0
1790647477.4547653,541.2077963000047,36.363636363636374,-136.36363636363637,87089,90269,117.0,431.0
1790647479.0102987,542.7633279000293,45.45454545454547,-136.36363636363637,87223,90669,134.0,400.0
1790647480.5696156,544.3226435999968,54.54545454545456,-136.36363636363637,87369,91072,146.0,403.0
1790647482.2023919,545.9554183,63.63636363636368,-136.36363636363637,87495,91451,126.0,379.0
1790647483.8483663,547.6013912000344,72.72727272727275,-136.36363636363637,87669,91794,174.0,343.0
1790647485.373407,549.1264306000085,81.81818181818187,-136.36363636363637,87843,92115,174.0,321.0
1790647486.93189,550.6849122000276,90.90909090909093,-136.36363636363637,88039,92438,196.0,323.0
1790647488.501386,552.2544058000203,100.0,-136.36363636363637,88279,92760,240.0,322.0
1790647490.0778143,553.8308325000107,109.09090909090912,-136.36363636363637,88503,93042,224.0,282.0
1790647491.606203,555.3592202000436,118.18181818181819,-136.36363636363637,88756,93289,253.0,247.0
1790647493.2065907,556.9596060000476,127.27272727272731,-136.36363636363637,89039,93535,283.0,246.0
1790647494.7324052,558.4854193000356,136.36363636363637,-136.36363636363637,89336,93766,297.0,231.0
1790647496.291699,560.0447115999996,145.4545454545455,-136.36363636363637,89664,93960,328.0,194.0
1790647497.813087,561.5660984000424,154.54545454545456,-136.36363636363637,89979,94186,315.0,226.0
1790647499.3252234,563.0782323000021,163.63636363636368,-136.36363636363637,90345,94364,366.0,178.0
1790647500.8672278,564.6202359000454,172.72727272727275,-136.36363636363637,90720,94530,375.0,166.0
1790647502.417107,566.1701134000323,181.81818181818187,-136.36363636363637,91100,94695,380.0,165.0
1790647504.0178533,567.7708580000326,190.90909090909093,-136.36363636363637,91502,94832,402.0,137.0
1790647505.5741885,569.3271916999947,200.0,-136.36363636363637,91941,94986,439.0,154.0
1790647507.1156375,570.8686390999937,-200.0,-127.27272727272727,92355,95097,414.0,111.0
1790647508.6435058,572.3965058000176,-190.9090909090909,-127.27272727272727,92777,95219,422.0,122.0
1790647510.2101388,573.9631373000448,-181.8181818181818,-127.27272727272727,93182,95345,405.0,126.0
1790647511.736625,575.4896221000236,-172.72727272727272,-127.27272727272727,93593,95494,411.0,149.0
1790647513.335247,577.0882421000279,-163.63636363636363,-127.27272727272727,93982,95620,389.0,126.0
1790647514.9769204,578.7299143000273,-154.54545454545453,-127.27272727272727,94366,95771,384.0,151.0
1790647516.5606768,580.3136691999971,-145.45454545454544,-127.27272727272727,94690,95932,324.0,161.0
1790647518.1032107,581.8562016999931,-136.36363636363637,-127.27272727272727,95015,96120,325.0,188.0
1790647519.6602201,583.413209100021,-127.27272727272727,-127.27272727272727,95352,96313,337.0,193.0
1790647521.1948018,584.9477891999995,-118.18181818181817,-127.27272727272727,95682,96519,330.0,206.0
1790647522.750071,586.5030568999937,-109.09090909090908,-127.27272727272727,95973,96743,291.0,224.0
1790647524.307063,588.0600476000109,-99.99999999999999,-127.27272727272727,96230,97003,257.0,260.0
1790647525.9125748,589.6655572000309,-90.9090909090909,-127.27272727272727,96474,97292,244.0,289.0
1790647527.4530969,591.206078200019,-81.81818181818181,-127.27272727272727,96673,97587,199.0,295.0
1790647528.9796443,592.7326243999996,-72.72727272727272,-127.27272727272727,96885,97879,212.0,292.0
1790647530.5047317,594.2577098000329,-63.636363636363626,-127.27272727272727,97069,98217,184.0,338.0
1790647531.998835,595.7518115999992,-54.54545454545453,-127.27272727272727,97215,98583,146.0,366.0
1790647533.5828621,597.3358370999922,-45.45454545454544,-127.27272727272727,97339,98921,124.0,338.0
1790647535.1559937,598.9089670000249,-36.363636363636346,-127.27272727272727,97459,99293,120.0,372.0
1790647536.7217388,600.4747110000462,-27.272727272727252,-127.27272727272727,97576,99673,117.0,380.0
1790647538.23241,601.9853804000304,-18.18181818181816,-127.27272727272727,97686,100070,110.0,397.0
1790647539.813744,603.5667126000044,-9.090909090909065,-127.27272727272727,97784,100473,98.0,403.0
1790647541.341619,605.0945866000257,2.842170943040401e-14,-127.27272727272727,97889,100884,105.0,411.0
1790647542.8852139,606.6381798000075,9.090909090909122,-127.27272727272727,97986,101273,97.0,389.0
1790647544.4911745,608.2441382000106,18.181818181818187,-127.27272727272727,98090,101643,104.0,370.0
1790647546.0772538,609.8302166000358,27.27272727272728,-127.27272727272727,98196,102031,106.0,388.0
1790647547.692202,611.4451627000235,36.363636363636374,-127.27272727272727,98316,102369,120.0,338.0
1790647549.2249339,612.9778939000098,45.45454545454547,-127.27272727272727,98438,102741,122.0,372.0
1790647550.7211459,614.4741036000196,54.54545454545456,-127.27272727272727,98593,103105,155.0,364.0
1790647552.3028624,616.0558182999957,63.63636363636368,-127.27272727272727,98757,103459,164.0,354.0
1790647553.866336,617.6192906000069,72.72727272727275,-127.27272727272727,98942,103783,185.0,324.0
1790647555.3640058,619.1169593000086,81.81818181818187,-127.27272727272727,99143,104109,201.0,326.0
1790647556.90328,620.6562320000376,90.90909090909093,-127.27272727272727,99362,104417,219.0,308.0
1790647558.4453063,622.1982568000094,100.0,-127.27272727272727,99589,104707,227.0,290.0
1790647559.9624996,623.7154480000027,109.09090909090912,-127.27272727272727,99851,104977,262.0,270.0
1790647561.495199,625.2481459000264,118.18181818181819,-127.27272727272727,100140,105221,289.0,244.0
1790647563.022415,626.7753602000303,127.27272727272731,-127.27272727272727,100462,105461,322.0,240.0
1790647564.6200163,628.3729611000163,136.36363636363637,-127.27272727272727,100814,105698,352.0,237.0
1790647566.1873274,629.9402696000179,145.4545454545455,-127.27272727272727,101193,105895,379.0,197.0
1790647567.730463,631.483404300001,154.54545454545456,-127.27272727272727,101596,106078,403.0,183.0
1790647569.277779,633.030718700029,163.63636363636368,-127.27272727272727,101944,106263,348.0,185.0
1790647570.8393323,634.5922703000251,172.72727272727275,-127.27272727272727,102311,106404,367.0,141.0
1790647572.3807354,636.1336717000231,181.81818181818187,-127.27272727272727,102711,106556,400.0,152.0
1790647573.9826503,637.7355847000144,190.90909090909093,-127.27272727272727,103135,106684,424.0,128.0
1790647575.5715356,639.3244691000436,200.0,-127.27272727272727,103530,106804,395.0,120.0
1790647577.096274,640.8492052000365,-200.0,-118.18181818181817,103918,106924,388.0,120.0
1790647578.6257062,642.3786362000392,-190.9090909090909,-118.18181818181817,104338,107039,420.0,115.0
1790647580.2016325,643.9545606000465,-181.8181818181818,-118.18181818181817,104737,107168,399.0,129.0
1790647581.8248408,645.5777679000166,-172.72727272727272,-118.18181818181817,105099,107305,362.0,137.0
1790647583.353522,647.1064478000044,-163.63636363636363,-118.18181818181817,105486,107464,387.0,159.0
1790647584.8515835,648.6045071000117,-154.54545454545453,-118.18181818181817,105863,107651,377.0,187.0
1790647586.4057698,650.1586916000233,-145.45454545454544,-118.18181818181817,106173,107829,310.0,178.0
1790647588.0279243,651.7808447999996,-136.36363636363637,-118.18181818181817,106475,108012,302.0,183.0
1790647589.5461073,653.2990269000293,-127.27272727272727,-118.18181818181817,106797,108218,322.0,206.0
1790647591.0800395,654.8329569000052,-118.18181818181817,-118.18181818181817,107034,108461,237.0,243.0
1790647592.6232095,656.3761250000098,-109.09090909090908,-118.18181818181817,107282,108698,248.0,237.0
1790647594.2160163,657.968931200041,-99.99999999999999,-118.18181818181817,107512,108945,230.0,247.0
1790647595.7675924,659.520505100023,-90.9090909090909,-118.18181818181817,107701,109258,189.0,313.0
1790647597.3168159,661.0697269000229,-81.81818181818181,-118.18181818181817,107887,109545,186.0,287.0
1790647598.81093,662.5638393000118,-72.72727272727272,-118.18181818181817,108044,109845,157.0,300.0
1790647600.4150796,664.1679879000294,-63.636363636363626,-118.18181818181817,108188,110180,144.0,335.0
1790647601.9409907,665.6938973999931,-54.54545454545453,-118.18181818181817,108346,110538,158.0,358.0
1790647603.5015576,667.2544635999948,-45.45454545454544,-118.18181818181817,108477,110915,131.0,377.0
1790647605.1298747,668.8827780000283,-36.363636363636346,-118.18181818181817,108590,111279,113.0,364.0
1790647606.655115,670.4080167000066,-27.272727272727252,-118.18181818181817,108691,111676,101.0,397.0
1790647608.222411,671.975311200018,-18.18181818181816,-118.18181818181817,108782,112088,91.0,412.0
1790647609.7658727,673.5187714000349,-9.090909090909065,-118.18181818181817,108889,112502,107.0,414.0
1790647611.2857103,675.0386077000294,2.842170943040401e-14,-118.18181818181817,108990,112918,101.0,416.0
1790647612.822022,676.5749176000245,9.090909090909122,-118.18181818181817,109103,113296,113.0,378.0
1790647614.4627,678.2155940000084,18.181818181818187,-118.18181818181817,109204,113681,101.0,385.0
1790647616.0163271,679.769219800015,27.27272727272728,-118.18181818181817,109329,114019,125.0,338.0
1790647617.5292938,681.2821853000205,36.363636363636374,-118.18181818181817,109480,114387,151.0,368.0
1790647619.0402205,682.7931101000286,45.45454545454547,-118.18181818181817,109603,114705,123.0,318.0
1790647620.569495,684.3223828999908,54.54545454545456,-118.18181818181817,109774,115053,171.0,348.0
1790647622.1748216,685.9277078000014,63.63636363636368,-118.18181818181817,109955,115384,181.0,331.0
1790647623.7092605,687.4621454000007,72.72727272727275,-118.18181818181817,110174,115688,219.0,304.0
1790647625.3220294,689.0749123000423,81.81818181818187,-118.18181818181817,110409,115995,235.0,307.0
1790647626.8761373,690.6290187000413,90.90909090909093,-118.18181818181817,110657,116291,248.0,296.0
1790647628.3861547,692.1390350000001,100.0,-118.18181818181817,110905,116557,248.0,266.0
1790647629.9182043,693.6710832000244,109.09090909090912,-118.18181818181817,111203,116801,298.0,244.0
1790647631.4771774,695.2300545000471,118.18181818181819,-118.18181818181817,111502,117018,299.0,217.0
1790647633.0345833,696.78745850001,127.27272727272731,-118.18181818181817,111833,117205,331.0,187.0
1790647634.6240854,698.3769594000187,136.36363636363637,-118.18181818181817,112134,117394,301.0,189.0
1790647636.1790357,699.93190830003,145.4545454545455,-118.18181818181817,112498,117572,364.0,178.0
1790647637.7200572,701.4729281000327,154.54545454545456,-118.18181818181817,112894,117741,396.0,169.0
1790647639.2634125,703.0162818999961,163.63636363636368,-118.18181818181817,113224,117875,330.0,134.0
1790647640.8252456,704.5781138000311,172.72727272727275,-118.18181818181817,113610,118015,386.0,140.0
1790647642.3978705,706.1507365000434,181.81818181818187,-118.18181818181817,113999,118151,389.0,136.0
1790647643.9496548,707.7025198000483,190.90909090909093,-118.18181818181817,114397,118272,398.0,121.0
1790647645.5384846,709.2913477999973,200.0,-118.18181818181817,114814,118397,417.0,125.0
1790647647.0748787,710.8277401000378,-200.0,-109.09090909090908,115247,118515,433.0,118.0
1790647648.6111734,712.3640332000214,-190.9090909090909,-109.09090909090908,115633,118682,386.0,167.0
1790647650.1346772,713.8875354000484,-181.8181818181818,-109.09090909090908,116001,118795,368.0,113.0
1790647651.698197,715.4510536000016,-172.72727272727272,-109.09090909090908,116367,118965,366.0,170.0
1790647653.2414167,716.9942722000415,-163.63636363636363,-109.09090909090908,116684,119152,317.0,187.0
1790647654.8514473,718.604301000014,-154.54545454545453,-109.09090909090908,117014,119335,330.0,183.0
1790647656.4215598,720.1744132000022,-145.45454545454544,-109.09090909090908,117354,119550,340.0,215.0
1790647657.9312813,721.684132400027,-136.36363636363637,-109.09090909090908,117648,119764,294.0,214.0
1790647659.4866211,723.2394702000311,-127.27272727272727,-109.09090909090908,117911,119986,263.0,222.0
1790647661.0858939,724.8387412000448,-118.18181818181817,-109.09090909090908,118152,120245,241.0,259.0
1790647662.6867387,726.4395843000384,-109.09090909090908,-109.09090909090908,118379,120497,227.0,252.0
1790647664.2116551,727.9644993999973,-99.99999999999999,-109.09090909090908,118583,120808,204.0,311.0
1790647665.7732713,729.5261140000075,-90.9090909090909,-109.09090909090908,118744,121083,161.0,275.0
1790647667.3748386,731.1276798000326,-81.81818181818181,-109.09090909090908,118898,121392,154.0,309.0
1790647668.9150045,732.6678441000404,-72.72727272727272,-109.09090909090908,119060,121737,162.0,345.0
1790647670.4250362,734.1778743000468,-63.636363636363626,-109.09090909090908,119195,122080,135.0,343.0
1790647671.9727657,735.7256023000227,-54.54545454545453,-109.09090909090908,119334,122430,139.0,350.0
1790647673.4884057,737.2412408000091,-45.45454545454544,-109.09090909090908,119436,122769,102.0,339.0
1790647675.0994143,738.8522480000393,-36.363636363636346,-109.09090909090908,119550,123112,114.0,343.0
1790647676.6235683,740.3764007000136,-27.272727272727252,-109.09090909090908,119652,123538,102.0,426.0
1790647678.1637943,741.9166245000088,-18.18181818181816,-109.09090909090908,119754,123894,102.0,356.0
1790647679.7163496,743.4691785000032,-9.090909090909065,-109.09090909090908,119855,124279,101.0,385.0
1790647681.2304337,744.9832608000142,2.842170943040401e-14,-109.09090909090908,119966,124653,111.0,374.0
1790647682.785357,746.5381832999992,9.090909090909122,-109.09090909090908,120090,125059,124.0,406.0
1790647684.3265576,748.0793819000246,18.181818181818187,-109.09090909090908,120216,125453,126.0,394.0
1790647685.9107702,749.6635924000293,27.27272727272728,-109.09090909090908,120331,125798,115.0,345.0
1790647687.465503,751.2183243000181,36.363636363636374,-109.09090909090908,120475,126174,144.0,376.0
1790647688.9595852,752.7124049999984,45.45454545454547,-109.09090909090908,120613,126487,138.0,313.0
1790647690.4748936,754.2277115000179,54.54545454545456,-109.09090909090908,120785,126797,172.0,310.0
1790647692.047418,755.800234400027,63.63636363636368,-109.09090909090908,121001,127120,216.0,323.0
1790647693.5918057,757.3446208999958,72.72727272727275,-109.09090909090908,121201,127412,200.0,292.0
1790647695.2458007,758.9986143000424,81.81818181818187,-109.09090909090908,121442,127685,241.0,273.0
1790647696.8013153,760.554127200041,90.90909090909093,-109.09090909090908,121729,127921,287.0,236.0
1790647698.4035735,762.1563834000262,100.0,-109.09090909090908,121993,128173,264.0,252.0
1790647699.9269612,763.6797695000423,109.09090909090912,-109.09090909090908,122294,128398,301.0,225.0
1790647701.455107,765.2079140000278,118.18181818181819,-109.09090909090908,122617,128583,323.0,185.0
1790647703.0002854,766.753090800019,127.27272727272731,-109.09090909090908,122955,128757,338.0,174.0
1790647704.6109345,768.3637386999908,136.36363636363637,-109.09090909090908,123311,128915,356.0,158.0
1790647706.1446638,769.8974659999949,145.4545454545455,-109.09090909090908,123686,129069,375.0,154.0
1790647707.6568854,771.4096863000304,154.54545454545456,-109.09090909090908,124072,129215,386.0,146.0
1790647709.1984596,772.9512590999948,163.63636363636368,-109.09090909090908,124465,129361,393.0,146.0
1790647710.7296097,774.4824075000361,172.72727272727275,-109.09090909090908,124888,129509,423.0,148.0
1790647712.3267722,776.079568599991,181.81818181818187,-109.09090909090908,125325,129633,437.0,124.0
1790647713.889785,777.6425795000396,190.90909090909093,-109.09090909090908,125731,129760,406.0,127.0
1790647715.460384,779.213176899997,200.0,-109.09090909090908,126125,129882,394.0,122.0
1790647717.008132,780.760924000002,-200.0,-99.99999999999999,126549,130011,424.0,129.0
1790647718.567425,782.3202150000143,-190.9090909090909,-99.99999999999999,126938,130153,389.0,142.0
1790647720.1403012,783.8930898000253,-181.8181818181818,-99.99999999999999,127291,130310,353.0,157.0
1790647721.6585004,785.4112874999992,-172.72727272727272,-99.99999999999999,127657,130489,366.0,179.0
1790647723.1992364,786.9520222000428,-163.63636363636363,-99.99999999999999,127979,130670,322.0,181.0
1790647724.7594168,788.5122005000012,-154.54545454545453,-99.99999999999999,128280,130838,301.0,168.0
1790647726.315825,790.0686070999946,-145.45454545454544,-99.99999999999999,128579,131008,299.0,170.0
1790647727.8588116,791.6115926000057,-136.36363636363637,-99.99999999999999,128832,131238,253.0,230.0
1790647729.3996196,793.1523986000102,-127.27272727272727,-99.99999999999999,129069,131480,237.0,242.0
1790647730.9388041,794.691581799998,-118.18181818181817,-99.99999999999999,129312,131725,243.0,245.0
1790647732.481513,796.2342891000444,-109.09090909090908,-99.99999999999999,129535,132045,223.0,320.0
1790647734.0216758,797.7744776000036,-99.99999999999999,-99.99999999999999,129750,132335,215.0,290.0
1790647735.6228902,799.3756630000426,-90.9090909090909,-99.99999999999999,129893,132634,143.0,299.0
1790647737.2111373,800.9639085000381,-81.81818181818181,-99.99999999999999,130046,132988,153.0,354.0
1790647738.8542862,802.6070561000379,-72.72727272727272,-99.99999999999999,130189,133314,143.0,326.0
1790647740.3971736,804.1499418000458,-63.636363636363626,-99.99999999999999,130318,133703,129.0,389.0
1790647741.892929,805.6456958000199,-54.54545454545453,-99.99999999999999,130427,134096,109.0,393.0
1790647743.4779735,807.2307386000175,-45.45454545454544,-99.99999999999999,130537,134494,110.0,398.0
1790647745.0665345,808.8192977000144,-36.363636363636346,-99.99999999999999,130659,134887,122.0,393.0
1790647746.6117792,810.3645416999934,-27.272727272727252,-99.99999999999999,130747,135290,88.0,403.0
1790647748.1983829,811.9511432000436,-18.18181818181816,-99.99999999999999,130842,135660,95.0,370.0
1790647749.788434,813.541193000041,-9.090909090909065,-99.99999999999999,130946,136014,104.0,354.0
1790647751.378113,815.1308699999936,2.842170943040401e-14,-99.99999999999999,131050,136400,104.0,386.0
1790647752.971563,816.7243183000246,9.090909090909122,-99.99999999999999,131172,136762,122.0,362.0
1790647754.545575,818.2983291000128,18.181818181818187,-99.99999999999999,131304,137088,132.0,326.0
1790647756.1941957,819.9469481999986,27.27272727272728,-99.99999999999999,131478,137438,174.0,350.0
1790647757.7184784,821.4712296000216,36.363636363636374,-99.99999999999999,131671,137827,193.0,389.0
1790647759.260702,823.0134512000368,45.45454545454547,-99.99999999999999,131883,138149,212.0,322.0
1790647760.8629224,824.6156708000344,54.54545454545456,-99.99999999999999,132092,138466,209.0,317.0
1790647762.4182816,826.1710281000123,63.63636363636368,-99.99999999999999,132306,138762,214.0,296.0
1790647764.0550413,827.8077861000202,72.72727272727275,-99.99999999999999,132569,139052,263.0,290.0
1790647765.6404855,829.3932291000383,81.81818181818187,-99.99999999999999,132830,139307,261.0,255.0
1790647767.2589674,831.0117085000384,90.90909090909093,-99.99999999999999,133113,139520,283.0,213.0
1790647768.848685,832.6014254000038,100.0,-99.99999999999999,133424,139740,311.0,220.0
1790647770.423274,834.1760128000169,109.09090909090912,-99.99999999999999,133734,139953,310.0,213.0
1790647772.0898795,835.8426159000373,118.18181818181819,-99.99999999999999,134111,140142,377.0,189.0
1790647773.6057963,837.3585311000352,127.27272727272731,-99.99999999999999,134476,140336,365.0,194.0
1790647775.2209141,838.9736476000398,136.36363636363637,-99.99999999999999,134812,140490,336.0,154.0
1790647776.8404963,840.593228999991,145.4545454545455,-99.99999999999999,135168,140642,356.0,152.0
1790647778.4370456,842.1897756000399,154.54545454545456,-99.99999999999999,135606,140767,438.0,125.0
1790647780.0252361,843.7779646000126,163.63636363636368,-99.99999999999999,136013,140885,407.0,118.0
1790647781.632503,845.3852307000197,172.72727272727275,-99.99999999999999,136418,141024,405.0,139.0
1790647783.2171013,846.9698262000456,181.81818181818187,-99.99999999999999,136816,141130,398.0,106.0
1790647784.8337362,848.5864605000243,190.90909090909093,-99.99999999999999,137221,141250,405.0,120.0
1790647786.4117224,850.1644454000052,200.0,-99.99999999999999,137630,141383,409.0,133.0
1790647787.967136,851.719856700045,-200.0,-90.9090909090909,138007,141510,377.0,127.0
1790647789.498125,853.2508438000223,-190.9090909090909,-90.9090909090909,138353,141660,346.0,150.0
1790647791.0470607,854.7997784000472,-181.8181818181818,-90.9090909090909,138697,141804,344.0,144.0
1790647792.5899553,856.3426713999943,-172.72727272727272,-90.9090909090909,139016,141980,319.0,176.0
1790647794.0963492,857.8490637000068,-163.63636363636363,-90.9090909090909,139324,142177,308.0,197.0
1790647795.6842175,859.4369303000276,-154.54545454545453,-90.9090909090909,139598,142391,274.0,214.0
1790647797.2128155,860.9655268000206,-145.45454545454544,-90.9090909090909,139860,142620,262.0,229.0
1790647798.746432,862.4991416000412,-136.36363636363637,-90.9090909090909,140085,142853,225.0,233.0
1790647800.3218913,864.074599500047,-127.27272727272727,-90.9090909090909,140298,143109,213.0,256.0
1790647801.8910213,865.6437288000016,-118.18181818181817,-90.9090909090909,140512,143368,214.0,259.0
1790647803.4363558,867.1890616000164,-109.09090909090908,-90.9090909090909,140705,143679,193.0,311.0
1790647804.9611034,868.7138067000196,-99.99999999999999,-90.9090909090909,140853,144018,148.0,339.0
1790647806.548305,870.3010073000332,-90.9090909090909,-90.9090909090909,141008,144361,155.0,343.0
1790647808.0762613,871.8289619000279,-81.81818181818181,-90.9090909090909,141157,144692,149.0,331.0
1790647809.638134,873.390833500016,-72.72727272727272,-90.9090909090909,141271,145028,114.0,336.0
1790647811.1904368,874.9431343000033,-63.636363636363626,-90.9090909090909,141371,145404,100.0,376.0
1790647812.8033655,876.5560616000439,-54.54545454545453,-90.9090909090909,141479,145768,108.0,364.0
1790647814.3472896,878.0999836000265,-45.45454545454544,-90.9090909090909,141590,146144,111.0,376.0
1790647815.9876664,879.7403591000475,-36.363636363636346,-90.9090909090909,141695,146519,105.0,375.0
1790647817.51236,881.2650509999949,-27.272727272727252,-90.9090909090909,141785,146913,90.0,394.0
1790647819.0935352,882.8462246000418,-18.18181818181816,-90.9090909090909,141872,147295,87.0,382.0
1790647820.6222353,884.3749238000019,-9.090909090909065,-90.9090909090909,141962,147682,90.0,387.0
1790647822.162037,885.9147235000273,2.842170943040401e-14,-90.9090909090909,142088,148099,126.0,417.0
1790647823.751506,887.5041914000176,9.090909090909122,-90.9090909090909,142237,148474,149.0,375.0
1790647825.353982,889.1066654000315,18.181818181818187,-90.9090909090909,142393,148853,156.0,379.0
1790647826.9187336,890.6714156999951,27.27272727272728,-90.9090909090909,142570,149199,177.0,346.0
1790647828.4440992,892.1967790999915,36.363636363636374,-90.9090909090909,142749,149533,179.0,334.0
1790647830.103433,893.8561111000017,45.45454545454547,-90.9090909090909,142965,149844,216.0,311.0
1790647831.708867,895.4615438000183,54.54545454545456,-90.9090909090909,143202,150160,237.0,316.0
1790647833.2547748,897.0074502000352,63.63636363636368,-90.9090909090909,143433,150439,231.0,279.0
1790647834.8839667,898.6366408000467,72.72727272727275,-90.9090909090909,143727,150703,294.0,264.0
1790647836.4650764,900.2177486,81.81818181818187,-90.9090909090909,144013,150946,286.0,243.0
1790647838.0027885,901.7554593000095,90.90909090909093,-90.9090909090909,144339,151169,326.0,223.0
1790647839.5272384,903.2799074000213,100.0,-90.9090909090909,144621,151368,282.0,199.0
1790647841.0894904,904.8421577000408,109.09090909090912,-90.9090909090909,144964,151566,343.0,198.0
1790647842.6592612,906.4119269000366,118.18181818181819,-90.9090909090909,145316,151743,352.0,177.0
1790647844.219292,907.9719562000246,127.27272727272731,-90.9090909090909,145673,151897,357.0,154.0
1790647845.8021019,909.5547648000065,136.36363636363637,-90.9090909090909,146035,152051,362.0,154.0
1790647847.3387806,911.0914419000037,145.4545454545455,-90.9090909090909,146453,152182,418.0,131.0
1790647848.8628109,912.6154703000211,154.54545454545456,-90.9090909090909,146864,152294,411.0,112.0
1790647850.4198935,914.1725516000297,163.63636363636368,-90.9090909090909,147246,152427,382.0,133.0
1790647851.953467,915.7061234000139,172.72727272727275,-90.9090909090909,147615,152581,369.0,154.0
1790647853.5465775,917.2992327000247,181.81818181818187,-90.9090909090909,148023,152709,408.0,128.0
1790647855.0501392,918.8027930000098,190.90909090909093,-90.9090909090909,148433,152834,410.0,125.0
1790647856.6563516,920.4090036000125,200.0,-90.9090909090909,148853,152973,420.0,139.0
1790647858.2010674,921.9537179000326,-200.0,-81.81818181818181,149224,153121,371.0,148.0
1790647859.779118,923.5317671000375,-190.9090909090909,-81.81818181818181,149607,153270,383.0,149.0
1790647861.3190694,925.0717163000372,-181.8181818181818,-81.81818181818181,149979,153451,372.0,181.0
1790647862.843593,926.5962387000327,-172.72727272727272,-81.81818181818181,150268,153641,289.0,190.0
1790647864.4486196,928.201263600029,-163.63636363636363,-81.81818181818181,150581,153861,313.0,220.0
1790647866.0424397,929.7950821000268,-154.54545454545453,-81.81818181818181,150844,154092,263.0,231.0
1790647867.613835,931.3664759999956,-145.45454545454544,-81.81818181818181,151127,154352,283.0,260.0
1790647869.178914,932.9315536000067,-136.36363636363637,-81.81818181818181,151354,154612,227.0,260.0
1790647870.7005699,934.4532077000476,-127.27272727272727,-81.81818181818181,151563,154931,209.0,319.0
1790647872.2453737,935.9980098000378,-118.18181818181817,-81.81818181818181,151739,155243,176.0,312.0
1790647873.7891111,937.5417461000034,-109.09090909090908,-81.81818181818181,151904,155595,165.0,352.0
1790647875.318867,939.0715001000208,-99.99999999999999,-81.81818181818181,152027,155942,123.0,347.0
1790647876.9200807,940.6727121000295,-90.9090909090909,-81.81818181818181,152166,156306,139.0,364.0
1790647878.4902656,942.2428960000398,-81.81818181818181,-81.81818181818181,152277,156651,111.0,345.0
1790647880.0495012,943.8021296000225,-72.72727272727272,-81.81818181818181,152378,157030,101.0,379.0
1790647881.5897467,945.3423735999968,-63.636363636363626,-81.81818181818181,152484,157413,106.0,383.0
1790647883.1029365,946.8555620000116,-54.54545454545453,-81.81818181818181,152593,157762,109.0,349.0
1790647884.6593583,948.4119820999913,-45.45454545454544,-81.81818181818181,152706,158124,113.0,362.0
1790647886.242422,949.9950442000409,-36.363636363636346,-81.81818181818181,152812,158525,106.0,401.0
1790647887.8834305,951.6360512000392,-27.272727272727252,-81.81818181818181,152922,158928,110.0,403.0
1790647889.4390361,953.191655600036,-18.18181818181816,-81.81818181818181,153038,159313,116.0,385.0
1790647891.0136685,954.7662860000273,-9.090909090909065,-81.81818181818181,153171,159705,133.0,392.0
1790647892.5272255,956.2798416000442,2.842170943040401e-14,-81.81818181818181,153304,160112,133.0,407.0
1790647894.0745597,957.8271741000353,9.090909090909122,-81.81818181818181,153468,160485,164.0,373.0
1790647895.6628494,959.4154624000075,18.181818181818187,-81.81818181818181,153630,160851,162.0,366.0
1790647897.2008026,960.9534136000439,27.27272727272728,-81.81818181818181,153823,161196,193.0,345.0
1790647898.8223274,962.5749376000022,36.363636363636374,-81.81818181818181,154025,161511,202.0,315.0
1790647900.363422,964.116029900033,45.45454545454547,-81.81818181818181,154244,161796,219.0,285.0
1790647901.8939955,965.6466019999934,54.54545454545456,-81.81818181818181,154506,162078,262.0,282.0
1790647903.4198797,967.1724855999928,63.63636363636368,-81.81818181818181,154759,162325,253.0,247.0
1790647904.9617856,968.7143892000313,72.72727272727275,-81.81818181818181,155046,162549,287.0,224.0
1790647906.5849485,970.3375501999981,81.81818181818187,-81.81818181818181,155339,162773,293.0,224.0
1790647908.1060238,971.8586239000433,90.90909090909093,-81.81818181818181,155688,162985,349.0,212.0
1790647909.6733913,973.4259901000187,100.0,-81.81818181818181,156064,163177,376.0,192.0
1790647911.2071002,974.9596977000474,109.09090909090912,-81.81818181818181,156406,163373,342.0,196.0
1790647912.7301471,976.4827429000288,118.18181818181819,-81.81818181818181,156805,163524,399.0,151.0
1790647914.2548025,978.0073965000338,127.27272727272731,-81.81818181818181,157222,163665,417.0,141.0
1790647915.8426025,979.5951950000017,136.36363636363637,-81.81818181818181,157633,163796,411.0,131.0
1790647917.4253888,981.177979900036,145.4545454545455,-81.81818181818181,158033,163907,400.0,111.0
1790647918.9374692,982.6900589000434,154.54545454545456,-81.81818181818181,158430,164047,397.0,140.0
1790647920.5680401,984.3206289000227,163.63636363636368,-81.81818181818181,158878,164196,448.0,149.0
1790647922.0943296,985.8469163000118,172.72727272727275,-81.81818181818181,159292,164329,414.0,133.0
1790647923.6543934,987.4069780000136,181.81818181818187,-81.81818181818181,159701,164456,409.0,127.0
1790647925.195442,988.9480251999921,190.90909090909093,-81.81818181818181,160100,164588,399.0,132.0
1790647926.7591493,990.5117314000381,200.0,-81.81818181818181,160493,164728,393.0,140.0
1790647928.26512,992.0177001000266,-200.0,-72.72727272727272,160860,164892,367.0,164.0
1790647929.789985,993.542564000003,-190.9090909090909,-72.72727272727272,161207,165047,347.0,155.0
1790647931.3488665,995.101443600026,-181.8181818181818,-72.72727272727272,161551,165270,344.0,223.0
1790647932.9249897,996.6775653000223,-172.72727272727272,-72.72727272727272,161867,165486,316.0,216.0
1790647934.4397607,998.1923347000265,-163.63636363636363,-72.72727272727272,162152,165733,285.0,247.0
1790647935.9633389,999.7159116000403,-154.54545454545453,-72.72727272727272,162396,165976,244.0,243.0
1790647937.5209398,1001.2735108000343,-145.45454545454544,-72.72727272727272,162651,166277,255.0,301.0
1790647939.0920439,1002.8446130999946,-136.36363636363637,-72.72727272727272,162845,166567,194.0,290.0
1790647940.6196065,1004.3721742000198,-127.27272727272727,-72.72727272727272,163023,166894,178.0,327.0
1790647942.1999793,1005.9525454000104,-118.18181818181817,-72.72727272727272,163206,167195,183.0,301.0
1790647943.7625897,1007.5151549000293,-109.09090909090908,-72.72727272727272,163349,167503,143.0,308.0
1790647945.3464804,1009.0990438000299,-99.99999999999999,-72.72727272727272,163479,167881,130.0,378.0
1790647946.9744906,1010.7270523000043,-90.9090909090909,-72.72727272727272,163578,168250,99.0,369.0
1790647948.553868,1012.3064290000475,-81.81818181818181,-72.72727272727272,163708,168638,130.0,388.0
1790647950.1840394,1013.936598100001,-72.72727272727272,-72.72727272727272,163820,168992,112.0,354.0
1790647951.7305865,1015.483143599995,-63.636363636363626,-72.72727272727272,163922,169346,102.0,354.0
1790647953.2567816,1017.0093367000227,-54.54545454545453,-72.72727272727272,164040,169742,118.0,396.0
1790647954.8472009,1018.599755000032,-45.45454545454544,-72.72727272727272,164137,170114,97.0,372.0
1790647956.400474,1020.1530261000153,-36.363636363636346,-72.72727272727272,164242,170528,105.0,414.0
1790647957.9603415,1021.7128923000419,-27.272727272727252,-72.72727272727272,164348,170887,106.0,359.0
1790647959.5154574,1023.2680069000344,-18.18181818181816,-72.72727272727272,164478,171249,130.0,362.0
1790647961.1517065,1024.9042535999906,-9.090909090909065,-72.72727272727272,164617,171597,139.0,348.0
1790647962.7721667,1026.5247122000437,2.842170943040401e-14,-72.72727272727272,164765,171949,148.0,352.0
1790647964.3433554,1028.0958998000133,9.090909090909122,-72.72727272727272,164933,172293,168.0,344.0
1790647965.9162352,1029.6687778999913,18.181818181818187,-72.72727272727272,165126,172619,193.0,326.0
1790647967.471915,1031.2244563000277,27.27272727272728,-72.72727272727272,165301,172910,175.0,291.0
1790647969.0437384,1032.796278099995,36.363636363636374,-72.72727272727272,165542,173214,241.0,304.0
1790647970.6152086,1034.367747100012,45.45454545454547,-72.72727272727272,165817,173494,275.0,280.0
1790647972.1417499,1035.894286099996,54.54545454545456,-72.72727272727272,166054,173750,237.0,256.0
1790647973.7287364,1037.4812712999992,63.63636363636368,-72.72727272727272,166335,174016,281.0,266.0
1790647975.287303,1039.0398364000139,72.72727272727275,-72.72727272727272,166661,174231,326.0,215.0
1790647976.8768885,1040.6294202000136,81.81818181818187,-72.72727272727272,166996,174443,335.0,212.0
1790647978.452557,1042.2050873000408,90.90909090909093,-72.72727272727272,167344,174637,348.0,194.0
1790647980.0070345,1043.7595632000011,100.0,-72.72727272727272,167724,174794,380.0,157.0
1790647981.5616126,1045.3141400000313,109.09090909090912,-72.72727272727272,168112,174954,388.0,160.0
1790647983.1218767,1046.8744019000442,118.18181818181819,-72.72727272727272,168490,175094,378.0,140.0
1790647984.7098134,1048.462337200006,127.27272727272731,-72.72727272727272,168875,175238,385.0,144.0
1790647986.2510452,1050.0035676000407,136.36363636363637,-72.72727272727272,169282,175379,407.0,141.0
1790647987.8685746,1051.6210955000133,145.4545454545455,-72.72727272727272,169671,175506,389.0,127.0
1790647989.4305224,1053.1830413000425,154.54545454545456,-72.72727272727272,170074,175630,403.0,124.0
1790647991.0198534,1054.7723708000267,163.63636363636368,-72.72727272727272,170484,175780,410.0,150.0
1790647992.5654662,1056.3179826000123,172.72727272727275,-72.72727272727272,170890,175900,406.0,120.0
1790647994.15252,1057.9050341999973,181.81818181818187,-72.72727272727272,171290,176034,400.0,134.0
1790647995.7245893,1059.4771024000365,190.90909090909093,-72.72727272727272,171693,176202,403.0,168.0
1790647997.3129227,1061.0654342999915,200.0,-72.72727272727272,172070,176369,377.0,167.0
1790647998.8570015,1062.6095109000453,-200.0,-63.636363636363626,172414,176582,344.0,213.0
1790648000.4127243,1064.1652324000024,-190.9090909090909,-63.636363636363626,172717,176755,303.0,173.0
1790648001.9869459,1065.7394523000112,-181.8181818181818,-63.636363636363626,173013,176969,296.0,214.0
1790648003.5387077,1067.2912125000148,-172.72727272727272,-63.636363636363626,173275,177195,262.0,226.0
1790648005.0649385,1068.8174418000272,-163.63636363636363,-63.636363636363626,173545,177458,270.0,263.0
1790648006.585589,1070.3380907000392,-154.54545454545453,-63.636363636363626,173800,177734,255.0,276.0
1790648008.1498759,1071.902376300015,-145.45454545454544,-63.636363636363626,174013,178045,213.0,311.0
1790648009.6945539,1073.4470529000391,-136.36363636363637,-63.636363636363626,174204,178371,191.0,326.0
1790648011.255997,1075.0084940000088,-127.27272727272727,-63.636363636363626,174361,178661,157.0,290.0
1790648012.845313,1076.5978088999982,-118.18181818181817,-63.636363636363626,174485,178999,124.0,338.0
1790648014.36569,1078.1181842000224,-109.09090909090908,-63.636363636363626,174610,179340,125.0,341.0
1790648015.896607,1079.6491000000387,-99.99999999999999,-63.636363636363626,174729,179705,119.0,365.0
1790648017.540608,1081.2930989000015,-90.9090909090909,-63.636363636363626,174855,180074,126.0,369.0
1790648019.1399863,1082.892472000036,-81.81818181818181,-63.636363636363626,174969,180462,114.0,388.0
1790648020.7229478,1084.475416100002,-72.72727272727272,-63.636363636363626,175065,180841,96.0,379.0
1790648022.282167,1086.0346180000342,-63.636363636363626,-63.636363636363626,175167,181240,102.0,399.0
1790648023.8537216,1087.6061560999951,-54.54545454545453,-63.636363636363626,175286,181671,119.0,431.0
1790648025.4118683,1089.1642853000085,-45.45454545454544,-63.636363636363626,175406,182082,120.0,411.0
1790648026.9981673,1090.7505671000108,-36.363636363636346,-63.636363636363626,175523,182442,117.0,360.0
1790648028.5424511,1092.2948340000003,-27.272727272727252,-63.636363636363626,175656,182856,133.0,414.0
1790648030.1095786,1093.8619443000061,-18.18181818181816,-63.636363636363626,175809,183243,153.0,387.0
1790648031.6355588,1095.3879082000349,-9.090909090909065,-63.636363636363626,175988,183617,179.0,374.0
1790648033.1951556,1096.947487700032,2.842170943040401e-14,-63.636363636363626,176167,183940,179.0,323.0
1790648034.7950788,1098.5473937999923,9.090909090909122,-63.636363636363626,176366,184280,199.0,340.0
1790648036.351403,1100.1037005000398,18.181818181818187,-63.636363636363626,176570,184602,204.0,322.0
1790648037.8937008,1101.645982200047,27.27272727272728,-63.636363636363626,176811,184897,241.0,295.0
1790648039.4541435,1103.2064076000242,36.363636363636374,-63.636363636363626,177092,185179,281.0,282.0
1790648041.0531893,1104.8054357999936,45.45454545454547,-63.636363636363626,177390,185440,298.0,261.0
1790648042.62456,1106.3767899000086,54.54545454545456,-63.636363636363626,177711,185691,321.0,251.0
1790648044.1351745,1107.8873872000258,63.63636363636368,-63.636363636363626,178042,185927,331.0,236.0
1790648045.6669657,1109.4191620000056,72.72727272727275,-63.636363636363626,178395,186126,353.0,199.0
1790648047.2089603,1110.9611395000247,81.81818181818187,-63.636363636363626,178751,186303,356.0,177.0
1790648048.7641017,1112.5162645000382,90.90909090909093,-63.636363636363626,179103,186484,352.0,181.0
1790648050.32261,1114.0747554000118,100.0,-63.636363636363626,179524,186652,421.0,168.0
1790648051.865294,1115.6174228000455,109.09090909090912,-63.636363636363626,179920,186784,396.0,132.0
1790648053.3697364,1117.1218489000457,118.18181818181819,-63.636363636363626,180324,186903,404.0,119.0
1790648054.9456923,1118.6977876000456,127.27272727272731,-63.636363636363626,180751,187041,427.0,138.0
1790648056.5228415,1120.2749194999924,136.36363636363637,-63.636363636363626,181175,187180,424.0,139.0
1790648058.1249983,1121.877058700018,145.4545454545455,-63.636363636363626,181599,187318,424.0,138.0
1790648059.7386286,1123.490671400039,154.54545454545456,-63.636363636363626,182027,187431,428.0,113.0
1790648061.26663,1125.0186559000285,163.63636363636368,-63.636363636363626,182458,187571,431.0,140.0
1790648062.7965236,1126.5485331999953,172.72727272727275,-63.636363636363626,182899,187716,441.0,145.0
1790648064.3754423,1128.1274348000297,181.81818181818187,-63.636363636363626,183303,187877,404.0,161.0
1790648065.9468157,1129.698791200004,190.90909090909093,-63.636363636363626,183668,188018,365.0,141.0
1790648067.5013812,1131.2533395999926,200.0,-63.636363636363626,183992,188195,324.0,177.0
1790648069.0286305,1132.7805721000186,-200.0,-54.54545454545453,184310,188374,318.0,179.0
1790648070.5614824,1134.3134073000401,-190.9090909090909,-54.54545454545453,184605,188586,295.0,212.0
1790648072.1502714,1135.9021793000284,-181.8181818181818,-54.54545454545453,184894,188816,289.0,230.0
1790648073.6779745,1137.4298656000174,-172.72727272727272,-54.54545454545453,185117,189052,223.0,236.0
1790648075.2082226,1138.9600965999998,-163.63636363636363,-54.54545454545453,185346,189289,229.0,237.0
1790648076.775038,1140.526895100018,-154.54545454545453,-54.54545454545453,185540,189589,194.0,300.0
1790648078.342187,1142.0940270000137,-145.45454545454544,-54.54545454545453,185747,189910,207.0,321.0
1790648079.899036,1143.6508590000449,-136.36363636363637,-54.54545454545453,185907,190205,160.0,295.0
1790648081.456718,1145.2085243000183,-127.27272727272727,-54.54545454545453,186037,190534,130.0,329.0
1790648083.0142083,1146.7659974000417,-118.18181818181817,-54.54545454545453,186178,190871,141.0,337.0
1790648084.614801,1148.3665727000334,-109.09090909090908,-54.54545454545453,186288,191282,110.0,411.0
1790648086.201668,1149.9534226999967,-99.99999999999999,-54.54545454545453,186406,191665,118.0,383.0
1790648087.8240507,1151.575787400012,-90.9090909090909,-54.54545454545453,186504,192068,98.0,403.0
1790648089.3658907,1153.1176105000195,-81.81818181818181,-54.54545454545453,186602,192500,98.0,432.0
1790648090.8910363,1154.6427392000332,-72.72727272727272,-54.54545454545453,186700,192921,98.0,421.0
1790648092.4455392,1156.1972254000138,-63.636363636363626,-54.54545454545453,186800,193297,100.0,376.0
1790648094.0224278,1157.7740972000174,-54.54545454545453,-54.54545454545453,186889,193690,89.0,393.0
1790648095.594386,1159.3460383000202,-45.45454545454544,-54.54545454545453,187011,194059,122.0,369.0
1790648097.2354732,1160.9871072000242,-36.363636363636346,-54.54545454545453,187136,194461,125.0,402.0
1790648098.8013628,1162.5529802000383,-27.272727272727252,-54.54545454545453,187280,194811,144.0,350.0
1790648100.330896,1164.0824960000464,-18.18181818181816,-54.54545454545453,187439,195170,159.0,359.0
1790648101.8910372,1165.6426205000025,-9.090909090909065,-54.54545454545453,187623,195523,184.0,353.0
1790648103.386524,1167.1380910000298,2.842170943040401e-14,-54.54545454545453,187852,195880,229.0,357.0
1790648104.9279814,1168.6795318000368,9.090909090909122,-54.54545454545453,188071,196177,219.0,297.0
1790648106.5053377,1170.2568712999928,18.181818181818187,-54.54545454545453,188341,196469,270.0,292.0
1790648108.0729825,1171.8244985000347,27.27272727272728,-54.54545454545453,188581,196727,240.0,258.0
1790648109.5940905,1173.3455900000408,36.363636363636374,-54.54545454545453,188895,197010,314.0,283.0
1790648111.0892446,1174.840727700037,45.45454545454547,-54.54545454545453,189198,197269,303.0,259.0
1790648112.6309152,1176.382381900039,54.54545454545456,-54.54545454545453,189526,197504,328.0,235.0
1790648114.2012715,1177.9527207000065,63.63636363636368,-54.54545454545453,189884,197695,358.0,191.0
1790648115.7592866,1179.5107186000096,72.72727272727275,-54.54545454545453,190260,197886,376.0,191.0
1790648117.3438394,1181.0952543000458,81.81818181818187,-54.54545454545453,190635,198062,375.0,176.0
1790648118.8781087,1182.6295069000334,90.90909090909093,-54.54545454545453,191017,198237,382.0,175.0
1790648120.3868897,1184.1382715000072,100.0,-54.54545454545453,191440,198397,423.0,160.0
1790648121.9731743,1185.7245388000156,109.09090909090912,-54.54545454545453,191853,198527,413.0,130.0
1790648123.4841456,1187.2354938000208,118.18181818181819,-54.54545454545453,192291,198647,438.0,120.0
1790648125.0592804,1188.8106113999966,127.27272727272731,-54.54545454545453,192745,198777,454.0,130.0
1790648126.5929008,1190.3442149000475,136.36363636363637,-54.54545454545453,193156,198914,411.0,137.0
1790648128.214668,1191.9659646000364,145.4545454545455,-54.54545454545453,193572,199052,416.0,138.0
1790648129.7679908,1193.5192704999936,154.54545454545456,-54.54545454545453,193980,199187,408.0,135.0
1790648131.3044949,1195.0557573999977,163.63636363636368,-54.54545454545453,194414,199329,434.0,142.0
1790648132.8510907,1196.6023366000154,172.72727272727275,-54.54545454545453,194795,199479,381.0,150.0
1790648134.3866568,1198.1378863000427,181.81818181818187,-54.54545454545453,195145,199629,350.0,150.0
1790648135.9872885,1199.7385003000381,190.90909090909093,-54.54545454545453,195503,199820,358.0,191.0
1790648137.5527515,1201.3039462000015,200.0,-54.54545454545453,195876,199993,373.0,173.0
1790648139.0843472,1202.8355254000053,-200.0,-45.45454545454544,196190,200179,314.0,186.0
1790648140.610049,1204.3612101000035,-190.9090909090909,-45.45454545454544,196460,200416,270.0,237.0
1790648142.1072466,1205.8583918000222,-181.8181818181818,-45.45454545454544,196743,200637,283.0,221.0
1790648143.6149924,1207.3661209000275,-172.72727272727272,-45.45454545454544,196989,200953,246.0,316.0
1790648145.1283264,1208.8794385000365,-163.63636363636363,-45.45454545454544,197210,201241,221.0,288.0
1790648146.71349,1210.4645851000096,-154.54545454545453,-45.45454545454544,197386,201557,176.0,316.0
1790648148.361584,1212.1126605000463,-145.45454545454544,-45.45454545454544,197565,201847,179.0,290.0
1790648149.919046,1213.6701058000326,-136.36363636363637,-45.45454545454544,197700,202187,135.0,340.0
1790648151.430246,1215.1812894000323,-127.27272727272727,-45.45454545454544,197830,202557,130.0,370.0
1790648152.9917312,1216.7427576000337,-118.18181818181817,-45.45454545454544,197932,202932,102.0,375.0
1790648154.531011,1218.282020899991,-109.09090909090908,-45.45454545454544,198043,203352,111.0,420.0
1790648156.104316,1219.8553083000006,-99.99999999999999,-45.45454545454544,198143,203740,100.0,388.0
1790648157.6707432,1221.4217189000337,-90.9090909090909,-45.45454545454544,198251,204129,108.0,389.0
1790648159.205759,1222.9567175999982,-81.81818181818181,-45.45454545454544,198346,204524,95.0,395.0
1790648160.7496524,1224.5005945000448,-72.72727272727272,-45.45454545454544,198462,204930,116.0,406.0
1790648162.2990756,1226.0500001000473,-63.636363636363626,-45.45454545454544,198578,205346,116.0,416.0
1790648163.8854935,1227.636401100026,-54.54545454545453,-45.45454545454544,198708,205744,130.0,398.0
1790648165.4147322,1229.1656233000103,-45.45454545454544,-45.45454545454544,198839,206092,131.0,348.0
1790648166.9887629,1230.7396365000168,-36.363636363636346,-45.45454545454544,198988,206473,149.0,381.0
1790648168.6014488,1232.352304800006,-27.272727272727252,-45.45454545454544,199147,206823,159.0,350.0
1790648170.142818,1233.89365740004,-18.18181818181816,-45.45454545454544,199312,207150,165.0,327.0
1790648171.7134855,1235.4643078999943,-9.090909090909065,-45.45454545454544,199523,207465,211.0,315.0
1790648173.266453,1237.0172582000378,2.842170943040401e-14,-45.45454545454544,199737,207768,214.0,303.0
1790648174.8427706,1238.5935585999978,9.090909090909122,-45.45454545454544,199981,208095,244.0,327.0
1790648176.366528,1240.1172997000394,18.181818181818187,-45.45454545454544,200264,208380,283.0,285.0
1790648177.9205356,1241.6712903000298,27.27272727272728,-45.45454545454544,200542,208619,278.0,239.0
1790648179.4638698,1243.2146072000032,36.363636363636374,-45.45454545454544,200842,208848,300.0,229.0
1790648181.006118,1244.7568392000394,45.45454545454547,-45.45454545454544,201176,209046,334.0,198.0
1790648182.532092,1246.2827966000186,54.54545454545456,-45.45454545454544,201491,209219,315.0,173.0
1790648184.113752,1247.8644390000263,63.63636363636368,-45.45454545454544,201849,209379,358.0,160.0
1790648185.6769598,1249.4276298000477,72.72727272727275,-45.45454545454544,202259,209557,410.0,178.0
1790648187.2578893,1251.0085423000273,81.81818181818187,-45.45454545454544,202646,209711,387.0,154.0
1790648188.816751,1252.567387100018,90.90909090909093,-45.45454545454544,203030,209873,384.0,162.0
1790648190.3590086,1254.1096273000003,100.0,-45.45454545454544,203446,209996,416.0,123.0
1790648191.9208927,1255.6714947000146,109.09090909090912,-45.45454545454544,203848,210134,402.0,138.0
1790648193.4643273,1257.214912800002,118.18181818181819,-45.45454545454544,204242,210265,394.0,131.0
1790648195.0519152,1258.8024832000374,127.27272727272731,-45.45454545454544,204681,210407,439.0,142.0
1790648196.6040745,1260.3546255000401,136.36363636363637,-45.45454545454544,205099,210538,418.0,131.0
1790648198.2413728,1261.9919058000087,145.4545454545455,-45.45454545454544,205510,210663,411.0,125.0
1790648199.8320699,1263.5825858000317,154.54545454545456,-45.45454545454544,205886,210799,376.0,136.0
1790648201.4161952,1265.1666934000095,163.63636363636368,-45.45454545454544,206281,210956,395.0,157.0
1790648202.9324744,1266.6829563000356,172.72727272727275,-45.45454545454544,206668,211140,387.0,184.0
1790648204.446534,1268.1969993000384,181.81818181818187,-45.45454545454544,207015,211315,347.0,175.0
1790648205.9419973,1269.6924466000055,190.90909090909093,-45.45454545454544,207352,211509,337.0,194.0
1790648207.4673052,1271.217737500032,200.0,-45.45454545454544,207658,211708,306.0,199.0
1790648209.0589442,1272.8093596000108,-200.0,-36.363636363636346,207935,211927,277.0,219.0
1790648210.6100495,1274.3604476000182,-190.9090909090909,-36.363636363636346,208199,212201,264.0,274.0
1790648212.170989,1275.9213700999971,-181.8181818181818,-36.363636363636346,208409,212467,210.0,266.0
1790648213.7230282,1277.4733923000167,-172.72727272727272,-36.363636363636346,208635,212767,226.0,300.0
1790648215.2683353,1279.018683000002,-163.63636363636363,-36.363636363636346,208827,213086,192.0,319.0
1790648216.8070295,1280.5573602000368,-154.54545454545453,-36.363636363636346,208991,213414,164.0,328.0
1790648218.4288373,1282.1791503000422,-145.45454545454544,-36.363636363636346,209139,213757,148.0,343.0
1790648219.9504542,1283.7007508000243,-136.36363636363637,-36.363636363636346,209272,214157,133.0,400.0
1790648221.5375767,1285.2878557000076,-127.27272727272727,-36.363636363636346,209404,214518,132.0,361.0
1790648223.125668,1286.8759296000353,-118.18181818181817,-36.363636363636346,209532,214954,128.0,436.0
1790648224.687364,1288.4376088000135,-109.09090909090908,-36.363636363636346,209623,215296,91.0,342.0
1790648226.21731,1289.9675382000278,-99.99999999999999,-36.363636363636346,209704,215716,81.0,420.0
1790648227.7267118,1291.4769236000138,-90.9090909090909,-36.363636363636346,209806,216089,102.0,373.0
1790648229.2985415,1293.0487362000276,-81.81818181818181,-36.363636363636346,209907,216529,101.0,440.0
1790648230.8540945,1294.6042722000275,-72.72727272727272,-36.363636363636346,210006,216945,99.0,416.0
1790648232.4299884,1296.1801489000209,-63.636363636363626,-36.363636363636346,210111,217326,105.0,381.0
1790648233.9973187,1297.7474621000001,-54.54545454545453,-36.363636363636346,210230,217708,119.0,382.0
1790648235.5537338,1299.3038605000474,-45.45454545454544,-36.363636363636346,210372,218063,142.0,355.0
1790648237.1368325,1300.886941500008,-36.363636363636346,-36.363636363636346,210545,218463,173.0,400.0
1790648238.7601874,1302.510279100039,-27.272727272727252,-36.363636363636346,210720,218808,175.0,345.0
1790648240.2844431,1304.0345183000318,-18.18181818181816,-36.363636363636346,210896,219084,176.0,276.0
1790648241.8342438,1305.5843019000022,-9.090909090909065,-36.363636363636346,211121,219391,225.0,307.0
1790648243.359085,1307.1091265000287,2.842170943040401e-14,-36.363636363636346,211357,219673,236.0,282.0
1790648244.9128473,1308.662871700013,9.090909090909122,-36.363636363636346,211618,219982,261.0,309.0
1790648246.4726946,1310.2227018999984,18.181818181818187,-36.363636363636346,211922,220278,304.0,296.0
1790648248.0407975,1311.7907877000398,27.27272727272728,-36.363636363636346,212226,220513,304.0,235.0
1790648249.602572,1313.352545300033,36.363636363636374,-36.363636363636346,212552,220724,326.0,211.0
1790648251.1580508,1314.908006999991,45.45454545454547,-36.363636363636346,212883,220933,331.0,209.0
1790648252.7601883,1316.510127400048,54.54545454545456,-36.363636363636346,213238,221122,355.0,189.0
1790648254.3048782,1318.0548002000432,63.63636363636368,-36.363636363636346,213597,221294,359.0,172.0
1790648255.8923652,1319.6422700000112,72.72727272727275,-36.363636363636346,213994,221426,397.0,132.0
1790648257.4803674,1321.230255100003,81.81818181818187,-36.363636363636346,214404,221587,410.0,161.0
1790648259.0533688,1322.8032392000314,90.90909090909093,-36.363636363636346,214806,221715,402.0,128.0
1790648260.6090124,1324.3588657000219,100.0,-36.363636363636346,215202,221856,396.0,141.0
1790648262.2001612,1325.9499973999918,109.09090909090912,-36.363636363636346,215654,221974,452.0,118.0
1790648263.7604544,1327.5102733999956,118.18181818181819,-36.363636363636346,216086,222108,432.0,134.0
1790648265.32497,1329.074771900021,127.27272727272731,-36.363636363636346,216512,222234,426.0,126.0
1790648266.8901608,1330.6399458000087,136.36363636363637,-36.363636363636346,216905,222368,393.0,134.0
1790648268.5451138,1332.2948807000066,145.4545454545455,-36.363636363636346,217331,222502,426.0,134.0
1790648270.0591168,1333.8088675000472,154.54545454545456,-36.363636363636346,217710,222636,379.0,134.0
1790648271.612898,1335.362631600001,163.63636363636368,-36.363636363636346,218087,222787,377.0,151.0
1790648273.14003,1336.889746700006,172.72727272727275,-36.363636363636346,218441,222969,354.0,182.0
1790648274.6873024,1338.437002999999,181.81818181818187,-36.363636363636346,218770,223155,329.0,186.0
1790648276.2744412,1340.0241237000446,190.90909090909093,-36.363636363636346,219107,223386,337.0,231.0
1790648277.7980235,1341.5476894000312,200.0,-36.363636363636346,219391,223600,284.0,214.0
1790648279.406979,1343.1566278000246,-200.0,-27.272727272727252,219663,223870,272.0,270.0
1790648280.939031,1344.6886624000035,-190.9090909090909,-27.272727272727252,219879,224138,216.0,268.0
1790648282.47061,1346.2202248999965,-181.8181818181818,-27.272727272727252,220081,224411,202.0,273.0
1790648283.9962626,1347.7458610000322,-172.72727272727272,-27.272727272727252,220253,224731,172.0,320.0
1790648285.5473258,1349.2969075000146,-163.63636363636363,-27.272727272727252,220419,225068,166.0,337.0
1790648287.121068,1350.8706322000362,-154.54545454545453,-27.272727272727252,220596,225401,177.0,333.0
1790648288.6422162,1352.3917637999984,-145.45454545454544,-27.272727272727252,220733,225720,137.0,319.0
1790648290.1634963,1353.9130277000368,-136.36363636363637,-27.272727272727252,220870,226117,137.0,397.0
1790648291.6589453,1355.4084601000068,-127.27272727272727,-27.272727272727252,220996,226486,126.0,369.0
1790648293.1856902,1356.9351883000345,-118.18181818181817,-27.272727272727252,221088,226884,92.0,398.0
1790648294.7617934,1358.5112742999918,-109.09090909090908,-27.272727272727252,221204,227271,116.0,387.0
1790648296.323922,1360.0733856000006,-99.99999999999999,-27.272727272727252,221321,227665,117.0,394.0
1790648297.9279442,1361.6773910000338,-90.9090909090909,-27.272727272727252,221418,228056,97.0,391.0
1790648299.504488,1363.253917300026,-81.81818181818181,-27.272727272727252,221547,228443,129.0,387.0
1790648301.0299928,1364.779405200039,-72.72727272727272,-27.272727272727252,221679,228812,132.0,369.0
1790648302.6015875,1366.3509832000127,-63.636363636363626,-27.272727272727252,221813,229187,134.0,375.0
1790648304.1751041,1367.9244827000075,-54.54545454545453,-27.272727272727252,221956,229527,143.0,340.0
1790648305.729172,1369.4785333000473,-45.45454545454544,-27.272727272727252,222123,229874,167.0,347.0
1790648307.2443907,1370.99373560003,-36.363636363636346,-27.272727272727252,222312,230205,189.0,331.0
1790648308.8306315,1372.5799592999974,-27.272727272727252,-27.272727272727252,222526,230547,214.0,342.0
1790648310.3615606,1374.1108716000454,-18.18181818181816,-27.272727272727252,222771,230848,245.0,301.0
1790648311.8879576,1375.6372518000426,-9.090909090909065,-27.272727272727252,223003,231125,232.0,277.0
1790648313.4449677,1377.1942451000214,2.842170943040401e-14,-27.272727272727252,223261,231403,258.0,278.0
1790648314.9887388,1378.7379994000075,9.090909090909122,-27.272727272727252,223578,231676,317.0,273.0
1790648316.5254,1380.2746436000452,18.181818181818187,-27.272727272727252,223927,231879,349.0,203.0
1790648318.0694463,1381.8186735000345,27.27272727272728,-27.272727272727252,224254,232113,327.0,234.0
1790648319.6579607,1383.407171000028,36.363636363636374,-27.272727272727252,224624,232278,370.0,165.0
1790648321.1987891,1384.94798300002,45.45454545454547,-27.272727272727252,225008,232462,384.0,184.0
1790648322.7282376,1386.4774152000318,54.54545454545456,-27.272727272727252,225390,232642,382.0,180.0
1790648324.2853818,1388.034542700043,63.63636363636368,-27.272727272727252,225774,232796,384.0,154.0
1790648325.879751,1389.62889490003,72.72727272727275,-27.272727272727252,226152,232971,378.0,175.0
1790648327.4217584,1391.1708868000424,81.81818181818187,-27.272727272727252,226557,233102,405.0,131.0
1790648329.0610337,1392.8101439000457,90.90909090909093,-27.272727272727252,226990,233223,433.0,121.0
1790648330.600227,1394.3493212000467,100.0,-27.272727272727252,227406,233351,416.0,128.0
1790648332.143377,1395.8924549000221,109.09090909090912,-27.272727272727252,227813,233457,407.0,106.0
1790648333.6569676,1397.4060292000067,118.18181818181819,-27.272727272727252,228253,233587,440.0,130.0
1790648335.199654,1398.9486997000058,127.27272727272731,-27.272727272727252,228664,233719,411.0,132.0
1790648336.760485,1400.5095133000286,136.36363636363637,-27.272727272727252,229069,233882,405.0,163.0
1790648338.2858508,1402.034863100038,145.4545454545455,-27.272727272727252,229462,234020,393.0,138.0
1790648339.8758833,1403.6248793000123,154.54545454545456,-27.272727272727252,229845,234193,383.0,173.0
1790648341.4002252,1405.1492053000256,163.63636363636368,-27.272727272727252,230202,234396,357.0,203.0
1790648342.9086602,1406.6576238000416,172.72727272727275,-27.272727272727252,230533,234570,331.0,174.0
1790648344.405467,1408.1544147999957,181.81818181818187,-27.272727272727252,230834,234772,301.0,202.0
1790648346.0096068,1409.758537799993,190.90909090909093,-27.272727272727252,231128,235009,294.0,237.0
1790648347.582718,1411.3316323000472,200.0,-27.272727272727252,231394,235254,266.0,245.0
1790648349.238366,1412.987262700044,-200.0,-18.18181818181816,231635,235539,241.0,285.0
1790648350.8792646,1414.6281439000159,-190.9090909090909,-18.18181818181816,231857,235821,222.0,282.0
1790648352.4528408,1416.2017032000003,-181.8181818181818,-18.18181818181816,232025,236131,168.0,310.0
1790648353.9811013,1417.7299473000458,-172.72727272727272,-18.18181818181816,232210,236446,185.0,315.0
1790648355.4927678,1419.2415979999932,-163.63636363636363,-18.18181818181816,232355,236784,145.0,338.0
1790648357.0811067,1420.8299201000482,-154.54545454545453,-18.18181818181816,232487,237136,132.0,352.0
1790648358.6548734,1422.4036700000288,-145.45454545454544,-18.18181818181816,232602,237518,115.0,382.0
1790648360.27015,1424.0189299000194,-136.36363636363637,-18.18181818181816,232718,237911,116.0,393.0
1790648361.8746023,1425.623364900006,-127.27272727272727,-18.18181818181816,232837,238260,119.0,349.0
1790648363.4388864,1427.1876324000186,-118.18181818181817,-18.18181818181816,232943,238612,106.0,352.0
1790648365.009398,1428.758127500012,-109.09090909090908,-18.18181818181816,233037,238969,94.0,357.0
1790648366.556855,1430.3055678000092,-99.99999999999999,-18.18181818181816,233156,239374,119.0,405.0
1790648368.136031,1431.884727400029,-90.9090909090909,-18.18181818181816,233270,239770,114.0,396.0
1790648369.6962953,1433.4449745000456,-81.81818181818181,-18.18181818181816,233388,240111,118.0,341.0
1790648371.2386355,1434.9872985000256,-72.72727272727272,-18.18181818181816,233526,240526,138.0,415.0
1790648372.7980003,1436.5466472000116,-63.636363636363626,-18.18181818181816,233677,240888,151.0,362.0
1790648374.335835,1438.0844652000233,-54.54545454545453,-18.18181818181816,233840,241230,163.0,342.0
1790648375.882773,1439.6313871000311,-45.45454545454544,-18.18181818181816,234027,241581,187.0,351.0
1790648377.4141665,1441.1627642000094,-36.363636363636346,-18.18181818181816,234219,241911,192.0,330.0
1790648378.9617503,1442.710331600043,-27.272727272727252,-18.18181818181816,234451,242228,232.0,317.0
1790648380.5083241,1444.2568890000111,-18.18181818181816,-18.18181818181816,234703,242503,252.0,275.0
1790648382.0359507,1445.7844996000058,-9.090909090909065,-18.18181818181816,234963,242774,260.0,271.0
1790648383.55061,1447.2991430000402,2.842170943040401e-14,-18.18181818181816,235277,243034,314.0,260.0
1790648385.0481308,1448.796647500014,9.090909090909122,-18.18181818181816,235619,243254,342.0,220.0
1790648386.5613823,1450.3098833000404,18.181818181818187,-18.18181818181816,235982,243485,363.0,231.0
1790648388.108872,1451.8573562999954,27.27272727272728,-18.18181818181816,236311,243697,329.0,212.0
1790648389.7055938,1453.4540617000312,36.363636363636374,-18.18181818181816,236677,243861,366.0,164.0
1790648391.2258792,1454.9743309000041,45.45454545454547,-18.18181818181816,237077,244033,400.0,172.0
1790648392.7848206,1456.5332559000235,54.54545454545456,-18.18181818181816,237458,244203,381.0,170.0
1790648394.312331,1458.0607496000011,63.63636363636368,-18.18181818181816,237890,244345,432.0,142.0
1790648395.857755,1459.606157400005,72.72727272727275,-18.18181818181816,238322,244514,432.0,169.0
1790648397.3900177,1461.1384037000244,81.81818181818187,-18.18181818181816,238739,244648,417.0,134.0
1790648398.9690232,1462.7173929000273,90.90909090909093,-18.18181818181816,239114,244781,375.0,133.0
1790648400.5763426,1464.324695200019,100.0,-18.18181818181816,239520,244903,406.0,122.0
1790648402.1062338,1465.8545698000235,109.09090909090912,-18.18181818181816,239981,245043,461.0,140.0
1790648403.6678846,1467.416204100009,118.18181818181819,-18.18181818181816,240369,245179,388.0,136.0
1790648405.2315462,1468.979849299998,127.27272727272731,-18.18181818181816,240766,245306,397.0,127.0
1790648406.7534235,1470.501710200042,136.36363636363637,-18.18181818181816,241202,245466,436.0,160.0
1790648408.2980394,1472.046309700003,145.4545454545455,-18.18181818181816,241554,245599,352.0,133.0
1790648409.9214478,1473.6697008000338,154.54545454545456,-18.18181818181816,241914,245782,360.0,183.0
1790648411.487085,1475.2353216000483,163.63636363636368,-18.18181818181816,242261,245974,347.0,192.0
1790648412.9922884,1476.740508900024,172.72727272727275,-18.18181818181816,242573,246160,312.0,186.0
1790648414.5342824,1478.2824868000462,181.81818181818187,-18.18181818181816,242862,246393,289.0,233.0
1790648416.1108992,1479.859086500015,190.90909090909093,-18.18181818181816,243113,246597,251.0,204.0
1790648417.6862674,1481.4344381000265,200.0,-18.18181818181816,243362,246857,249.0,260.0
1790648419.261728,1483.0098826000467,-200.0,-9.090909090909065,243582,247163,220.0,306.0
1790648420.8280475,1484.5761887000408,-190.9090909090909,-9.090909090909065,243774,247465,192.0,302.0
1790648422.4433582,1486.1914792000316,-181.8181818181818,-9.090909090909065,243933,247790,159.0,325.0
1790648424.041308,1487.789411500038,-172.72727272727272,-9.090909090909065,244090,248165,157.0,375.0
1790648425.5964062,1489.344493600016,-163.63636363636363,-9.090909090909065,244233,248505,143.0,340.0
1790648427.1675215,1490.9155922000064,-154.54545454545453,-9.090909090909065,244347,248882,114.0,377.0
1790648428.7399695,1492.488023300015,-145.45454545454544,-9.090909090909065,244469,249272,122.0,390.0
1790648430.3126404,1494.0606773000327,-136.36363636363637,-9.090909090909065,244569,249676,100.0,404.0
1790648431.9072652,1495.6552856999915,-127.27272727272727,-9.090909090909065,244676,250080,107.0,404.0
1790648433.4668643,1497.2148681000108,-118.18181818181817,-9.090909090909065,244771,250479,95.0,399.0
1790648435.0132136,1498.761201700021,-109.09090909090908,-9.090909090909065,244857,250935,86.0,456.0
1790648436.5781527,1500.3261240000138,-99.99999999999999,-9.090909090909065,244967,251316,110.0,381.0
1790648438.1370826,1501.8850363999954,-90.9090909090909,-9.090909090909065,245090,251690,123.0,374.0
1790648439.6662855,1503.4142229999998,-81.81818181818181,-9.090909090909065,245213,252067,123.0,377.0
1790648441.293229,1505.0411495000008,-72.72727272727272,-9.090909090909065,245372,252402,159.0,335.0
1790648442.9299757,1506.677879600029,-63.636363636363626,-9.090909090909065,245538,252773,166.0,371.0
1790648444.4636068,1508.2114945999929,-54.54545454545453,-9.090909090909065,245703,253102,165.0,329.0
1790648446.0554097,1509.8032795000472,-45.45454545454544,-9.090909090909065,245920,253389,217.0,287.0
1790648447.6342094,1511.382063099998,-36.363636363636346,-9.090909090909065,246162,253674,242.0,285.0
1790648449.2253573,1512.9731942000217,-27.272727272727252,-9.090909090909065,246418,253942,256.0,268.0
1790648450.7425892,1514.4904105000314,-18.18181818181816,-9.090909090909065,246696,254211,278.0,269.0
1790648452.3164191,1516.0642231000238,-9.090909090909065,-9.090909090909065,246977,254454,281.0,243.0
1790648453.9237149,1517.6715021000127,2.842170943040401e-14,-9.090909090909065,247295,254716,318.0,262.0
1790648455.431563,1519.1793338000425,9.090909090909122,-9.090909090909065,247647,254910,352.0,194.0
1790648457.0617728,1520.8095266000018,18.181818181818187,-9.090909090909065,247998,255094,351.0,184.0
1790648458.599149,1522.346886000014,27.27272727272728,-9.090909090909065,248415,255296,417.0,202.0
1790648460.189266,1523.9369860000443,36.363636363636374,-9.090909090909065,248790,255470,375.0,174.0
1790648461.825857,1525.5735606999951,45.45454545454547,-9.090909090909065,249219,255625,429.0,155.0
1790648463.3640776,1527.1117642000318,54.54545454545456,-9.090909090909065,249612,255756,393.0,131.0
1790648464.9707966,1528.7184662999935,63.63636363636368,-9.090909090909065,250036,255896,424.0,140.0
1790648466.5192993,1530.2669530000421,72.72727272727275,-9.090909090909065,250491,256027,455.0,131.0
1790648468.109291,1531.8569276999915,81.81818181818187,-9.090909090909065,250906,256158,415.0,131.0
1790648469.6497138,1533.397334200039,90.90909090909093,-9.090909090909065,251306,256289,400.0,131.0
1790648471.240362,1534.9879656000412,100.0,-9.090909090909065,251680,256420,374.0,131.0
1790648472.8354068,1536.5829934999929,109.09090909090912,-9.090909090909065,252095,256552,415.0,132.0
1790648474.3646724,1538.1122427000082,118.18181818181819,-9.090909090909065,252478,256673,383.0,121.0
1790648476.0065613,1539.7541138000088,127.27272727272731,-9.090909090909065,252882,256829,404.0,156.0
1790648477.5367956,1541.284332500014,136.36363636363637,-9.090909090909065,253256,256993,374.0,164.0
1790648479.1442273,1542.8917473000474,145.4545454545455,-9.090909090909065,253600,257155,344.0,162.0
1790648480.7335632,1544.4810663000098,154.54545454545456,-9.090909090909065,253904,257316,304.0,161.0
1790648482.299795,1546.047280800005,163.63636363636368,-9.090909090909065,254227,257493,323.0,177.0
1790648483.9060047,1547.6534738000482,172.72727272727275,-9.090909090909065,254538,257734,311.0,241.0
1790648485.4209135,1549.1683668000042,181.81818181818187,-9.090909090909065,254836,257985,298.0,251.0
1790648487.0265734,1550.7740090000443,190.90909090909093,-9.090909090909065,255108,258253,272.0,268.0
1790648488.5743635,1552.3217834000243,200.0,-9.090909090909065,255356,258569,248.0,316.0
1790648490.1290205,1553.8764232000103,-200.0,2.842170943040401e-14,255547,258867,191.0,298.0
1790648491.6917207,1555.4391070000129,-190.9090909090909,2.842170943040401e-14,255706,259187,159.0,320.0
1790648493.2261264,1556.973496599996,-181.8181818181818,2.842170943040401e-14,255852,259530,146.0,343.0
1790648494.764262,1558.5116157000302,-172.72727272727272,2.842170943040401e-14,255987,259890,135.0,360.0
1790648496.2854996,1560.0328374000383,-163.63636363636363,2.842170943040401e-14,256095,260239,108.0,349.0
1790648497.8633053,1561.6106261000386,-154.54545454545453,2.842170943040401e-14,256208,260611,113.0,372.0
1790648499.4263644,1563.173669300042,-145.45454545454544,2.842170943040401e-14,256309,260996,101.0,385.0
1790648501.0466833,1564.7939707000041,-136.36363636363637,2.842170943040401e-14,256423,261383,114.0,387.0
1790648502.6321204,1566.379391400027,-127.27272727272727,2.842170943040401e-14,256528,261771,105.0,388.0
1790648504.1925569,1567.9398105000146,-118.18181818181817,2.842170943040401e-14,256616,262159,88.0,388.0
1790648505.8600373,1569.607274400012,-109.09090909090908,2.842170943040401e-14,256713,262572,97.0,413.0
1790648507.4056828,1571.152902700007,-99.99999999999999,2.842170943040401e-14,256834,262976,121.0,404.0
1790648508.9651897,1572.7123926000204,-90.9090909090909,2.842170943040401e-14,256980,263342,146.0,366.0
1790648510.5382097,1574.2853968000272,-81.81818181818181,2.842170943040401e-14,257132,263739,152.0,397.0
1790648512.111473,1575.8586432000156,-72.72727272727272,2.842170943040401e-14,257299,264085,167.0,346.0
1790648513.7031622,1577.4503155000275,-63.636363636363626,2.842170943040401e-14,257507,264418,208.0,333.0
1790648515.2925284,1579.0396650000475,-54.54545454545453,2.842170943040401e-14,257721,264768,214.0,350.0
1790648516.884583,1580.6317027000478,-45.45454545454544,2.842170943040401e-14,257936,265101,215.0,333.0
1790648518.4314735,1582.1785771000432,-36.363636363636346,2.842170943040401e-14,258182,265378,246.0,277.0
1790648519.9704354,1583.7175223000231,-27.272727272727252,2.842170943040401e-14,258451,265642,269.0,264.0
1790648521.5322278,1585.2792980000377,-18.18181818181816,2.842170943040401e-14,258766,265889,315.0,247.0
1790648523.1387239,1586.8857767000445,-9.090909090909065,2.842170943040401e-14,259103,266121,337.0,232.0
1790648524.7606943,1588.507730000012,2.842170943040401e-14,2.842170943040401e-14,259413,266300,310.0,179.0
1790648526.3101182,1590.0571373000275,9.090909090909122,2.842170943040401e-14,259784,266494,371.0,194.0
1790648527.8995035,1591.6465064000222,18.181818181818187,2.842170943040401e-14,260172,266650,388.0,156.0
1790648529.4743946,1593.2213810000103,27.27272727272728,2.842170943040401e-14,260585,266827,413.0,177.0
1790648531.0960553,1594.8430238,36.363636363636374,2.842170943040401e-14,260962,266985,377.0,158.0
1790648532.65916,1596.4061116999947,45.45454545454547,2.842170943040401e-14,261336,267110,374.0,125.0
1790648534.214582,1597.9615174999926,54.54545454545456,2.842170943040401e-14,261770,267257,434.0,147.0
1790648535.7547014,1599.5016208000015,63.63636363636368,2.842170943040401e-14,262227,267384,457.0,127.0
1790648537.3062205,1601.0531235000235,72.72727272727275,2.842170943040401e-14,262638,267496,411.0,112.0
1790648538.8896413,1602.636527499999,81.81818181818187,2.842170943040401e-14,263086,267632,448.0,136.0
1790648540.41299,1604.159860100015,90.90909090909093,2.842170943040401e-14,263493,267755,407.0,123.0
1790648542.0040734,1605.7509262000094,100.0,2.842170943040401e-14,263916,267882,423.0,127.0
1790648543.5594509,1607.306287400017,109.09090909090912,2.842170943040401e-14,264336,268027,420.0,145.0
1790648545.1297958,1608.8766156000202,118.18181818181819,2.842170943040401e-14,264719,268177,383.0,150.0
1790648546.6900074,1610.4368109999923,127.27272727272731,2.842170943040401e-14,265106,268354,387.0,177.0
1790648548.2296689,1611.976455600001,136.36363636363637,2.842170943040401e-14,265475,268537,369.0,183.0
1790648549.7710762,1613.5178470000392,145.4545454545455,2.842170943040401e-14,265814,268736,339.0,199.0
1790648551.3106062,1615.057360900042,154.54545454545456,2.842170943040401e-14,266135,268951,321.0,215.0
1790648552.9982395,1616.7449760000454,163.63636363636368,2.842170943040401e-14,266423,269179,288.0,228.0
1790648554.5389938,1618.2857141999993,172.72727272727275,2.842170943040401e-14,266715,269407,292.0,228.0
1790648556.094103,1619.8408066999982,181.81818181818187,2.842170943040401e-14,266970,269654,255.0,247.0
1790648557.6228442,1621.3695315000368,190.90909090909093,2.842170943040401e-14,267226,269968,256.0,314.0
1790648559.1787896,1622.9254605000024,200.0,2.842170943040401e-14,267430,270261,204.0,293.0
1790648560.7366285,1624.4832828000071,-200.0,9.090909090909122,267599,270618,169.0,357.0
1790648562.3081617,1626.0548002000432,-190.9090909090909,9.090909090909122,267763,270972,164.0,354.0
1790648563.8832872,1627.6299082000041,-181.8181818181818,9.090909090909122,267902,271328,139.0,356.0
1790648565.4246507,1629.1712553999969,-172.72727272727272,9.090909090909122,268037,271711,135.0,383.0
1790648566.962154,1630.7087425999925,-163.63636363636363,9.090909090909122,268142,272079,105.0,368.0
1790648568.4705904,1632.217163000023,-154.54545454545453,9.090909090909122,268261,272484,119.0,405.0
1790648569.9935355,1633.7400917999912,-145.45454545454544,9.090909090909122,268376,272879,115.0,395.0
1790648571.5371869,1635.2837270000018,-136.36363636363637,9.090909090909122,268485,273267,109.0,388.0
1790648573.0481157,1636.7946397000342,-127.27272727272727,9.090909090909122,268583,273653,98.0,386.0
1790648574.6146362,1638.3611438000225,-118.18181818181817,9.090909090909122,268674,274030,91.0,377.0
1790648576.1290565,1639.8755478000385,-109.09090909090908,9.090909090909122,268798,274412,124.0,382.0
1790648577.6702373,1641.416712300037,-99.99999999999999,9.090909090909122,268946,274789,148.0,377.0
1790648579.254125,1643.0005834000185,-90.9090909090909,9.090909090909122,269091,275171,145.0,382.0
1790648580.8609188,1644.6073599000229,-81.81818181818181,9.090909090909122,269250,275515,159.0,344.0
1790648582.4141154,1646.160540300014,-72.72727272727272,9.090909090909122,269461,275871,211.0,356.0
1790648583.9579809,1647.7043893000227,-63.636363636363626,9.090909090909122,269670,276222,209.0,351.0
1790648585.4994998,1649.2458920000354,-54.54545454545453,9.090909090909122,269901,276531,231.0,309.0
1790648587.087328,1650.8337029000395,-45.45454545454544,9.090909090909122,270158,276854,257.0,323.0
1790648588.6252182,1652.3715770000126,-36.363636363636346,9.090909090909122,270453,277123,295.0,269.0
1790648590.1752365,1653.9215788000147,-27.272727272727252,9.090909090909122,270761,277375,308.0,252.0
1790648591.7317123,1655.4780381000019,-18.18181818181816,9.090909090909122,271048,277609,287.0,234.0
1790648593.3024533,1657.0487623999943,-9.090909090909065,9.090909090909122,271404,277817,356.0,208.0
1790648594.9005423,1658.6468350000214,2.842170943040401e-14,9.090909090909122,271769,277996,365.0,179.0
1790648596.4416256,1660.1879019000335,9.090909090909122,9.090909090909122,272147,278169,378.0,173.0
1790648598.0264993,1661.7727587000118,18.181818181818187,9.090909090909122,272514,278332,367.0,163.0
1790648599.5626826,1663.3089257000247,27.27272727272728,9.090909090909122,272929,278484,415.0,152.0
1790648601.1331203,1664.8793465000344,36.363636363636374,9.090909090909122,273383,278605,454.0,121.0
1790648602.6866083,1666.432818500034,45.45454545454547,9.090909090909122,273782,278747,399.0,142.0
1790648604.2695012,1668.0156944000046,54.54545454545456,9.090909090909122,274174,278879,392.0,132.0
1790648605.8155534,1669.561730300018,63.63636363636368,9.090909090909122,274607,279004,433.0,125.0
1790648607.3726838,1671.118844200042,72.72727272727275,9.090909090909122,275040,279141,433.0,137.0
1790648608.9138892,1672.6600332999951,81.81818181818187,9.090909090909122,275441,279253,401.0,112.0
1790648610.4522312,1674.198359000031,90.90909090909093,9.090909090909122,275896,279373,455.0,120.0
1790648612.0407863,1675.7868967000395,100.0,9.090909090909122,276303,279524,407.0,151.0
1790648613.5661027,1677.3121976000257,109.09090909090912,9.090909090909122,276676,279663,373.0,139.0
1790648615.0930576,1678.8391358000226,118.18181818181819,9.090909090909122,277043,279831,367.0,168.0
1790648616.6235597,1680.3696223000297,127.27272727272731,9.090909090909122,277406,280005,363.0,174.0
1790648618.178346,1681.9243914000108,136.36363636363637,9.090909090909122,277749,280197,343.0,192.0
1790648619.718827,1683.4648566000396,145.4545454545455,9.090909090909122,278061,280418,312.0,221.0
1790648621.310076,1685.0560895000235,154.54545454545456,9.090909090909122,278364,280668,303.0,250.0
1790648622.9054067,1686.6514037000015,163.63636363636368,9.090909090909122,278643,280903,279.0,235.0
1790648624.4975395,1688.2435211000266,172.72727272727275,9.090909090909122,278915,281163,272.0,260.0
1790648626.1322248,1689.87818900001,181.81818181818187,9.090909090909122,279127,281448,212.0,285.0
1790648627.6650803,1691.4110293000122,190.90909090909093,9.090909090909122,279321,281756,194.0,308.0
1790648629.2376046,1692.983537000022,200.0,9.090909090909122,279499,282050,178.0,294.0
1790648630.8508036,1694.5967200000305,-200.0,18.181818181818187,279665,282377,166.0,327.0
1790648632.389616,1696.1355164000415,-190.9090909090909,18.181818181818187,279799,282707,134.0,330.0
1790648633.9178112,1697.663696100004,-181.8181818181818,18.181818181818187,279919,283071,120.0,364.0
1790648635.4459686,1699.1918389000348,-172.72727272727272,18.181818181818187,280044,283451,125.0,380.0
1790648637.0457344,1700.791587100015,-163.63636363636363,18.181818181818187,280147,283836,103.0,385.0
1790648638.5871737,1702.333011300012,-154.54545454545453,18.181818181818187,280238,284245,91.0,409.0
1790648640.1091242,1703.8549460000359,-145.45454545454544,18.181818181818187,280346,284672,108.0,427.0
1790648641.728255,1705.4740602000384,-136.36363636363637,18.181818181818187,280456,285066,110.0,394.0
1790648643.3111324,1707.0569217000157,-127.27272727272727,18.181818181818187,280581,285471,125.0,405.0
1790648644.8846898,1708.630462900037,-118.18181818181817,18.181818181818187,280699,285877,118.0,406.0
1790648646.4280996,1710.1738569000154,-109.09090909090908,18.181818181818187,280840,286258,141.0,381.0
1790648647.986749,1711.7324906000285,-99.99999999999999,18.181818181818187,280988,286669,148.0,411.0
1790648649.5451527,1713.290878000029,-90.9090909090909,18.181818181818187,281150,287038,162.0,369.0
1790648651.164368,1714.9100768000353,-81.81818181818181,18.181818181818187,281327,287374,177.0,336.0
1790648652.6979957,1716.4436893000384,-72.72727272727272,18.181818181818187,281539,287680,212.0,306.0
1790648654.2430696,1717.988746899995,-63.636363636363626,18.181818181818187,281767,288001,228.0,321.0
1790648655.804586,1719.5502478000126,-54.54545454545453,18.181818181818187,281997,288292,230.0,291.0
1790648657.3864958,1721.1321416000137,-45.45454545454544,18.181818181818187,282278,288556,281.0,264.0
1790648658.9747472,1722.7203762000427,-36.363636363636346,18.181818181818187,282568,288823,290.0,267.0
1790648660.4873364,1724.2329503000365,-27.272727272727252,18.181818181818187,282896,289058,328.0,235.0
1790648662.0485318,1725.7941294000484,-18.18181818181816,18.181818181818187,283247,289284,351.0,226.0
1790648663.5571632,1727.302745699999,-9.090909090909065,18.181818181818187,283608,289481,361.0,197.0
1790648665.1234615,1728.869027800043,2.842170943040401e-14,18.181818181818187,283975,289657,367.0,176.0
1790648666.6702318,1730.4157825000002,9.090909090909122,18.181818181818187,284353,289840,378.0,183.0
1790648668.2105126,1731.9560477000196,18.181818181818187,18.181818181818187,284770,289975,417.0,135.0
1790648669.7687402,1733.5142594000208,27.27272727272728,18.181818181818187,285198,290107,428.0,132.0
1790648671.3786469,1735.124149600044,36.363636363636374,18.181818181818187,285599,290230,401.0,123.0
1790648672.8964314,1736.6419189000153,45.45454545454547,18.181818181818187,286010,290358,411.0,128.0
1790648674.4236276,1738.1690990999923,54.54545454545456,18.181818181818187,286447,290486,437.0,128.0
1790648675.9495327,1739.6949889000389,63.63636363636368,18.181818181818187,286886,290609,439.0,123.0
1790648677.4618742,1741.2073151000077,72.72727272727275,18.181818181818187,287303,290734,417.0,125.0
1790648679.0670404,1742.8124647000222,81.81818181818187,18.181818181818187,287751,290859,448.0,125.0
1790648680.5947208,1744.3401298000244,90.90909090909093,18.181818181818187,288145,291011,394.0,152.0
1790648682.1626792,1745.9080724000232,100.0,18.181818181818187,288531,291179,386.0,168.0
1790648683.715217,1747.4605940000038,109.09090909090912,18.181818181818187,288916,291330,385.0,151.0
1790648685.2454345,1748.9907957999967,118.18181818181819,18.181818181818187,289282,291518,366.0,188.0
1790648686.7618124,1750.507158100023,127.27272727272731,18.181818181818187,289631,291753,349.0,235.0
1790648688.2992947,1752.0446248000371,136.36363636363637,18.181818181818187,289958,291956,327.0,203.0
1790648689.8103445,1753.5556594000082,145.4545454545455,18.181818181818187,290267,292188,309.0,232.0
1790648691.3882763,1755.1335753000458,154.54545454545456,18.181818181818187,290527,292399,260.0,211.0
1790648692.9191065,1756.6643899000483,163.63636363636368,18.181818181818187,290802,292694,275.0,295.0
1790648694.4452398,1758.1905070000212,172.72727272727275,18.181818181818187,291014,293005,212.0,311.0
1790648696.021007,1759.7662587999948,181.81818181818187,18.181818181818187,291217,293301,203.0,296.0
1790648697.5525813,1761.2978169000125,190.90909090909093,18.181818181818187,291434,293616,217.0,315.0
1790648699.1071932,1762.8524132000166,200.0,18.181818181818187,291605,293934,171.0,318.0
1790648700.7597153,1764.5049187000259,-200.0,27.27272727272728,291737,294299,132.0,365.0
1790648702.347645,1766.0928316999925,-190.9090909090909,27.27272727272728,291862,294648,125.0,349.0
1790648703.884869,1767.6300408000243,-181.8181818181818,27.27272727272728,291992,295027,130.0,379.0
1790648705.443763,1769.1889181000297,-172.72727272727272,27.27272727272728,292090,295393,98.0,366.0
1790648707.0047467,1770.7498862000066,-163.63636363636363,27.27272727272728,292198,295819,108.0,426.0
1790648708.50689,1772.2520142000285,-154.54545454545453,27.27272727272728,292317,296223,119.0,404.0
1790648710.0451007,1773.7902089999989,-145.45454545454544,27.27272727272728,292424,296629,107.0,406.0
1790648711.638454,1775.383546500001,-136.36363636363637,27.27272727272728,292553,297024,129.0,395.0
1790648713.247291,1776.9923668000265,-127.27272727272727,27.27272727272728,292673,297380,120.0,356.0
1790648714.7779474,1778.5230079000467,-118.18181818181817,27.27272727272728,292808,297791,135.0,411.0
1790648716.3050299,1780.0500743000302,-109.09090909090908,27.27272727272728,292961,298185,153.0,394.0
1790648717.8484325,1781.5934614000143,-99.99999999999999,27.27272727272728,293138,298526,177.0,341.0
1790648719.3943415,1783.139354300045,-90.9090909090909,27.27272727272728,293328,298852,190.0,326.0
1790648720.9834113,1784.7284083000268,-81.81818181818181,27.27272727272728,293553,299218,225.0,366.0
1790648722.5902917,1786.3352726000012,-72.72727272727272,27.27272727272728,293789,299559,236.0,341.0
1790648724.0986984,1787.8436635000398,-63.636363636363626,27.27272727272728,294065,299831,276.0,272.0
1790648725.6405036,1789.3854529000237,-54.54545454545453,27.27272727272728,294348,300120,283.0,289.0
1790648727.1858318,1790.9307651999989,-45.45454545454544,27.27272727272728,294658,300378,310.0,258.0
1790648728.6871533,1792.432071999996,-36.363636363636346,27.27272727272728,294996,300624,338.0,246.0
1790648730.2458003,1793.9907026000437,-27.272727272727252,27.27272727272728,295355,300845,359.0,221.0
1790648731.8634582,1795.608343800006,-18.18181818181816,27.27272727272728,295738,301055,383.0,210.0
1790648733.4452827,1797.1901529000024,-9.090909090909065,27.27272727272728,296125,301250,387.0,195.0
1790648735.0252173,1798.7700714000384,2.842170943040401e-14,27.27272727272728,296486,301409,361.0,159.0
1790648736.5192451,1800.2640839000233,9.090909090909122,27.27272727272728,296895,301562,409.0,153.0
1790648738.0578158,1801.802638299996,18.181818181818187,27.27272727272728,297310,301717,415.0,155.0
1790648739.5803497,1803.3251569000422,27.27272727272728,27.27272727272728,297756,301857,446.0,140.0
1790648741.1553276,1804.9001187999966,36.363636363636374,27.27272727272728,298181,301979,425.0,122.0
1790648742.775445,1806.520219900005,45.45454545454547,27.27272727272728,298580,302089,399.0,110.0
1790648744.3004014,1808.0451605000417,54.54545454545456,27.27272727272728,299007,302199,427.0,110.0
1790648745.8404627,1809.5852057000156,63.63636363636368,27.27272727272728,299409,302320,402.0,121.0
1790648747.3821235,1811.1268510000082,72.72727272727275,27.27272727272728,299817,302456,408.0,136.0
1790648748.9214752,1812.6661867999937,81.81818181818187,27.27272727272728,300180,302588,363.0,132.0
1790648750.465906,1814.2106021000072,90.90909090909093,27.27272727272728,300551,302726,371.0,138.0
1790648752.0612128,1815.8058925000369,100.0,27.27272727272728,300915,302874,364.0,148.0
1790648753.6171868,1817.361851099995,109.09090909090912,27.27272727272728,301308,303067,393.0,193.0
1790648755.1727483,1818.917396200006,118.18181818181819,27.27272727272728,301629,303245,321.0,178.0
1790648756.6968281,1820.441461200011,127.27272727272731,27.27272727272728,301912,303474,283.0,229.0
1790648758.2249026,1821.9695196000393,136.36363636363637,27.27272727272728,302204,303686,292.0,212.0
1790648759.79348,1823.5380807000329,145.4545454545455,27.27272727272728,302451,303950,247.0,264.0
1790648761.3627043,1825.1072893000091,154.54545454545456,27.27272727272728,302713,304229,262.0,279.0
1790648762.9519095,1826.6964784000302,163.63636363636368,27.27272727272728,302962,304494,249.0,265.0
1790648764.537323,1828.2818755999906,172.72727272727275,27.27272727272728,303178,304811,216.0,317.0
1790648766.08175,1829.8262866000296,181.81818181818187,27.27272727272728,303372,305146,194.0,335.0
1790648767.579934,1831.3244554999983,190.90909090909093,27.27272727272728,303555,305471,183.0,325.0
1790648769.1311667,1832.8756723999977,200.0,27.27272727272728,303701,305803,146.0,332.0
1790648770.6909878,1834.4354777000262,-200.0,36.363636363636374,303857,306205,156.0,402.0
1790648772.326009,1836.0704821000108,-190.9090909090909,36.363636363636374,303992,306578,135.0,373.0
1790648773.886908,1837.6313653000398,-181.8181818181818,36.363636363636374,304105,306936,113.0,358.0
1790648775.4242253,1839.1686669000192,-172.72727272727272,36.363636363636374,304205,307330,100.0,394.0
1790648776.9504375,1840.6948642000207,-163.63636363636363,36.363636363636374,304304,307778,99.0,448.0
1790648778.5309565,1842.27536650002,-154.54545454545453,36.363636363636374,304427,308194,123.0,416.0
1790648780.027536,1843.7719304999919,-145.45454545454544,36.363636363636374,304556,308607,129.0,413.0
1790648781.541581,1845.2859598000068,-136.36363636363637,36.363636363636374,304688,308987,132.0,380.0
1790648783.0544746,1846.798838000046,-127.27272727272727,36.363636363636374,304822,309386,134.0,399.0
1790648784.6311755,1848.3755232000258,-118.18181818181817,36.363636363636374,304991,309771,169.0,385.0
1790648786.1846602,1849.928992000001,-109.09090909090908,36.363636363636374,305175,310119,184.0,348.0
1790648787.7248096,1851.46912590001,-99.99999999999999,36.363636363636374,305340,310463,165.0,344.0
1790648789.2643604,1853.0086606999976,-90.9090909090909,36.363636363636374,305544,310781,204.0,318.0
1790648790.8015027,1854.5457874000422,-81.81818181818181,36.363636363636374,305785,311098,241.0,317.0
1790648792.382531,1856.1267995000235,-72.72727272727272,36.363636363636374,306029,311383,244.0,285.0
1790648793.9157665,1857.6600195000065,-63.636363636363626,36.363636363636374,306309,311652,280.0,269.0
1790648795.4687412,1859.2129780999967,-54.54545454545453,36.363636363636374,306601,311937,292.0,285.0
1790648796.9808362,1860.7250582000124,-45.45454545454544,36.363636363636374,306896,312148,295.0,211.0
1790648798.5195704,1862.26377640001,-36.363636363636346,36.363636363636374,307247,312339,351.0,191.0
1790648800.106048,1863.8502378000412,-27.272727272727252,36.363636363636374,307625,312534,378.0,195.0
1790648801.6763358,1865.4205098000239,-18.18181818181816,36.363636363636374,308030,312718,405.0,184.0
1790648803.2561908,1867.0003483000328,-9.090909090909065,36.363636363636374,308424,312879,394.0,161.0
1790648804.7796824,1868.523824700038,2.842170943040401e-14,36.363636363636374,308808,313029,384.0,150.0
1790648806.350843,1870.094969900034,9.090909090909122,36.363636363636374,309252,313188,444.0,159.0
1790648807.9089572,1871.6530676000402,18.181818181818187,36.363636363636374,309680,313330,428.0,142.0
1790648809.4499297,1873.1940242000273,27.27272727272728,36.363636363636374,310102,313451,422.0,121.0
1790648811.013908,1874.7579867000459,36.363636363636374,36.363636363636374,310539,313580,437.0,129.0
1790648812.5777054,1876.321768200025,45.45454545454547,36.363636363636374,310986,313701,447.0,121.0
1790648814.1442523,1877.8882987000397,54.54545454545456,36.363636363636374,311419,313841,433.0,140.0
1790648815.685986,1879.4300169000053,63.63636363636368,36.363636363636374,311863,313965,444.0,124.0
1790648817.226609,1880.9706242000102,72.72727272727275,36.363636363636374,312261,314112,398.0,147.0
1790648818.7876546,1882.531653800048,81.81818181818187,36.363636363636374,312625,314279,364.0,167.0
1790648820.3288562,1884.0728397000348,90.90909090909093,36.363636363636374,312993,314463,368.0,184.0
1790648821.8672535,1885.611221100029,100.0,36.363636363636374,313341,314651,348.0,188.0
1790648823.4224174,1887.1663693000446,109.09090909090912,36.363636363636374,313721,314861,380.0,210.0
1790648825.007661,1888.7515966999927,118.18181818181819,36.363636363636374,314061,315089,340.0,228.0
1790648826.55159,1890.2955101000261,127.27272727272731,36.363636363636374,314376,315325,315.0,236.0
1790648828.0564334,1891.8003379000002,136.36363636363637,36.363636363636374,314671,315580,295.0,255.0
1790648829.6179202,1893.3618089000229,145.4545454545455,36.363636363636374,314931,315863,260.0,283.0
1790648831.220219,1894.9640911000315,154.54545454545456,36.363636363636374,315173,316126,242.0,263.0
1790648832.8589325,1896.6027883000206,163.63636363636368,36.363636363636374,315384,316421,211.0,295.0
1790648834.4130256,1898.1568653000286,172.72727272727275,36.363636363636374,315597,316731,213.0,310.0
1790648835.9876873,1899.7315113000222,181.81818181818187,36.363636363636374,315784,317069,187.0,338.0
1790648837.5323346,1901.2761424999917,190.90909090909093,36.363636363636374,315954,317374,170.0,305.0
1790648839.090006,1902.83379840001,200.0,36.363636363636374,316091,317742,137.0,368.0
1790648840.6519766,1904.3957528000465,-200.0,45.45454545454547,316189,318106,98.0,364.0
1790648842.234115,1905.9778750000405,-190.9090909090909,45.45454545454547,316295,318512,106.0,406.0
1790648843.857137,1907.6008804000448,-181.8181818181818,45.45454545454547,316404,318901,109.0,389.0
1790648845.4140532,1909.1577805000124,-172.72727272727272,45.45454545454547,316496,319268,92.0,367.0
1790648846.975047,1910.7187593000126,-163.63636363636363,45.45454545454547,316610,319667,114.0,399.0
1790648848.550167,1912.2938633000012,-154.54545454545453,45.45454545454547,316718,320051,108.0,384.0
1790648850.0676193,1913.8112993999966,-145.45454545454544,45.45454545454547,316837,320425,119.0,374.0
1790648851.6070542,1915.350718700036,-136.36363636363637,45.45454545454547,316976,320784,139.0,359.0
1790648853.2221453,1916.9657934000134,-127.27272727272727,45.45454545454547,317134,321156,158.0,372.0
1790648854.8071568,1918.550788499997,-118.18181818181817,45.45454545454547,317302,321511,168.0,355.0
1790648856.3801172,1920.1237328000134,-109.09090909090908,45.45454545454547,317497,321821,195.0,310.0
1790648857.968007,1921.7116071000346,-99.99999999999999,45.45454545454547,317687,322110,190.0,289.0
1790648859.498797,1923.2423813000205,-90.9090909090909,45.45454545454547,317931,322404,244.0,294.0
1790648861.0104215,1924.7539899999974,-81.81818181818181,45.45454545454547,318222,322698,291.0,294.0
1790648862.6370053,1926.3805571999983,-72.72727272727272,45.45454545454547,318454,323006,232.0,308.0
1790648864.1871867,1927.9307230000268,-63.636363636363626,45.45454545454547,318755,323255,301.0,249.0
1790648865.7738786,1929.5173988000024,-54.54545454545453,45.45454545454547,319070,323498,315.0,243.0
1790648867.304254,1931.0477581000305,-45.45454545454544,45.45454545454547,319421,323716,351.0,218.0
1790648868.8470564,1932.5905454000458,-36.363636363636346,45.45454545454547,319787,323904,366.0,188.0
1790648870.4007285,1934.144201499992,-27.272727272727252,45.45454545454547,320166,324089,379.0,185.0
1790648871.9770708,1935.7205275000306,-18.18181818181816,45.45454545454547,320558,324244,392.0,155.0
1790648873.546803,1937.2902437000303,-9.090909090909065,45.45454545454547,320945,324396,387.0,152.0
1790648875.1047418,1938.8481665000436,2.842170943040401e-14,45.45454545454547,321373,324529,428.0,133.0
1790648876.682729,1940.4261377000366,9.090909090909122,45.45454545454547,321758,324650,385.0,121.0
1790648878.2578702,1942.001262500009,18.181818181818187,45.45454545454547,322177,324780,419.0,130.0
1790648879.7915857,1943.5349629000411,27.27272727272728,45.45454545454547,322619,324907,442.0,127.0
1790648881.3456714,1945.0890329999966,36.363636363636374,45.45454545454547,323071,325027,452.0,120.0
1790648882.9252923,1946.668637100025,45.45454545454547,45.45454545454547,323488,325175,417.0,148.0
1790648884.5029278,1948.2462566000177,54.54545454545456,45.45454545454547,323908,325289,420.0,114.0
1790648886.0172737,1949.760586999997,63.63636363636368,45.45454545454547,324302,325441,394.0,152.0
1790648887.5446994,1951.287997800042,72.72727272727275,45.45454545454547,324675,325610,373.0,169.0
1790648889.127487,1952.8707685000263,81.81818181818187,45.45454545454547,325044,325752,369.0,142.0
1790648890.6716764,1954.4149427000084,90.90909090909093,45.45454545454547,325405,325935,361.0,183.0
1790648892.1994207,1955.94267150003,100.0,45.45454545454547,325732,326132,327.0,197.0
1790648893.7666333,1957.5098676999914,109.09090909090912,45.45454545454547,326029,326334,297.0,202.0
1790648895.3117738,1959.0549922999926,118.18181818181819,45.45454545454547,326313,326566,284.0,232.0
1790648896.8889098,1960.6321122000227,127.27272727272731,45.45454545454547,326588,326825,275.0,259.0
1790648898.4732356,1962.2164222000283,136.36363636363637,45.45454545454547,326862,327088,274.0,263.0
1790648900.064227,1963.807397000026,145.4545454545455,45.45454545454547,327081,327370,219.0,282.0
1790648901.6114018,1965.3545560000348,154.54545454545456,45.45454545454547,327302,327660,221.0,290.0
1790648903.2174394,1966.9605774999945,163.63636363636368,45.45454545454547,327506,328007,204.0,347.0
1790648904.7387738,1968.481896100042,172.72727272727275,45.45454545454547,327661,328293,155.0,286.0
1790648906.266287,1970.0093938999926,181.81818181818187,45.45454545454547,327814,328645,153.0,352.0
1790648907.8221848,1971.5652755000046,190.90909090909093,45.45454545454547,327948,328983,134.0,338.0
1790648909.3858802,1973.1289555000258,200.0,45.45454545454547,328086,329401,138.0,418.0
1790648910.9134843,1974.656543500023,-200.0,54.54545454545456,328193,329809,107.0,408.0
1790648912.4296982,1976.1727422000258,-190.9090909090909,54.54545454545456,328303,330187,110.0,378.0
1790648914.0328786,1977.7759063999983,-181.8181818181818,54.54545454545456,328397,330573,94.0,386.0
1790648915.5859277,1979.328939900035,-172.72727272727272,54.54545454545456,328503,330963,106.0,390.0
1790648917.1630187,1980.906014200009,-163.63636363636363,54.54545454545456,328625,331366,122.0,403.0
1790648918.6921031,1982.4350832999917,-154.54545454545453,54.54545454545456,328759,331786,134.0,420.0
1790648920.2270937,1983.9700587000116,-145.45454545454544,54.54545454545456,328884,332173,125.0,387.0
1790648921.7574382,1985.500388000044,-136.36363636363637,54.54545454545456,329061,332535,177.0,362.0
1790648923.3492358,1987.092170000018,-127.27272727272727,54.54545454545456,329253,332879,192.0,344.0
1790648924.9237576,1988.6666762999957,-118.18181818181817,54.54545454545456,329434,333225,181.0,346.0
1790648926.5041635,1990.2470669000177,-109.09090909090908,54.54545454545456,329656,333564,222.0,339.0
1790648928.0627708,1991.8056582999998,-99.99999999999999,54.54545454545456,329867,333865,211.0,301.0
1790648929.6090584,1993.3519302000059,-90.9090909090909,54.54545454545456,330115,334131,248.0,266.0
1790648931.1408732,1994.8837300000014,-81.81818181818181,54.54545454545456,330360,334386,245.0,255.0
1790648932.6770916,1996.4199330999982,-72.72727272727272,54.54545454545456,330658,334625,298.0,239.0
1790648934.219736,1997.9625624000328,-63.636363636363626,54.54545454545456,330977,334861,319.0,236.0
1790648935.7868059,1999.5296171000227,-54.54545454545453,54.54545454545456,331311,335090,334.0,229.0
1790648937.3358853,2001.0786807000404,-45.45454545454544,54.54545454545456,331641,335283,330.0,193.0
1790648938.8487077,2002.5914883000078,-36.363636363636346,54.54545454545456,331998,335457,357.0,174.0
1790648940.3941429,2004.1369083000463,-27.272727272727252,54.54545454545456,332379,335629,381.0,172.0
1790648941.9606683,2005.7034182000207,-18.18181818181816,54.54545454545456,332768,335784,389.0,155.0
1790648943.5849516,2007.3276852000272,-9.090909090909065,54.54545454545456,333166,335893,398.0,109.0
1790648945.1430473,2008.8857659000205,2.842170943040401e-14,54.54545454545456,333593,336028,427.0,135.0
1790648946.7689219,2010.511624500039,9.090909090909122,54.54545454545456,334025,336151,432.0,123.0
1790648948.2990491,2012.0417361000436,18.181818181818187,54.54545454545456,334447,336294,422.0,143.0
1790648949.8689237,2013.611595000024,27.27272727272728,54.54545454545456,334909,336412,462.0,118.0
1790648951.3895013,2015.1321578000207,36.363636363636374,54.54545454545456,335312,336543,403.0,131.0
1790648952.9504664,2016.6931078000343,45.45454545454547,54.54545454545456,335783,336680,471.0,137.0
1790648954.4705546,2018.213181500032,54.54545454545456,54.54545454545456,336185,336828,402.0,148.0
1790648955.992415,2019.7350268000155,63.63636363636368,54.54545454545456,336529,336989,344.0,161.0
1790648957.5346675,2021.27726360003,72.72727272727275,54.54545454545456,336900,337171,371.0,182.0
1790648959.0617492,2022.8043299000128,81.81818181818187,54.54545454545456,337272,337333,372.0,162.0
1790648960.6089103,2024.351475500036,90.90909090909093,54.54545454545456,337594,337545,322.0,212.0
1790648962.1692433,2025.911793200008,100.0,54.54545454545456,337900,337772,306.0,227.0
1790648963.7677772,2027.510311399994,109.09090909090912,54.54545454545456,338182,337975,282.0,203.0
1790648965.2796261,2029.0221450999961,118.18181818181819,54.54545454545456,338431,338250,249.0,275.0
1790648966.8539298,2030.5964329999988,127.27272727272731,54.54545454545456,338701,338505,270.0,255.0
1790648968.38894,2032.1314282999956,136.36363636363637,54.54545454545456,338921,338744,220.0,239.0
1790648969.9542575,2033.6967300000251,145.4545454545455,54.54545454545456,339109,339035,188.0,291.0
1790648971.5144577,2035.256914800033,154.54545454545456,54.54545454545456,339291,339375,182.0,340.0
1790648973.0710745,2036.8135164999985,163.63636363636368,54.54545454545456,339454,339723,163.0,348.0
1790648974.6336048,2038.3760318999994,172.72727272727275,54.54545454545456,339594,340104,140.0,381.0
1790648976.1624978,2039.9049091000343,181.81818181818187,54.54545454545456,339750,340459,156.0,355.0
1790648977.691489,2041.4338851000066,190.90909090909093,54.54545454545456,339887,340857,137.0,398.0
1790648979.218873,2042.961254200025,200.0,54.54545454545456,340001,341245,114.0,388.0
1790648980.7167153,2044.459081500012,-200.0,63.63636363636368,340108,341646,107.0,401.0
1790648982.2736006,2046.0159511000384,-190.9090909090909,63.63636363636368,340198,342092,90.0,446.0
1790648983.8343565,2047.5766921000322,-181.8181818181818,63.63636363636368,340301,342464,103.0,372.0
1790648985.4416249,2049.1839440000476,-172.72727272727272,63.63636363636368,340418,342864,117.0,400.0
1790648987.0083816,2050.750685700041,-163.63636363636363,63.63636363636368,340551,343279,133.0,415.0
1790648988.5471509,2052.289439200016,-154.54545454545453,63.63636363636368,340711,343672,160.0,393.0
1790648990.058041,2053.8003144999966,-145.45454545454544,63.63636363636368,340893,344042,182.0,370.0
1790648991.6061661,2055.3484243000275,-136.36363636363637,63.63636363636368,341062,344404,169.0,362.0
1790648993.1800609,2056.922303600004,-127.27272727272727,63.63636363636368,341287,344744,225.0,340.0
1790648994.707551,2058.4497788000153,-118.18181818181817,63.63636363636368,341533,345058,246.0,314.0
1790648996.2927399,2060.034952100017,-109.09090909090908,63.63636363636368,341767,345349,234.0,291.0
1790648997.844929,2061.587125400023,-99.99999999999999,63.63636363636368,342011,345635,244.0,286.0
1790648999.4149685,2063.1571496000397,-90.9090909090909,63.63636363636368,342298,345906,287.0,271.0
1790649000.95719,2064.6993559999974,-81.81818181818181,63.63636363636368,342605,346177,307.0,271.0
1790649002.51282,2066.254970400012,-72.72727272727272,63.63636363636368,342982,346405,377.0,228.0
1790649004.1175797,2067.8597143000225,-63.636363636363626,63.63636363636368,343331,346615,349.0,210.0
1790649005.7241173,2069.466235800006,-54.54545454545453,63.63636363636368,343685,346807,354.0,192.0
1790649007.292774,2071.034877100028,-45.45454545454544,63.63636363636368,344073,346975,388.0,168.0
1790649008.8639958,2072.6060834000236,-36.363636363636346,63.63636363636368,344477,347128,404.0,153.0
1790649010.3937993,2074.1358715000097,-27.272727272727252,63.63636363636368,344911,347280,434.0,152.0
1790649011.9520845,2075.6941410000436,-18.18181818181816,63.63636363636368,345341,347434,430.0,154.0
1790649013.5530713,2077.2951132000308,-9.090909090909065,63.63636363636368,345768,347569,427.0,135.0
1790649015.1601515,2078.9021767000086,2.842170943040401e-14,63.63636363636368,346181,347702,413.0,133.0
1790649016.7579439,2080.4999529999914,9.090909090909122,63.63636363636368,346603,347818,422.0,116.0
1790649018.314185,2082.056178800005,18.181818181818187,63.63636363636368,347022,347950,419.0,132.0
1790649019.8731825,2083.6151607999927,27.27272727272728,63.63636363636368,347443,348056,421.0,106.0
1790649021.46372,2085.205683300039,36.363636363636374,63.63636363636368,347892,348203,449.0,147.0
1790649023.036318,2086.7782652000315,45.45454545454547,63.63636363636368,348326,348351,434.0,148.0
1790649024.597188,2088.3391196000157,54.54545454545456,63.63636363636368,348701,348524,375.0,173.0
1790649026.1234367,2089.865353400004,63.63636363636368,63.63636363636368,349064,348718,363.0,194.0
1790649027.666084,2091.407985900005,72.72727272727275,63.63636363636368,349398,348894,334.0,176.0
1790649029.2119873,2092.9538736999966,81.81818181818187,63.63636363636368,349717,349095,319.0,201.0
1790649030.7597046,2094.501575500006,90.90909090909093,63.63636363636368,350005,349315,288.0,220.0
1790649032.3145585,2096.056413800048,100.0,63.63636363636368,350281,349537,276.0,222.0
1790649033.9286485,2097.670487800031,109.09090909090912,63.63636363636368,350563,349798,282.0,261.0
1790649035.4703948,2099.212218700035,118.18181818181819,63.63636363636368,350832,350066,269.0,268.0
1790649036.9941285,2100.7359371000202,127.27272727272731,63.63636363636368,351051,350335,219.0,269.0
1790649038.5512576,2102.2930509000435,136.36363636363637,63.63636363636368,351261,350652,210.0,317.0
1790649040.1212556,2103.863033600035,145.4545454545455,63.63636363636368,351439,351011,178.0,359.0
1790649041.6470845,2105.388847400027,154.54545454545456,63.63636363636368,351612,351353,173.0,342.0
1790649043.1603343,2106.9020823000465,163.63636363636368,63.63636363636368,351791,351715,179.0,362.0
1790649044.7274406,2108.4691731000203,172.72727272727275,63.63636363636368,351923,352084,132.0,369.0
1790649046.3572905,2110.0990070000407,181.81818181818187,63.63636363636368,352071,352465,148.0,381.0
1790649047.8992784,2111.6409792000195,190.90909090909093,63.63636363636368,352202,352850,131.0,385.0
1790649049.4645844,2113.2062700000242,200.0,63.63636363636368,352312,353223,110.0,373.0
1790649050.976816,2114.7184867000324,-200.0,72.72727272727275,352439,353628,127.0,405.0
1790649052.519935,2116.2615911000175,-190.9090909090909,72.72727272727275,352542,354063,103.0,435.0
1790649054.1108806,2117.852520000015,-181.8181818181818,72.72727272727275,352650,354453,108.0,390.0
1790649055.681254,2119.422878000012,-172.72727272727272,72.72727272727275,352758,354821,108.0,368.0
1790649057.235722,2120.977330600028,-163.63636363636363,72.72727272727275,352900,355179,142.0,358.0
1790649058.7815177,2122.523110900016,-154.54545454545453,72.72727272727275,353071,355505,171.0,326.0
1790649060.3351426,2124.0767205000157,-145.45454545454544,72.72727272727275,353287,355851,216.0,346.0
1790649061.8362994,2125.5778624000377,-136.36363636363637,72.72727272727275,353508,356187,221.0,336.0
1790649063.383855,2127.1254028000403,-127.27272727272727,72.72727272727275,353747,356515,239.0,328.0
1790649064.9859428,2128.7274746000185,-118.18181818181817,72.72727272727275,353981,356870,234.0,355.0
1790649066.5342069,2130.275724200008,-109.09090909090908,72.72727272727275,354238,357157,257.0,287.0
1790649068.1039953,2131.845496200025,-99.99999999999999,72.72727272727275,354538,357404,300.0,247.0
1790649069.621618,2133.3631041999906,-90.9090909090909,72.72727272727275,354858,357666,320.0,262.0
1790649071.1640735,2134.9055443000398,-81.81818181818181,72.72727272727275,355193,357887,335.0,221.0
1790649072.7178648,2136.4593201000243,-72.72727272727272,72.72727272727275,355542,358103,349.0,216.0
1790649074.29908,2138.0405197000364,-63.636363636363626,72.72727272727275,355897,358281,355.0,178.0
1790649075.9401917,2139.6816155000124,-54.54545454545453,72.72727272727275,356269,358463,372.0,182.0
1790649077.4651067,2141.206515000027,-45.45454545454544,72.72727272727275,356667,358608,398.0,145.0
1790649079.0083826,2142.7497757000383,-36.363636363636346,72.72727272727275,357058,358749,391.0,141.0
1790649080.5541716,2144.2955494000344,-27.272727272727252,72.72727272727275,357461,358895,403.0,146.0
1790649082.1428306,2145.8841933000367,-18.18181818181816,72.72727272727275,357897,359028,436.0,133.0
1790649083.7309277,2147.4722739999997,-9.090909090909065,72.72727272727275,358385,359175,488.0,147.0
1790649085.3326843,2149.074014700018,2.842170943040401e-14,72.72727272727275,358832,359314,447.0,139.0
1790649086.889412,2150.630727200012,9.090909090909122,72.72727272727275,359225,359445,393.0,131.0
1790649088.41287,2152.154169799993,18.181818181818187,72.72727272727275,359646,359575,421.0,130.0
1790649089.9525719,2153.6938567000325,27.27272727272728,72.72727272727275,360082,359704,436.0,129.0
1790649091.510247,2155.2515163000207,36.363636363636374,72.72727272727275,360447,359854,365.0,150.0
1790649093.0688744,2156.810128000041,45.45454545454547,72.72727272727275,360808,360018,361.0,164.0
1790649094.6775532,2158.4187908000313,54.54545454545456,72.72727272727275,361165,360174,357.0,156.0
1790649096.2304091,2159.9716316999984,63.63636363636368,72.72727272727275,361491,360347,326.0,173.0
1790649097.7749002,2161.5161076000077,72.72727272727275,72.72727272727275,361803,360538,312.0,191.0
1790649099.2889488,2163.030141299998,81.81818181818187,72.72727272727275,362123,360742,320.0,204.0
1790649100.8651657,2164.6063421000144,90.90909090909093,72.72727272727275,362428,360954,305.0,212.0
1790649102.3969786,2166.1381406,100.0,72.72727272727275,362684,361190,256.0,236.0
1790649103.9496317,2167.6907776000444,109.09090909090912,72.72727272727275,362897,361485,213.0,295.0
1790649105.5216444,2169.26277500001,118.18181818181819,72.72727272727275,363137,361753,240.0,268.0
1790649107.0605505,2170.8016659000423,127.27272727272731,72.72727272727275,363351,362065,214.0,312.0
1790649108.6162186,2172.3573187,136.36363636363637,72.72727272727275,363523,362376,172.0,311.0
1790649110.2156775,2173.9567616000422,145.4545454545455,72.72727272727275,363690,362754,167.0,378.0
1790649111.7756572,2175.5167256999994,154.54545454545456,72.72727272727275,363833,363086,143.0,332.0
1790649113.3791246,2177.120177500008,163.63636363636368,72.72727272727275,363985,363434,152.0,348.0
1790649115.0261066,2178.767143300036,172.72727272727275,72.72727272727275,364137,363826,152.0,392.0
1790649116.6044066,2180.345427800028,181.81818181818187,72.72727272727275,364247,364181,110.0,355.0
1790649118.2128384,2181.953843299998,190.90909090909093,72.72727272727275,364367,364556,120.0,375.0
1790649119.8169591,2183.557948300033,200.0,72.72727272727275,364469,364947,102.0,391.0
1790649121.3153965,2185.056370800012,-200.0,81.81818181818187,364567,365351,98.0,404.0
1790649122.8247182,2186.5656776000396,-190.9090909090909,81.81818181818187,364675,365739,108.0,388.0
1790649124.4532843,2188.194227900007,-181.8181818181818,81.81818181818187,364792,366124,117.0,385.0
1790649125.9920087,2189.7329365999904,-172.72727272727272,81.81818181818187,364930,366489,138.0,365.0
1790649127.5944126,2191.335324799991,-163.63636363636363,81.81818181818187,365109,366880,179.0,391.0
1790649129.0948963,2192.835793300008,-154.54545454545453,81.81818181818187,365279,367249,170.0,369.0
1790649130.6626668,2194.4035482000327,-145.45454545454544,81.81818181818187,365472,367579,193.0,330.0
1790649132.2415037,2195.9823696000385,-136.36363636363637,81.81818181818187,365678,367896,206.0,317.0
1790649133.8064413,2197.547292400035,-127.27272727272727,81.81818181818187,365889,368224,211.0,328.0
1790649135.4120595,2199.1528946000035,-118.18181818181817,81.81818181818187,366138,368493,249.0,269.0
1790649136.9691348,2200.7099542000215,-109.09090909090908,81.81818181818187,366401,368772,263.0,279.0
1790649138.4918253,2202.2326295000385,-99.99999999999999,81.81818181818187,366690,369041,289.0,269.0
1790649139.9997265,2203.740515900019,-90.9090909090909,81.81818181818187,367027,369272,337.0,231.0
1790649141.5256107,2205.266384700022,-81.81818181818181,81.81818181818187,367354,369485,327.0,213.0
1790649143.1435864,2206.884344400023,-72.72727272727272,81.81818181818187,367726,369661,372.0,176.0
1790649144.7434285,2208.4841705000144,-63.636363636363626,81.81818181818187,368090,369829,364.0,168.0
1790649146.309612,2210.050338800007,-54.54545454545453,81.81818181818187,368436,370002,346.0,173.0
1790649147.90113,2211.6418418000103,-45.45454545454544,81.81818181818187,368785,370161,349.0,159.0
1790649149.4104037,2213.151099700015,-36.363636363636346,81.81818181818187,369214,370294,429.0,133.0
1790649150.9516068,2214.6922878000187,-27.272727272727252,81.81818181818187,369638,370418,424.0,124.0
1790649152.4843829,2216.225048399996,-18.18181818181816,81.81818181818187,370081,370536,443.0,118.0
1790649154.0856018,2217.8262517999974,-9.090909090909065,81.81818181818187,370518,370678,437.0,142.0
1790649155.6832948,2219.4239286000375,2.842170943040401e-14,81.81818181818187,370946,370793,428.0,115.0
1790649157.2679498,2221.0085682999925,9.090909090909122,81.81818181818187,371358,370938,412.0,145.0
1790649158.8234496,2222.564052300004,18.181818181818187,81.81818181818187,371774,371066,416.0,128.0
1790649160.3658583,2224.106445600046,27.27272727272728,81.81818181818187,372172,371218,398.0,152.0
1790649161.876765,2225.6173377000378,36.363636363636374,81.81818181818187,372580,371376,408.0,158.0
1790649163.434425,2227.1749821000267,45.45454545454547,81.81818181818187,372953,371564,373.0,188.0
1790649165.07232,2228.812861100014,54.54545454545456,81.81818181818187,373335,371730,382.0,166.0
1790649166.6234837,2230.364009300014,63.63636363636368,81.81818181818187,373672,371914,337.0,184.0
1790649168.2586472,2231.999156500038,72.72727272727275,81.81818181818187,373960,372134,288.0,220.0
1790649169.8215404,2233.562034600007,81.81818181818187,81.81818181818187,374220,372333,260.0,199.0
1790649171.3510988,2235.0915779999923,90.90909090909093,81.81818181818187,374512,372581,292.0,248.0
1790649172.845695,2236.586158899998,100.0,81.81818181818187,374755,372886,243.0,305.0
1790649174.3837187,2238.124167400005,109.09090909090912,81.81818181818187,374963,373204,208.0,318.0
1790649175.9741883,2239.714621299994,118.18181818181819,81.81818181818187,375161,373540,198.0,336.0
1790649177.490774,2241.2311926000402,127.27272727272731,81.81818181818187,375366,373905,205.0,365.0
1790649179.0284193,2242.7688225000165,136.36363636363637,81.81818181818187,375525,374209,159.0,304.0
1790649180.55655,2244.2969378000125,145.4545454545455,81.81818181818187,375673,374543,148.0,334.0
1790649182.1311593,2245.871531300014,154.54545454545456,81.81818181818187,375848,374927,175.0,384.0
1790649183.7071872,2247.4475434999913,163.63636363636368,81.81818181818187,375967,375299,119.0,372.0
1790649185.29902,2249.039361000003,172.72727272727275,81.81818181818187,376081,375678,114.0,379.0
1790649186.8470068,2250.587332600029,181.81818181818187,81.81818181818187,376199,376042,118.0,364.0
1790649188.391686,2252.1319966000156,190.90909090909093,81.81818181818187,376309,376435,110.0,393.0
1790649189.930422,2253.6707168000285,200.0,81.81818181818187,376436,376825,127.0,390.0
1790649191.4280658,2255.1683463000227,-200.0,90.90909090909093,376531,377199,95.0,374.0
1790649192.9536517,2256.6939168000245,-190.9090909090909,90.90909090909093,376646,377570,115.0,371.0
1790649194.5089447,2258.2491940000327,-181.8181818181818,90.90909090909093,376792,377941,146.0,371.0
1790649196.0626647,2259.802899000002,-172.72727272727272,90.90909090909093,376957,378324,165.0,383.0
1790649197.6645288,2261.4047478000284,-163.63636363636363,90.90909090909093,377130,378674,173.0,350.0
1790649199.222632,2262.9628352000145,-154.54545454545453,90.90909090909093,377327,379024,197.0,350.0
1790649200.7287073,2264.4688953000004,-145.45454545454544,90.90909090909093,377560,379366,233.0,342.0
1790649202.2711027,2266.011275500001,-136.36363636363637,90.90909090909093,377819,379644,259.0,278.0
1790649203.831587,2267.571744200017,-127.27272727272727,90.90909090909093,378076,379907,257.0,263.0
1790649205.4130654,2269.153206899995,-118.18181818181817,90.90909090909093,378358,380164,282.0,257.0
1790649207.031919,2270.7720447000465,-109.09090909090908,90.90909090909093,378688,380395,330.0,231.0
1790649208.613311,2272.3534220000147,-99.99999999999999,90.90909090909093,379009,380615,321.0,220.0
1790649210.187253,2273.9273478999967,-90.9090909090909,90.90909090909093,379341,380837,332.0,222.0
1790649211.718144,2275.458223099995,-81.81818181818181,90.90909090909093,379722,381049,381.0,212.0
1790649213.2270675,2276.9671316000167,-72.72727272727272,90.90909090909093,380082,381239,360.0,190.0
1790649214.802216,2278.542264699994,-63.636363636363626,90.90909090909093,380494,381423,412.0,184.0
1790649216.3890085,2280.129041700042,-54.54545454545453,90.90909090909093,380909,381582,415.0,159.0
1790649217.9305654,2281.670582999999,-45.45454545454544,90.90909090909093,381353,381737,444.0,155.0
1790649219.4922273,2283.232230500027,-36.363636363636346,90.90909090909093,381787,381868,434.0,131.0
1790649221.0187833,2284.758771200024,-27.272727272727252,90.90909090909093,382195,381992,408.0,124.0
1790649222.5322607,2286.2722346000373,-18.18181818181816,90.90909090909093,382600,382110,405.0,118.0
1790649224.0587037,2287.7986627999926,-9.090909090909065,90.90909090909093,383027,382247,427.0,137.0
1790649225.6621864,2289.4021304000053,2.842170943040401e-14,90.90909090909093,383405,382392,378.0,145.0
1790649227.2651114,2291.005040000018,9.090909090909122,90.90909090909093,383823,382555,418.0,163.0
1790649228.868901,2292.608815100044,18.181818181818187,90.90909090909093,384208,382697,385.0,142.0
1790649230.425388,2294.16528690001,27.27272727272728,90.90909090909093,384599,382870,391.0,173.0
1790649231.9682732,2295.7081574000185,36.363636363636374,90.90909090909093,384958,383036,359.0,166.0
1790649233.4792907,2297.2191602000385,45.45454545454547,90.90909090909093,385315,383205,357.0,169.0
1790649235.0605595,2298.800414700003,54.54545454545456,90.90909090909093,385693,383399,378.0,194.0
1790649236.6079574,2300.3477972000255,63.63636363636368,90.90909090909093,386008,383607,315.0,208.0
1790649238.1794782,2301.919303600036,72.72727272727275,90.90909090909093,386309,383842,301.0,235.0
1790649239.7337418,2303.4735520000104,81.81818181818187,90.90909090909093,386595,384080,286.0,238.0
1790649241.2561269,2304.9959227000363,90.90909090909093,90.90909090909093,386814,384358,219.0,278.0
1790649242.7868485,2306.526630200038,100.0,90.90909090909093,387044,384672,230.0,314.0
1790649244.34296,2308.082726499997,109.09090909090912,90.90909090909093,387252,384979,208.0,307.0
1790649245.9837794,2309.723530200019,118.18181818181819,90.90909090909093,387442,385308,190.0,329.0
1790649247.5184572,2311.2581934999907,127.27272727272731,90.90909090909093,387613,385637,171.0,329.0
1790649249.1098263,2312.849547400023,136.36363636363637,90.90909090909093,387758,386002,145.0,365.0
1790649250.6540494,2314.3937555000302,145.4545454545455,90.90909090909093,387895,386350,137.0,348.0
1790649252.1841176,2315.923809400003,154.54545454545456,90.90909090909093,388033,386724,138.0,374.0
1790649253.6942043,2317.4338822000427,163.63636363636368,90.90909090909093,388148,387084,115.0,360.0
1790649255.2837071,2319.023369500006,172.72727272727275,90.90909090909093,388281,387468,133.0,384.0
1790649256.8159535,2320.5556013000314,181.81818181818187,90.90909090909093,388398,387866,117.0,398.0
1790649258.323266,2322.0628997000167,190.90909090909093,90.90909090909093,388521,388240,123.0,374.0
1790649259.897376,2323.636995400011,200.0,90.90909090909093,388667,388594,146.0,354.0
1790649261.4284644,2325.1680687000044,-200.0,100.0,388783,388995,116.0,401.0
1790649262.985867,2326.7254568000208,-190.9090909090909,100.0,388902,389379,119.0,384.0
1790649264.5130124,2328.252587300027,-181.8181818181818,100.0,389053,389785,151.0,406.0
1790649266.1008189,2329.8403793000034,-172.72727272727272,100.0,389231,390134,178.0,349.0
1790649267.6232991,2331.362844599993,-163.63636363636363,100.0,389410,390456,179.0,322.0
1790649269.2275145,2332.9670446999953,-154.54545454545453,100.0,389635,390801,225.0,345.0
1790649270.770086,2334.5096015000017,-145.45454545454544,100.0,389860,391125,225.0,324.0
1790649272.2765117,2336.0160128000425,-136.36363636363637,100.0,390124,391419,264.0,294.0
1790649273.8504515,2337.5899375000154,-127.27272727272727,100.0,390409,391676,285.0,257.0
1790649275.500854,2339.240324800019,-118.18181818181817,100.0,390717,391933,308.0,257.0
1790649277.0415626,2340.781019599992,-109.09090909090908,100.0,391082,392122,365.0,189.0
1790649278.5683143,2342.307756000024,-99.99999999999999,100.0,391400,392295,318.0,173.0
1790649280.1285791,2343.8680055000004,-90.9090909090909,100.0,391777,392503,377.0,208.0
1790649281.6747117,2345.4141237000003,-81.81818181818181,100.0,392161,392679,384.0,176.0
1790649283.2004137,2346.939810800017,-72.72727272727272,100.0,392562,392867,401.0,188.0
1790649284.7120788,2348.451461800025,-63.636363636363626,100.0,393001,393021,439.0,154.0
1790649286.3346066,2350.073973999999,-54.54545454545453,100.0,393416,393180,415.0,159.0
1790649287.8962283,2351.635580900009,-45.45454545454544,100.0,393876,393299,460.0,119.0
1790649289.3933752,2353.132713500003,-36.363636363636346,100.0,394260,393420,384.0,121.0
1790649290.998195,2354.7375187000143,-27.272727272727252,100.0,394700,393567,440.0,147.0
1790649292.5121005,2356.2514098000247,-18.18181818181816,100.0,395135,393683,435.0,116.0
1790649294.071097,2357.810390700004,-9.090909090909065,100.0,395595,393810,460.0,127.0
1790649295.699997,2359.439275700017,2.842170943040401e-14,100.0,396036,393956,441.0,146.0
1790649297.2489617,2360.988225600042,9.090909090909122,100.0,396429,394126,393.0,170.0
1790649298.8503454,2362.5895947000245,18.181818181818187,100.0,396812,394298,383.0,172.0
1790649300.3766427,2364.1158771000337,27.27272727272728,100.0,397211,394449,399.0,151.0
1790649301.9070127,2365.646232500032,36.363636363636374,100.0,397550,394616,339.0,167.0
1790649303.4589171,2367.198122300033,45.45454545454547,100.0,397870,394823,320.0,207.0
1790649305.0147161,2368.753906099999,54.54545454545456,100.0,398186,395010,316.0,187.0
1790649306.6250384,2370.3642130999942,63.63636363636368,100.0,398471,395260,285.0,250.0
1790649308.1608794,2371.9000393000315,72.72727272727275,100.0,398735,395512,264.0,252.0
1790649309.7385619,2373.4777071000426,81.81818181818187,100.0,398992,395811,257.0,299.0
1790649311.2720351,2375.011165700038,90.90909090909093,100.0,399217,396072,225.0,261.0
1790649312.7996125,2376.53872880002,100.0,100.0,399428,396390,211.0,318.0
1790649314.3448226,2378.083924100036,109.09090909090912,100.0,399587,396723,159.0,333.0
1790649315.9220004,2379.6610869000433,118.18181818181819,100.0,399750,397055,163.0,332.0
1790649317.4562604,2381.195332000032,127.27272727272731,100.0,399916,397429,166.0,374.0
1790649319.1079278,2382.846984100004,136.36363636363637,100.0,400047,397802,131.0,373.0
1790649320.6642427,2384.4032843000023,145.4545454545455,100.0,400185,398190,138.0,388.0
1790649322.1938193,2385.932846300013,154.54545454545456,100.0,400285,398530,100.0,340.0
1790649323.7049034,2387.443915800017,163.63636363636368,100.0,400414,398913,129.0,383.0
1790649325.2757573,2389.0147548000095,172.72727272727275,100.0,400548,399329,134.0,416.0
1790649326.8328536,2390.5718363000196,181.81818181818187,100.0,400659,399744,111.0,415.0
1790649328.3436947,2392.0826629000367,190.90909090909093,100.0,400756,400131,97.0,387.0
1790649329.9888926,2393.727845400048,200.0,100.0,400917,400545,161.0,414.0
1790649331.5371816,2395.2761197999935,-200.0,109.09090909090912,401059,400978,142.0,433.0
1790649333.1364439,2396.875366799999,-190.9090909090909,109.09090909090912,401221,401306,162.0,328.0
1790649334.6948102,2398.4337181000155,-181.8181818181818,109.09090909090912,401381,401668,160.0,362.0
1790649336.3440866,2400.0829792000004,-172.72727272727272,109.09090909090912,401584,401996,203.0,328.0
1790649337.8975656,2401.636443800002,-163.63636363636363,109.09090909090912,401791,402332,207.0,336.0
1790649339.4350255,2403.173888500023,-154.54545454545453,109.09090909090912,402033,402659,242.0,327.0
1790649340.946757,2404.6856057000114,-145.45454545454544,109.09090909090912,402301,402938,268.0,279.0
1790649342.5186632,2406.2574969000416,-136.36363636363637,109.09090909090912,402593,403236,292.0,298.0
1790649344.0931695,2407.8319885000237,-127.27272727272727,109.09090909090912,402920,403483,327.0,247.0
1790649345.6651304,2409.403934300004,-118.18181818181817,109.09090909090912,403277,403725,357.0,242.0
1790649347.2542346,2410.9930233000196,-109.09090909090908,109.09090909090912,403644,403921,367.0,196.0
1790649348.7751634,2412.513938100019,-99.99999999999999,109.09090909090912,404060,404105,416.0,184.0
1790649350.346608,2414.085367200023,-90.9090909090909,109.09090909090912,404464,404308,404.0,203.0
1790649351.857493,2415.5962380000274,-81.81818181818181,109.09090909090912,404870,404453,406.0,145.0
1790649353.3842728,2417.1230036999914,-72.72727272727272,109.09090909090912,405274,404604,404.0,151.0
1790649354.8912506,2418.6299670000444,-63.636363636363626,109.09090909090912,405702,404748,428.0,144.0
1790649356.5134616,2420.2521620999905,-54.54545454545453,109.09090909090912,406092,404878,390.0,130.0
1790649358.1110663,2421.849752000009,-45.45454545454544,109.09090909090912,406550,404995,458.0,117.0
1790649359.6957362,2423.43440670002,-36.363636363636346,109.09090909090912,406989,405133,439.0,138.0
1790649361.2329514,2424.971607400046,-27.272727272727252,109.09090909090912,407437,405263,448.0,130.0
1790649362.7741764,2426.5128182999906,-18.18181818181816,109.09090909090912,407857,405393,420.0,130.0
1790649364.356374,2428.0949999000295,-9.090909090909065,109.09090909090912,408256,405541,399.0,148.0
1790649365.9422548,2429.680866200011,2.842170943040401e-14,109.09090909090912,408676,405703,420.0,162.0
1790649367.5116334,2431.250230100006,9.090909090909122,109.09090909090912,409071,405869,395.0,166.0
1790649369.0726464,2432.8112279000343,18.181818181818187,109.09090909090912,409450,406045,379.0,176.0
1790649370.5884728,2434.3270397000015,27.27272727272728,109.09090909090912,409791,406256,341.0,211.0
1790649372.1622877,2435.900839500013,36.363636363636374,109.09090909090912,410135,406457,344.0,201.0
1790649373.677999,2437.416537000041,45.45454545454547,109.09090909090912,410429,406677,294.0,220.0
1790649375.2206392,2438.9591622000444,54.54545454545456,109.09090909090912,410704,406949,275.0,272.0
1790649376.7783403,2440.516849000007,63.63636363636368,109.09090909090912,410960,407212,256.0,263.0
1790649378.3357236,2442.0742171000456,72.72727272727275,109.09090909090912,411208,407471,248.0,259.0
1790649379.847808,2443.586287300044,81.81818181818187,109.09090909090912,411438,407757,230.0,286.0
1790649381.4176998,2445.1561641000444,90.90909090909093,109.09090909090912,411633,408060,195.0,303.0
1790649382.9472702,2446.6857201000093,100.0,109.09090909090912,411805,408410,172.0,350.0
1790649384.528698,2448.2671331000165,109.09090909090912,109.09090909090912,411977,408782,172.0,372.0
1790649386.0831773,2449.821596900001,118.18181818181819,109.09090909090912,412134,409133,157.0,351.0
1790649387.6724265,2451.410831300018,127.27272727272731,109.09090909090912,412269,409544,135.0,411.0
1790649389.2323043,2452.9706945000216,136.36363636363637,109.09090909090912,412408,409928,139.0,384.0
1790649390.796066,2454.5344418000313,145.4545454545455,109.09090909090912,412525,410331,117.0,403.0
1790649392.374746,2456.113106500008,154.54545454545456,109.09090909090912,412636,410758,111.0,427.0
1790649393.8976061,2457.6359520000406,163.63636363636368,109.09090909090912,412748,411174,112.0,416.0
1790649395.442459,2459.180790000013,172.72727272727275,109.09090909090912,412840,411561,92.0,387.0
1790649396.9988704,2460.737186800048,181.81818181818187,109.09090909090912,412952,411948,112.0,387.0
1790649398.5231054,2462.2614070000127,190.90909090909093,109.09090909090912,413085,412352,133.0,404.0
1790649400.1121633,2463.850450000027,200.0,109.09090909090912,413223,412770,138.0,418.0
1790649401.680837,2465.4191085000057,-200.0,118.18181818181819,413371,413152,148.0,382.0
1790649403.253292,2466.9915491000284,-190.9090909090909,118.18181818181819,413543,413486,172.0,334.0
1790649404.8008192,2468.5390611000475,-181.8181818181818,118.18181818181819,413753,413822,210.0,336.0
1790649406.3985956,2470.1368224000325,-172.72727272727272,118.18181818181819,413970,414154,217.0,332.0
1790649407.9563782,2471.69459020003,-163.63636363636363,118.18181818181819,414202,414464,232.0,310.0
1790649409.4979253,2473.2361226000357,-154.54545454545453,118.18181818181819,414450,414760,248.0,296.0
1790649411.0572248,2474.795407400001,-145.45454545454544,118.18181818181819,414740,415033,290.0,273.0
1790649412.6008234,2476.3389913000283,-136.36363636363637,118.18181818181819,415064,415283,324.0,250.0
1790649414.1879258,2477.926078599994,-127.27272727272727,118.18181818181819,415377,415519,313.0,236.0
1790649415.7503598,2479.488498200022,-118.18181818181817,118.18181818181819,415743,415705,366.0,186.0
1790649417.288916,2481.0270399000146,-109.09090909090908,118.18181818181819,416125,415899,382.0,194.0
1790649418.849815,2482.5879236000474,-99.99999999999999,118.18181818181819,416545,416112,420.0,213.0
1790649420.3997226,2484.137816500035,-90.9090909090909,118.18181818181819,416960,416281,415.0,169.0
1790649421.9463835,2485.6844625000376,-81.81818181818181,118.18181818181819,417404,416458,444.0,177.0
1790649423.4783611,2487.2164256999968,-72.72727272727272,118.18181818181819,417856,416600,452.0,142.0
1790649425.0514503,2488.7895004000165,-63.636363636363626,118.18181818181819,418296,416730,440.0,130.0
1790649426.6368437,2490.374878200004,-54.54545454545453,118.18181818181819,418722,416848,426.0,118.0
1790649428.2334027,2491.9714219000307,-45.45454545454544,118.18181818181819,419132,416972,410.0,124.0
1790649429.7649088,2493.5029139000108,-36.363636363636346,118.18181818181819,419565,417099,433.0,127.0
1790649431.3078914,2495.045881500002,-27.272727272727252,118.18181818181819,420000,417255,435.0,156.0
1790649432.8417308,2496.579706299992,-18.18181818181816,118.18181818181819,420444,417400,444.0,145.0
1790649434.4112878,2498.1492488000076,-9.090909090909065,118.18181818181819,420831,417555,387.0,155.0
1790649436.015282,2499.753227600013,2.842170943040401e-14,118.18181818181819,421199,417720,368.0,165.0
1790649437.6158855,2501.353815700044,9.090909090909122,118.18181818181819,421583,417895,384.0,175.0
1790649439.1888852,2502.9268005000195,18.181818181818187,118.18181818181819,421938,418079,355.0,184.0
1790649440.6830635,2504.4209649999975,27.27272727272728,118.18181818181819,422242,418280,304.0,201.0
1790649442.2163608,2505.9542473000474,36.363636363636374,118.18181818181819,422531,418541,289.0,261.0
1790649443.7447524,2507.4826245000004,45.45454545454547,118.18181818181819,422791,418791,260.0,250.0
1790649445.3052435,2509.0431006000144,54.54545454545456,118.18181818181819,423041,419034,250.0,243.0
1790649446.8898735,2510.627716100018,63.63636363636368,118.18181818181819,423278,419323,237.0,289.0
1790649448.4570017,2512.1948294000467,72.72727272727275,118.18181818181819,423514,419640,236.0,317.0
1790649449.9975643,2513.735377300007,81.81818181818187,118.18181818181819,423707,419942,193.0,302.0
1790649451.5249038,2515.262701700034,90.90909090909093,118.18181818181819,423862,420290,155.0,348.0
1790649453.0770154,2516.8147986000404,100.0,118.18181818181819,424045,420618,183.0,328.0
1790649454.6267686,2518.364537300018,109.09090909090912,118.18181818181819,424208,420972,163.0,354.0
1790649456.1855445,2519.923298400012,118.18181818181819,118.18181818181819,424361,421323,153.0,351.0
1790649457.7599027,2521.497642000031,127.27272727272731,118.18181818181819,424504,421719,143.0,396.0
1790649459.2925696,2523.030294199998,136.36363636363637,118.18181818181819,424646,422121,142.0,402.0
1790649460.8510962,2524.5888055000105,145.4545454545455,118.18181818181819,424764,422503,118.0,382.0
1790649462.3838232,2526.121518000029,154.54545454545456,118.18181818181819,424873,422911,109.0,408.0
1790649463.9415603,2527.67924040003,163.63636363636368,118.18181818181819,424976,423297,103.0,386.0
1790649465.4882178,2529.225883200008,172.72727272727275,118.18181818181819,425097,423711,121.0,414.0
1790649467.0546157,2530.7922666000086,181.81818181818187,118.18181818181819,425241,424078,144.0,367.0
1790649468.5977108,2532.3353471000446,190.90909090909093,118.18181818181819,425368,424452,127.0,374.0
1790649470.1877446,2533.9253656000365,200.0,118.18181818181819,425517,424811,149.0,359.0
1790649471.7280838,2535.465690300043,-200.0,127.27272727272731,425680,425162,163.0,351.0
1790649473.253196,2536.9907876999932,-190.9090909090909,127.27272727272731,425876,425483,196.0,321.0
1790649474.7670755,2538.5046532000415,-181.8181818181818,127.27272727272731,426096,425787,220.0,304.0
1790649476.3146863,2540.052248699998,-172.72727272727272,127.27272727272731,426348,426116,252.0,329.0
1790649477.8919127,2541.629461000033,-163.63636363636363,127.27272727272731,426617,426394,269.0,278.0
1790649479.4962885,2543.2338210000307,-154.54545454545453,127.27272727272731,426867,426676,250.0,282.0
1790649481.0443594,2544.781877100002,-145.45454545454544,127.27272727272731,427194,426929,327.0,253.0
1790649482.573424,2546.3109273000155,-136.36363636363637,127.27272727272731,427532,427208,338.0,279.0
1790649484.1017382,2547.8392270000186,-127.27272727272727,127.27272727272731,427882,427408,350.0,200.0
1790649485.6496797,2549.3871535999933,-118.18181818181817,127.27272727272731,428248,427598,366.0,190.0
1790649487.2486649,2550.9861239000456,-109.09090909090908,127.27272727272731,428600,427768,352.0,170.0
1790649488.823721,2552.561165400024,-99.99999999999999,127.27272727272731,429014,427932,414.0,164.0
1790649490.4227202,2554.1601491000038,-90.9090909090909,127.27272727272731,429419,428077,405.0,145.0
1790649491.982659,2555.720073100005,-81.81818181818181,127.27272727272731,429792,428221,373.0,144.0
1790649493.522882,2557.2602809999953,-72.72727272727272,127.27272727272731,430234,428363,442.0,142.0
1790649495.0545347,2558.79191910004,-63.636363636363626,127.27272727272731,430670,428485,436.0,122.0
1790649496.6113224,2560.3486920000287,-54.54545454545453,127.27272727272731,431097,428618,427.0,133.0
1790649498.1600018,2561.897357100039,-45.45454545454544,127.27272727272731,431520,428753,423.0,135.0
1790649499.687443,2563.4247841000324,-36.363636363636346,127.27272727272731,431942,428884,422.0,131.0
1790649501.2355635,2564.972889400029,-27.272727272727252,127.27272727272731,432316,429035,374.0,151.0
1790649502.7523232,2566.4896349000046,-18.18181818181816,127.27272727272731,432707,429170,391.0,135.0
1790649504.293991,2568.031287699996,-9.090909090909065,127.27272727272731,433089,429334,382.0,164.0
1790649505.8436842,2569.5809661000385,2.842170943040401e-14,127.27272727272731,433416,429490,327.0,156.0
1790649507.4289982,2571.1662665000185,9.090909090909122,127.27272727272731,433758,429680,342.0,190.0
1790649509.0093627,2572.7466157000163,18.181818181818187,127.27272727272731,434072,429870,314.0,190.0
1790649510.5447302,2574.2819679999957,27.27272727272728,127.27272727272731,434391,430077,319.0,207.0
1790649512.1155188,2575.8527414000127,36.363636363636374,127.27272727272731,434660,430309,269.0,232.0
1790649513.6557531,2577.392961400037,45.45454545454547,127.27272727272731,434910,430576,250.0,267.0
1790649515.1768563,2578.9140498000197,54.54545454545456,127.27272727272731,435163,430850,253.0,274.0
1790649516.7104628,2580.4476417000405,63.63636363636368,127.27272727272731,435397,431164,234.0,314.0
1790649518.26959,2582.006754400034,72.72727272727275,127.27272727272731,435621,431444,224.0,280.0
1790649519.79628,2583.5334308000165,81.81818181818187,127.27272727272731,435812,431796,191.0,352.0
1790649521.359118,2585.096254000033,90.90909090909093,127.27272727272731,435992,432137,180.0,341.0
1790649522.8867118,2586.6238330000197,100.0,127.27272727272731,436139,432487,147.0,350.0
1790649524.4330633,2588.170170600002,109.09090909090912,127.27272727272731,436280,432861,141.0,374.0
1790649526.0158973,2589.7529902000097,118.18181818181819,127.27272727272731,436416,433265,136.0,404.0
1790649527.5790858,2591.316164000018,127.27272727272731,127.27272727272731,436549,433663,133.0,398.0
1790649529.1368642,2592.8739284000476,136.36363636363637,127.27272727272731,436667,434076,118.0,413.0
1790649530.6969688,2594.4340183000313,145.4545454545455,127.27272727272731,436810,434477,143.0,401.0
1790649532.2136216,2595.9506570000085,154.54545454545456,127.27272727272731,436941,434869,131.0,392.0
1790649533.8010073,2597.53802810004,163.63636363636368,127.27272727272731,437053,435271,112.0,402.0
1790649535.3276854,2599.064692300046,172.72727272727275,127.27272727272731,437172,435702,119.0,431.0
1790649536.8716483,2600.6086410999997,181.81818181818187,127.27272727272731,437310,436057,138.0,355.0
1790649538.4182312,2602.155209699995,190.90909090909093,127.27272727272731,437472,436463,162.0,406.0
1790649540.038718,2603.7756817000336,200.0,127.27272727272731,437640,436790,168.0,327.0
1790649541.587369,2605.3243190000067,-200.0,136.36363636363637,437858,437148,218.0,358.0
1790649543.1025155,2606.83945150004,-190.9090909090909,136.36363636363637,438050,437485,192.0,337.0
1790649544.6623225,2608.3992435000255,-181.8181818181818,136.36363636363637,438285,437774,235.0,289.0
1790649546.23712,2609.974026800017,-172.72727272727272,136.36363636363637,438555,438066,270.0,292.0
1790649547.8889709,2611.625862100045,-163.63636363636363,136.36363636363637,438833,438323,278.0,257.0
1790649549.3991375,2613.1360148999956,-154.54545454545453,136.36363636363637,439142,438570,309.0,247.0
1790649551.0019317,2614.7387953000143,-145.45454545454544,136.36363636363637,439483,438798,341.0,228.0
1790649552.5362716,2616.27312040003,-136.36363636363637,136.36363636363637,439820,438998,337.0,200.0
1790649554.071923,2617.8087575000245,-127.27272727272727,136.36363636363637,440157,439193,337.0,195.0
1790649555.5854511,2619.32227210002,-118.18181818181817,136.36363636363637,440533,439363,376.0,170.0
1790649557.188305,2620.9251110000187,-109.09090909090908,136.36363636363637,440942,439509,409.0,146.0
1790649558.7710228,2622.5078140000114,-99.99999999999999,136.36363636363637,441347,439665,405.0,156.0
1790649560.3301592,2624.0669364000205,-90.9090909090909,136.36363636363637,441762,439792,415.0,127.0
1790649561.9060388,2625.6428017000435,-81.81818181818181,136.36363636363637,442185,439939,423.0,147.0
1790649563.402543,2627.139292000036,-72.72727272727272,136.36363636363637,442610,440074,425.0,135.0
1790649564.9187436,2628.655478300003,-63.636363636363626,136.36363636363637,443031,440209,421.0,135.0
1790649566.418092,2630.154813000001,-54.54545454545453,136.36363636363637,443445,440334,414.0,125.0
1790649568.033003,2631.7697091000155,-45.45454545454544,136.36363636363637,443834,440480,389.0,146.0
1790649569.5715408,2633.3082328000455,-36.363636363636346,136.36363636363637,444240,440645,406.0,165.0
1790649571.1643844,2634.901061500015,-27.272727272727252,136.36363636363637,444658,440794,418.0,149.0
1790649572.6933568,2636.430020300031,-18.18181818181816,136.36363636363637,445043,440948,385.0,154.0
1790649574.2092414,2637.945890800038,-9.090909090909065,136.36363636363637,445407,441132,364.0,184.0
1790649575.770193,2639.506828200014,2.842170943040401e-14,136.36363636363637,445738,441331,331.0,199.0
1790649577.3279586,2641.0645791999996,9.090909090909122,136.36363636363637,446067,441554,329.0,223.0
1790649578.9048426,2642.6414488000446,18.181818181818187,136.36363636363637,446401,441752,334.0,198.0
1790649580.413074,2644.1496658000397,27.27272727272728,136.36363636363637,446676,442010,275.0,258.0
1790649581.9421146,2645.678693199996,36.363636363636374,136.36363636363637,446951,442267,275.0,257.0
1790649583.4858668,2647.222430700029,45.45454545454547,136.36363636363637,447224,442540,273.0,273.0
1790649584.9886646,2648.725214300037,54.54545454545456,136.36363636363637,447457,442835,233.0,295.0
1790649586.53733,2650.2738658000017,63.63636363636368,136.36363636363637,447662,443141,205.0,306.0
1790649588.1943781,2651.930899000028,72.72727272727275,136.36363636363637,447850,443497,188.0,356.0
1790649589.8124795,2653.548985100002,81.81818181818187,136.36363636363637,447996,443849,146.0,352.0
1790649591.356636,2655.0931274000322,90.90909090909093,136.36363636363637,448135,444212,139.0,363.0
1790649592.905906,2656.6423838000046,100.0,136.36363636363637,448268,444567,133.0,355.0
1790649594.4526036,2658.1890673000016,109.09090909090912,136.36363636363637,448392,444984,124.0,417.0
1790649596.0112798,2659.7477284999914,118.18181818181819,136.36363636363637,448518,445359,126.0,375.0
1790649597.64253,2661.3789639000315,127.27272727272731,136.36363636363637,448623,445731,105.0,372.0
1790649599.253846,2662.9902649000287,136.36363636363637,136.36363636363637,448740,446165,117.0,434.0
1790649600.825636,2664.5620401999913,145.4545454545455,136.36363636363637,448855,446572,115.0,407.0
1790649602.343276,2666.0796667000395,154.54545454545456,136.36363636363637,448976,446949,121.0,377.0
1790649603.905028,2667.641404299997,163.63636363636368,136.36363636363637,449084,447332,108.0,383.0
1790649605.4629166,2669.1992791999946,172.72727272727275,136.36363636363637,449212,447722,128.0,390.0
1790649607.0371282,2670.7734754999983,181.81818181818187,136.36363636363637,449382,448118,170.0,396.0
1790649608.607189,2672.34352200001,190.90909090909093,136.36363636363637,449530,448511,148.0,393.0
1790649610.2119834,2673.9483013999998,200.0,136.36363636363637,449716,448811,186.0,300.0
1790649611.711834,2675.448138000036,-200.0,145.4545454545455,449922,449127,206.0,316.0
1790649613.2625418,2676.9988319000113,-190.9090909090909,145.4545454545455,450160,449463,238.0,336.0
1790649614.8389473,2678.575223300024,-181.8181818181818,145.4545454545455,450456,449733,296.0,270.0
1790649616.373259,2680.109520400001,-172.72727272727272,145.4545454545455,450769,450003,313.0,270.0
1790649617.928287,2681.664534300042,-163.63636363636363,145.4545454545455,451111,450263,342.0,260.0
1790649619.5083241,2683.244556699996,-154.54545454545453,145.4545454545455,451441,450494,330.0,231.0
1790649621.040198,2684.7764166000416,-145.45454545454544,145.4545454545455,451747,450721,306.0,227.0
1790649622.5721152,2686.308319600008,-136.36363636363637,145.4545454545455,452140,450951,393.0,230.0
1790649624.1522355,2687.888425400015,-127.27272727272727,145.4545454545455,452512,451141,372.0,190.0
1790649625.684576,2689.420751400001,-118.18181818181817,145.4545454545455,452890,451301,378.0,160.0
1790649627.2582595,2690.9944206000073,-109.09090909090908,145.4545454545455,453296,451475,406.0,174.0
1790649628.8521583,2692.588305000041,-99.99999999999999,145.4545454545455,453713,451624,417.0,149.0
1790649630.400741,2694.1368738000165,-90.9090909090909,145.4545454545455,454154,451761,441.0,137.0
1790649631.9459507,2695.682069100032,-81.81818181818181,145.4545454545455,454571,451901,417.0,140.0
1790649633.5084953,2697.2445991000277,-72.72727272727272,145.4545454545455,455037,452044,466.0,143.0
1790649635.067449,2698.8035384000395,-63.636363636363626,145.4545454545455,455440,452177,403.0,133.0
1790649636.6006203,2700.33669560001,-54.54545454545453,145.4545454545455,455883,452323,443.0,146.0
1790649638.2023509,2701.9384116000147,-45.45454545454544,145.4545454545455,456272,452454,389.0,131.0
1790649639.7602718,2703.4963179000188,-36.363636363636346,145.4545454545455,456640,452616,368.0,162.0
1790649641.346828,2705.082860000024,-27.272727272727252,145.4545454545455,456986,452795,346.0,179.0
1790649642.8740416,2706.6100592000294,-18.18181818181816,145.4545454545455,457378,452993,392.0,198.0
1790649644.4185984,2708.1546026000287,-9.090909090909065,145.4545454545455,457729,453195,351.0,202.0
1790649646.0112598,2709.747249200009,2.842170943040401e-14,145.4545454545455,458043,453410,314.0,215.0
1790649647.6263332,2711.362307400035,9.090909090909122,145.4545454545455,458354,453630,311.0,220.0
1790649649.16048,2712.896440200042,18.181818181818187,145.4545454545455,458642,453870,288.0,240.0
1790649650.6904786,2714.4264249000116,27.27272727272728,145.4545454545455,458905,454136,263.0,266.0
1790649652.2648344,2716.000765600009,36.363636363636374,145.4545454545455,459153,454416,248.0,280.0
1790649653.7810082,2717.516925300006,45.45454545454547,145.4545454545455,459359,454711,206.0,295.0
1790649655.356821,2719.0927241000463,54.54545454545456,145.4545454545455,459550,455001,191.0,290.0
1790649656.902918,2720.638807100011,63.63636363636368,145.4545454545455,459721,455334,171.0,333.0
1790649658.5505419,2722.2864150000387,72.72727272727275,145.4545454545455,459873,455690,152.0,356.0
1790649660.059971,2723.7958307000226,81.81818181818187,145.4545454545455,460011,456068,138.0,378.0
1790649661.5907164,2725.3265618000296,90.90909090909093,145.4545454545455,460163,456431,152.0,363.0
1790649663.1581142,2726.8939451000188,100.0,145.4545454545455,460323,456831,160.0,400.0
1790649664.7031672,2728.4389848000137,109.09090909090912,145.4545454545455,460447,457217,124.0,386.0
1790649666.2321708,2729.9679730000207,118.18181818181819,145.4545454545455,460563,457612,116.0,395.0
1790649667.783081,2731.5188698000275,127.27272727272731,145.4545454545455,460682,458016,119.0,404.0
1790649669.3167906,2733.052564900019,136.36363636363637,145.4545454545455,460797,458389,115.0,373.0
1790649670.8671174,2734.6028770999983,145.4545454545455,145.4545454545455,460905,458792,108.0,403.0
1790649672.4178588,2736.153604299994,154.54545454545456,145.4545454545455,461029,459166,124.0,374.0
1790649673.977525,2737.7132563000196,163.63636363636368,145.4545454545455,461153,459523,124.0,357.0
1790649675.5255172,2739.2612346000387,172.72727272727275,145.4545454545455,461322,459873,169.0,350.0
1790649677.0726688,2740.808371399995,181.81818181818187,145.4545454545455,461476,460276,154.0,403.0
1790649678.655895,2742.3915835000225,190.90909090909093,145.4545454545455,461652,460611,176.0,335.0
1790649680.2547736,2743.9904474000214,200.0,145.4545454545455,461856,460986,204.0,375.0
1790649681.7701583,2745.505818000005,-200.0,154.54545454545456,462059,461294,203.0,308.0
1790649683.3294995,2747.065144699998,-190.9090909090909,154.54545454545456,462303,461597,244.0,303.0
1790649684.8818007,2748.6174321,-181.8181818181818,154.54545454545456,462572,461854,269.0,257.0
1790649686.4221623,2750.157779100002,-172.72727272727272,154.54545454545456,462886,462131,314.0,277.0
1790649687.9520745,2751.6876773000113,-163.63636363636363,154.54545454545456,463172,462341,286.0,210.0
1790649689.5228841,2753.2584725000197,-154.54545454545453,154.54545454545456,463483,462565,311.0,224.0
1790649691.0351276,2754.770701900008,-145.45454545454544,154.54545454545456,463857,462763,374.0,198.0
1790649692.538827,2756.274387500016,-136.36363636363637,154.54545454545456,464218,462931,361.0,168.0
1790649694.1284308,2757.863977000001,-127.27272727272727,154.54545454545456,464612,463104,394.0,173.0
1790649695.6421435,2759.3776756000007,-118.18181818181817,154.54545454545456,465034,463267,422.0,163.0
1790649697.2150035,2760.9505218000268,-109.09090909090908,154.54545454545456,465414,463402,380.0,135.0
1790649698.8355849,2762.571087600023,-99.99999999999999,154.54545454545456,465820,463544,406.0,142.0
1790649700.3632944,2764.0987836000277,-90.9090909090909,154.54545454545456,466293,463686,473.0,142.0
1790649701.8845897,2765.6200646000216,-81.81818181818181,154.54545454545456,466693,463814,400.0,128.0
1790649703.4377167,2767.1731771000195,-72.72727272727272,154.54545454545456,467073,463974,380.0,160.0
1790649705.0015914,2768.7370382000227,-63.636363636363626,154.54545454545456,467468,464122,395.0,148.0
1790649706.5348394,2770.2702711000456,-54.54545454545453,154.54545454545456,467853,464252,385.0,130.0
1790649708.1002738,2771.8356915999902,-45.45454545454544,154.54545454545456,468257,464420,404.0,168.0
1790649709.6793664,2773.414769600029,-36.363636363636346,154.54545454545456,468644,464562,387.0,142.0
1790649711.1934779,2774.9288670000387,-27.272727272727252,154.54545454545456,469005,464776,361.0,214.0
1790649712.723014,2776.458388900035,-18.18181818181816,154.54545454545456,469380,464965,375.0,189.0
1790649714.3145034,2778.0498638999998,-9.090909090909065,154.54545454545456,469694,465172,314.0,207.0
1790649715.877833,2779.6131789000356,2.842170943040401e-14,154.54545454545456,470006,465402,312.0,230.0
1790649717.4239185,2781.1592502000276,9.090909090909122,154.54545454545456,470275,465669,269.0,267.0
1790649719.0034616,2782.7387790000066,18.181818181818187,154.54545454545456,470532,465892,257.0,223.0
1790649720.5611713,2784.296474200033,27.27272727272728,154.54545454545456,470781,466178,249.0,286.0
1790649722.152808,2785.8880961000104,36.363636363636374,154.54545454545456,470998,466478,217.0,300.0
1790649723.7318537,2787.4671277000452,45.45454545454547,154.54545454545456,471207,466793,209.0,315.0
1790649725.3255014,2789.060760900029,54.54545454545456,154.54545454545456,471391,467138,184.0,345.0
1790649726.9324648,2790.6677087999997,63.63636363636368,154.54545454545456,471560,467459,169.0,321.0
1790649728.525073,2792.2603029000456,72.72727272727275,154.54545454545456,471697,467835,137.0,376.0
1790649730.163625,2793.8988399000373,81.81818181818187,154.54545454545456,471834,468234,137.0,399.0
1790649731.6925793,2795.427779600024,90.90909090909093,154.54545454545456,471960,468612,126.0,378.0
1790649733.3459857,2797.0811709000263,100.0,154.54545454545456,472077,468983,117.0,371.0
1790649734.9380102,2798.6731812999933,109.09090909090912,154.54545454545456,472197,469396,120.0,413.0
1790649736.533599,2800.268754400022,118.18181818181819,154.54545454545456,472310,469791,113.0,395.0
1790649738.1140583,2801.849199499993,127.27272727272731,154.54545454545456,472434,470229,124.0,438.0
1790649739.6486688,2803.3837964000413,136.36363636363637,154.54545454545456,472554,470578,120.0,349.0
1790649741.2229714,2804.9580840000417,145.4545454545455,154.54545454545456,472699,470942,145.0,364.0
1790649742.7820568,2806.5171560000163,154.54545454545456,154.54545454545456,472851,471333,152.0,391.0
1790649744.4197671,2808.1548501999932,163.63636363636368,154.54545454545456,473002,471712,151.0,379.0
1790649746.0425656,2809.7776344000013,172.72727272727275,154.54545454545456,473170,472095,168.0,383.0
1790649747.5421948,2811.2772494000383,181.81818181818187,154.54545454545456,473354,472394,184.0,299.0
1790649749.0716727,2812.8067127999966,190.90909090909093,154.54545454545456,473551,472726,197.0,332.0
1790649750.6472917,2814.3823182000197,200.0,154.54545454545456,473752,473073,201.0,347.0
1790649752.204565,2815.939576600038,-200.0,163.63636363636368,474044,473380,292.0,307.0
1790649753.7527802,2817.487778300012,-190.9090909090909,163.63636363636368,474307,473635,263.0,255.0
1790649755.3117845,2819.046767599997,-181.8181818181818,163.63636363636368,474609,473887,302.0,252.0
1790649756.8738647,2820.6088340000133,-172.72727272727272,163.63636363636368,474922,474106,313.0,219.0
1790649758.401764,2822.136718599999,-163.63636363636363,163.63636363636368,475286,474313,364.0,207.0
1790649759.9271173,2823.6620580000454,-154.54545454545453,163.63636363636368,475636,474534,350.0,221.0
1790649761.4570775,2825.1920040000114,-145.45454545454544,163.63636363636368,476021,474731,385.0,197.0
1790649763.0412955,2826.7762076000217,-136.36363636363637,163.63636363636368,476408,474922,387.0,191.0
1790649764.6014447,2828.3363421999966,-127.27272727272727,163.63636363636368,476821,475099,413.0,177.0
1790649766.1629152,2829.897798500024,-118.18181818181817,163.63636363636368,477255,475269,434.0,170.0
1790649767.7103667,2831.445236600004,-109.09090909090908,163.63636363636368,477672,475424,417.0,155.0
1790649769.3359938,2833.070848500007,-99.99999999999999,163.63636363636368,478150,475543,478.0,119.0
1790649770.9024005,2834.6372402000125,-90.9090909090909,163.63636363636368,478576,475693,426.0,150.0
1790649772.4716654,2836.206490500015,-81.81818181818181,163.63636363636368,478999,475844,423.0,151.0
1790649774.0659735,2837.800784300023,-72.72727272727272,163.63636363636368,479421,475993,422.0,149.0
1790649775.6181905,2839.352987600025,-63.636363636363626,163.63636363636368,479817,476138,396.0,145.0
1790649777.1507578,2840.8855401000474,-54.54545454545453,163.63636363636368,480236,476283,419.0,145.0
1790649778.7007878,2842.4355556000373,-45.45454545454544,163.63636363636368,480619,476469,383.0,186.0
1790649780.2870345,2844.0217881000135,-36.363636363636346,163.63636363636368,480950,476633,331.0,164.0
1790649781.8811035,2845.6158428000053,-27.272727272727252,163.63636363636368,481277,476830,327.0,197.0
1790649783.453813,2847.1885378000443,-18.18181818181816,163.63636363636368,481575,477022,298.0,192.0
1790649785.0682552,2848.802964500035,-9.090909090909065,163.63636363636368,481878,477247,303.0,225.0
1790649786.6448536,2850.3795492000063,2.842170943040401e-14,163.63636363636368,482142,477470,264.0,223.0
1790649788.1738682,2851.908549200045,9.090909090909122,163.63636363636368,482368,477742,226.0,272.0
1790649789.7788851,2853.5135512000415,18.181818181818187,163.63636363636368,482612,478042,244.0,300.0
1790649791.313435,2855.0480872000335,27.27272727272728,163.63636363636368,482816,478346,204.0,304.0
1790649792.8432462,2856.57788430003,36.363636363636374,163.63636363636368,483010,478657,194.0,311.0
1790649794.452161,2858.186784200021,45.45454545454547,163.63636363636368,483198,478979,188.0,322.0
1790649795.9990416,2859.7336502000107,54.54545454545456,163.63636363636368,483350,479288,152.0,309.0
1790649797.5030553,2861.237650600029,63.63636363636368,163.63636363636368,483496,479633,146.0,345.0
1790649799.0626378,2862.7972184999962,72.72727272727275,163.63636363636368,483615,479994,119.0,361.0
1790649800.582006,2864.316572700045,81.81818181818187,163.63636363636368,483727,480360,112.0,366.0
1790649802.1590767,2865.8936285999953,90.90909090909093,163.63636363636368,483827,480727,100.0,367.0
1790649803.701494,2867.4360325000016,100.0,163.63636363636368,483960,481107,133.0,380.0
1790649805.2803583,2869.0148817000445,109.09090909090912,163.63636363636368,484066,481470,106.0,363.0
1790649806.8046196,2870.539128500037,118.18181818181819,163.63636363636368,484197,481799,131.0,329.0
1790649808.3665035,2872.1009983000113,127.27272727272731,163.63636363636368,484310,482196,113.0,397.0
1790649809.988062,2873.7225423000054,136.36363636363637,163.63636363636368,484441,482589,131.0,393.0
1790649811.5493214,2875.2837875999976,145.4545454545455,163.63636363636368,484595,482980,154.0,391.0
1790649813.1558099,2876.8902609000215,154.54545454545456,163.63636363636368,484771,483348,176.0,368.0
1790649814.6674354,2878.401873600029,163.63636363636368,163.63636363636368,484932,483672,161.0,324.0
1790649816.207699,2879.9421222000383,172.72727272727275,163.63636363636368,485106,484026,174.0,354.0
1790649817.73034,2881.464749000035,181.81818181818187,163.63636363636368,485285,484330,179.0,304.0
1790649819.303994,2883.0383884000476,190.90909090909093,163.63636363636368,485533,484679,248.0,349.0
1790649820.81138,2884.5457608000142,200.0,163.63636363636368,485778,484978,245.0,299.0
1790649822.3299158,2886.064283100015,-200.0,172.72727272727275,486026,485244,248.0,266.0
1790649823.9094648,2887.643818700046,-190.9090909090909,172.72727272727275,486367,485497,341.0,253.0
1790649825.468372,2889.2027122,-181.8181818181818,172.72727272727275,486662,485730,295.0,233.0
1790649827.0725255,2890.806850599998,-172.72727272727272,172.72727272727275,487035,485959,373.0,229.0
1790649828.6172254,2892.351537300041,-163.63636363636363,172.72727272727275,487370,486149,335.0,190.0
1790649830.2052262,2893.9395238000434,-154.54545454545453,172.72727272727275,487752,486312,382.0,163.0
1790649831.7338872,2895.4681712000165,-145.45454545454544,172.72727272727275,488160,486478,408.0,166.0
1790649833.2650545,2896.999324800039,-136.36363636363637,172.72727272727275,488531,486627,371.0,149.0
1790649834.810182,2898.5444393000216,-127.27272727272727,172.72727272727275,488945,486783,414.0,156.0
1790649836.4023824,2900.1366247000406,-118.18181818181817,172.72727272727275,489371,486929,426.0,146.0
1790649837.9357703,2901.669999600039,-109.09090909090908,172.72727272727275,489802,487074,431.0,145.0
1790649839.4872625,2903.2214777999907,-99.99999999999999,172.72727272727275,490248,487212,446.0,138.0
1790649841.0684216,2904.8026223999914,-90.9090909090909,172.72727272727275,490692,487366,444.0,154.0
1790649842.6165683,2906.350755100022,-81.81818181818181,172.72727272727275,491094,487508,402.0,142.0
1790649844.168096,2907.902269400016,-72.72727272727272,172.72727272727275,491525,487633,431.0,125.0
1790649845.697728,2909.4318875000463,-63.636363636363626,172.72727272727275,491880,487798,355.0,165.0
1790649847.245248,2910.979393900023,-54.54545454545453,172.72727272727275,492235,487948,355.0,150.0
1790649848.8047018,2912.53883450001,-45.45454545454544,172.72727272727275,492557,488121,322.0,173.0
1790649850.393813,2914.1279315000284,-36.363636363636346,172.72727272727275,492890,488318,333.0,197.0
1790649851.9121077,2915.646212199994,-27.272727272727252,172.72727272727275,493187,488501,297.0,183.0
1790649853.48915,2917.223240100022,-18.18181818181816,172.72727272727275,493465,488727,278.0,226.0
1790649855.0636873,2918.797763600014,-9.090909090909065,172.72727272727275,493771,488994,306.0,267.0
1790649856.6325479,2920.3666107000317,2.842170943040401e-14,172.72727272727275,494003,489269,232.0,275.0
1790649858.2300117,2921.9640601000283,9.090909090909122,172.72727272727275,494223,489542,220.0,273.0
1790649859.8600311,2923.5940653000143,18.181818181818187,172.72727272727275,494420,489840,197.0,298.0
1790649861.3835568,2925.1175769999973,27.27272727272728,172.72727272727275,494595,490163,175.0,323.0
1790649862.8931382,2926.6271452000365,36.363636363636374,172.72727272727275,494765,490501,170.0,338.0
1790649864.4787993,2928.212791900034,45.45454545454547,172.72727272727275,494932,490844,167.0,343.0
1790649866.0608923,2929.79487089999,54.54545454545456,172.72727272727275,495092,491211,160.0,367.0
1790649867.5949602,2931.3289248000365,63.63636363636368,172.72727272727275,495229,491591,137.0,380.0
1790649869.2029111,2932.936862200033,72.72727272727275,172.72727272727275,495346,491967,117.0,376.0
1790649870.7346063,2934.4685438000015,81.81818181818187,172.72727272727275,495461,492344,115.0,377.0
1790649872.2773738,2936.011296600045,90.90909090909093,172.72727272727275,495576,492746,115.0,402.0
1790649873.7946682,2937.5285777000245,100.0,172.72727272727275,495679,493117,103.0,371.0
1790649875.3244917,2939.058387600002,109.09090909090912,172.72727272727275,495801,493518,122.0,401.0
1790649876.8678248,2940.601707499998,118.18181818181819,172.72727272727275,495914,493878,113.0,360.0
1790649878.4166455,2942.1505142000387,127.27272727272731,172.72727272727275,496029,494256,115.0,378.0
1790649879.9961984,2943.7300534000387,136.36363636363637,172.72727272727275,496176,494614,147.0,358.0
1790649881.5521772,2945.286018300045,145.4545454545455,172.72727272727275,496331,494983,155.0,369.0
1790649883.0998716,2946.8336986000068,154.54545454545456,172.72727272727275,496485,495304,154.0,321.0
1790649884.6450522,2948.378865400038,163.63636363636368,172.72727272727275,496674,495646,189.0,342.0
1790649886.2209046,2949.954703800031,172.72727272727275,172.72727272727275,496868,495996,194.0,350.0
1790649887.7493641,2951.483150300046,181.81818181818187,172.72727272727275,497105,496298,237.0,302.0
1790649889.3387804,2953.072551999998,190.90909090909093,172.72727272727275,497340,496621,235.0,323.0
1790649890.9446697,2954.6784268000047,200.0,172.72727272727275,497589,496873,249.0,252.0
1790649892.4829671,2956.2167110000155,-200.0,181.81818181818187,497871,497111,282.0,238.0
1790649894.014226,2957.747955400031,-190.9090909090909,181.81818181818187,498215,497361,344.0,250.0
1790649895.5500553,2959.283771000046,-181.8181818181818,181.81818181818187,498565,497582,350.0,221.0
1790649897.1558688,2960.889570500003,-172.72727272727272,181.81818181818187,498915,497769,350.0,187.0
1790649898.6987154,2962.432403600018,-163.63636363636363,181.81818181818187,499258,497975,343.0,206.0
1790649900.3256195,2964.0592939000344,-154.54545454545453,181.81818181818187,499643,498140,385.0,165.0
1790649901.8536105,2965.5872708000243,-145.45454545454544,181.81818181818187,500060,498306,417.0,166.0
1790649903.3727174,2967.106364300009,-136.36363636363637,181.81818181818187,500469,498452,409.0,146.0
1790649904.9047139,2968.638346599997,-127.27272727272727,181.81818181818187,500842,498598,373.0,146.0
1790649906.4702115,2970.2038303000154,-118.18181818181817,181.81818181818187,501204,498742,362.0,144.0
1790649908.0469484,2971.780553000048,-109.09090909090908,181.81818181818187,501609,498868,405.0,126.0
1790649909.6042316,2973.3378227000358,-99.99999999999999,181.81818181818187,502007,498995,398.0,127.0
1790649911.1235297,2974.8571068000165,-90.9090909090909,181.81818181818187,502391,499132,384.0,137.0
1790649912.6877134,2976.4212772000465,-81.81818181818181,181.81818181818187,502752,499278,361.0,146.0
1790649914.2328215,2977.966371300048,-72.72727272727272,181.81818181818187,503154,499434,402.0,156.0
1790649915.7612586,2979.4947947000037,-63.636363636363626,181.81818181818187,503510,499597,356.0,163.0
1790649917.2905424,2981.024065500009,-54.54545454545453,181.81818181818187,503840,499767,330.0,170.0
1790649918.843603,2982.577112000028,-45.45454545454544,181.81818181818187,504158,499986,318.0,219.0
1790649920.4683537,2984.201847899996,-36.363636363636346,181.81818181818187,504471,500183,313.0,197.0
1790649922.0584636,2985.7919440999976,-27.272727272727252,181.81818181818187,504771,500411,300.0,228.0
1790649923.5775154,2987.3109825000283,-18.18181818181816,181.81818181818187,505053,500628,282.0,217.0
1790649925.1206987,2988.8541515000397,-9.090909090909065,181.81818181818187,505314,500898,261.0,270.0
1790649926.7451036,2990.4785417999956,2.842170943040401e-14,181.81818181818187,505543,501204,229.0,306.0
1790649928.2748873,2992.0083121000207,9.090909090909122,181.81818181818187,505727,501496,184.0,292.0
1790649929.8979497,2993.6313599999994,18.181818181818187,181.81818181818187,505932,501817,205.0,321.0
1790649931.466724,2995.200119999994,27.27272727272728,181.81818181818187,506086,502158,154.0,341.0
1790649933.0437603,2996.7771429000422,36.363636363636374,181.81818181818187,506240,502506,154.0,348.0
1790649934.611008,2998.344376699999,45.45454545454547,181.81818181818187,506397,502840,157.0,334.0
1790649936.1182368,2999.851591500046,54.54545454545456,181.81818181818187,506507,503202,110.0,362.0
1790649937.6736362,3001.4069773000083,63.63636363636368,181.81818181818187,506644,503569,137.0,367.0
1790649939.2444541,3002.9777813000255,72.72727272727275,181.81818181818187,506768,503941,124.0,372.0
1790649940.8075612,3004.5408756000106,81.81818181818187,181.81818181818187,506896,504382,128.0,441.0
1790649942.3490834,3006.0823826999986,90.90909090909093,181.81818181818187,507011,504748,115.0,366.0
1790649943.8935068,3007.6267932000337,100.0,181.81818181818187,507123,505157,112.0,409.0
1790649945.4069586,3009.1402307000244,109.09090909090912,181.81818181818187,507248,505580,125.0,423.0
1790649946.9494538,3010.6827123000403,118.18181818181819,181.81818181818187,507377,505982,129.0,402.0
1790649948.4846623,3012.2179068000405,127.27272727272731,181.81818181818187,507498,506388,121.0,406.0
1790649950.1371386,3013.8703688000096,136.36363636363637,181.81818181818187,507657,506778,159.0,390.0
1790649951.6889405,3015.422157599998,145.4545454545455,181.81818181818187,507818,507149,161.0,371.0
1790649953.2233937,3016.9565969000105,154.54545454545456,181.81818181818187,508011,507480,193.0,331.0
1790649954.7463887,3018.479578700033,163.63636363636368,181.81818181818187,508215,507842,204.0,362.0
1790649956.2925286,3020.025704000029,172.72727272727275,181.81818181818187,508434,508167,219.0,325.0
1790649957.827821,3021.56098270003,181.81818181818187,181.81818181818187,508652,508471,218.0,304.0
1790649959.3659062,3023.099054099992,190.90909090909093,181.81818181818187,508890,508712,238.0,241.0
1790649960.964685,3024.697819199995,200.0,181.81818181818187,509172,508986,282.0,274.0
1790649962.500279,3026.2333991000196,-200.0,190.90909090909093,509453,509233,281.0,247.0
1790649964.0379655,3027.7710719000315,-190.9090909090909,190.90909090909093,509760,509445,307.0,212.0
1790649965.5583158,3029.291408799996,-181.8181818181818,190.90909090909093,510092,509614,332.0,169.0
1790649967.0724914,3030.805570800032,-172.72727272727272,190.90909090909093,510487,509784,395.0,170.0
1790649968.6325934,3032.3656591000035,-163.63636363636363,190.90909090909093,510864,509970,377.0,186.0
1790649970.2044342,3033.937486800016,-154.54545454545453,190.90909090909093,511244,510122,380.0,152.0
1790649971.7852101,3035.518247800006,-145.45454545454544,190.90909090909093,511674,510284,430.0,162.0
1790649973.3133678,3037.0463920000475,-136.36363636363637,190.90909090909093,512092,510406,418.0,122.0
1790649974.841658,3038.574668599991,-127.27272727272727,190.90909090909093,512496,510529,404.0,123.0
1790649976.374151,3040.1071474000346,-118.18181818181817,190.90909090909093,512925,510676,429.0,147.0
1790649977.9220994,3041.6550823000143,-109.09090909090908,190.90909090909093,513316,510813,391.0,137.0
1790649979.4831622,3043.2161312000244,-99.99999999999999,190.90909090909093,513735,510933,419.0,120.0
1790649981.133636,3044.866590599995,-90.9090909090909,190.90909090909093,514135,511084,400.0,151.0
1790649982.720337,3046.453277099994,-81.81818181818181,190.90909090909093,514516,511242,381.0,158.0
1790649984.2939749,3048.026900900004,-72.72727272727272,190.90909090909093,514901,511412,385.0,170.0
1790649985.8102787,3049.543191100005,-63.636363636363626,190.90909090909093,515240,511586,339.0,174.0
1790649987.3927772,3051.125675700023,-54.54545454545453,190.90909090909093,515549,511794,309.0,208.0
1790649988.9539773,3052.6868623000337,-45.45454545454544,190.90909090909093,515852,512012,303.0,218.0
1790649990.5240345,3054.2569054000196,-36.363636363636346,190.90909090909093,516126,512258,274.0,246.0
1790649992.0879605,3055.8208175000036,-27.272727272727252,190.90909090909093,516399,512498,273.0,240.0
1790649993.653205,3057.3860485000187,-18.18181818181816,190.90909090909093,516661,512758,262.0,260.0
1790649995.2053201,3058.938149099995,-9.090909090909065,190.90909090909093,516897,513044,236.0,286.0
1790649996.7352638,3060.468079000013,2.842170943040401e-14,190.90909090909093,517091,513313,194.0,269.0
1790649998.2951465,3062.0279481000034,9.090909090909122,190.90909090909093,517283,513634,192.0,321.0
1790649999.805249,3063.5380372999934,18.181818181818187,190.90909090909093,517462,513978,179.0,344.0
1790650001.3546214,3065.0873956000432,27.27272727272728,190.90909090909093,517634,514309,172.0,331.0
1790650002.9650562,3066.697816400032,36.363636363636374,190.90909090909093,517776,514705,142.0,396.0
1790650004.524087,3068.2568332999945,45.45454545454547,190.90909090909093,517879,515044,103.0,339.0
1790650006.0510333,3069.7837656000047,54.54545454545456,190.90909090909093,518001,515465,122.0,421.0
1790650007.5805798,3071.3132986000273,63.63636363636368,190.90909090909093,518088,515820,87.0,355.0
1790650009.1179924,3072.8506976999925,72.72727272727275,190.90909090909093,518212,516192,124.0,372.0
1790650010.703896,3074.436587400036,81.81818181818187,190.90909090909093,518331,516584,119.0,392.0
1790650012.2844772,3076.017154400004,90.90909090909093,190.90909090909093,518448,516946,117.0,362.0
1790650013.830833,3077.5634962000186,100.0,190.90909090909093,518574,517329,126.0,383.0
1790650015.3773422,3079.1099916000385,109.09090909090912,190.90909090909093,518711,517664,137.0,335.0
1790650016.9191048,3080.651740500005,118.18181818181819,190.90909090909093,518855,518033,144.0,369.0
1790650018.493361,3082.225982600008,127.27272727272731,190.90909090909093,518997,518376,142.0,343.0
1790650020.0247004,3083.757309000008,136.36363636363637,190.90909090909093,519169,518691,172.0,315.0
1790650021.6190495,3085.3516435000347,145.4545454545455,190.90909090909093,519353,519009,184.0,318.0
1790650023.1642997,3086.8968797000125,154.54545454545456,190.90909090909093,519535,519329,182.0,320.0
1790650024.6797047,3088.412272000045,163.63636363636368,190.90909090909093,519759,519641,224.0,312.0
1790650026.2309773,3089.963530000008,172.72727272727275,190.90909090909093,519994,519961,235.0,320.0
1790650027.7777472,3091.510287900048,181.81818181818187,190.90909090909093,520239,520222,245.0,261.0
1790650029.319424,3093.051949500048,190.90909090909093,190.90909090909093,520518,520472,279.0,250.0
1790650030.9211066,3094.653618200042,200.0,190.90909090909093,520817,520714,299.0,242.0
1790650032.4522426,3096.184739999997,-200.0,200.0,521139,520915,322.0,201.0
1790650033.9706361,3097.7031206000247,-190.9090909090909,200.0,521467,521088,328.0,173.0
1790650035.531587,3099.2640567999915,-181.8181818181818,200.0,521817,521277,350.0,189.0
1790650037.1326833,3100.8651394000044,-172.72727272727272,200.0,522207,521439,390.0,162.0
1790650038.6962013,3102.428643400024,-163.63636363636363,200.0,522579,521603,372.0,164.0
1790650040.2288148,3103.961243400001,-154.54545454545453,200.0,522971,521744,392.0,141.0
1790650041.75499,3105.487404900021,-145.45454545454544,200.0,523362,521893,391.0,149.0
1790650043.3299186,3107.0623195000226,-136.36363636363637,200.0,523750,522049,388.0,156.0
1790650044.8775628,3108.6099501000135,-127.27272727272727,200.0,524206,522220,456.0,171.0
1790650046.4356737,3110.1680466000107,-118.18181818181817,200.0,524600,522364,394.0,144.0
1790650047.9726245,3111.7049842000124,-109.09090909090908,200.0,524998,522491,398.0,127.0
1790650049.506006,3113.2383521000156,-99.99999999999999,200.0,525352,522656,354.0,165.0
1790650051.124656,3114.8569875000394,-90.9090909090909,200.0,525730,522807,378.0,151.0
1790650052.6580834,3116.39040090004,-81.81818181818181,200.0,526079,522995,349.0,188.0
1790650054.238898,3117.971201300039,-72.72727272727272,200.0,526409,523170,330.0,175.0
1790650055.759233,3119.491523900011,-63.636363636363626,200.0,526722,523359,313.0,189.0
1790650057.348168,3121.0804442000226,-54.54545454545453,200.0,527036,523571,314.0,212.0
1790650058.8957684,3122.628030700027,-45.45454545454544,200.0,527317,523825,281.0,254.0
1790650060.3968756,3124.1291244000313,-36.363636363636346,200.0,527562,524062,245.0,237.0
1790650062.0013947,3125.7336295000277,-27.272727272727252,200.0,527801,524338,239.0,276.0
1790650063.5465407,3127.27876190003,-18.18181818181816,200.0,528022,524631,221.0,293.0
1790650065.1533632,3128.88556970004,-9.090909090909065,200.0,528239,524921,217.0,290.0
1790650066.712103,3130.4442961000022,2.842170943040401e-14,200.0,528434,525209,195.0,288.0
1790650068.2688107,3132.0009897000273,9.090909090909122,200.0,528582,525509,148.0,300.0
1790650069.8000188,3133.53218390001,18.181818181818187,200.0,528760,525852,178.0,343.0
1790650071.4049728,3135.1371235999977,27.27272727272728,200.0,528899,526184,139.0,332.0
1790650072.9580503,3136.690187200031,36.363636363636374,200.0,529016,526545,117.0,361.0
1790650074.4883804,3138.220503600023,45.45454545454547,200.0,529128,526934,112.0,389.0
1790650076.0021615,3139.7342716000276,54.54545454545456,200.0,529248,527299,120.0,365.0
1790650077.5327554,3141.264852399996,63.63636363636368,200.0,529388,527707,140.0,408.0
1790650079.0747612,3142.8068439000053,72.72727272727275,200.0,529521,528082,133.0,375.0
1790650080.5843356,3144.316404500045,81.81818181818187,200.0,529642,528496,121.0,414.0
1790650082.180892,3145.9129469000036,90.90909090909093,200.0,529752,528844,110.0,348.0
1790650083.6937308,3147.425772399991,100.0,200.0,529907,529259,155.0,415.0
1790650085.2714536,3149.0034814000246,109.09090909090912,200.0,530023,529611,116.0,352.0
1790650086.7773263,3150.5093404999934,118.18181818181819,200.0,530151,529974,128.0,363.0
1790650088.3292544,3152.0612548000063,127.27272727272731,200.0,530331,530317,180.0,343.0
1790650089.8880308,3153.62001720001,136.36363636363637,200.0,530522,530651,191.0,334.0
1790650091.458658,3155.1906305000302,145.4545454545455,200.0,530734,530970,212.0,319.0
1790650093.0171328,3156.7490916000097,154.54545454545456,200.0,530968,531281,234.0,311.0
1790650094.5405176,3158.2724629000295,163.63636363636368,200.0,531191,531586,223.0,305.0
1790650096.0796654,3159.811596500047,172.72727272727275,200.0,531430,531847,239.0,261.0
1790650097.6094377,3161.3413554000435,181.81818181818187,200.0,531694,532091,264.0,244.0
1790650099.1204119,3162.852316100034,190.90909090909093,200.0,531974,532362,280.0,271.0
1790650100.6622884,3164.394178799994,200.0,200.0,532270,532559,296.0,197.0
