Unix_Timestamp,Elapsed_Time_s,EOM0_Target_V,EOM1_Target_V,Raw_Count0,Raw_Count1,Rate0_Hz,Rate1_Hz
1790039729.714874,0.11406700004590675,-200.0,-200.0,54.0,46.0,350.6664046105921,304.52608821446154
1790039729.8269074,0.22609970002667978,-193.22033898305085,-200.0,92.0,76.0,336.63736684609745,243.12698716662595
1790039729.9413984,0.3405905000399798,-186.4406779661017,-200.0,128.0,104.0,311.0380070678052,237.85259364008633
1790039730.05476,0.4539521000115201,-179.66101694915255,-200.0,167.0,132.0,360.38666726328876,240.25777817552586
1790039730.1685352,0.5677272000466473,-172.8813559322034,-200.0,211.0,164.0,386.5723185197383,285.32718747885446
1790039730.2822735,0.6814652000321075,-166.10169491525426,-200.0,253.0,195.0,377.5868151250894,285.49246997262856
1790039730.395046,0.7942373999976553,-159.32203389830508,-200.0,301.0,225.0,436.62767354083445,269.40856452519574
1790039730.5088243,0.908015199995134,-152.54237288135593,-200.0,356.0,248.0,487.9014254102545,211.73080725350667
1790039730.6215582,1.020749400020577,-145.76271186440678,-200.0,401.0,269.0,399.37919763584915,185.75776634225542
1790039730.733272,1.1324629000155255,-138.98305084745763,-200.0,448.0,288.0,431.38049272012256,168.8010623687436
1790039730.847061,1.246251700038556,-132.20338983050848,-200.0,499.0,303.0,460.27461833535756,128.87689313390013
1790039730.9608011,1.3599914000369608,-125.42372881355932,-200.0,538.0,313.0,322.15160446934414,92.04331556266975
1790039731.0756607,1.4748510000063106,-118.64406779661017,-200.0,592.0,328.0,492.2381336334835,118.50177291176455
1790039731.1880643,1.5872544000158086,-111.86440677966102,-200.0,645.0,349.0,428.4769507313728,195.60904272519193
1790039731.305241,1.704431000049226,-105.08474576271186,-200.0,691.0,364.0,401.76670209360276,124.99408509578753
1790039731.4255872,1.8247768000001088,-98.30508474576271,-200.0,765.0,379.0,608.7200468994581,132.33044497814308
1790039731.5421083,1.9412974000442773,-91.52542372881356,-200.0,827.0,390.0,491.37276807400565,90.99495705074179
1790039731.6589458,2.058133800048381,-84.74576271186442,-200.0,892.0,413.0,572.9631620046737,203.30950909843259
1790039731.7740886,2.1732765000197105,-77.96610169491527,-200.0,958.0,427.0,592.5344362706041,120.35855736746646
1790039731.8881845,2.287371600046754,-71.18644067796612,-200.0,1018.0,452.0,526.7360109805484,203.30161827319412
1790039732.0033233,2.4025104000465944,-64.40677966101697,-200.0,1069.0,470.0,464.97549297802266,164.10899752165506
1790039732.1180556,2.5172423000331037,-57.62711864406779,-200.0,1145.0,481.0,649.6881496912325,100.65591051554307
1790039732.2327693,2.631957000005059,-50.847457627118644,-200.0,1220.0,502.0,670.2049814741425,183.6178031436007
1790039732.3466516,2.745837800030131,-44.067796610169495,-200.0,1271.0,515.0,450.6186350471544,119.55188276761238
1790039732.4600015,2.8591878000297584,-37.288135593220346,-200.0,1332.0,537.0,539.5037682917475,195.3375712780465
1790039732.5737765,2.9729628000059165,-30.508474576271198,-200.0,1391.0,553.0,490.8857338536722,138.9299246755676
1790039732.68785,3.08703630004311,-23.72881355932205,-200.0,1453.0,576.0,544.921882285238,193.95524623711862
1790039732.8050365,3.2042226000339724,-16.9491525423729,-200.0,1494.0,608.0,356.90067448036183,276.5980227222804
1790039732.91738,3.316566299996339,-10.169491525423723,-200.0,1528.0,631.0,288.8694858914522,195.6857807651773
1790039733.0311246,3.4303104000282474,-3.3898305084745743,-200.0,1581.0,666.0,478.52261676679785,312.88017250136784
1790039733.143879,3.54306480003288,3.3898305084745743,-200.0,1626.0,698.0,390.4630333410809,278.9021666722006
1790039733.2569377,3.656123100023251,10.169491525423723,-200.0,1662.0,729.0,316.08824064482957,288.1981017644034
1790039733.3704524,3.7696378999971785,16.94915254237287,-200.0,1700.0,768.0,332.2240740102378,350.6809670108066
1790039733.4840548,3.883239900053013,23.72881355932202,-200.0,1734.0,810.0,306.85628521366954,362.6483370707004
1790039733.5989456,3.9981303000240587,30.50847457627117,-200.0,1776.0,852.0,377.32237328931905,377.32237328931905
1790039733.7113495,4.11053390003508,37.28813559322032,-200.0,1812.0,889.0,328.32373841627094,318.94306017580607
1790039733.8234448,4.222628800023813,44.06779661016947,-200.0,1842.0,944.0,262.66736839023616,506.5727818954555
1790039733.9372265,4.336408800038043,50.847457627118644,-200.0,1864.0,981.0,203.8386524659724,333.5541585806821
1790039734.0510752,4.450258299999405,57.627118644067764,-200.0,1887.0,1026.0,194.9301453978968,389.8602907957936
1790039734.1663713,4.565554500033613,64.40677966101691,-200.0,1906.0,1077.0,165.19596372010886,449.70012346029637
1790039734.2804801,4.679662800044753,71.18644067796606,-200.0,1926.0,1124.0,184.11933879909935,414.26851229797353
1790039734.3939512,4.7931334000313655,77.96610169491527,-200.0,1945.0,1181.0,167.20373126694247,520.189386163821
1790039734.5084138,4.907594799995422,84.74576271186442,-200.0,1962.0,1235.0,146.7827963579613,458.6962386186291
1790039734.623195,5.022376500011887,91.52542372881356,-200.0,1979.0,1301.0,155.93812373198298,587.0611716968771
1790039734.7366326,5.1358146000420675,98.30508474576271,-200.0,1987.0,1346.0,64.98781480164132,399.21086235293956
1790039734.8503451,5.249526600004174,105.08474576271186,-200.0,1996.0,1396.0,73.82634564847105,452.1863670968852
1790039734.9637318,5.362913000048138,111.86440677966101,-200.0,2005.0,1461.0,83.37146803046488,592.8637726610837
1790039735.0778437,5.477024700026959,118.64406779661016,-200.0,2027.0,1510.0,183.49347732622593,449.5590194492535
1790039735.1912148,5.590396100014914,125.42372881355931,-200.0,2038.0,1555.0,73.9076450090867,378.7766806715694
1790039735.3036556,5.702836800017394,132.20338983050846,-200.0,2054.0,1610.0,149.0662860419223,512.4153582691079
1790039735.4164221,5.815602800052147,138.9830508474576,-200.0,2070.0,1648.0,139.45523202463812,353.28658779574994
1790039735.5298555,5.929036000045016,145.76271186440675,-200.0,2090.0,1703.0,166.10927770905985,489.0995399211207
1790039735.6445944,6.043774300022051,152.5423728813559,-200.0,2114.0,1764.0,218.92856364714396,538.1993856325622
1790039735.758112,6.157292200019583,159.32203389830505,-200.0,2133.0,1822.0,166.08414194549965,525.9331161607489
1790039735.8756683,6.274848000030033,166.1016949152542,-200.0,2150.0,1879.0,143.90456251292815,467.68982816701646
1790039735.9923089,6.39148730004672,172.88135593220335,-200.0,2172.0,1928.0,198.8258430489701,370.53907113671704
1790039736.1067855,6.505960400041658,179.66101694915255,-200.0,2203.0,1967.0,257.0149005074355,339.6268328133969
1790039736.2239487,6.623127099999692,186.4406779661017,-200.0,2237.0,2037.0,286.5393655534928,582.0330862805323
1790039736.3449109,6.744088800041936,193.22033898305085,-200.0,2267.0,2086.0,259.67461039265214,380.8560952425565
1790039736.4678242,6.867000600032043,200.0,-200.0,2300.0,2121.0,278.1440490423177,295.52805210746254
1790039736.584238,6.983415900031105,-200.0,-193.22033898305085,2330.0,2165.0,254.53966954124135,399.99090927909356
1790039736.704502,7.103679000050761,-193.22033898305085,-193.22033898305085,2369.0,2194.0,324.0869288970272,254.01407940577803
1790039736.8217912,7.2209673000033945,-186.4406779661017,-193.22033898305085,2423.0,2217.0,456.7102612921188,200.95251496853226
1790039736.9410994,7.340275200025644,-179.66101694915255,-193.22033898305085,2475.0,2240.0,450.07518895377035,202.97508521444544
1790039737.0584948,7.457671400043182,-172.8813559322034,-193.22033898305085,2518.0,2286.0,341.237777252356,395.1174262922017
1790039737.173981,7.573157200007699,-166.10169491525426,-193.22033898305085,2569.0,2317.0,419.6609322033977,255.44578481945948
1790039737.2900593,7.6892343000508845,-159.32203389830508,-193.22033898305085,2624.0,2345.0,477.8608009419351,238.93040047096756
1790039737.4044483,7.8036226000403985,-152.54237288135593,-193.22033898305085,2674.0,2371.0,431.6008994610708,229.5749465218462
1790039737.5233922,7.922568200039677,-145.76271186440678,-193.22033898305085,2731.0,2388.0,471.47991310617135,151.22940609065873
1790039737.645798,8.04497360001551,-138.98305084745763,-193.22033898305085,2782.0,2407.0,421.4955868296939,146.2331627776489
1790039737.758662,8.1578360000276,-132.20338983050848,-193.22033898305085,2844.0,2425.0,538.2890574338977,148.49353308521316
1790039737.8736722,8.272846700041555,-125.42372881355932,-193.22033898305085,2907.0,2439.0,528.8400167450014,127.6510385246555
1790039737.990582,8.38975610001944,-118.64406779661017,-193.22033898305085,2971.0,2458.0,544.0301754155005,154.1418830343918
1790039738.1125002,8.511674800014589,-111.86440677966102,-193.22033898305085,3034.0,2477.0,509.9553659558397,164.22291446035516
1790039738.2301772,8.629350300005171,-105.08474576271186,-193.22033898305085,3097.0,2491.0,536.9714072404045,129.61378795458037
1790039738.352765,8.751938600034919,-98.30508474576271,-193.22033898305085,3170.0,2504.0,614.4905653846168,114.11967642857171
1790039738.4705298,8.869703100004699,-91.52542372881356,-193.22033898305085,3245.0,2524.0,674.6036026926588,161.9048646462381
1790039738.5871189,8.986291600042023,-84.74576271186442,-193.22033898305085,3323.0,2538.0,690.8128174912317,116.63073542059756
1790039738.702512,9.101685200002976,-77.96610169491527,-193.22033898305085,3385.0,2553.0,530.7977065315968,109.8202151444683
1790039738.8219302,9.221102800045628,-71.18644067796612,-193.22033898305085,3453.0,2571.0,587.211101513044,158.4537892971706
1790039738.9401157,9.339288000017405,-64.40677966101697,-193.22033898305085,3509.0,2585.0,474.48892085135714,127.74701715228845
1790039739.0545018,9.453674000047613,-57.62711864406779,-193.22033898305085,3567.0,2598.0,503.10553326328966,118.91585331677756
1790039739.1713674,9.570539200038183,-50.847457627118644,-193.22033898305085,3613.0,2619.0,403.3331450732459,179.25917558810926
1790039739.2894316,9.688603200018406,-44.067796610169495,-193.22033898305085,3672.0,2643.0,479.3506397320971,204.1678650710784
1790039739.4069693,9.80614100000821,-37.288135593220346,-193.22033898305085,3721.0,2666.0,399.6263956006919,204.46001635384238
1790039739.5224159,9.921586200012825,-30.508474576271198,-193.22033898305085,3768.0,2681.0,407.75901990719746,126.85836174890588
1790039739.6371107,10.036279699997976,-23.72881355932205,-193.22033898305085,3816.0,2705.0,414.7618345348448,221.20631175191724
1790039739.7555811,10.154752100002952,-16.9491525423729,-193.22033898305085,3862.0,2726.0,396.09058575367396,189.04323410970804
1790039739.8776743,10.276844300038647,-10.169491525423723,-193.22033898305085,3892.0,2759.0,243.32887808813976,278.09014638644544
1790039739.9991574,10.398328000039328,-3.3898305084745743,-193.22033898305085,3934.0,2782.0,347.43333626489317,182.85965066573326
1790039740.1184785,10.517647700035013,3.3898305084745743,-193.22033898305085,3976.0,2832.0,358.695433334011,428.6847861796717
1790039740.2381146,10.637283899995964,10.169491525423723,-193.22033898305085,4023.0,2874.0,371.1834388479008,335.83263514810074
1790039740.354269,10.753438200044911,16.94915254237287,-193.22033898305085,4056.0,2907.0,297.1243762597442,288.12060728217625
1790039740.4707775,10.86994590004906,23.72881355932202,-193.22033898305085,4089.0,2954.0,274.5741583660604,411.8612375490905
1790039740.5875182,10.986687000025995,30.50847457627117,-193.22033898305085,4116.0,3004.0,225.2729181991898,450.5458363983796
1790039740.701303,11.100471200013999,37.28813559322032,-193.22033898305085,4138.0,3039.0,203.89513848886486,296.5747468928944
1790039740.8188937,11.218061799998395,44.06779661016947,-193.22033898305085,4154.0,3091.0,142.72346702996893,437.0906177792798
1790039740.9342284,11.333396100031678,50.847457627118644,-193.22033898305085,4172.0,3147.0,164.06337583241296,464.8462315251701
1790039741.0521078,11.45127560000401,57.627118644067764,-193.22033898305085,4183.0,3192.0,100.87883807439671,376.00294191366044
1790039741.1772695,11.576436800009105,64.40677966101691,-193.22033898305085,4197.0,3250.0,107.03916292120418,472.7563029019851
1790039741.295108,11.694275000016205,71.18644067796606,-193.22033898305085,4213.0,3294.0,142.5542151110467,365.29517622205714
1790039741.4143126,11.813479300006293,77.96610169491527,-193.22033898305085,4228.0,3360.0,123.05885638227505,544.9749354072181
1790039741.5279746,11.927139900042675,84.74576271186442,-193.22033898305085,4245.0,3415.0,157.483962089119,490.979411219018
1790039741.647321,12.046488300024066,91.52542372881356,-193.22033898305085,4260.0,3486.0,134.99406027898112,584.9742612089183
1790039741.770663,12.169827400008217,98.30508474576271,-193.22033898305085,4270.0,3540.0,80.50528698495339,456.19662624806915
1790039741.8870025,12.286167400015984,105.08474576271186,-193.22033898305085,4286.0,3595.0,146.90219986393998,468.2507620663087
1790039742.0051036,12.404269200051203,111.86440677966101,-193.22033898305085,4295.0,3648.0,80.53157998418703,447.3976665788168
1790039742.119481,12.518646200012881,118.64406779661016,-193.22033898305085,4306.0,3704.0,93.46030227140452,429.91739044846076
1790039742.2377758,12.636939899995923,125.42372881355931,-193.22033898305085,4320.0,3769.0,124.39767096305955,542.0184234819023
1790039742.3575704,12.756734299997333,132.20338983050846,-193.22033898305085,4339.0,3824.0,159.78227003875622,434.9628462166142
1790039742.4723823,12.871546900016256,138.9830508474576,-193.22033898305085,4354.0,3882.0,128.31570063134168,494.9319881494608
1790039742.5925887,12.991751299996395,145.76271186440675,-193.22033898305085,4374.0,3931.0,177.94132560207257,409.2650488847669
1790039742.7064807,13.105645000003278,152.5423728813559,-193.22033898305085,4400.0,3979.0,215.22058707422676,421.0837573191393
1790039742.817198,13.21636220003711,159.32203389830505,-193.22033898305085,4438.0,4015.0,352.1448476665748,342.6274193512619
1790039742.9388165,13.337980700016487,166.1016949152542,-193.22033898305085,4460.0,4066.0,192.19697744326024,436.811312371046
1790039743.0542562,13.453419500030577,172.88135593220335,-193.22033898305085,4485.0,4115.0,221.09789846777733,442.19579693555465
1790039743.1649008,13.564064100035466,179.66101694915255,-193.22033898305085,4505.0,4156.0,162.88611195357478,373.6799038934951
1790039743.2780213,13.677184500033036,186.4406779661017,-193.22033898305085,4536.0,4190.0,268.574968975169,305.61979228208884
1790039743.395064,13.794226800033357,193.22033898305085,-193.22033898305085,4563.0,4229.0,223.45929294568865,330.71975355961916
1790039743.5133183,13.912480200000573,200.0,-193.22033898305085,4606.0,4265.0,375.9074497476362,320.8966034431041
1790039743.6290917,14.02825319999829,-200.0,-186.4406779661017,4644.0,4291.0,329.87967638070893,229.08310859771456
1790039743.7432506,14.142412200046238,-193.22033898305085,-186.4406779661017,4681.0,4328.0,312.0104761920629,339.5408123266567
1790039743.8683753,14.267536800005473,-186.4406779661017,-186.4406779661017,4735.0,4355.0,434.36676413915643,225.53658907225432
1790039743.9838889,14.38305040000705,-179.66101694915255,-186.4406779661017,4794.0,4382.0,481.7049389013083,185.27113034665703
1790039744.0983825,14.497542900033295,-172.8813559322034,-186.4406779661017,4834.0,4408.0,356.60468437909145,228.5927463968535
1790039744.2171788,14.616339600004721,-166.10169491525426,-186.4406779661017,4886.0,4430.0,445.73292574495156,200.12498706916193
1790039744.3387825,14.737943300046027,-159.32203389830508,-186.4406779661017,4942.0,4454.0,448.3145097932839,206.9143891353618
1790039744.4514391,14.85059960000217,-152.54237288135593,-186.4406779661017,4991.0,4474.0,422.92279118368776,159.77083222494872
1790039744.5685856,14.96774530003313,-145.76271186440678,-186.4406779661017,5060.0,4498.0,585.398157717014,219.52430914388023
1790039744.6833005,15.082460600009654,-138.98305084745763,-186.4406779661017,5105.0,4514.0,401.31558554342695,136.81213143525918
1790039744.7998009,15.198960300011095,-132.20338983050848,-186.4406779661017,5166.0,4529.0,529.824636926686,125.7211002876882
1790039744.9155807,15.314740100002382,-125.42372881355932,-186.4406779661017,5222.0,4549.0,469.84371369874026,180.70912065336165
1790039745.0340393,15.433198800019454,-118.64406779661017,-186.4406779661017,5271.0,4561.0,398.99272471193603,99.74818117798401
1790039745.1539824,15.55314090003958,-111.86440677966102,-186.4406779661017,5348.0,4577.0,669.9337409801556,146.83479254359574
1790039745.269412,15.668570300040301,-105.08474576271186,-186.4406779661017,5419.0,4592.0,638.3663658832478,136.7927926892674
1790039745.3837893,15.782947200001217,-98.30508474576271,-186.4406779661017,5469.0,4602.0,455.29766694638664,92.91789121354829
1790039745.498966,15.898123899998609,-91.52542372881356,-186.4406779661017,5530.0,4618.0,536.2037501400998,145.41118647867114
1790039745.6128569,16.012013800034765,-84.74576271186442,-186.4406779661017,5604.0,4634.0,646.8998712019327,147.8628277032989
1790039745.7285333,16.127689900051337,-77.96610169491527,-186.4406779661017,5672.0,4650.0,621.6389656780727,124.32779313561454
1790039745.8462358,16.245392900018487,-71.18644067796612,-186.4406779661017,5729.0,4668.0,480.8878258827215,160.29594196090716
1790039745.9670007,16.36615840002196,-64.40677966101697,-186.4406779661017,5778.0,4684.0,395.25865300482025,140.53640995726943
1790039746.083767,16.482923300005496,-57.62711864406779,-186.4406779661017,5832.0,4702.0,476.4614309094904,164.92895685328514
1790039746.204232,16.603387400042266,-50.847457627118644,-186.4406779661017,5889.0,4730.0,472.41531953475857,244.95609161061554
1790039746.3155837,16.714739600021858,-44.067796610169495,-186.4406779661017,5927.0,4756.0,352.56529356564437,238.21979294975972
1790039746.428976,16.828132199996617,-37.288135593220346,-186.4406779661017,5968.0,4773.0,356.5734789936272,150.13620168152724
1790039746.546416,16.945570300042164,-30.508474576271198,-186.4406779661017,6011.0,4812.0,382.93772001782725,329.5045497827816
1790039746.6627412,17.061896200000774,-23.72881355932205,-186.4406779661017,6048.0,4844.0,321.3335157931621,266.24777022862
1790039746.78613,17.185283900005743,-16.9491525423729,-186.4406779661017,6091.0,4889.0,339.6482432873579,373.61306761609364
1790039746.9042473,17.30340170004638,-10.169491525423723,-186.4406779661017,6126.0,4936.0,278.6331515564553,377.5029795281007
1790039747.022234,17.421388300019316,-3.3898305084745743,-186.4406779661017,6157.0,4978.0,276.4668640463785,340.97579899053346
1790039747.1431704,17.542323400033638,3.3898305084745743,-186.4406779661017,6183.0,5025.0,217.81025765405667,383.3460534711397
1790039747.256512,17.65566620003665,10.169491525423723,-186.4406779661017,6212.0,5071.0,251.42356954458538,391.10333040268836
1790039747.3722498,17.771403300052043,16.94915254237287,-186.4406779661017,6235.0,5116.0,208.9926825828262,390.72545004615336
1790039747.495954,17.895106100011617,23.72881355932202,-186.4406779661017,6257.0,5176.0,189.98060387634115,488.52155282487723
1790039747.6151004,18.01425210002344,30.50847457627117,-186.4406779661017,6285.0,5217.0,206.00071119114742,331.3924484379328
1790039747.732411,18.13156400003936,37.28813559322032,-186.4406779661017,6308.0,5273.0,181.5765199855444,490.25660396096987
1790039747.8474004,18.24655320000602,44.06779661016947,-186.4406779661017,6330.0,5328.0,173.97116648726958,503.60074509472776
1790039747.965065,18.364216900023166,50.847457627118644,-186.4406779661017,6349.0,5384.0,166.30372410114379,480.4329807366376
1790039748.0814848,18.48063629999524,57.627118644067764,-186.4406779661017,6361.0,5427.0,108.07831356985098,360.2610452328366
1790039748.2016773,18.600829800008796,64.40677966101691,-186.4406779661017,6375.0,5492.0,114.03978939414132,526.3374895114215
1790039748.3173852,18.716537700034678,71.18644067796606,-186.4406779661017,6394.0,5554.0,153.77963194411396,533.7057814531014
1790039748.4308417,18.829992500017397,77.96610169491527,-186.4406779661017,6404.0,5610.0,73.99322959701092,517.9526071790765
1790039748.542611,18.941761900030542,84.74576271186442,-186.4406779661017,6415.0,5659.0,104.1442795834289,454.4477654549625
1790039748.6631415,19.062292500049807,91.52542372881356,-186.4406779661017,6421.0,5735.0,43.68865020418153,637.8542929810503
1790039748.781767,19.180916900048032,98.30508474576271,-186.4406779661017,6433.0,5789.0,106.32086398167786,443.00359992365776
1790039748.898423,19.29756690002978,105.08474576271186,-186.4406779661017,6451.0,5856.0,162.78750074572025,551.6687525271631
1790039749.0196383,19.418788200011477,111.86440677966101,-186.4406779661017,6457.0,5920.0,52.12455335547025,512.5581079954575
1790039749.1386487,19.537797900033183,118.64406779661016,-186.4406779661017,6480.0,5992.0,195.74956510284838,587.2486953085452
1790039749.2585723,19.65772250003647,125.42372881355931,-186.4406779661017,6499.0,6039.0,167.31538066908348,396.27327000572404
1790039749.372147,19.771295500046108,132.20338983050846,-186.4406779661017,6513.0,6086.0,129.07353780448594,405.6596902426701
1790039749.4980922,19.897240400023293,138.9830508474576,-186.4406779661017,6531.0,6138.0,127.56938405667577,373.5960533088362
1790039749.6166954,20.01584270002786,145.76271186440675,-186.4406779661017,6551.0,6172.0,160.928953455976,286.09591725506846
1790039749.7398136,20.138962400029413,152.5423728813559,-186.4406779661017,6575.0,6223.0,198.5389261910416,414.3421068334781
1790039749.8600507,20.259199400024954,159.32203389830505,-186.4406779661017,6603.0,6262.0,210.59669941893532,272.02073674945814
1790039749.9745994,20.373747400008142,166.1016949152542,-186.4406779661017,6641.0,6299.0,336.71513801537475,346.0683362935796
1790039750.0929146,20.49206110002706,172.88135593220335,-186.4406779661017,6672.0,6346.0,265.21165650908495,397.8174847636274
1790039750.2071555,20.60630320000928,179.66101694915255,-186.4406779661017,6696.0,6384.0,185.8812070154787,325.29211227708777
1790039750.3206182,20.719765900052153,186.4406779661017,-186.4406779661017,6737.0,6422.0,350.9458914187593,314.00421863783725
1790039750.4347827,20.833930200024042,193.22033898305085,-186.4406779661017,6767.0,6460.0,248.39760541150017,349.59662983840764
1790039750.5537183,20.952864999999292,200.0,-186.4406779661017,6822.0,6482.0,465.7566401950934,195.61778888193922
1790039750.670694,21.06984030001331,-200.0,-179.66101694915255,6889.0,6499.0,562.5380980303377,138.32904049926336
1790039750.7888942,21.188040200038813,-193.22033898305085,-179.66101694915255,6951.0,6536.0,548.280521601254,318.3564318975023
1790039750.9067008,21.30584650003584,-186.4406779661017,-179.66101694915255,6997.0,6567.0,383.91623129134166,249.99196456180388
1790039751.0223017,21.421447700005956,-179.66101694915255,-179.66101694915255,7045.0,6586.0,417.40165661602873,154.25713396679322
1790039751.1376395,21.536785100004636,-172.8813559322034,-179.66101694915255,7122.0,6608.0,664.7340139972491,184.6483372214581
1790039751.25341,21.652554900036193,-166.10169491525426,-179.66101694915255,7183.0,6628.0,507.8218162812896,154.16019422824863
1790039751.3694773,21.768623000010848,-159.32203389830508,-179.66101694915255,7239.0,6644.0,473.1432088436702,136.48361793567412
1790039751.4906635,21.889808400010224,-152.54237288135593,-179.66101694915255,7300.0,6669.0,508.2276896058798,198.12265865991924
1790039751.61025,22.00939439999638,-145.76271186440678,-179.66101694915255,7356.0,6686.0,476.0514098192457,137.32252206324395
1790039751.7266037,22.125748400052544,-138.98305084745763,-179.66101694915255,7412.0,6699.0,488.20620372544175,117.53112311908782
1790039751.843598,22.242741300025955,-132.20338983050848,-179.66101694915255,7477.0,6720.0,536.7095944271625,178.9031981423875
1790039751.9665136,22.365656100038905,-125.42372881355932,-179.66101694915255,7550.0,6738.0,610.6886681198182,143.69145132231014
1790039752.0855556,22.48469800001476,-118.64406779661017,-179.66101694915255,7614.0,6762.0,545.7704578580248,205.78230378253394
1790039752.2020094,22.60115180001594,-111.86440677966102,-179.66101694915255,7672.0,6779.0,471.46930685634374,136.00076159317607
1790039752.3146455,22.71378780005034,-105.08474576271186,-179.66101694915255,7733.0,6801.0,552.391010370318,196.613749453842
1790039752.4368892,22.836031700018793,-98.30508474576271,-179.66101694915255,7786.0,6813.0,407.43932183552334,104.02706089417617
1790039752.5537663,22.952908000035677,-91.52542372881356,-179.66101694915255,7850.0,6836.0,545.0326280888547,193.99466423501607
1790039752.6718965,23.07103890000144,-84.74576271186442,-179.66101694915255,7887.0,6853.0,319.33493170784766,150.7970510842614
1790039752.7914374,23.190578400040977,-77.96610169491527,-179.66101694915255,7944.0,6873.0,448.65338000358093,158.34825176596974
1790039752.9102857,23.30942630005302,-71.18644067796612,-179.66101694915255,8002.0,6894.0,480.80630308733237,163.2927067089053
1790039753.0283995,23.42754020000575,-64.40677966101697,-179.66101694915255,8055.0,6908.0,411.74290777353224,125.31305888759677
1790039753.1462355,23.5453761999961,-57.62711864406779,-179.66101694915255,8099.0,6927.0,391.543723514012,142.3795358232771
1790039753.2614121,23.660553399997298,-50.847457627118644,-179.66101694915255,8142.0,6948.0,373.86893233226687,191.49384338969767
1790039753.3777843,23.776924500009045,-44.067796610169495,-179.66101694915255,8184.0,6990.0,375.288385672118,375.288385672118
1790039753.4949207,23.894060800026637,-37.288135593220346,-179.66101694915255,8225.0,7013.0,351.2361713234618,207.13928052409287
1790039753.614437,24.013576700002886,-30.508474576271198,-179.66101694915255,8267.0,7046.0,350.51499407754704,254.1233707062216
1790039753.730058,24.129198500013445,-23.72881355932205,-179.66101694915255,8291.0,7079.0,217.80817821642884,281.3355635295539
1790039753.8437853,24.242923800018616,-16.9491525423729,-179.66101694915255,8328.0,7107.0,305.7319175819811,240.8796926403488
1790039753.9598477,24.358986100007314,-10.169491525423723,-179.66101694915255,8362.0,7139.0,299.6627432106825,281.5013648342775
1790039754.078635,24.47777350002434,-3.3898305084745743,-179.66101694915255,8394.0,7186.0,264.4779644975522,370.26915029657306
1790039754.1947227,24.593861100031063,3.3898305084745743,-179.66101694915255,8413.0,7233.0,162.76689252257344,415.9598364465766
1790039754.3126085,24.71174640004756,10.169491525423723,-179.66101694915255,8439.0,7294.0,223.96617212539516,501.6842255608852
1790039754.4320354,24.831172900041565,16.94915254237287,-179.66101694915255,8459.0,7342.0,167.0998070098227,395.762700812738
1790039754.5483937,24.94753230002243,23.72881355932202,-179.66101694915255,8478.0,7392.0,163.5730163259766,445.28209999849184
1790039754.6629276,25.062065000005532,30.50847457627117,-179.66101694915255,8498.0,7447.0,183.6653543739535,468.3466536535814
1790039754.7838364,25.18297280004481,37.28813559322032,-179.66101694915255,8515.0,7508.0,147.516814793732,520.6475816249365
1790039754.9002898,25.29942600004142,44.06779661016947,-179.66101694915255,8525.0,7549.0,90.64975021806694,335.4040758068477
1790039755.0131333,25.41227000002982,50.847457627118644,-179.66101694915255,8538.0,7592.0,122.24444566659413,404.34701258950366
1790039755.1353295,25.534465600037947,57.627118644067764,-179.66101694915255,8548.0,7652.0,86.66765467872692,502.6723971366161
1790039755.2635055,25.662642400013283,64.40677966101691,-179.66101694915255,8568.0,7725.0,169.3004771581127,561.3647400505841
1790039755.3773937,25.77652970002964,71.18644067796606,-179.66101694915255,8581.0,7778.0,119.56606720353899,450.6720994594931
1790039755.4920723,25.891208500019275,77.96610169491527,-179.66101694915255,8594.0,7838.0,110.18019054949669,523.3559051101092
1790039755.611316,26.010452400019858,84.74576271186442,-179.66101694915255,8602.0,7895.0,70.31464928416364,500.9918761496659
1790039755.725946,26.125081600039266,91.52542372881356,-179.66101694915255,8613.0,7946.0,101.91611561269906,444.72486812814134
1790039755.839405,26.238540400052443,98.30508474576271,-179.66101694915255,8622.0,8012.0,83.07158095111507,553.8105396741005
1790039755.9531913,26.35232610005187,105.08474576271186,-179.66101694915255,8636.0,8058.0,128.81831280382602,404.8575545263103
1790039756.0669315,26.466066399996635,111.86440677966101,-179.66101694915255,8656.0,8106.0,183.9989033453336,423.1974776942672
1790039756.1825526,26.581687600002624,118.64406779661016,-179.66101694915255,8672.0,8169.0,126.65476715180506,560.899683100851
1790039756.3021994,26.701333600038197,125.42372881355931,-179.66101694915255,8689.0,8230.0,157.27066926285258,536.5705186614971
1790039756.417749,26.816881500009913,132.20338983050846,-179.66101694915255,8708.0,8280.0,163.04155836540076,452.8932176816688
1790039756.5339093,26.93304260005243,138.9830508474576,-179.66101694915255,8736.0,8322.0,246.16304741716542,373.80314607791786
1790039756.6539922,27.053125600039493,145.76271186440675,-179.66101694915255,8764.0,8368.0,244.11040068684412,392.32028681814234
1790039756.769601,27.168734600010794,152.5423728813559,-179.66101694915255,8792.0,8416.0,217.20990269699297,416.3189801692365
1790039756.8907492,27.289881300006527,159.32203389830505,-179.66101694915255,8816.0,8458.0,209.43876785996147,336.9232352529815
1790039757.0104518,27.409584200009704,166.1016949152542,-179.66101694915255,8848.0,8496.0,257.89285540315007,337.92856914895526
1790039757.126525,27.525655700010248,172.88135593220335,-179.66101694915255,8882.0,8526.0,308.3430371251512,262.99847284204077
1790039757.2499716,27.64910440001404,179.66101694915255,-179.66101694915255,8919.0,8563.0,307.4600045722148,298.9194488896533
1790039757.3663785,27.765509999997448,186.4406779661017,-179.66101694915255,8958.0,8598.0,309.14992862063224,309.14992862063224
1790039757.492073,27.891203300037887,193.22033898305085,-179.66101694915255,9008.0,8631.0,426.7627260169605,269.99274503113827
1790039757.608429,28.007559599995147,200.0,-179.66101694915255,9063.0,8657.0,501.79917809990025,228.09053549995465
1790039757.7278645,28.12699600000633,-200.0,-172.8813559322034,9121.0,8688.0,494.17011623693065,247.08505811846533
1790039757.8470483,28.246178700006567,-193.22033898305085,-172.8813559322034,9183.0,8709.0,507.59432351773194,187.00843498021703
1790039757.9680452,28.367175000021234,-186.4406779661017,-172.8813559322034,9233.0,8726.0,425.1519918535365,130.14856893475607
1790039758.0844831,28.48361220001243,-179.66101694915255,-172.8813559322034,9277.0,8739.0,373.1740639490722,118.32348369116924
1790039758.204232,28.603362300025765,-172.8813559322034,-172.8813559322034,9335.0,8754.0,506.8951073510825,106.71475944233316
1790039758.327549,28.726677700004075,-166.10169491525426,-172.8813559322034,9395.0,8763.0,535.1396261838946,72.56130524527384
1790039758.4456382,28.844766700000037,-159.32203389830508,-172.8813559322034,9443.0,8780.0,395.25478672540663,143.7290133546933
1790039758.566992,28.966121100005694,-152.54237288135593,-172.8813559322034,9499.0,8797.0,471.73313888727535,139.77278189252604
1790039758.6839268,29.083056000003126,-145.76271186440678,-172.8813559322034,9567.0,8807.0,588.1831293205993,90.48971220316912
1790039758.8015916,29.200718700012658,-138.98305084745763,-172.8813559322034,9628.0,8826.0,528.3572147521918,179.26405500520792
1790039758.9235938,29.322721200005617,-132.20338983050848,-172.8813559322034,9689.0,8846.0,506.104328484104,159.82241952129598
1790039759.0400531,29.439181499998085,-125.42372881355932,-172.8813559322034,9764.0,8858.0,660.4691137551573,108.57026527482037
1790039759.1539066,29.55303350003669,-118.64406779661017,-172.8813559322034,9820.0,8872.0,481.17673619556297,111.04078527589915
1790039759.2702262,29.669354200013913,-111.86440677966102,-172.8813559322034,9890.0,8893.0,596.4982798136876,183.53793225036543
1790039759.3864493,29.785576299997047,-105.08474576271186,-172.8813559322034,9958.0,8918.0,585.2592114048326,216.09570882639974
1790039759.5037344,29.90286210004706,-98.30508474576271,-172.8813559322034,10017.0,8939.0,492.125543908204,161.05926891541222
1790039759.6283867,30.027512300002854,-91.52542372881356,-172.8813559322034,10074.0,8961.0,453.9527939021785,184.9437308490357
1790039759.754419,30.15354520000983,-84.74576271186442,-172.8813559322034,10136.0,8978.0,524.2753271835211,91.97812757605634
1790039759.8701658,30.269292400043923,-77.96610169491527,-172.8813559322034,10193.0,9000.0,517.4118152780103,190.62540562874062
1790039759.983406,30.382532000017818,-71.18644067796612,-172.8813559322034,10233.0,9020.0,360.68229975274625,175.717017828261
1790039760.110868,30.50999310001498,-64.40677966101697,-172.8813559322034,10294.0,9050.0,502.30390057707996,234.40848693597064
1790039760.2330666,30.632192500052042,-57.62711864406779,-172.8813559322034,10353.0,9082.0,470.43372050772643,268.81926886155793
1790039760.3523433,30.751467499998398,-50.847457627118644,-172.8813559322034,10403.0,9129.0,430.7408304289617,404.36894285167836
1790039760.4795852,30.87870960001601,-44.067796610169495,-172.8813559322034,10449.0,9168.0,358.45192105087807,291.76319155304026
1790039760.596093,30.995217800023966,-37.288135593220346,-172.8813559322034,10499.0,9201.0,397.64773293555226,253.04855732262416
1790039760.7138753,31.112999900011346,-30.508474576271198,-172.8813559322034,10531.0,9231.0,266.9889519922997,249.1896885261464
1790039760.8279552,31.22707940003602,-23.72881355932205,-172.8813559322034,10564.0,9271.0,276.14951847933673,340.5844061245153
1790039760.9541283,31.353252300003078,-16.9491525423729,-172.8813559322034,10591.0,9311.0,220.56459440800776,288.43062345662554
1790039761.077086,31.476209600048605,-10.169491525423723,-172.8813559322034,10615.0,9350.0,175.0440604039513,313.23673967022864
1790039761.1918297,31.590952900005504,-3.3898305084745743,-172.8813559322034,10642.0,9399.0,210.46004734606294,420.9200946921259
1790039761.307258,31.706381399999373,3.3898305084745743,-172.8813559322034,10666.0,9443.0,217.51207870988983,380.6461377423072
1790039761.4245763,31.823699700005818,10.169491525423723,-172.8813559322034,10688.0,9501.0,178.28744207823163,472.4617215073138
1790039761.544251,31.94337390002329,16.94915254237287,-172.8813559322034,10711.0,9548.0,204.0046105824863,398.7362843203141
1790039761.6588848,32.05800730001647,23.72881355932202,-172.8813559322034,10723.0,9595.0,109.55742455400257,410.8403420775096
1790039761.7772284,32.17635040002642,30.50847457627117,-172.8813559322034,10741.0,9652.0,159.18835167111587,468.7212576982856
1790039761.8919668,32.29108900000574,37.28813559322032,-172.8813559322034,10758.0,9722.0,128.08255830458623,612.9665290290912
1790039762.0088358,32.40795810002601,44.06779661016947,-172.8813559322034,10772.0,9777.0,126.69121461046996,479.61674102535056
1790039762.125312,32.524432500009425,50.847457627118644,-172.8813559322034,10790.0,9832.0,147.169200421365,487.49797639577156
1790039762.2465427,32.64566259999992,57.627118644067764,-172.8813559322034,10807.0,9892.0,147.7167765439397,495.28566252968017
1790039762.3623488,32.76146860001609,64.40677966101691,-172.8813559322034,10819.0,9945.0,99.59167414874271,479.85079362576033
1790039762.482423,32.881543099996634,71.18644067796606,-172.8813559322034,10830.0,9997.0,96.15224919033508,437.0556781378868
1790039762.6044624,33.00358200003393,77.96610169491527,-172.8813559322034,10839.0,10057.0,74.03006729084873,471.9416789791607
1790039762.7207062,33.11982630001148,84.74576271186442,-172.8813559322034,10859.0,10122.0,162.24240634581662,576.8618892295701
1790039762.8389015,33.23802129999967,91.52542372881356,-172.8813559322034,10874.0,10184.0,132.85987975394346,531.4395190157738
1790039762.9547522,33.35387210000772,98.30508474576271,-172.8813559322034,10894.0,10232.0,162.53584816791238,415.3693897624427
1790039763.0718448,33.47096460004104,105.08474576271186,-172.8813559322034,10906.0,10282.0,108.15429289297589,432.61717157190355
1790039763.1879988,33.587117700022645,111.86440677966101,-172.8813559322034,10930.0,10342.0,208.34465648921898,543.507799537093
1790039763.3047562,33.70387520000804,118.64406779661016,-172.8813559322034,10959.0,10397.0,260.6422946433046,485.33392795649826
1790039763.4240825,33.823201499995776,125.42372881355931,-172.8813559322034,10980.0,10450.0,183.7945701107485,411.3497521526276
1790039763.5394044,33.93852260004496,132.20338983050846,-172.8813559322034,11001.0,10495.0,165.0947506601586,376.0491542814724
1790039763.656923,34.05604029999813,138.9830508474576,-172.8813559322034,11024.0,10529.0,187.95545635781212,295.3585742765619
1790039763.7735505,34.17266830004519,145.76271186440675,-172.8813559322034,11066.0,10569.0,371.35763827076283,344.18512815338994
1790039763.8893838,34.288500800030306,152.5423728813559,-172.8813559322034,11106.0,10607.0,352.9338304353041,325.785074247973
1790039764.0061817,34.405297600023914,159.32203389830505,-172.8813559322034,11138.0,10644.0,273.76159374636904,319.38852603743055
1790039764.124154,34.52327000000514,166.1016949152542,-172.8813559322034,11177.0,10680.0,325.3719634513679,325.3719634513679
1790039764.2465901,34.64570690004621,172.88135593220335,-172.8813559322034,11224.0,10708.0,408.38989241572546,234.60695947286356
1790039764.3607137,34.75983019999694,179.66101694915255,-172.8813559322034,11275.0,10729.0,441.8705483989624,174.9070920745893
1790039764.479107,34.878221400023904,186.4406779661017,-172.8813559322034,11311.0,10762.0,309.8738192909141,274.45966851480966
1790039764.59905,34.99816560000181,193.22033898305085,-172.8813559322034,11367.0,10786.0,453.54700439778503,195.64772738727982
1790039764.719243,35.11835940001765,200.0,-172.8813559322034,11425.0,10817.0,491.03208807609514,227.9791837496156
1790039764.8344653,35.23357930005295,-200.0,-166.10169491525426,11491.0,10850.0,581.9589099773689,300.07256295708083
1790039764.966111,35.36522520001745,-193.22033898305085,-166.10169491525426,11558.0,10867.0,531.5630830558805,113.28393573322043
1790039765.0847557,35.48386980005307,-186.4406779661017,-166.10169491525426,11616.0,10886.0,472.2731129683279,142.57301523572164
1790039765.2036486,35.602763600007165,-179.66101694915255,-166.10169491525426,11680.0,10905.0,497.43819334391867,142.12519809826247
1790039765.3233378,35.72245210001711,-172.8813559322034,-166.10169491525426,11743.0,10928.0,534.1375166177332,192.63976009164148
1790039765.4436927,35.84280690003652,-166.10169491525426,-166.10169491525426,11795.0,10944.0,398.1575040501684,132.71916801672282
1790039765.5629044,35.96201750001637,-159.32203389830508,-166.10169491525426,11851.0,10961.0,465.75677127233985,149.39368135150522
1790039765.680096,36.07920950005064,-152.54237288135593,-166.10169491525426,11915.0,10976.0,521.5020698266704,125.87980995816183
1790039765.7950187,36.19413260003785,-145.76271186440678,-166.10169491525426,11980.0,10994.0,556.7034395205252,155.14686019424474
1790039765.9171011,36.31621320004342,-138.98305084745763,-166.10169491525426,12049.0,11014.0,578.0251355669361,165.15003873341033
1790039766.0364869,36.43559990002541,-132.20338983050848,-166.10169491525426,12118.0,11028.0,557.4870959042489,115.03701978976565
1790039766.151066,36.550178200006485,-125.42372881355932,-166.10169491525426,12201.0,11045.0,724.3207656002734,155.86649386334997
1790039766.2688813,36.66799450002145,-118.64406779661017,-166.10169491525426,12261.0,11062.0,505.26021821256126,156.17134017479165
1790039766.3917007,36.790812300052494,-111.86440677966102,-166.10169491525426,12318.0,11077.0,483.6661543441648,131.90895118477223
1790039766.507504,36.906614600040484,-105.08474576271186,-166.10169491525426,12369.0,11099.0,445.35413833872155,181.77719932192716
1790039766.6242125,37.02332400000887,-98.30508474576271,-166.10169491525426,12428.0,11118.0,506.8639332866647,162.92054998499935
1790039766.7426634,37.14177510002628,-91.52542372881356,-166.10169491525426,12482.0,11151.0,424.21114402950775,273.96969718572376
1790039766.856857,37.25596790004056,-84.74576271186442,-166.10169491525426,12533.0,11171.0,435.48558950675755,176.04736597081688
1790039766.9705853,37.36969650001265,-77.96610169491527,-166.10169491525426,12592.0,11191.0,516.8559652823408,156.9027037464249
1790039767.0854557,37.484565300052054,-71.18644067796612,-166.10169491525426,12638.0,11220.0,391.8484584771185,255.1571357525423
1790039767.1993105,37.59842140000546,-64.40677966101697,-166.10169491525426,12687.0,11253.0,434.0698666772846,286.30140142544303
1790039767.3189492,37.71805970004061,-57.62711864406779,-166.10169491525426,12738.0,11276.0,423.85752728318084,185.43766818639162
1790039767.435763,37.834873000043444,-50.847457627118644,-166.10169491525426,12771.0,11313.0,259.5154105555615,324.3942631944519
1790039767.5533414,37.95245060004527,-44.067796610169495,-166.10169491525426,12808.0,11350.0,320.17075774557486,320.17075774557486
1790039767.674888,38.073996200051624,-37.288135593220346,-166.10169491525426,12834.0,11383.0,224.48588413966027,267.6562464742103
1790039767.790645,38.189753900049254,-30.508474576271198,-166.10169491525426,12876.0,11419.0,373.71660256294183,328.14140712843675
1790039767.9077156,38.306823800026905,-23.72881355932205,-166.10169491525426,12911.0,11456.0,305.4875447247406,323.45740029678416
1790039768.027105,38.42621240002336,-16.9491525423729,-166.10169491525426,12935.0,11506.0,207.15289951359506,432.31909463706796
1790039768.1443167,38.543424600036815,-10.169491525423723,-166.10169491525426,12962.0,11554.0,235.3891253431621,398.3508275038128
1790039768.260063,38.659171500010416,-3.3898305084745743,-166.10169491525426,12984.0,11596.0,190.0063879214163,352.86900613977315
1790039768.383543,38.78265090001514,3.3898305084745743,-166.10169491525426,12997.0,11652.0,110.33817804506832,466.8153686522121
1790039768.5246997,38.9238077000482,10.169491525423723,-166.10169491525426,13024.0,11700.0,188.236427973941,301.1782847583056
1790039768.6505842,39.049691000021994,16.94915254237287,-166.10169491525426,13049.0,11757.0,142.73378016010574,392.5178954402908
1790039768.7917244,39.190831100044306,23.72881355932202,-166.10169491525426,13068.0,11826.0,128.54154923871346,523.3477361861904
1790039768.9131827,39.31228840001859,30.50847457627117,-166.10169491525426,13081.0,11879.0,108.14513073116608,441.5926171522615
1790039769.0309112,39.43001740000909,37.28813559322032,-166.10169491525426,13088.0,11927.0,62.919481915534185,422.45937857572954
1790039769.1506226,39.54972800001269,44.06779661016947,-166.10169491525426,13110.0,11995.0,192.01027773470943,541.1198736159993
1790039769.2722588,39.671364800015,50.847457627118644,-166.10169491525426,13119.0,12050.0,68.9697386744805,474.16695338705335
1790039769.3918684,39.79097360000014,57.627118644067764,-166.10169491525426,13136.0,12107.0,145.46697622805536,481.85935875543333
1790039769.512359,39.91146390000358,64.40677966101691,-166.10169491525426,13149.0,12162.0,113.2575843146875,453.03033725875
1790039769.629597,40.028701600036584,71.18644067796606,-166.10169491525426,13165.0,12229.0,117.24777970865411,586.2388985432706
1790039769.744998,40.14410140004475,77.96610169491527,-166.10169491525426,13180.0,12274.0,120.70252588858393,389.9620067169635
1790039769.8674762,40.26658060000045,84.74576271186442,-166.10169491525426,13193.0,12335.0,117.3059691470861,523.3650931177688
1790039769.9788804,40.377984400023706,91.52542372881356,-166.10169491525426,13220.0,12394.0,246.00013245160372,548.769526238193
1790039770.1008964,40.50000050000381,98.30508474576271,-166.10169491525426,13244.0,12456.0,206.51965332058373,490.48417663638634
1790039770.2151747,40.61427820002427,105.08474576271186,-166.10169491525426,13265.0,12524.0,174.41721706074023,569.1509188297839
1790039770.3312917,40.73039390001213,111.86440677966101,-166.10169491525426,13285.0,12573.0,176.77312746740571,409.3693478192554
1790039770.4461582,40.845260000030976,118.64406779661016,-166.10169491525426,13311.0,12626.0,210.22190289029302,438.72397124930717
1790039770.560873,40.95997550000902,125.42372881355931,-166.10169491525426,13340.0,12668.0,266.81117397553413,358.81502707054585
1790039770.678213,41.077315900009125,132.20338983050846,-166.10169491525426,13376.0,12711.0,294.8460904492531,366.32393055816294
1790039770.7971165,41.19621870003175,138.9830508474576,-166.10169491525426,13404.0,12752.0,239.7174530105848,355.13696742308855
1790039770.9178603,41.316962200042326,145.76271186440675,-166.10169491525426,13434.0,12790.0,251.5734182640188,286.27320009353866
1790039771.0403068,41.43940840003779,152.5423728813559,-166.10169491525426,13463.0,12823.0,238.94740254483872,238.94740254483872
1790039771.1593723,41.55847420002101,159.32203389830505,-166.10169491525426,13509.0,12858.0,405.5862749390478,297.42993495530175
1790039771.2790556,41.678155500034336,166.1016949152542,-166.10169491525426,13550.0,12895.0,340.74973673218153,279.5895275751233
1790039771.3935878,41.79268920002505,172.88135593220335,-166.10169491525426,13589.0,12924.0,315.9725030662838,232.33272284285576
1790039771.507067,41.90616780001437,179.66101694915255,-166.10169491525426,13637.0,12942.0,427.37464701176026,139.36129793861747
1790039771.6258152,42.024914300011005,186.4406779661017,-166.10169491525426,13681.0,12970.0,380.91679420590714,226.73618702732568
1790039771.7458146,42.14491430000635,193.22033898305085,-166.10169491525426,13735.0,12998.0,457.60710200975683,237.60368758198913
1790039771.8629968,42.26209630002268,200.0,-166.10169491525426,13778.0,13036.0,377.03633278540235,341.12811061536405
1790039771.9847486,42.383848700032104,-200.0,-159.32203389830508,13845.0,13065.0,568.8056632586772,241.31149350368125
1790039772.1077344,42.506833799998276,-193.22033898305085,-159.32203389830508,13900.0,13080.0,479.96559022386634,138.45161256457683
1790039772.2230556,42.62215490004746,-186.4406779661017,-159.32203389830508,13954.0,13095.0,487.38321182859704,137.9386448571501
1790039772.338873,42.73797180003021,-179.66101694915255,-159.32203389830508,14008.0,13110.0,481.04632116855606,136.14518523638378
1790039772.4534235,42.852522400033195,-172.8813559322034,-159.32203389830508,14062.0,13131.0,475.31775440431403,182.81452092473614
1790039772.5663896,42.96548780001467,-166.10169491525426,-159.32203389830508,14114.0,13144.0,467.67041210400436,93.53408242080087
1790039772.6855848,43.08468339999672,-159.32203389830508,-159.32203389830508,14169.0,13156.0,479.6631858375664,99.5527366832685
1790039772.8023808,43.201478800037876,-152.54237288135593,-159.32203389830508,14225.0,13173.0,492.5812782826936,143.2963718640563
1790039772.917891,43.3169889000128,-145.76271186440678,-159.32203389830508,14287.0,13178.0,534.5219651332626,45.29847162146293
1790039773.032227,43.43132500001229,-138.98305084745763,-159.32203389830508,14337.0,13194.0,422.3000112361258,137.7065254030845
1790039773.1512644,43.55036150000524,-132.20338983050848,-159.32203389830508,14387.0,13217.0,421.3608903110286,201.90209327403454
1790039773.2734468,43.6725420000148,-125.42372881355932,-159.32203389830508,14444.0,13236.0,506.794209883687,153.84824228611927
1790039773.3972614,43.79635680001229,-118.64406779661017,-159.32203389830508,14498.0,13261.0,448.5886057067762,224.2943028533881
1790039773.5116427,43.910739000013564,-111.86440677966102,-159.32203389830508,14548.0,13278.0,434.05904316293874,147.7647806512132
1790039773.627792,44.026888000022154,-105.08474576271186,-159.32203389830508,14600.0,13295.0,450.49265895697346,144.1576508662315
1790039773.7501588,44.14925470005255,-98.30508474576271,-159.32203389830508,14646.0,13318.0,405.30955522146843,193.843700323311
1790039773.8675008,44.26659539999673,-91.52542372881356,-159.32203389830508,14699.0,13342.0,423.4424974271317,207.2165412941283
1790039773.983759,44.38285290001659,-84.74576271186442,-159.32203389830508,14755.0,13367.0,478.35057499522884,216.61158112991495
1790039774.1020699,44.501164700021036,-77.96610169491527,-159.32203389830508,14800.0,13397.0,392.9518723549688,232.19883366429977
1790039774.2214966,44.62059090001276,-71.18644067796612,-159.32203389830508,14835.0,13432.0,274.0498646062281,291.73050103243634
1790039774.34534,44.744433300045785,-64.40677966101697,-159.32203389830508,14884.0,13466.0,397.6455846889563,256.26048791066074
1790039774.4613595,44.86045360000571,-57.62711864406779,-159.32203389830508,14911.0,13485.0,209.60367583970645,164.03765935281373
1790039774.576863,44.97595560003538,-50.847457627118644,-159.32203389830508,14932.0,13495.0,191.38529231819484,91.13585348485469
1790039774.6942382,45.093331500014756,-44.067796610169495,-159.32203389830508,14952.0,13524.0,181.3746383891493,226.71829798643665
1790039774.8174243,45.21651640004711,-37.288135593220346,-159.32203389830508,14978.0,13574.0,187.12925022938302,392.0803338139454
1790039774.9343705,45.33346370002255,-30.508474576271198,-159.32203389830508,15005.0,13621.0,234.79838486350204,415.41252706619593
1790039775.0517905,45.450882700039074,-23.72881355932205,-159.32203389830508,15026.0,13668.0,169.5204089211145,401.49570533948173
1790039775.1699758,45.56906850001542,-16.9491525423729,-159.32203389830508,15049.0,13715.0,198.26946799693204,387.52668744854896
1790039775.2897384,45.688830900005996,-10.169491525423723,-159.32203389830508,15061.0,13752.0,87.53440099620818,306.3704034867286
1790039775.4059062,45.8049985000398,-3.3898305084745743,-159.32203389830508,15075.0,13802.0,126.44040460747611,424.47850118224125
1790039775.5236561,45.92274860001635,3.3898305084745743,-159.32203389830508,15092.0,13843.0,133.88517834574387,348.1014636989341
1790039775.640948,46.04003850003937,10.169491525423723,-159.32203389830508,15108.0,13909.0,134.95167378326846,548.8034733852918
1790039775.7599874,46.15907779999543,16.94915254237287,-159.32203389830508,15120.0,13968.0,97.99458534153888,489.9729267076944
1790039775.881109,46.28019960003439,23.72881355932202,-159.32203389830508,15133.0,14032.0,95.68861879033821,521.9379206745721
1790039775.9971085,46.39619910001056,30.50847457627117,-159.32203389830508,15149.0,14089.0,136.67924111823365,482.9333186177589
1790039776.1192021,46.51829220005311,37.28813559322032,-159.32203389830508,15162.0,14142.0,120.308656461153,434.9620656672455
1790039776.2336543,46.63274430000456,44.06779661016947,-159.32203389830508,15172.0,14190.0,91.6790280599127,403.3877234636158
1790039776.348685,46.747775199997704,50.847457627118644,-159.32203389830508,15187.0,14250.0,137.26986701218524,521.6254946463039
1790039776.4642365,46.863326899998356,57.627118644067764,-159.32203389830508,15200.0,14304.0,109.09666146025839,481.8435881161412
1790039776.5830894,46.98217850003857,64.40677966101691,-159.32203389830508,15219.0,14377.0,174.75651362015296,625.4443645352842
1790039776.7011876,47.100276400044095,71.18644067796606,-159.32203389830508,15238.0,14438.0,169.5768432918666,481.9552388295156
1790039776.8159075,47.21499670000048,77.96610169491527,-159.32203389830508,15260.0,14482.0,201.20540322049501,374.9737060018316
1790039776.9361458,47.335234500002116,84.74576271186442,-159.32203389830508,15273.0,14527.0,104.22502179231316,382.15841323848156
1790039777.0539348,47.453022100031376,91.52542372881356,-159.32203389830508,15285.0,14574.0,99.78844847517136,399.15379390068546
1790039777.1649668,47.564055200025905,98.30508474576271,-159.32203389830508,15309.0,14617.0,219.36998853026103,410.1265002957054
1790039777.2842908,47.68337900005281,105.08474576271186,-159.32203389830508,15337.0,14681.0,236.45340898017338,534.2095536218732
1790039777.397569,47.796657200029586,111.86440677966101,-159.32203389830508,15360.0,14722.0,215.99996249572743,375.6521086882216
1790039777.5174875,47.916574500035495,118.64406779661016,-159.32203389830508,15379.0,14769.0,173.06616769687832,419.0023007398107
1790039777.632515,48.03160210000351,125.42372881355931,-159.32203389830508,15414.0,14814.0,321.1589616943681,376.2147836991169
1790039777.7486682,48.14775580004789,132.20338983050846,-159.32203389830508,15448.0,14854.0,299.3840852288672,353.81755527047943
1790039777.8660045,48.26509050000459,138.9830508474576,-159.32203389830508,15480.0,14897.0,276.4001279483847,386.9601791277385
1790039777.9829385,48.382024999998976,145.76271186440675,-159.32203389830508,15511.0,14919.0,235.6602974060453,190.34100944334426
1790039778.097025,48.4961116000195,152.5423728813559,-159.32203389830508,15552.0,14963.0,358.99933093550044,377.40955303475687
1790039778.2135794,48.61266580002848,159.32203389830505,-159.32203389830508,15607.0,15005.0,486.1623781690112,351.11727312206364
1790039778.3319268,48.73101280000992,166.1016949152542,-159.32203389830508,15646.0,15050.0,343.21546519820544,408.1481207762443
1790039778.4485815,48.84766700002365,172.88135593220335,-159.32203389830508,15676.0,15076.0,248.3688148228113,239.16996982937383
1790039778.5632305,48.9623160000192,179.66101694915255,-159.32203389830508,15723.0,15097.0,403.60085356656344,174.28218676737967
1790039778.6786714,49.077756600046996,186.4406779661017,-159.32203389830508,15773.0,15121.0,443.97771398442217,217.45847215563535
1790039778.7928293,49.19191430002684,193.22033898305085,-159.32203389830508,15826.0,15150.0,467.52318132561874,256.6793936689671
1790039778.915862,49.314945100049954,200.0,-159.32203389830508,15866.0,15173.0,350.772576694545,175.3862883472725
1790039779.0320222,49.43110540002817,-200.0,-152.54237288135593,15920.0,15195.0,476.10850864777274,192.2745900308313
1790039779.1526608,49.55174429999897,-193.22033898305085,-152.54237288135593,15985.0,15211.0,537.6296699650919,132.2040172045308
1790039779.2669458,49.666029900021385,-186.4406779661017,-152.54237288135593,16058.0,15229.0,654.2898376909855,147.44559722613755
1790039779.3836687,49.782751800026745,-179.66101694915255,-152.54237288135593,16124.0,15248.0,585.1530221641859,118.85920762710026
1790039779.502811,49.90189310000278,-172.8813559322034,-152.54237288135593,16180.0,15262.0,474.67060935460773,114.27255410388705
1790039779.6202652,50.019347699999344,-166.10169491525426,-152.54237288135593,16249.0,15280.0,556.8078742738612,152.67312681702649
1790039779.7362833,50.13536610000301,-159.32203389830508,-152.54237288135593,16310.0,15301.0,526.5714296111295,172.49753728640448
1790039779.8555708,50.25465210003313,-152.54237288135593,-152.54237288135593,16382.0,15312.0,632.5166255509406,87.84953132651953
1790039779.9665563,50.36563840002054,-145.76271186440678,-152.54237288135593,16432.0,15324.0,446.7761300873443,104.56462619065506
1790039780.0965524,50.49563479999779,-138.98305084745763,-152.54237288135593,16497.0,15336.0,524.2844524547735,72.59323187835325
1790039780.2112517,50.61033370002406,-132.20338983050848,-152.54237288135593,16551.0,15361.0,452.23143909978916,221.50111302846815
1790039780.3275533,50.726633200014476,-125.42372881355932,-152.54237288135593,16599.0,15372.0,413.84509766035785,98.96295813617252
1790039780.4472172,50.84629730001325,-118.64406779661017,-152.54237288135593,16656.0,15387.0,487.1904347421082,124.01211066162755
1790039780.5658944,50.96497550001368,-111.86440677966102,-152.54237288135593,16708.0,15405.0,427.35118847460143,151.353545918088
1790039780.6804276,51.079507300048135,-105.08474576271186,-152.54237288135593,16765.0,15424.0,439.7118421285621,164.89194079821078
1790039780.810443,51.20952200004831,-98.30508474576271,-152.54237288135593,16813.0,15454.0,362.15825627524504,232.81602189122893
1790039780.929552,51.32863110001199,-91.52542372881356,-152.54237288135593,16853.0,15479.0,332.6392859804163,206.77577236620473
1790039781.0531058,51.45218500000192,-84.74576271186442,-152.54237288135593,16900.0,15501.0,386.9805665625593,175.90025752843604
1790039781.1718001,51.57087960001081,-77.96610169491527,-152.54237288135593,16952.0,15536.0,455.9793784125654,316.3938544087188
1790039781.2887022,51.68778070004191,-71.18644067796612,-152.54237288135593,16984.0,15580.0,278.6574464041829,386.52484501225376
1790039781.4089034,51.807982600003015,-64.40677966101697,-152.54237288135593,17020.0,15619.0,316.3377924963105,316.3377924963105
1790039781.531279,51.93035790004069,-57.62711864406779,-152.54237288135593,17058.0,15665.0,266.73205909162664,352.774658798603
1790039781.6474056,52.04648390004877,-50.847457627118644,-152.54237288135593,17076.0,15695.0,147.7625972238109,258.5845451416691
1790039781.768893,52.167969800007995,-44.067796610169495,-152.54237288135593,17096.0,15727.0,173.66704032708824,251.81720847427795
1790039781.888771,52.28784900001483,-37.288135593220346,-152.54237288135593,17111.0,15768.0,132.77332489419587,345.21064472490923
1790039782.002579,52.40165650000563,-30.508474576271198,-152.54237288135593,17129.0,15797.0,147.29031839079857,257.7580571838975
1790039782.1218286,52.520906599995214,-23.72881355932205,-152.54237288135593,17150.0,15828.0,166.39896867537993,262.7352136979683
1790039782.2375517,52.636627800005954,-16.9491525423729,-152.54237288135593,17173.0,15868.0,192.14159183725303,365.98398445191054
1790039782.355428,52.75450440001441,-10.169491525423723,-152.54237288135593,17191.0,15924.0,160.6620705285301,490.9118821705087
1790039782.4710896,52.870166400040034,-3.3898305084745743,-152.54237288135593,17207.0,15957.0,127.28892768651642,300.03818668964584
1790039782.5920792,52.9911557000014,3.3898305084745743,-152.54237288135593,17224.0,16023.0,148.48198997893692,558.9910210971743
1790039782.7135317,53.112607400049455,10.169491525423723,-152.54237288135593,17246.0,16070.0,177.48984982911117,390.4776696240446
1790039782.8296826,53.22875790001126,16.94915254237287,-152.54237288135593,17257.0,16125.0,99.38067766317452,460.76496007471826
1790039782.9481697,53.34724490001099,23.72881355932202,-152.54237288135593,17267.0,16176.0,81.06895722326621,450.3830956848123
1790039783.0667408,53.46581600001082,30.50847457627117,-152.54237288135593,17276.0,16223.0,79.52384655415356,406.45521572122937
1790039783.1950743,53.59414890001062,37.28813559322032,-152.54237288135593,17289.0,16283.0,116.30403663931459,492.0555396278694
1790039783.3084133,53.70748770004138,44.06779661016947,-152.54237288135593,17300.0,16324.0,101.79652356676684,360.9149471912642
1790039783.4214196,53.82049460004782,50.847457627118644,-152.54237288135593,17317.0,16391.0,139.3789089631887,613.2671994380304
1790039783.5354867,53.93456090003019,57.627118644067764,-152.54237288135593,17327.0,16456.0,83.01664022325112,599.5646238345913
1790039783.6496027,54.04867670004023,64.40677966101691,-152.54237288135593,17346.0,16524.0,156.42209304619197,588.8831738209581
1790039783.764385,54.1634589000023,71.18644067796606,-152.54237288135593,17362.0,16577.0,136.72982367537327,464.8814004962692
1790039783.8795948,54.27866880001966,77.96610169491527,-152.54237288135593,17383.0,16634.0,175.2507238729573,479.6335600733569
1790039784.0030315,54.4021047000424,84.74576271186442,-152.54237288135593,17407.0,16691.0,213.2876423858325,444.34925497048437
1790039784.1171749,54.516247800027486,91.52542372881356,-152.54237288135593,17422.0,16728.0,137.64675440914115,339.5286608758815
1790039784.2329495,54.63202250003815,98.30508474576271,-152.54237288135593,17450.0,16779.0,235.51151291148554,434.79048537505025
1790039784.3473172,54.74638980004238,105.08474576271186,-152.54237288135593,17488.0,16826.0,329.3286361437052,411.66079517963146
1790039784.4689107,54.867983200005256,111.86440677966101,-152.54237288135593,17528.0,16869.0,343.66947917884636,369.4446901172598
1790039784.590687,54.989758100011386,118.64406779661016,-152.54237288135593,17547.0,16914.0,174.59303741477692,358.3751820619105
1790039784.7121952,55.11126510001486,125.42372881355931,-152.54237288135593,17574.0,16971.0,223.83903639532767,510.35300298134706
1790039784.8243997,55.22347000002628,132.20338983050846,-152.54237288135593,17607.0,16997.0,295.618175746518,247.93782481966025
1790039784.938912,55.337983900040854,138.9830508474576,-152.54237288135593,17645.0,17037.0,350.5725865750734,350.5725865750734
1790039785.0597694,55.45883940003114,145.76271186440675,-152.54237288135593,17687.0,17078.0,334.9064886124162,343.95801533167065
1790039785.1755257,55.574595500016585,152.5423728813559,-152.54237288135593,17732.0,17122.0,373.76804690443817,392.00063455831315
1790039785.2939305,55.693001300038304,159.32203389830505,-152.54237288135593,17792.0,17151.0,505.89411007835133,248.50938740690944
1790039785.4086518,55.80772150005214,166.1016949152542,-152.54237288135593,17845.0,17187.0,457.34858570996744,320.1440099969772
1790039785.5313098,55.93037880002521,172.88135593220335,-152.54237288135593,17886.0,17212.0,296.5747468928944,194.62717764846192
1790039785.6491835,56.04825230001006,179.66101694915255,-152.54237288135593,17932.0,17230.0,394.0392605491297,161.19787931555308
1790039785.7686012,56.167670399998315,186.4406779661017,-152.54237288135593,18005.0,17259.0,576.2825167454115,239.37889157117093
1790039785.8854163,56.284485700016376,193.22033898305085,-152.54237288135593,18045.0,17287.0,344.71872775677275,235.86018214937081
1790039786.0028532,56.40192080003908,200.0,-152.54237288135593,18109.0,17298.0,564.9032874999097,91.11343346772736
1790039786.127839,56.52690590004204,-200.0,-145.76271186440678,18183.0,17325.0,575.4702219652945,188.82616658236225
1790039786.2447174,56.64378480002051,-193.22033898305085,-145.76271186440678,18219.0,17348.0,317.18527970805997,199.3736043879234
1790039786.3608267,56.75989420001861,-186.4406779661017,-145.76271186440678,18287.0,17363.0,563.8454989316646,118.2256691308329
1790039786.4799068,56.878973600047175,-179.66101694915255,-145.76271186440678,18355.0,17379.0,540.4280013528636,124.03265604819819
1790039786.6012986,57.00036510004429,-172.8813559322034,-145.76271186440678,18422.0,17388.0,553.4296121911909,62.48398847319898
1790039786.7206628,57.11972940003034,-166.10169491525426,-145.76271186440678,18485.0,17400.0,512.9833429203802,106.13448474214762
1790039786.8429105,57.24197760003153,-159.32203389830508,-145.76271186440678,18548.0,17415.0,513.3891902003958,119.790811046759
1790039786.9637556,57.36282110004686,-152.54237288135593,-145.76271186440678,18615.0,17432.0,512.5534406834419,118.98562015865613
1790039787.0808496,57.47991590003949,-145.76271186440678,-145.76271186440678,18669.0,17445.0,462.6559537934718,99.78853905349392
1790039787.19724,57.59630620002281,-138.98305084745763,-145.76271186440678,18733.0,17461.0,531.7351238041131,144.1993556078951
1790039787.3174706,57.71653700002935,-132.20338983050848,-145.76271186440678,18783.0,17483.0,408.3430568564708,182.45115306352952
1790039787.433377,57.832441800041124,-125.42372881355932,-145.76271186440678,18844.0,17504.0,527.2368719090772,157.2460846044616
1790039787.5560348,57.95509820000734,-118.64406779661017,-145.76271186440678,18884.0,17522.0,331.5935129964027,143.3917894038498
1790039787.6739619,58.073027100006584,-111.86440677966102,-145.76271186440678,18942.0,17550.0,462.68701393885266,254.02424294682106
1790039787.7970545,58.196119700034615,-105.08474576271186,-145.76271186440678,18971.0,17570.0,222.96696997723294,162.9374011372087
1790039787.914312,58.31337730004452,-98.30508474576271,-145.76271186440678,19019.0,17595.0,403.5563176063476,224.19795422574865
1790039788.0284128,58.427477100049146,-91.52542372881356,-145.76271186440678,19068.0,17624.0,443.50978865406904,258.71404338154025
1790039788.145101,58.5441633000155,-84.74576271186442,-145.76271186440678,19108.0,17656.0,359.88893834967143,269.9167037622536
1790039788.2615354,58.66059810004663,-77.96610169491527,-145.76271186440678,19141.0,17687.0,291.88265226483816,255.39732073173337
1790039788.383338,58.78240090003237,-71.18644067796612,-145.76271186440678,19187.0,17736.0,388.38102075438826,371.1196420541932
1790039788.500709,58.899772400036454,-64.40677966101697,-145.76271186440678,19232.0,17779.0,398.21221691514205,379.2497303953734
1790039788.6181824,59.01724480005214,-57.62711864406779,-145.76271186440678,19267.0,17815.0,276.6873915025434,321.3143901319859
1790039788.7388387,59.13790080003673,-50.847457627118644,-145.76271186440678,19296.0,17860.0,226.4031333240108,374.43595126663325
1790039788.8604958,59.25955850002356,-44.067796610169495,-145.76271186440678,19306.0,17899.0,86.75306697630253,329.66165450994964
1790039788.9785233,59.37758460000623,-37.288135593220346,-145.76271186440678,19339.0,17955.0,290.47575386322313,472.0231000277376
1790039789.094545,59.493607000040356,-30.508474576271198,-145.76271186440678,19364.0,18012.0,209.82300066469696,501.7506537634058
1790039789.20825,59.607312500011176,-23.72881355932205,-145.76271186440678,19384.0,18064.0,166.2013030461962,452.43688051464517
1790039789.3253915,59.72445370000787,-16.9491525423729,-145.76271186440678,19404.0,18105.0,179.04878548504476,367.05001024434176
1790039789.4452183,59.844279500015546,-10.169491525423723,-145.76271186440678,19426.0,18162.0,166.33384501783857,462.03845838288487
1790039789.5613515,59.96041240001796,-3.3898305084745743,-145.76271186440678,19443.0,18209.0,155.34491599647737,420.34506681399756
1790039789.6785095,60.0775703000254,3.3898305084745743,-145.76271186440678,19454.0,18277.0,98.21139199477058,580.3400436054625
1790039789.7915678,60.19062860001577,10.169491525423723,-145.76271186440678,19469.0,18342.0,138.97175725524167,583.681380472015
1790039789.9063501,60.30541050003376,16.94915254237287,-145.76271186440678,19480.0,18404.0,100.3853886586938,556.6826098345747
1790039790.0240178,60.42307760001859,23.72881355932202,-145.76271186440678,19491.0,18454.0,97.73599025806901,390.94396103227604
1790039790.137522,60.536580400017556,30.50847457627117,-145.76271186440678,19503.0,18516.0,112.03582155511245,532.1701523867841
1790039790.2537358,60.65279429999646,37.28813559322032,-145.76271186440678,19513.0,18566.0,91.44387131375397,420.64180804326827
1790039790.36928,60.768339600006584,44.06779661016947,-145.76271186440678,19529.0,18633.0,127.27457850223513,590.9176859032345
1790039790.4885507,60.88760920002824,50.847457627118644,-145.76271186440678,19543.0,18681.0,115.05880830707595,389.4298127316417
1790039790.608227,61.00728499999968,57.627118644067764,-145.76271186440678,19560.0,18738.0,151.3074746126935,471.7233032042798
1790039790.7240753,61.12313270004233,64.40677966101691,-145.76271186440678,19573.0,18801.0,118.11556609755735,536.0629538273756
1790039790.8397527,61.238811300019734,71.18644067796606,-145.76271186440678,19593.0,18848.0,166.77723381718405,389.14687890676277
1790039790.9546432,61.35370030003833,77.96610169491527,-145.76271186440678,19609.0,18887.0,120.0317253091176,350.86196628818993
1790039791.0750654,61.474122300045565,84.74576271186442,-145.76271186440678,19638.0,18929.0,252.96051023978583,357.6338248217662
1790039791.1956496,61.59470680000959,91.52542372881356,-145.76271186440678,19657.0,18980.0,156.35396452986532,425.6302367757445
1790039791.3170643,61.71612100000493,98.30508474576271,-145.76271186440678,19689.0,19023.0,251.50949063362074,346.90964225327
1790039791.4356177,61.834675000049174,105.08474576271186,-145.76271186440678,19723.0,19065.0,283.63810698920554,347.6854214706391
1790039791.5474212,61.946477200021036,111.86440677966101,-145.76271186440678,19751.0,19111.0,253.83908100197434,404.2622401142554
1790039791.6665883,62.065645100024994,118.64406779661016,-145.76271186440678,19779.0,19151.0,248.5899181450534,346.25024313061004
1790039791.78512,62.18417480000062,125.42372881355931,-145.76271186440678,19819.0,19184.0,348.53687896322407,238.47260139589014
1790039791.9001238,62.29917990003014,132.20338983050846,-145.76271186440678,19850.0,19220.0,265.39205275917845,329.452203425187
1790039792.0170534,62.416109000041615,138.9830508474576,-145.76271186440678,19894.0,19257.0,375.5898772416708,330.87679661766236
1790039792.1378927,62.536947300017346,145.76271186440675,-145.76271186440678,19946.0,19298.0,424.32692219308774,337.7295911332739
1790039792.2567997,62.655854500015266,152.5423728813559,-145.76271186440678,19983.0,19324.0,315.95120263243194,216.6522532336676
1790039792.3677402,62.76679480000166,159.32203389830505,-145.76271186440678,20024.0,19355.0,351.4334207996738,275.44781630244705
1790039792.4866354,62.88569060002919,166.1016949152542,-145.76271186440678,20073.0,19385.0,405.1603333455417,246.6193333407645
1790039792.6026998,63.001754600030836,172.88135593220335,-145.76271186440678,20119.0,19410.0,406.41962367310737,216.75713262565725
1790039792.7214713,63.120525300037116,179.66101694915255,-145.76271186440678,20171.0,19431.0,433.8935985160675,180.78899938169482
1790039792.8389926,63.238045800011605,186.4406779661017,-145.76271186440678,20226.0,19455.0,465.80081467814654,214.9849913899138
1790039792.9487286,63.34778220002772,193.22033898305085,-145.76271186440678,20264.0,19487.0,335.8960603449906,297.50793916270595
1790039793.066607,63.4656603000476,200.0,-145.76271186440678,20320.0,19504.0,471.0014200583171,142.18910794213346
1790039793.1851637,63.58421520004049,-200.0,-138.98305084745763,20397.0,19524.0,619.0845557703811,145.6669542989132
1790039793.2994244,63.698477199999616,-193.22033898305085,-138.98305084745763,20453.0,19542.0,509.6249623600617,166.78635131783838
1790039793.41042,63.80947279999964,-186.4406779661017,-138.98305084745763,20509.0,19560.0,492.55017837629697,170.49813866871818
1790039793.523721,63.922773500031326,-179.66101694915255,-138.98305084745763,20563.0,19569.0,482.3040778727261,83.47570578566413
1790039793.6451352,64.04418620001525,-172.8813559322034,-138.98305084745763,20636.0,19585.0,647.4233008550805,136.77957060318602
1790039793.7639735,64.16302520001773,-166.10169491525426,-138.98305084745763,20696.0,19600.0,503.0007971030488,132.36863081659178
1790039793.884949,64.28400100005092,-159.32203389830508,-138.98305084745763,20756.0,19616.0,493.10347199227465,138.415009682042
1790039794.0030692,64.40211980004096,-152.54237288135593,-138.98305084745763,20830.0,19637.0,568.036581770421,174.07572667158064
1790039794.120062,64.51911230001133,-145.76271186440678,-138.98305084745763,20890.0,19661.0,488.27948387720284,198.9286786166382
1790039794.238222,64.637271900021,-138.98305084745763,-138.98305084745763,20938.0,19685.0,411.8789469947369,196.98558334530895
1790039794.3548875,64.7539378000074,-132.20338983050848,-138.98305084745763,20991.0,19706.0,450.9184305397958,171.3490036051224
1790039794.47663,64.87567969999509,-125.42372881355932,-138.98305084745763,21059.0,19725.0,566.6405888726453,137.09046504983354
1790039794.5950944,64.994143500051,-118.64406779661017,-138.98305084745763,21117.0,19744.0,501.77399919661065,155.09378156986148
1790039794.7087488,65.10779870004626,-111.86440677966102,-138.98305084745763,21164.0,19772.0,407.8254285493332,259.525272713212
1790039794.828016,65.22706630005268,-105.08474576271186,-138.98305084745763,21223.0,19801.0,482.0641460476698,245.414474351541
1790039794.9423819,65.34143090003636,-98.30508474576271,-138.98305084745763,21256.0,19828.0,297.1842719077582,241.46222092505354
1790039795.0567875,65.45583650004119,-91.52542372881356,-138.98305084745763,21295.0,19868.0,347.62530750635625,365.9213763224802
1790039795.1709182,65.56996730004903,-84.74576271186442,-138.98305084745763,21322.0,19899.0,248.4956806896639,257.6992244189107
1790039795.2870734,65.68612210004358,-77.96610169491527,-138.98305084745763,21351.0,19933.0,252.12255676882336,306.14881893357125
1790039795.4031816,65.80223030003253,-71.18644067796612,-138.98305084745763,21382.0,19970.0,279.2322374486299,333.2771866322357
1790039795.52335,65.92239740001969,-64.40677966101697,-138.98305084745763,21422.0,20002.0,353.2576866268606,241.70262769206252
1790039795.6426647,66.04171230003703,-57.62711864406779,-138.98305084745763,21444.0,20038.0,188.3229038934311,304.90374916079315
1790039795.7536182,66.152665600006,-50.847457627118644,-138.98305084745763,21469.0,20079.0,227.96915565116842,370.4498779331487
1790039795.8699265,66.26897220005048,-44.067796610169495,-138.98305084745763,21496.0,20124.0,248.7752426672786,368.555915062635
1790039795.9936671,66.3927132000099,-37.288135593220346,-138.98305084745763,21511.0,20176.0,124.12800077404606,398.9828596308623
1790039796.1104214,66.50946720002685,-30.508474576271198,-138.98305084745763,21531.0,20218.0,180.15648387603497,369.3207919458717
1790039796.231619,66.63066520000575,-23.72881355932205,-138.98305084745763,21551.0,20277.0,156.43658321413898,495.38251351144015
1790039796.3456752,66.74472020001849,-16.9491525423729,-138.98305084745763,21571.0,20321.0,166.06192452928119,396.70348637550507
1790039796.4599557,66.85900120000588,-10.169491525423723,-138.98305084745763,21586.0,20381.0,119.88339952795866,525.6425979302803
1790039796.5763113,66.97535610001069,-3.3898305084745743,-138.98305084745763,21597.0,20440.0,99.40447681785156,524.1326959486719
1790039796.693564,67.0926098000491,3.3898305084745743,-138.98305084745763,21609.0,20492.0,98.99145701830548,404.9650514385224
1790039796.8123193,67.21136370004388,10.169491525423723,-138.98305084745763,21628.0,20549.0,157.99344608377365,511.15526674162066
1790039796.9279058,67.32694940001238,16.94915254237287,-138.98305084745763,21645.0,20601.0,145.2157315506669,435.64719465200074
1790039797.045509,67.44455380004365,23.72881355932202,-138.98305084745763,21655.0,20646.0,90.23861799287903,397.0499191686677
1790039797.1610825,67.56012710003415,30.50847457627117,-138.98305084745763,21665.0,20696.0,91.68339887561527,458.4169943780763
1790039797.281146,67.68019020004431,37.28813559322032,-138.98305084745763,21686.0,20740.0,163.6161347723327,345.4118400749246
1790039797.3975596,67.79660330002662,44.06779661016947,-138.98305084745763,21704.0,20795.0,161.73945395381153,476.2328366417784
1790039797.5113878,67.91043119999813,50.847457627118644,-138.98305084745763,21719.0,20853.0,138.49136739517925,507.80168044899057
1790039797.625934,68.0249772000243,57.627118644067764,-138.98305084745763,21731.0,20900.0,109.64511530857902,392.8949965224082
1790039797.7490964,68.1481387000531,64.40677966101691,-138.98305084745763,21753.0,20956.0,180.35767507102338,446.5999573187246
1790039797.868265,68.26730730000418,71.18644067796606,-138.98305084745763,21774.0,21005.0,156.13691553534957,440.8571732762812
1790039797.9887412,68.3877834000159,77.96610169491527,-138.98305084745763,21789.0,21069.0,130.78665555169562,558.0230636872346
1790039798.1065469,68.50558870000532,84.74576271186442,-138.98305084745763,21811.0,21116.0,197.09711774157657,394.19423548315314
1790039798.2245114,68.62355340004433,91.52542372881356,-138.98305084745763,21826.0,21145.0,133.04182391154188,257.21419289564767
1790039798.345115,68.74415480002062,98.30508474576271,-138.98305084745763,21851.0,21196.0,218.51037831826343,437.02075663652687
1790039798.4624772,68.86151780001819,105.08474576271186,-138.98305084745763,21879.0,21252.0,233.9381233718036,467.8762467436072
1790039798.5852494,68.9842908999999,111.86440677966101,-138.98305084745763,21903.0,21300.0,187.3750275326349,392.5952957826636
1790039798.6986487,69.09768930001883,118.64406779661016,-138.98305084745763,21929.0,21326.0,231.65350570424215,240.91964593241184
1790039798.8192518,69.2182918000035,125.42372881355931,-138.98305084745763,21960.0,21367.0,257.891020545296,346.8189586643636
1790039798.9379222,69.33696220000274,132.20338983050846,-138.98305084745763,21994.0,21409.0,300.9115851115527,336.312948065853
1790039799.0558007,69.45484040002339,138.9830508474576,-138.98305084745763,22042.0,21438.0,419.65484728715495,232.14948998863892
1790039799.1716752,69.57071520003956,145.76271186440675,-138.98305084745763,22095.0,21473.0,472.843334215904,309.16679544886034
1790039799.2897975,69.68883729999652,152.5423728813559,-138.98305084745763,22151.0,21506.0,477.7509607905454,283.1116804684713
1790039799.400549,69.7995875000488,159.32203389830505,-138.98305084745763,22212.0,21527.0,560.0948553659704,180.36952969412604
1790039799.5240722,69.92311180004617,166.1016949152542,-138.98305084745763,22258.0,21554.0,396.22511926201673,220.12506625667598
1790039799.6426332,70.04167010000674,172.88135593220335,-138.98305084745763,22307.0,21574.0,415.23890685815644,180.5386551557202
1790039799.7587237,70.15776190004544,179.66101694915255,-138.98305084745763,22360.0,21594.0,463.6115900785723,166.90017242828603
1790039799.879915,70.27895320003154,186.4406779661017,-138.98305084745763,22430.0,21621.0,592.891751176622,235.4129012024823
1790039799.9997683,70.3988062000135,193.22033898305085,-138.98305084745763,22486.0,21636.0,448.59786239391525,125.60740147029628
1790039800.1204538,70.51949050003896,200.0,-138.98305084745763,22552.0,21666.0,516.3017835920409,231.44562712746665
1790039800.2376955,70.63673320005182,-200.0,-132.20338983050848,22625.0,21678.0,662.7067668000716,108.93809865206656
1790039800.3562224,70.75525980000384,-193.22033898305085,-132.20338983050848,22684.0,21701.0,468.6901699550702,203.3938473389927
1790039800.4735763,70.87261370004853,-186.4406779661017,-132.20338983050848,22747.0,21716.0,537.8136797728514,134.45341994321285
1790039800.5911725,70.99020920001203,-179.66101694915255,-132.20338983050848,22797.0,21729.0,431.42341263289194,100.97143699918747
1790039800.7039719,71.10300810000626,-172.8813559322034,-132.20338983050848,22865.0,21740.0,594.1880976082217,102.12607927641311
1790039800.8169587,71.21599490003427,-166.10169491525426,-132.20338983050848,22942.0,21754.0,687.6371209746613,130.09350937358457
1790039800.9310963,71.33013280003797,-159.32203389830508,-132.20338983050848,22998.0,21769.0,495.43511581036216,137.6208655028784
1790039801.0475647,71.44660060002934,-152.54237288135593,-132.20338983050848,23052.0,21778.0,487.03412140881926,84.29436716691103
1790039801.1625247,71.56155969999963,-145.76271186440678,-132.20338983050848,23111.0,21798.0,511.1849084114123,164.3094348465254
1790039801.2808504,71.67988579999655,-138.98305084745763,-132.20338983050848,23157.0,21817.0,414.96208951509607,171.3973847997136
1790039801.3956122,71.79464760003611,-132.20338983050848,-132.20338983050848,23201.0,21840.0,374.04800222846325,209.8318061281623
1790039801.5184247,71.91746020002756,-125.42372881355932,-132.20338983050848,23256.0,21870.0,459.08372200141474,220.71332788529554
1790039801.6332676,72.0323012000299,-118.64406779661017,-132.20338983050848,23309.0,21894.0,406.6254064445995,203.31270322229975
1790039801.750069,72.14910249999957,-111.86440677966102,-132.20338983050848,23351.0,21926.0,367.3607335706577,275.5205501779933
1790039801.87003,72.26906370004872,-105.08474576271186,-132.20338983050848,23391.0,21957.0,342.73722240039814,246.06774941567045
1790039801.9841216,72.38315520004835,-98.30508474576271,-132.20338983050848,23427.0,21991.0,324.1587154397438,296.3736826877658
1790039802.0990794,72.49811280000722,-91.52542372881356,-132.20338983050848,23469.0,22025.0,328.2796503830983,291.8041336738652
1790039802.2095313,72.60856419999618,-84.74576271186442,-132.20338983050848,23506.0,22058.0,342.95807039660264,295.3250050637412
1790039802.3239868,72.72301970003173,-77.96610169491527,-132.20338983050848,23536.0,22086.0,260.16888681222855,250.87714085464896
1790039802.4435093,72.84254030004377,-71.18644067796612,-132.20338983050848,23572.0,22137.0,297.0841193187344,428.15064254758784
1790039802.5621119,72.96114290005062,-64.40677966101697,-132.20338983050848,23604.0,22189.0,267.6143784293841,437.103484767994
1790039802.6813114,73.08034350001253,-57.62711864406779,-132.20338983050848,23633.0,22220.0,259.43446853140546,259.43446853140546
1790039802.7996097,73.19864120002603,-50.847457627118644,-132.20338983050848,23658.0,22265.0,221.04938332961947,389.04691466013026
1790039802.9144158,73.31344759999774,-44.067796610169495,-132.20338983050848,23677.0,22318.0,173.72635721377088,457.17462424676546
1790039803.0329106,73.43194199999562,-37.288135593220346,-132.20338983050848,23701.0,22371.0,203.44242266864566,451.11145896090994
1790039803.1553812,73.55441250000149,-30.508474576271198,-132.20338983050848,23714.0,22411.0,111.78987627856803,326.77040758350654
1790039803.2701879,73.66921940003522,-23.72881355932205,-132.20338983050848,23728.0,22455.0,110.44049190685367,349.7282243717033
1790039803.388831,73.78785980003886,-16.9491525423729,-132.20338983050848,23744.0,22509.0,136.57383586855087,455.2461195618363
1790039803.5106032,73.90963270002976,-10.169491525423723,-132.20338983050848,23755.0,22563.0,87.92638798744676,457.21721753472315
1790039803.6298776,74.02890720003052,-3.3898305084745743,-132.20338983050848,23768.0,22619.0,106.36949394290774,487.52684723832715
1790039803.7458413,74.14487100002589,3.3898305084745743,-132.20338983050848,23789.0,22686.0,190.35084380199015,571.0525314059704
1790039803.8664155,74.26544480002485,10.169491525423723,-132.20338983050848,23802.0,22758.0,111.48230589479657,631.7330667371805
1790039803.9839132,74.38294130004942,16.94915254237287,-132.20338983050848,23814.0,22825.0,98.408202616623,572.5568152239883
1790039804.1019647,74.50099400000181,23.72881355932202,-132.20338983050848,23822.0,22888.0,72.13231228344128,540.9923421258096
1790039804.2147572,74.61378590000095,30.50847457627117,-132.20338983050848,23838.0,22956.0,139.58188711106672,623.4657624294314
1790039804.3347728,74.73380030004773,37.28813559322032,-132.20338983050848,23857.0,23009.0,174.8195448681115,441.64937650891324
1790039804.4517326,74.85076080000727,44.06779661016947,-132.20338983050848,23872.0,23060.0,127.4011707997198,400.4036796562622
1790039804.5631604,74.96218840003712,50.847457627118644,-132.20338983050848,23892.0,23104.0,188.7764829441981,377.5529658883962
1790039804.6768892,75.07591620000312,57.627118644067764,-132.20338983050848,23905.0,23145.0,119.63175503024145,349.6928223960904
1790039804.7950847,75.194111000048,64.40677966101691,-132.20338983050848,23927.0,23201.0,196.27663231268193,481.7699156765829
1790039804.9159787,75.31500600004802,71.18644067796606,-132.20338983050848,23948.0,23256.0,174.27568849536144,444.4030056631717
1790039805.031474,75.43050140002742,77.96610169491527,-132.20338983050848,23977.0,23298.0,264.1723934996928,346.1569294133906
1790039805.1466482,75.54567250004038,84.74576271186442,-132.20338983050848,24000.0,23338.0,192.42434511573242,348.1964340189444
1790039805.2728436,75.67186830000719,91.52542372881356,-132.20338983050848,24027.0,23389.0,227.25484888642492,393.3256999957355
1790039805.392078,75.79110289999517,98.30508474576271,-132.20338983050848,24062.0,23426.0,286.5131971354247,322.3273467773528
1790039805.5083582,75.90738440002315,105.08474576271186,-132.20338983050848,24101.0,23468.0,356.0746332502199,356.0746332502199
1790039805.6238656,76.02289180003572,111.86440677966101,-132.20338983050848,24139.0,23512.0,344.1857516508588,353.24327143114454
1790039805.7434285,76.1424524000031,118.64406779661016,-132.20338983050848,24180.0,23555.0,331.9156647849849,349.8570520706598
1790039805.860465,76.25949030002812,125.42372881355931,-132.20338983050848,24216.0,23592.0,325.3216843970912,307.2482574861417
1790039805.9758267,76.3748515000334,132.20338983050846,-132.20338983050848,24262.0,23635.0,383.923127648222,374.7821007994548
1790039806.0911,76.49012490001041,138.9830508474576,-132.20338983050848,24315.0,23665.0,472.37642601074384,263.4406991213764
1790039806.2091796,76.60820410004817,145.76271186440675,-132.20338983050848,24374.0,23693.0,493.9500104605911,242.48455058974474
1790039806.3225586,76.72158320003655,152.5423728813559,-132.20338983050848,24423.0,23713.0,398.33551348224677,185.2723318522078
1790039806.4421093,76.8411335000419,159.32203389830505,-132.20338983050848,24489.0,23747.0,568.5366566166691,297.38840499948844
1790039806.5615861,76.96061010000994,166.1016949152542,-132.20338983050848,24534.0,23785.0,394.5693233294139,324.42366584862924
1790039806.674647,77.07367080001859,172.88135593220335,-132.20338983050848,24600.0,23804.0,569.34639044331,177.3374003020146
1790039806.793546,77.19256890000543,179.66101694915255,-132.20338983050848,24647.0,23820.0,391.7913336837709,127.55996910634403
1790039806.908676,77.30769750004401,186.4406779661017,-132.20338983050848,24713.0,23832.0,565.6294360689624,109.47666504560561
1790039807.0265193,77.42554210004164,193.22033898305085,-132.20338983050848,24773.0,23851.0,517.5715541392947,169.5493022180448
1790039807.1425338,77.54155600001104,200.0,-132.20338983050848,24855.0,23866.0,701.8315028766885,120.05012549206513
1790039807.2603967,77.65941830002703,-200.0,-125.42372881355932,24921.0,23878.0,584.2827928526933,109.55302365988
1790039807.3783967,77.77741790004075,-193.22033898305085,-125.42372881355932,24985.0,23893.0,571.8375374073295,125.08946130785333
1790039807.4966981,77.89571970002726,-186.4406779661017,-125.42372881355932,25056.0,23911.0,631.4321512145277,162.36826745516427
1790039807.6113193,78.0103395000333,-179.66101694915255,-125.42372881355932,25127.0,23934.0,626.5519829063793,193.49399472108772
1790039807.7300396,78.1290602000081,-172.8813559322034,-125.42372881355932,25189.0,23953.0,538.0027186870627,161.4008156061188
1790039807.8574202,78.25644110003486,-166.10169491525426,-125.42372881355932,25253.0,23975.0,502.80084808704555,173.09537393160585
1790039807.972673,78.37169330002507,-159.32203389830508,-125.42372881355932,25308.0,23996.0,430.3702190691172,183.13626343366687
1790039808.088668,78.48768680001376,-152.54237288135593,-125.42372881355932,25371.0,24016.0,550.4968009198989,180.49075439996682
1790039808.2080193,78.60703830001876,-145.76271186440678,-125.42372881355932,25416.0,24040.0,383.83261326431415,205.30581639719128
1790039808.3255086,78.724527900049,-138.98305084745763,-125.42372881355932,25480.0,24055.0,537.3657256369941,134.34143140924851
1790039808.4409196,78.83993900002679,-132.20338983050848,-125.42372881355932,25531.0,24075.0,442.5105096547246,175.16041007166183
1790039808.5607839,78.9598030000343,-125.42372881355932,-125.42372881355932,25573.0,24098.0,361.50421029486273,193.97786893870685
1790039808.676349,79.07536720001372,-118.64406779661017,-125.42372881355932,25632.0,24129.0,489.17873240806153,271.76596244892306
1790039808.7929611,79.19198020000476,-111.86440677966102,-125.42372881355932,25668.0,24164.0,301.037759232659,319.2824719134262
1790039808.9090044,79.3080217000097,-105.08474576271186,-125.42372881355932,25702.0,24203.0,302.68592481793297,330.2028270741087
1790039809.0262609,79.42527770000743,-98.30508474576271,-125.42372881355932,25748.0,24236.0,391.6289761084101,282.33716882234216
1790039809.1461976,79.54521430004388,-91.52542372881356,-125.42372881355932,25791.0,24285.0,329.49427975308055,409.64153699031635
1790039809.2636003,79.66261840000516,-84.74576271186442,-125.42372881355932,25829.0,24325.0,306.4147936363298,351.47579270049596
1790039809.3761005,79.77511720004259,-77.96610169491527,-125.42372881355932,25855.0,24360.0,242.092198117467,325.8933436196671
1790039809.5002458,79.89926279999781,-71.18644067796612,-125.42372881355932,25888.0,24395.0,296.27341910470057,278.31745431047625
1790039809.6100485,80.00906490004854,-64.40677966101697,-125.42372881355932,25912.0,24437.0,210.22777227223213,391.78812105279627
1790039809.7330763,80.13209359999746,-57.62711864406779,-125.42372881355932,25931.0,24472.0,154.79729720599607,292.3948947224371
1790039809.8470695,80.24608500004979,-50.847457627118644,-125.42372881355932,25957.0,24505.0,239.12597622271605,294.3088938125736
1790039809.9607203,80.3597367000184,-44.067796610169495,-125.42372881355932,25985.0,24554.0,260.3413633986182,427.70366844058714
1790039810.0837007,80.48271569999633,-37.288135593220346,-125.42372881355932,26003.0,24626.0,137.01257779708098,599.4300278622293
1790039810.2109241,80.60993910004618,-30.508474576271198,-125.42372881355932,26020.0,24687.0,115.57267501434453,478.8010822022845
1790039810.333451,80.73246530001052,-23.72881355932205,-125.42372881355932,26039.0,24751.0,162.48596296359636,523.5658806604771
1790039810.451572,80.85058690002188,-16.9491525423729,-125.42372881355932,26049.0,24826.0,71.51202339493283,625.7302047056622
1790039810.569264,80.96827760001179,-10.169491525423723,-125.42372881355932,26059.0,24873.0,89.39234658880927,411.20479430852265
1790039810.6861567,81.08517210005084,-3.3898305084745743,-125.42372881355932,26074.0,24930.0,135.6785828346774,479.3976593491935
1790039810.8054235,81.20443840004737,3.3898305084745743,-125.42372881355932,26080.0,24996.0,53.68272436201092,518.9330021661056
1790039810.9218647,81.32087759999558,10.169491525423723,-125.42372881355932,26099.0,25045.0,162.2944833624087,369.67076765881984
1790039811.0361354,81.43514900002629,16.94915254237287,-125.42372881355932,26111.0,25111.0,92.8244819084877,566.2293396417749
1790039811.1541908,81.5532050000038,23.72881355932202,-125.42372881355932,26127.0,25162.0,133.3487425835025,417.8260600949745
1790039811.2682328,81.6672456000233,30.50847457627117,-125.42372881355932,26143.0,25201.0,149.22199379258487,363.72860986942567
1790039811.3836968,81.78270940005314,37.28813559322032,-125.42372881355932,26149.0,25255.0,54.86311195078025,457.1925995898354
1790039811.5031264,81.90213960001711,44.06779661016947,-125.42372881355932,26162.0,25312.0,114.03298715247223,482.4472533373825
1790039811.6195495,82.01856230001431,50.847457627118644,-125.42372881355932,26184.0,25372.0,179.6896759096302,467.1931573650386
1790039811.7367315,82.13574390002759,57.627118644067764,-125.42372881355932,26203.0,25439.0,158.4605834622901,577.9150690977638
1790039811.8512268,82.25023900001543,64.40677966101691,-125.42372881355932,26224.0,25497.0,192.59959009383036,486.08467976061945
1790039811.9676511,82.366662800021,71.18644067796606,-125.42372881355932,26248.0,25543.0,216.217190223014,387.3891324829001
1790039812.0814195,82.48043140000664,77.96610169491527,-125.42372881355932,26269.0,25593.0,193.79737650597207,433.73698551336605
1790039812.2005558,82.59956709999824,84.74576271186442,-125.42372881355932,26292.0,25633.0,201.6993609542962,342.011959879024
1790039812.3144436,82.71345470001688,91.52542372881356,-125.42372881355932,26332.0,25667.0,332.17196164028485,295.26396590247543
1790039812.4321573,82.83116770000197,98.30508474576271,-125.42372881355932,26376.0,25700.0,361.1249041076542,279.87180068343196
1790039812.5506198,82.94963030004874,105.08474576271186,-125.42372881355932,26421.0,25746.0,388.1028825715495,405.74392268843815
1790039812.668454,83.0674642000231,111.86440677966101,-125.42372881355932,26460.0,25785.0,338.4552901719512,320.6418538471117
1790039812.7859316,83.18494130001636,118.64406779661016,-125.42372881355932,26499.0,25817.0,311.5034671524617,275.9030709064661
1790039812.9069004,83.3059104999993,125.42372881355931,-125.42372881355932,26552.0,25850.0,464.9302252706676,254.39578363866718
1790039813.0243955,83.42340470000636,132.20338983050846,-125.42372881355932,26588.0,25869.0,309.9839446050249,154.99197230251244
1790039813.141389,83.54039790004026,138.9830508474576,-125.42372881355932,26635.0,25896.0,404.4554816529098,224.6974898071721
1790039813.2558746,83.65488300001016,145.76271186440675,-125.42372881355932,26709.0,25916.0,640.20954962351,182.91701417814573
1790039813.3728337,83.77184290002333,152.5423728813559,-125.42372881355932,26763.0,25936.0,430.22240702096843,179.25933625873685
1790039813.4872413,83.88624900003197,159.32203389830505,-125.42372881355932,26801.0,25949.0,356.22884900245054,112.49332073761596
1790039813.6125624,84.0115705000353,166.1016949152542,-125.42372881355932,26862.0,25973.0,508.53581839611115,196.27698253884992
1790039813.7341762,84.13318400003482,172.88135593220335,-125.42372881355932,26908.0,26000.0,400.913035947238,235.31852109946578
1790039813.851483,84.25049070001114,179.66101694915255,-125.42372881355932,26965.0,26013.0,493.42223291588635,107.65575990892066
1790039813.9717243,84.37073150003562,186.4406779661017,-125.42372881355932,27026.0,26028.0,490.72701225586326,131.44473542567766
1790039814.0911434,84.49015040002996,193.22033898305085,-125.42372881355932,27094.0,26042.0,553.2172304700001,126.9678889603279
1790039814.2068672,84.60587420000229,200.0,-125.42372881355932,27155.0,26057.0,529.516916303266,127.81442807320214
1790039814.3216307,84.72063680004794,-200.0,-118.64406779661017,27214.0,26074.0,502.7730216427465,146.26124265970807
1790039814.4421263,84.84113260003505,-193.22033898305085,-118.64406779661017,27278.0,26086.0,542.4307721875963,104.98660106856701
1790039814.565419,84.96442550001666,-186.4406779661017,-118.64406779661017,27330.0,26104.0,417.65024760432846,130.51570237635264
1790039814.6815536,85.08055830001831,-179.66101694915255,-118.64406779661017,27396.0,26120.0,555.7630808630855,136.66305267125054
1790039814.8021026,85.20110760000534,-172.8813559322034,-118.64406779661017,27450.0,26138.0,439.7734638680541,149.52297771513838
1790039814.922209,85.32121429999825,-166.10169491525426,-118.64406779661017,27515.0,26155.0,570.5513487540242,142.63783718850604
1790039815.0425277,85.44153280003229,-159.32203389830508,-118.64406779661017,27578.0,26175.0,532.9936386714504,177.66454622381679
1790039815.1611428,85.56014800001867,-152.54237288135593,-118.64406779661017,27633.0,26203.0,452.7160299067774,230.79640740345516
1790039815.2846093,85.68361250002636,-145.76271186440678,-118.64406779661017,27691.0,26226.0,514.1171048375829,183.6132517277082
1790039815.4026716,85.80167430004803,-138.98305084745763,-118.64406779661017,27756.0,26253.0,548.5680576389942,215.83005546452233
1790039815.5199947,85.918999000045,-132.20338983050848,-118.64406779661017,27815.0,26274.0,496.05993124106556,180.38542954220566
1790039815.6375792,86.03658270003507,-125.42372881355932,-118.64406779661017,27864.0,26305.0,418.4823160007051,258.2124928514989
1790039815.7537131,86.15271550003672,-118.64406779661017,-118.64406779661017,27905.0,26337.0,355.5357831812368,264.3727618527145
1790039815.8724957,86.27149800001644,-111.86440677966102,-118.64406779661017,27950.0,26373.0,383.5714520583077,301.37756947438464
1790039815.9907784,86.38978050003061,-105.08474576271186,-118.64406779661017,27993.0,26414.0,381.18979072116593,363.46003301320474
1790039816.10918,86.50818210002035,-98.30508474576271,-118.64406779661017,28025.0,26452.0,288.7372617245172,333.85245886897303
1790039816.2245684,86.62357140000677,-91.52542372881356,-118.64406779661017,28058.0,26492.0,281.9822441569207,309.27084843017104
1790039816.3441167,86.74311880004825,-84.74576271186442,-118.64406779661017,28092.0,26527.0,280.4409934778848,297.9685555702526
1790039816.4599004,86.85890210000798,-77.96610169491527,-118.64406779661017,28128.0,26572.0,330.7227669324388,376.6564845619442
1790039816.5733018,86.97230330004822,-71.18644067796612,-118.64406779661017,28166.0,26631.0,314.7830449505662,509.2078668317983
1790039816.6870418,87.08604389999527,-64.40677966101697,-118.64406779661017,28193.0,26671.0,248.55103943045407,368.22376211919124
1790039816.808293,87.20729400002165,-57.62711864406779,-118.64406779661017,28219.0,26724.0,224.13870397114047,448.27740794228095
1790039816.9285288,87.3275280999951,-50.847457627118644,-118.64406779661017,28245.0,26768.0,222.87122323064924,374.42365502749067
1790039817.0417187,87.44071809999878,-44.067796610169495,-118.64406779661017,28262.0,26814.0,158.18544548118314,418.7261792148965
1790039817.162344,87.56134500005282,-37.288135593220346,-118.64406779661017,28278.0,26856.0,140.14508520498325,359.12178083776956
1790039817.2771208,87.6761207000236,-30.508474576271198,-118.64406779661017,28288.0,26902.0,82.93409779522318,405.45558922109115
1790039817.3943462,87.79334610002115,-23.72881355932205,-118.64406779661017,28301.0,26959.0,118.08573936348589,490.5099942790952
1790039817.5084379,87.90743750002002,-16.9491525423729,-118.64406779661017,28311.0,27016.0,92.55051640798929,499.7727886031422
1790039817.6234887,88.0224885000498,-10.169491525423723,-118.64406779661017,28324.0,27064.0,109.8219237520117,430.13586802871254
1790039817.7407396,88.13973900000565,-3.3898305084745743,-118.64406779661017,28340.0,27121.0,143.19915867519794,474.3472131115932
1790039817.8567872,88.25578600005247,3.3898305084745743,-118.64406779661017,28359.0,27186.0,166.34352890819537,572.9610440171174
1790039817.9708207,88.36981920001563,10.169491525423723,-118.64406779661017,28371.0,27253.0,110.12124348177737,596.4900688596274
1790039818.0888717,88.4878686000011,16.94915254237287,-118.64406779661017,28387.0,27305.0,142.16775621650095,453.1597229400968
1790039818.206577,88.6055755999987,23.72881355932202,-118.64406779661017,28403.0,27369.0,143.73301591464983,556.965436669268
1790039818.3216136,88.72061120002763,30.50847457627117,-118.64406779661017,28417.0,27431.0,129.46073135433366,545.5845107075489
1790039818.4397578,88.83875520003494,37.28813559322032,-118.64406779661017,28437.0,27489.0,172.55174060245324,490.4102101332881
1790039818.5542245,88.9532210000325,44.06779661016947,-118.64406779661017,28452.0,27545.0,137.72346775336104,504.98604842899044
1790039818.675339,89.07433640002273,50.847457627118644,-118.64406779661017,28468.0,27607.0,131.35598790710543,525.4239516284217
1790039818.7873018,89.18629810004495,57.627118644067764,-118.64406779661017,28494.0,27656.0,234.06376829978564,440.039884403597
1790039818.9052656,89.3042614000151,64.40677966101691,-118.64406779661017,28526.0,27700.0,277.62636860728463,379.422703763289
1790039819.02409,89.42308620002586,71.18644067796606,-118.64406779661017,28562.0,27735.0,300.0188835599577,300.0188835599577
1790039819.1398778,89.53887400001986,77.96610169491527,-118.64406779661017,28595.0,27780.0,292.2273017243856,401.8125398710302
1790039819.2551425,89.6541388000478,84.74576271186442,-118.64406779661017,28631.0,27827.0,283.3961831975486,420.5233686157173
1790039819.373926,89.77292080002371,91.52542372881356,-118.64406779661017,28658.0,27870.0,221.01645476926154,340.7337011026115
1790039819.4917438,89.89073780004401,98.30508474576271,-118.64406779661017,28696.0,27922.0,339.05291822686,446.12226082481584
1790039819.6105049,90.00949970004149,105.08474576271186,-118.64406779661017,28746.0,27957.0,401.90305560039127,294.72890744028695
1790039819.7273142,90.12630920001538,111.86440677966101,-118.64406779661017,28798.0,27991.0,449.16486772937225,296.4488127013857
1790039819.8456979,90.24469280004269,118.64406779661016,-118.64406779661017,28845.0,28021.0,408.83001738347315,266.62827220661296
1790039819.967442,90.36643520003418,125.42372881355931,-118.64406779661017,28884.0,28044.0,342.5586788765569,198.32344566537503
1790039820.088448,90.48744029999943,132.20338983050846,-118.64406779661017,28940.0,28075.0,477.0135829432844,268.86220129530574
1790039820.2060063,90.60500010004034,138.9830508474576,-118.64406779661017,28992.0,28098.0,454.01384570003785,199.76609210801664
1790039820.3168118,90.71580470004119,145.76271186440675,-118.64406779661017,29038.0,28113.0,406.73130857142814,141.88301461794006
1790039820.438948,90.83793989999685,152.5423728813559,-118.64406779661017,29090.0,28133.0,454.3721289554761,178.18514860999065
1790039820.556306,90.95529770001303,159.32203389830505,-118.64406779661017,29137.0,28147.0,411.2209686209458,116.21462156678903
1790039820.6813173,91.08030940004392,166.1016949152542,-118.64406779661017,29202.0,28162.0,532.1781968652703,118.2618215256156
1790039820.7980022,91.19699310004944,172.88135593220335,-118.64406779661017,29274.0,28183.0,620.7042864454678,176.02061854423712
1790039820.9268253,91.32581680000294,179.66101694915255,-118.64406779661017,29347.0,28202.0,607.4720851750571,151.8680212937643
1790039821.043256,91.44224720000057,186.4406779661017,-118.64406779661017,29418.0,28220.0,587.3433825912706,153.61288467771692
1790039821.1646967,91.56368780002231,193.22033898305085,-118.64406779661017,29488.0,28243.0,555.5145673158861,199.63804762914654
1790039821.2872472,91.68623680004384,200.0,-118.64406779661017,29575.0,28259.0,690.3400191488748,123.90718292415701
1790039821.4052458,91.80423589999555,-200.0,-111.86440677966102,29627.0,28273.0,451.5532981639114,117.40385752261696
1790039821.522539,91.92153010005131,-193.22033898305085,-111.86440677966102,29697.0,28290.0,608.1146087724711,154.29773655420908
1790039821.6379354,92.03692630003206,-186.4406779661017,-111.86440677966102,29768.0,28306.0,607.8608198705033,136.0882432545903
1790039821.7576544,92.15664420003304,-179.66101694915255,-111.86440677966102,29825.0,28324.0,472.3595321212149,139.9583798877674
1790039821.874365,92.27335430000676,-172.8813559322034,-111.86440677966102,29875.0,28346.0,422.7858166001942,197.89974394051643
1790039821.9882169,92.38720690004993,-166.10169491525426,-111.86440677966102,29921.0,28360.0,417.53459743483035,129.89965253528055
1790039822.1073103,92.50629859999754,-159.32203389830508,-111.86440677966102,29980.0,28379.0,485.76034784610886,164.97521247603697
1790039822.230507,92.62949530000333,-152.54237288135593,-111.86440677966102,30042.0,28404.0,530.0067752071734,212.00271008286936
1790039822.3468077,92.74579559999984,-145.76271186440678,-111.86440677966102,30098.0,28429.0,490.45786966936384,227.0638285506314
1790039822.464472,92.86346040002536,-138.98305084745763,-111.86440677966102,30142.0,28453.0,377.65471041685936,206.81091284732776
1790039822.5803888,92.97937620000448,-132.20338983050848,-111.86440677966102,30193.0,28474.0,432.7143064094321,174.9270600378555
1790039822.7000582,93.09904620004818,-125.42372881355932,-111.86440677966102,30232.0,28505.0,335.49403262425363,273.69250029873325
1790039822.817249,93.2162370000151,-118.64406779661017,-111.86440677966102,30279.0,28543.0,383.88058651019,330.31585350876816
1790039822.9320798,93.33106810000027,-111.86440677966102,-111.86440677966102,30308.0,28585.0,237.56181173286333,383.7536958761639
1790039823.0484202,93.44740760000423,-105.08474576271186,-111.86440677966102,30343.0,28625.0,311.0104087950354,356.7472336178347
1790039823.163563,93.56255030003376,-98.30508474576271,-111.86440677966102,30380.0,28658.0,336.48232291192244,254.63527139280617
1790039823.2766094,93.6755968000507,-91.52542372881356,-111.86440677966102,30409.0,28699.0,231.51449371920975,370.4231899507356
1790039823.3900414,93.78902850003215,-84.74576271186442,-111.86440677966102,30442.0,28734.0,276.9865708444625,323.1509993185396
1790039823.5073047,93.90629150002496,-77.96610169491527,-111.86440677966102,30462.0,28766.0,162.02670202462315,270.0445033743719
1790039823.6287556,94.02774160000263,-71.18644067796612,-111.86440677966102,30481.0,28820.0,162.63277153997555,451.7576987221543
1790039823.7448375,94.14382360002492,-64.40677966101697,-111.86440677966102,30502.0,28865.0,189.34510041777216,405.73950089522606
1790039823.861851,94.26083580002887,-57.62711864406779,-111.86440677966102,30522.0,28915.0,162.49843139370344,442.3568410161927
1790039823.9821725,94.38115790003212,-50.847457627118644,-111.86440677966102,30543.0,28989.0,167.393064438278,607.9011287495359
1790039824.0998657,94.49885120004183,-44.067796610169495,-111.86440677966102,30559.0,29045.0,134.83764202258862,494.4046874161583
1790039824.2168694,94.61585360002937,-37.288135593220346,-111.86440677966102,30579.0,29106.0,180.32118817394723,495.8832674783549
1790039824.3385432,94.73752670001704,-30.508474576271198,-111.86440677966102,30591.0,29158.0,104.45700636051946,435.23752650216437
1790039824.4606068,94.85959060001187,-23.72881355932205,-111.86440677966102,30607.0,29213.0,113.00967360861627,460.73174625051246
1790039824.5725768,94.9715603000368,-16.9491525423729,-111.86440677966102,30624.0,29264.0,160.45758732275416,481.37276196826247
1790039824.6923032,95.09128010005224,-10.169491525423723,-111.86440677966102,30634.0,29323.0,72.52670344267833,480.4894103077439
1790039824.8089478,95.20793000003323,-3.3898305084745743,-111.86440677966102,30649.0,29386.0,127.44234140242827,546.1814631532641
1790039824.9282324,95.32721489999676,3.3898305084745743,-111.86440677966102,30663.0,29446.0,124.13867708643966,514.2888050723928
1790039825.048315,95.44729750003899,10.169491525423723,-111.86440677966102,30683.0,29518.0,158.60917379058293,581.5669705654707
1790039825.1692753,95.56825720000779,16.94915254237287,-111.86440677966102,30706.0,29579.0,199.0826617018873,510.69030610484134
1790039825.2856102,95.68459190003341,23.72881355932202,-111.86440677966102,30731.0,29636.0,201.10277439586164,493.6159007898422
1790039825.4059289,95.80490960000316,30.50847457627117,-111.86440677966102,30744.0,29695.0,104.84286676374839,480.5298060005135
1790039825.5250473,95.9240297000506,37.28813559322032,-111.86440677966102,30765.0,29742.0,168.74309480998195,417.4171292667975
1790039825.6441646,96.04314570000861,44.06779661016947,-111.86440677966102,30785.0,29802.0,150.42543854350396,495.5190916727189
1790039825.7620647,96.16104510001605,50.847457627118644,-111.86440677966102,30813.0,29848.0,226.13240319715135,388.9477334991003
1790039825.8799517,96.27893170004245,57.627118644067764,-111.86440677966102,30836.0,29904.0,197.60023501453085,494.00058753632715
1790039825.9975781,96.39655950001907,64.40677966101691,-111.86440677966102,30864.0,29959.0,243.60426036057987,478.18614070780495
1790039826.120946,96.5199266000418,71.18644067796606,-111.86440677966102,30900.0,30000.0,306.2542215774632,340.2824684194036
1790039826.2343693,96.63334920001216,77.96610169491527,-111.86440677966102,30943.0,30048.0,365.6516238710518,421.90571985121363
1790039826.3533828,96.75236260000383,84.74576271186442,-111.86440677966102,30976.0,30088.0,293.80341876487927,338.3190882747095
1790039826.4718442,96.87082440004451,91.52542372881356,-111.86440677966102,31016.0,30131.0,338.48001092692556,356.2947483441322
1790039826.603473,97.002451700042,98.30508474576271,-111.86440677966102,31053.0,30177.0,266.0458929746608,340.8713003737841
1790039826.7309184,97.12989710003603,105.08474576271186,-111.86440677966102,31105.0,30207.0,398.01839904950816,229.9661861174936
1790039826.8494184,97.24839680001605,111.86440677966101,-111.86440677966102,31153.0,30238.0,409.03323204328484,266.7608035064901
1790039826.9690788,97.36805810005171,118.64406779661016,-111.86440677966102,31210.0,30263.0,476.16570206235133,220.44708428812564
1790039827.0859506,97.484929200029,125.42372881355931,-111.86440677966102,31263.0,30289.0,471.1446969927098,230.95328283956363
1790039827.208229,97.60720670002047,132.20338983050846,-111.86440677966102,31315.0,30309.0,429.8198247145089,170.1370139494931
1790039827.3223624,97.72133930004202,138.9830508474576,-111.86440677966102,31358.0,30335.0,370.2147430483407,240.63958298142148
1790039827.4401014,97.83907960000215,145.76271186440675,-111.86440677966102,31423.0,30355.0,523.1328439995675,153.33204048263184
1790039827.5554214,97.95439740002621,152.5423728813559,-111.86440677966102,31484.0,30370.0,520.9280562075726,137.08633058094017
1790039827.6757178,98.07469450001372,159.32203389830505,-111.86440677966102,31540.0,30387.0,465.4119861998463,149.28308991315825
1790039827.7874587,98.18643590004649,166.1016949152542,-111.86440677966102,31597.0,30406.0,528.9575945139022,179.46775528150252
1790039827.9012878,98.30026400001952,172.88135593220335,-111.86440677966102,31674.0,30428.0,678.3932670921823,185.86116906635132
1790039828.020969,98.41994380002143,179.66101694915255,-111.86440677966102,31746.0,30441.0,586.3203585606991,113.76365166103116
1790039828.1385164,98.53749270003755,186.4406779661017,-111.86440677966102,31817.0,30464.0,621.3745536740527,191.89508275228098
1790039828.2559667,98.65494320000289,193.22033898305085,-111.86440677966102,31871.0,30476.0,439.1507361766949,107.54711906368038
1790039828.376522,98.77549770002952,200.0,-111.86440677966102,31945.0,30493.0,641.4427814872915,158.0366273229559
1790039828.4906232,98.88959880004404,-200.0,-105.08474576271186,31999.0,30504.0,467.89463017924237,91.74404513318478
1790039828.606094,99.00506920000771,-193.22033898305085,-105.08474576271186,32067.0,30524.0,598.0286799445737,172.15977149919547
1790039828.7234225,99.12239740003133,-186.4406779661017,-105.08474576271186,32140.0,30544.0,614.6182953058523,160.33520747109188
1790039828.8435469,99.2425218000426,-179.66101694915255,-105.08474576271186,32213.0,30559.0,590.9842270060269,123.48924146394592
1790039828.9598267,99.3588013999979,-172.8813559322034,-105.08474576271186,32262.0,30582.0,449.8307511904815,196.80095364583565
1790039829.0729592,99.4719339000294,-166.10169491525426,-105.08474576271186,32324.0,30604.0,546.298825439096,175.9267403956411
1790039829.1887553,99.58772820001468,-159.32203389830508,-105.08474576271186,32376.0,30628.0,461.04070452493914,198.88030391271883
1790039829.3054655,99.70443870004965,-152.54237288135593,-105.08474576271186,32421.0,30644.0,377.7345281090584,143.89886785106984
1790039829.4219356,99.82090780005092,-145.76271186440678,-105.08474576271186,32480.0,30668.0,502.4620643145066,210.12049962243003
1790039829.548954,99.94792700000107,-138.98305084745763,-105.08474576271186,32532.0,30693.0,434.5736354442166,208.59534501322398
1790039829.6651392,100.0641119000502,-132.20338983050848,-105.08474576271186,32580.0,30722.0,389.65722850603896,262.7920843412821
1790039829.7854042,100.18437690002611,-125.42372881355932,-105.08474576271186,32623.0,30753.0,331.8713527374395,253.27024287857225
1790039829.9007099,100.2996800999972,-118.64406779661017,-105.08474576271186,32660.0,30785.0,311.5239109382047,274.8740390631218
1790039830.0141351,100.41310740000335,-111.86440677966102,-105.08474576271186,32697.0,30829.0,330.6765831783859,349.57238793143654
1790039830.1285915,100.52756340004271,-105.08474576271186,-105.08474576271186,32725.0,30873.0,229.56229812768484,394.8471527796179
1790039830.2462943,100.64526600000681,-98.30508474576271,-105.08474576271186,32761.0,30915.0,304.625377870523,331.5040876826279
1790039830.3653235,100.76429420005297,-91.52542372881356,-105.08474576271186,32792.0,30958.0,267.33297924912625,338.6217737155599
1790039830.486186,100.88515600003302,-84.74576271186442,-105.08474576271186,32820.0,31010.0,233.73243863540162,406.86757836532877
1790039830.602013,101.00098400004208,-77.96610169491527,-105.08474576271186,32841.0,31062.0,192.04530078128172,457.2507161459088
1790039830.716994,101.11596460000146,-71.18644067796612,-105.08474576271186,32862.0,31117.0,176.77756822299443,483.8122919787216
1790039830.8323786,101.23134910000954,-64.40677966101697,-105.08474576271186,32889.0,31175.0,242.2941151626634,503.2262391839932
1790039830.9486456,101.34761480003363,-57.62711864406779,-105.08474576271186,32913.0,31222.0,207.01436689440854,396.0274844936511
1790039831.0649705,101.46394000004511,-50.847457627118644,-105.08474576271186,32937.0,31277.0,199.69990546513012,481.0952268023589
1790039831.1850421,101.58401069999672,-44.067796610169495,-105.08474576271186,32951.0,31329.0,116.38171056527909,429.7170851641074
1790039831.3060963,101.70506450004177,-37.288135593220346,-105.08474576271186,32974.0,31392.0,181.5550920221025,481.1209938585717
1790039831.4239237,101.82289190002484,-30.508474576271198,-105.08474576271186,32989.0,31441.0,134.4749961774526,385.4949890420308
1790039831.5385277,101.9374964000308,-23.72881355932205,-105.08474576271186,32999.0,31497.0,91.62106991721186,448.94324259433813
1790039831.6571305,102.05609890003689,-16.9491525423729,-105.08474576271186,33015.0,31564.0,144.0245129994831,558.0949878729971
1790039831.7726316,102.1715996999992,-10.169491525423723,-105.08474576271186,33034.0,31637.0,172.19534563124415,643.4668178851755
1790039831.887743,102.28671140002552,-3.3898305084745743,-105.08474576271186,33048.0,31697.0,119.65994484550721,524.6628350918393
1790039832.00729,102.40625690005254,3.3898305084745743,-105.08474576271186,33060.0,31752.0,109.74368446982949,484.7012730750802
1790039832.12955,102.52851650002412,10.169491525423723,-105.08474576271186,33080.0,31807.0,165.78654370071692,453.73159328617265
1790039832.247756,102.64672230003634,16.94915254237287,-105.08474576271186,33103.0,31870.0,205.6661929980744,545.4625118644582
1790039832.3632848,102.7622502000304,23.72881355932202,-105.08474576271186,33116.0,31922.0,110.01543878430435,449.22970836924276
1790039832.483464,102.88242860004539,30.50847457627117,-105.08474576271186,33136.0,31974.0,172.07666647949765,461.8899994975989
1790039832.6105328,103.00949910003692,37.28813559322032,-105.08474576271186,33154.0,32025.0,157.51035627247114,393.7758906811779
1790039832.730498,103.12946340005146,44.06779661016947,-105.08474576271186,33178.0,32078.0,192.2796235619804,445.7391273482273
1790039832.847498,103.24646430002758,50.847457627118644,-105.08474576271186,33198.0,32119.0,171.87881640691936,352.8038863089397
1790039832.9661522,103.36511700000847,57.627118644067764,-105.08474576271186,33232.0,32168.0,301.22803576708844,416.4034612074458
1790039833.0855455,103.48451020003995,64.40677966101691,-105.08474576271186,33268.0,32205.0,306.5308194295352,306.5308194295352
1790039833.2022913,103.60125530004734,71.18644067796606,-105.08474576271186,33294.0,32249.0,233.5474784944521,395.23419437522665
1790039833.318859,103.71782370004803,77.96610169491527,-105.08474576271186,33327.0,32294.0,299.9563700058683,390.8522397046163
1790039833.435891,103.83485600003041,84.74576271186442,-105.08474576271186,33365.0,32335.0,323.56060472424525,350.52398845126567
1790039833.5497358,103.9486986999982,91.52542372881356,-105.08474576271186,33399.0,32364.0,297.61046700171397,251.10883153269617
1790039833.6654625,104.06442690000404,98.30508474576271,-105.08474576271186,33445.0,32402.0,384.66892825136887,320.55744020947407
1790039833.782275,104.18123830005061,105.08474576271186,-105.08474576271186,33486.0,32442.0,348.976425410329,348.976425410329
1790039833.9038615,104.30282510002144,111.86440677966101,-105.08474576271186,33526.0,32479.0,323.19717124308926,305.7270538785979
1790039834.0203488,104.41931250004563,118.64406779661016,-105.08474576271186,33580.0,32505.0,408.2847322911761,217.7518572219606
1790039834.1397176,104.53868080000393,125.42372881355931,-105.08474576271186,33628.0,32533.0,394.480146867008,206.20553131684508
1790039834.253167,104.65213000000222,132.20338983050846,-105.08474576271186,33684.0,32560.0,507.6582553520117,221.52360233542328
1790039834.368243,104.76720550004393,138.9830508474576,-105.08474576271186,33762.0,32586.0,681.9539526884246,236.41070359865384
1790039834.4820366,104.88099900004454,145.76271186440675,-105.08474576271186,33822.0,32606.0,533.774095618186,174.85703132319887
1790039834.601037,104.99999949999619,152.5423728813559,-105.08474576271186,33868.0,32630.0,386.2396844656498,175.56349293893174
1790039834.7155578,105.11451800004579,159.32203389830505,-105.08474576271186,33924.0,32651.0,462.09183409332564,175.59489695546372
1790039834.837963,105.23692410002695,166.1016949152542,-105.08474576271186,33992.0,32664.0,560.2402888706258,117.4697379890022
1790039834.9556649,105.3546261000447,172.88135593220335,-105.08474576271186,34068.0,32685.0,647.4505732923636,179.84738147010103
1790039835.072171,105.4711316000321,179.66101694915255,-105.08474576271186,34128.0,32704.0,493.942025512452,152.6729897038488
1790039835.1875606,105.58652160002384,186.4406779661017,-105.08474576271186,34185.0,32722.0,501.62377490165375,157.9185958023725
1790039835.303076,105.70203600003151,193.22033898305085,-105.08474576271186,34249.0,32740.0,579.5993700947978,153.95608268143067
1790039835.4229853,105.82194540003547,200.0,-105.08474576271186,34296.0,32765.0,394.2274586720141,210.25464462507418
1790039835.5390966,105.9380555000389,-200.0,-98.30508474576271,34357.0,32779.0,520.9932873829708,127.96326356774723
1790039835.6555505,106.05450990004465,-193.22033898305085,-98.30508474576271,34407.0,32800.0,441.39928980619544,189.1711242026552
1790039835.7737505,106.17270910000661,-186.4406779661017,-98.30508474576271,34468.0,32818.0,528.3490614083353,143.2811013988706
1790039835.8988993,106.29785890004132,-179.66101694915255,-98.30508474576271,34523.0,32853.0,439.76749825314204,270.62615277116436
1790039836.0178947,106.41685290000169,-172.8813559322034,-98.30508474576271,34592.0,32891.0,544.6720361131526,312.51674203213673
1790039836.136523,106.53548180003418,-166.10169491525426,-98.30508474576271,34648.0,32912.0,449.6216884665579,161.86380784796086
1790039836.257168,106.65612630004762,-159.32203389830508,-98.30508474576271,34695.0,32936.0,377.60437252611223,193.1929347808016
1790039836.3732083,106.77216670004418,-152.54237288135593,-98.30508474576271,34739.0,32974.0,345.9240587031811,327.71752929775056
1790039836.4960086,106.89496639999561,-145.76271186440678,-98.30508474576271,34804.0,33000.0,548.2676569810494,210.16926850940226
1790039836.6133254,107.01227900001686,-138.98305084745763,-98.30508474576271,34853.0,33026.0,419.37662793970725,231.99558141345508
1790039836.723946,107.12290340004256,-132.20338983050848,-98.30508474576271,34897.0,33059.0,382.6583080388623,306.12664643108985
1790039836.841393,107.24035060004098,-125.42372881355932,-98.30508474576271,34931.0,33099.0,279.2470777777805,324.28692903226124
1790039836.95847,107.35742620000383,-118.64406779661017,-98.30508474576271,34968.0,33138.0,310.2325649618684,337.60602657615084
1790039837.078732,107.47768780001206,-111.86440677966102,-98.30508474576271,34999.0,33180.0,285.057995476331,340.2305107298144
1790039837.192321,107.59127620002255,-105.08474576271186,-98.30508474576271,35027.0,33217.0,249.68073229680422,314.4127740033831
1790039837.3069475,107.7059045000351,-98.30508474576271,-98.30508474576271,35051.0,33255.0,213.76299071954764,334.58555069146587
1790039837.427133,107.82608890003758,-91.52542372881356,-98.30508474576271,35076.0,33292.0,208.61057534188478,312.9158630128272
1790039837.5465248,107.94547880004393,-84.74576271186442,-98.30508474576271,35095.0,33353.0,146.9325533654125,495.89736760826725
1790039837.6652184,108.06416870001704,-77.96610169491527,-98.30508474576271,35118.0,33394.0,204.7813781157737,329.43091262102723
1790039837.782641,108.18159550003475,-71.18644067796612,-98.30508474576271,35134.0,33436.0,134.25065318245964,358.0017418198924
1790039837.8993404,108.29829480004264,-64.40677966101697,-98.30508474576271,35154.0,33486.0,171.9147411668773,416.21463650928183
1790039838.0181122,108.41706490004435,-57.62711864406779,-98.30508474576271,35175.0,33548.0,181.89772068556826,545.6931620567048
1790039838.1371996,108.53615310002351,-50.847457627118644,-98.30508474576271,35190.0,33590.0,136.45506124608872,372.9771674059758
1790039838.255207,108.65416160004679,-44.067796610169495,-98.30508474576271,35210.0,33641.0,179.82619796466062,440.5741850134185
1790039838.371811,108.77076420001686,-37.288135593220346,-98.30508474576271,35221.0,33710.0,98.99430783005458,593.9658469803275
1790039838.491704,108.89065740001388,-30.508474576271198,-98.30508474576271,35241.0,33775.0,163.75233000981936,582.2305067015799
1790039838.6079416,109.00689520000014,-23.72881355932205,-98.30508474576271,35248.0,33825.0,63.07670125430434,414.5040368139999
1790039838.7189941,109.1179474000237,-16.9491525423729,-98.30508474576271,35266.0,33880.0,169.97311589111587,500.4763967905078
1790039838.8341842,109.23313580005197,-10.169491525423723,-98.30508474576271,35280.0,33932.0,128.17050339195572,439.4417259152768
1790039838.9587379,109.35768910002662,-3.3898305084745743,-98.30508474576271,35293.0,34001.0,105.88257089213484,564.7070447580525
1790039839.0799572,109.4789094000007,3.3898305084745743,-98.30508474576271,35309.0,34058.0,132.87506197022714,451.77521069877224
1790039839.1967363,109.59568790002959,10.169491525423723,-98.30508474576271,35326.0,34122.0,153.59775642530653,560.1800528452355
1790039839.314344,109.71329570002854,16.94915254237287,-98.30508474576271,35346.0,34188.0,169.365219210457,570.4933699720658
1790039839.4337778,109.83272920001764,23.72881355932202,-98.30508474576271,35368.0,34247.0,170.4739174936097,475.5325066927007
1790039839.555627,109.95457810000516,30.50847457627117,-98.30508474576271,35395.0,34304.0,209.32116237713745,455.0460051676901
1790039839.673394,110.07234490005067,37.28813559322032,-98.30508474576271,35425.0,34366.0,267.0101010099754,525.1198653196183
1790039839.792637,110.19158770004287,44.06779661016947,-98.30508474576271,35453.0,34403.0,237.2433378795448,316.32445050605975
1790039839.9077163,110.3066669999971,50.847457627118644,-98.30508474576271,35483.0,34452.0,273.4987879201853,419.3648081442841
1790039840.0211754,110.420125500008,57.627118644067764,-98.30508474576271,35510.0,34492.0,242.27763332831475,363.4164499924721
1790039840.1405654,110.53951510001207,64.40677966101691,-98.30508474576271,35545.0,34529.0,306.21249479898216,306.21249479898216
1790039840.2537854,110.65273420000449,71.18644067796606,-98.30508474576271,35579.0,34566.0,296.07369278194517,342.3352072791241
1790039840.3694327,110.76838250004221,77.96610169491527,-98.30508474576271,35614.0,34609.0,318.3311444260823,372.9021977562678
1790039840.4841225,110.88307110004826,84.74576271186442,-98.30508474576271,35654.0,34648.0,356.2782625012418,319.73690224470414
1790039840.6055627,111.00451060000341,91.52542372881356,-98.30508474576271,35702.0,34680.0,412.41346194578773,274.94230796385847
1790039840.7215543,111.12050320004346,98.30508474576271,-98.30508474576271,35742.0,34711.0,346.8093086258793,273.7968225993784
1790039840.8355515,111.23449980001897,105.08474576271186,-98.30508474576271,35795.0,34736.0,478.01015410860043,220.62007112704637
1790039840.9530218,111.35197020001942,111.86440677966101,-98.30508474576271,35846.0,34754.0,413.07063242443184,161.63633442695158
1790039841.0732713,111.47221730003366,118.64406779661016,-98.30508474576271,35890.0,34773.0,378.5054667026668,158.44414885227914
1790039841.1935344,111.59248110000044,125.42372881355931,-98.30508474576271,35927.0,34793.0,310.293590998442,177.31062342768118
1790039841.3083172,111.70726380002452,132.20338983050846,-98.30508474576271,35977.0,34804.0,430.3666723336183,91.5673770922592
1790039841.4288058,111.82775350002339,138.9830508474576,-98.30508474576271,36041.0,34830.0,506.0824787119612,189.78092951698545
1790039841.5487247,111.94767070002854,145.76271186440675,-98.30508474576271,36111.0,34848.0,595.2907094421757,153.3324554623786
1790039841.6671214,112.06606790004298,152.5423728813559,-98.30508474576271,36173.0,34868.0,543.6991508097846,169.3489158259985
1790039841.780559,112.17950490000658,159.32203389830505,-98.30508474576271,36246.0,34880.0,676.1437946366318,92.62243762145641
1790039841.9007976,112.29974260000745,166.1016949152542,-98.30508474576271,36323.0,34902.0,661.8589965437161,193.04220732525053
1790039842.01754,112.4164860000019,172.88135593220335,-98.30508474576271,36398.0,34926.0,651.0917089488584,207.98762924755198
1790039842.1415777,112.54052310000407,179.66101694915255,-98.30508474576271,36477.0,34945.0,649.2455258936706,160.20344145428234
1790039842.257238,112.6561822000076,186.4406779661017,-98.30508474576271,36544.0,34960.0,574.7270278124147,139.04686156751967
1790039842.3751595,112.77410340000642,193.22033898305085,-98.30508474576271,36605.0,34974.0,516.1478639278873,124.58741543086936
1790039842.4941301,112.89307430002373,200.0,-98.30508474576271,36671.0,34987.0,540.2188505220023,106.27256075842669
1790039842.6127605,113.01170510001248,-200.0,-91.52542372881356,36723.0,35006.0,419.6454800796803,169.64391747901968
1790039842.7295985,113.12854190001963,-193.22033898305085,-91.52542372881356,36784.0,35027.0,515.1206301246739,165.57448825435947
1790039842.8486814,113.24762550002197,-186.4406779661017,-91.52542372881356,36841.0,35049.0,487.7402350613756,184.0529188910851
1790039842.9641502,113.36309320002329,-179.66101694915255,-91.52542372881356,36896.0,35066.0,498.63509970149113,145.0574835495247
1790039843.0877664,113.48671010002727,-172.8813559322034,-91.52542372881356,36951.0,35095.0,451.21935655251207,246.89361018911038
1790039843.2108884,113.60983080003643,-166.10169491525426,-91.52542372881356,37005.0,35124.0,421.8406717929847,232.44281915123648
1790039843.3346384,113.7335802000016,-159.32203389830508,-91.52542372881356,37051.0,35160.0,368.5477813619312,263.24841525852224
1790039843.4506664,113.84960800001863,-152.54237288135593,-91.52542372881356,37095.0,35184.0,334.4309296326823,207.8894967986944
1790039843.5711439,113.97008640004788,-145.76271186440678,-91.52542372881356,37130.0,35204.0,281.42110624498935,167.09378183296243
1790039843.6911278,114.09007030003704,-138.98305084745763,-91.52542372881356,37173.0,35237.0,356.83140677278794,278.5025613836394
1790039843.8077605,114.2067023999989,-132.20338983050848,-91.52542372881356,37208.0,35281.0,322.07689895354264,377.2900816312928
1790039843.923617,114.32255740003893,-125.42372881355932,-91.52542372881356,37239.0,35314.0,271.1837442095976,298.3021186305574
1790039844.0397782,114.43871950003086,-118.64406779661017,-91.52542372881356,37274.0,35347.0,300.0578293292187,281.8725063395691
1790039844.1576972,114.55663860001368,-111.86440677966102,-91.52542372881356,37300.0,35396.0,222.14560668505243,408.74791630049646
1790039844.2740507,114.6729914000025,-105.08474576271186,-91.52542372881356,37328.0,35443.0,237.20290338288365,392.29710944092295
1790039844.399919,114.79885980003746,-98.30508474576271,-91.52542372881356,37350.0,35493.0,190.2801285605374,389.62121562395754
1790039844.5173776,114.91631699999562,-91.52542372881356,-91.52542372881356,37379.0,35535.0,258.8802625054834,357.0762241454944
1790039844.63297,115.03190880001057,-84.74576271186442,-91.52542372881356,37406.0,35594.0,247.15927028206622,512.6266346591003
1790039844.7516253,115.15056520001963,-77.96610169491527,-91.52542372881356,37425.0,35655.0,161.88069394353258,548.5956850308604
1790039844.866553,115.2654910000274,-71.18644067796612,-91.52542372881356,37446.0,35716.0,184.23348276650285,552.7004482995086
1790039844.98895,115.38788769999519,-64.40677966101697,-91.52542372881356,37458.0,35779.0,105.84801462045768,538.0607409873265
1790039845.1101983,115.50913700001547,-57.62711864406779,-91.52542372881356,37473.0,35838.0,131.61531476452575,500.1381961051978
1790039845.2242892,115.62322840001434,-50.847457627118644,-91.52542372881356,37490.0,35886.0,147.76682767300747,387.88792264164465
1790039845.3388374,115.737776199996,-44.067796610169495,-91.52542372881356,37508.0,35938.0,146.15836437854816,429.34019536198525
1790039845.457519,115.85645740001928,-37.288135593220346,-91.52542372881356,37519.0,35987.0,83.7460930350556,381.50997938191995
1790039845.572299,115.97123670001747,-30.508474576271198,-91.52542372881356,37529.0,36045.0,91.17582164720355,510.5846012243399
1790039845.6867726,116.08571030001622,-23.72881355932205,-91.52542372881356,37549.0,36100.0,173.79357535770342,475.6455746631883
1790039845.801027,116.19996510003693,-16.9491525423729,-91.52542372881356,37561.0,36150.0,110.26786820890712,441.07147283562847
1790039845.9170089,116.31594680005219,-10.169491525423723,-91.52542372881356,37579.0,36214.0,145.88597003916573,537.9545145194237
1790039846.0398898,116.43882580002537,-3.3898305084745743,-91.52542372881356,37595.0,36271.0,132.52393598498597,503.5909567429467
1790039846.159563,116.5584983000299,3.3898305084745743,-91.52542372881356,37611.0,36334.0,122.57348277562794,525.3149261812625
1790039846.2795722,116.67850830004318,10.169491525423723,-91.52542372881356,37631.0,36382.0,166.6028022811867,403.3541528912941
1790039846.395669,116.79460580000887,16.94915254237287,-91.52542372881356,37651.0,36439.0,181.2126022637413,462.09213577254036
1790039846.5106618,116.90959700004896,23.72881355932202,-91.52542372881356,37679.0,36483.0,256.7747260537402,403.50314094159177
1790039846.6335957,117.03253030002816,30.50847457627117,-91.52542372881356,37712.0,36532.0,265.2848274138711,397.9272411208066
1790039846.751893,117.15082820004318,37.28813559322032,-91.52542372881356,37739.0,36585.0,243.44216403940288,450.8188222951905
1790039846.8699613,117.26889690000098,44.06779661016947,-91.52542372881356,37764.0,36626.0,190.60274023338005,335.82387564928865
1790039846.99634,117.39527310000267,50.847457627118644,-91.52542372881356,37805.0,36675.0,349.24223630988337,413.57633247223026
1790039847.1126425,117.51157520001289,57.627118644067764,-91.52542372881356,37838.0,36721.0,299.7051990814054,381.44298064906144
1790039847.2302103,117.62914500001352,64.40677966101691,-91.52542372881356,37886.0,36771.0,426.721480852199,408.5631199648714
1790039847.3492086,117.74814320000587,71.18644067796606,-91.52542372881356,37933.0,36814.0,398.6771008600121,380.9581185995671
1790039847.4648454,117.86377820000052,77.96610169491527,-91.52542372881356,37986.0,36850.0,471.2091225784925,299.03655855942793
1790039847.582359,117.98129170003813,84.74576271186442,-91.52542372881356,38021.0,36883.0,314.2781973474765,269.38131201212275
1790039847.701416,118.10034940001788,91.52542372881356,-91.52542372881356,38077.0,36910.0,492.7495424527166,228.77657328161843
1790039847.8156443,118.21457599999849,98.30508474576271,-91.52542372881356,38124.0,36934.0,376.2834938672754,201.90821622146487
1790039847.9342005,118.33313189999899,105.08474576271186,-91.52542372881356,38176.0,36952.0,443.1744050883768,159.54278583181565
1790039848.0465848,118.44551670004148,111.86440677966101,-91.52542372881356,38217.0,36979.0,338.374804495052,234.9825031215639
1790039848.161885,118.56081769999582,118.64406779661016,-91.52542372881356,38278.0,37002.0,558.236412021799,183.02833181042587
1790039848.2753475,118.67427850002423,125.42372881355931,-91.52542372881356,38329.0,37025.0,444.8596467954203,194.62609547299638
1790039848.3955088,118.7944396000239,132.20338983050846,-91.52542372881356,38389.0,37049.0,512.0296058672712,185.39002971056374
1790039848.5172827,118.91621280001709,138.9830508474576,-91.52542372881356,38438.0,37077.0,414.7033056306811,233.2706094172581
1790039848.6321814,119.0311120999977,145.76271186440675,-91.52542372881356,38520.0,37099.0,671.9038350219447,184.08324247176566
1790039848.7439466,119.1428762000287,152.5423728813559,-91.52542372881356,38596.0,37116.0,658.6270259762697,159.95227773709408
1790039848.8610327,119.25996370002395,159.32203389830505,-91.52542372881356,38664.0,37127.0,587.7470119298872,99.46487894198093
1790039848.9755595,119.37448820000282,166.1016949152542,-91.52542372881356,38722.0,37142.0,495.97661936480586,137.77128315689052
1790039849.092073,119.4910015000496,172.88135593220335,-91.52542372881356,38781.0,37164.0,500.92397725274867,191.26188222377675
1790039849.2097626,119.60869160003494,179.66101694915255,-91.52542372881356,38854.0,37191.0,615.5305602712425,226.29800009972152
1790039849.3255763,119.72450530005153,186.4406779661017,-91.52542372881356,38932.0,37201.0,695.2582473664718,82.3332135039243
1790039849.4412894,119.84021920000669,193.22033898305085,-91.52542372881356,38986.0,37217.0,456.45801375183817,146.0665644005882
1790039849.5564747,119.95540340000298,200.0,-91.52542372881356,39060.0,37237.0,613.3435678832683,167.27551851361864
1790039849.6733289,120.07225740002468,-200.0,-84.74576271186442,39120.0,37266.0,510.99506274402216,255.49753137201108
1790039849.7884977,120.18742490001023,-193.22033898305085,-84.74576271186442,39183.0,37289.0,530.2542020782339,201.1309042365715
1790039849.9080336,120.30696130002616,-186.4406779661017,-84.74576271186442,39243.0,37311.0,518.8461932883089,161.02123239982
1790039850.028582,120.42751020001015,-179.66101694915255,-84.74576271186442,39290.0,37337.0,385.8460887718522,224.3291213789838
1790039850.142893,120.54181960003916,-172.8813559322034,-84.74576271186442,39353.0,37371.0,526.0462091101496,286.09530670902876
1790039850.2579193,120.6568469000049,-166.10169491525426,-84.74576271186442,39411.0,37408.0,515.8114634654249,294.74940769452854
1790039850.3750992,120.77402690000599,-159.32203389830508,-84.74576271186442,39450.0,37453.0,321.4343114722652,401.79288934033156
1790039850.5017111,120.90063830005238,-152.54237288135593,-84.74576271186442,39496.0,37490.0,391.5573278845075,313.245862307606
1790039850.622426,121.0213514000061,-145.76271186440678,-84.74576271186442,39534.0,37514.0,317.7560251010739,217.88984578359353
1790039850.7332475,121.13217420002911,-138.98305084745763,-84.74576271186442,39561.0,37559.0,239.022188986093,420.6790526155237
1790039850.8501084,121.24903520004591,-132.20338983050848,-84.74576271186442,39612.0,37599.0,420.55832238196336,340.0258776705236
1790039850.9634566,121.36238260002574,-125.42372881355932,-84.74576271186442,39639.0,37636.0,233.21461153130886,326.50045614383237
1790039851.0782192,121.47714530001394,-118.64406779661017,-84.74576271186442,39671.0,37683.0,291.85443408454415,410.4202979313902
1790039851.1924145,121.59133950003888,-111.86440677966102,-84.74576271186442,39697.0,37723.0,238.41508984852203,348.45282362476297
1790039851.3088448,121.70776970003499,-105.08474576271186,-84.74576271186442,39721.0,37768.0,198.12162684720835,378.23219670830684
1790039851.4232326,121.8221580000245,-98.30508474576271,-84.74576271186442,39752.0,37819.0,247.772115704468,449.660506278479
1790039851.5404563,121.93937980005285,-91.52542372881356,-84.74576271186442,39768.0,37877.0,138.24171285020213,488.4540520707142
1790039851.6554093,122.05433310003718,-84.74576271186442,-84.74576271186442,39786.0,37927.0,164.3514418927949,429.1398760534089
1790039851.7740428,122.17296630004421,-77.96610169491527,-84.74576271186442,39805.0,37978.0,133.46929406744877,418.20378807800614
1790039851.889186,122.28811010002391,-71.18644067796612,-84.74576271186442,39822.0,38035.0,118.5494291757729,510.6744641417909
1790039852.0093105,122.40823330002604,-64.40677966101697,-84.74576271186442,39840.0,38084.0,144.79375935620183,389.1332282697924
1790039852.1295016,122.52842450002208,-57.62711864406779,-84.74576271186442,39854.0,38134.0,116.67773607724045,403.88447103660155
1790039852.2449522,122.64387450000504,-50.847457627118644,-84.74576271186442,39873.0,38197.0,165.38250217876418,551.2750072625473
1790039852.370143,122.7690666000126,-44.067796610169495,-84.74576271186442,39890.0,38250.0,125.65339771132359,385.3370863147257
1790039852.492737,122.89166010002373,-37.288135593220346,-84.74576271186442,39910.0,38314.0,147.3776743917768,502.8179479248856
1790039852.6064909,123.00541370001156,-30.508474576271198,-84.74576271186442,39923.0,38369.0,110.94469411059416,499.2511234976737
1790039852.7260492,123.12497040000744,-23.72881355932205,-84.74576271186442,39931.0,38433.0,61.53959765268441,545.065007780919
1790039852.8426738,123.24159470002633,-16.9491525423729,-84.74576271186442,39945.0,38485.0,125.93370844557704,431.7727146705499
1790039852.958495,123.35741710005095,-10.169491525423723,-84.74576271186442,39955.0,38538.0,81.66791284829206,480.93326455105324
1790039853.0795252,123.47844520001672,-3.3898305084745743,-84.74576271186442,39972.0,38585.0,147.50887871873607,390.46467896136016
1790039853.1959841,123.59490430000005,3.3898305084745743,-84.74576271186442,39988.0,38641.0,144.08819636883112,486.29766274480505
1790039853.31075,123.70967010001186,10.169491525423723,-84.74576271186442,40015.0,38704.0,221.43367225907485,553.5841806476872
1790039853.4354703,123.83439090003958,16.94915254237287,-84.74576271186442,40041.0,38766.0,215.8240464154578,526.610673253717
1790039853.5537603,123.95268050004961,23.72881355932202,-84.74576271186442,40072.0,38812.0,264.2653150144487,364.5038827785499
1790039853.671006,124.06992490001721,30.50847457627117,-84.74576271186442,40100.0,38860.0,232.59746060200152,429.4106964960028
1790039853.787057,124.18597700004466,37.28813559322032,-84.74576271186442,40124.0,38904.0,209.92392543291322,392.4664692876204
1790039853.901472,124.30039200000465,44.06779661016947,-84.74576271186442,40149.0,38948.0,228.73413032583605,393.422704160438
1790039854.0210347,124.41995250002947,50.847457627118644,-84.74576271186442,40180.0,39003.0,276.8994407878639,464.47648132157815
1790039854.1397839,124.53870220005047,57.627118644067764,-84.74576271186442,40222.0,39041.0,361.1171297508567,314.8200618340802
1790039854.2581174,124.65703520004172,64.40677966101691,-84.74576271186442,40274.0,39082.0,434.5081015212956,345.8329787618475
1790039854.378081,124.77699929999653,71.18644067796606,-84.74576271186442,40320.0,39119.0,399.9068660872503,319.9254928698003
1790039854.5051455,124.90406359999906,77.96610169491527,-84.74576271186442,40373.0,39164.0,452.78304488111615,369.6188121478499
1790039854.6181881,125.01710510003613,84.74576271186442,-84.74576271186442,40418.0,39191.0,399.41035895917133,250.7925509743634
1790039854.7416365,125.14055390004069,91.52542372881356,-84.74576271186442,40483.0,39214.0,544.1182097418692,170.03694054433416
1790039854.863998,125.2629151000292,98.30508474576271,-84.74576271186442,40539.0,39238.0,433.14339541013084,165.8847046251565
1790039854.9819274,125.38084370002616,105.08474576271186,-84.74576271186442,40602.0,39260.0,533.7128623874892,195.69471620874603
1790039855.093508,125.49242510000477,111.86440677966101,-84.74576271186442,40649.0,39280.0,429.4528292616985,171.7811317046794
1790039855.2109535,125.60987010004465,118.64406779661016,-84.74576271186442,40707.0,39290.0,498.6127879535394,80.13419806396169
1790039855.3279212,125.7268365000491,125.42372881355931,-84.74576271186442,40759.0,39306.0,451.7723769078969,138.2976664003766
1790039855.4416077,125.84052290004911,132.20338983050846,-84.74576271186442,40814.0,39325.0,502.9408067926762,167.64693559755872
1790039855.5597384,125.95865250000497,138.9830508474576,-84.74576271186442,40884.0,39341.0,624.5016432912678,126.71047834895289
1790039855.6770208,126.07593650004128,145.76271186440675,-84.74576271186442,40943.0,39354.0,516.9050221653014,115.85802220946411
1790039855.7993686,126.19828460004646,152.5423728813559,-84.74576271186442,41005.0,39373.0,508.2259381886056,163.6659800946357
1790039855.9232676,126.32218170003034,159.32203389830505,-84.74576271186442,41071.0,39398.0,566.8696932303046,200.58466068149238
1790039856.0394785,126.43839250004385,166.1016949152542,-84.74576271186442,41144.0,39410.0,633.0733814952129,90.43905449931613
1790039856.1593053,126.55821920000017,172.88135593220335,-84.74576271186442,41191.0,39425.0,403.1091988164989,122.6854083354562
1790039856.2801611,126.67907470004866,179.66101694915255,-84.74576271186442,41242.0,39439.0,396.2746660688777,114.47934797545355
1790039856.39925,126.79816410003696,186.4406779661017,-84.74576271186442,41313.0,39449.0,608.6550751949671,88.21088046303872
1790039856.5163498,126.91526370000793,193.22033898305085,-84.74576271186442,41376.0,39469.0,544.6005534828618,178.55755851897106
1790039856.633143,127.03205700003309,200.0,-84.74576271186442,41443.0,39481.0,587.4922892324253,110.15480423107974
1790039856.7489476,127.14786070003174,-200.0,-77.96610169491527,41499.0,39512.0,493.29032087085085,279.22093634199103
1790039856.859307,127.25822050002171,-193.22033898305085,-77.96610169491527,41550.0,39539.0,456.3683348852534,247.19951472951223
1790039856.972758,127.37167140003294,-186.4406779661017,-77.96610169491527,41608.0,39563.0,526.2676819955869,212.3536260683947
1790039857.0894284,127.48834160005208,-179.66101694915255,-77.96610169491527,41665.0,39592.0,503.680918054213,242.84615691899555
1790039857.2091703,127.60808269999688,-172.8813559322034,-77.96610169491527,41709.0,39611.0,343.5740052332428,148.57254280356446
1790039857.328698,127.727608300047,-166.10169491525426,-77.96610169491527,41755.0,39647.0,393.04330827568856,279.4974636627119
1790039857.4481199,127.84703030000674,-159.32203389830508,-77.96610169491527,41805.0,39680.0,415.72391696769984,291.8912608496616
1790039857.563531,127.96244309999747,-152.54237288135593,-77.96610169491527,41837.0,39713.0,282.0168754330867,272.9195568707291
1790039857.6828473,128.08175740001025,-145.76271186440678,-77.96610169491527,41882.0,39749.0,368.9332969103513,314.9430583381048
1790039857.8018801,128.20079090003856,-138.98305084745763,-77.96610169491527,41922.0,39791.0,336.6672247654461,310.0882333365951
1790039857.9167757,128.3156865000492,-132.20338983050848,-77.96610169491527,41956.0,39841.0,310.87931299666184,438.8884418776402
1790039858.0369294,128.43583960004617,-125.42372881355932,-77.96610169491527,41986.0,39880.0,237.49876855034339,325.46127542084093
1790039858.151963,128.55087279999861,-118.64406779661017,-77.96610169491527,42021.0,39923.0,289.07932891346286,373.00558569479074
1790039858.268923,128.66783230000874,-111.86440677966102,-77.96610169491527,42052.0,39962.0,264.1697464109292,355.2627624146979
1790039858.3869429,128.78585230000317,-105.08474576271186,-77.96610169491527,42080.0,40013.0,225.04964596313906,441.09730608775254
1790039858.50686,128.90576990001136,-98.30508474576271,-77.96610169491527,42098.0,40066.0,149.4772254118287,404.46778640847765
1790039858.6265552,129.02546430000803,-91.52542372881356,-77.96610169491527,42119.0,40116.0,166.6954727761158,394.80506710132687
1790039858.7502303,129.14913910004543,-84.74576271186442,-77.96610169491527,42139.0,40179.0,171.65272667284313,533.026888089355
1790039858.8687525,129.26766020001378,-77.96610169491527,-77.96610169491527,42154.0,40225.0,115.29780093401739,399.1077724639063
1790039858.9858196,129.3847276000306,-71.18644067796612,-77.96610169491527,42173.0,40280.0,171.76569718642148,461.0552924477629
1790039859.1020827,129.50099100003717,-64.40677966101697,-77.96610169491527,42181.0,40330.0,72.19995054843585,433.1997032906151
1790039859.2191124,129.61802039999748,-57.62711864406779,-77.96610169491527,42195.0,40390.0,127.9932127192111,521.1152232139309
1790039859.3352299,129.7341370000504,-50.847457627118644,-77.96610169491527,42205.0,40447.0,81.04391768903821,495.2683858774557
1790039859.457729,129.85663630004274,-44.067796610169495,-77.96610169491527,42218.0,40509.0,111.33806946840143,513.8680129310835
1790039859.5802286,129.9791361000389,-37.288135593220346,-77.96610169491527,42230.0,40561.0,103.0349812077352,437.8986701328746
1790039859.6987593,130.09766590001527,-30.508474576271198,-77.96610169491527,42242.0,40621.0,98.3775749686896,482.94445893720354
1790039859.813641,130.21254670002963,-23.72881355932205,-77.96610169491527,42267.0,40678.0,218.74339203181952,501.2869400729198
1790039859.9283423,130.32724850001978,-16.9491525423729,-77.96610169491527,42281.0,40734.0,119.41197870554785,486.83345164569505
1790039860.0475152,130.44642110000132,-10.169491525423723,-77.96610169491527,42298.0,40798.0,149.48484883846314,553.9732633425399
1790039860.163759,130.5626651000348,-3.3898305084745743,-77.96610169491527,42321.0,40860.0,188.94832262520345,539.8523503577242
1790039860.2836418,130.68254710000474,3.3898305084745743,-77.96610169491527,42337.0,40896.0,147.47400081731413,304.1651266857104
1790039860.3995829,130.7984878999996,10.169491525423723,-77.96610169491527,42345.0,40931.0,75.81357442192387,284.3009040822145
1790039860.5221767,130.92108160001226,16.94915254237287,-77.96610169491527,42368.0,40990.0,189.67708339644597,474.1927084911149
1790039860.644133,131.04303689999506,23.72881355932202,-77.96610169491527,42404.0,41041.0,302.3475994773678,440.56364495273596
1790039860.7615879,131.16049219999695,30.50847457627117,-77.96610169491527,42456.0,41090.0,423.37574592766805,387.3437675508452
1790039860.8777635,131.27666700002737,37.28813559322032,-77.96610169491527,42487.0,41130.0,281.5729573263592,363.31994493723766
1790039860.9947813,131.39368510001805,44.06779661016947,-77.96610169491527,42519.0,41161.0,280.3925133500097,280.3925133500097
1790039861.1132474,131.51215100003174,50.847457627118644,-77.96610169491527,42573.0,41204.0,452.89653978314607,372.973620997885
1790039861.2291093,131.62801169999875,57.627118644067764,-77.96610169491527,42622.0,41247.0,387.5350281988931,378.30800371796704
1790039861.3475747,131.74647740001092,64.40677966101691,-77.96610169491527,42668.0,41292.0,386.3935553302995,359.4358654235344
1790039861.4639747,131.86287750001065,71.18644067796606,-77.96610169491527,42719.0,41332.0,455.48831536471977,346.17111967718705
1790039861.580203,131.97910570004024,77.96610169491527,-77.96610169491527,42772.0,41366.0,430.97954314449896,293.4328804388078
1790039861.7030284,132.10192970000207,84.74576271186442,-77.96610169491527,42814.0,41394.0,312.82547651142585,257.62098065646836
1790039861.818562,132.21746460004942,91.52542372881356,-77.96610169491527,42872.0,41412.0,510.44963308168786,154.95792432836953
1790039861.9382987,132.33720080001513,98.30508474576271,-77.96610169491527,42921.0,41439.0,403.4203027105372,236.79017767792402
1790039862.0571377,132.45603960001608,105.08474576271186,-77.96610169491527,42982.0,41460.0,473.9649212297793,176.57516673266286
1790039862.1692066,132.56810800003586,111.86440677966101,-77.96610169491527,43029.0,41477.0,421.2528621069688,159.13997012929931
1790039862.2850404,132.68394130002707,118.64406779661016,-77.96610169491527,43096.0,41487.0,605.2158769238814,90.33072789908678
1790039862.4021893,132.80109000002267,125.42372881355931,-77.96610169491527,43153.0,41500.0,483.2296926369842,116.33307415334805
1790039862.5189362,132.91783670004224,132.20338983050846,-77.96610169491527,43214.0,41521.0,502.9250479554823,188.59689298330585
1790039862.635352,133.03425260004587,138.9830508474576,-77.96610169491527,43278.0,41538.0,529.9935952420035,152.71001896803492
1790039862.7620919,133.1609912000131,145.76271186440675,-77.96610169491527,43345.0,41556.0,517.3426609746087,141.85201994465078
1790039862.8822992,133.28119770000922,152.5423728813559,-77.96610169491527,43408.0,41567.0,464.29101409634455,81.93370836994316
1790039863.003414,133.40231330000097,159.32203389830505,-77.96610169491527,43475.0,41588.0,540.839959270576,183.18772814003378
1790039863.1199086,133.51880790002178,166.1016949152542,-77.96610169491527,43537.0,41604.0,516.9542867493938,136.04060177615625
1790039863.2364795,133.63537860003999,172.88135593220335,-77.96610169491527,43610.0,41628.0,637.1415855876696,197.42415328068637
1790039863.3531973,133.75209590001032,179.66101694915255,-77.96610169491527,43665.0,41651.0,497.48493711395184,184.25368041257477
1790039863.470294,133.86919230001513,186.4406779661017,-77.96610169491527,43720.0,41663.0,458.154750318673,98.81769124520399
1790039863.5882068,133.98710520000895,193.22033898305085,-77.96610169491527,43789.0,41680.0,604.7153568595908,151.1788392148977
1790039863.7036865,134.1025840000366,200.0,-77.96610169491527,43854.0,41702.0,544.515998005799,190.58059930202967
1790039863.8326993,134.23159620002843,-200.0,-71.18644067796612,43921.0,41716.0,509.6097844785449,109.2020966739739
1790039863.949069,134.34796550002648,-193.22033898305085,-71.18644067796612,43974.0,41746.0,476.06186974154986,247.1859708273432
1790039864.0681841,134.46708090003813,-186.4406779661017,-71.18644067796612,44021.0,41768.0,410.17483263608693,178.3368837548204
1790039864.1861029,134.58499890001258,-179.66101694915255,-71.18644067796612,44079.0,41802.0,444.6088508349192,293.4418415510467
1790039864.306519,134.70541480003158,-172.8813559322034,-71.18644067796612,44132.0,41825.0,426.601411912648,172.4558899221343
1790039864.4271379,134.82603260001633,-166.10169491525426,-71.18644067796612,44179.0,41857.0,403.2371174361597,254.2147044706224
1790039864.5520809,134.95097700000042,-159.32203389830508,-71.18644067796612,44217.0,41904.0,295.4591307651976,396.7594041704082
1790039864.66735,135.06624500005273,-152.54237288135593,-71.18644067796612,44262.0,41949.0,398.34584569104896,398.34584569104896
1790039864.7942977,135.19319320004433,-145.76271186440678,-71.18644067796612,44306.0,41993.0,360.01766725302184,351.2367485395335
1790039864.9107711,135.30966650001938,-138.98305084745763,-71.18644067796612,44333.0,42035.0,208.60958987783042,371.86926891265426
1790039865.0268497,135.42574490001425,-132.20338983050848,-71.18644067796612,44368.0,42090.0,315.27498293366506,468.4085460728738
1790039865.1450748,135.543969499995,-125.42372881355932,-71.18644067796612,44393.0,42135.0,212.929996637522,372.6274941156635
1790039865.2692773,135.66817150003044,-118.64406779661017,-71.18644067796612,44415.0,42194.0,187.30951288660012,481.6530331369717
1790039865.3853962,135.78429050004343,-111.86440677966102,-71.18644067796612,44440.0,42247.0,207.18928815190836,450.4114959824095
1790039865.4988463,135.89774090005085,-105.08474576271186,-71.18644067796612,44452.0,42299.0,110.8695591972973,480.4347565216217
1790039865.6142097,136.01310390001163,-98.30508474576271,-71.18644067796612,44470.0,42351.0,145.17304175491765,453.66575548411765
1790039865.734543,136.13343650003662,-91.52542372881356,-71.18644067796612,44484.0,42412.0,128.70580797343433,496.43668789753235
1790039865.8488917,136.24778510001488,-84.74576271186442,-71.18644067796612,44498.0,42468.0,120.54784362824435,482.1913745129774
1790039865.9643269,136.363219699997,-77.96610169491527,-71.18644067796612,44509.0,42526.0,91.51768350107534,485.0437225556993
1790039866.0829,136.48179270001128,-71.18644067796612,-71.18644067796612,44526.0,42598.0,149.8865712074665,608.3631419597169
1790039866.199275,136.59816809999757,-64.40677966101697,-71.18644067796612,44539.0,42668.0,117.7282433554242,624.8652916557131
1790039866.317871,136.7167627000017,-57.62711864406779,-71.18644067796612,44555.0,42733.0,138.39732208111394,544.3628001857148
1790039866.432658,136.83154890005244,-50.847457627118644,-71.18644067796612,44568.0,42791.0,100.5988374378078,512.1395360470216
1790039866.5520513,136.95094310003333,-44.067796610169495,-71.18644067796612,44581.0,42843.0,115.29606255538083,443.4463944437724
1790039866.6712203,137.07011110003805,-37.288135593220346,-71.18644067796612,44599.0,42891.0,151.3906118519679,409.6451850112072
1790039866.7970388,137.19592930004,-30.508474576271198,-71.18644067796612,44614.0,42944.0,109.87763295863111,421.1975930080859
1790039866.9172795,137.31616879999638,-23.72881355932205,-71.18644067796612,44628.0,42993.0,123.04317412970492,421.86231130184547
1790039867.038804,137.43769410002278,-16.9491525423729,-71.18644067796612,44642.0,43059.0,123.12931392418736,518.9021086805038
1790039867.1575813,137.55647180002416,-10.169491525423723,-71.18644067796612,44660.0,43116.0,142.35141407988567,471.5390591396213
1790039867.2714877,137.6703770000022,-3.3898305084745743,-71.18644067796612,44684.0,43174.0,211.6394327179106,487.69086669779404
1790039867.3893394,137.7882284000516,3.3898305084745743,-71.18644067796612,44705.0,43231.0,188.69128220386136,503.17675254363036
1790039867.5036774,137.90256690001115,10.169491525423723,-71.18644067796612,44738.0,43276.0,303.09682278311664,385.75959263305754
1790039867.6182926,138.01718170003733,16.94915254237287,-71.18644067796612,44762.0,43313.0,219.2573753665373,319.7503390762002
1790039867.7366567,138.13554610003484,23.72881355932202,-71.18644067796612,44787.0,43361.0,204.80586265006502,381.68365312057574
1790039867.8528292,138.25171780004166,30.50847457627117,-71.18644067796612,44819.0,43401.0,279.10854539249294,306.11904978531487
1790039867.9675846,138.36647350003477,37.28813559322032,-71.18644067796612,44846.0,43442.0,239.55052945719805,340.89883038139726
1790039868.079578,138.4784665000043,44.06779661016947,-71.18644067796612,44878.0,43480.0,299.197402944155,345.94699715417926
1790039868.1955621,138.59445070003858,50.847457627118644,-71.18644067796612,44929.0,43522.0,432.9648622591403,360.80405188261693
1790039868.3210275,138.7199153000256,57.627118644067764,-71.18644067796612,44980.0,43567.0,401.6400301581825,351.4350263884097
1790039868.4389286,138.83781530003762,64.40677966101691,-71.18644067796612,45021.0,43601.0,298.5652582370138,289.5178261692255
1790039868.5574026,138.95628909999505,71.18644067796606,-71.18644067796612,45080.0,43620.0,497.26636696188456,159.83561795203434
1790039868.6730938,139.07198120001704,77.96610169491527,-71.18644067796612,45126.0,43653.0,409.5660056427437,282.14547055389005
1790039868.7881644,139.18705150001915,84.74576271186442,-71.18644067796612,45169.0,43679.0,374.4377725469165,210.05045777022147
1790039868.9078097,139.30669430003036,91.52542372881356,-71.18644067796612,45233.0,43702.0,530.9913077513709,194.69681284216935
1790039869.0266259,139.4255114000407,98.30508474576271,-71.18644067796612,45293.0,43718.0,520.9652588082091,125.75023488474014
1790039869.139649,139.53853510000044,105.08474576271186,-71.18644067796612,45346.0,43734.0,481.3141574594555,151.00051998728014
1790039869.2545362,139.65342050004983,111.86440677966101,-71.18644067796612,45413.0,43750.0,592.8961774284655,148.22404435711638
1790039869.3753335,139.77421820000745,118.64406779661016,-71.18644067796612,45471.0,43764.0,512.2308845348724,109.76376097175837
1790039869.490457,139.88934140000492,125.42372881355931,-71.18644067796612,45532.0,43783.0,533.7539559827549,165.64777944292393
1790039869.6095839,140.00846880004974,132.20338983050846,-71.18644067796612,45592.0,43806.0,501.42598522536974,202.3297835119913
1790039869.726219,140.1251040000352,138.9830508474576,-71.18644067796612,45659.0,43827.0,586.0908909578669,189.35244169408008
1790039869.8395443,140.23842840001453,145.76271186440675,-71.18644067796612,45729.0,43847.0,629.1321491064047,175.78692401502482
1790039869.9576313,140.35651450004661,152.5423728813559,-71.18644067796612,45804.0,43863.0,643.0414430634429,133.96696730488395
1790039870.0750654,140.47394570003962,159.32203389830505,-71.18644067796612,45868.0,43881.0,553.5926826252647,160.7204562460446
1790039870.1953604,140.59424440003932,166.1016949152542,-71.18644067796612,45938.0,43902.0,592.2562932314117,167.95327718502722
1790039870.3148026,140.71368540002732,172.88135593220335,-71.18644067796612,46013.0,43922.0,647.3102408578792,175.69849394713864
1790039870.433598,140.8324807000463,179.66101694915255,-71.18644067796612,46086.0,43942.0,631.0174400828023,177.75139157262038
1790039870.5503688,140.94925150001654,186.4406779661017,-71.18644067796612,46150.0,43963.0,503.3382111251911,188.75182917194667
1790039870.666257,141.06513890001224,193.22033898305085,-71.18644067796612,46194.0,43978.0,379.76056985735795,135.6287749490564
1790039870.7835672,141.18244900001446,200.0,-71.18644067796612,46247.0,43996.0,451.029067933731,135.30872038011933
1790039870.902588,141.30146889999742,-200.0,-64.40677966101697,46291.0,44023.0,357.1265052420896,228.92724695005742
1790039871.0199482,141.41883020004025,-193.22033898305085,-64.40677966101697,46332.0,44054.0,360.4931906915755,270.36989301868164
1790039871.1333835,141.5322650000453,-186.4406779661017,-64.40677966101697,46385.0,44077.0,472.56089085994813,213.11569587801583
1790039871.250851,141.64973250002367,-179.66101694915255,-64.40677966101697,46416.0,44100.0,267.19345343391376,204.8483142993339
1790039871.3650055,141.76388580002822,-172.8813559322034,-64.40677966101697,46448.0,44127.0,268.6010883690934,240.81476888263546
1790039871.4801753,141.87905540002976,-166.10169491525426,-64.40677966101697,46500.0,44164.0,474.87673761798345,319.6285733967196
1790039871.5938966,141.99277720000828,-159.32203389830508,-64.40677966101697,46531.0,44203.0,277.82922755811467,314.87312456586324
1790039871.707931,142.10681090003345,-152.54237288135593,-64.40677966101697,46562.0,44244.0,257.65867404809325,340.4775335635518
1790039871.8230462,142.22192620002897,-145.76271186440678,-64.40677966101697,46584.0,44293.0,182.38772897056722,437.7305495293614
1790039871.9385417,142.3374208000023,-138.98305084745763,-64.40677966101697,46612.0,44338.0,222.53624556798303,389.4384297439703
1790039872.0551198,142.45399930002168,-132.20338983050848,-64.40677966101697,46640.0,44380.0,251.9397107494315,368.9117193116676
1790039872.169785,142.56866410002112,-125.42372881355932,-64.40677966101697,46662.0,44430.0,193.47153340966477,433.0077176311545
1790039872.28428,142.68315920000896,-118.64406779661017,-64.40677966101697,46686.0,44473.0,201.656886250818,366.6488840923963
1790039872.4008896,142.79976770002395,-111.86440677966102,-64.40677966101697,46708.0,44523.0,179.82150921341412,404.5983957301817
1790039872.5235765,142.92245450004702,-105.08474576271186,-64.40677966101697,46728.0,44586.0,159.6296591953765,532.0988639845883
1790039872.6386933,143.0375720000011,-98.30508474576271,-64.40677966101697,46743.0,44630.0,137.69198853389634,385.5375678949097
1790039872.7558377,143.15471530001378,-91.52542372881356,-64.40677966101697,46767.0,44698.0,179.0417328462831,581.8856317504201
1790039872.8704205,143.2692984000314,-84.74576271186442,-64.40677966101697,46779.0,44746.0,92.19206929382987,424.0835187516174
1790039872.9871147,143.38599130004877,-77.96610169491527,-64.40677966101697,46795.0,44807.0,137.43941211648087,522.2697660426272
1790039873.1011884,143.50006560003385,-71.18644067796612,-64.40677966101697,46810.0,44863.0,129.65880286382594,481.5898392084964
1790039873.2168784,143.6157557000406,-64.40677966101697,-64.40677966101697,46823.0,44934.0,99.7187025867545,616.4428887181188
1790039873.3370147,143.73589160002302,-57.62711864406779,-64.40677966101697,46837.0,45003.0,95.62847470325373,573.7708482195223
1790039873.4508202,143.8496970999986,-50.847457627118644,-64.40677966101697,46859.0,45063.0,187.60898903559672,506.5442703961112
1790039873.5642636,143.96314000000712,-44.067796610169495,-64.40677966101697,46870.0,45112.0,101.5727149857692,433.9925094846502
1790039873.6831508,144.08202690002508,-37.288135593220346,-64.40677966101697,46879.0,45178.0,79.35115442143989,564.2748758857947
1790039873.8016133,144.20048900000984,-30.508474576271198,-64.40677966101697,46890.0,45241.0,97.62860126054073,514.7689884646693
1790039873.917194,144.31607000000076,-23.72881355932205,-64.40677966101697,46914.0,45290.0,190.06950204886795,443.4955047806919
1790039874.0356092,144.43448310001986,-16.9491525423729,-64.40677966101697,46937.0,45352.0,203.0574920271565,498.4138440666569
1790039874.1537712,144.55264520004857,-10.169491525423723,-64.40677966101697,46955.0,45413.0,150.86061542189378,514.7009232041082
1790039874.2733102,144.67218480003066,-3.3898305084745743,-64.40677966101697,46982.0,45459.0,229.17261642448773,387.83058164144074
1790039874.390125,144.7889989000396,3.3898305084745743,-64.40677966101697,47008.0,45511.0,224.49672316416522,448.99344632833044
1790039874.5112,144.91007490002085,10.169491525423723,-64.40677966101697,47034.0,45550.0,202.93622242100955,326.4626186772762
1790039874.626764,145.02563690004172,16.94915254237287,-64.40677966101697,47068.0,45587.0,300.81658032880136,300.81658032880136
1790039874.7494123,145.1482851000037,23.72881355932202,-64.40677966101697,47105.0,45639.0,295.79338315321746,417.59065856924815
1790039874.8667588,145.26563190005254,30.50847457627117,-64.40677966101697,47145.0,45675.0,334.336644470721,298.1921423657782
1790039874.9940073,145.392880600004,37.28813559322032,-64.40677966101697,47180.0,45717.0,287.4176753675474,320.2654096952671
1790039875.113185,145.51205810002284,44.06779661016947,-64.40677966101697,47207.0,45749.0,220.38586927549093,264.4630431305891
1790039875.2322738,145.63114569999743,50.847457627118644,-64.40677966101697,47254.0,45785.0,406.0210211555595,297.7487488474103
1790039875.3445852,145.74345609999727,57.627118644067764,-64.40677966101697,47291.0,45819.0,330.6275405020089,302.28803703040813
1790039875.4666693,145.86554090003483,64.40677966101691,-64.40677966101697,47336.0,45853.0,383.9813454760844,287.9860091070633
1790039875.5858643,145.98473640001612,71.18644067796606,-64.40677966101697,47387.0,45876.0,398.20295447291227,194.6769999645349
1790039875.7079458,146.10681710002245,77.96610169491527,-64.40677966101697,47446.0,45900.0,498.66945943815296,199.46778377526118
1790039875.8272543,146.22612520004623,84.74576271186442,-64.40677966101697,47516.0,45929.0,586.8719376685639,245.25991424954907
1790039875.9412374,146.3401079000323,91.52542372881356,-64.40677966101697,47569.0,45961.0,445.05969836482876,278.16231147801795
1790039876.0622387,146.46110960002989,98.30508474576271,-64.40677966101697,47621.0,45975.0,441.2402137356918,112.47299565811751
1790039876.1775112,146.57638179999776,105.08474576271186,-64.40677966101697,47691.0,45997.0,576.3854864663583,195.22734219021814
1790039876.2922866,146.69115670002066,111.86440677966101,-64.40677966101697,47749.0,46019.0,474.98908457775997,200.95692039828307
1790039876.4128568,146.81166710000252,118.64406779661016,-64.40677966101697,47788.0,46045.0,306.2864862811109,227.52710409453954
1790039876.5359738,146.9348437000299,125.42372881355931,-64.40677966101697,47839.0,46062.0,399.5589549540823,144.52132413232763
1790039876.6508942,147.0497624000418,132.20338983050846,-64.40677966101697,47900.0,46080.0,514.0979686150664,158.90300848102055
1790039876.7662725,147.16514120000647,138.9830508474576,-64.40677966101697,47980.0,46096.0,693.6793940545135,136.91040672128557
1790039876.8851593,147.2840274000191,145.76271186440675,-64.40677966101697,48050.0,46114.0,601.6570342613148,159.26215612799513
1790039877.0086977,147.4075669000158,152.5423728813559,-64.40677966101697,48108.0,46128.0,493.74686623684033,119.18027805716835
1790039877.1312296,147.53009750001365,159.32203389830505,-64.40677966101697,48174.0,46144.0,541.3350605358407,119.2772167282361
1790039877.2507277,147.64959510002518,166.1016949152542,-64.40677966101697,48234.0,46162.0,476.103148566426,149.88432454868968
1790039877.370625,147.76949239999522,172.88135593220335,-64.40677966101697,48309.0,46185.0,623.3472517971204,193.14985266953025
1790039877.489033,147.8879004000337,179.66101694915255,-64.40677966101697,48373.0,46199.0,518.77085907072,118.31616084069054
1790039877.6105883,148.0094549000496,186.4406779661017,-64.40677966101697,48440.0,46214.0,549.9022795848954,108.1774976232581
1790039877.7289543,148.1278205999988,193.22033898305085,-64.40677966101697,48503.0,46244.0,520.2451610093814,260.1225805046907
1790039877.8501344,148.24900120001985,200.0,-64.40677966101697,48571.0,46269.0,574.3760405960576,217.5666820439612
1790039877.9685154,148.3673818000243,-200.0,-57.62711864406779,48632.0,46297.0,527.8215642045914,232.5993333782945
1790039878.0846686,148.48353369999677,-193.22033898305085,-57.62711864406779,48671.0,46326.0,320.05003757766286,256.04003006213026
1790039878.2034595,148.60232510004425,-186.4406779661017,-57.62711864406779,48727.0,46356.0,470.11280044934483,230.62137380533898
1790039878.3219185,148.7207844000077,-179.66101694915255,-57.62711864406779,48773.0,46385.0,400.54581047706904,240.32748628624142
1790039878.436684,148.83555000001797,-172.8813559322034,-57.62711864406779,48830.0,46424.0,498.0901932527835,332.060128835189
1790039878.5516465,148.9505111000035,-166.10169491525426,-57.62711864406779,48867.0,46463.0,329.60573662112677,357.072881339554
1790039878.6678932,149.06675830000313,-159.32203389830508,-57.62711864406779,48907.0,46496.0,337.14366412134433,300.6957004325503
1790039878.7883914,149.18725670001004,-152.54237288135593,-57.62711864406779,48950.0,46544.0,355.43565144382245,416.1197870561824
1790039878.9049215,149.3037866000086,-145.76271186440678,-57.62711864406779,48990.0,46590.0,305.23331502003106,412.9627203212185
1790039879.0206404,149.41950440005166,-138.98305084745763,-57.62711864406779,49019.0,46641.0,230.7120141589863,424.5101060525348
1790039879.1354048,149.53426899999613,-132.20338983050848,-57.62711864406779,49050.0,46684.0,273.80981719636867,383.3337440749162
1790039879.2512226,149.6500864000409,-125.42372881355932,-57.62711864406779,49076.0,46737.0,225.9241654320926,460.8852974814689
1790039879.3659868,149.76485070004128,-118.64406779661017,-57.62711864406779,49095.0,46806.0,174.35639545573179,587.3057531140439
1790039879.4841082,149.8829714000458,-111.86440677966102,-57.62711864406779,49121.0,46868.0,203.5279355290249,539.7914811856747
1790039879.6079247,150.00678620004328,-105.08474576271186,-57.62711864406779,49137.0,46931.0,136.28062910564088,508.781015327726
1790039879.727511,150.12637260003248,-98.30508474576271,-57.62711864406779,49154.0,46974.0,142.557390472242,356.39347618060503
1790039879.8447244,150.243587200006,-91.52542372881356,-57.62711864406779,49163.0,47036.0,72.7049985530516,527.111239509624
1790039879.9616818,150.3605441999971,-84.74576271186442,-57.62711864406779,49172.0,47094.0,80.4667788253318,500.6821793576201
1790039880.0807962,150.47965730004944,-77.96610169491527,-57.62711864406779,49184.0,47170.0,108.11823809297184,648.709428557831
1790039880.1956444,150.59450530004688,-71.18644067796612,-57.62711864406779,49205.0,47237.0,192.4968398362902,595.8235518742316
1790039880.3177335,150.71659470000304,-64.40677966101697,-57.62711864406779,49223.0,47306.0,155.51857670342557,587.5146231018299
1790039880.4332645,150.83212470001308,-57.62711864406779,-57.62711864406779,49242.0,47364.0,154.31776569731133,517.4183908674556
1790039880.5558515,150.95471140003065,-50.847457627118644,-57.62711864406779,49263.0,47423.0,172.9340861729493,466.9220326669631
1790039880.669751,151.06861200003186,-44.067796610169495,-57.62711864406779,49284.0,47463.0,187.2348871567067,337.02279688207204
1790039880.786858,151.18571849999717,-37.288135593220346,-57.62711864406779,49301.0,47529.0,134.72186669781448,574.813297910675
1790039880.9040382,151.30289809999522,-30.508474576271198,-57.62711864406779,49328.0,47580.0,223.18280094449665,401.72904170009394
1790039881.0242426,151.42310250003356,-23.72881355932205,-57.62711864406779,49359.0,47636.0,257.1529858426046,505.1219364765448
1790039881.1403382,151.53919700003462,-16.9491525423729,-57.62711864406779,49376.0,47695.0,153.13673578073212,504.45042374829404
1790039881.2554572,151.65431660000468,-10.169491525423723,-57.62711864406779,49405.0,47741.0,246.4277108960609,401.58589923802515
1790039881.3735802,151.7724386000191,-3.3898305084745743,-57.62711864406779,49428.0,47796.0,186.5669983662992,479.74371008476936
1790039881.496125,151.8949830000056,3.3898305084745743,-57.62711864406779,49450.0,47845.0,177.02169846595982,389.4477366251116
1790039881.6137323,152.01259030000074,10.169491525423723,-57.62711864406779,49479.0,47888.0,238.6137641514323,376.27555116187403
1790039881.7325902,152.131448500033,16.94915254237287,-57.62711864406779,49513.0,47930.0,291.58924091325565,335.7694289304156
1790039881.8515134,152.25037110003177,23.72881355932202,-57.62711864406779,49559.0,47976.0,399.27952241710926,390.4066441411735
1790039881.9731135,152.37197130004643,30.50847457627117,-57.62711864406779,49597.0,48020.0,314.12269455471164,357.75084657619936
1790039882.093935,152.4927914,37.28813559322032,-57.62711864406779,49645.0,48070.0,383.210979651957,392.33505059605125
1790039882.2147322,152.6135894000181,44.06779661016947,-57.62711864406779,49692.0,48102.0,401.69410112895264,270.70689423907675
1790039882.3323426,152.7311994000338,50.847457627118644,-57.62711864406779,49742.0,48152.0,421.6335698789159,412.66264286021556
1790039882.4477212,152.84657630004222,57.627118644067764,-57.62711864406779,49788.0,48187.0,409.38153614860533,316.3402779330132
1790039882.5683503,152.9672059000004,64.40677966101691,-57.62711864406779,49849.0,48224.0,516.2028840549484,326.0228741399674
1790039882.6885486,153.08740430005128,71.18644067796606,-57.62711864406779,49904.0,48255.0,456.3120682174002,254.48173035201165
1790039882.8031733,153.20198700000765,77.96610169491527,-57.62711864406779,49955.0,48270.0,467.3449584170926,137.45439953443898
1790039882.9228642,153.32171950000338,84.74576271186442,-57.62711864406779,50012.0,48300.0,472.91364782468884,249.84117243568465
1790039883.0454283,153.44428290001815,91.52542372881356,-57.62711864406779,50070.0,48330.0,466.64602648454814,251.2709373378336
1790039883.1614752,153.5603306000121,98.30508474576271,-57.62711864406779,50139.0,48347.0,589.1678323827282,145.0259279711331
1790039883.2755787,153.67443370004185,105.08474576271186,-57.62711864406779,50179.0,48359.0,348.7143909390218,82.5902504855578
1790039883.4020572,153.80091170000378,111.86440677966101,-57.62711864406779,50255.0,48379.0,605.3098107315108,149.25447387900266
1790039883.5257611,153.92461420001928,118.64406779661016,-57.62711864406779,50297.0,48396.0,349.828180580278,125.57934687497159
1790039883.642995,154.04184830002487,125.42372881355931,-57.62711864406779,50354.0,48413.0,470.05182329663586,144.63133024511873
1790039883.764228,154.16308130003745,132.20338983050846,-57.62711864406779,50445.0,48428.0,784.6234721890861,122.05254011830228
1790039883.8816907,154.2805445000413,138.9830508474576,-57.62711864406779,50508.0,48441.0,512.1804599470994,116.813087356356
1790039884.0002947,154.39914660004433,145.76271186440675,-57.62711864406779,50568.0,48454.0,436.6975112856536,109.1743778214134
1790039884.1195657,154.51841810002225,152.5423728813559,-57.62711864406779,50646.0,48467.0,652.6335550772643,98.34204254588914
1790039884.2339668,154.63282009999966,159.32203389830505,-57.62711864406779,50716.0,48492.0,591.1344609295057,221.67542284856464
1790039884.3540275,154.75288030004594,166.1016949152542,-57.62711864406779,50772.0,48508.0,469.97307233489147,121.84487060534224
1790039884.467228,154.86608050001087,172.88135593220335,-57.62711864406779,50832.0,48529.0,514.9181137346384,196.6050979714074
1790039884.5837119,154.98256370000308,179.66101694915255,-57.62711864406779,50903.0,48551.0,601.6377117221101,179.59334678271944
1790039884.6984982,155.09734999999637,186.4406779661017,-57.62711864406779,50956.0,48564.0,457.5792045856847,109.81900910056433
1790039884.815634,155.2144857000094,193.22033898305085,-57.62711864406779,51009.0,48591.0,464.21898268677245,241.036779471978
1790039884.9329169,155.33176800003275,200.0,-57.62711864406779,51052.0,48613.0,374.4560358039449,196.1436378020664
1790039885.0540502,155.45290060003754,-200.0,-50.847457627118644,51101.0,48651.0,419.31931719067137,337.2785812185835
1790039885.1719406,155.57079030002933,-193.22033898305085,-50.847457627118644,51140.0,48685.0,350.683556042069,304.54098287863883
1790039885.2832203,155.68207000003895,-186.4406779661017,-50.847457627118644,51188.0,48720.0,436.9446173058485,332.45786099358037
1790039885.3940678,155.7929178000195,-179.66101694915255,-50.847457627118644,51231.0,48755.0,371.31364102996764,323.7093280774077
1790039885.5087843,155.90763480000896,-172.8813559322034,-50.847457627118644,51265.0,48792.0,298.4913129320945,335.80272704860636
1790039885.6268384,156.0256874000188,-166.10169491525426,-50.847457627118644,51301.0,48823.0,320.42097820164497,265.49166765279153
1790039885.7382586,156.137107400049,-159.32203389830508,-50.847457627118644,51332.0,48871.0,275.7453444425847,437.3891670468585
1790039885.8638153,156.26266450004186,-152.54237288135593,-50.847457627118644,51366.0,48933.0,284.7771534555549,477.42052196960674
1790039885.978609,156.37745800003177,-145.76271186440678,-50.847457627118644,51398.0,48992.0,258.5518327469637,507.86967146725016
1790039886.0957196,156.49456840002676,-138.98305084745763,-50.847457627118644,51416.0,49051.0,157.14448142909293,508.40861638824185
1790039886.2112377,156.6100860000006,-132.20338983050848,-50.847457627118644,51435.0,49099.0,144.98873618829356,398.71902451780727
1790039886.3299997,156.72884769999655,-125.42372881355932,-50.847457627118644,51458.0,49152.0,195.2036683760854,443.64470085473954
1790039886.451415,156.85026310000103,-118.64406779661017,-50.847457627118644,51482.0,49210.0,198.4779331164989,457.3621937032366
1790039886.5657077,156.96455540001625,-111.86440677966102,-50.847457627118644,51502.0,49265.0,185.2124526690784,500.0736222065117
1790039886.6820033,157.08084980002604,-105.08474576271186,-50.847457627118644,51524.0,49328.0,192.54290490988097,577.628714729643
1790039886.799291,157.19813760003308,-98.30508474576271,-50.847457627118644,51536.0,49395.0,108.99192461653378,599.4555853909358
1790039886.9166913,157.3155380000244,-91.52542372881356,-50.847457627118644,51548.0,49448.0,99.09963479891368,459.4619431585998
1790039887.0311642,157.43001060001552,-84.74576271186442,-50.847457627118644,51562.0,49515.0,110.38583529227338,551.9291764613669
1790039887.147771,157.54661620000843,-77.96610169491527,-50.847457627118644,51576.0,49562.0,126.67883385224394,398.1334778213381
1790039887.2644577,157.66330380004365,-71.18644067796612,-50.847457627118644,51596.0,49634.0,163.2432441880795,616.6967002660781
1790039887.3819153,157.78076140000485,-64.40677966101697,-50.847457627118644,51609.0,49697.0,107.16687399875391,526.9037971605401
1790039887.4995115,157.89835690002656,-57.62711864406779,-50.847457627118644,51624.0,49764.0,115.97264467689668,579.8632233844834
1790039887.6221607,158.0210052000475,-50.847457627118644,-50.847457627118644,51642.0,49825.0,127.45487185821872,546.2351651066516
1790039887.7414498,158.1402949000476,-44.067796610169495,-50.847457627118644,51671.0,49885.0,257.0147295374748,531.7546128361547
1790039887.856498,158.25534250005148,-37.288135593220346,-50.847457627118644,51695.0,49948.0,218.28341918428794,563.8988328927438
1790039887.9751952,158.37404030002654,-30.508474576271198,-50.847457627118644,51712.0,50002.0,151.40800539111578,472.03672268994916
1790039888.0969117,158.49575630004983,-23.72881355932205,-50.847457627118644,51735.0,50066.0,179.0093621384965,537.0280864154895
1790039888.2155545,158.61439699999755,-16.9491525423729,-50.847457627118644,51759.0,50117.0,202.62442681622437,449.2976420707584
1790039888.3338287,158.7326723000151,-10.169491525423723,-50.847457627118644,51793.0,50163.0,285.8983327719263,357.37291596490786
1790039888.4501483,158.84899220004445,-3.3898305084745743,-50.847457627118644,51820.0,50211.0,234.60728088672425,388.00434915881317
1790039888.5655835,158.9644264000235,3.3898305084745743,-50.847457627118644,51844.0,50245.0,191.89946666233283,283.2801650729675
1790039888.681323,159.0801651000511,10.169491525423723,-50.847457627118644,51886.0,50291.0,371.46126523567654,407.70138867330354
1790039888.7985134,159.1973554000142,16.94915254237287,-50.847457627118644,51938.0,50327.0,441.6710307906209,306.4656132016553
1790039888.9143224,159.3131639000494,23.72881355932202,-50.847457627118644,51979.0,50368.0,344.9703325590585,344.9703325590585
1790039889.0408099,159.43965200003004,30.50847457627117,-50.847457627118644,52029.0,50411.0,339.5731386940459,339.5731386940459
1790039889.1582773,159.55711970000993,37.28813559322032,-50.847457627118644,52085.0,50451.0,484.00324484773785,358.52092210943545
1790039889.2767391,159.6755810000468,44.06779661016947,-50.847457627118644,52130.0,50486.0,379.60178881909394,282.4943544700234
1790039889.3981295,159.79697120003402,50.847457627118644,-50.847457627118644,52185.0,50526.0,457.37285038127766,345.1870568915303
1790039889.516184,159.9150251999963,57.627118644067764,-50.847457627118644,52234.0,50564.0,418.2103325716093,272.7458690684408
1790039889.6326315,160.0314711999963,64.40677966101691,-50.847457627118644,52299.0,50585.0,567.3789525798429,171.11428728598437
1790039889.7480528,160.14689380000345,71.18644067796606,-50.847457627118644,52358.0,50607.0,484.7646695426551,192.07656717727843
1790039889.8625462,160.2613863000297,77.96610169491527,-50.847457627118644,52426.0,50627.0,599.5967022701312,184.4912930061942
1790039889.9823773,160.381217200018,84.74576271186442,-50.847457627118644,52499.0,50645.0,659.5375543068963,146.56390095708807
1790039890.097089,160.49592910002684,91.52542372881356,-50.847457627118644,52567.0,50665.0,604.2417773589503,183.1035688966516
1790039890.2125008,160.61134070000844,98.30508474576271,-50.847457627118644,52621.0,50679.0,482.0092327360388,127.32319355291591
1790039890.3273554,160.72619529999793,105.08474576271186,-50.847457627118644,52673.0,50700.0,455.68092859173606,191.38599000852915
1790039890.4472463,160.84608540002955,111.86440677966101,-50.847457627118644,52735.0,50719.0,541.3672230913181,171.4329539789174
1790039890.5614872,160.96032569999807,118.64406779661016,-50.847457627118644,52788.0,50732.0,450.14381639021485,110.23930197311384
1790039890.6760924,161.07493040000554,125.42372881355931,-50.847457627118644,52852.0,50743.0,552.5462250743718,101.30014126363484
1790039890.7935088,161.19234710000455,132.20338983050846,-50.847457627118644,52912.0,50765.0,519.3925972013425,197.0109851453368
1790039890.9075894,161.3064280000399,138.9830508474576,-50.847457627118644,52966.0,50780.0,471.2078163685984,129.35116527765447
1790039891.023122,161.42195889999857,145.76271186440675,-50.847457627118644,53026.0,50791.0,530.9775022984919,100.7026297462657
1790039891.1406476,161.53948470001342,152.5423728813559,-50.847457627118644,53104.0,50809.0,678.0386839250982,160.58810935068118
1790039891.25976,161.658597200003,159.32203389830505,-50.847457627118644,53167.0,50826.0,532.2829616660597,150.81350580538358
1790039891.3772109,161.77604740002425,166.1016949152542,-50.847457627118644,53227.0,50846.0,537.8298379698847,157.63978009462136
1790039891.493477,161.8923127000453,172.88135593220335,-50.847457627118644,53278.0,50866.0,442.14409193646867,162.42027867053952
1790039891.6128604,162.01165930001298,179.66101694915255,-50.847457627118644,53327.0,50883.0,430.97458300338195,140.72639445008392
1790039891.7317507,162.13058700005058,186.4406779661017,-50.847457627118644,53379.0,50912.0,452.2042294894143,239.4022391414546
1790039891.852171,162.25100630003726,193.22033898305085,-50.847457627118644,53436.0,50925.0,495.6562489081867,117.15511337829868
1790039891.9659522,162.3647878000047,200.0,-50.847457627118644,53481.0,50951.0,391.6354135288277,223.79166487361584
1790039892.0856302,162.48446510004578,-200.0,-44.067796610169495,53520.0,50989.0,335.5206928314744,326.6912009148566
1790039892.200535,162.59937000001082,-193.22033898305085,-44.067796610169495,53568.0,51026.0,401.048321667963,326.43468042741176
1790039892.3211932,162.7200284000137,-186.4406779661017,-44.067796610169495,53614.0,51060.0,415.7113006014231,277.14086706761543
1790039892.4383316,162.83716560003813,-179.66101694915255,-44.067796610169495,53650.0,51095.0,304.30965120447996,304.30965120447996
1790039892.5540493,162.9528844000306,-172.8813559322034,-44.067796610169495,53696.0,51135.0,398.7392589069871,353.4279794857386
1790039892.672613,163.07144620001782,-166.10169491525426,-44.067796610169495,53727.0,51196.0,278.04372150617843,509.74682276132717
1790039892.7918954,163.19072770001367,-159.32203389830508,-44.067796610169495,53757.0,51249.0,264.8980892824715,432.66687916137016
1790039892.914072,163.31290479999734,-152.54237288135593,-44.067796610169495,53784.0,51308.0,226.8208699439065,479.8133787274945
1790039893.0334916,163.4323246999993,-145.76271186440678,-44.067796610169495,53809.0,51358.0,203.48399993702114,415.81513030608664
1790039893.150204,163.54903630004264,-138.98305084745763,-44.067796610169495,53829.0,51405.0,174.9159483114625,405.0685118791763
1790039893.270069,163.6689011999988,-132.20338983050848,-44.067796610169495,53850.0,51449.0,175.53760589489522,368.62897237927996
1790039893.3862262,163.7850590000162,-125.42372881355932,-44.067796610169495,53865.0,51507.0,135.4744315152937,523.8344685258023
1790039893.5009935,163.89982590003638,-118.64406779661017,-44.067796610169495,53884.0,51559.0,155.9723176560831,467.9169529682493
1790039893.6203277,164.01915930001996,-111.86440677966102,-44.067796610169495,53900.0,51592.0,127.10725670176264,281.4517826967601
1790039893.735986,164.1348166000098,-105.08474576271186,-44.067796610169495,53912.0,51620.0,109.86244308336984,256.34570052786296
1790039893.8497577,164.24858980003046,-98.30508474576271,-44.067796610169495,53922.0,51668.0,74.27171939054011,408.4944566479706
1790039893.964554,164.36338510003407,-91.52542372881356,-44.067796610169495,53937.0,51729.0,137.02734699993775,538.9742315330885
1790039894.0859497,164.48478080000496,-84.74576271186442,-44.067796610169495,53953.0,51790.0,130.45622278103775,487.03656504920764
1790039894.1994665,164.5982971000485,-77.96610169491527,-44.067796610169495,53966.0,51862.0,110.82880550796091,655.7370992554354
1790039894.3220453,164.72087560000364,-71.18644067796612,-44.067796610169495,53977.0,51911.0,94.42830102868905,403.46637712258047
1790039894.4390535,164.83788320003077,-64.40677966101697,-44.067796610169495,53986.0,51969.0,81.91991145842903,518.8261059033839
1790039894.5505314,164.94936060003238,-57.62711864406779,-44.067796610169495,54002.0,52032.0,123.8340547488963,571.5417911487522
1790039894.6666365,165.06546640000306,-50.847457627118644,-44.067796610169495,54017.0,52092.0,136.3589257640132,518.1639179032502
1790039894.783736,165.1825648000231,-44.067796610169495,-44.067796610169495,54038.0,52146.0,188.62891037367055,440.1341242052313
1790039894.9021482,165.30097630003002,-37.288135593220346,-44.067796610169495,54062.0,52194.0,215.69485641048448,395.4405700858882
1790039895.0170953,165.4159243000322,-30.508474576271198,-44.067796610169495,54079.0,52247.0,138.1295600173917,451.22322939014623
1790039895.1434195,165.54224750003777,-23.72881355932205,-44.067796610169495,54104.0,52296.0,207.31850925453486,389.75879739852553
1790039895.2577233,165.65655150002567,-16.9491525423729,-44.067796610169495,54129.0,52337.0,212.37088086800964,360.1071458196685
1790039895.383944,165.78277200000593,-10.169491525423723,-44.067796610169495,54153.0,52410.0,203.8929366415321,549.6244379032604
1790039895.4987714,165.89759970002342,-3.3898305084745743,-44.067796610169495,54177.0,52451.0,191.51899185061959,364.79807971546586
1790039895.617817,166.01664480002364,3.3898305084745743,-44.067796610169495,54202.0,52495.0,193.0147946307841,386.0295892615682
1790039895.7363617,166.13518979999935,10.169491525423723,-44.067796610169495,54235.0,52536.0,250.63531573608535,322.24540594639546
1790039895.8552914,166.25411860004533,16.94915254237287,-44.067796610169495,54278.0,52582.0,348.3850976052197,403.393270911307
1790039895.9713175,166.37014460004866,23.72881355932202,-44.067796610169495,54309.0,52622.0,271.25117315183655,316.45970201047595
1790039896.0874734,166.48630050005158,30.50847457627117,-44.067796610169495,54353.0,52663.0,360.3512704293098,351.34248866857706
1790039896.200875,166.5997015000321,37.28813559322032,-44.067796610169495,54398.0,52709.0,369.2397447181193,415.3947128078842
1790039896.322895,166.72172050003428,44.06779661016947,-44.067796610169495,54442.0,52743.0,333.6969775098632,282.35898096988427
1790039896.4389417,166.83776740002213,50.847457627118644,-44.067796610169495,54500.0,52773.0,497.88674760327507,258.16349875725376
1790039896.557035,166.95586060005007,57.627118644067764,-44.067796610169495,54553.0,52804.0,439.17002250741854,259.9169520962273
1790039896.6759953,167.07482050004182,64.40677966101691,-44.067796610169495,54608.0,52828.0,483.12064325073226,193.24825730029292
1790039896.7899976,167.1888229000033,71.18644067796606,-44.067796610169495,54667.0,52850.0,510.6934565922482,204.27738263689926
1790039896.9060245,167.30484759999672,77.96610169491527,-44.067796610169495,54726.0,52863.0,507.35483309860916,99.65898507294109
1790039897.0249631,167.4237880000146,84.74576271186442,-44.067796610169495,54795.0,52876.0,583.5211822838041,116.70423645676084
1790039897.140168,167.53899250004906,91.52542372881356,-44.067796610169495,54856.0,52892.0,537.7152568187583,145.82108659491752
1790039897.253937,167.6527603000286,98.30508474576271,-44.067796610169495,54926.0,52912.0,620.5502150048248,175.97692664315926
1790039897.3694267,167.76824990002206,105.08474576271186,-44.067796610169495,54994.0,52924.0,600.932537901719,100.15542298361984
1790039897.48952,167.8883433000301,111.86440677966101,-44.067796610169495,55061.0,52938.0,554.7039335754894,96.85306776714894
1790039897.6090553,168.00787910004146,118.64406779661016,-44.067796610169495,55130.0,52955.0,559.1024540706808,133.11963192159067
1790039897.7259686,168.12479050003458,125.42372881355931,-44.067796610169495,55207.0,52966.0,676.7886195607734,82.31212940604001
1790039897.8441043,168.24292580003385,132.20338983050846,-44.067796610169495,55276.0,52978.0,572.7925334991188,107.39860003108477
1790039897.9620986,168.3609214000171,138.9830508474576,-44.067796610169495,55360.0,52996.0,680.3415317067887,143.22979614879762
1790039898.079548,168.47837090003304,145.76271186440675,-44.067796610169495,55422.0,53011.0,514.2524619489745,126.30762223308146
1790039898.1984274,168.59724870003993,152.5423728813559,-44.067796610169495,55479.0,53023.0,451.5043674773146,108.36104819455551
1790039898.3153102,168.7141315000481,159.32203389830505,-44.067796610169495,55535.0,53042.0,488.0667676465902,162.68892254886342
1790039898.4346817,168.83350270002848,166.1016949152542,-44.067796610169495,55595.0,53065.0,529.8551289382152,194.28021394401225
1790039898.5538595,168.9526812999975,172.88135593220335,-44.067796610169495,55655.0,53088.0,499.69317081381564,201.6305776968028
1790039898.6752412,169.07406210002955,179.66101694915255,-44.067796610169495,55696.0,53107.0,353.5695869042056,155.22567229940734
1790039898.7996767,169.19849650003016,186.4406779661017,-44.067796610169495,55748.0,53132.0,427.35742153815767,218.22506631735712
1790039898.920008,169.3188277000445,193.22033898305085,-44.067796610169495,55809.0,53165.0,516.4791877011596,236.35488250731032
1790039899.0373094,169.43612890003715,200.0,-44.067796610169495,55862.0,53191.0,452.6668870891897,226.33344354459484
1790039899.1554573,169.5542756000068,-200.0,-37.288135593220346,55912.0,53225.0,463.91613878238303,269.07136049378215
1790039899.2709157,169.66973550000694,-193.22033898305085,-37.288135593220346,55952.0,53278.0,350.67466953187215,483.3623823277157
1790039899.4014156,169.80023470002925,-186.4406779661017,-37.288135593220346,55987.0,53330.0,272.6331632552825,416.9683673316086
1790039899.5164077,169.91522580001038,-179.66101694915255,-37.288135593220346,56035.0,53381.0,360.34837371376443,452.74539261472967
1790039899.6355815,170.03439830004936,-172.8813559322034,-37.288135593220346,56062.0,53415.0,221.8379003502142,301.69954447629135
1790039899.7472844,170.1461033000378,-166.10169491525426,-37.288135593220346,56091.0,53463.0,271.89989577054916,403.16191441840044
1790039899.8712146,170.27003340004012,-159.32203389830508,-37.288135593220346,56124.0,53502.0,263.84281094843504,272.3538693661265
1790039899.9886649,170.38748289999785,-152.54237288135593,-37.288135593220346,56157.0,53562.0,266.85855944082766,469.30298384421417
1790039900.1052058,170.50402280001435,-145.76271186440678,-37.288135593220346,56180.0,53611.0,197.93446390691352,440.8540332472165
1790039900.2230244,170.62184210005216,-138.98305084745763,-37.288135593220346,56200.0,53659.0,170.60969616563042,395.09613848882833
1790039900.3411744,170.73999150004238,-132.20338983050848,-37.288135593220346,56218.0,53717.0,151.74398473556323,455.23195420668975
1790039900.4589562,170.85777250002138,-125.42372881355932,-37.288135593220346,56235.0,53771.0,155.3730277812531,475.2586732132448
1790039900.5726159,170.97143259999575,-118.64406779661017,-37.288135593220346,56254.0,53831.0,157.5801619009666,556.1652772975291
1790039900.6914158,171.0902326000505,-111.86440677966102,-37.288135593220346,56270.0,53900.0,131.88436375685234,545.1220368616564
1790039900.808,171.2068163000513,-105.08474576271186,-37.288135593220346,56285.0,53962.0,135.01848402188602,522.0714715512927
1790039900.9304543,171.32927000004565,-98.30508474576271,-37.288135593220346,56300.0,54011.0,137.08257212296184,420.3865545104163
1790039901.049274,171.44808980001835,-91.52542372881356,-37.288135593220346,56312.0,54071.0,89.32646950101231,509.16087615577015
1790039901.166431,171.5652464000159,-84.74576271186442,-37.288135593220346,56328.0,54142.0,133.87394612115412,615.8201521573089
1790039901.281185,171.68000059999758,-77.96610169491527,-37.288135593220346,56345.0,54199.0,146.3669437529522,484.84050118165425
1790039901.3997154,171.79853070003446,-71.18644067796612,-37.288135593220346,56359.0,54256.0,117.0648070732418,495.2741837714076
1790039901.5158093,171.91462410002714,-64.40677966101697,-37.288135593220346,56377.0,54312.0,165.83778487233144,497.5133546169943
1790039901.6302617,172.02907660003984,-57.62711864406779,-37.288135593220346,56390.0,54381.0,109.72782924983238,603.5030608740781
1790039901.746054,172.14486790000228,-50.847457627118644,-37.288135593220346,56405.0,54430.0,126.50838655580068,424.70672629447375
1790039901.866258,172.26507150003454,-44.067796610169495,-37.288135593220346,56418.0,54491.0,104.58947323947278,522.9473661973639
1790039901.985505,172.3843191000051,-37.288135593220346,-37.288135593220346,56432.0,54535.0,113.87655951583153,376.6686199369812
1790039902.1029065,172.50171880004928,-30.508474576271198,-37.288135593220346,56453.0,54593.0,174.40456909127013,523.2137072738104
1790039902.2180462,172.61685880000005,-23.72881355932205,-37.288135593220346,56475.0,54651.0,185.28297345398002,490.99987965304706
1790039902.3356845,172.73449679999612,-16.9491525423729,-37.288135593220346,56516.0,54713.0,357.6915304163995,536.5372956245992
1790039902.4515367,172.85034980002092,-10.169491525423723,-37.288135593220346,56561.0,54761.0,374.1541606632101,401.5312943702743
1790039902.5674248,172.96623660001205,-3.3898305084745743,-37.288135593220346,56601.0,54808.0,360.94259202177994,408.4350383404352
1790039902.6859262,173.0847383000073,3.3898305084745743,-37.288135593220346,56650.0,54845.0,419.6709600193138,330.3792663981832
1790039902.803036,173.20184779999545,10.169491525423723,-37.288135593220346,56704.0,54887.0,454.72486415380325,363.77989132304265
1790039902.9190032,173.3178137000068,16.94915254237287,-37.288135593220346,56747.0,54928.0,384.34929664142396,366.04694918230854
1790039903.0400062,173.43881700001657,23.72881355932202,-37.288135593220346,56805.0,54968.0,471.2165239637774,340.3230450849503
1790039903.15862,173.55743169999914,30.50847457627117,-37.288135593220346,56860.0,55002.0,460.8217336458458,292.4445617367868
1790039903.273675,173.67248490004567,37.28813559322032,-37.288135593220346,56914.0,55040.0,483.58502586212273,319.34860198442067
1790039903.3926427,173.7914529000409,44.06779661016947,-37.288135593220346,56988.0,55067.0,599.7925641663436,212.23429193578312
1790039903.5110083,173.90981800004374,50.847457627118644,-37.288135593220346,57039.0,55090.0,448.0985387102737,188.20138625831495
1790039903.626376,174.02518640004564,57.627118644067764,-37.288135593220346,57093.0,55107.0,467.16687108718673,119.08175145359662
1790039903.740555,174.13936410000315,64.40677966101691,-37.288135593220346,57149.0,55120.0,498.5698432645799,101.56052362796999
1790039903.858819,174.25762810005108,71.18644067796606,-37.288135593220346,57224.0,55144.0,628.3944520931559,197.49539922927758
1790039903.979217,174.37802649999503,77.96610169491527,-37.288135593220346,57295.0,55171.0,581.0104652101794,237.68609940416428
1790039904.0925946,174.49140390002867,84.74576271186442,-37.288135593220346,57362.0,55190.0,586.7101764078618,167.6314789736748
1790039904.2087054,174.60751440003514,91.52542372881356,-37.288135593220346,57428.0,55203.0,595.8951076793354,100.84378745342599
1790039904.3201294,174.7189376000315,98.30508474576271,-37.288135593220346,57495.0,55220.0,620.647241017297,159.86368329233406
1790039904.4390328,174.8378417000058,105.08474576271186,-37.288135593220346,57572.0,55241.0,645.2616578466232,185.6232166408094
1790039904.560516,174.95932300004642,111.86440677966101,-37.288135593220346,57636.0,55258.0,573.1269718107652,143.2817429526913
1790039904.6763382,175.07514610001817,118.64406779661016,-37.288135593220346,57704.0,55273.0,608.8628625472815,136.3125811673018
1790039904.7962308,175.19503890001215,125.42372881355931,-37.288135593220346,57762.0,55296.0,508.38974554258664,201.60283012895675
1790039904.9150877,175.3138938000193,132.20338983050846,-37.288135593220346,57829.0,55309.0,514.4379674458343,115.30506166889387
1790039905.0408847,175.43969060003292,138.9830508474576,-37.288135593220346,57896.0,55329.0,580.3588431444359,163.2259246343726
1790039905.1624885,175.56129500002135,145.76271186440675,-37.288135593220346,57968.0,55350.0,564.9403248565972,182.51918187674676
1790039905.2818058,175.68061199999647,152.5423728813559,-37.288135593220346,58024.0,55373.0,494.3956717980997,185.39837692428742
1790039905.4045684,175.80337460001465,159.32203389830505,-37.288135593220346,58086.0,55395.0,490.9104064761998,180.8617287017578
1790039905.5325701,175.93137500004377,166.1016949152542,-37.288135593220346,58144.0,55413.0,498.2740343595143,156.86404785392116
1790039905.650015,176.04882020002697,172.88135593220335,-37.288135593220346,58181.0,55427.0,324.4292521940646,117.15500773674555
1790039905.768722,176.16752620000625,179.66101694915255,-37.288135593220346,58205.0,55436.0,213.21355468893384,71.07118489631128
1790039905.882432,176.28123790002428,186.4406779661017,-37.288135593220346,58235.0,55451.0,242.75107929199993,130.71211961876918
1790039906.008992,176.4077969000209,193.22033898305085,-37.288135593220346,58257.0,55469.0,176.50277409870745,151.28809208460638
1790039906.1285503,176.5273554000305,200.0,-37.288135593220346,58295.0,55499.0,319.6154386675593,255.69235093404745
1790039906.2450132,176.64381780003896,-200.0,-30.508474576271198,58323.0,55539.0,233.47365700244512,341.2307294651121
1790039906.3557496,176.75455420004437,-193.22033898305085,-30.508474576271198,58357.0,55595.0,323.15183277509084,522.7456118420587
1790039906.4792469,176.87804979999783,-186.4406779661017,-30.508474576271198,58396.0,55638.0,325.67985673264445,343.2841733127874
1790039906.60081,176.9996140000294,-179.66101694915255,-30.508474576271198,58432.0,55690.0,273.7001524163,419.6735670383266
1790039906.7139337,177.11273710004753,-172.8813559322034,-30.508474576271198,58468.0,55739.0,333.3706832786516,453.75454112927576
1790039906.8290527,177.22785580001073,-166.10169491525426,-30.508474576271198,58488.0,55791.0,172.66511329194103,445.2942395423742
1790039906.9489348,177.3477375000366,-159.32203389830508,-30.508474576271198,58510.0,55842.0,183.73249949589035,437.4583321330723
1790039907.0678473,177.46664950001286,-152.54237288135593,-30.508474576271198,58523.0,55899.0,105.73581552081328,493.4338057637953
1790039907.1884742,177.5872772000148,-145.76271186440678,-30.508474576271198,58548.0,55954.0,193.5182446499321,460.75772535698115
1790039907.3077068,177.7065084000351,-138.98305084745763,-30.508474576271198,58565.0,56015.0,147.88168728914414,489.8580891452899
1790039907.4238555,177.82265730004292,-132.20338983050848,-30.508474576271198,58589.0,56066.0,217.0635462697767,425.08277811164606
1790039907.5389812,177.9377824999974,-125.42372881355932,-30.508474576271198,58601.0,56128.0,100.02100442478816,545.5691150442991
1790039907.656785,178.05558600003133,-118.64406779661017,-30.508474576271198,58613.0,56200.0,106.77895064751043,587.2842285613073
1790039907.7763762,178.1751779000042,-111.86440677966102,-30.508474576271198,58625.0,56264.0,105.54340338233992,536.5123005268946
1790039907.8960576,178.29485730000306,-105.08474576271186,-30.508474576271198,58644.0,56321.0,162.23641090387196,504.73550058982386
1790039908.0173798,178.41618030000245,-98.30508474576271,-30.508474576271198,58659.0,56389.0,136.5243627856045,582.5039478852458
1790039908.134208,178.53300769999623,-91.52542372881356,-30.508474576271198,58671.0,56458.0,107.41013576117767,581.8049020397124
1790039908.253678,178.65247810003348,-84.74576271186442,-30.508474576271198,58684.0,56520.0,113.92515996746599,517.0449567754225
1790039908.371928,178.77072740002768,-77.96610169491527,-30.508474576271198,58697.0,56586.0,110.67405108998972,516.4789050866186
1790039908.4928913,178.89169000001857,-71.18644067796612,-30.508474576271198,58716.0,56655.0,153.97978882470179,552.5157128415769
1790039908.6088088,179.00760770001216,-64.40677966101697,-30.508474576271198,58737.0,56715.0,183.62269205814886,541.6869415715391
1790039908.7266512,179.1254492000444,-57.62711864406779,-30.508474576271198,58762.0,56783.0,204.71630767391025,578.546086904529
1790039908.847534,179.24633190000895,-50.847457627118644,-30.508474576271198,58776.0,56862.0,104.89400458126426,673.069862729779
1790039908.9686046,179.3674030000111,-44.067796610169495,-30.508474576271198,58802.0,56919.0,214.32877135498612,464.37900460246993
1790039909.0864875,179.4852857000078,-37.288135593220346,-30.508474576271198,58828.0,56966.0,221.29789368856794,424.1542962364219
1790039909.2033527,179.60215049999533,-30.508474576271198,-30.508474576271198,58847.0,57012.0,170.65398193415442,413.1622720511107
1790039909.325578,179.72437510004966,-23.72881355932205,-30.508474576271198,58881.0,57053.0,274.39140425723684,345.20208922684634
1790039909.4470434,179.84584030002588,-16.9491525423729,-30.508474576271198,58910.0,57106.0,254.46788581506613,447.5124888471853
1790039909.5764053,179.97520190000068,-10.169491525423723,-30.508474576271198,58944.0,57164.0,276.039518713201,443.33619672120165
1790039909.691485,180.09028170001693,-3.3898305084745743,-30.508474576271198,58984.0,57200.0,310.0300181722646,291.7929582797784
1790039909.8131447,180.21194080001442,3.3898305084745743,-30.508474576271198,59034.0,57237.0,416.8516822102878,308.10776511195184
1790039909.9339428,180.3327381000272,10.169491525423723,-30.508474576271198,59079.0,57276.0,376.13715868283,314.9055281995786
1790039910.0493665,180.44816300005186,16.94915254237287,-30.508474576271198,59130.0,57296.0,438.6991108671589,155.37260176545212
1790039910.16415,180.56294590001926,23.72881355932202,-30.508474576271198,59184.0,57316.0,492.01298928000796,173.11568141333615
1790039910.286019,180.68481320003048,30.50847457627117,-30.508474576271198,59243.0,57349.0,514.8172532053552,234.82892251472344
1790039910.4068449,180.80563890002668,37.28813559322032,-30.508474576271198,59304.0,57376.0,517.4308417856726,210.48034242129052
1790039910.5259697,180.92476449999958,44.06779661016947,-30.508474576271198,59376.0,57393.0,611.5162904193797,152.87907260484494
1790039910.6404343,181.0392289000447,50.847457627118644,-30.508474576271198,59447.0,57418.0,591.1418798405763,206.430497722106
1790039910.753498,181.15229220001493,57.627118644067764,-30.508474576271198,59484.0,57444.0,325.1987195990093,222.99340772503493
1790039910.874027,181.27282110002125,64.40677966101691,-30.508474576271198,59541.0,57460.0,487.173843851172,139.19252681462058
1790039910.9901001,181.38889400003245,71.18644067796606,-30.508474576271198,59591.0,57485.0,398.91531302270215,226.65642785380805
1790039911.1107674,181.50955990003422,77.96610169491527,-30.508474576271198,59656.0,57507.0,531.0766925214253,191.5358563192026
1790039911.2409177,181.63970950001385,84.74576271186442,-30.508474576271198,59722.0,57531.0,493.21782227356834,207.67066200992352
1790039911.3594708,181.7582640000037,91.52542372881356,-30.508474576271198,59790.0,57547.0,577.9010632479241,144.47526581198102
1790039911.4796233,181.87841659999685,98.30508474576271,-30.508474576271198,59860.0,57559.0,568.610761422137,104.97429441639451
1790039911.5934677,181.99225960002514,105.08474576271186,-30.508474576271198,59922.0,57570.0,531.566171002218,102.58294528112978
1790039911.711245,182.11003720003646,111.86440677966101,-30.508474576271198,60016.0,57588.0,800.3669099384383,143.88618605634846
1790039911.8288178,182.22760919999564,118.64406779661016,-30.508474576271198,60071.0,57603.0,465.1761943457579,125.23974463155021
1790039911.9473665,182.34615890000714,125.42372881355931,-30.508474576271198,60143.0,57626.0,579.4915276053714,205.05084822959293
1790039912.0681033,182.46689410001272,132.20338983050846,-30.508474576271198,60218.0,57639.0,651.6585590968606,105.67436093462604
1790039912.18149,182.58028090000153,138.9830508474576,-30.508474576271198,60270.0,57659.0,464.47595033738605,167.21134212145898
1790039912.2952611,182.69405220000772,145.76271186440675,-30.508474576271198,60342.0,57676.0,637.1914813194154,147.7545463929079
1790039912.4134848,182.81227580003906,152.5423728813559,-30.508474576271198,60411.0,57696.0,607.2247239161034,178.59550703414806
1790039912.5292187,182.92800920002628,159.32203389830505,-30.508474576271198,60477.0,57714.0,542.1872199456878,165.41305015292173
1790039912.6433473,183.04213710001204,166.1016949152542,-30.508474576271198,60531.0,57738.0,440.4437469673195,211.04596208850725
1790039912.7584155,183.15720539999893,172.88135593220335,-30.508474576271198,60593.0,57771.0,538.1880940083869,291.8986272587861
1790039912.8721342,183.2709240000113,179.66101694915255,-30.508474576271198,60649.0,57805.0,498.58089123300607,313.92130188744824
1790039912.9889467,183.38773670000955,186.4406779661017,-30.508474576271198,60692.0,57833.0,376.0347672815484,232.78342736476804
1790039913.1091003,183.50788990000729,193.22033898305085,-30.508474576271198,60739.0,57863.0,400.8034287091976,264.1658961946984
1790039913.222516,183.62130530003924,200.0,-30.508474576271198,60782.0,57894.0,350.9115388974626,249.3318829008287
1790039913.3405511,183.73933960002614,-200.0,-23.72881355932205,60831.0,57940.0,416.2412002350572,380.8164172363289
1790039913.4583051,183.85709390003467,-193.22033898305085,-23.72881355932205,60858.0,57984.0,223.65900765740952,384.6934931707444
1790039913.5727675,183.97155489999568,-186.4406779661017,-23.72881355932205,60901.0,58038.0,363.48690193169256,475.3290256029826
1790039913.691855,184.09064240002772,-179.66101694915255,-23.72881355932205,60925.0,58080.0,203.45322030247104,362.6774796696223
1790039913.8077598,184.2065469000372,-172.8813559322034,-23.72881355932205,60953.0,58139.0,254.1988197398265,517.4761687560754
1790039913.927698,184.3264839000185,-166.10169491525426,-23.72881355932205,60985.0,58195.0,264.1540333935739,449.0618567690757
1790039914.0472298,184.4460156999994,-159.32203389830508,-23.72881355932205,61007.0,58251.0,198.20641216029784,477.4972656588993
1790039914.1634045,184.5621916000382,-152.54237288135593,-23.72881355932205,61024.0,58336.0,155.89693928340787,751.9734718376144
1790039914.2803652,184.67915240000002,-145.76271186440678,-23.72881355932205,61038.0,58388.0,116.61159008369822,457.4762380206622
1790039914.3959985,184.79478390002623,-138.98305084745763,-23.72881355932205,61058.0,58444.0,146.794781782587,486.25771465481944
1790039914.5182366,184.91702190000797,-132.20338983050848,-23.72881355932205,61076.0,58514.0,163.2850040197305,589.6402922934712
1790039914.6354525,185.03423800005112,-125.42372881355932,-23.72881355932205,61096.0,58570.0,179.68257278679152,476.1588178849975
1790039914.7567513,185.15553660003934,-118.64406779661017,-23.72881355932205,61110.0,58633.0,112.11390775428244,508.8246582694357
1790039914.8763673,185.27515200001653,-111.86440677966102,-23.72881355932205,61122.0,58697.0,102.24929865106735,576.3142287605614
1790039914.9922247,185.39100930001587,-105.08474576271186,-23.72881355932205,61141.0,58770.0,154.43342010259917,626.8179992399614
1790039915.118116,185.5169008000521,-98.30508474576271,-23.72881355932205,61161.0,58829.0,167.06888499698408,467.7928779915554
1790039915.233166,185.63195060001453,-91.52542372881356,-23.72881355932205,61178.0,58895.0,136.89953578798895,565.8514145903544
1790039915.3506072,185.74939030001406,-84.74576271186442,-23.72881355932205,61195.0,58965.0,152.3414886857489,591.4434266623193
1790039915.468245,185.86702880001394,-77.96610169491527,-23.72881355932205,61214.0,59023.0,152.124054418044,492.1660584113189
1790039915.585959,185.9847429000074,-71.18644067796612,-23.72881355932205,61233.0,59082.0,169.24663869971093,498.8321982728322
1790039915.7044697,186.1032520000008,-64.40677966101697,-23.72881355932205,61257.0,59150.0,222.9695832601053,603.8759546627853
1790039915.8291416,186.2279242000077,-57.62711864406779,-23.72881355932205,61282.0,59202.0,218.6015967798114,384.73881033246806
1790039915.9476266,186.3464092000504,-50.847457627118644,-23.72881355932205,61304.0,59252.0,186.8099706214463,409.20279278983475
1790039916.075334,186.47411629999988,-44.067796610169495,-23.72881355932205,61337.0,59319.0,271.59264397215014,510.2649674628275
1790039916.190626,186.5894083000021,-37.288135593220346,-23.72881355932205,61372.0,59371.0,279.60400618889355,475.32681052111906
1790039916.3067286,186.70551090000663,-30.508474576271198,-23.72881355932205,61398.0,59418.0,225.97378879181488,397.7138682735942
1790039916.423041,186.82182170002488,-23.72881355932205,-23.72881355932205,61426.0,59484.0,233.83902520070922,575.6037543402073
1790039916.5386636,186.9374457000522,-16.9491525423729,-23.72881355932205,61462.0,59516.0,319.3008223716632,282.80929981490164
1790039916.6580272,187.05680890002986,-10.169491525423723,-23.72881355932205,61504.0,59569.0,351.0197562753099,429.9992014372546
1790039916.7779977,187.1767784000258,-3.3898305084745743,-23.72881355932205,61555.0,59618.0,399.9840005689476,427.25563697137585
1790039916.8951883,187.29396910005016,3.3898305084745743,-23.72881355932205,61592.0,59653.0,315.1600067797498,288.1462919129141
1790039917.0143788,187.4131593000493,10.169491525423723,-23.72881355932205,61637.0,59695.0,390.2681320290634,345.9194806621244
1790039917.133049,187.5318298000493,16.94915254237287,-23.72881355932205,61686.0,59730.0,404.08466740376673,296.3287560960956
1790039917.2486784,187.64745810005115,23.72881355932202,-23.72881355932205,61747.0,59769.0,527.3602841306109,351.57352275374063
1790039917.364032,187.76281200000085,30.50847457627117,-23.72881355932205,61798.0,59800.0,456.0079964090164,273.60479784540985
1790039917.4771085,187.8758882000111,37.28813559322032,-23.72881355932205,61860.0,59829.0,528.0652798616088,268.6647915085378
1790039917.5932353,187.992014700023,44.06779661016947,-23.72881355932205,61917.0,59858.0,513.7657680262078,252.3761667497161
1790039917.7110372,188.10981620004168,50.847457627118644,-23.72881355932205,61988.0,59883.0,609.4014017001107,203.13380056670354
1790039917.8323424,188.23112010001205,57.627118644067764,-23.72881355932205,62057.0,59905.0,601.161302132479,185.65275507032442
1790039917.9501238,188.348902800004,64.40677966101691,-23.72881355932205,62128.0,59927.0,616.4512712893538,190.37465730994748
1790039918.0703292,188.4691078000469,71.18644067796606,-23.72881355932205,62199.0,59948.0,557.719623738331,156.8586441764056
1790039918.1824539,188.58123210002668,77.96610169491527,-23.72881355932205,62260.0,59959.0,524.9821177444849,93.74680674008658
1790039918.3055708,188.7043488000054,84.74576271186442,-23.72881355932205,62316.0,59976.0,467.6322071360703,143.88683296494472
1790039918.420622,188.81940010003746,91.52542372881356,-23.72881355932205,62395.0,59989.0,663.9206425252404,118.23244318942638
1790039918.5353928,188.93417060002685,98.30508474576271,-23.72881355932205,62459.0,59999.0,547.4267748499824,91.2377958083304
1790039918.6495671,189.04834470001515,105.08474576271186,-23.72881355932205,62544.0,60013.0,779.356765038962,119.19574053537065
1790039918.7709358,189.16971240000566,111.86440677966101,-23.72881355932205,62613.0,60042.0,576.22908793044,240.8121561500346
1790039918.8918347,189.29060930002015,118.64406779661016,-23.72881355932205,62692.0,60054.0,594.8422734385185,106.5389146457048
1790039919.0145876,189.41336220002268,125.42372881355931,-23.72881355932205,62758.0,60073.0,529.312639883691,164.86787143918244
1790039919.134395,189.53317040001275,132.20338983050846,-23.72881355932205,62821.0,60098.0,537.018954140788,196.90694985162227
1790039919.259124,189.65790030005155,138.9830508474576,-23.72881355932205,62893.0,60113.0,581.6129389937357,126.4375954334208
1790039919.3815923,189.7803662000224,145.76271186440675,-23.72881355932205,62965.0,60134.0,551.2225844371438,180.72871620889964
1790039919.502392,189.9011668000021,152.5423728813559,-23.72881355932205,63010.0,60154.0,377.2161448301416,166.67690120401608
1790039919.6205258,190.01929980004206,159.32203389830505,-23.72881355932205,63070.0,60174.0,492.57730787202536,170.16306999215422
1790039919.7447805,190.14355490001617,166.1016949152542,-23.72881355932205,63127.0,60199.0,445.8149750416821,185.05527265881142
1790039919.8665662,190.26533980004024,172.88135593220335,-23.72881355932205,63182.0,60228.0,476.0984828359557,219.73776130890263
1790039919.9854498,190.3842228000285,179.66101694915255,-23.72881355932205,63242.0,60259.0,485.0379033468847,273.3850000682441
1790039920.099676,190.4984492000076,186.4406779661017,-23.72881355932205,63294.0,60292.0,450.35522913392515,275.72769130648476
1790039920.220484,190.6192573000444,193.22033898305085,-23.72881355932205,63336.0,60331.0,359.20861954791303,315.4026903347529
1790039920.3348165,190.7335903000203,200.0,-23.72881355932205,63369.0,60366.0,287.151897877168,314.94079122011976
1790039920.4574869,190.85625880002044,-200.0,-16.9491525423729,63402.0,60423.0,282.28163692196364,482.61054054400233
1790039920.573636,190.9724076000275,-193.22033898305085,-16.9491525423729,63436.0,60463.0,290.10155370332245,362.62694212915306
1790039920.6904418,191.08921360003296,-186.4406779661017,-16.9491525423729,63478.0,60507.0,355.85402688260075,346.7295646548418
1790039920.8189054,191.21767780004302,-179.66101694915255,-16.9491525423729,63502.0,60561.0,198.95647327301685,406.2027995990761
1790039920.9435751,191.3423464000225,-172.8813559322034,-16.9491525423729,63541.0,60612.0,315.37163981594443,434.7014494760315
1790039921.0674293,191.46620060002897,-166.10169491525426,-16.9491525423729,63569.0,60665.0,205.83736876737038,411.67473753474076
1790039921.18762,191.5863905000151,-159.32203389830508,-16.9491525423729,63592.0,60737.0,192.06308045970414,602.3796614417994
1790039921.3133016,191.7120723000262,-152.54237288135593,-16.9491525423729,63609.0,60778.0,134.67287959015744,336.6821989753936
1790039921.4279566,191.82672680000542,-145.76271186440678,-16.9491525423729,63629.0,60830.0,168.37000991563932,467.694471987887
1790039921.544453,191.94322270003613,-138.98305084745763,-16.9491525423729,63646.0,60898.0,144.58976713877922,596.4327894474643
1790039921.6598682,192.0586380000459,-132.20338983050848,-16.9491525423729,63658.0,60966.0,100.61926583466317,539.6851531131933
1790039921.7776923,192.17646129999775,-125.42372881355932,-16.9491525423729,63672.0,61020.0,109.09090910476348,445.45454551111754
1790039921.8884153,192.28718430001754,-118.64406779661017,-16.9491525423729,63687.0,61091.0,133.3631812386309,657.2899646761093
1790039922.007058,192.4058267000364,-111.86440677966102,-16.9491525423729,63700.0,61159.0,115.01279737067394,601.6054016312175
1790039922.1274295,192.5261994000175,-105.08474576271186,-16.9491525423729,63714.0,61221.0,124.45838383805935,488.94365079237605
1790039922.2450213,192.6437905000057,-98.30508474576271,-16.9491525423729,63730.0,61317.0,133.72786021181778,802.3671612709066
1790039922.3603947,192.75916270003654,-91.52542372881356,-16.9491525423729,63750.0,61372.0,174.40633010399154,477.3225876530295
1790039922.4768353,192.8756026000483,-84.74576271186442,-16.9491525423729,63768.0,61431.0,153.06903417003218,513.2314675112843
1790039922.5959482,192.99471690005157,-77.96610169491527,-16.9491525423729,63785.0,61498.0,150.39070618523667,566.1767762267733
1790039922.7121303,193.11089900002116,-71.18644067796612,-16.9491525423729,63806.0,61545.0,171.10704456547157,414.2591605269311
1790039922.8289375,193.2277048000251,-64.40677966101697,-16.9491525423729,63827.0,61600.0,194.0466488049126,452.7755138781294
1790039922.9437613,193.34252770000603,-57.62711864406779,-16.9491525423729,63849.0,61666.0,165.6038883973403,570.4133933686167
1790039923.060629,193.45939640002325,-50.847457627118644,-16.9491525423729,63875.0,61708.0,226.28816810058632,334.90648878886776
1790039923.1788762,193.5776435000007,-44.067796610169495,-16.9491525423729,63899.0,61752.0,187.2355298056748,374.4710596113496
1790039923.3007991,193.69956480001565,-37.288135593220346,-16.9491525423729,63932.0,61806.0,297.5519588605415,441.81957527777377
1790039923.41707,193.81583640002646,-30.508474576271198,-16.9491525423729,63956.0,61846.0,217.30351688540554,344.06390173522544
1790039923.536778,193.93554460001178,-23.72881355932205,-16.9491525423729,64001.0,61895.0,394.80610645386867,421.1265135507933
1790039923.659359,194.05812490003882,-16.9491525423729,-16.9491525423729,64045.0,61936.0,366.0590087819674,314.98100755657657
1790039923.7750278,194.17379410000285,-10.169491525423723,-16.9491525423729,64097.0,61975.0,464.2559341463823,345.9161862267162
1790039923.895266,194.29403170000296,-3.3898305084745743,-16.9491525423729,64152.0,62017.0,451.34867481472617,333.99801936289737
1790039924.0108845,194.4096494000405,3.3898305084745743,-16.9491525423729,64196.0,62054.0,390.5714241182348,317.90697311949344
1790039924.1254964,194.52426140004536,10.169491525423723,-16.9491525423729,64242.0,62084.0,411.906477004385,256.2973634693951
1790039924.24365,194.64241530001163,16.94915254237287,-16.9491525423729,64289.0,62119.0,416.11000890837573,309.86915557006705
1790039924.360863,194.75962810002966,23.72881355932202,-16.9491525423729,64338.0,62147.0,423.207244589168,252.12346486163202
1790039924.4806921,194.8794558000518,30.50847457627117,-16.9491525423729,64406.0,62178.0,567.3582335393482,265.3772382684048
1790039924.5996585,194.99842130002799,37.28813559322032,-16.9491525423729,64476.0,62205.0,592.274093739847,238.67761986531147
1790039924.7153733,195.11413650005125,44.06779661016947,-16.9491525423729,64546.0,62231.0,605.913161844588,238.6930637569589
1790039924.833778,195.2325417000102,50.847457627118644,-16.9491525423729,64610.0,62253.0,544.5874259557439,178.5532544117193
1790039924.9520864,195.35084890003782,57.627118644067764,-16.9491525423729,64674.0,62286.0,566.4144109981521,259.9935001302993
1790039925.063531,195.46229260001564,64.40677966101691,-16.9491525423729,64750.0,62310.0,647.8664707533355,219.1313062842164
1790039925.1849945,195.58375740004703,71.18644067796606,-16.9491525423729,64824.0,62334.0,636.8204341818255,191.91848701370085
1790039925.3027344,195.70149619999574,77.96610169491527,-16.9491525423729,64898.0,62349.0,611.6147437874112,134.91501701192894
1790039925.421398,195.8201595999999,84.74576271186442,-16.9491525423729,64969.0,62362.0,568.6629402510181,106.6243012970659
1790039925.542788,195.94154940004228,91.52542372881356,-16.9491525423729,65033.0,62374.0,542.727063395032,96.29028544105407
1790039925.6605418,196.05930390005233,98.30508474576271,-16.9491525423729,65124.0,62393.0,754.7224056286047,152.74143923436048
1790039925.7790177,196.17777850001585,105.08474576271186,-16.9491525423729,65182.0,62416.0,495.93106924325684,174.4942651041089
1790039925.8971293,196.29588920000242,111.86440677966101,-16.9491525423729,65249.0,62438.0,596.5790201460214,186.98745407561867
1790039926.013648,196.41240890003974,118.64406779661016,-16.9491525423729,65316.0,62466.0,556.2805441698765,246.2225359440437
1790039926.127724,196.52648540004157,125.42372881355931,-16.9491525423729,65381.0,62483.0,570.5861022125437,147.24802637743062
1790039926.2440119,196.64277100004256,132.20338983050846,-16.9491525423729,65445.0,62497.0,504.4473913991798,119.2330197852607
1790039926.3634303,196.76218950003386,138.9830508474576,-16.9491525423729,65512.0,62514.0,567.008436730732,150.6116160066007
1790039926.480765,196.87952450005105,145.76271186440675,-16.9491525423729,65595.0,62542.0,681.4438361569324,242.09188916101547
1790039926.59542,196.9941784000257,152.5423728813559,-16.9491525423729,65659.0,62574.0,557.0368608180182,259.9505350484085
1790039926.7168581,197.11561690003145,159.32203389830505,-16.9491525423729,65725.0,62613.0,538.1955626471766,326.4464888187793
1790039926.8293326,197.22809190000407,166.1016949152542,-16.9491525423729,65764.0,62643.0,331.49181736401454,284.1358434548696
1790039926.9439929,197.34275180002442,172.88135593220335,-16.9491525423729,65829.0,62675.0,562.137893525685,276.46125911099256
1790039927.0630002,197.4617579000187,179.66101694915255,-16.9491525423729,65873.0,62712.0,359.9677258527395,307.28952206941176
1790039927.1768966,197.57565450004768,186.4406779661017,-16.9491525423729,65910.0,62751.0,323.17039396203853,360.1041532719858
1790039927.2958324,197.69459020002978,193.22033898305085,-16.9491525423729,65945.0,62795.0,290.1254485565543,369.25057089016
1790039927.4098604,197.80861710000318,200.0,-16.9491525423729,65989.0,62833.0,390.2493414804556,343.7910865423061
1790039927.5264916,197.92524770001182,-200.0,-10.169491525423723,66019.0,62872.0,271.51655573267755,325.819866879213
1790039927.6470816,198.04583950003143,-193.22033898305085,-10.169491525423723,66044.0,62917.0,183.75790161249952,358.7654269577372
1790039927.7751105,198.17386780004017,-186.4406779661017,-10.169491525423723,66071.0,62966.0,205.01196857530087,360.82106469252955
1790039927.8963768,198.29513360001147,-179.66101694915255,-10.169491525423723,66100.0,63016.0,223.56740241272342,411.3640204394111
1790039928.0107374,198.40949400002137,-172.8813559322034,-10.169491525423723,66126.0,63074.0,238.68057377857542,514.0812358307778
1790039928.1249113,198.5236680000089,-166.10169491525426,-10.169491525423723,66149.0,63123.0,184.18648515874494,442.04756438098786
1790039928.2376714,198.63642630004324,-159.32203389830508,-10.169491525423723,66175.0,63177.0,205.2361335408535,466.4457580473943
1790039928.355207,198.7539619000163,-152.54237288135593,-10.169491525423723,66190.0,63240.0,133.85578731926353,553.2705875862893
1790039928.4742265,198.8729816999985,-145.76271186440678,-10.169491525423723,66208.0,63308.0,142.1523464440825,586.3784290818403
1790039928.593196,198.99195150000742,-138.98305084745763,-10.169491525423723,66221.0,63375.0,114.42010127398537,536.8943213625467
1790039928.7086334,199.10738840000704,-132.20338983050848,-10.169491525423723,66236.0,63433.0,136.21689367230678,526.7053221995862
1790039928.8285847,199.2273384000291,-125.42372881355932,-10.169491525423723,66249.0,63506.0,118.66131774097082,620.6899697220011
1790039928.944196,199.34295010002097,-118.64406779661017,-10.169491525423723,66265.0,63578.0,137.19165033972,649.373811608008
1790039929.0664368,199.4651902000187,-111.86440677966102,-10.169491525423723,66272.0,63648.0,52.16488623841746,582.507896328995
1790039929.182801,199.58155540004373,-105.08474576271186,-10.169491525423723,66287.0,63708.0,135.85762842567442,498.14463756080613
1790039929.2979052,199.69665870000608,-98.30508474576271,-10.169491525423723,66309.0,63754.0,172.72444632765607,399.9934546535193
1790039929.4171348,199.81588810001267,-91.52542372881356,-10.169491525423723,66320.0,63822.0,101.93283182907967,583.7971277483654
1790039929.5362608,199.93501400004607,-84.74576271186442,-10.169491525423723,66334.0,63884.0,128.32087549981566,540.7808324635089
1790039929.6524925,200.05124470003648,-77.96610169491527,-10.169491525423723,66359.0,63934.0,207.01753439817892,450.0381182569107
1790039929.7674792,200.1662322000484,-71.18644067796612,-10.169491525423723,66372.0,63983.0,118.9814819021792,439.31624086958476
1790039929.888845,200.28759750002064,-64.40677966101697,-10.169491525423723,66396.0,64052.0,197.89440355553873,576.4750016617868
1790039930.0041857,200.40293810004368,-57.62711864406779,-10.169491525423723,66419.0,64092.0,202.4051249226487,349.6088521391205
1790039930.1203027,200.51905430003535,-50.847457627118644,-10.169491525423723,66460.0,64130.0,369.2516745700354,332.3265071130319
1790039930.2374823,200.6362334000296,-44.067796610169495,-10.169491525423723,66497.0,64191.0,321.34077647189514,535.5679607864919
1790039930.3573713,200.75612220005132,-37.288135593220346,-10.169491525423723,66524.0,64226.0,227.52770143046106,280.0340940682598
1790039930.471527,200.87027810001746,-30.508474576271198,-10.169491525423723,66555.0,64276.0,256.67986441259956,440.02262470731347
1790039930.5916457,200.99039540003287,-23.72881355932205,-10.169491525423723,66594.0,64317.0,309.07320752985106,354.5251498136527
1790039930.7069955,201.10574650001945,-16.9491525423729,-10.169491525423723,66635.0,64343.0,356.94411901374053,228.81033270111573
1790039930.8282807,201.22703100001672,-10.169491525423723,-10.169491525423723,66672.0,64382.0,319.7176806539955,328.35869905004944
1790039930.946077,201.34482640004717,-3.3898305084745743,-10.169491525423723,66730.0,64408.0,485.0783492934998,237.9629638043584
1790039931.0665457,201.4652955000056,3.3898305084745743,-10.169491525423723,66774.0,64437.0,350.66486958371325,233.7765797224755
1790039931.1804838,201.57923319999827,10.169491525423723,-10.169491525423723,66823.0,64470.0,431.8650229432621,266.46990777350214
1790039931.299519,201.69826700002886,16.94915254237287,-10.169491525423723,66881.0,64491.0,469.4216106329804,177.1402304275398
1790039931.4157238,201.8144719999982,23.72881355932202,-10.169491525423723,66938.0,64522.0,463.7253145831234,272.77959681360204
1790039931.5338483,201.93259520002175,30.50847457627117,-10.169491525423723,67013.0,64543.0,603.101003272281,186.25178042232207
1790039931.6501143,202.0488622999983,37.28813559322032,-10.169491525423723,67065.0,64569.0,472.1713980426928,217.925260635089
1790039931.7673795,202.16612760000862,44.06779661016947,-10.169491525423723,67129.0,64591.0,527.0708974358212,178.66810082570208
1790039931.8814712,202.28021930000978,50.847457627118644,-10.169491525423723,67203.0,64620.0,662.9188407529994,261.43278226878846
1790039932.0034442,202.40219120000256,57.627118644067764,-10.169491525423723,67265.0,64637.0,510.52269308028855,154.98010325651617
1790039932.122667,202.5214143000194,64.40677966101691,-10.169491525423723,67337.0,64655.0,615.9223973686239,160.67540800920622
1790039932.2383218,202.63706890004687,71.18644067796606,-10.169491525423723,67407.0,64675.0,595.5495041628639,183.24600128088116
1790039932.352625,202.75136870000279,77.96610169491527,-10.169491525423723,67477.0,64693.0,629.1059572086585,166.5280474964096
1790039932.4763234,202.87506930000382,84.74576271186442,-10.169491525423723,67558.0,64714.0,664.1751124444222,152.58076907506998
1790039932.5924923,202.99123810004676,91.52542372881356,-10.169491525423723,67625.0,64726.0,582.2850685046981,100.08024614924499
1790039932.7088728,203.10761910001747,98.30508474576271,-10.169491525423723,67695.0,64748.0,611.4003350942979,191.63294085045158
1790039932.8286922,203.22743840003386,105.08474576271186,-10.169491525423723,67774.0,64763.0,648.4835533346586,137.0035676059138
1790039932.9433084,203.34205410000868,111.86440677966101,-10.169491525423723,67831.0,64783.0,484.6423245861356,182.88389607023984
1790039933.0596235,203.45836839999538,118.64406779661016,-10.169491525423723,67897.0,64801.0,590.1997780680779,154.3599419562665
1790039933.17861,203.5773558000219,125.42372881355931,-10.169491525423723,67962.0,64822.0,522.5396135226205,177.13207238054932
1790039933.2964838,203.6952274000505,132.20338983050846,-10.169491525423723,68046.0,64851.0,677.337477972099,265.44306569176854
1790039933.4129546,203.81169780000346,138.9830508474576,-10.169491525423723,68099.0,64870.0,463.40424024751417,163.55443773441675
1790039933.5332499,203.93199440004537,145.76271186440675,-10.169491525423723,68153.0,64895.0,460.401080168652,185.93120545272484
1790039933.6475093,204.04625190002844,152.5423728813559,-10.169491525423723,68214.0,64931.0,521.2187210775089,316.4542235113447
1790039933.7673454,204.16608890000498,159.32203389830505,-10.169491525423723,68273.0,64955.0,513.934979847434,201.9030277972062
1790039933.8829973,204.28174060001038,166.1016949152542,-10.169491525423723,68329.0,65001.0,493.2182489730132,411.015207477511
1790039934.0015407,204.4002843000344,172.88135593220335,-10.169491525423723,68385.0,65026.0,455.2384556382347,223.156105705017
1790039934.1142213,204.51296469999943,179.66101694915255,-10.169491525423723,68427.0,65061.0,335.8841871627915,289.2336056124038
1790039934.2287,204.62744230002863,186.4406779661017,-10.169491525423723,68467.0,65105.0,347.5668038394192,384.152783190937
1790039934.345318,204.7440607000026,193.22033898305085,-10.169491525423723,68510.0,65153.0,363.0838159571798,381.2380067550388
1790039934.468402,204.8671443000203,200.0,-10.169491525423723,68549.0,65200.0,347.2587123101127,383.81226097433506
1790039934.5858915,204.98463250003988,-200.0,-3.3898305084745743,68578.0,65266.0,250.61198556862837,528.075255305324
1790039934.7033217,205.1020639000344,-193.22033898305085,-3.3898305084745743,68601.0,65317.0,180.40755868986102,441.9985187901595
1790039934.8261032,205.2248451000196,-186.4406779661017,-3.3898305084745743,68621.0,65376.0,161.45465550473855,475.86635306659787
1790039934.9419465,205.34068820002722,-179.66101694915255,-3.3898305084745743,68651.0,65426.0,272.1019500225338,459.75846727945367
1790039935.0563903,205.45513160002884,-172.8813559322034,-3.3898305084745743,68674.0,65493.0,210.40806360469173,567.1869540648212
1790039935.1692195,205.56796060001943,-166.10169491525426,-3.3898305084745743,68684.0,65541.0,92.84844167204213,436.387675858598
1790039935.281931,205.68067150004208,-159.32203389830508,-3.3898305084745743,68705.0,65590.0,167.74161085997184,447.3109622932582
1790039935.4014974,205.80023760005133,-152.54237288135593,-3.3898305084745743,68721.0,65646.0,140.60124604486037,492.1043611570113
1790039935.5206892,205.91942960000597,-145.76271186440678,-3.3898305084745743,68735.0,65699.0,106.16237177022663,460.0369443376487
1790039935.6380777,206.0368178000208,-138.98305084745763,-3.3898305084745743,68750.0,65764.0,101.38417046667871,525.3543378727896
1790039935.7559204,206.15465880004922,-132.20338983050848,-3.3898305084745743,68771.0,65834.0,168.5807981412221,594.4691302874674
1790039935.8679442,206.26668350002728,-125.42372881355932,-3.3898305084745743,68783.0,65883.0,104.54594271140328,437.19212406586826
1790039935.989008,206.3877472000313,-118.64406779661017,-3.3898305084745743,68793.0,65955.0,86.49666037174288,579.5276244906773
1790039936.1069586,206.5056977000204,-111.86440677966102,-3.3898305084745743,68808.0,66006.0,129.60742838874108,407.3376320789006
1790039936.2204835,206.61922170000616,-105.08474576271186,-3.3898305084745743,68825.0,66082.0,156.76597330540812,682.3930602706
1790039936.341767,206.7405050000525,-98.30508474576271,-3.3898305084745743,68845.0,66151.0,164.03193956236214,561.1618985028178
1790039936.4648547,206.86359290004475,-91.52542372881356,-3.3898305084745743,68869.0,66211.0,195.23623585408416,500.8233876256941
1790039936.5826607,206.98139740002807,-84.74576271186442,-3.3898305084745743,68879.0,66270.0,89.8950744654816,467.4543872205043
1790039936.6997986,207.0985354000004,-77.96610169491527,-3.3898305084745743,68900.0,66330.0,189.22140795918568,504.5904212244952
1790039936.8216345,207.22037150000688,-71.18644067796612,-3.3898305084745743,68937.0,66392.0,311.16216478705917,501.3168210458175
1790039936.9391475,207.33788410003763,-64.40677966101697,-3.3898305084745743,68965.0,66446.0,245.90544670504363,446.2728477239681
1790039937.0586822,207.45741850003833,-57.62711864406779,-3.3898305084745743,68988.0,66483.0,202.4492842708009,325.67928339215797
1790039937.1743839,207.57312080002157,-50.847457627118644,-3.3898305084745743,69023.0,66536.0,310.30816349964346,474.5889559406312
1790039937.288264,207.6869994000299,-44.067796610169495,-3.3898305084745743,69065.0,66591.0,386.5218006153303,469.34790074718677
1790039937.4050148,207.8037499000202,-37.288135593220346,-3.3898305084745743,69108.0,66634.0,359.6419073494695,387.3066694532748
1790039937.5228393,207.92157480004244,-30.508474576271198,-3.3898305084745743,69146.0,66686.0,321.3720443866435,455.2770628810783
1790039937.6382594,208.0369948000298,-23.72881355932205,-3.3898305084745743,69181.0,66727.0,302.1925443726922,366.2939931790209
1790039937.7532058,208.1519391000038,-16.9491525423729,-3.3898305084745743,69224.0,66761.0,383.4194810647217,310.3871989571557
1790039937.8756828,208.27441670000553,-10.169491525423723,-3.3898305084745743,69285.0,66813.0,489.27782581277734,428.11809758618017
1790039937.9939594,208.39269290002994,-3.3898305084745743,-3.3898305084745743,69354.0,66847.0,595.5200649626224,279.7139699066863
1790039938.1147816,208.5135161000071,3.3898305084745743,-3.3898305084745743,69410.0,66872.0,454.4262867493588,209.73520926893482
1790039938.2431965,208.64192920003552,10.169491525423723,-3.3898305084745743,69463.0,66911.0,396.1052948288932,305.3311647639385
1790039938.3704944,208.76922810001997,16.94915254237287,-3.3898305084745743,69534.0,66948.0,588.2421099447048,285.208295730766
1790039938.4896295,208.88836280000396,23.72881355932202,-3.3898305084745743,69590.0,66979.0,482.594145156141,263.23317008516784
1790039938.610037,209.00877000001492,30.50847457627117,-3.3898305084745743,69643.0,67011.0,416.377515515664,260.23594719729005
1790039938.7271197,209.12585230002878,37.28813559322032,-3.3898305084745743,69706.0,67029.0,561.4812963363345,153.95454899544654
1790039938.8497014,209.2484328999999,44.06779661016947,-3.3898305084745743,69770.0,67054.0,508.85313603720795,208.99325230099612
1790039938.9677284,209.36646020004991,50.847457627118644,-3.3898305084745743,69838.0,67071.0,587.2978160577469,151.2736798936621
1790039939.085228,209.4839603000437,57.627118644067764,-3.3898305084745743,69911.0,67080.0,602.3013304655452,80.90614886850608
1790039939.2013345,209.6000663000159,64.40677966101691,-3.3898305084745743,69966.0,67106.0,450.6484739784729,229.9226908053433
1790039939.3172197,209.71595100004924,71.18644067796606,-3.3898305084745743,70037.0,67131.0,629.1246416442835,218.82596231105515
1790039939.4343238,209.8330552999978,77.96610169491527,-3.3898305084745743,70119.0,67149.0,684.3197140555786,162.07572175000547
1790039939.5555909,209.9543216000311,84.74576271186442,-3.3898305084745743,70192.0,67172.0,626.6382112948044,196.94343783550994
1790039939.6737022,210.0724312000093,91.52542372881356,-3.3898305084745743,70264.0,67184.0,615.5422608985549,99.57301279241328
1790039939.793646,210.19237540004542,98.30508474576271,-3.3898305084745743,70332.0,67197.0,563.4070633664699,114.4420597463142
1790039939.9068868,210.30559000000358,105.08474576271186,-3.3898305084745743,70408.0,67216.0,643.6462177994374,160.91155444985935
1790039940.0257065,210.42443579999963,111.86440677966101,-3.3898305084745743,70485.0,67235.0,639.3919471962754,162.09936689483038
1790039940.1411252,210.53985510003986,118.64406779661016,-3.3898305084745743,70546.0,67253.0,548.9272589846317,146.3806023959018
1790039940.258938,210.65766790002817,125.42372881355931,-3.3898305084745743,70609.0,67279.0,535.6631108143575,223.19296283931564
1790039940.3766773,210.77540690003661,132.20338983050846,-3.3898305084745743,70655.0,67302.0,383.2643606467045,196.0887426564535
1790039940.4904673,210.8891966000083,138.9830508474576,-3.3898305084745743,70709.0,67320.0,450.9964202460811,169.1236575922804
1790039940.6055784,211.00430720002623,145.76271186440675,-3.3898305084745743,70771.0,67342.0,554.7446584287056,190.97766929512815
1790039940.7193794,211.1181083000265,152.5423728813559,-3.3898305084745743,70833.0,67375.0,542.9331273063491,294.4722046407317
1790039940.8331776,211.23190630000317,159.32203389830505,-3.3898305084745743,70873.0,67406.0,350.1603825996341,276.4424073155006
1790039940.9514308,211.35015960002784,166.1016949152542,-3.3898305084745743,70910.0,67442.0,303.12215821286344,312.03751580735945
1790039941.071771,211.47049910004716,172.88135593220335,-3.3898305084745743,70964.0,67477.0,481.6723663189329,287.15083376705616
1790039941.1839015,211.58262870000908,179.66101694915255,-3.3898305084745743,70999.0,67515.0,308.8979456918983,355.70066473612536
1790039941.3000605,211.69878710003104,186.4406779661017,-3.3898305084745743,71033.0,67557.0,298.9796639676187,371.45958250522324
1790039941.41588,211.81460720003815,193.22033898305085,-3.3898305084745743,71076.0,67600.0,382.3447748608738,373.24132784037687
1790039941.5323913,211.9311166999978,200.0,-3.3898305084745743,71118.0,67642.0,347.48162694312447,338.3373736025159
1790039941.6562574,212.05498340004124,-200.0,3.3898305084745743,71146.0,67702.0,184.73361416185594,480.30739682082543
1790039941.7723255,212.17105030000675,-193.22033898305085,3.3898305084745743,71175.0,67757.0,227.56297345264312,482.4335037196034
1790039941.8836765,212.28240250004455,-186.4406779661017,3.3898305084745743,71198.0,67805.0,170.02609900809168,434.5111419095676
1790039942.000002,212.39872640004614,-179.66101694915255,3.3898305084745743,71217.0,67868.0,163.97310483577533,528.3577822486094
1790039942.1206226,212.51934840000467,-172.8813559322034,3.3898305084745743,71243.0,67925.0,236.4851036661745,454.779045511874
1790039942.236203,212.63492670003325,-166.10169491525426,3.3898305084745743,71262.0,67979.0,164.25740592493776,474.52139489426463
1790039942.357095,212.7558190000127,-159.32203389830508,3.3898305084745743,71278.0,68062.0,131.0454544439348,698.9090903676523
1790039942.47571,212.87443510000594,-152.54237288135593,3.3898305084745743,71303.0,68119.0,213.37202488974435,497.86805807607016
1790039942.59339,212.99211340001784,-145.76271186440678,3.3898305084745743,71320.0,68196.0,143.76013618544076,619.9655872997132
1790039942.7104251,213.1091486000223,-138.98305084745763,3.3898305084745743,71336.0,68241.0,135.16496881817199,378.46191269088155
1790039942.824934,213.223656999995,-132.20338983050848,3.3898305084745743,71348.0,68302.0,110.43866235789324,506.1772024736773
1790039942.9400039,213.3387281000032,-125.42372881355932,3.3898305084745743,71366.0,68349.0,166.64167039390404,379.5726936750037
1790039943.0547962,213.45351880003,-118.64406779661017,3.3898305084745743,71380.0,68413.0,101.53971122749154,581.5456188483606
1790039943.1746178,213.5733406000072,-111.86440677966102,3.3898305084745743,71400.0,68469.0,158.35605298112986,475.06815894338956
1790039943.2905715,213.68929320003372,-105.08474576271186,3.3898305084745743,71419.0,68530.0,163.4742269230723,544.9140897435744
1790039943.4065723,213.8052955000312,-98.30508474576271,3.3898305084745743,71440.0,68601.0,182.61221290367928,620.8815238725095
1790039943.5250113,213.92373350000707,-91.52542372881356,3.3898305084745743,71460.0,68662.0,172.56960686767175,526.7914314907874
1790039943.6404989,214.03922070004046,-84.74576271186442,3.3898305084745743,71493.0,68726.0,280.9128762107978,561.8257524215956
1790039943.7564468,214.1551675000228,-77.96610169491527,3.3898305084745743,71521.0,68802.0,235.34778973812303,669.8360169469655
1790039943.8804336,214.2791550999973,-71.18644067796612,3.3898305084745743,71553.0,68875.0,256.83788050672234,590.7271251654614
1790039943.9949868,214.39370710001094,-64.40677966101697,3.3898305084745743,71580.0,68926.0,232.85923186936733,419.1466173648612
1790039944.1112576,214.5099775000126,-57.62711864406779,3.3898305084745743,71614.0,68980.0,298.7352635754519,470.73435472495447
1790039944.227819,214.6265397000243,-50.847457627118644,3.3898305084745743,71649.0,69025.0,301.67208609880333,402.2294481317378
1790039944.346775,214.74549500003923,-44.067796610169495,3.3898305084745743,71685.0,69058.0,301.58179667038223,266.10158529739607
1790039944.4628344,214.86155540001346,-37.288135593220346,3.3898305084745743,71737.0,69103.0,439.0297444112799,384.15102635986995
1790039944.5816133,214.98033280001255,-30.508474576271198,3.3898305084745743,71791.0,69148.0,444.62901472984015,373.4883723730657
1790039944.7011409,215.0998601000174,-23.72881355932205,3.3898305084745743,71831.0,69184.0,340.85128922383376,288.41262934324396
1790039944.818328,215.21704670001054,-16.9491525423729,3.3898305084745743,71883.0,69215.0,441.2903689363037,270.17777689977777
1790039944.9349854,215.33370509999804,-10.169491525423723,3.3898305084745743,71939.0,69253.0,479.5659655700753,325.7429200098625
1790039945.0641413,215.46285950002493,-3.3898305084745743,3.3898305084745743,71988.0,69282.0,402.1656170479431,241.29937022876587
1790039945.1825898,215.58130830002483,3.3898305084745743,3.3898305084745743,72035.0,69312.0,400.88622596910875,249.44031838077876
1790039945.3004405,215.69915930001298,10.169491525423723,3.3898305084745743,72095.0,69334.0,507.2027235250232,195.7624546938686
1790039945.4185748,215.81729360000463,16.94915254237287,3.3898305084745743,72150.0,69360.0,461.2685238687272,230.6342619343636
1790039945.5366776,215.93539470003452,23.72881355932202,3.3898305084745743,72213.0,69383.0,570.6422946899083,184.0781595773898
1790039945.652562,216.05127759999596,30.50847457627117,3.3898305084745743,72282.0,69408.0,616.9277722704073,226.8116809817674
1790039945.771957,216.17067419999512,37.28813559322032,3.3898305084745743,72356.0,69425.0,601.5793226907701,150.39483067269254
1790039945.8881736,216.28689109999686,44.06779661016947,3.3898305084745743,72433.0,69438.0,658.9019945175331,118.96841567677681
1790039946.0130546,216.4117715000175,50.847457627118644,3.3898305084745743,72505.0,69458.0,604.2194972169307,158.0266377336588
1790039946.1301055,216.52882260002661,57.627118644067764,3.3898305084745743,72584.0,69478.0,682.0125474256661,179.47698616464896
1790039946.2446907,216.6434070999967,64.40677966101691,3.3898305084745743,72655.0,69495.0,630.3327060778038,146.16410575717188
1790039946.359715,216.75843170000007,71.18644067796606,3.3898305084745743,72708.0,69507.0,475.5307426240441,109.73786368247171
1790039946.4752288,216.87394510000013,77.96610169491527,3.3898305084745743,72763.0,69518.0,466.12419560345757,91.39690109871717
1790039946.5912318,216.98994749999838,84.74576271186442,3.3898305084745743,72831.0,69530.0,581.9039145156208,112.62656409979759
1790039946.7039714,217.1026867000037,91.52542372881356,3.3898305084745743,72904.0,69538.0,632.1476842820971,74.37031579789378
1790039946.819556,217.21827050001593,98.30508474576271,3.3898305084745743,72964.0,69555.0,507.24224163003066,126.81056040750767
1790039946.9379337,217.33664829999907,105.08474576271186,3.3898305084745743,73034.0,69574.0,614.3862546595893,160.2746751285885
1790039947.0547955,217.45350880001206,111.86440677966101,3.3898305084745743,73098.0,69596.0,539.1623792412382,201.04359903910577
1790039947.1652293,217.5639432000462,118.64406779661016,3.3898305084745743,73151.0,69616.0,487.2889249895833,181.53901127062906
1790039947.2755778,217.67429170000833,125.42372881355931,3.3898305084745743,73214.0,69639.0,574.7049367872861,220.303559101793
1790039947.396139,217.7948531000293,132.20338983050846,3.3898305084745743,73294.0,69665.0,644.758807940642,226.53687846563096
1790039947.5138917,217.9126043000142,138.9830508474576,3.3898305084745743,73350.0,69696.0,451.9219595749932,276.68691402550604
1790039947.633305,218.0320169000188,145.76271186440675,3.3898305084745743,73392.0,69732.0,350.89289075837337,298.2589571446174
1790039947.7522805,218.150993200019,152.5423728813559,3.3898305084745743,73455.0,69770.0,537.7283663712774,340.561298701809
1790039947.8715446,218.27025709999725,159.32203389830505,3.3898305084745743,73517.0,69814.0,494.79537106045484,388.7677915475002
1790039947.9894986,218.38820940000005,166.1016949152542,3.3898305084745743,73568.0,69845.0,433.17272858250715,261.70852351859804
1790039948.105729,218.5044407999958,172.88135593220335,3.3898305084745743,73608.0,69894.0,338.3698621370897,420.6760448190845
1790039948.2221014,218.62081390002277,179.66101694915255,3.3898305084745743,73651.0,69928.0,361.5002259775004,298.23768643143785
1790039948.3395796,218.73829170002136,186.4406779661017,3.3898305084745743,73684.0,69961.0,276.84281320655987,267.912399877316
1790039948.4601288,218.85883979999926,193.22033898305085,3.3898305084745743,73734.0,70009.0,386.2859504248359,413.23613301261514
1790039948.5794718,218.97818200004986,200.0,3.3898305084745743,73766.0,70066.0,240.63399034998787,472.3556106870132
1790039948.700161,219.09887139999773,-200.0,10.169491525423723,73792.0,70131.0,219.954443088309,510.29430796487685
1790039948.8179393,219.21665010001743,-193.22033898305085,10.169491525423723,73826.0,70174.0,269.1978443448156,385.8502435609024
1790039948.93477,219.33348030003253,-186.4406779661017,10.169491525423723,73847.0,70245.0,188.1206301090867,636.0268922735788
1790039949.052966,219.45167700003367,-179.66101694915255,10.169491525423723,73864.0,70295.0,150.76121109483336,425.6787136795295
1790039949.1700466,219.56875670002773,-172.8813559322034,10.169491525423723,73879.0,70363.0,98.95868473981456,584.7558643716316
1790039949.2851536,219.68386300001293,-166.10169491525426,10.169491525423723,73892.0,70428.0,118.2334109128608,563.8824212767207
1790039949.4048395,219.80354839999927,-159.32203389830508,10.169491525423723,73910.0,70494.0,149.77538097644924,537.4293082096119
1790039949.52369,219.92239830002654,-152.54237288135593,10.169491525423723,73924.0,70563.0,106.77543525395902,596.1628468346045
1790039949.6454127,220.0441206000396,-145.76271186440678,10.169491525423723,73936.0,70626.0,107.21101271088281,544.9893146136543
1790039949.7615924,220.1603004000499,-138.98305084745763,10.169491525423723,73951.0,70698.0,136.89928597282994,611.483477345307
1790039949.8750648,220.2737726000487,-132.20338983050848,10.169491525423723,73962.0,70757.0,102.43115693808117,530.7796314064207
1790039949.9949038,220.3936112000374,-125.42372881355932,10.169491525423723,73975.0,70815.0,96.47895662783762,482.3947831391881
1790039950.111552,220.5102590000024,-118.64406779661017,10.169491525423723,73995.0,70883.0,174.15598512637447,614.1290001824783
1790039950.2233362,220.62204390001716,-111.86440677966102,10.169491525423723,74010.0,70946.0,142.18494654692515,568.7397861877006
1790039950.34165,220.7403573000338,-105.08474576271186,10.169491525423723,74027.0,71017.0,133.0345082743541,629.6966724986094
1790039950.4691675,220.86787410004763,-98.30508474576271,10.169491525423723,74054.0,71092.0,194.30063255176987,591.7337445894809
1790039950.5883777,220.9870831000153,-91.52542372881356,10.169491525423723,74069.0,71158.0,109.10360477816208,572.7939250853509
1790039950.7047458,221.10345150000649,-84.74576271186442,10.169491525423723,74098.0,71220.0,246.2198414846927,538.0359499109951
1790039950.8238533,221.22256020002533,-77.96610169491527,10.169491525423723,74121.0,71267.0,202.95681611837307,388.2652134438441
1790039950.9386759,221.33738130005077,-71.18644067796612,10.169491525423723,74140.0,71320.0,165.62948870974947,450.88027482098465
1790039951.0581982,221.45690330001526,-64.40677966101697,10.169491525423723,74171.0,71374.0,273.58622117613226,441.26809867118106
1790039951.1743095,221.57301460002782,-57.62711864406779,10.169491525423723,74210.0,71417.0,318.4884355319648,363.98678346510263
1790039951.2866452,221.68534990004264,-50.847457627118644,10.169491525423723,74243.0,71462.0,272.44782163880905,385.1848512824542
1790039951.4052327,221.80393660004484,-44.067796610169495,10.169491525423723,74285.0,71508.0,365.81663075624573,393.25287806296416
1790039951.522969,221.92167470004642,-37.288135593220346,10.169491525423723,74344.0,71544.0,480.86341688631205,302.7658550765669
1790039951.6374202,222.0361252000439,-30.508474576271198,10.169491525423723,74388.0,71583.0,402.3287518665408,356.6095755180703
1790039951.7555408,222.15424510004232,-23.72881355932205,10.169491525423723,74440.0,71621.0,435.41619775418474,268.6610581887523
1790039951.8703535,222.26905760000227,-16.9491525423729,10.169491525423723,74482.0,71658.0,363.8147939888418,289.186118298823
1790039951.9835699,222.38227380003082,-10.169491525423723,10.169491525423723,74525.0,71692.0,388.4242184288303,305.19045733693804
1790039952.0971756,222.4958794999984,-3.3898305084745743,10.169491525423723,74599.0,71712.0,646.1928165935269,166.1638671240498
1790039952.2116706,222.61037380003836,3.3898305084745743,10.169491525423723,74663.0,71741.0,559.607870962847,256.86918667147074
1790039952.3315897,222.73029320000205,10.169491525423723,10.169491525423723,74750.0,71761.0,734.5912915015476,166.15755403011195
1790039952.4476023,222.84630500001367,16.94915254237287,10.169491525423723,74811.0,71782.0,534.4420743202847,163.0501243689004
1790039952.5652204,222.96392170002218,23.72881355932202,10.169491525423723,74899.0,71810.0,737.576501416035,231.04806068454107
1790039952.6843407,223.0830426000175,30.50847457627117,10.169491525423723,74967.0,71835.0,557.4466465443414,203.5122677860294
1790039952.80161,223.20031090005068,37.28813559322032,10.169491525423723,75040.0,71861.0,625.9435180282911,202.5111381856236
1790039952.9124937,223.31119440001203,44.06779661016947,10.169491525423723,75108.0,71883.0,612.0694352637165,191.2716985199114
1790039953.0325851,223.4312862000079,50.847457627118644,10.169491525423723,75193.0,71897.0,695.6117462713315,123.2729676936537
1790039953.1479137,223.54661380004836,57.627118644067764,10.169491525423723,75279.0,71918.0,697.9091195888099,183.66029462863418
1790039953.2704978,223.66919710004004,64.40677966101691,10.169491525423723,75368.0,71931.0,767.8862650256261,100.55653470573675
1790039953.386098,223.7847982000094,71.18644067796606,10.169491525423723,75424.0,71942.0,506.5370913942061,101.30741827884121
1790039953.5039856,223.9026866000495,77.96610169491527,10.169491525423723,75504.0,71952.0,676.0392991376265,88.952539360214
1790039953.6225452,224.02124410000397,84.74576271186442,10.169491525423723,75577.0,71973.0,630.1450428937578,182.65073707065443
1790039953.7397165,224.1384150000522,91.52542372881356,10.169491525423723,75647.0,71992.0,576.5116543314498,153.13590818179136
1790039953.8584244,224.25712260004366,98.30508474576271,10.169491525423723,75716.0,72010.0,595.1194793245396,162.30531254305626
1790039953.9802513,224.37895040004514,105.08474576271186,10.169491525423723,75779.0,72035.0,507.08065081309996,214.8646825479237
1790039954.096445,224.49514420004562,111.86440677966101,10.169491525423723,75857.0,72051.0,643.5782224982522,145.03171211228218
1790039954.2155833,224.61428120004712,118.64406779661016,10.169491525423723,75927.0,72072.0,559.4775030702936,174.26348456287832
1790039954.3317394,224.7304362000432,125.42372881355931,10.169491525423723,75977.0,72096.0,427.5253558339518,209.21453583363598
1790039954.4475384,224.84623580001062,132.20338983050846,10.169491525423723,76026.0,72126.0,411.347712262169,255.94968762979403
1790039954.563561,224.9622588000493,138.9830508474576,10.169491525423723,76069.0,72162.0,367.24100088714283,330.51690079842854
1790039954.6833024,225.08199940004852,145.76271186440675,10.169491525423723,76132.0,72189.0,544.1505630504893,226.72940127103718
1790039954.80269,225.2013869000366,152.5423728813559,10.169491525423723,76189.0,72231.0,490.0165801424283,356.3756946490388
1790039954.9177713,225.31646790000377,159.32203389830505,10.169491525423723,76232.0,72265.0,383.969808976902,292.54842588716343
1790039955.0372672,225.4359647000092,166.1016949152542,10.169491525423723,76278.0,72310.0,368.59888545935564,368.59888545935564
1790039955.1575878,225.55628290004097,172.88135593220335,10.169491525423723,76306.0,72352.0,232.66115143412793,348.99172715119187
1790039955.282036,225.68073100002948,179.66101694915255,10.169491525423723,76338.0,72402.0,230.75694733894989,396.9019494229938
1790039955.3961859,225.79488200001651,186.4406779661017,10.169491525423723,76360.0,72447.0,178.21867615545167,384.5771432828168
1790039955.5206072,225.91930370003683,193.22033898305085,10.169491525423723,76388.0,72500.0,219.1806689539362,438.3613379078724
1790039955.635534,226.03422920004232,200.0,10.169491525423723,76416.0,72543.0,246.9133544797695,356.65262313744483
1790039955.7496083,226.1483030000236,-200.0,16.94915254237287,76447.0,72610.0,268.8000118160253,565.4069214061221
1790039955.870461,226.26915560005,-193.22033898305085,16.94915254237287,76464.0,72658.0,148.2344406608699,418.5443030424562
1790039955.9903178,226.38901179999812,-186.4406779661017,16.94915254237287,76481.0,72723.0,150.8213999543214,558.9263645366029
1790039956.1091423,226.50783600000432,-179.66101694915255,16.94915254237287,76499.0,72783.0,154.46737830423865,508.8337167669038
1790039956.2279203,226.6266152000171,-172.8813559322034,16.94915254237287,76517.0,72835.0,150.9538507336656,417.3429990871931
1790039956.34423,226.74292450002395,-166.10169491525426,16.94915254237287,76537.0,72899.0,170.98308981284762,548.9457093991424
1790039956.456751,226.8554442000459,-159.32203389830508,16.94915254237287,76560.0,72979.0,205.6691773761057,682.4477249298052
1790039956.5749612,226.9736542000319,-152.54237288135593,16.94915254237287,76574.0,73041.0,124.563693438915,516.0495871040764
1790039956.690428,227.08912080002483,-145.76271186440678,16.94915254237287,76583.0,73100.0,82.349259681948,484.94564034924935
1790039956.8075445,227.20623710000655,-138.98305084745763,16.94915254237287,76601.0,73159.0,153.8475461286257,515.8417723136274
1790039956.9257107,227.3244027000037,-132.20338983050848,16.94915254237287,76615.0,73219.0,110.43378391615543,450.93795099096803
1790039957.0441492,227.44284200004768,-125.42372881355932,16.94915254237287,76644.0,73301.0,240.3452426307896,712.1340522393767
1790039957.1608877,227.5595805000048,-118.64406779661017,16.94915254237287,76661.0,73357.0,152.29645129306152,492.7238130069637
1790039957.2761662,227.67485880001914,-111.86440677966102,16.94915254237287,76685.0,73417.0,218.57804059478056,510.015428054488
1790039957.390799,227.78949110000394,-105.08474576271186,16.94915254237287,76703.0,73473.0,159.28266576055086,487.2175658558026
1790039957.5032647,227.90195680002216,-98.30508474576271,16.94915254237287,76724.0,73535.0,195.623802391335,549.6097305280364
1790039957.622851,228.021542100003,-91.52542372881356,16.94915254237287,76750.0,73586.0,218.39077447577526,428.0459179725195
1790039957.7392366,228.13792820001254,-84.74576271186442,16.94915254237287,76778.0,73636.0,243.9390189670011,442.7041455327057
1790039957.8570468,228.25573820003774,-77.96610169491527,16.94915254237287,76802.0,73687.0,214.12970549287374,428.2594109857475
1790039957.9741225,228.37281339999754,-71.18644067796612,16.94915254237287,76830.0,73732.0,239.31460293589328,377.3807200142932
1790039958.089719,228.48840790003305,-64.40677966101697,16.94915254237287,76870.0,73779.0,325.91130688140976,416.4422254595791
1790039958.2045002,228.60319000005256,-57.62711864406779,16.94915254237287,76912.0,73818.0,350.5687054999046,332.1177209999096
1790039958.3269362,228.7256267000339,-50.847457627118644,16.94915254237287,76960.0,73864.0,385.60906951935743,368.4708886518304
1790039958.4403527,228.83904160000384,-44.067796610169495,16.94915254237287,77001.0,73914.0,343.8259087783065,436.75183006974066
1790039958.561626,228.9603145000292,-37.288135593220346,16.94915254237287,77055.0,73941.0,453.8131648850004,226.9065824425002
1790039958.678564,229.07725200004643,-30.508474576271198,16.94915254237287,77096.0,73980.0,352.57296918061235,325.45197155133445
1790039958.792733,229.19142210000427,-23.72881355932205,16.94915254237287,77148.0,74023.0,464.88535004906515,381.2059870402334
1790039958.9065702,229.30525820003822,-16.9491525423729,16.94915254237287,77219.0,74067.0,636.1305563249261,368.7713369999572
1790039959.0277853,229.42647320003016,-10.169491525423723,16.94915254237287,77283.0,74105.0,578.914661667969,325.63949718823255
1790039959.1381917,229.53687920002267,-3.3898305084745743,16.94915254237287,77334.0,74129.0,446.2594437165609,218.38228096767875
1790039959.253742,229.65242980001494,3.3898305084745743,16.94915254237287,77412.0,74153.0,664.8391181368195,209.46985913899792
1790039959.3726876,229.77137530001346,10.169491525423723,16.94915254237287,77486.0,74178.0,633.3918926498502,219.9277405034202
1790039959.4931316,229.89181739999913,16.94915254237287,16.94915254237287,77581.0,74201.0,826.4183737627371,195.49681959978727
1790039959.6050715,230.00374140002532,23.72881355932202,16.94915254237287,77648.0,74218.0,586.9272368780302,160.93166172462116
1790039959.7195928,230.1182800999959,30.50847457627117,16.94915254237287,77711.0,74232.0,541.7516021118038,119.3689970754822
1790039959.84063,230.23931660002563,37.28813559322032,16.94915254237287,77781.0,74256.0,580.5842236198624,199.305031988908
1790039959.95812,230.35680540004978,44.06779661016947,16.94915254237287,77857.0,74271.0,680.9538138771553,128.82909992270507
1790039960.0742493,230.47293380001793,50.847457627118644,16.94915254237287,77935.0,74289.0,687.242961900384,153.72539937245432
1790039960.1912498,230.58993480005302,57.627118644067764,16.94915254237287,78002.0,74316.0,578.2916543157517,243.9667916644577
1790039960.3140984,230.7127835000283,64.40677966101691,16.94915254237287,78064.0,74329.0,501.56306090539954,112.41930675465852
1790039960.440562,230.83924630004913,71.18644067796606,16.94915254237287,78119.0,74348.0,374.42033345975295,164.37965859208666
1790039960.5574281,230.95611240004655,77.96610169491527,16.94915254237287,78158.0,74363.0,325.02591191906663,135.4274632996111
1790039960.677978,231.07666210003663,84.74576271186442,16.94915254237287,78219.0,74383.0,512.2946215022394,161.77724889544402
1790039960.7947094,231.19339400000172,91.52542372881356,16.94915254237287,78274.0,74406.0,461.03737002959855,198.8788655029641
1790039960.912774,231.31145670003025,98.30508474576271,16.94915254237287,78343.0,74422.0,627.6002203952315,127.33917515265567
1790039961.0280786,231.4267621000181,105.08474576271186,16.94915254237287,78406.0,74446.0,507.6479470794137,203.05917883176548
1790039961.1450763,231.54375930002425,111.86440677966101,16.94915254237287,78488.0,74468.0,694.1120365940525,189.30328270746884
1790039961.2623675,231.6610512000043,118.64406779661016,16.94915254237287,78544.0,74492.0,485.0130951793344,206.57965165045727
1790039961.3925338,231.79121570003917,125.42372881355931,16.94915254237287,78621.0,74520.0,645.2778566547638,239.67463247176943
1790039961.503301,231.90198300004704,132.20338983050846,16.94915254237287,78656.0,74553.0,304.2224170026883,304.2224170026883
1790039961.6231532,232.02183580002747,138.9830508474576,16.94915254237287,78706.0,74587.0,420.8281898824871,289.3193805442099
1790039961.7386389,232.13732040004106,145.76271186440675,16.94915254237287,78762.0,74618.0,503.2609443684437,251.63047218422184
1790039961.8561122,232.25479350000387,152.5423728813559,16.94915254237287,78798.0,74654.0,296.065557888236,314.0089250329776
1790039961.9764223,232.37510330002988,159.32203389830505,16.94915254237287,78844.0,74695.0,403.2243925099149,350.62990653036076
1790039962.096007,232.49468790000537,166.1016949152542,16.94915254237287,78886.0,74737.0,360.8268743213973,334.42490790763657
1790039962.2247114,232.6233931000461,172.88135593220335,16.94915254237287,78933.0,74796.0,382.79043795350924,469.78826476112494
1790039962.338122,232.73680260003312,179.66101694915255,16.94915254237287,78971.0,74854.0,332.2182488350444,507.5556579424289
1790039962.4552872,232.85396750003565,186.4406779661017,16.94915254237287,79008.0,74917.0,306.3443924027319,558.62800967557
1790039962.5757298,232.97441010002512,193.22033898305085,16.94915254237287,79039.0,74972.0,253.1119679955601,462.5839415091271
1790039962.6898427,233.0885235000169,200.0,16.94915254237287,79074.0,75036.0,296.571998414288,593.143996828576
1790039962.8023741,233.20105470001,-200.0,23.72881355932202,79097.0,75101.0,214.123990879768,558.5843240341774
1790039962.917816,233.31649600004312,-193.22033898305085,23.72881355932202,79113.0,75131.0,119.93350144818872,267.5439647690364
1790039963.0348933,233.4335733000189,-186.4406779661017,23.72881355932202,79135.0,75177.0,198.70731863679953,397.41463727359906
1790039963.1516297,233.55030900001293,-179.66101694915255,23.72881355932202,79157.0,75226.0,182.37791626193916,428.588103215557
1790039963.2688358,233.66751540004043,-172.8813559322034,23.72881355932202,79171.0,75298.0,118.11030772961698,581.4661303611913
1790039963.3863673,233.78504620003514,-166.10169491525426,23.72881355932202,79193.0,75383.0,199.15972695682757,724.2171889339184
1790039963.5024786,233.90115770004923,-159.32203389830508,23.72881355932202,79208.0,75453.0,137.60937648317852,559.611464364926
1790039963.619888,234.01856640004553,-152.54237288135593,23.72881355932202,79223.0,75524.0,126.44166069830007,623.1767562987646
1790039963.7340348,234.132712599996,-145.76271186440678,23.72881355932202,79233.0,75580.0,92.83473651647361,464.1736825823681
1790039963.8524888,234.25116620003246,-138.98305084745763,23.72881355932202,79244.0,75655.0,82.73625336769535,625.1183587781427
1790039963.9679325,234.366606399999,-132.20338983050848,23.72881355932202,79272.0,75717.0,250.09054203706512,527.9689220782485
1790039964.083044,234.48172110004816,-125.42372881355932,23.72881355932202,79284.0,75777.0,101.3134832478255,506.5674162391275
1790039964.1954925,234.5941694000503,-118.64406779661017,23.72881355932202,79296.0,75850.0,111.7549437754217,661.216750671245
1790039964.3095367,234.70821380004054,-111.86440677966102,23.72881355932202,79316.0,75902.0,184.04309555087855,450.90558409965246
1790039964.4240255,234.82270190003328,-105.08474576271186,23.72881355932202,79336.0,75943.0,155.4162091678257,347.4009381398457
1790039964.5370543,234.93573050003033,-98.30508474576271,23.72881355932202,79357.0,75997.0,185.25774450894062,490.9330229486926
1790039964.6496527,235.04832820000593,-91.52542372881356,23.72881355932202,79377.0,76051.0,158.22033759606867,483.96809147032775
1790039964.763579,235.16225470002973,-84.74576271186442,23.72881355932202,79409.0,76091.0,294.60938477806616,349.84864442395354
1790039964.8790042,235.27767999999924,-77.96610169491527,23.72881355932202,79441.0,76147.0,284.5075540223516,513.9491298468287
1790039964.9920862,235.39076150004985,-71.18644067796612,23.72881355932202,79471.0,76189.0,251.1219103854196,362.731648334495
1790039965.107264,235.50593850004952,-64.40677966101697,23.72881355932202,79521.0,76236.0,437.805608984618,401.3218082358999
1790039965.2210617,235.61973640002543,-57.62711864406779,23.72881355932202,79560.0,76284.0,332.24921658346835,415.3115207293354
1790039965.3337414,235.732415400038,-50.847457627118644,23.72881355932202,79609.0,76329.0,438.2451917814445,410.2720944336927
1790039965.4485588,235.8472330000368,-44.067796610169495,23.72881355932202,79652.0,76364.0,368.126841936237,294.50147354898957
1790039965.5619135,235.96058810001705,-37.288135593220346,23.72881355932202,79698.0,76393.0,416.80058324275404,268.60482031199706
1790039965.6753328,236.0740071000182,-30.508474576271198,23.72881355932202,79755.0,76422.0,526.4096002764654,267.8224282108333
1790039965.78881,236.1874841999961,-23.72881355932205,23.72881355932202,79798.0,76456.0,369.2042999738451,313.8236549777683
1790039965.903185,236.30185869999696,-16.9491525423729,23.72881355932202,79857.0,76481.0,503.35416891151914,228.79734950523599
1790039966.017364,236.41603700001724,-10.169491525423723,23.72881355932202,79919.0,76507.0,550.1800922350749,229.2417050979479
1790039966.138186,236.53685830003815,-3.3898305084745743,23.72881355932202,79986.0,76524.0,562.8159795168805,140.70399487922012
1790039966.2519026,236.65057530003833,3.3898305084745743,23.72881355932202,80049.0,76552.0,522.607925656375,214.64254089458257
1790039966.366458,236.76512870000442,10.169491525423723,23.72881355932202,80131.0,76577.0,720.8399451859243,212.55536845225973
1790039966.4801362,236.87880750000477,16.94915254237287,23.72881355932202,80187.0,76594.0,486.17032419779383,149.59086898393656
1790039966.5949278,236.99359880003612,23.72881355932202,23.72881355932202,80263.0,76608.0,664.795390789093,129.26577043121253
1790039966.709706,237.10837640002137,30.50847457627117,23.72881355932202,80332.0,76627.0,605.5568092553053,165.1518570696287
1790039966.8224168,237.2210879000486,37.28813559322032,23.72881355932202,80391.0,76640.0,553.6412705770095,103.22125383639161
1790039966.9363146,237.33498530002544,44.06779661016947,23.72881355932202,80460.0,76662.0,617.8212853717442,202.8666907190802
1790039967.0516672,237.45033630001126,50.847457627118644,23.72881355932202,80528.0,76676.0,574.7949669869721,127.73221488599381
1790039967.1653688,237.56403980002506,57.627118644067764,23.72881355932202,80602.0,76693.0,646.5371932083332,138.54368425892855
1790039967.2781036,237.67677370004822,64.40677966101691,23.72881355932202,80670.0,76706.0,585.7016287151635,120.85906624281151
1790039967.3935497,237.79221959999995,71.18644067796606,23.72881355932202,80735.0,76725.0,563.6717209704035,154.55514929833646
1790039967.5057182,237.90438680001535,77.96610169491527,23.72881355932202,80793.0,76747.0,504.67101047563983,205.60670797155697
1790039967.6193,238.0179696000414,84.74576271186442,23.72881355932202,80868.0,76764.0,672.8960247518254,147.48406021957817
1790039967.7337344,238.13240420003422,91.52542372881356,23.72881355932202,80930.0,76785.0,567.860731326565,192.33992512673976
1790039967.8533762,238.25204570003552,98.30508474576271,23.72881355932202,81020.0,76801.0,716.2842356803914,132.6452288297021
1790039967.970893,238.36956200003624,105.08474576271186,23.72881355932202,81083.0,76820.0,535.9202842237188,154.4177090136139
1790039968.085537,238.4842058000504,111.86440677966101,23.72881355932202,81139.0,76843.0,500.49354219009695,203.90477644781726
1790039968.2017298,238.60039840004174,118.64406779661016,23.72881355932202,81200.0,76872.0,543.0415666671659,257.7146418081465
1790039968.3152106,238.71387850004248,125.42372881355931,23.72881355932202,81248.0,76911.0,399.1667625742621,352.7520227400456
1790039968.4268746,238.82554250000976,132.20338983050846,23.72881355932202,81286.0,76948.0,329.5066627697088,329.5066627697088
1790039968.5392635,238.93793100002222,138.9830508474576,23.72881355932202,81333.0,76996.0,419.39193776379796,438.03157944218896
1790039968.651102,239.0497691000346,145.76271186440675,23.72881355932202,81365.0,77031.0,281.14421949405096,318.6301154265911
1790039968.7628126,239.16148000000976,152.5423728813559,23.72881355932202,81407.0,77064.0,365.9497805654967,290.8831589110358
1790039968.8759196,239.27458540000953,159.32203389830505,23.72881355932202,81442.0,77123.0,314.6094447011987,527.4334808225979
1790039968.990651,239.38931670004968,166.1016949152542,23.72881355932202,81490.0,77172.0,413.02478247007497,403.84645397073996
1790039969.105087,239.50375240005087,172.88135593220335,23.72881355932202,81513.0,77214.0,201.83301069826007,339.44642708343736
1790039969.2189453,239.617610300018,179.66101694915255,23.72881355932202,81534.0,77268.0,193.7814607065648,461.38443025372567
1790039969.3339777,239.73264220001874,186.4406779661017,23.72881355932202,81561.0,77311.0,229.39083887740006,394.5522428691281
1790039969.4497914,239.84845640003914,193.22033898305085,23.72881355932202,81585.0,77372.0,199.9758211581852,509.0293629481078
1790039969.5617938,239.96045920002507,200.0,23.72881355932202,81616.0,77427.0,262.66194749218937,497.1815434673584
1790039969.6746085,240.0732736000209,-200.0,30.50847457627117,81637.0,77487.0,185.7776093318815,520.1773061292682
1790039969.7893593,240.18802430003416,-193.22033898305085,30.50847457627117,81653.0,77546.0,145.82427625736736,501.27094963470034
1790039969.9013631,240.30002780002542,-186.4406779661017,30.50847457627117,81671.0,77608.0,159.1347562674119,561.6520809438067
1790039970.013504,240.4121684000129,-179.66101694915255,30.50847457627117,81686.0,77672.0,112.09798860377593,569.8314420691943
1790039970.1268575,240.52552060002927,-172.8813559322034,30.50847457627117,81697.0,77732.0,92.34727373723942,526.3794603022646
1790039970.2447848,240.64344890002394,-166.10169491525426,30.50847457627117,81714.0,77809.0,152.56789717943283,619.2461709047568
1790039970.3617513,240.76041520002764,-159.32203389830508,30.50847457627117,81731.0,77884.0,146.5597391042749,659.5188259692371
1790039970.482858,240.88152059999993,-152.54237288135593,30.50847457627117,81749.0,77934.0,155.74652773972622,423.97665884703247
1790039970.5988708,240.99753270001383,-145.76271186440678,30.50847457627117,81766.0,78008.0,148.59475797532622,659.3892385155101
1790039970.7136827,241.1123447000282,-138.98305084745763,30.50847457627117,81786.0,78071.0,168.20402026302096,570.0247353357933
1790039970.8304424,241.22910390002653,-132.20338983050848,30.50847457627117,81809.0,78130.0,208.30238983692357,525.2842874148507
1790039970.945907,241.34456900000805,-125.42372881355932,30.50847457627117,81827.0,78187.0,155.45543408393414,493.79961414896724
1790039971.0620453,241.460706700047,-118.64406779661017,30.50847457627117,81848.0,78259.0,172.64032478122456,617.8706360591195
1790039971.1767652,241.57542629999807,-111.86440677966102,30.50847457627117,81863.0,78314.0,128.8802150264769,478.6979415269141
1790039971.29047,241.68913120002253,-105.08474576271186,30.50847457627117,81887.0,78367.0,212.68214378694708,462.35248649336324
1790039971.404948,241.80360899999505,-98.30508474576271,30.50847457627117,81911.0,78423.0,210.43270453538014,512.3578893035343
1790039971.5177197,241.91638000000967,-91.52542372881356,30.50847457627117,81940.0,78480.0,260.257878389343,501.9259083223043
1790039971.632244,242.0309049000498,-84.74576271186442,30.50847457627117,81969.0,78546.0,238.41159191904984,568.5199499608111
1790039971.7462795,242.14493990002666,-77.96610169491527,30.50847457627117,82004.0,78598.0,312.8499433883348,460.07344615931584
1790039971.8589814,242.25764180003898,-71.18644067796612,30.50847457627117,82044.0,78635.0,362.22562576533295,325.0742795329911
1790039971.9717515,242.37041170004522,-64.40677966101697,30.50847457627117,82076.0,78667.0,278.7816498101389,288.0743714704769
1790039972.0851924,242.48385270003928,-57.62711864406779,30.50847457627117,82099.0,78690.0,203.13605133646772,212.36950821539807
1790039972.2002969,242.59895700000925,-50.847457627118644,30.50847457627117,82115.0,78712.0,146.80811627993344,183.51014534991683
1790039972.3151941,242.71385380002903,-44.067796610169495,30.50847457627117,82134.0,78732.0,157.1966474519169,175.69037068155419
1790039972.4319153,242.8305744000245,-37.288135593220346,30.50847457627117,82172.0,78758.0,325.96294895018326,226.3631589931828
1790039972.5466807,242.9453384000226,-30.508474576271198,30.50847457627117,82208.0,78787.0,315.82809665892904,250.8046649938554
1790039972.6652045,243.06386160000693,-23.72881355932205,30.50847457627117,82267.0,78831.0,491.19646189725466,379.9821686374989
1790039972.7789302,243.1775877000182,-16.9491525423729,30.50847457627117,82338.0,78858.0,624.2534580014211,232.93039477664965
1790039972.893028,243.2916852000053,-10.169491525423723,30.50847457627117,82404.0,78872.0,572.2899072448413,119.99627087391832
1790039973.007396,243.4060536000179,-3.3898305084745743,30.50847457627117,82485.0,78896.0,726.128302165049,211.40444240248263
1790039973.1209261,243.51958310004557,3.3898305084745743,30.50847457627117,82548.0,78918.0,581.2204893819057,184.51444107362084
1790039973.2356615,243.6343179999967,10.169491525423723,30.50847457627117,82597.0,78935.0,441.6217455894865,156.40770156294315
1790039973.3490417,243.74769800005015,16.94915254237287,30.50847457627117,82668.0,78954.0,643.019095670449,158.42499458547294
1790039973.4635084,243.8621654000017,23.72881355932202,30.50847457627117,82743.0,78969.0,651.4891112506389,137.63854463041665
1790039973.57792,243.97657630004687,30.50847457627117,30.50847457627117,82825.0,78986.0,740.7644505154065,146.32384207711732
1790039973.6889164,244.08757299999706,37.28813559322032,30.50847457627117,82895.0,78994.0,625.055047477757,75.76424817912206
1790039973.8013294,244.19998540001689,44.06779661016947,30.50847457627117,82974.0,79013.0,727.1628900275823,167.80682077559592
1790039973.9141443,244.31280050001806,50.847457627118644,30.50847457627117,83050.0,79025.0,687.3650235893078,111.46459841988775
1790039974.026602,244.4252581000328,57.627118644067764,30.50847457627117,83121.0,79046.0,624.0883187565298,186.29502052433725
1790039974.1402822,244.53893770003924,64.40677966101691,30.50847457627117,83180.0,79068.0,533.8930003851272,193.30608634633916
1790039974.2546868,244.65334210003493,71.18644067796606,30.50847457627117,83243.0,79080.0,543.1075509211263,110.46255272972061
1790039974.3721757,244.77083090000087,77.96610169491527,30.50847457627117,83299.0,79101.0,495.6022061239579,171.2080348428218
1790039974.4868593,244.8855128000141,84.74576271186442,30.50847457627117,83354.0,79131.0,511.0621729569993,269.46914574096326
1790039974.6032126,245.0018659000052,91.52542372881356,30.50847457627117,83407.0,79148.0,482.8280352956056,148.56247239864788
1790039974.7173295,245.1159829000244,98.30508474576271,30.50847457627117,83453.0,79170.0,424.90183377990695,193.97692411691406
1790039974.8329449,245.2315984000452,105.08474576271186,30.50847457627117,83510.0,79190.0,500.50095586213934,182.0003475862325
1790039974.9457269,245.34438020002563,111.86440677966101,30.50847457627117,83566.0,79218.0,510.8286384301854,232.1948356500843
1790039975.0602217,245.45887420000508,118.64406779661016,30.50847457627117,83613.0,79249.0,402.2360669126857,265.11013501063377
1790039975.1739075,245.57256020000204,125.42372881355931,30.50847457627117,83663.0,79287.0,452.72949676846116,341.85696694761356
1790039975.2877338,245.68638600001577,132.20338983050846,30.50847457627117,83713.0,79319.0,432.4332281604899,276.0212094641425
1790039975.4045696,245.8032221000176,138.9830508474576,30.50847457627117,83769.0,79352.0,492.36123917205094,268.56067591202776
1790039975.5179124,245.91656470001908,145.76271186440675,30.50847457627117,83813.0,79404.0,379.9705477611096,454.1111424462041
1790039975.6316373,246.03028950002044,152.5423728813559,30.50847457627117,83862.0,79456.0,433.22364477092935,479.31126655507074
1790039975.7437692,246.1424210999976,159.32203389830505,30.50847457627117,83892.0,79506.0,271.913152703132,450.06314930173573
1790039975.8594847,246.25813650002237,166.1016949152542,30.50847457627117,83924.0,79554.0,280.2214292015005,415.8124433312588
1790039975.9742706,246.37292210001033,172.88135593220335,30.50847457627117,83952.0,79619.0,230.28697448874982,571.1116967320996
1790039976.0940342,246.4926848000032,179.66101694915255,30.50847457627117,83980.0,79658.0,230.33024044805398,310.0599390646881
1790039976.211353,246.61000330001116,186.4406779661017,30.50847457627117,84007.0,79715.0,233.1469711619477,522.2492154027628
1790039976.324708,246.72335860005114,193.22033898305085,30.50847457627117,84030.0,79770.0,196.14912560522515,504.3834658420075
1790039976.438172,246.83682120003505,200.0,30.50847457627117,84052.0,79821.0,203.03163141678425,452.2068154282922
1790039976.5533364,246.95198539999546,-200.0,37.28813559322032,84075.0,79887.0,183.46132819837896,577.9031838248937
1790039976.666778,247.06542690005153,-193.22033898305085,37.28813559322032,84093.0,79957.0,157.41761038266205,611.1507226620997
1790039976.7815292,247.180177000002,-186.4406779661017,37.28813559322032,84102.0,80013.0,82.62952869558367,495.77717217350204
1790039976.8959382,247.29458600003272,-179.66101694915255,37.28813559322032,84114.0,80091.0,91.7312531234883,706.33064905086
1790039977.0096483,247.4082973000477,-172.8813559322034,37.28813559322032,84131.0,80155.0,149.1876267763913,559.4536004114675
1790039977.1213503,247.51999920001253,-166.10169491525426,37.28813559322032,84149.0,80234.0,168.90639669420463,685.0092754820521
1790039977.2344193,247.63306830002693,-159.32203389830508,37.28813559322032,84163.0,80283.0,129.81569880647686,445.08239590792067
1790039977.3492875,247.74793579999823,-152.54237288135593,37.28813559322032,84176.0,80345.0,118.53321528006043,547.0763782156636
1790039977.463711,247.86235950002447,-145.76271186440678,37.28813559322032,84190.0,80409.0,128.09474623375837,558.1271085899472
1790039977.5768273,247.97547540004598,-138.98305084745763,37.28813559322032,84209.0,80462.0,166.6089705953773,481.3148039422011
1790039977.696209,248.09485650004353,-132.20338983050848,37.28813559322032,84238.0,80536.0,250.31557643345224,625.7889410836306
1790039977.8093965,248.20804280001903,-125.42372881355932,37.28813559322032,84260.0,80584.0,195.5911883062356,437.7517071615749
1790039977.9295695,248.32821520004654,-118.64406779661017,37.28813559322032,84290.0,80644.0,240.4435258796869,527.1261913516213
1790039978.0433884,248.44203380000545,-111.86440677966102,37.28813559322032,84324.0,80707.0,314.96588172430444,565.0858466230168
1790039978.1573799,248.55602630000794,-105.08474576271186,37.28813559322032,84348.0,80773.0,223.0684365232531,576.2601276850705
1790039978.2704945,248.66914070001803,-98.30508474576271,37.28813559322032,84374.0,80815.0,222.20308814590075,370.3384802431679
1790039978.3845644,248.78321000002325,-91.52542372881356,37.28813559322032,84408.0,80871.0,302.7206329792145,486.18768326964755
1790039978.4987478,248.89739220001502,-84.74576271186442,37.28813559322032,84445.0,80925.0,339.42774319788373,486.2073078239956
1790039978.6141999,249.0128445000155,-77.96610169491527,37.28813559322032,84477.0,80979.0,282.54947114488425,464.83945252868057
1790039978.7299688,249.12861350004096,-71.18644067796612,37.28813559322032,84523.0,81025.0,403.3810669430418,421.7165699859073
1790039978.8426595,249.24130460002925,-64.40677966101697,37.28813559322032,84567.0,81071.0,392.9019457440318,383.5471375120311
1790039978.9554076,249.35405280004488,-57.62711864406779,37.28813559322032,84585.0,81098.0,167.26199548703968,223.01599398271958
1790039979.0675726,249.46621730003972,-50.847457627118644,37.28813559322032,84604.0,81114.0,168.170390257774,149.48479134024356
1790039979.1805897,249.57923380000284,-44.067796610169495,37.28813559322032,84626.0,81133.0,203.72577393027916,157.42446167339753
1790039979.2929547,249.69159880001098,-37.288135593220346,37.28813559322032,84648.0,81149.0,186.3655000540304,121.13757503511977
1790039979.4053488,249.80399290000787,-30.508474576271198,37.28813559322032,84678.0,81166.0,270.33829574646234,149.152163170462
1790039979.5202181,249.91886200004956,-23.72881355932205,37.28813559322032,84710.0,81183.0,275.0368320267237,155.85420481514342
1790039979.6336515,250.03229490004014,-16.9491525423729,37.28813559322032,84740.0,81198.0,249.9537123099421,120.34808370478693
1790039979.7512848,250.14992759999586,-10.169491525423723,37.28813559322032,84799.0,81215.0,532.1312577821219,153.3259556321368
1790039979.867201,250.26584240002558,-3.3898305084745743,37.28813559322032,84871.0,81241.0,639.7739092619665,222.53005539546663
1790039979.9864135,250.3850559000275,3.3898305084745743,37.28813559322032,84965.0,81258.0,816.5067984124834,139.17729518394603
1790039980.0998242,250.49846620002063,10.169491525423723,37.28813559322032,85044.0,81274.0,701.8185410930914,129.28236283293788
1790039980.2111516,250.6097931000404,16.94915254237287,37.28813559322032,85122.0,81290.0,696.225516818086,150.53524687958617
1790039980.323953,250.72259459999623,23.72881355932202,37.28813559322032,85197.0,81306.0,696.570273720095,148.60165839362026
1790039980.4376965,250.83633680001367,30.50847457627117,37.28813559322032,85262.0,81321.0,570.7147833579714,128.87108011309033
1790039980.5521443,250.95078549999744,37.28813559322032,37.28813559322032,85341.0,81333.0,711.1042155331564,110.82143618698542
1790039980.6655982,251.06423820002237,44.06779661016947,37.28813559322032,85405.0,81346.0,581.4924786356406,119.99051146449727
1790039980.7793944,251.17803380003897,50.847457627118644,37.28813559322032,85485.0,81355.0,729.1031204075698,83.06238080592567
1790039980.892713,251.2913530000369,57.627118644067764,37.28813559322032,85566.0,81376.0,734.0984064497621,185.84769783538283
1790039981.0061722,251.4048127999995,64.40677966101691,37.28813559322032,85646.0,81390.0,717.5332510887998,130.4605911070545
1790039981.1189954,251.51763390004635,71.18644067796606,37.28813559322032,85723.0,81407.0,677.3885832694904,148.46873057961434
1790039981.2330325,251.63167220004834,77.96610169491527,37.28813559322032,85789.0,81417.0,587.0967148903538,82.560475531456
1790039981.347729,251.74636889999965,84.74576271186442,37.28813559322032,85860.0,81451.0,601.9865555460863,310.1142861904081
1790039981.466997,251.8656367000076,91.52542372881356,37.28813559322032,85918.0,81472.0,471.6288548741677,160.17583750443433
1790039981.5856783,251.98431770002935,98.30508474576271,37.28813559322032,85965.0,81495.0,383.281441754281,178.27043802524696
1790039981.7003007,252.0989380000392,105.08474576271186,37.28813559322032,86025.0,81523.0,539.4823348189574,228.59420966904975
1790039981.819391,252.21802830003435,111.86440677966101,37.28813559322032,86068.0,81551.0,359.22054677782046,239.480364518547
1790039981.9325004,252.3311376000056,118.64406779661016,37.28813559322032,86116.0,81586.0,418.04233569410326,325.1440388731914
1790039982.0469382,252.4455746000167,125.42372881355931,37.28813559322032,86170.0,81614.0,479.2644395602106,239.6322197801053
1790039982.1599357,252.55857320001815,132.20338983050846,37.28813559322032,86225.0,81650.0,484.9343940954821,307.7468270221329
1790039982.2730694,252.67170669999905,138.9830508474576,37.28813559322032,86277.0,81697.0,472.35518141998284,416.7839836058672
1790039982.3867831,252.7854204000323,145.76271186440675,37.28813559322032,86309.0,81742.0,267.0846695277284,377.60246381506425
1790039982.499605,252.8982414000202,152.5423728813559,37.28813559322032,86349.0,81785.0,352.9158278064831,343.6285691799967
1790039982.6119263,253.0105630000471,159.32203389830505,37.28813559322032,86368.0,81824.0,177.7917515990682,364.9409638086137
1790039982.7243605,253.12299689999782,166.1016949152542,37.28813559322032,86395.0,81867.0,242.4601875793509,391.66645685895145
1790039982.8375666,253.23620090004988,172.88135593220335,37.28813559322032,86415.0,81928.0,185.25431240331645,537.2375059696177
1790039982.950842,253.34947800001828,179.66101694915255,37.28813559322032,86437.0,81986.0,184.69267141435586,535.608747101632
1790039983.0643241,253.46296030003577,186.4406779661017,37.28813559322032,86467.0,82041.0,258.6619418094805,508.08595712576516
1790039983.1781046,253.57674020004924,193.22033898305085,37.28813559322032,86493.0,82099.0,230.8281096785164,517.0549656798768
1790039983.296271,253.69490650005173,200.0,37.28813559322032,86511.0,82156.0,161.17262029233748,492.47189533769784
1790039983.4100027,253.80863680003677,-200.0,44.06779661016947,86529.0,82217.0,157.63057141862663,528.5260335801011
1790039983.5302212,253.92885500000557,-193.22033898305085,44.06779661016947,86545.0,82283.0,148.2879232612958,565.3477074336902
1790039983.6449647,254.04359790001763,-186.4406779661017,44.06779661016947,86561.0,82341.0,138.56748930330554,517.3186267323406
1790039983.7604935,254.15912620001473,-179.66101694915255,44.06779661016947,86575.0,82406.0,118.59312069595863,547.3528647505783
1790039983.8760083,254.27464120002696,-172.8813559322034,44.06779661016947,86587.0,82463.0,109.68670730728805,493.5901828827962
1790039983.9906533,254.3892864000518,-166.10169491525426,44.06779661016947,86602.0,82529.0,119.39070331780256,541.8501150577193
1790039984.1048274,254.50346040003933,-159.32203389830508,44.06779661016947,86617.0,82601.0,138.89030351354063,648.1547497298563
1790039984.2167509,254.6153839000035,-152.54237288135593,44.06779661016947,86633.0,82660.0,150.17974638347542,506.8566440442296
1790039984.3308964,254.72952920000535,-145.76271186440678,44.06779661016947,86649.0,82716.0,137.6400602081625,504.6802207632626
1790039984.443316,254.84194880002178,-138.98305084745763,44.06779661016947,86669.0,82781.0,186.342579715133,577.6619971169123
1790039984.5563922,254.95502490003128,-132.20338983050848,44.06779661016947,86696.0,82840.0,250.84171334258792,501.68342668517585
1790039984.6698062,255.06843870005105,-125.42372881355932,44.06779661016947,86717.0,82902.0,184.7977942788979,545.1534931227488
1790039984.7818713,255.18050350004341,-118.64406779661017,44.06779661016947,86739.0,82962.0,186.9323099328743,551.4503143019791
1790039984.8932812,255.2919129000511,-111.86440677966102,44.06779661016947,86757.0,83015.0,159.89014599873872,460.8598325845998
1790039985.0060194,255.40465040004347,-105.08474576271186,44.06779661016947,86792.0,83071.0,315.8330841449973,520.1956680035249
1790039985.1235907,255.5222214999958,-98.30508474576271,44.06779661016947,86831.0,83115.0,320.1502572051198,346.8294453055464
1790039985.2389731,255.63760430004913,-91.52542372881356,44.06779661016947,86862.0,83155.0,265.2900855522259,338.473557428702
1790039985.3540998,255.7527301000082,-84.74576271186442,44.06779661016947,86900.0,83205.0,343.28233566698856,454.61714723466054
1790039985.46918,255.8678100000252,-77.96610169491527,44.06779661016947,86952.0,83245.0,474.52233753222924,325.65258458094166
1790039985.5820658,255.98069420002867,-71.18644067796612,44.06779661016947,86993.0,83279.0,363.54280844036583,288.9699246577267
1790039985.6971154,256.0957440000493,-64.40677966101697,44.06779661016947,87057.0,83307.0,581.5746086833058,240.0149178693008
1790039985.8101652,256.2087940000347,-57.62711864406779,44.06779661016947,87103.0,83337.0,411.33797042974425,271.1091168741496
1790039985.9252467,256.32387530000415,-50.847457627118644,44.06779661016947,87158.0,83366.0,474.53092160458687,255.51665009477753
1790039986.0386906,256.43731930002104,-44.067796610169495,44.06779661016947,87215.0,83393.0,481.4146183166347,249.9652825874834
1790039986.1517923,256.5504208000493,-37.288135593220346,44.06779661016947,87288.0,83418.0,666.3223999398284,231.36194442355153
1790039986.265474,256.664102300012,-30.508474576271198,44.06779661016947,87370.0,83447.0,711.0529959633608,249.3302713118278
1790039986.3785996,256.77722830005223,-23.72881355932205,44.06779661016947,87427.0,83474.0,453.85919243070924,250.0856774618194
1790039986.4909725,256.8896009000018,-16.9491525423729,44.06779661016947,87499.0,83496.0,661.8084334269377,186.4249108244895
1790039986.6037679,257.0023960000253,-10.169491525423723,44.06779661016947,87558.0,83516.0,510.8708677570277,176.48266340697322
1790039986.7178235,257.11645160004264,-3.3898305084745743,44.06779661016947,87632.0,83543.0,671.3026396285504,229.89816425635286
1790039986.834379,257.23300649999874,3.3898305084745743,44.06779661016947,87703.0,83571.0,610.0449277938596,251.19497026805985
1790039986.9494731,257.3480993999983,10.169491525423723,44.06779661016947,87772.0,83584.0,569.5896105755921,101.05622123115344
1790039987.065351,257.46397660003277,16.94915254237287,44.06779661016947,87848.0,83601.0,665.2492908258548,154.92106772656894
1790039987.1847265,257.5833528000512,23.72881355932202,44.06779661016947,87931.0,83623.0,707.6032858447185,185.7458625342386
1790039987.3053348,257.7039607000188,30.50847457627117,44.06779661016947,88007.0,83648.0,628.2240108286459,218.13333709327983
1790039987.4211714,257.819796100026,37.28813559322032,44.06779661016947,88074.0,83671.0,555.1623155415267,203.5595156985598
1790039987.5392356,257.937860200007,44.06779661016947,44.06779661016947,88161.0,83688.0,743.4864318975925,143.3226856670058
1790039987.6535363,258.05216040002415,50.847457627118644,44.06779661016947,88237.0,83708.0,661.4826030603676,174.55790914093035
1790039987.7704597,258.16908479999984,57.627118644067764,44.06779661016947,88319.0,83730.0,707.9016343695929,172.43757760284956
1790039987.886666,258.2852913000388,64.40677966101691,44.06779661016947,88376.0,83746.0,489.41149153969707,145.0108123080584
1790039988.0068657,258.40548870002385,71.18644067796606,44.06779661016947,88439.0,83755.0,546.9113183825425,79.39035266843358
1790039988.1273708,258.5259937000228,77.96610169491527,44.06779661016947,88510.0,83777.0,586.8308156195804,183.93204668673417
1790039988.2465727,258.64519599999767,84.74576271186442,44.06779661016947,88581.0,83801.0,594.1486117507144,212.82935346294246
1790039988.363545,258.76216860004934,91.52542372881356,44.06779661016947,88622.0,83833.0,352.84570056038496,289.51442097262355
1790039988.4838336,258.8824567000265,98.30508474576271,44.06779661016947,88690.0,83859.0,588.6616411341543,202.35243913986554
1790039988.6022444,259.00086710002506,105.08474576271186,44.06779661016947,88737.0,83898.0,394.5063201409326,322.7778982971266
1790039988.7219818,259.1206029000459,111.86440677966101,44.06779661016947,88783.0,83932.0,384.0054738001373,296.7315024819243
1790039988.8413982,259.2400212000357,118.64406779661016,44.06779661016947,88825.0,83976.0,366.13811806700414,375.0683160686384
1790039988.9561348,259.35475640004734,125.42372881355931,44.06779661016947,88867.0,84023.0,347.6396186016937,384.2332626650299
1790039989.0798974,259.4785200000042,132.20338983050846,44.06779661016947,88917.0,84065.0,408.4428856918385,315.6149571255116
1790039989.1936846,259.59230620000744,138.9830508474576,44.06779661016947,88957.0,84122.0,367.9890045761762,469.18598083462473
1790039989.309853,259.70847530005267,145.76271186440675,44.06779661016947,89000.0,84161.0,364.6188456923402,346.3879034077232
1790039989.4293253,259.82794690004084,152.5423728813559,44.06779661016947,89038.0,84212.0,336.7649990820374,418.68080966956
1790039989.5423858,259.9410068000434,159.32203389830505,44.06779661016947,89068.0,84258.0,259.4593792852349,407.7218817339405
1790039989.656703,260.0553239000146,166.1016949152542,44.06779661016947,89094.0,84307.0,229.21143941749915,430.9175061048984
1790039989.7776425,260.17626360000577,172.88135593220335,44.06779661016947,89123.0,84356.0,223.4556976078953,393.2820277898957
1790039989.8945365,260.2931568000349,179.66101694915255,44.06779661016947,89151.0,84401.0,232.7278685782059,390.9828192113859
1790039990.0076823,260.4063020000467,186.4406779661017,44.06779661016947,89174.0,84465.0,194.93430717804046,566.237749421927
1790039990.1247036,260.5233239000081,193.22033898305085,44.06779661016947,89183.0,84539.0,81.44560516997714,642.5153296742641
1790039990.2383583,260.63697790005244,200.0,44.06779661016947,89211.0,84602.0,258.7802760983208,536.044857632236
1790039990.35203,260.7506496999995,-200.0,50.847457627118644,89231.0,84665.0,175.25137037177964,581.09664912748
1790039990.4703941,260.86901270004455,-193.22033898305085,50.847457627118644,89243.0,84733.0,100.70502673618653,585.9201555559943
1790039990.5858188,260.98443780001253,-186.4406779661017,50.847457627118644,89260.0,84788.0,154.2088586501984,480.7687946153244
1790039990.7029562,261.1015746000339,-179.66101694915255,50.847457627118644,89273.0,84862.0,107.20153081706889,634.2757240009909
1790039990.820159,261.21877710003173,-172.8813559322034,50.847457627118644,89286.0,84914.0,90.03306915703791,414.1521181223744
1790039990.9348636,261.3334817000432,-166.10169491525426,50.847457627118644,89302.0,84974.0,148.32572698755808,500.59932858300857
1790039991.0504384,261.44905560003826,-159.32203389830508,50.847457627118644,89317.0,85045.0,130.6741761331688,606.7015320468552
1790039991.1722136,261.57083110004896,-152.54237288135593,50.847457627118644,89329.0,85130.0,97.18147225885438,680.2703058119806
1790039991.289639,261.68825639999704,-145.76271186440678,50.847457627118644,89356.0,85201.0,240.44155746620592,614.461757969193
1790039991.4091077,261.80772330000764,-138.98305084745763,50.847457627118644,89375.0,85268.0,171.7093484836637,587.4267184967442
1790039991.5260615,261.9246773000341,-132.20338983050848,50.847457627118644,89388.0,85346.0,109.17745701826979,600.4760136004838
1790039991.6421368,262.04075370001374,-125.42372881355932,50.847457627118644,89420.0,85408.0,282.0173887067366,527.6454369351845
1790039991.7556937,262.15431000001263,-118.64406779661017,50.847457627118644,89437.0,85472.0,156.7821659809687,571.7937818129446
1790039991.8728824,262.2714978000149,-111.86440677966102,50.847457627118644,89465.0,85533.0,228.7908585816773,503.3398888796901
1790039991.9933007,262.39191570004914,-105.08474576271186,50.847457627118644,89501.0,85596.0,302.1115822175835,524.2524514952185
1790039992.106357,262.5049720000243,-98.30508474576271,50.847457627118644,89543.0,85643.0,383.7711599269247,402.491704313604
1790039992.2227955,262.6214110000292,-91.52542372881356,50.847457627118644,89588.0,85687.0,388.6011532866743,388.6011532866743
1790039992.3440316,262.74264630000107,-84.74576271186442,50.847457627118644,89634.0,85734.0,380.9807168544267,399.12265575225655
1790039992.461213,262.85982760001207,-77.96610169491527,50.847457627118644,89680.0,85782.0,393.4262057209921,420.2507197474234
1790039992.5773842,262.97599840001203,-71.18644067796612,50.847457627118644,89742.0,85823.0,545.118554018809,336.1564416449323
1790039992.6940205,263.09263480000664,-64.40677966101697,50.847457627118644,89790.0,85865.0,415.9478003494326,370.73608292014643
1790039992.8155997,263.21421360003296,-57.62711864406779,50.847457627118644,89851.0,85898.0,528.56097460804,291.61984805960833
1790039992.9352653,263.3338783000363,-50.847457627118644,50.847457627118644,89894.0,85934.0,350.3261975736212,297.77726793757796
1790039993.054322,263.4529349000077,-44.067796610169495,50.847457627118644,89973.0,85974.0,674.3243891860393,328.28950526162436
1790039993.1734838,263.57209630002035,-37.288135593220346,50.847457627118644,90043.0,86001.0,583.7370847049053,231.64170027972435
1790039993.2871194,263.68573100003414,-30.508474576271198,50.847457627118644,90111.0,86025.0,572.8514604536365,221.74895243366575
1790039993.4080648,263.8066773000173,-23.72881355932205,50.847457627118644,90179.0,86054.0,588.5634222106661,254.7513320016316
1790039993.5258472,263.9244599000085,-16.9491525423729,50.847457627118644,90256.0,86082.0,654.8030699189808,233.21753175196577
1790039993.648813,264.04742360004457,-10.169491525423723,50.847457627118644,90344.0,86100.0,750.6075506542107,132.4601559978019
1790039993.7667532,264.16536480002105,-3.3898305084745743,50.847457627118644,90403.0,86116.0,500.86936612411404,125.21734153102851
1790039993.884719,264.28333050000947,3.3898305084745743,50.847457627118644,90470.0,86132.0,593.671996488858,134.9254537474677
1790039994.0006385,264.3992496000137,10.169491525423723,50.847457627118644,90555.0,86147.0,697.0350663067336,117.6812449608771
1790039994.123602,264.522211100033,16.94915254237287,50.847457627118644,90642.0,86168.0,690.3174132225873,150.45379518953828
1790039994.23785,264.6364597000065,23.72881355932202,50.847457627118644,90699.0,86182.0,489.3542370275715,129.26338336577362
1790039994.3642404,264.7628510000068,30.50847457627117,50.847457627118644,90793.0,86200.0,744.2543563301628,140.58137841791964
1790039994.4849355,264.88354150002124,37.28813559322032,50.847457627118644,90857.0,86216.0,496.63027164103283,137.95285323362023
1790039994.6004581,264.999066999997,44.06779661016947,50.847457627118644,90936.0,86237.0,656.9858586206666,173.37126824712035
1790039994.719091,265.11769959999947,50.847457627118644,50.847457627118644,91012.0,86251.0,671.3277700985581,125.31451708506417
1790039994.8372586,265.2358681000187,57.627118644067764,50.847457627118644,91085.0,86271.0,626.6247486498382,179.03564247138235
1790039994.952704,265.35131170001114,64.40677966101691,50.847457627118644,91159.0,86284.0,622.6701377355084,119.03987927296484
1790039995.0736988,265.47230660001514,71.18644067796606,50.847457627118644,91230.0,86312.0,605.8424918300578,235.10305653106724
1790039995.1921632,265.5907713000197,77.96610169491527,50.847457627118644,91293.0,86336.0,543.0602244632095,195.8577858719772
1790039995.310588,265.7091924000415,84.74576271186442,50.847457627118644,91355.0,86369.0,541.6223453566772,284.12975494120775
1790039995.43019,265.8287982000038,91.52542372881356,50.847457627118644,91420.0,86399.0,571.6777912251749,258.1770670049177
1790039995.545061,265.9436690000002,98.30508474576271,50.847457627118644,91476.0,86430.0,492.52232523460884,264.50273021858624
1790039995.65974,266.0583472000435,105.08474576271186,50.847457627118644,91524.0,86461.0,439.11730115020345,274.44831321887716
1790039995.7737892,266.17239670001436,111.86440677966101,50.847457627118644,91580.0,86503.0,478.6292061282203,386.5851280266395
1790039995.894692,266.2932994000148,118.64406779661016,50.847457627118644,91642.0,86536.0,527.6602076014782,259.5050201318745
1790039996.0152516,266.413858600019,125.42372881355931,50.847457627118644,91661.0,86556.0,165.52800824293365,174.24000867677225
1790039996.1323547,266.530960700009,132.20338983050846,50.847457627118644,91699.0,86593.0,328.3422274748436,291.8597577554165
1790039996.2481554,266.6467615000438,138.9830508474576,50.847457627118644,91749.0,86634.0,443.8691256043458,371.4006969342486
1790039996.3646827,266.7632889000233,145.76271186440675,50.847457627118644,91797.0,86688.0,387.68915618849377,441.7853175171208
1790039996.4828308,266.8814371000044,152.5423728813559,50.847457627118644,91841.0,86768.0,390.41668976171064,674.3561004975002
1790039996.5997279,266.9983334999997,159.32203389830505,50.847457627118644,91890.0,86824.0,403.94284936584614,504.92856170730767
1790039996.7178142,267.11641920002876,166.1016949152542,50.847457627118644,91925.0,86881.0,293.4548889144882,489.091481524147
1790039996.8338459,267.2324504000135,172.88135593220335,50.847457627118644,91943.0,86937.0,153.59928293001926,460.79784879005774
1790039996.9463227,267.34492780000437,179.66101694915255,50.847457627118644,91961.0,86997.0,168.16944745508786,541.8793306886164
1790039997.0651922,267.4637946000439,186.4406779661017,50.847457627118644,91979.0,87093.0,163.345904888171,762.2808894781313
1790039997.1820574,267.5806608000421,193.22033898305085,50.847457627118644,92010.0,87169.0,228.15673089659558,638.8388465104676
1790039997.3007698,267.6993737000157,200.0,50.847457627118644,92029.0,87236.0,159.81759480245162,577.1190923421864
1790039997.413802,267.81240600004094,-200.0,57.627118644067764,92039.0,87314.0,92.96566032263215,687.9458863874778
1790039997.5343232,267.9329268000438,-193.22033898305085,57.627118644067764,92059.0,87380.0,157.0242166475734,532.1376230834433
1790039997.6545844,268.0531867000391,-186.4406779661017,57.627118644067764,92079.0,87452.0,153.05139472006704,585.1965092237857
1790039997.768296,268.1668981999974,-179.66101694915255,57.627118644067764,92101.0,87514.0,195.85916419531975,550.270985120184
1790039997.8875139,268.28611700003967,-172.8813559322034,57.627118644067764,92111.0,87575.0,79.30598449377703,502.27123512725456
1790039998.0059257,268.4045285000466,-166.10169491525426,57.627118644067764,92130.0,87647.0,160.87516089687,634.563134648765
1790039998.1189873,268.5175889999955,-159.32203389830508,57.627118644067764,92149.0,87717.0,166.97154430851683,602.9527988918663
1790039998.234834,268.63343490002444,-152.54237288135593,57.627118644067764,92165.0,87779.0,145.84195467827746,519.5619635413634
1790039998.3497343,268.748335900018,-145.76271186440678,57.627118644067764,92191.0,87832.0,238.46888292867558,467.7658857447098
1790039998.4674468,268.8660479999962,-138.98305084745763,57.627118644067764,92215.0,87894.0,213.73172923594655,534.3293230898664
1790039998.5878043,268.9864042000263,-132.20338983050848,57.627118644067764,92249.0,87974.0,308.3970157830465,689.3580352797511
1790039998.706063,269.10466350003844,-125.42372881355932,57.627118644067764,92282.0,88021.0,285.19914478035867,401.06129734737937
1790039998.8226697,269.22127040004125,-118.64406779661017,57.627118644067764,92319.0,88065.0,323.73460236840015,368.6977415862335
1790039998.9437792,269.34237910003867,-111.86440677966102,57.627118644067764,92352.0,88118.0,282.601501817942,455.8088738999065
1790039999.0620258,269.46062460000394,-105.08474576271186,57.627118644067764,92390.0,88162.0,326.97844672071994,390.55758913863775
1790039999.18107,269.5796694000019,-98.30508474576271,57.627118644067764,92438.0,88210.0,399.3475548714782,381.5987746549681
1790039999.2990377,269.69763780001085,-91.52542372881356,57.627118644067764,92482.0,88263.0,367.9053712726981,448.6650869179245
1790039999.4119978,269.81059619999724,-84.74576271186442,57.627118644067764,92520.0,88303.0,334.6872672923798,334.6872672923798
1790039999.5301242,269.9287225000444,-77.96610169491527,57.627118644067764,92560.0,88340.0,349.3912976418389,331.4737951986677
1790039999.6463823,270.0449801000068,-71.18644067796612,57.627118644067764,92621.0,88377.0,527.0207156488381,327.11630626479604
1790039999.7672286,270.16582660004497,-64.40677966101697,57.627118644067764,92691.0,88420.0,603.8155895372971,341.2870723471679
1790039999.8818471,270.28044550004415,-57.62711864406779,57.627118644067764,92741.0,88457.0,416.9933114135722,296.5285770052069
1790039999.99923,270.3978271000087,-50.847457627118644,57.627118644067764,92802.0,88489.0,520.3207687773981,269.1314321262404
1790040000.1163256,270.5149226000067,-44.067796610169495,57.627118644067764,92876.0,88515.0,615.5266600528836,208.19284090024004
1790040000.2366583,270.6352565000416,-37.288135593220346,57.627118644067764,92937.0,88548.0,509.2534870896433,280.96744115290664
1790040000.351186,270.74978230003035,-30.508474576271198,57.627118644067764,93016.0,88583.0,699.7166145339664,294.6175219090385
1790040000.4628248,270.8614216000424,-23.72881355932205,57.627118644067764,93103.0,88611.0,784.6184531828392,226.8776250167246
1790040000.5953443,270.99394160002703,-16.9491525423729,57.627118644067764,93210.0,88632.0,806.0354670854156,142.24155301507332
1790040000.7103765,271.10897200001637,-10.169491525423723,57.627118644067764,93285.0,88652.0,603.3314866762606,164.54495091170745
1790040000.83789,271.23648560000584,-3.3898305084745743,57.627118644067764,93388.0,88673.0,828.6369650093126,173.01211357337294
1790040000.9571178,271.35571390000405,3.3898305084745743,57.627118644067764,93462.0,88690.0,648.6317812758122,149.0100038066055
1790040001.0697572,271.4683534000069,10.169491525423723,57.627118644067764,93545.0,88711.0,755.1461810369857,195.7786395281074
1790040001.185168,271.58376360003604,16.94915254237287,57.627118644067764,93618.0,88716.0,625.7413674977806,45.34357735491164
1790040001.3101373,271.7087316000252,23.72881355932202,57.627118644067764,93703.0,88739.0,649.5942323150948,173.83507625333522
1790040001.4296517,271.82824729999993,30.50847457627117,57.627118644067764,93755.0,88753.0,421.99751100140907,103.15494713367777
1790040001.5439,271.94249460002175,37.28813559322032,57.627118644067764,93826.0,88769.0,642.7614502681768,146.9169029184404
1790040001.6626267,272.0612211000407,44.06779661016947,57.627118644067764,93875.0,88790.0,396.9342563290051,185.23598628686904
1790040001.7797801,272.17837430001236,50.847457627118644,57.627118644067764,93947.0,88817.0,632.0484690873798,225.73159610263565
1790040001.8985844,272.2971785000409,57.627118644067764,57.627118644067764,94028.0,88845.0,718.5033022538075,239.50110075126918
1790040002.0190487,272.41764240001794,64.40677966101691,57.627118644067764,94102.0,88868.0,615.6615630014983,190.76837163426706
1790040002.1345983,272.53319109999575,71.18644067796606,57.627118644067764,94182.0,88899.0,700.1171103676894,263.6804701384804
1790040002.250677,272.6492699000519,77.96610169491527,57.627118644067764,94239.0,88933.0,513.1165416312381,302.3722477469796
1790040002.3726652,272.7712586999987,84.74576271186442,57.627118644067764,94293.0,88968.0,430.92192284649326,301.6453459925453
1790040002.4906793,272.88927250000415,91.52542372881356,57.627118644067764,94353.0,88996.0,532.0069826498024,225.42668756347558
1790040002.6100461,273.00863749999553,98.30508474576271,57.627118644067764,94422.0,89022.0,571.9913700873226,223.43412894036038
1790040002.7311792,273.12977100000717,105.08474576271186,57.627118644067764,94470.0,89058.0,366.2882269992111,305.24018916600926
1790040002.8465717,273.24516330001643,111.86440677966101,57.627118644067764,94518.0,89104.0,429.8907619844678,375.01109024176975
1790040002.96779,273.366381800035,118.64406779661016,57.627118644067764,94561.0,89139.0,320.9905247189085,294.9642659579159
1790040003.08349,273.4820804000483,125.42372881355931,57.627118644067764,94605.0,89182.0,381.9126185542613,372.81946096963605
1790040003.205145,273.60373520001303,132.20338983050846,57.627118644067764,94639.0,89230.0,296.638812611436,395.518416815248
1790040003.3190453,273.7176354000112,138.9830508474576,57.627118644067764,94670.0,89275.0,261.48234340294954,392.2235151044243
1790040003.4380536,273.83664500003215,145.76271186440675,57.627118644067764,94711.0,89320.0,320.1086947183297,382.35205202467154
1790040003.5525107,273.95110010000644,152.5423728813559,57.627118644067764,94735.0,89366.0,212.05388015963683,396.44855855932104
1790040003.670677,274.0692665000097,159.32203389830505,57.627118644067764,94776.0,89428.0,349.1276285167582,519.215447537743
1790040003.7867107,274.1853011000203,166.1016949152542,57.627118644067764,94798.0,89495.0,181.36575672715074,535.0289823450947
1790040003.9041674,274.3027572000283,172.88135593220335,57.627118644067764,94818.0,89565.0,169.12852522162612,614.2035915943264
1790040004.0223682,274.42095739999786,179.66101694915255,57.627118644067764,94845.0,89636.0,238.68495607827256,605.8925808140765
1790040004.144405,274.5429934000131,186.4406779661017,57.627118644067764,94868.0,89733.0,202.07664501070656,817.0925211302482
1790040004.2597702,274.65835900005186,193.22033898305085,57.627118644067764,94890.0,89803.0,201.37834319493277,613.2885906391134
1790040004.3774333,274.7760225000093,200.0,57.627118644067764,94901.0,89871.0,89.64525576432881,555.8005857388385
1790040004.4938297,274.89241910004057,-200.0,64.40677966101691,94924.0,89941.0,188.8022296311651,629.340765437217
1790040004.6121082,275.0106960000121,-193.22033898305085,64.40677966101691,94933.0,90005.0,73.60267616912728,533.6194022261727
1790040004.722524,275.1211113000172,-186.4406779661017,64.40677966101691,94948.0,90059.0,143.36986074330989,497.0155172434742
1790040004.8407662,275.2393544000224,-179.66101694915255,64.40677966101691,94959.0,90120.0,88.65436854497752,523.0607744153673
1790040004.9627373,275.36132460000226,-172.8813559322034,64.40677966101691,94983.0,90185.0,200.10823248275636,548.1225498440718
1790040005.0840917,275.4826777999988,-166.10169491525426,64.40677966101691,95005.0,90251.0,161.62675536118957,538.7558512039652
1790040005.2018588,275.60044500004733,-159.32203389830508,64.40677966101691,95019.0,90306.0,116.18190514776279,482.60175984455316
1790040005.325979,275.7245651000412,-152.54237288135593,64.40677966101691,95043.0,90380.0,194.99606193783757,601.9443651124551
1790040005.4430697,275.84165499999654,-145.76271186440678,64.40677966101691,95061.0,90439.0,147.89768068274196,526.8854874322682
1790040005.5588143,275.95739980001235,-138.98305084745763,64.40677966101691,95096.0,90503.0,283.4887034376792,557.832609990272
1790040005.6802077,276.07879400003003,-132.20338983050848,64.40677966101691,95133.0,90561.0,305.4431718783652,488.70907500538436
1790040005.7933974,276.1919824000215,-125.42372881355932,64.40677966101691,95164.0,90609.0,277.5724254984121,425.6110524308985
1790040005.9120889,276.3106745000114,-118.64406779661017,64.40677966101691,95199.0,90658.0,292.5168860698209,398.88666282248306
1790040006.0279582,276.4265442000469,-111.86440677966102,64.40677966101691,95235.0,90709.0,315.11125283589,463.39890122925004
1790040006.1478484,276.54643370001577,-105.08474576271186,64.40677966101691,95275.0,90757.0,343.0928192814285,388.23661129214275
1790040006.263162,276.661746400001,-98.30508474576271,64.40677966101691,95313.0,90799.0,339.1638968366978,375.8302640622868
1790040006.3769283,276.7755135000334,-91.52542372881356,64.40677966101691,95379.0,90830.0,607.7107443593756,276.2321565269889
1790040006.4934354,276.89202050003223,-84.74576271186442,64.40677966101691,95429.0,90876.0,431.1033910901456,395.1781084993001
1790040006.6128757,277.0114606000134,-77.96610169491527,64.40677966101691,95491.0,90913.0,551.0897568703768,308.2366436732616
1790040006.730089,277.1286729000276,-71.18644067796612,64.40677966101691,95550.0,90943.0,508.48811958709666,236.08376980829487
1790040006.8447995,277.24338370002806,-64.40677966101697,64.40677966101691,95608.0,90973.0,501.86419729089675,264.6193040261092
1790040006.9576411,277.35622509999666,-57.62711864406779,64.40677966101691,95673.0,91002.0,584.8561252848978,259.9360556821768
1790040007.0723727,277.4709557000315,-50.847457627118644,64.40677966101691,95738.0,91018.0,576.3825864453332,146.3828790972275
1790040007.190794,277.5893754000426,-44.067796610169495,64.40677966101691,95800.0,91054.0,513.404439612674,302.5419019146114
1790040007.306504,277.7050856000278,-37.288135593220346,64.40677966101691,95879.0,91077.0,665.1448397460588,194.00057825926714
1790040007.4258747,277.8244568000082,-30.508474576271198,64.40677966101691,95916.0,91090.0,319.74164879886104,106.58054959962034
1790040007.5423064,277.94088870001724,-23.72881355932205,64.40677966101691,95991.0,91106.0,639.5825954943745,135.12308355514955
1790040007.660113,278.05869510001503,-16.9491525423729,64.40677966101691,96057.0,91129.0,549.5139550653921,210.6470161084003
1790040007.774806,278.1733867000439,-10.169491525423723,64.40677966101691,96146.0,91141.0,766.2436819935269,109.46338314193241
1790040007.8938315,278.29241310001817,-3.3898305084745743,64.40677966101691,96223.0,91158.0,639.1722006965911,133.16087514512313
1790040008.014916,278.41349679999985,3.3898305084745743,64.40677966101691,96299.0,91170.0,635.5353035434515,95.76559368462968
1790040008.134611,278.5331923000049,10.169491525423723,64.40677966101691,96379.0,91184.0,658.7893031092386,114.19014587226803
1790040008.2518995,278.6504793000058,16.94915254237287,64.40677966101691,96467.0,91198.0,773.4033280942739,95.48189235731776
1790040008.3742468,278.7728253999958,23.72881355932202,64.40677966101691,96551.0,91211.0,677.2053537056968,111.43885567308935
1790040008.489618,278.88819800002966,30.50847457627117,64.40677966101691,96618.0,91229.0,579.356693641575,156.33434590328213
1790040008.6008883,278.9994689000305,37.28813559322032,64.40677966101691,96693.0,91244.0,683.198164373684,132.8440875171052
1790040008.7176046,279.11618350003846,44.06779661016947,64.40677966101691,96779.0,91266.0,753.5275073061332,190.65153799311804
1790040008.8360896,279.23466830002144,50.847457627118644,64.40677966101691,96866.0,91283.0,723.1756086247988,144.63512172495976
1790040008.9477048,279.3462843000307,57.627118644067764,64.40677966101691,96935.0,91309.0,627.2685025562041,237.6017055137137
1790040009.0686395,279.4672192000435,64.40677966101691,64.40677966101691,97004.0,91336.0,557.3281687385679,235.1228211865833
1790040009.1849701,279.5835492000333,71.18644067796606,64.40677966101691,97071.0,91368.0,600.7876788119377,277.2866209901251
1790040009.3048313,279.7034091000096,77.96610169491527,64.40677966101691,97125.0,91397.0,480.3814047588152,253.78640251409107
1790040009.4215548,279.82013330003247,84.74576271186442,64.40677966101691,97182.0,91423.0,485.5399024178264,215.79551218570063
1790040009.5401163,279.93869440001436,91.52542372881356,64.40677966101691,97236.0,91462.0,476.13085477071024,335.05504594975906
1790040009.664524,280.0631011000369,98.30508474576271,64.40677966101691,97292.0,91497.0,436.41975214055105,253.1234562415196
1790040009.7860255,280.1846015000483,105.08474576271186,64.40677966101691,97350.0,91531.0,436.31027552264027,284.9373227902957
1790040009.9061491,280.30472539999755,111.86440677966101,64.40677966101691,97403.0,91571.0,404.8358522344445,334.4296170632368
1790040010.0261028,280.4246803999995,118.64406779661016,64.40677966101691,97448.0,91620.0,369.8879503939634,422.7290861645296
1790040010.144089,280.54266540001845,125.42372881355931,64.40677966101691,97490.0,91662.0,347.35860492065814,347.35860492065814
1790040010.2645361,280.66311110003153,132.20338983050846,64.40677966101691,97533.0,91722.0,343.35632603417514,451.78463951865155
1790040010.3834705,280.78204650001135,138.9830508474576,64.40677966101691,97573.0,91774.0,321.69741853223525,411.0578125689673
1790040010.5052419,280.9038180000498,145.76271186440675,64.40677966101691,97611.0,91831.0,312.28557469328223,485.7775606339946
1790040010.6244423,281.02301880001323,152.5423728813559,64.40677966101691,97639.0,91888.0,216.51934338242623,496.19016191806014
1790040010.7438061,281.142381200043,159.32203389830505,64.40677966101691,97663.0,91941.0,196.29484562892455,455.0471421397796
1790040010.8610566,281.25963119999506,166.1016949152542,64.40677966101691,97686.0,92014.0,198.9324561035069,632.9669057838855
1790040010.9772072,281.3757832000265,172.88135593220335,64.40677966101691,97707.0,92077.0,180.82070902092312,542.4621270627694
1790040011.0954344,281.4940090000164,179.66101694915255,64.40677966101691,97731.0,92141.0,197.0932331639588,573.3621328406075
1790040011.2096844,281.6082588999998,186.4406779661017,64.40677966101691,97746.0,92202.0,129.1182972562708,525.6959245433883
1790040011.3245685,281.7231430000393,193.22033898305085,64.40677966101691,97761.0,92274.0,119.53220610150814,634.4401708464662
1790040011.4346485,281.8332229000516,200.0,64.40677966101691,97780.0,92363.0,172.8711399258009,797.1280341023041
1790040011.5525594,281.9511328000226,-200.0,71.18644067796606,97798.0,92428.0,159.59668145374587,558.5883850881106
1790040011.672726,282.0712987000006,-193.22033898305085,71.18644067796606,97811.0,92508.0,100.2113548888337,665.0389915349873
1790040011.7906063,282.1891789000365,-186.4406779661017,71.18644067796606,97824.0,92583.0,116.78926548983655,610.8976964083759
1790040011.9028306,282.3014040000271,-179.66101694915255,71.18644067796606,97840.0,92635.0,141.86892451338727,472.8964150446242
1790040012.0162995,282.41487269999925,-172.8813559322034,71.18644067796606,97867.0,92712.0,240.8707662837414,676.2909976428124
1790040012.1311166,282.5296897000517,-166.10169491525426,71.18644067796606,97898.0,92769.0,274.1541203272394,456.92353387873237
1790040012.2450914,282.64366340002744,-159.32203389830508,71.18644067796606,97917.0,92819.0,165.70374377966294,432.6708865357866
1790040012.3602622,282.75883460004115,-152.54237288135593,71.18644067796606,97947.0,92897.0,272.62020727745124,681.5505181936281
1790040012.4758227,282.87439450004604,-145.76271186440678,71.18644067796606,97980.0,92960.0,300.5324888860576,546.4227070655593
1790040012.590821,282.98939290002454,-138.98305084745763,71.18644067796606,98009.0,93025.0,251.62015419355544,568.4751631780326
1790040012.7042625,283.10283400001936,-132.20338983050848,71.18644067796606,98041.0,93068.0,296.2491159808358,370.3113949760448
1790040012.8202443,283.2188134000171,-125.42372881355932,71.18644067796606,98072.0,93132.0,262.35060712164113,578.9806501994839
1790040012.940593,283.33916390000377,-118.64406779661017,71.18644067796606,98114.0,93179.0,345.68706625009185,390.0059208975395
1790040013.0566707,283.45524130004924,-111.86440677966102,71.18644067796606,98157.0,93226.0,357.8516787732684,403.73009912881565
1790040013.1738522,283.5724220999982,-105.08474576271186,71.18644067796606,98209.0,93278.0,452.45735126660213,443.22352777136535
1790040013.2882564,283.6868255000445,-98.30508474576271,71.18644067796606,98254.0,93317.0,398.1909168857668,333.3691397183164
1790040013.406409,283.8049785000039,-91.52542372881356,71.18644067796606,98305.0,93356.0,459.80493459897514,351.6155382227457
1790040013.5251944,283.9237650000141,-84.74576271186442,71.18644067796606,98365.0,93393.0,513.8718828747618,318.9549617843349
1790040013.6443105,284.04288070002804,-77.96610169491527,71.18644067796606,98414.0,93430.0,417.5606463599051,319.8336865735443
1790040013.7619913,284.1605596000445,-71.18644067796612,71.18644067796606,98470.0,93458.0,474.20463573286884,255.340957702314
1790040013.8763318,284.2748999000178,-64.40677966101697,71.18644067796606,98544.0,93494.0,655.8079644429353,323.2856162746864
1790040013.9932094,284.3917782000499,-57.62711864406779,71.18644067796606,98608.0,93525.0,572.79444587214,245.48333394520287
1790040014.109597,284.5081647000043,-50.847457627118644,71.18644067796606,98680.0,93549.0,623.6228329174335,207.87427763914448
1790040014.2294316,284.6279986000154,-44.067796610169495,71.18644067796606,98755.0,93579.0,669.1918727871749,238.34231085570613
1790040014.3442247,284.7427917000023,-37.288135593220346,71.18644067796606,98821.0,93598.0,497.74723287516287,165.91574429172096
1790040014.4662154,284.86478380003246,-30.508474576271198,71.18644067796606,98890.0,93624.0,591.4416653472862,226.1394602798447
1790040014.5826797,284.981247000047,-23.72881355932205,71.18644067796606,98961.0,93642.0,620.7403970895674,146.05656402107468
1790040014.7071722,285.105738800019,-16.9491525423729,71.18644067796606,99069.0,93660.0,915.8183372036904,152.6363895339484
1790040014.8246121,285.2231786000193,-10.169491525423723,71.18644067796606,99153.0,93675.0,689.7866198906405,136.14209603104746
1790040014.9406383,285.3392055000295,-3.3898305084745743,71.18644067796606,99250.0,93694.0,850.117117324986,171.8321832890929
1790040015.0616388,285.46020490000956,3.3898305084745743,71.18644067796606,99304.0,93715.0,442.905887831319,168.3042373759012
1790040015.179115,285.5776808000519,10.169491525423723,71.18644067796606,99391.0,93727.0,731.261425810249,111.07768493320238
1790040015.2958689,285.6944341000053,16.94915254237287,71.18644067796606,99451.0,93745.0,497.17154597627535,153.67120511993966
1790040015.418116,285.81668240000727,23.72881355932202,71.18644067796606,99524.0,93765.0,601.7467850842771,171.92765288122203
1790040015.5342708,285.9328354000463,30.50847457627117,71.18644067796606,99611.0,93792.0,736.0076763966953,218.0763485619838
1790040015.6572726,286.0558368000202,37.28813559322032,71.18644067796606,99690.0,93813.0,671.6142245736467,172.4414900932336
1790040015.776715,286.1752801000257,44.06779661016947,71.18644067796606,99771.0,93833.0,663.4966271866655,168.08581222062193
1790040015.8951805,286.29374450002797,50.847457627118644,71.18644067796606,99835.0,93857.0,530.6738317913024,194.58040499014422
1790040016.0130308,286.41159340000013,57.627118644067764,71.18644067796606,99873.0,93872.0,325.9177981711201,135.79908257130006
1790040016.1306984,286.52924709999934,64.40677966101691,71.18644067796606,99944.0,93903.0,580.6979624982715,254.05535859299377
1790040016.2642999,286.66286420001416,71.18644067796606,71.18644067796606,99995.0,93937.0,369.3870846995888,259.35688925715806
1790040016.380333,286.7788963000057,77.96610169491527,71.18644067796606,100060.0,93971.0,533.4098499997511,285.0983681033153
1790040016.4956756,286.8942392000463,84.74576271186442,71.18644067796606,100113.0,94018.0,475.6542761243306,393.3294975643503
1790040016.6131701,287.0117322000442,91.52542372881356,71.18644067796606,100163.0,94049.0,392.654855501848,267.7192196603509
1790040016.7268853,287.1254486000398,98.30508474576271,71.18644067796606,100209.0,94088.0,384.6998309355947,356.5510628183561
1790040016.8423514,287.24091310001677,105.08474576271186,71.18644067796606,100256.0,94132.0,424.9104686178755,406.43610041709826
1790040016.9639153,287.36247670004377,111.86440677966101,71.18644067796606,100294.0,94185.0,290.6121382248653,417.7549486982439
1790040017.0828614,287.4814225000446,118.64406779661016,71.18644067796606,100334.0,94233.0,310.20008791611014,425.4172634278082
1790040017.1995258,287.59808770002564,125.42372881355931,71.18644067796606,100373.0,94269.0,348.0363423185949,274.765533409417
1790040017.3225968,287.7211588000064,132.20338983050846,71.18644067796606,100401.0,94332.0,230.52156774913408,529.3458222387524
1790040017.441488,287.8400502000004,138.9830508474576,71.18644067796606,100440.0,94395.0,281.57290144052337,519.1500370309649
1790040017.5597384,287.95829959999537,145.76271186440675,71.18644067796606,100463.0,94454.0,182.32438061699673,528.7407037892906
1790040017.6760159,288.074576300045,152.5423728813559,71.18644067796606,100500.0,94536.0,315.70212155389,703.5647280343834
1790040017.7930398,288.19160070002545,159.32203389830505,71.18644067796606,100520.0,94610.0,144.63368360126967,650.8515762057135
1790040017.9100966,288.308657400019,166.1016949152542,71.18644067796606,100554.0,94668.0,287.5820283949649,485.2946729165032
1790040018.029833,288.42839320003986,172.88135593220335,71.18644067796606,100577.0,94737.0,200.6196530120053,540.8008037714926
1790040018.144116,288.5426766000455,179.66101694915255,71.18644067796606,100598.0,94803.0,148.05506537936165,555.2064951726062
1790040018.2682905,288.66685040004086,186.4406779661017,71.18644067796606,100622.0,94885.0,205.9057345259797,680.3841662597591
1790040018.3840637,288.7826234000386,193.22033898305085,71.18644067796606,100643.0,94973.0,180.70405920475523,786.0626575406852
1790040018.4974844,288.89604390005115,200.0,71.18644067796606,100654.0,95058.0,83.14464118076124,739.0634771623221
1790040018.611058,289.00961730000563,-200.0,77.96610169491527,100673.0,95128.0,175.30408336275858,608.9510264180034
1790040018.7342477,289.132806300011,-193.22033898305085,77.96610169491527,100692.0,95196.0,146.01449154618427,532.523439756672
1790040018.8546615,289.2532198000117,-186.4406779661017,77.96610169491527,100716.0,95286.0,170.62777552383298,727.4131482858143
1790040018.9736652,289.3722224000376,-179.66101694915255,77.96610169491527,100738.0,95371.0,193.2550474715751,676.3926661505128
1790040019.091205,289.4897620000411,-172.8813559322034,77.96610169491527,100758.0,95441.0,180.45899744667062,568.4458419570125
1790040019.2086263,289.6071847000276,-166.10169491525426,77.96610169491527,100779.0,95490.0,179.96616637545605,413.9221826635489
1790040019.3269072,289.7254653000273,-159.32203389830508,77.96610169491527,100808.0,95555.0,267.68547140349114,479.9877418269497
1790040019.442524,289.8410805000458,-152.54237288135593,77.96610169491527,100842.0,95615.0,298.8064043557731,516.1201529781536
1790040019.559623,289.95817990001524,-145.76271186440678,77.96610169491527,100879.0,95682.0,307.2368741119271,560.2554763217494
1790040019.6722815,290.07083920005243,-138.98305084745763,77.96610169491527,100910.0,95731.0,270.41089397795514,456.9011656868897
1790040019.7898188,290.18837540003005,-132.20338983050848,77.96610169491527,100950.0,95785.0,356.8265494028479,439.17113772658206
1790040019.9077184,290.3062743000337,-125.42372881355932,77.96610169491527,100988.0,95836.0,329.0658532116438,426.89624200429466
1790040020.025383,290.4239381000516,-118.64406779661017,77.96610169491527,101023.0,95887.0,295.67481500696323,403.1929295549499
1790040020.1482813,290.54683740000473,-111.86440677966102,77.96610169491527,101071.0,95930.0,393.4600101744252,359.2460962462143
1790040020.2649558,290.6635102000437,-105.08474576271186,77.96610169491527,101115.0,95971.0,386.34615877613834,358.7500045778428
1790040020.3867276,290.78528260003077,-98.30508474576271,77.96610169491527,101159.0,96003.0,358.5135475811169,266.586996919292
1790040020.5003684,290.8989236000343,-91.52542372881356,77.96610169491527,101211.0,96050.0,453.0597714776495,406.82918255135877
1790040020.615352,291.013906600012,-84.74576271186442,77.96610169491527,101271.0,96087.0,540.4702272966922,320.6179314471903
1790040020.7307277,291.12928150000516,-77.96610169491527,77.96610169491527,101324.0,96117.0,467.7543024029927,265.97793666052524
1790040020.8451948,291.243747600005,-71.18644067796612,77.96610169491527,101390.0,96144.0,581.1470365705475,230.6139034010109
1790040020.9621124,291.3606650000438,-64.40677966101697,77.96610169491527,101439.0,96179.0,419.00726239735314,291.48331297207176
1790040021.078964,291.477518300002,-57.62711864406779,77.96610169491527,101500.0,96204.0,538.2946460266847,218.96731363797346
1790040021.198842,291.5973965000012,-50.847457627118644,77.96610169491527,101587.0,96238.0,723.7563305999645,282.4414948682788
1790040021.3188326,291.7173852000269,-44.067796610169495,77.96610169491527,101664.0,96262.0,647.2373024056125,209.91480078019865
1790040021.4363205,291.8348726000404,-37.288135593220346,77.96610169491527,101729.0,96280.0,550.4530861313625,162.42877951417253
1790040021.5571735,291.95572690002155,-30.508474576271198,77.96610169491527,101810.0,96301.0,640.3885140135485,184.22135334636326
1790040021.6721606,292.07071310002357,-23.72881355932205,77.96610169491527,101874.0,96314.0,580.1500287481284,119.71349799564555
1790040021.7943392,292.19289150001714,-16.9491525423729,77.96610169491527,101951.0,96329.0,621.5835103363057,124.31670206726113
1790040021.905189,292.30374090000987,-10.169491525423723,77.96610169491527,102038.0,96345.0,768.2538536493145,132.78461668012844
1790040022.0248694,292.42342130001634,-3.3898305084745743,77.96610169491527,102130.0,96373.0,755.1803151945571,248.76528029938353
1790040022.1389992,292.53755060001276,3.3898305084745743,77.96610169491527,102214.0,96385.0,747.1325328689919,101.4624427352952
1790040022.2605276,292.6590789000038,10.169491525423723,77.96610169491527,102304.0,96397.0,741.8862809581497,105.98375442259281
1790040022.3762817,292.7748318000231,16.94915254237287,77.96610169491527,102367.0,96412.0,560.6288447291764,135.63601082157493
1790040022.4917107,292.89026190002915,23.72881355932202,77.96610169491527,102439.0,96431.0,606.4994689981511,174.59833198431622
1790040022.6096878,293.00823880004464,30.50847457627117,77.96610169491527,102510.0,96447.0,576.4419696155677,133.02506991128485
1790040022.7304733,293.12902280001435,37.28813559322032,77.96610169491527,102588.0,96475.0,612.414874183361,244.9659496733444
1790040022.8510146,293.24956419999944,44.06779661016947,77.96610169491527,102667.0,96514.0,631.3922988038172,333.2348243686813
1790040022.97237,293.3709202000173,50.847457627118644,77.96610169491527,102747.0,96539.0,667.9922411276709,208.20537385797533
1790040023.0886068,293.4871563000488,57.627118644067764,77.96610169491527,102799.0,96563.0,466.79914017456196,201.36433497726202
1790040023.212946,293.61149380001007,64.40677966101691,77.96610169491527,102849.0,96596.0,414.4076306405574,255.69832528885453
1790040023.3283682,293.7269159000134,71.18644067796606,77.96610169491527,102907.0,96626.0,470.0772771198236,258.08164234029533
1790040023.4434032,293.8419524000492,77.96610169491527,77.96610169491527,102953.0,96667.0,401.4499643255309,355.83065019762967
1790040023.5555344,293.954083300021,84.74576271186442,77.96610169491527,103002.0,96702.0,459.37442585112785,309.3746133283106
1790040023.6753137,294.0738622000208,91.52542372881356,77.96610169491527,103046.0,96745.0,394.88640914116525,366.68023705965345
1790040023.7891965,294.1877450000029,98.30508474576271,77.96610169491527,103089.0,96790.0,386.337274189328,386.337274189328
1790040023.9035058,294.3020537000266,105.08474576271186,77.96610169491527,103141.0,96833.0,449.86609606382683,367.23762943985867
1790040024.0175478,294.41609569999855,111.86440677966101,77.96610169491527,103178.0,96875.0,330.76226922211634,376.70147328074364
1790040024.13385,294.5323972000042,118.64406779661016,77.96610169491527,103206.0,96927.0,245.26265748727374,443.35941930391795
1790040024.2502472,294.64879420003854,125.42372881355931,77.96610169491527,103238.0,96986.0,284.4587346445687,523.0370282174329
1790040024.369131,294.7676780000329,132.20338983050846,77.96610169491527,103273.0,97036.0,299.9646218870881,441.1244439516001
1790040024.4871905,294.88573680003174,138.9830508474576,77.96610169491527,103305.0,97103.0,284.3676020319343,568.7352040638687
1790040024.5997038,294.9982507000095,145.76271186440675,77.96610169491527,103328.0,97164.0,214.22251198485384,568.1553578728732
1790040024.7227194,295.1212650000234,152.5423728813559,77.96610169491527,103355.0,97241.0,229.4650066472664,594.9092764929129
1790040024.837725,295.2362699000514,159.32203389830505,77.96610169491527,103370.0,97309.0,138.5786267591771,591.2688075058223
1790040024.9556046,295.35414940002374,166.1016949152542,77.96610169491527,103386.0,97380.0,124.64942345771833,623.2471172885917
1790040025.0783448,295.47689069999615,172.88135593220335,77.96610169491527,103411.0,97462.0,197.7926341300999,653.5756606038084
1790040025.1924973,295.5910416000406,179.66101694915255,77.96610169491527,103428.0,97527.0,157.0961244203421,582.1797552047972
1790040025.317062,295.71560610004235,186.4406779661017,77.96610169491527,103448.0,97597.0,174.48801546999155,596.9326845026027
1790040025.4361796,295.8347241000156,193.22033898305085,77.96610169491527,103460.0,97659.0,105.93360607751768,512.0124293746688
1790040025.5568898,295.9554339000024,200.0,77.96610169491527,103475.0,97733.0,121.50826470580809,598.8621617643398
1790040025.6814516,296.0799949000357,-200.0,84.74576271186442,103490.0,97814.0,119.13642584141051,650.6681719030881
1790040025.801519,296.200061200012,-193.22033898305085,84.74576271186442,103519.0,97897.0,256.74554657565255,708.2635767604208
1790040025.9174135,296.31595650000963,-186.4406779661017,84.74576271186442,103535.0,97974.0,137.0342320398283,676.0355447298195
1790040026.0334632,296.43200660002185,-179.66101694915255,84.74576271186442,103554.0,98042.0,173.35481719587898,593.0559535648491
1790040026.1549819,296.5535246000509,-172.8813559322034,84.74576271186442,103582.0,98114.0,245.5974385892896,636.7341000463064
1790040026.2714517,296.6699936000514,-166.10169491525426,84.74576271186442,103610.0,98177.0,234.99914595352737,524.2288640501764
1790040026.392013,296.79055550001794,-159.32203389830508,84.74576271186442,103646.0,98243.0,297.8109144746138,543.0669616890017
1790040026.5095193,296.9080618000007,-152.54237288135593,84.74576271186442,103673.0,98295.0,233.26733066988456,430.6473796982484
1790040026.6299298,297.02847170003224,-145.76271186440678,84.74576271186442,103701.0,98351.0,237.92616232804986,475.8523246560997
1790040026.7492707,297.14781120000407,-138.98305084745763,84.74576271186442,103734.0,98413.0,272.1408531576775,509.16675752081596
1790040026.865366,297.26390770002035,-132.20338983050848,84.74576271186442,103780.0,98472.0,414.3799034745719,506.4643264689212
1790040026.9815702,297.3801125000464,-125.42372881355932,84.74576271186442,103829.0,98526.0,414.6280785931818,477.7236557704051
1790040027.0981357,297.4966772000189,-118.64406779661017,84.74576271186442,103872.0,98573.0,372.87201502696144,418.34421198146896
1790040027.2166805,297.615221700049,-111.86440677966102,84.74576271186442,103930.0,98622.0,458.9107224498719,405.95948524411745
1790040027.3357828,297.7343235000153,-105.08474576271186,84.74576271186442,103995.0,98661.0,554.1194382513543,325.4352256396843
1790040027.452696,297.8512367000221,-98.30508474576271,84.74576271186442,104062.0,98703.0,558.1125712531752,351.070810949578
1790040027.5660524,297.9645920000039,-91.52542372881356,84.74576271186442,104122.0,98744.0,496.2551819036426,362.6480175449696
1790040027.6823418,298.08088030002546,-84.74576271186442,84.74576271186442,104182.0,98784.0,490.1306741247824,335.83027671512866
1790040027.7989657,298.19750510004815,-77.96610169491527,84.74576271186442,104244.0,98811.0,522.230528991279,210.72459941753365
1790040027.924242,298.32278139999835,-71.18644067796612,84.74576271186442,104313.0,98843.0,565.8028741439003,257.1831246108638
1790040028.0407035,298.43924239999615,-64.40677966101697,84.74576271186442,104384.0,98866.0,631.74259329409,192.2694849155926
1790040028.1598306,298.5583699000417,-57.62711864406779,84.74576271186442,104461.0,98890.0,635.1816529878436,202.9052502600056
1790040028.2787805,298.67731930001173,-50.847457627118644,84.74576271186442,104546.0,98911.0,705.6154641160089,176.40386602900222
1790040028.401686,298.80022510001436,-44.067796610169495,84.74576271186442,104615.0,98932.0,571.4149258288411,153.5144576853603
1790040028.526602,298.92513899999904,-37.288135593220346,84.74576271186442,104714.0,98947.0,789.3755496193094,117.95266833391979
1790040028.6434221,299.04195990000153,-30.508474576271198,84.74576271186442,104788.0,98960.0,633.3970349258169,117.63087791479457
1790040028.7607076,299.1592459999956,-23.72881355932205,84.74576271186442,104859.0,98982.0,618.0203999867849,197.04998260448215
1790040028.8762467,299.27478350000456,-16.9491525423729,84.74576271186442,104955.0,98999.0,868.6419341366919,138.61307459628063
1790040028.9959848,299.3945222000475,-10.169491525423723,84.74576271186442,105029.0,99024.0,663.3164513651531,205.5346750708925
1790040029.1084225,299.5069595000241,-3.3898305084745743,84.74576271186442,105120.0,99045.0,810.8176119508341,186.39485332203083
1790040029.2276313,299.62616850004997,3.3898305084745743,84.74576271186442,105206.0,99058.0,709.9371923255247,113.94053703989903
1790040029.3403137,299.73885060002794,10.169491525423723,84.74576271186442,105275.0,99076.0,637.385071426851,149.97295798278847
1790040029.4557621,299.85429840005236,16.94915254237287,84.74576271186442,105366.0,99102.0,797.3210013890939,217.45118219702562
1790040029.5702345,299.9687704000389,23.72881355932202,84.74576271186442,105439.0,99116.0,605.2852406337249,128.3938389223053
1790040029.6867876,300.08532340003876,30.50847457627117,84.74576271186442,105511.0,99144.0,621.016829648084,216.00585379063793
1790040029.8001008,300.1986366000492,37.28813559322032,84.74576271186442,105586.0,99173.0,676.5235214668926,222.41869198911536
1790040029.9200127,300.3185487000155,44.06779661016947,84.74576271186442,105647.0,99193.0,510.0497387314764,167.08525923962156
1790040030.0359383,300.43447279999964,50.847457627118644,84.74576271186442,105717.0,99211.0,581.1055353031187,154.3561578148909
1790040030.1519132,300.5504477000213,57.627118644067764,84.74576271186442,105775.0,99238.0,512.9215000316249,219.82350001355354
1790040030.2647657,300.6633006000193,64.40677966101691,84.74576271186442,105826.0,99272.0,451.7311185347717,310.5651439926556
1790040030.384017,300.78255080000963,71.18644067796606,84.74576271186442,105891.0,99300.0,512.418189810316,247.37429852911805
1790040030.5047898,300.9033219999983,77.96610169491527,84.74576271186442,105937.0,99337.0,372.83675124694935,281.9009582598885
1790040030.622902,301.0214355000062,84.74576271186442,84.74576271186442,105979.0,99368.0,349.4933688949569,259.8796845629167
1790040030.74336,301.1418940000003,91.52542372881356,84.74576271186442,106015.0,99409.0,306.0360806470873,358.4994087580166
1790040030.8609772,301.25950909999665,98.30508474576271,84.74576271186442,106058.0,99441.0,355.67336468771225,224.63580927644986
1790040030.9831748,301.38170680002077,105.08474576271186,84.74576271186442,106101.0,99479.0,344.9408970662968,326.78611301017594
1790040031.1008506,301.49938280001516,111.86440677966101,84.74576271186442,106144.0,99534.0,370.5521316696864,479.00641410959463
1790040031.2119536,301.6104857000173,118.64406779661016,84.74576271186442,106173.0,99580.0,255.41310221485415,406.76901463847145
1790040031.333834,301.7323668000172,125.42372881355931,84.74576271186442,106209.0,99629.0,293.65531773193806,397.2983710490927
1790040031.4522693,301.85080070002005,132.20338983050846,84.74576271186442,106226.0,99705.0,137.53455553867312,660.165866585631
1790040031.5655563,301.96408710000105,138.9830508474576,84.74576271186442,106254.0,99774.0,241.93743494706567,604.8435873676642
1790040031.686041,302.08457230002386,145.76271186440675,84.74576271186442,106294.0,99854.0,341.5195869198158,665.5253488693847
1790040031.803899,302.202429500001,152.5423728813559,84.74576271186442,106313.0,99902.0,165.17474113456043,394.5841038214499
1790040031.9222286,302.32075870002154,159.32203389830505,84.74576271186442,106332.0,99973.0,134.55630059592025,609.9885627015051
1790040032.0409715,302.43950219999533,166.1016949152542,84.74576271186442,106358.0,100039.0,213.93463222471416,561.5784095898747
1790040032.1577377,302.55626820004545,172.88135593220335,84.74576271186442,106381.0,100091.0,197.1621201502913,448.09572761429837
1790040032.2752984,302.67382830003044,179.66101694915255,84.74576271186442,106401.0,100154.0,177.91853118223662,507.0678138693744
1790040032.396627,302.7951558000059,186.4406779661017,84.74576271186442,106416.0,100215.0,109.76094980293266,539.6580031977522
1790040032.5142684,302.91279720002785,193.22033898305085,84.74576271186442,106440.0,100280.0,215.7842588253044,548.4516578476487
1790040032.6324694,303.0309993000119,200.0,84.74576271186442,106459.0,100348.0,170.64478578107435,574.8034889467767
1790040032.7493362,303.14786610001465,-200.0,91.52542372881356,106480.0,100417.0,170.56742395845737,583.5201345947225
1790040032.8658195,303.2643481999985,-193.22033898305085,91.52542372881356,106498.0,100479.0,158.27631510381903,558.6222886017142
1790040032.9864457,303.38497250003275,-186.4406779661017,91.52542372881356,106515.0,100555.0,144.34479638555274,658.5731335090843
1790040033.1044955,303.5030233000289,-179.66101694915255,91.52542372881356,106546.0,100625.0,271.300478782929,587.8177040296795
1790040033.223261,303.6217891999986,-172.8813559322034,91.52542372881356,106580.0,100696.0,283.81550921545926,594.2387224198678
1790040033.3397715,303.73830000002636,-166.10169491525426,91.52542372881356,106602.0,100751.0,189.5722617633491,442.3352774478146
1790040033.4561517,303.8546789000393,-159.32203389830508,91.52542372881356,106630.0,100805.0,237.42362499016238,447.4522163276137
1790040033.5759897,303.97451720002573,-152.54237288135593,91.52542372881356,106673.0,100868.0,369.39281480812036,518.9089541352166
1790040033.6931648,304.09169270005077,-145.76271186440678,91.52542372881356,106697.0,100926.0,209.1300734429033,472.8158182187379
1790040033.8097336,304.2082602000446,-138.98305084745763,91.52542372881356,106738.0,100973.0,359.84997031239305,405.984581890905
1790040033.9243724,304.32289860001765,-132.20338983050848,91.52542372881356,106776.0,101003.0,321.13391459534296,266.0823863789985
1790040034.0398614,304.4383882000111,-125.42372881355932,91.52542372881356,106823.0,101066.0,403.70898442328195,532.1618431034171
1790040034.161227,304.5597531000385,-118.64406779661017,91.52542372881356,106878.0,101130.0,465.6794264299707,491.5505056760802
1790040034.2825255,304.68105140002444,-111.86440677966102,91.52542372881356,106921.0,101165.0,381.03593447983394,260.2196625715939
1790040034.409435,304.8079607000109,-105.08474576271186,91.52542372881356,106973.0,101207.0,445.338684465554,338.45740019382106
1790040034.5262892,304.92481480003335,-98.30508474576271,91.52542372881356,107041.0,101232.0,582.212425219642,214.97074161956013
1790040034.6406968,305.039222899999,-91.52542372881356,91.52542372881356,107099.0,101262.0,503.16812947162293,265.3068319032194
1790040034.7551272,305.153652900015,-84.74576271186442,91.52542372881356,107167.0,101294.0,604.5550476978893,265.6378239884665
1790040034.8727932,305.27131820004433,-77.96610169491527,91.52542372881356,107222.0,101312.0,470.847018236941,151.02640207599993
1790040034.9887414,305.38726610003505,-71.18644067796612,91.52542372881356,107294.0,101340.0,613.1936985505922,241.5611539744757
1790040035.1014557,305.4999801000231,-64.40677966101697,91.52542372881356,107355.0,101359.0,566.7527945652641,167.23852954384841
1790040035.2165809,305.61510520003503,-57.62711864406779,91.52542372881356,107435.0,101378.0,690.9574580215659,172.73936450539148
1790040035.3311992,305.72972350002965,-50.847457627118644,91.52542372881356,107500.0,101395.0,556.9936951589157,146.0967069269287
1790040035.4490812,305.8476056000218,-44.067796610169495,91.52542372881356,107574.0,101421.0,634.4729719574216,214.4697369996918
1790040035.5653632,305.96388630004367,-37.288135593220346,91.52542372881356,107653.0,101441.0,685.5425560681618,157.48950612376692
1790040035.683563,306.0820853000041,-30.508474576271198,91.52542372881356,107732.0,101459.0,656.0706759905349,152.78358207998758
1790040035.805364,306.20388710004045,-23.72881355932205,91.52542372881356,107821.0,101479.0,728.5443683978259,164.78979761379395
1790040035.9236326,306.3221554000047,-16.9491525423729,91.52542372881356,107889.0,101492.0,540.6454595736244,115.21952417142815
1790040036.043911,306.44243250001455,-10.169491525423723,91.52542372881356,107967.0,101511.0,669.7115040693195,158.61588254273357
1790040036.1672568,306.56577919999836,-3.3898305084745743,91.52542372881356,108052.0,101530.0,642.382762876279,174.36103563784715
1790040036.2851079,306.6836298000417,3.3898305084745743,91.52542372881356,108125.0,101545.0,624.9726574355192,116.0663506665964
1790040036.401847,306.80036870000185,10.169491525423723,91.52542372881356,108206.0,101573.0,658.0874895448109,207.34263369220068
1790040036.5172493,306.91576970001915,16.94915254237287,91.52542372881356,108276.0,101591.0,604.3651648140147,155.66981517936745
1790040036.6365066,307.0350272000069,23.72881355932202,91.52542372881356,108351.0,101617.0,666.001880997274,218.95952251965176
1790040036.7516496,307.1501699000364,30.50847457627117,91.52542372881356,108423.0,101640.0,610.9487486942309,209.7286749248852
1790040036.8687522,307.2672731000348,37.28813559322032,91.52542372881356,108490.0,101658.0,556.7568733799613,143.67919313031263
1790040036.9882655,307.38678590004565,44.06779661016947,91.52542372881356,108566.0,101683.0,646.6298788281647,200.97955693307824
1790040037.1109858,307.5095048000221,50.847457627118644,91.52542372881356,108640.0,101716.0,622.1591117793246,274.4819610791138
1790040037.22763,307.6261495000217,57.627118644067764,91.52542372881356,108707.0,101764.0,584.0231347925853,410.6412666510366
1790040037.3430564,307.7415758999996,64.40677966101691,91.52542372881356,108765.0,101792.0,509.26868996233935,254.63434498116968
1790040037.458852,307.8573722000001,71.18644067796606,91.52542372881356,108824.0,101817.0,478.91595116377323,225.90375054894963
1790040037.5752172,307.9737357000122,77.96610169491527,91.52542372881356,108869.0,101861.0,397.767439732141,379.6871015624982
1790040037.6982074,308.09672630002024,84.74576271186442,91.52542372881356,108927.0,101926.0,469.62536780994446,515.6670705364096
1790040037.8153567,308.2138753000181,91.52542372881356,91.52542372881356,108966.0,101975.0,331.3241952438307,402.9618590803346
1790040037.9355009,308.3340195000055,98.30508474576271,91.52542372881356,109012.0,102034.0,388.39544998417927,494.32148179804636
1790040038.0539398,308.452458600048,105.08474576271186,91.52542372881356,109044.0,102097.0,265.64587805757003,487.01744310554506
1790040038.1714633,308.5699811000377,111.86440677966101,91.52542372881356,109073.0,102153.0,233.82886342293335,495.7171904566187
1790040038.2901192,308.6886356000323,118.64406779661016,91.52542372881356,109112.0,102213.0,310.2355573733433,514.1046379329689
1790040038.4085302,308.807047600043,125.42372881355931,91.52542372881356,109143.0,102272.0,252.20771825826102,477.3931809888512
1790040038.525065,308.9235818000161,132.20338983050846,91.52542372881356,109176.0,102327.0,279.7856660856871,478.34323556585224
1790040038.6414306,309.03994650003733,138.9830508474576,91.52542372881356,109196.0,102379.0,182.58587249015315,465.5939748498905
1790040038.7542682,309.15278450003825,145.76271186440675,91.52542372881356,109219.0,102444.0,215.69570773359945,581.4406034557898
1790040038.8741274,309.2726381000248,152.5423728813559,91.52542372881356,109250.0,102501.0,254.96836634383155,474.7686821574794
1790040038.994201,309.3927176000434,159.32203389830505,91.52542372881356,109265.0,102573.0,131.689844047887,588.2146367472285
1790040039.1082892,309.506804500008,166.1016949152542,91.52542372881356,109282.0,102648.0,138.6321626400201,665.4343806720965
1790040039.2268174,309.62533210002584,172.88135593220335,91.52542372881356,109300.0,102723.0,150.38192584931147,628.0656903118302
1790040039.3442647,309.7427807000349,179.66101694915255,91.52542372881356,109310.0,102780.0,81.26190711537515,460.4841403204592
1790040039.461803,309.86031850002473,186.4406779661017,91.52542372881356,109322.0,102867.0,106.94481828264307,730.7895915980611
1790040039.5890284,309.98754320002627,193.22033898305085,91.52542372881356,109337.0,102945.0,120.12034213274768,582.1216580279311
1790040039.7068582,310.1053722000215,200.0,91.52542372881356,109353.0,103013.0,125.72200348934324,574.7291588084262
1790040039.8266716,310.2251863999991,-200.0,98.30508474576271,109371.0,103078.0,157.4655740352604,507.3890718913946
1790040039.946937,310.3454516000347,-193.22033898305085,98.30508474576271,109395.0,103146.0,200.3873574989219,540.174615866659
1790040040.0659828,310.46449640003266,-186.4406779661017,98.30508474576271,109416.0,103212.0,165.36077589920228,542.0158765584964
1790040040.1827776,310.5812913000118,-179.66101694915255,98.30508474576271,109442.0,103271.0,223.89256022862205,501.5193349121134
1790040040.3005917,310.6991051000077,-172.8813559322034,98.30508474576271,109474.0,103344.0,284.9099238352279,560.916412550605
1790040040.4127295,310.81124320003437,-166.10169491525426,98.30508474576271,109506.0,103400.0,280.315672790073,513.9120667818005
1790040040.5264814,310.92499460000545,-159.32203389830508,98.30508474576271,109527.0,103466.0,193.22640243622396,588.8804645675398
1790040040.6432865,311.04180000000633,-152.54237288135593,98.30508474576271,109559.0,103520.0,279.6655199613885,478.13782445011583
1790040040.7574172,311.15592930000275,-145.76271186440678,98.30508474576271,109600.0,103576.0,377.26168378312263,490.4401889180594
1790040040.8758657,311.27437759999884,-138.98305084745763,98.30508474576271,109654.0,103630.0,451.30067507308075,433.6026093839404
1790040040.9910157,311.3895273000235,-132.20338983050848,98.30508474576271,109696.0,103683.0,373.6280559907149,455.64397072038406
1790040041.1058042,311.50431650003884,-125.42372881355932,98.30508474576271,109748.0,103720.0,442.9760608448669,323.0033776993821
1790040041.2203062,311.6188165000058,-118.64406779661017,98.30508474576271,109803.0,103761.0,502.5013400576511,344.30647374320534
1790040041.336357,311.73486750002485,-111.86440677966102,98.30508474576271,109870.0,103795.0,604.6957372560611,293.1858120029387
1790040041.4519074,311.85041830001865,-105.08474576271186,98.30508474576271,109914.0,103833.0,354.1140791584433,335.9543827913437
1790040041.5680094,311.9665192000102,-98.30508474576271,98.30508474576271,109981.0,103854.0,577.7781038707334,155.90837723495983
1790040041.6931782,312.0916872000089,-91.52542372881356,98.30508474576271,110040.0,103885.0,444.88186110114106,245.13898468838383
1790040041.8116643,312.21017440001015,-84.74576271186442,98.30508474576271,110110.0,103920.0,596.2813723745885,298.14068618729425
1790040041.9345143,312.33302489999915,-77.96610169491527,98.30508474576271,110179.0,103943.0,570.1634350573661,175.4349030945742
1790040042.0565445,312.455053600017,-71.18644067796612,98.30508474576271,110258.0,103967.0,658.8761152038722,202.05534199585418
1790040042.1705468,312.56905650004046,-64.40677966101697,98.30508474576271,110335.0,103992.0,629.4105015132671,203.63280931311584
1790040042.2859662,312.68447510001715,-57.62711864406779,98.30508474576271,110419.0,104012.0,724.9660170093018,172.1794290397092
1790040042.4228237,312.8213332000305,-50.847457627118644,98.30508474576271,110516.0,104027.0,709.9854489877381,106.87952995514337
1790040042.5401149,312.9386235999991,-44.067796610169495,98.30508474576271,110628.0,104048.0,831.4771373136693,166.29542746273387
1790040042.6566913,313.0551991999964,-37.288135593220346,98.30508474576271,110702.0,104061.0,619.166153633879,116.65449271362938
1790040042.7756398,313.1741471000132,-30.508474576271198,98.30508474576271,110790.0,104082.0,726.518179411928,168.33957815642233
1790040042.8898888,313.28839620004874,-23.72881355932205,98.30508474576271,110870.0,104090.0,687.2245880779768,55.720912546862984
1790040043.0070648,313.4055714000133,-16.9491525423729,98.30508474576271,110968.0,104105.0,784.7832354062579,136.88079687318452
1790040043.1230714,313.52157820004504,-10.169491525423723,98.30508474576271,111068.0,104120.0,856.0505472976874,136.60381073899268
1790040043.236627,313.6351346000447,-3.3898305084745743,98.30508474576271,111147.0,104137.0,694.3955709831633,150.13958291527857
1790040043.356159,313.7546656000195,3.3898305084745743,98.30508474576271,111224.0,104157.0,659.9016480318727,175.9737728084994
1790040043.4732711,313.87177670001984,10.169491525423723,98.30508474576271,111296.0,104174.0,589.4038086597938,147.35095216494844
1790040043.5887027,313.98720920004416,16.94915254237287,98.30508474576271,111353.0,104194.0,497.29984606428445,184.1851281719572
1790040043.7068124,314.10531910002464,23.72881355932202,98.30508474576271,111418.0,104236.0,560.8360195998825,338.2820435681831
1790040043.8231108,314.22161629999755,30.50847457627117,98.30508474576271,111474.0,104264.0,492.9557535653148,255.60668703386693
1790040043.9435482,314.3420533000026,37.28813559322032,98.30508474576271,111533.0,104296.0,524.5488880993689,289.406283089307
1790040044.0601122,314.45861610001884,44.06779661016947,98.30508474576271,111593.0,104328.0,507.22156711643834,262.6683115424413
1790040044.179844,314.5783491000184,50.847457627118644,98.30508474576271,111642.0,104359.0,415.84603429773887,256.58585094966867
1790040044.2937582,314.6922639000113,57.627118644067764,98.30508474576271,111698.0,104384.0,499.18051217500755,231.1020889699109
1790040044.413867,314.8123717000126,64.40677966101691,98.30508474576271,111738.0,104423.0,338.0707724392769,329.1741731645591
1790040044.529173,314.9276775000035,71.18644067796606,98.30508474576271,111788.0,104464.0,421.63500892547415,320.80924592155645
1790040044.6453824,315.0438873000094,77.96610169491527,98.30508474576271,111833.0,104512.0,380.45614875022375,407.6315879466683
1790040044.7590985,315.1576034000027,84.74576271186442,98.30508474576271,111871.0,104570.0,334.2792196908019,501.4188295362028
1790040044.8749635,315.2734660000424,91.52542372881356,98.30508474576271,111912.0,104609.0,328.1426035506098,328.1426035506098
1790040044.995366,315.3938694000244,98.30508474576271,98.30508474576271,111962.0,104669.0,418.3418496460446,505.4964016556372
1790040045.1116312,315.5101351000485,105.08474576271186,98.30508474576271,111996.0,104723.0,281.649192244136,454.27289071634834
1790040045.2269838,315.62548580003204,111.86440677966101,98.30508474576271,112019.0,104773.0,204.38005023611854,427.3401050391569
1790040045.3472657,315.7457672000164,118.64406779661016,98.30508474576271,112059.0,104852.0,345.27374751104134,672.3751925215015
1790040045.4671905,315.8656923000235,125.42372881355931,98.30508474576271,112081.0,104913.0,185.2054369344235,485.0618586377758
1790040045.586993,315.9854950000299,132.20338983050846,98.30508474576271,112102.0,104971.0,176.2822773165539,493.5903764863509
1790040045.7015965,316.1000989000313,138.9830508474576,98.30508474576271,112124.0,105040.0,194.73347939772515,621.2925295070279
1790040045.816653,316.2151548000402,145.76271186440675,98.30508474576271,112133.0,105111.0,81.88488077392726,600.4891256754665
1790040045.933467,316.3319689000491,152.5423728813559,98.30508474576271,112152.0,105181.0,161.71693063773108,574.9935311563772
1790040046.0474184,316.44592040003045,159.32203389830505,98.30508474576271,112170.0,105279.0,156.22831759762894,873.0405983396912
1790040046.1650915,316.5635927999974,166.1016949152542,98.30508474576271,112186.0,105353.0,148.63161374460637,594.5264549784255
1790040046.2795165,316.678017200029,172.88135593220335,98.30508474576271,112202.0,105426.0,146.35462638645595,640.3014904407448
1790040046.3929062,316.79140720004216,179.66101694915255,98.30508474576271,112224.0,105504.0,203.22049056774074,674.322536883867
1790040046.5092585,316.90775930002565,186.4406779661017,98.30508474576271,112249.0,105570.0,225.40981762664444,595.0819185343413
1790040046.6215777,317.02007730002515,193.22033898305085,98.30508474576271,112267.0,105649.0,159.80071905662226,695.6031300111792
1790040046.7432957,317.14179360005073,200.0,98.30508474576271,112290.0,105725.0,191.4601797059356,617.8942163237012
1790040046.8639147,317.26241360005224,-200.0,105.08474576271186,112319.0,105784.0,238.59346506770746,486.0237251379226
1790040046.9843738,317.38287390000187,-193.22033898305085,105.08474576271186,112342.0,105849.0,175.31756582729662,561.0162106473492
1790040047.1044517,317.502951500006,-186.4406779661017,105.08474576271186,112363.0,105923.0,167.23261708773995,642.5253182844746
1790040047.2216759,317.62017460004427,-179.66101694915255,105.08474576271186,112394.0,105998.0,250.70667944050481,599.905268661208
1790040047.3408995,317.73939800000517,-172.8813559322034,105.08474576271186,112431.0,106052.0,315.66736029135865,455.96396486529585
1790040047.4588768,317.85737600002903,-166.10169491525426,105.08474576271186,112468.0,106101.0,302.11909893073636,417.6352249924885
1790040047.5742872,317.9727857999969,-159.32203389830508,105.08474576271186,112505.0,106138.0,326.89471803871146,308.7339003698942
1790040047.6937926,318.0922910000081,-152.54237288135593,105.08474576271186,112549.0,106187.0,389.23396930306956,434.49373317551954
1790040047.8122296,318.21072740003,-145.76271186440678,105.08474576271186,112588.0,106235.0,329.4042724356649,411.75534054458114
1790040047.9299397,318.32843590003904,-138.98305084745763,105.08474576271186,112629.0,106259.0,356.40268517113816,196.021476844126
1790040048.0448384,318.4433356000227,-132.20338983050848,105.08474576271186,112666.0,106321.0,311.7344169907314,559.2882187186652
1790040048.1602,318.5586978000356,-125.42372881355932,105.08474576271186,112725.0,106371.0,527.2501992050913,436.3449924455928
1790040048.2780147,318.6765121000353,-118.64406779661017,105.08474576271186,112793.0,106407.0,585.5195688850226,292.7597844425113
1790040048.3952148,318.79371140000876,-111.86440677966102,105.08474576271186,112866.0,106446.0,644.425807280096,335.82753337131766
1790040048.5111146,318.90960970002925,-105.08474576271186,105.08474576271186,112946.0,106486.0,665.6350844160066,328.25839779419505
1790040048.6256883,319.02418460004264,-98.30508474576271,105.08474576271186,113027.0,106517.0,716.4975395623245,257.2042449710909
1790040048.7437785,319.14227400004165,-91.52542372881356,105.08474576271186,113098.0,106557.0,568.4088990849712,355.255561928107
1790040048.8648436,319.2633379000472,-84.74576271186442,105.08474576271186,113183.0,106576.0,707.326617821433,146.97695954731077
1790040048.982478,319.3809716000105,-77.96610169491527,105.08474576271186,113255.0,106599.0,587.2117918233654,189.71457889677959
1790040049.1009948,319.4994900000165,-71.18644067796612,105.08474576271186,113320.0,106625.0,557.9588786696393,197.9854085601946
1790040049.2195685,319.6180635000346,-64.40677966101697,105.08474576271186,113395.0,106654.0,643.5148251814943,255.64287575703196
1790040049.343508,319.74200190004194,-57.62711864406779,105.08474576271186,113469.0,106674.0,615.981253913226,151.88578863613793
1790040049.4646316,319.8631250000326,-50.847457627118644,105.08474576271186,113535.0,106696.0,545.177325620105,160.8719977239654
1790040049.5880766,319.98656960000517,-44.067796610169495,105.08474576271186,113600.0,106715.0,538.8230564407311,153.94944469735174
1790040049.7134392,320.11193270003423,-37.288135593220346,105.08474576271186,113694.0,106736.0,770.453373089921,181.79236893132966
1790040049.8353224,320.23381500004325,-30.508474576271198,105.08474576271186,113789.0,106767.0,750.2032526767265,252.97551543750077
1790040049.9545045,320.35299780004425,-23.72881355932205,105.08474576271186,113870.0,106789.0,668.2505377881938,193.440945149214
1790040050.0723708,320.4708627000218,-16.9491525423729,105.08474576271186,113948.0,106804.0,680.4469103649035,125.3454834882717
1790040050.1946282,320.5931210000417,-10.169491525423723,105.08474576271186,114017.0,106819.0,566.6117489645582,113.32234979291162
1790040050.311659,320.71015140000964,-3.3898305084745743,105.08474576271186,114106.0,106844.0,733.8453124016845,210.9805273154843
1790040050.4311318,320.82962309999857,3.3898305084745743,105.08474576271186,114195.0,106868.0,747.879980281999,211.16611207962325
1790040050.552085,320.95057700003963,10.169491525423723,105.08474576271186,114262.0,106887.0,583.9894497580243,148.17642755054348
1790040050.675213,321.07370480004465,16.94915254237287,105.08474576271186,114338.0,106899.0,598.1617635180976,93.9968485528439
1790040050.7883317,321.18682280002395,23.72881355932202,105.08474576271186,114414.0,106925.0,683.3843059651979,205.9514346744432
1790040050.9054775,321.303968799999,30.50847457627117,105.08474576271186,114473.0,106942.0,519.2159123428723,143.2319758187234
1790040051.0217474,321.4202384999953,37.28813559322032,105.08474576271186,114530.0,106970.0,505.528769510701,234.70978584425404
1790040051.143598,321.5420889000525,44.06779661016947,105.08474576271186,114584.0,107007.0,449.1617950507722,267.7695316648834
1790040051.266643,321.66513350000605,50.847457627118644,105.08474576271186,114651.0,107044.0,562.2897172993601,322.6252476307804
1790040051.3800483,321.7785390000208,57.627118644067764,105.08474576271186,114693.0,107082.0,360.1014932713555,350.868121649013
1790040051.4951856,321.8936761000077,64.40677966101691,105.08474576271186,114745.0,107125.0,427.3271141500088,372.7747165989438
1790040051.6085942,322.0070845000446,71.18644067796606,105.08474576271186,114789.0,107160.0,406.4045665115764,304.8034248836823
1790040051.7274404,322.12593050004216,77.96610169491527,105.08474576271186,114836.0,107222.0,413.3314337435757,518.8628636355525
1790040051.8401444,322.23863420001,84.74576271186442,105.08474576271186,114877.0,107260.0,354.487201786769,335.82998064009695
1790040051.9590416,322.35753070004284,91.52542372881356,105.08474576271186,114908.0,107319.0,261.2412563429406,522.4825126858811
1790040052.077021,322.47550860000774,98.30508474576271,105.08474576271186,114946.0,107369.0,319.46982204507475,434.83392445024066
1790040052.1958492,322.5943371000467,105.08474576271186,105.08474576271186,114972.0,107438.0,231.13699843679194,613.4020343130247
1790040052.318289,322.7167769000516,111.86440677966101,105.08474576271186,114992.0,107503.0,184.12967883875626,552.3890365162688
1790040052.4343889,322.83287640003255,118.64406779661016,105.08474576271186,115016.0,107557.0,207.7484761288238,478.7247493403331
1790040052.5499868,322.9484736000304,125.42372881355931,105.08474576271186,115041.0,107628.0,208.75216125337903,599.0279409879572
1790040052.674052,323.07254030002514,132.20338983050846,105.08474576271186,115060.0,107699.0,152.85689541037405,577.4593826614131
1790040052.7913175,323.18980410002405,138.9830508474576,105.08474576271186,115083.0,107758.0,191.15080973968276,500.63307312774054
1790040052.9073358,323.3058226000285,145.76271186440675,105.08474576271186,115108.0,107829.0,227.91295556412274,619.9232391344138
1790040053.021757,323.42024360003415,152.5423728813559,105.08474576271186,115129.0,107883.0,192.83091398488708,477.48607272448226
1790040053.1412888,323.5397756000166,159.32203389830505,105.08474576271186,115160.0,107962.0,263.18305878506567,649.1848783364953
1790040053.257195,323.6556798000238,166.1016949152542,105.08474576271186,115184.0,108039.0,221.48292040270974,682.9056712416884
1790040053.3739808,323.77246590005234,172.88135593220335,105.08474576271186,115201.0,108097.0,136.02172720887302,507.8144482464593
1790040053.491151,323.8896367000416,179.66101694915255,105.08474576271186,115217.0,108176.0,134.94293261555757,674.7146630777878
1790040053.6141422,324.0126283999998,186.4406779661017,105.08474576271186,115241.0,108238.0,162.01001557592588,503.0837325778751
1790040053.7351575,324.1336427000351,193.22033898305085,105.08474576271186,115262.0,108324.0,165.4468589064156,635.664247377281
1790040053.8528152,324.2512986000511,200.0,105.08474576271186,115287.0,108408.0,199.67018110855687,662.5419645874841
1790040053.9710226,324.3695075000287,-200.0,111.86440677966101,115314.0,108472.0,242.7350304436113,539.4111787635807
1790040054.0856237,324.48410840000724,-193.22033898305085,111.86440677966101,115338.0,108539.0,201.0592165139097,603.177649541729
1790040054.20416,324.6026448000339,-186.4406779661017,111.86440677966101,115372.0,108595.0,274.81782233558056,487.5800073695784
1790040054.3189056,324.71738919999916,-179.66101694915255,111.86440677966101,115411.0,108659.0,339.08712244589077,568.2000430174386
1790040054.4332354,324.83171880000737,-172.8813559322034,111.86440677966101,115437.0,108715.0,222.2747037743971,472.3337455205938
1790040054.5459216,324.94440500001656,-166.10169491525426,111.86440677966101,115481.0,108772.0,395.4630968622084,499.0367650880249
1790040054.6616476,325.0601316000102,-159.32203389830508,111.86440677966101,115518.0,108827.0,298.3957162600804,434.0301327419351
1790040054.7795076,325.177990199998,-152.54237288135593,111.86440677966101,115559.0,108873.0,349.8534758724902,395.8868279609758
1790040054.8957143,325.2941961000324,-145.76271186440678,111.86440677966101,115610.0,108922.0,443.6999138210373,425.58971325691334
1790040055.0107975,325.4092802000232,-138.98305084745763,111.86440677966101,115646.0,108967.0,320.23247054053195,384.27896464863835
1790040055.130377,325.52885920001427,-132.20338983050848,111.86440677966101,115691.0,108999.0,387.0020097599699,255.06950643270744
1790040055.255139,325.6536200999981,-125.42372881355932,111.86440677966101,115767.0,109034.0,626.0151308461177,265.8420418661596
1790040055.3801844,325.7786651000497,-118.64406779661017,111.86440677966101,115859.0,109075.0,747.3744128806567,312.8544053919028
1790040055.4986148,325.8970966000343,-111.86440677966102,111.86440677966101,115917.0,109107.0,510.66794473623736,264.4530428098372
1790040055.6129477,326.01142890000483,-105.08474576271186,111.86440677966101,115982.0,109129.0,578.8339711387036,202.13249785796
1790040055.7318573,326.13033890002407,-98.30508474576271,111.86440677966101,116072.0,109161.0,787.8176829237327,283.260290489432
1790040055.8464205,326.2449003000511,-91.52542372881356,111.86440677966101,116144.0,109192.0,633.2408616943868,260.7462371682769
1790040055.9591317,326.3576121000224,-84.74576271186442,111.86440677966101,116219.0,109214.0,686.652971451902,197.5303068560266
1790040056.0783193,326.47680040000705,-77.96610169491527,111.86440677966101,116299.0,109235.0,667.8811558532351,166.97028896330878
1790040056.1950638,326.59354339999845,-71.18644067796612,111.86440677966101,116377.0,109260.0,700.2349472090168,221.12682543442637
1790040056.3091717,326.7076514000073,-64.40677966101697,111.86440677966101,116464.0,109290.0,754.8204953169527,239.33332778342404
1790040056.4279377,326.8264169000322,-57.62711864406779,111.86440677966101,116534.0,109311.0,561.0462891781324,178.10993307242296
1790040056.5430236,326.941503500042,-50.847457627118644,111.86440677966101,116605.0,109335.0,601.9887518605991,200.6629172868664
1790040056.6574078,327.0558849000372,-44.067796610169495,111.86440677966101,116697.0,109348.0,806.4072721438122,109.96462801961076
1790040056.7736015,327.1720807000529,-37.288135593220346,111.86440677966101,116790.0,109373.0,745.5693848618158,220.90944736646395
1790040056.8888795,327.2873583000037,-30.508474576271198,111.86440677966101,116884.0,109387.0,817.9238002716395,118.14454892812572
1790040057.0052617,327.4037406000425,-23.72881355932205,111.86440677966101,116964.0,109412.0,695.213141573142,207.66106826210736
1790040057.1202388,327.51871740003116,-16.9491525423729,111.86440677966101,117050.0,109431.0,757.6189812349049,168.35977360775664
1790040057.2333634,327.63184159999946,-10.169491525423723,111.86440677966101,117131.0,109444.0,741.7751047438248,111.26626571157372
1790040057.3478422,327.74632030003704,-3.3898305084745743,111.86440677966101,117224.0,109459.0,823.0798917364144,128.03464982566447
1790040057.4629743,327.8614521000418,3.3898305084745743,111.86440677966101,117300.0,109487.0,681.5065473379972,236.25560307717237
1790040057.5853827,327.9838606000412,10.169491525423723,111.86440677966101,117371.0,109513.0,593.5180738558433,212.60348914239165
1790040057.7064412,328.1049174000509,16.94915254237287,111.86440677966101,117450.0,109546.0,609.5649449804879,252.53404863477354
1790040057.822834,328.22131019999506,23.72881355932202,111.86440677966101,117511.0,109575.0,488.4879668922774,244.2439834461387
1790040057.939649,328.3381250000093,30.50847457627117,111.86440677966101,117570.0,109609.0,511.7353484249309,269.3343939078584
1790040058.0582309,328.4567058000248,37.28813559322032,111.86440677966101,117650.0,109644.0,699.1302265976559,275.97245786749573
1790040058.1759174,328.5743929000455,44.06779661016947,111.86440677966101,117712.0,109683.0,525.1492148260616,344.0632786791438
1790040058.2929375,328.69141230004607,50.847457627118644,111.86440677966101,117778.0,109735.0,571.7956438146899,455.649653664831
1790040058.403891,328.8023668000242,57.627118644067764,111.86440677966101,117822.0,109772.0,379.73866393928233,341.7647975453541
1790040058.525282,328.92375690001063,64.40677966101691,111.86440677966101,117879.0,109820.0,433.61110450088916,364.2333277807469
1790040058.6462784,329.04475260002073,71.18644067796606,111.86440677966101,117917.0,109863.0,310.3141108890164,328.56788211778206
1790040058.7636404,329.1621150000137,77.96610169491527,111.86440677966101,117961.0,109918.0,378.82341066114844,478.03906583430637
1790040058.8794737,329.2779482000042,84.74576271186442,111.86440677966101,117997.0,109978.0,327.8121272132285,537.2476529327912
1790040059.0005534,329.39902780001285,91.52542372881356,111.86440677966101,118025.0,110026.0,242.17074939827242,406.50090077567154
1790040059.1201649,329.5186369000003,98.30508474576271,111.86440677966101,118062.0,110085.0,319.2277243548322,446.9188140967651
1790040059.2356968,329.63416270003654,105.08474576271186,111.86440677966101,118109.0,110149.0,413.3127103885842,569.4530676464938
1790040059.3534958,329.75196830002824,111.86440677966101,111.86440677966101,118130.0,110217.0,187.6395568721494,589.7243215981838
1790040059.4716766,329.87015030003386,118.64406779661016,111.86440677966101,118144.0,110272.0,108.02431628269174,477.10739691522184
1790040059.590254,329.98872640001355,125.42372881355931,111.86440677966101,118164.0,110340.0,157.0196560886037,563.4234718473427
1790040059.7073486,330.10582070000237,132.20338983050846,111.86440677966101,118178.0,110406.0,118.47542181181207,555.9231331169643
1790040059.8204439,330.2189164000447,138.9830508474576,111.86440677966101,118201.0,110481.0,206.38053570223954,666.046274311773
1790040059.9385228,330.33699580002576,145.76271186440675,111.86440677966101,118220.0,110551.0,159.55339232722017,558.4368731452705
1790040060.063047,330.4615189000033,152.5423728813559,111.86440677966101,118245.0,110640.0,222.16153921074502,731.281733235369
1790040060.1791353,330.5776073000161,159.32203389830505,111.86440677966101,118262.0,110707.0,153.60899827599067,569.2568759639655
1790040060.2919455,330.6904167000321,166.1016949152542,111.86440677966101,118278.0,110805.0,140.72126212597442,863.0904077059764
1790040060.4049757,330.8034475000459,172.88135593220335,111.86440677966101,118297.0,110880.0,159.55399963878656,666.3725867266969
1790040060.5197916,330.9182632000302,179.66101694915255,111.86440677966101,118311.0,110946.0,129.50599939225836,527.2744260970519
1790040060.6429996,331.0414698999957,186.4406779661017,111.86440677966101,118342.0,111017.0,273.1328068146995,607.940763555299
1790040060.7543173,331.1527882000082,193.22033898305085,111.86440677966101,118368.0,111089.0,245.71185569231733,661.5319191716236
1790040060.8718677,331.2703380000312,200.0,111.86440677966101,118394.0,111160.0,215.59429471682037,601.8674060844569
1790040060.9878337,331.3863043000456,-200.0,118.64406779661016,118420.0,111211.0,225.57578218281154,442.1285330783106
1790040061.1112049,331.5096740000299,-193.22033898305085,118.64406779661016,118455.0,111294.0,280.84365423507757,688.5199265118031
1790040061.2283087,331.62677810003515,-186.4406779661017,118.64406779661016,118486.0,111349.0,253.27058250567285,479.40503117145215
1790040061.343807,331.74227670003893,-179.66101694915255,118.64406779661016,118528.0,111407.0,353.5205661965439,498.55464463615164
1790040061.4654481,331.86391780001577,-172.8813559322034,118.64406779661016,118566.0,111461.0,327.2951796520449,424.59915198103124
1790040061.5842786,331.98274570005015,-166.10169491525426,118.64406779661016,118608.0,111511.0,338.55098352864064,420.901222765337
1790040061.696251,332.09471860004123,-159.32203389830508,118.64406779661016,118657.0,111554.0,406.1055611591276,358.88398428015927
1790040061.817153,332.2156217000447,-152.54237288135593,118.64406779661016,118720.0,111611.0,538.970149661162,478.11868115103084
1790040061.9347603,332.3332268000231,-145.76271186440678,118.64406779661016,118771.0,111666.0,444.06542810940675,489.37822689608095
1790040062.063037,332.46150350000244,-138.98305084745763,118.64406779661016,118844.0,111721.0,592.545424931389,433.3541167408665
1790040062.1799743,332.57844230002956,-132.20338983050848,118.64406779661016,118906.0,111764.0,517.5198631841378,372.25112965876576
1790040062.292437,332.6909044000204,-125.42372881355932,118.64406779661016,118961.0,111804.0,512.2559567502402,344.6085527228888
1790040062.4099972,332.80846430000383,-118.64406779661017,118.64406779661016,119028.0,111840.0,586.7782849358157,302.2797225426929
1790040062.531445,332.92991140001686,-111.86440677966102,118.64406779661016,119121.0,111878.0,808.4675357415016,325.24556035577655
1790040062.6482084,333.04667510004947,-105.08474576271186,118.64406779661016,119197.0,111898.0,663.1501288833372,165.7875322208343
1790040062.7626963,333.1611625000369,-98.30508474576271,118.64406779661016,119279.0,111919.0,731.4004858252966,191.99262752914038
1790040062.8774436,333.27590930002043,-91.52542372881356,118.64406779661016,119371.0,111944.0,789.1754490459883,220.23500903608976
1790040062.992168,333.3906343000126,-84.74576271186442,118.64406779661016,119457.0,111963.0,695.0776614095632,164.6236566496334
1790040063.1083097,333.5067756000208,-77.96610169491527,118.64406779661016,119549.0,111980.0,802.5754557968675,153.3009297589522
1790040063.2259493,333.6244134000153,-71.18644067796612,118.64406779661016,119624.0,111996.0,645.5695741480723,145.4804674136501
1790040063.3392963,333.73776129999897,-64.40677966101697,118.64406779661016,119706.0,112015.0,717.0888799697775,176.94400934319185
1790040063.453394,333.85185910004657,-57.62711864406779,118.64406779661016,119780.0,112026.0,634.5924629554538,91.96992216745707
1790040063.5721505,333.9706139000482,-50.847457627118644,118.64406779661016,119863.0,112048.0,701.6351793323433,184.64083666640613
1790040063.6943753,334.092838200042,-44.067796610169495,118.64406779661016,119957.0,112069.0,803.5605035401117,182.62738716820718
1790040063.8113327,334.2097973000491,-37.288135593220346,118.64406779661016,120049.0,112091.0,797.7286490870014,199.43216227175034
1790040063.931615,334.3300786000327,-30.508474576271198,118.64406779661016,120124.0,112108.0,630.9333281373276,142.1821584534823
1790040064.050446,334.44890870002564,-23.72881355932205,118.64406779661016,120188.0,112130.0,574.3683996952349,173.22221578110256
1790040064.1666315,334.5650950000272,-16.9491525423729,118.64406779661016,120276.0,112150.0,750.8194920310798,164.81403483609068
1790040064.2855735,334.6840360000497,-10.169491525423723,118.64406779661016,120370.0,112172.0,801.7267964764804,193.82406068662166
1790040064.4011843,334.79964790004306,-3.3898305084745743,118.64406779661016,120450.0,112192.0,694.5415429946192,146.21927220939352
1790040064.5197568,334.91821930004517,3.3898305084745743,118.64406779661016,120526.0,112221.0,648.5030232749831,231.60822259820824
1790040064.635549,335.03401130001293,10.169491525423723,118.64406779661016,120581.0,112253.0,482.59955425130346,291.3808629441832
1790040064.7515383,335.14999980002176,16.94915254237287,118.64406779661016,120649.0,112281.0,580.8755791398373,217.828342177439
1790040064.8671227,335.2655847000424,23.72881355932202,118.64406779661016,120724.0,112330.0,647.3967358021617,437.6766664577995
1790040064.9891315,335.38759130000835,30.50847457627117,118.64406779661016,120800.0,112363.0,607.2355689531149,267.8980451263742
1790040065.1086454,335.5071052000276,37.28813559322032,118.64406779661016,120849.0,112402.0,396.7854840011272,332.19249823350185
1790040065.2241166,335.62257659999887,44.06779661016947,118.64406779661016,120911.0,112439.0,529.8385910468972,338.0004804954345
1790040065.3414824,335.73994400002994,50.847457627118644,118.64406779661016,120965.0,112489.0,468.73070442961847,423.66044438830903
1790040065.4553602,335.8538201000192,57.627118644067764,118.64406779661016,121023.0,112538.0,499.31806086775384,434.59164557008205
1790040065.5720873,335.97054720000597,64.40677966101691,118.64406779661016,121071.0,112572.0,369.1129855502516,297.09093958922693
1790040065.6880271,336.08648620004533,71.18644067796606,118.64406779661016,121108.0,112625.0,318.5006084446137,473.2009039748546
1790040065.8061264,336.2045858000056,77.96610169491527,118.64406779661016,121158.0,112704.0,402.47819235143925,661.8530274223667
1790040065.926116,336.32457540003816,84.74576271186442,118.64406779661016,121191.0,112766.0,272.0957074801956,517.8595723010175
1790040066.0410798,336.43953730002977,91.52542372881356,118.64406779661016,121228.0,112829.0,319.93586227187984,536.3630632205045
1790040066.1603887,336.5588476000121,98.30508474576271,118.64406779661016,121257.0,112890.0,248.6199372729768,514.9984414940234
1790040066.2790556,336.677515300049,105.08474576271186,118.64406779661016,121276.0,112958.0,159.9765367780439,568.8054640997117
1790040066.3923194,336.79077720001806,111.86440677966101,118.64406779661016,121308.0,113037.0,279.63215315711795,680.438239348987
1790040066.5194812,336.917938700004,118.64406779661016,118.64406779661016,121332.0,113094.0,204.50115946244966,480.13315699879485
1790040066.636086,337.03454370005056,125.42372881355931,118.64406779661016,121361.0,113164.0,253.02683347909243,614.4937384492245
1790040066.7508183,337.1492765000439,132.20338983050846,118.64406779661016,121374.0,113244.0,109.80664879463563,704.592663098912
1790040066.8690102,337.2674677000032,138.9830508474576,118.64406779661016,121398.0,113330.0,203.99909176810525,718.4315840528924
1790040066.982723,337.3811800000258,145.76271186440675,118.64406779661016,121416.0,113417.0,157.8704941318686,780.0659710045273
1790040067.1004114,337.4988675000495,152.5423728813559,118.64406779661016,121436.0,113488.0,180.1996612240502,594.6588820393657
1790040067.2192981,337.6177538000047,159.32203389830505,118.64406779661016,121460.0,113559.0,204.48588693685014,613.4576608105505
1790040067.342645,337.7411018999992,166.1016949152542,118.64406779661016,121469.0,113593.0,51.75251257575298,267.3879816413904
1790040067.4642355,337.8626927000005,172.88135593220335,118.64406779661016,121478.0,113625.0,78.37652603082856,269.9635896617428
1790040067.5761988,337.97465400001965,179.66101694915255,118.64406779661016,121485.0,113668.0,66.46720176296105,379.8125815026346
1790040067.6920266,338.0904828000348,186.4406779661017,118.64406779661016,121498.0,113712.0,110.17310947396439,385.6058831588753
1790040067.8050432,338.2034996000002,193.22033898305085,118.64406779661016,121513.0,113744.0,138.9789678517147,287.2232002268771
1790040067.9216833,338.3201394000207,200.0,118.64406779661016,121527.0,113801.0,125.53408025729918,511.10304104757523
1790040068.0359883,338.43444380001165,-200.0,125.42372881355931,121558.0,113871.0,243.183610278091,598.6058099153009
1790040068.1490679,338.5475228000432,-193.22033898305085,125.42372881355931,121588.0,113927.0,259.5377817538193,472.72953105159934
1790040068.2621484,338.6606034000288,-186.4406779661017,125.42372881355931,121619.0,113986.0,268.5963617185063,490.883005899339
1790040068.3814132,338.77986850001616,-179.66101694915255,125.42372881355931,121649.0,114041.0,262.7616778513364,455.45357494231644
1790040068.4955976,338.89405040000565,-172.8813559322034,125.42372881355931,121689.0,114108.0,362.29359715437965,585.2435030955364
1790040068.6181722,339.0166259999969,-166.10169491525426,125.42372881355931,121746.0,114173.0,427.87883871945013,567.5943778931481
1790040068.7334533,339.13190710003255,-159.32203389830508,125.42372881355931,121788.0,114212.0,354.67216931019016,354.67216931019016
1790040068.8487065,339.2471605000319,-152.54237288135593,125.42372881355931,121836.0,114260.0,399.6987725541216,399.6987725541216
1790040068.9709473,339.36940130003495,-145.76271186440678,125.42372881355931,121879.0,114295.0,367.83703073529716,262.740736239498
1790040069.0932906,339.49174290004885,-138.98305084745763,125.42372881355931,121934.0,114338.0,432.22246030889625,331.064012151495
1790040069.2086008,339.60705230000895,-132.20338983050848,125.42372881355931,121995.0,114393.0,518.9659285160375,500.75659769091334
1790040069.3288972,339.7273501000018,-125.42372881355932,125.42372881355931,122067.0,114437.0,582.5217009848059,370.69562789942194
1790040069.4492736,339.8477264000103,-118.64406779661017,125.42372881355931,122144.0,114470.0,642.7326911784984,277.9384610501615
1790040069.5641608,339.9626130000106,-111.86440677966102,125.42372881355931,122230.0,114502.0,712.9798902082099,292.50457034182966
1790040069.6789827,340.0774340000353,-105.08474576271186,125.42372881355931,122312.0,114525.0,709.3100164212638,202.66000469178962
1790040069.79921,340.1976612000144,-98.30508474576271,125.42372881355931,122395.0,114544.0,687.0757528027926,158.5559429544906
1790040069.9208648,340.3193167000427,-91.52542372881356,125.42372881355931,122490.0,114575.0,800.2491956283352,258.144901815592
1790040070.0401707,340.438620800036,-84.74576271186442,125.42372881355931,122571.0,114605.0,699.2283059778433,254.26483853739757
1790040070.157422,340.55587260000175,-77.96610169491527,125.42372881355931,122643.0,114627.0,596.856195778484,162.7789624850411
1790040070.2772856,340.67573560000164,-71.18644067796612,125.42372881355931,122714.0,114651.0,576.7012687116104,200.97165424798544
1790040070.3919284,340.7903791000135,-64.40677966101697,125.42372881355931,122801.0,114683.0,765.1850043503948,267.35379670074036
1790040070.5120971,340.9105477000121,-57.62711864406779,125.42372881355931,122880.0,114710.0,650.0300527714714,213.7085105002098
1790040070.6267455,341.02519390004454,-50.847457627118644,125.42372881355931,122972.0,114737.0,789.0552532281667,247.72664926930815
1790040070.7437592,341.1422082000063,-44.067796610169495,125.42372881355931,123041.0,114759.0,615.1686103999239,180.93194423527174
1790040070.86119,341.25963980000233,-37.288135593220346,125.42372881355931,123129.0,114782.0,705.281576987899,205.33514266736302
1790040070.9775972,341.3760463000508,-30.508474576271198,125.42372881355931,123195.0,114791.0,581.839339539459,63.63867776212834
1790040071.0960748,341.4945218000212,-23.72881355932205,125.42372881355931,123289.0,114811.0,799.4687165618615,163.5276920240171
1790040071.2144694,341.6129169000196,-16.9491525423729,125.42372881355931,123353.0,114836.0,545.6103410772785,214.6663637025358
1790040071.326467,341.724915400031,-10.169491525423723,125.42372881355931,123432.0,114866.0,658.1583015664359,267.07873107043775
1790040071.447871,341.84631930000614,-3.3898305084745743,125.42372881355931,123504.0,114895.0,598.785246864183,234.30727051207163
1790040071.5689418,341.9673886000528,3.3898305084745743,125.42372881355931,123579.0,114915.0,605.5074854745966,149.18300366765422
1790040071.6898348,342.0882815000368,10.169491525423723,125.42372881355931,123650.0,114955.0,600.6570664831363,330.7966453095533
1790040071.804484,342.2029313000385,16.94915254237287,125.42372881355931,123709.0,114987.0,509.82336951508114,278.08547428095335
1790040071.9226878,342.32113540003775,23.72881355932202,125.42372881355931,123772.0,115018.0,507.4239687929282,249.2608969509121
1790040072.0411093,342.43955650000134,30.50847457627117,125.42372881355931,123827.0,115060.0,471.96002221574076,379.4188413891249
1790040072.15899,342.55743640003493,37.28813559322032,125.42372881355931,123895.0,115107.0,567.628501489603,407.98298544565216
1790040072.2716913,342.67013750004116,44.06779661016947,125.42372881355931,123944.0,115143.0,447.61212913435986,317.05859147017156
1790040072.3871744,342.7856212000479,50.847457627118644,125.42372881355931,123987.0,115190.0,381.77167498324343,427.22068390982
1790040072.5046487,342.90309420000995,57.627118644067764,125.42372881355931,124032.0,115245.0,375.2392149894661,482.45041927217073
1790040072.625889,343.02433330001077,64.40677966101691,125.42372881355931,124089.0,115305.0,466.30234117335556,512.018256974665
1790040072.745061,343.1435062000528,71.18644067796606,125.42372881355931,124126.0,115359.0,301.44970718171345,434.4422250559988
1790040072.8718984,343.27034300001105,77.96610169491527,125.42372881355931,124163.0,115408.0,314.367886804527,390.83575116238495
1790040072.988949,343.387392500008,84.74576271186442,125.42372881355931,124189.0,115461.0,228.40812326130836,447.6799215921644
1790040073.1082625,343.5067057000124,91.52542372881356,125.42372881355931,124211.0,115526.0,187.68047485563008,571.978590036206
1790040073.2229214,343.62136630003806,98.30508474576271,125.42372881355931,124240.0,115596.0,259.6326013502473,611.9911317541543
1790040073.339099,343.737543300027,105.08474576271186,125.42372881355931,124260.0,115662.0,180.11835581311405,567.3728208113092
1790040073.452831,343.8512751000235,111.86440677966101,125.42372881355931,124282.0,115719.0,194.74196694186702,500.76505785051523
1790040073.5713367,343.9697803000454,118.64406779661016,125.42372881355931,124306.0,115790.0,217.81648055147733,580.8439481372728
1790040073.6837165,344.08216050005285,125.42372881355931,125.42372881355931,124325.0,115853.0,177.10729720424968,540.6433283077096
1790040073.7968469,344.1952902000048,132.20338983050846,125.42372881355931,124352.0,115917.0,249.98958367078671,555.5324081573038
1790040073.918393,344.31683590001194,138.9830508474576,125.42372881355931,124366.0,115970.0,112.30888056529068,449.2355222611627
1790040074.0328157,344.431258000026,145.76271186440675,125.42372881355931,124379.0,116034.0,119.30896250098876,550.6567500045635
1790040074.1518164,344.5502578000305,152.5423728813559,125.42372881355931,124396.0,116101.0,155.2556787102634,584.4919669092269
1790040074.2674453,344.6658863000339,159.32203389830505,125.42372881355931,124414.0,116159.0,164.6933957594013,521.5290865714375
1790040074.3873131,344.7857542000129,166.1016949152542,125.42372881355931,124440.0,116231.0,220.75035696182744,626.93101377159
1790040074.5039353,344.9023776000249,172.88135593220335,125.42372881355931,124455.0,116296.0,116.86737892254786,539.3879027194516
1790040074.6206744,345.0191147000296,179.66101694915255,125.42372881355931,124465.0,116339.0,90.78455103536574,372.2166592449995
1790040074.7396965,345.13813590002246,186.4406779661017,125.42372881355931,124493.0,116417.0,248.52381455822916,635.1164149821411
1790040074.8553302,345.25377110001864,193.22033898305085,125.42372881355931,124527.0,116484.0,294.94392380103477,580.6708499832872
1790040074.973419,345.3718588000047,200.0,125.42372881355931,124544.0,116554.0,143.23595081783805,581.896050197467
1790040075.0915549,345.4899958000169,-200.0,132.20338983050846,124587.0,116610.0,376.1344485194055,465.6902695954544
1790040075.2107995,345.6092384000076,-193.22033898305085,132.20338983050846,124629.0,116683.0,378.4857615855951,646.1952027071136
1790040075.3271484,345.72558780002873,-186.4406779661017,132.20338983050846,124682.0,116733.0,446.84260128457754,419.48489100184827
1790040075.447964,345.846403500007,-179.66101694915255,132.20338983050846,124722.0,116797.0,337.8346186005103,528.40799319567
1790040075.5635748,345.96201390004717,-172.8813559322034,132.20338983050846,124763.0,116840.0,348.0006448135797,366.3164682248207
1790040075.6848145,346.0832522000419,-166.10169491525426,132.20338983050846,124828.0,116899.0,566.241745508001,503.325996007112
1790040075.8007755,346.1992131000152,-159.32203389830508,132.20338983050846,124895.0,116947.0,556.4637367634,410.5060353172623
1790040075.9193645,346.31780300004175,-152.54237288135593,132.20338983050846,124958.0,116990.0,536.7105546268209,375.69738823877464
1790040076.0371923,346.43562950001797,-145.76271186440678,132.20338983050846,125032.0,117045.0,631.09890799471,448.1716882860984
1790040076.1552074,346.55364450003253,-138.98305084745763,132.20338983050846,125099.0,117076.0,581.9736784626925,268.6032362135504
1790040076.2788634,346.67730120004853,-132.20338983050848,132.20338983050846,125157.0,117115.0,476.2990206534265,331.70824652649344
1790040076.394383,346.79281930002617,-125.42372881355932,132.20338983050846,125212.0,117142.0,411.4804884669859,210.31224966090392
1790040076.5105026,346.90893880004296,-118.64406779661017,132.20338983050846,125262.0,117167.0,455.4501441072991,227.72507205364954
1790040076.628124,347.02656150003895,-111.86440677966102,132.20338983050846,125354.0,117198.0,818.3313414661394,251.79425891265828
1790040076.7493756,347.1478117000079,-105.08474576271186,132.20338983050846,125453.0,117239.0,846.3802562714089,328.1882626358524
1790040076.8703272,347.26876380003523,-98.30508474576271,132.20338983050846,125555.0,117271.0,828.3808630796257,240.49766992634292
1790040076.9840264,347.38246230001096,-91.52542372881356,132.20338983050846,125636.0,117296.0,706.6106212849218,232.43770437004005
1790040077.0998065,347.49824310000986,-84.74576271186442,132.20338983050846,125724.0,117323.0,772.4063726870423,245.3526125005899
1790040077.219926,347.6183621000382,-77.96610169491527,132.20338983050846,125804.0,117343.0,620.9365822771056,174.9117133174945
1790040077.3374562,347.73589100001846,-71.18644067796612,132.20338983050846,125892.0,117363.0,689.1915960041448,170.06026394907468
1790040077.4555464,347.8539813000243,-64.40677966101697,132.20338983050846,125981.0,117381.0,763.3140608983547,150.88766320083755
1790040077.5747526,347.9731871000258,-57.62711864406779,132.20338983050846,126080.0,117404.0,861.7763963821246,204.3387331627718
1790040077.690041,348.0884767000098,-50.847457627118644,132.20338983050846,126181.0,117425.0,837.4546113192393,182.05535028679114
1790040077.805009,348.2034427000326,-44.067796610169495,132.20338983050846,126256.0,117439.0,661.2839378270003,128.5829879108056
1790040077.9246,348.3230325000477,-37.288135593220346,132.20338983050846,126330.0,117456.0,643.0369667869442,149.74833473120617
1790040078.0402925,348.4387254000176,-30.508474576271198,132.20338983050846,126427.0,117476.0,796.6981895792078,146.51920727893477
1790040078.1562288,348.5546632000478,-23.72881355932205,132.20338983050846,126501.0,117497.0,622.742558082822,180.50508929936868
1790040078.271134,348.66956760000903,-16.9491525423729,132.20338983050846,126563.0,117522.0,517.4094416837484,221.74690357874928
1790040078.3887246,348.7871573000448,-10.169491525423723,132.20338983050846,126628.0,117547.0,561.3765678729845,226.3615193036228
1790040078.5066102,348.90504240000155,-3.3898305084745743,132.20338983050846,126694.0,117571.0,576.3268349878997,198.11234952709052
1790040078.6219265,349.020359200018,3.3898305084745743,132.20338983050846,126770.0,117601.0,651.3875010081049,266.05968351035267
1790040078.740743,349.13917630002834,10.169491525423723,132.20338983050846,126845.0,117634.0,625.247307771487,285.8273406955369
1790040078.85752,349.25595270004123,16.94915254237287,132.20338983050846,126915.0,117664.0,580.9078090171226,262.34546213676504
1790040078.9736726,349.37210450001294,23.72881355932202,132.20338983050846,126974.0,117702.0,514.8451535407239,334.19773124573305
1790040079.0880296,349.48646179999923,30.50847457627117,132.20338983050846,127035.0,117748.0,495.7130004502819,403.9142966631927
1790040079.2033834,349.60181520000333,37.28813559322032,132.20338983050846,127072.0,117789.0,335.6992569735791,344.7722098647569
1790040079.3233712,349.7218033000245,44.06779661016947,132.20338983050846,127116.0,117844.0,357.40094548669543,453.2890040319064
1790040079.4416952,349.8401264999993,50.847457627118644,132.20338983050846,127158.0,117888.0,366.95441260060466,375.90452022500966
1790040079.5621305,349.9605600000359,57.627118644067764,132.20338983050846,127188.0,117929.0,249.95949724747157,361.0526071352367
1790040079.6804419,350.07887100003427,64.40677966101691,132.20338983050846,127204.0,117963.0,135.75041473450287,307.7009400648732
1790040079.8016315,350.20006030000513,71.18644067796606,132.20338983050846,127219.0,117987.0,123.14555980926272,202.31056254378876
1790040079.9221451,350.32057580002584,77.96610169491527,132.20338983050846,127241.0,118017.0,185.44094323381492,256.08511208479206
1790040080.0387752,350.43720570002915,84.74576271186442,132.20338983050846,127278.0,118079.0,313.5923852050919,534.9517159380979
1790040080.1625814,350.56101120001404,91.52542372881356,132.20338983050846,127306.0,118160.0,246.43558317630976,638.9070674941364
1790040080.2772443,350.67567369999597,98.30508474576271,132.20338983050846,127330.0,118238.0,200.90278404556165,684.8958547007783
1790040080.3901937,350.788623200031,105.08474576271186,132.20338983050846,127355.0,118314.0,217.54222687012958,633.7099652303774
1790040080.5052426,350.9036708000349,111.86440677966101,132.20338983050846,127374.0,118387.0,165.97112477175577,645.4432630012724
1790040080.6249313,351.0233596000471,118.64406779661016,132.20338983050846,127390.0,118479.0,140.60136967226796,782.0951188019905
1790040080.7410395,351.1394683000399,125.42372881355931,132.20338983050846,127412.0,118566.0,200.60985395441534,729.4903780160558
1790040080.8613834,351.259812400036,132.20338983050846,132.20338983050846,127437.0,118648.0,210.0996659961089,709.0863727368676
1790040080.9787219,351.3771497000125,138.9830508474576,132.20338983050846,127454.0,118730.0,146.26618976806904,685.6227645378236
1790040081.0951755,351.49360310001066,145.76271186440675,132.20338983050846,127476.0,118812.0,181.12857587880157,706.4014459273262
1790040081.212517,351.6109449000214,152.5423728813559,132.20338983050846,127495.0,118885.0,143.71248878063693,628.7421384152866
1790040081.3297954,351.7282235000166,159.32203389830505,132.20338983050846,127505.0,118962.0,71.5758131291191,581.5534816740926
1790040081.4523473,351.850773400045,166.1016949152542,132.20338983050846,127519.0,119026.0,128.7718659753351,533.4834447549597
1790040081.5734026,351.9718286000425,172.88135593220335,132.20338983050846,127540.0,119111.0,173.87834743330544,741.2708495840916
1790040081.6919315,352.090357100009,179.66101694915255,132.20338983050846,127569.0,119199.0,245.88529183775069,764.9764634952243
1790040081.8094447,352.2078714000527,186.4406779661017,132.20338983050846,127603.0,119270.0,277.43024414119793,617.5060272820211
1790040081.9280627,352.326488300052,193.22033898305085,132.20338983050846,127626.0,119359.0,195.06036229954393,753.6423088846016
1790040082.0493057,352.44772960001137,200.0,132.20338983050846,127660.0,119420.0,263.5539430942532,518.0198191852563
1790040082.1673179,352.5657423000084,-200.0,138.9830508474576,127682.0,119495.0,178.8390483896987,643.8205742029153
1790040082.2824857,352.6809115000069,-193.22033898305085,138.9830508474576,127729.0,119558.0,412.5208324966863,540.860647051211
1790040082.3978295,352.7962543000467,-186.4406779661017,138.9830508474576,127773.0,119626.0,396.01042533338625,580.2013208372869
1790040082.515399,352.9138224000344,-179.66101694915255,138.9830508474576,127820.0,119680.0,404.05672955568093,466.9099985976757
1790040082.632385,353.0308083000127,-172.8813559322034,138.9830508474576,127863.0,119732.0,380.9261220073753,462.5531481518128
1790040082.7465584,353.1449835000094,-166.10169491525426,138.9830508474576,127926.0,119773.0,553.5050246001323,341.32809850341494
1790040082.8606067,353.2590306000202,-159.32203389830508,138.9830508474576,127989.0,119801.0,564.6004755958271,240.64938304084433
1790040082.983596,353.38201890001073,-152.54237288135593,138.9830508474576,128056.0,119838.0,576.3593847534784,329.3482198591305
1790040083.1003847,353.4988069999963,-145.76271186440678,138.9830508474576,128134.0,119878.0,681.3078204896748,345.1959623814352
1790040083.216386,353.61480840004515,-138.98305084745763,138.9830508474576,128219.0,119915.0,702.6457809072052,301.13390610308795
1790040083.3325384,353.7309606000199,-132.20338983050848,138.9830508474576,128295.0,119954.0,611.3880605521591,346.757407477344
1790040083.4489994,353.84742200002074,-125.42372881355932,138.9830508474576,128377.0,119985.0,733.9695612217089,244.6565204072363
1790040083.5661342,353.9645566000254,-118.64406779661017,138.9830508474576,128454.0,120018.0,674.2482131301215,269.6992852520486
1790040083.680557,354.0789798000478,-111.86440677966102,138.9830508474576,128541.0,120030.0,775.5137084336606,110.78767263338007
1790040083.7974098,354.1958313000505,-105.08474576271186,138.9830508474576,128624.0,120060.0,749.3685875659678,268.2924572767045
1790040083.9145982,354.31301890005125,-98.30508474576271,138.9830508474576,128705.0,120081.0,702.9667905507572,162.2231055117132
1790040084.0344594,354.4328812000458,-91.52542372881356,138.9830508474576,128787.0,120098.0,687.3554791783016,149.80824546193753
1790040084.157667,354.5560883000144,-84.74576271186442,138.9830508474576,128878.0,120124.0,740.7527239358611,195.83117989108973
1790040084.2784278,354.6768490000395,-77.96610169491527,138.9830508474576,128988.0,120148.0,965.9599362811464,209.59508051383364
1790040084.3928936,354.791314400034,-71.18644067796612,138.9830508474576,129086.0,120177.0,880.4811095348285,247.63531205667053
1790040084.5066025,354.9050234000315,-64.40677966101697,138.9830508474576,129177.0,120202.0,785.5503103948731,221.80244058208183
1790040084.620674,355.0190943000489,-57.62711864406779,138.9830508474576,129266.0,120216.0,789.2906110736759,128.4891692445519
1790040084.7371914,355.13561230001505,-50.847457627118644,138.9830508474576,129364.0,120229.0,869.9087686011052,108.73859607513815
1790040084.852617,355.2510372000397,-44.067796610169495,138.9830508474576,129461.0,120253.0,814.5191744095043,194.37389389317718
1790040084.9653683,355.36378840002,-37.288135593220346,138.9830508474576,129560.0,120277.0,903.7935102626018,186.34917737373232
1790040085.0797977,355.47821720002685,-30.508474576271198,138.9830508474576,129650.0,120297.0,798.6516560042293,174.41817774805008
1790040085.1967156,355.59513460000744,-23.72881355932205,138.9830508474576,129728.0,120316.0,694.1746126743687,171.289839491078
1790040085.3145611,355.71298080001725,-16.9491525423729,138.9830508474576,129796.0,120341.0,573.0725735643529,205.9479561246893
1790040085.434052,355.83246970002074,-10.169491525423723,138.9830508474576,129878.0,120376.0,694.0006795242043,270.3898751393004
1790040085.5488424,355.9472605000483,-3.3898305084745743,138.9830508474576,129937.0,120410.0,509.1503576138714,305.4902145683228
1790040085.6623476,356.06076620001113,3.3898305084745743,138.9830508474576,130026.0,120437.0,763.4390883599925,242.0660524068269
1790040085.7812312,356.1796476000454,10.169491525423723,138.9830508474576,130091.0,120473.0,569.59432045647,312.35817573419325
1790040085.9002264,356.29864350002026,16.94915254237287,138.9830508474576,130164.0,120513.0,615.0236916699918,338.70869976028536
1790040086.0215049,356.4199224000331,23.72881355932202,138.9830508474576,130220.0,120563.0,479.36215193715975,435.783774488327
1790040086.1408722,356.539289700042,30.50847457627117,138.9830508474576,130284.0,120612.0,538.8088085433766,406.3148392294315
1790040086.2551267,356.6535430000513,37.28813559322032,138.9830508474576,130340.0,120675.0,487.55134249363863,533.5467521628498
1790040086.372259,356.7706746000331,44.06779661016947,138.9830508474576,130396.0,120748.0,506.55628543684907,633.1953567960613
1790040086.4885564,356.8869726000121,50.847457627118644,138.9830508474576,130442.0,120803.0,391.27261866119204,445.86879800926533
1790040086.602599,357.00101460004225,57.627118644067764,138.9830508474576,130479.0,120860.0,322.40651606578484,488.21558147104565
1790040086.7232664,357.12168120004935,64.40677966101691,138.9830508474576,130511.0,120920.0,276.7617447905185,473.1733056095961
1790040086.839645,357.2380603000056,71.18644067796606,138.9830508474576,130540.0,120982.0,247.1187781178697,567.4579349373305
1790040086.9616492,357.36006410000846,77.96610169491527,138.9830508474576,130570.0,121044.0,248.8401047391769,514.8415960120901
1790040087.0819528,357.48036620003404,84.74576271186442,138.9830508474576,130602.0,121108.0,254.3690149817077,517.8226376413335
1790040087.2044206,357.60283530002926,91.52542372881356,138.9830508474576,130623.0,121178.0,179.1800006796585,510.6630019370267
1790040087.3231735,357.7215874000103,98.30508474576271,138.9830508474576,130646.0,121259.0,197.5739711989991,673.5476290874968
1790040087.441984,357.8403984000324,105.08474576271186,138.9830508474576,130667.0,121309.0,178.03541485054652,445.0885371263663
1790040087.5618072,357.960220900015,111.86440677966101,138.9830508474576,130688.0,121382.0,175.42418023372076,646.2996113873922
1790040087.6825054,358.08091810002225,118.64406779661016,138.9830508474576,130704.0,121462.0,142.2950772822806,675.9016170908328
1790040087.796712,358.1951257000328,125.42372881355931,138.9830508474576,130716.0,121541.0,102.69077847768541,681.493348079185
1790040087.91799,358.31640250002965,132.20338983050846,138.9830508474576,130740.0,121612.0,202.9355061900772,538.2202555475961
1790040088.0400329,358.43844550003996,138.9830508474576,138.9830508474576,130766.0,121694.0,216.07587207998063,648.2276162399419
1790040088.1605937,358.55900660000043,145.76271186440675,138.9830508474576,130797.0,121770.0,269.703164681628,602.3370677889692
1790040088.2785625,358.6769745000056,152.5423728813559,138.9830508474576,130812.0,121855.0,124.09884296936231,718.0004486084533
1790040088.3983247,358.79673699999694,159.32203389830505,138.9830508474576,130840.0,121933.0,246.21770035652403,641.924718786652
1790040088.5168004,358.9152133000316,166.1016949152542,138.9830508474576,130857.0,121999.0,144.83753753999758,579.3501501599903
1790040088.6379445,359.0363573000068,172.88135593220335,138.9830508474576,130895.0,122069.0,309.3414033151044,565.6528517761909
1790040088.7538366,359.1522473000223,179.66101694915255,138.9830508474576,130928.0,122138.0,277.6949834817749,601.6724642105122
1790040088.8657746,359.26418660004856,186.4406779661017,138.9830508474576,130955.0,122196.0,244.78352195445288,536.640798130916
1790040088.9861832,359.3845939000021,193.22033898305085,138.9830508474576,130994.0,122275.0,321.17135526386693,659.7033243257807
1790040089.1026268,359.5010362000321,200.0,138.9830508474576,131035.0,122354.0,375.18747927282857,686.3185596454182
1790040089.220688,359.6190979999956,-200.0,145.76271186440675,131087.0,122420.0,431.1397898660611,547.9068162881193
1790040089.336831,359.73524060001364,-193.22033898305085,145.76271186440675,131133.0,122474.0,407.72503024698284,471.148923840958
1790040089.454916,359.85332640004344,-186.4406779661017,145.76271186440675,131185.0,122533.0,446.74089114195596,518.219433724669
1790040089.5758574,359.9742588000372,-179.66101694915255,145.76271186440675,131236.0,122576.0,431.62200961477856,362.562488076414
1790040089.6967094,360.0951197000104,-172.8813559322034,145.76271186440675,131301.0,122634.0,529.5575590641939,486.1512017638501
1790040089.815745,360.21415470005013,-166.10169491525426,145.76271186440675,131377.0,122672.0,664.7640450661509,327.8288441422114
1790040089.9315276,360.32993750000605,-159.32203389830508,145.76271186440675,131445.0,122724.0,578.6053439419155,433.9540079564366
1790040090.0490818,360.44749089999823,-152.54237288135593,145.76271186440675,131514.0,122756.0,587.2230932150441,258.0222682308527
1790040090.1682448,360.5666539000231,-145.76271186440678,145.76271186440675,131586.0,122790.0,624.2285062973976,281.34242537347495
1790040090.2817423,360.68015100003686,-138.98305084745763,145.76271186440675,131663.0,122819.0,675.6725489290881,259.162073561842
1790040090.401793,360.8002014000085,-132.20338983050848,145.76271186440675,131752.0,122858.0,746.2890320168129,327.6390872268935
1790040090.5169456,360.9153537999955,-125.42372881355932,145.76271186440675,131830.0,122877.0,666.0043114822148,155.09689445476235
1790040090.62934,361.02774800005136,-118.64406779661017,145.76271186440675,131938.0,122907.0,956.5572939137239,262.58435519200265
1790040090.7433894,361.1417978000245,-111.86440677966102,145.76271186440675,132046.0,122935.0,936.1199115722462,229.44115479711917
1790040090.8592422,361.25765020004474,-105.08474576271186,145.76271186440675,132123.0,122953.0,650.4441086142072,162.6110271535518
1790040090.9732585,361.37166390003404,-98.30508474576271,145.76271186440675,132215.0,122970.0,828.5414431807123,152.3754378263379
1790040091.084733,361.48313950002193,-91.52542372881356,145.76271186440675,132303.0,122982.0,807.5595175426296,85.5063018574549
1790040091.2034519,361.6018593000481,-84.74576271186442,145.76271186440675,132403.0,123002.0,838.8365424648496,176.59716683470518
1790040091.3168538,361.7152596000233,-77.96610169491527,145.76271186440675,132498.0,123023.0,844.0352676984337,185.5022566370184
1790040091.4392264,361.8376317000366,-71.18644067796612,145.76271186440675,132594.0,123045.0,785.1737535900168,180.4997134689694
1790040091.5522964,361.9507025000057,-64.40677966101697,145.76271186440675,132678.0,123064.0,772.7739337199115,162.18712189183327
1790040091.6702936,362.06869889999507,-57.62711864406779,145.76271186440675,132780.0,123084.0,871.4163006240728,177.8400613518516
1790040091.7880669,362.18647200003034,-50.847457627118644,145.76271186440675,132860.0,123103.0,656.6218516538569,170.90157782771618
1790040091.9052022,362.3036063000327,-44.067796610169495,145.76271186440675,132940.0,123115.0,686.0015439576573,100.61355978045641
1790040092.0271027,362.42550660000416,-37.288135593220346,145.76271186440675,133032.0,123133.0,758.673072006893,122.0853219321437
1790040092.1438231,362.54222709999885,-30.508474576271198,145.76271186440675,133111.0,123156.0,666.9983630257481,207.3103020215163
1790040092.2611144,362.6595180000295,-23.72881355932205,145.76271186440675,133192.0,123187.0,728.4703293458083,278.7972865397538
1790040092.3808124,362.7792157000513,-16.9491525423729,145.76271186440675,133279.0,123222.0,711.3776651176914,255.3663413242995
1790040092.5032885,362.9016921000439,-10.169491525423723,145.76271186440675,133356.0,123271.0,618.376075583741,377.8964906345084
1790040092.6161056,363.0145099000074,-3.3898305084745743,145.76271186440675,133411.0,123308.0,440.8484549080889,337.6711569508766
1790040092.7346075,363.1330102000502,3.3898305084745743,145.76271186440675,133467.0,123349.0,484.90482137578977,338.51846020574004
1790040092.8588629,363.25726470001973,10.169491525423723,145.76271186440675,133533.0,123383.0,505.1118202104401,248.12510466477758
1790040092.9763863,363.37478750001173,16.94915254237287,145.76271186440675,133600.0,123412.0,559.0965001718735,261.5128791126505
1790040093.0937197,363.4921225000289,23.72881355932202,145.76271186440675,133660.0,123469.0,511.8925206501493,484.95080903698357
1790040093.2106357,363.6090387000004,30.50847457627117,145.76271186440675,133710.0,123509.0,441.0333862248412,342.0258913580401
1790040093.332214,363.73061510000844,37.28813559322032,145.76271186440675,133763.0,123581.0,450.3225319759517,634.1276470681769
1790040093.4506068,363.8490071000415,44.06779661016947,145.76271186440675,133808.0,123643.0,374.8049008543885,535.4355726491265
1790040093.5687814,363.9671826999984,50.847457627118644,145.76271186440675,133841.0,123693.0,261.5298595416061,432.8770088964514
1790040093.6932344,364.09163530002115,57.627118644067764,145.76271186440675,133872.0,123757.0,245.72751862543151,525.3484880957501
1790040093.8128574,364.2112573000486,64.40677966101691,145.76271186440675,133919.0,123819.0,379.74390444096866,463.1023224889862
1790040093.9312344,364.3296347000287,71.18644067796606,145.76271186440675,133946.0,123888.0,232.1722932084053,562.571325851136
1790040094.0536313,364.45203169999877,77.96610169491527,145.76271186440675,133973.0,123954.0,216.5124520745219,510.96938689587165
1790040094.168339,364.56673890003003,84.74576271186442,145.76271186440675,133995.0,124015.0,192.7602906905021,495.669318918434
1790040094.289542,364.68794130004244,91.52542372881356,145.76271186440675,134025.0,124106.0,262.73637212904225,761.0294916841225
1790040094.4105518,364.8089505000389,98.30508474576271,145.76271186440675,134047.0,124184.0,173.4934910262891,641.9259167972697
1790040094.5252125,364.9236124000163,105.08474576271186,145.76271186440675,134070.0,124254.0,195.3324838029112,576.695904560976
1790040094.6419454,365.0403450000449,111.86440677966101,145.76271186440675,134089.0,124335.0,152.65900561289612,682.475554504712
1790040094.7607234,365.15912230004324,118.64406779661016,145.76271186440675,134097.0,124395.0,73.82859399490178,470.65728671749883
1790040094.879898,365.2782977000461,125.42372881355931,145.76271186440675,134118.0,124501.0,191.75035193483833,885.704006556158
1790040094.9981503,365.39654790004715,132.20338983050846,145.76271186440675,134150.0,124578.0,265.04318879506775,644.9384260679981
1790040095.1193142,365.5177119,138.9830508474576,145.76271186440675,134175.0,124662.0,214.80392875876348,716.013095862545
1790040095.2372687,365.6356675000279,145.76271186440675,145.76271186440675,134204.0,124726.0,250.154783229682,544.9800634646643
1790040095.3562133,365.75461010000436,152.5423728813559,145.76271186440675,134235.0,124804.0,263.25727323516907,671.7599386000865
1790040095.4750466,365.87344450003,159.32203389830505,145.76271186440675,134260.0,124890.0,224.23173723231304,690.6337506755241
1790040095.5911207,365.98951810004655,166.1016949152542,145.76271186440675,134285.0,124971.0,218.30684840781706,682.2089012744283
1790040095.7041805,366.1025780000491,172.88135593220335,145.76271186440675,134313.0,125034.0,259.4274066565342,574.4464004537542
1790040095.8185103,366.2169079000014,179.66101694915255,145.76271186440675,134348.0,125116.0,302.2454084793566,714.3982382239338
1790040095.933408,366.33180470002117,186.4406779661017,145.76271186440675,134398.0,125173.0,417.3533675581644,510.09856034886764
1790040096.0505416,366.44893790001515,193.22033898305085,145.76271186440675,134439.0,125238.0,358.1851119017146,546.2322956501148
1790040096.163298,366.561694300035,200.0,145.76271186440675,134485.0,125285.0,418.0147643798421,418.0147643798421
1790040096.2819996,366.6803954000352,-200.0,152.5423728813559,134536.0,125342.0,440.16719314992395,492.9872563279148
1790040096.4009366,366.79933300003177,-193.22033898305085,152.5423728813559,134606.0,125391.0,594.1765378443432,416.8104071445393
1790040096.5154483,366.9138431000174,-186.4406779661017,152.5423728813559,134656.0,125445.0,405.29163499050617,414.50280851301767
1790040096.6344159,367.032810100005,-179.66101694915255,152.5423728813559,134710.0,125487.0,443.43813545710714,345.88174565654356
1790040096.7505736,367.1489650000003,-172.8813559322034,152.5423728813559,134763.0,125521.0,445.86190119194225,300.27434161906314
1790040096.8765254,367.2749193000491,-166.10169491525426,152.5423728813559,134825.0,125563.0,475.2820007446316,316.85466716308775
1790040096.993877,367.392270500015,-159.32203389830508,152.5423728813559,134914.0,125606.0,702.7214485067203,374.17635569838353
1790040097.1062505,367.5046439000289,-152.54237288135593,152.5423728813559,134993.0,125634.0,675.2960749058506,253.23602808969395
1790040097.2224543,367.62084859999595,-145.76271186440678,152.5423728813559,135084.0,125672.0,803.3121733128439,342.9872200661581
1790040097.3404956,367.73888990003616,-138.98305084745763,152.5423728813559,135167.0,125709.0,730.2191739928463,315.5268035771558
1790040097.4617884,367.8601815000293,-132.20338983050848,152.5423728813559,135250.0,125739.0,715.2609527264852,262.5641472033933
1790040097.5826688,367.98106090002693,-125.42372881355932,152.5423728813559,135335.0,125760.0,687.113956528879,155.7458301465459
1790040097.6950781,368.09346990002086,-118.64406779661017,152.5423728813559,135436.0,125785.0,924.0549413627258,207.44090520387724
1790040097.8120117,368.2104040000122,-111.86440677966102,152.5423728813559,135517.0,125807.0,698.6843236411768,188.10731790339375
1790040097.9309416,368.3293330000015,-105.08474576271186,152.5423728813559,135605.0,125836.0,717.9422866947837,245.37268026277417
1790040098.0498912,368.44828260003123,-98.30508474576271,152.5423728813559,135682.0,125856.0,671.8713117176187,176.80823992568912
1790040098.1669965,368.5653882000479,-91.52542372881356,152.5423728813559,135774.0,125873.0,750.16146789316,146.37296934500682
1790040098.2848027,368.68319420004264,-84.74576271186442,152.5423728813559,135869.0,125887.0,814.1624909516964,125.25576783872253
1790040098.4022248,368.80061580002075,-77.96610169491527,152.5423728813559,135959.0,125902.0,787.904461241832,129.77249949865467
1790040098.517046,368.91543670004467,-71.18644067796612,152.5423728813559,136044.0,125919.0,738.4154160499804,156.91327591062085
1790040098.6369503,369.0353415000136,-64.40677966101697,152.5423728813559,136124.0,125941.0,666.0065023924765,192.79135595571688
1790040098.759346,369.1577364000259,-57.62711864406779,152.5423728813559,136250.0,125959.0,1035.8293367954548,155.37440051931821
1790040098.8761058,369.2744952000212,-50.847457627118644,152.5423728813559,136334.0,125980.0,727.9636986004818,149.32588689240652
1790040098.9960146,369.3944047000259,-44.067796610169495,152.5423728813559,136417.0,126007.0,701.6257546632332,228.02837026555082
1790040099.1142652,369.5126556000323,-37.288135593220346,152.5423728813559,136512.0,126040.0,793.8390949657437,267.58621178620575
1790040099.232816,369.6312046000385,-30.508474576271198,152.5423728813559,136599.0,126068.0,745.8213031262031,242.39192351601602
1790040099.3565903,369.7549792000209,-23.72881355932205,152.5423728813559,136667.0,126096.0,545.834148365555,227.4308951523146
1790040099.4730377,369.8714267000323,-16.9491525423729,152.5423728813559,136747.0,126126.0,692.2035115301745,255.02234635322222
1790040099.5912051,369.98959360003937,-10.169491525423723,152.5423728813559,136824.0,126165.0,629.7173369429046,337.03181413845596
1790040099.7079444,370.1063339000102,-3.3898305084745743,152.5423728813559,136891.0,126210.0,605.7910002503537,388.7912389666449
1790040099.8318024,370.23019150004257,3.3898305084745743,152.5423728813559,136950.0,126266.0,488.5127139061082,452.3265869501002
1790040099.9523723,370.3507602000027,10.169491525423723,152.5423728813559,137008.0,126322.0,491.7132899585587,473.83280668733835
1790040100.0705433,370.4689304000349,16.94915254237287,152.5423728813559,137072.0,126374.0,539.5279397835611,451.0807365403544
1790040100.1868975,370.58528440003283,23.72881355932202,152.5423728813559,137121.0,126424.0,406.0682844699827,424.1157637797597
1790040100.3097107,370.7080990000395,30.50847457627117,152.5423728813559,137162.0,126459.0,316.66586789269434,273.87318304233025
1790040100.43313,370.83151650003856,37.28813559322032,152.5423728813559,137209.0,126510.0,389.01748089207183,370.4928389448303
1790040100.5558703,370.95425680000335,44.06779661016947,152.5423728813559,137255.0,126574.0,389.9596036784246,514.0376593942871
1790040100.6781719,371.0765572000528,50.847457627118644,152.5423728813559,137286.0,126638.0,267.6243590044908,552.5148056866908
1790040100.7974343,371.1958209000295,57.627118644067764,152.5423728813559,137333.0,126705.0,384.54865618330695,554.465504264303
1790040100.9162698,371.3146559000015,64.40677966101691,152.5423728813559,137360.0,126774.0,240.19835050395145,551.5665826387034
1790040101.0340052,371.43239110003924,71.18644067796606,152.5423728813559,137388.0,126843.0,257.2285825516794,587.9510458324099
1790040101.1481,371.54648580000503,77.96610169491527,152.5423728813559,137412.0,126908.0,220.22732964865722,578.0967403277252
1790040101.2611809,371.6595670999959,84.74576271186442,152.5423728813559,137431.0,126979.0,166.74293606092976,629.9177584524014
1790040101.373605,371.7719910000451,91.52542372881356,152.5423728813559,137440.0,127044.0,83.92414377901954,578.1441015888013
1790040101.4911,371.889485599997,98.30508474576271,152.5423728813559,137461.0,127109.0,189.91995319117112,542.6284376890603
1790040101.6082215,372.00660670001525,105.08474576271186,152.5423728813559,137484.0,127183.0,204.99517328203476,661.5753319556576
1790040101.7242594,372.12264370004414,111.86440677966101,152.5423728813559,137510.0,127246.0,208.05329064089844,560.8393052059001
1790040101.838746,372.23713080002926,118.64406779661016,152.5423728813559,137526.0,127324.0,147.49534470524696,682.1659692617673
1790040101.956924,372.3553084000014,125.42372881355931,152.5423728813559,137539.0,127404.0,115.03142122441734,690.188527346504
1790040102.0735931,372.4719776000129,132.20338983050846,152.5423728813559,137556.0,127489.0,143.41903816097343,717.0951908048671
1790040102.193357,372.59174010000424,138.9830508474576,152.5423728813559,137580.0,127582.0,213.97087143753475,757.8135030079357
1790040102.3083572,372.7067403999972,145.76271186440675,152.5423728813559,137604.0,127653.0,211.84723413530202,580.2772065445229
1790040102.4280844,372.8264668000047,152.5423728813559,152.5423728813559,137630.0,127718.0,227.57231102654623,533.9196527930508
1790040102.5481653,372.9465472000302,159.32203389830505,152.5423728813559,137670.0,127791.0,303.49209032210507,616.180910653971
1790040102.6596375,373.0580189000466,166.1016949152542,152.5423728813559,137699.0,127875.0,266.4504611753705,761.28703192963
1790040102.7755978,373.1739802000229,172.88135593220335,152.5423728813559,137724.0,127949.0,226.4728663358054,643.1829403936873
1790040102.894782,373.29316320002545,179.66101694915255,152.5423728813559,137758.0,128016.0,287.89699603842,594.3679918212542
1790040103.0102146,373.40859649999766,186.4406779661017,152.5423728813559,137792.0,128069.0,309.67450466588855,482.7279043321204
1790040103.120276,373.51865770004224,193.22033898305085,152.5423728813559,137839.0,128127.0,428.92764270125207,514.7131712415024
1790040103.2383711,373.6367526000249,200.0,152.5423728813559,137883.0,128199.0,365.50913194661524,641.8696951257633
1790040103.360098,373.7584779000026,-200.0,159.32203389830505,137936.0,128251.0,438.25530571014787,438.25530571014787
1790040103.476901,373.8752808000427,-193.22033898305085,159.32203389830505,137992.0,128319.0,453.1357904094932,607.2019591487209
1790040103.5983262,373.9967067000107,-186.4406779661017,159.32203389830505,138057.0,128369.0,548.0348167083007,417.5503365396576
1790040103.7172737,374.11565240001073,-179.66101694915255,159.32203389830505,138113.0,128417.0,483.24242896035815,401.1823938538822
1790040103.836011,374.23439040000085,-172.8813559322034,159.32203389830505,138199.0,128456.0,748.3069556913428,329.61139714975815
1790040103.9511447,374.3495238000178,-166.10169491525426,159.32203389830505,138278.0,128503.0,671.6565535058376,404.83408704461436
1790040104.0759683,374.47434820001945,-159.32203389830508,159.32203389830505,138364.0,128550.0,667.3706443546613,354.8046463657693
1790040104.189381,374.5877607000293,-152.54237288135593,159.32203389830505,138418.0,128582.0,471.35937270630984,277.27021923900577
1790040104.3055918,374.7039698000299,-145.76271186440678,159.32203389830505,138444.0,128615.0,225.1321299786258,270.158555974351
1790040104.4216905,374.820068800007,-138.98305084745763,159.32203389830505,138483.0,128636.0,346.53099673062843,191.50397187745253
1790040104.544697,374.9430763000273,-132.20338983050848,159.32203389830505,138516.0,128656.0,250.4017220339269,172.69084278201856
1790040104.6587405,375.057117999997,-125.42372881355932,159.32203389830505,138580.0,128675.0,560.7535057930234,165.46824761105606
1790040104.782503,375.18088110000826,-118.64406779661017,159.32203389830505,138660.0,128699.0,670.4917476425959,187.73768933992685
1790040104.9030864,375.3014641000191,-111.86440677966102,159.32203389830505,138743.0,128723.0,722.9427246350593,219.62816950938512
1790040105.0206294,375.4190071000485,-105.08474576271186,159.32203389830505,138848.0,128742.0,903.3077487058118,155.11345179796768
1790040105.1349437,375.5333213999984,-98.30508474576271,159.32203389830505,138951.0,128756.0,889.9458140643648,119.27108848285302
1790040105.2517476,375.65012530004606,-91.52542372881356,159.32203389830505,139067.0,128776.0,949.3469655426987,170.16596552180448
1790040105.3680627,375.7664384000236,-84.74576271186442,159.32203389830505,139170.0,128798.0,904.2267063284876,202.98966876761966
1790040105.4901872,375.88856230000965,-77.96610169491527,159.32203389830505,139267.0,128817.0,797.8243676922802,147.42406794313874
1790040105.60668,376.00505640002666,-71.18644067796612,159.32203389830505,139374.0,128844.0,926.5895783565313,236.18950036539033
1790040105.7207963,376.11917210003594,-64.40677966101697,159.32203389830505,139448.0,128868.0,645.8756228648032,221.44307069650395
1790040105.8420057,376.24038170004496,-57.62711864406779,159.32203389830505,139546.0,128892.0,833.6587923206386,208.41469808015964
1790040105.9601886,376.3585634000483,-50.847457627118644,159.32203389830505,139656.0,128914.0,930.8603479841638,187.96218565064845
1790040106.0768454,376.47521990002133,-44.067796610169495,159.32203389830505,139757.0,128933.0,871.095947723362,163.33049019813038
1790040106.194719,376.59309400001075,-37.288135593220346,159.32203389830505,139843.0,128960.0,765.7145094230017,240.3987413304773
1790040106.3161907,376.71456390002277,-30.508474576271198,159.32203389830505,139919.0,128979.0,614.4787456582633,144.58323427253254
1790040106.4282188,376.8265939000412,-23.72881355932205,159.32203389830505,139976.0,129008.0,503.94742975909816,266.23637798593865
1790040106.5431314,376.94150630000513,-16.9491525423729,159.32203389830505,140038.0,129044.0,528.1172345319568,318.6914346313532
1790040106.6577458,377.056120400026,-10.169491525423723,159.32203389830505,140112.0,129087.0,625.0524763194966,391.8239403793859
1790040106.7725742,377.17094860004727,-3.3898305084745743,159.32203389830505,140174.0,129118.0,530.3967642127295,265.19838210636476
1790040106.886633,377.28500690002693,3.3898305084745743,159.32203389830505,140240.0,129157.0,596.2148612540592,357.7289167524355
1790040106.9994276,377.3978013000451,10.169491525423723,159.32203389830505,140295.0,129191.0,482.8414849104542,287.8478083120015
1790040107.114975,377.513348700013,16.94915254237287,159.32203389830505,140344.0,129238.0,426.8993845045371,408.7334532490249
1790040107.2311208,377.6294928000425,23.72881355932202,159.32203389830505,140395.0,129288.0,441.19836828380716,404.4318375934899
1790040107.3516288,377.7500003000023,30.50847457627117,159.32203389830505,140446.0,129345.0,429.7600973316473,447.30132579416346
1790040107.4699974,377.8683704000432,37.28813559322032,159.32203389830505,140478.0,129406.0,276.72690974470487,526.6737959657287
1790040107.5887432,377.98711450002156,44.06779661016947,159.32203389830505,140514.0,129472.0,310.92538491946965,541.8985280025042
1790040107.7064464,378.1048176000477,50.847457627118644,159.32203389830505,140546.0,129546.0,281.50162045909605,635.6488203915072
1790040107.8249958,378.22336610005004,57.627118644067764,159.32203389830505,140588.0,129623.0,340.389853897904,680.779707795808
1790040107.9423835,378.34075540001504,64.40677966101691,159.32203389830505,140622.0,129715.0,278.98646918312727,791.9615899392
1790040108.0599244,378.45829630002845,71.18644067796606,159.32203389830505,140651.0,129793.0,251.23621673810186,646.0359858979762
1790040108.175187,378.5735585000366,77.96610169491527,159.32203389830505,140676.0,129873.0,220.35410906465637,697.7880120380786
1790040108.293795,378.692165400018,84.74576271186442,159.32203389830505,140698.0,129936.0,185.12217176259398,520.1051492377641
1790040108.409823,378.80819390004035,91.52542372881356,159.32203389830505,140719.0,130007.0,190.11802711848,615.6202782884114
1790040108.5239825,378.92235300003085,98.30508474576271,159.32203389830505,140734.0,130085.0,138.8554607576425,685.0202730710363
1790040108.6422548,379.0406231000088,105.08474576271186,159.32203389830505,140754.0,130153.0,159.43566860244184,593.4549886868668
1790040108.7626514,379.1610207000049,111.86440677966101,159.32203389830505,140780.0,130245.0,227.9639922140977,762.8025893317883
1790040108.8810568,379.2794265000266,118.64406779661016,159.32203389830505,140795.0,130333.0,125.03092284150233,741.2547568460495
1790040108.995802,379.39417130005313,125.42372881355931,159.32203389830505,140818.0,130429.0,209.92296731728138,784.9293560559216
1790040109.1160698,379.514438000042,132.20338983050846,159.32203389830505,140843.0,130508.0,217.47600973947397,652.4280292184219
1790040109.231273,379.6296411000076,138.9830508474576,159.32203389830505,140868.0,130592.0,228.6218037714514,740.7346442195025
1790040109.3497577,379.74812570004724,145.76271186440675,159.32203389830505,140890.0,130673.0,179.71389545480443,664.9414131827764
1790040109.4670846,379.8654532000073,152.5423728813559,159.32203389830505,140930.0,130758.0,351.4707248072391,738.9897290818873
1790040109.5892322,379.9876005999977,159.32203389830505,159.32203389830505,140958.0,130846.0,243.52823700628755,695.7949628751072
1790040109.7067778,380.1051456000423,166.1016949152542,159.32203389830505,140990.0,130907.0,231.17773965651446,499.34391765807123
1790040109.8254466,380.2238125000149,172.88135593220335,159.32203389830505,141024.0,130978.0,282.03498812671677,608.137943148233
1790040109.9434643,380.3418315000017,179.66101694915255,159.32203389830505,141049.0,131058.0,214.8900926506377,671.5315395332428
1790040110.060596,380.45896330004325,186.4406779661017,159.32203389830505,141103.0,131122.0,464.06114172404176,562.2279217041275
1790040110.1750221,380.57338840002194,193.22033898305085,159.32203389830505,141151.0,131173.0,444.7965750799916,454.06317039415813
1790040110.2918158,380.6901822000509,200.0,159.32203389830505,141206.0,131219.0,470.0841180185768,397.76348447725735
1790040110.4062922,380.8046582000097,-200.0,166.1016949152542,141268.0,131273.0,533.7691835880372,478.55168183755063
1790040110.5202067,380.9185732000042,-193.22033898305085,166.1016949152542,141333.0,131324.0,579.2453628699219,450.52417112105036
1790040110.6369507,381.03531520004617,-186.4406779661017,166.1016949152542,141398.0,131374.0,583.0002676912377,434.9367076426694
1790040110.7553747,381.1537390000303,-179.66101694915255,166.1016949152542,141468.0,131418.0,597.9382730882153,383.7514289969143
1790040110.8729386,381.27130260004196,-172.8813559322034,166.1016949152542,141554.0,131459.0,719.810905324675,359.9054526623375
1790040110.9915502,381.38991600001464,-166.10169491525426,166.1016949152542,141618.0,131493.0,552.1442345337632,284.977669436781
1790040111.1088462,381.50721060001524,-159.32203389830508,166.1016949152542,141688.0,131528.0,623.4454572130186,316.3753066454124
1790040111.2285311,381.6268941000453,-152.54237288135593,166.1016949152542,141772.0,131560.0,708.6992392470444,262.48119972112755
1790040111.3447475,381.74311160005163,-145.76271186440678,166.1016949152542,141851.0,131589.0,669.2200928455793,247.51976036754303
1790040111.4623783,381.8607414000435,-138.98305084745763,166.1016949152542,141939.0,131619.0,775.7619856327564,258.58732854425216
1790040111.5826473,381.9810100000468,-132.20338983050848,166.1016949152542,142032.0,131634.0,755.9728526968464,133.40697400532582
1790040111.7049856,382.1033482000348,-125.42372881355932,166.1016949152542,142130.0,131659.0,793.6224154261887,209.30701066185196
1790040111.8243318,382.22269310004776,-118.64406779661017,166.1016949152542,142210.0,131680.0,676.4324775049091,175.69674740387248
1790040111.9442914,382.3426545000402,-111.86440677966102,166.1016949152542,142308.0,131709.0,791.2517780186723,257.82361306226403
1790040112.0619454,382.460308800044,-105.08474576271186,166.1016949152542,142408.0,131731.0,795.6295798068735,196.67248040169906
1790040112.1793923,382.57775470003253,-98.30508474576271,166.1016949152542,142512.0,131751.0,898.9538774382394,166.8161834421475
1790040112.2991097,382.69747200002894,-91.52542372881356,166.1016949152542,142624.0,131778.0,969.7475699953579,193.94951399907157
1790040112.4135232,382.8118856000365,-84.74576271186442,166.1016949152542,142712.0,131801.0,761.6362884752573,201.87949815006817
1790040112.529307,382.92766960000154,-77.96610169491527,166.1016949152542,142829.0,131821.0,1012.6582277150765,180.83182637769224
1790040112.6481166,383.0464787000092,-71.18644067796612,166.1016949152542,142925.0,131844.0,767.4136750495312,202.87947731194504
1790040112.7645955,383.1629572000238,-64.40677966101697,166.1016949152542,143040.0,131864.0,1028.756551573681,168.34198116660235
1790040112.8793945,383.2777554000495,-57.62711864406779,166.1016949152542,143133.0,131891.0,802.2323940821194,237.02320734244438
1790040112.9945216,383.3928821000154,-50.847457627118644,166.1016949152542,143238.0,131920.0,930.0256029756885,264.419043983284
1790040113.114975,383.51333570003044,-44.067796610169495,166.1016949152542,143329.0,131945.0,759.1285205143503,176.54151639868613
1790040113.2347038,383.6330650000018,-37.288135593220346,166.1016949152542,143362.0,131968.0,266.57543851234516,186.60280695864162
1790040113.3497593,383.7481181000476,-30.508474576271198,166.1016949152542,143445.0,132015.0,689.2375103784059,413.54250622704353
1790040113.4698725,383.8682315000333,-23.72881355932205,166.1016949152542,143522.0,132058.0,602.8224500480442,381.19654929508675
1790040113.5901942,383.98855380003806,-16.9491525423729,166.1016949152542,143585.0,132084.0,523.8015421764745,200.79059116764856
1790040113.7071707,384.1055304000038,-10.169491525423723,166.1016949152542,143648.0,132119.0,550.4148411332756,297.7654058589851
1790040113.823793,384.2221510000527,-3.3898305084745743,166.1016949152542,143705.0,132168.0,503.47443142537605,402.77954514030085
1790040113.9432127,384.34157040005084,3.3898305084745743,166.1016949152542,143772.0,132223.0,504.5435474897589,460.2853415696046
1790040114.0616722,384.46003030001884,10.169491525423723,166.1016949152542,143831.0,132280.0,511.04988459127554,502.08409714230584
1790040114.1826346,384.580993200012,16.94915254237287,166.1016949152542,143878.0,132329.0,391.8594251153106,400.5674123400953
1790040114.2975852,384.69594260002486,23.72881355932202,166.1016949152542,143932.0,132383.0,469.67380673850255,469.67380673850255
1790040114.4161732,384.81453040003544,30.50847457627117,166.1016949152542,143974.0,132443.0,347.3128229828576,489.8001349758248
1790040114.535358,384.9337161000003,37.28813559322032,166.1016949152542,144010.0,132513.0,310.4471680569622,594.284578851899
1790040114.6500816,385.0484382000286,44.06779661016947,166.1016949152542,144043.0,132571.0,286.2094148153311,517.0234590212433
1790040114.7682679,385.166624400008,50.847457627118644,166.1016949152542,144076.0,132646.0,295.6554771195731,662.9850092984366
1790040114.884409,385.2827654000139,57.627118644067764,166.1016949152542,144093.0,132725.0,136.43867764748754,673.0974763942719
1790040115.0039215,385.40227820002474,64.40677966101691,166.1016949152542,144128.0,132809.0,289.88970141685627,720.331985338855
1790040115.1224995,385.52085480000824,71.18644067796606,166.1016949152542,144154.0,132872.0,230.15955577677835,552.382933864268
1790040115.2409968,385.6393523000297,77.96610169491527,166.1016949152542,144189.0,132938.0,294.324618613216,552.9735258793754
1790040115.3579967,385.7563519999967,84.74576271186442,166.1016949152542,144212.0,133029.0,199.41661577008946,752.344504950792
1790040115.4740345,385.8723902000347,91.52542372881356,166.1016949152542,144235.0,133098.0,208.03673027688126,587.9298899129253
1790040115.5905278,385.9888836000464,98.30508474576271,166.1016949152542,144253.0,133188.0,135.67109706648756,795.9371027900604
1790040115.710369,386.10872390004806,105.08474576271186,166.1016949152542,144280.0,133287.0,199.39673421294077,833.8408885268432
1790040115.8258553,386.2242096000118,111.86440677966101,166.1016949152542,144307.0,133367.0,228.6694820617983,667.714887620451
1790040115.936341,386.33469570003217,118.64406779661016,166.1016949152542,144332.0,133433.0,220.5325381139807,604.0673870078602
1790040116.05807,386.4564237000304,125.42372881355931,166.1016949152542,144359.0,133531.0,225.00263952904487,822.1250290484332
1790040116.178749,386.57710240001325,132.20338983050846,166.1016949152542,144381.0,133605.0,160.50276602262215,561.7596810791775
1790040116.2979732,386.6963254000293,138.9830508474576,166.1016949152542,144406.0,133680.0,221.1823701738847,619.3106364868771
1790040116.417959,386.8163123000413,145.76271186440675,166.1016949152542,144436.0,133755.0,237.64028478904396,607.3029500164457
1790040116.5362475,386.93460140004754,152.5423728813559,166.1016949152542,144462.0,133831.0,222.98134987492153,651.1055416347709
1790040116.6553206,387.05367320001824,159.32203389830505,166.1016949152542,144494.0,133912.0,266.3568355272568,670.4844480513706
1790040116.7771735,387.1755257000332,166.1016949152542,166.1016949152542,144527.0,133994.0,269.0508155728374,717.4688415275665
1790040116.8939219,387.29227370000444,172.88135593220335,166.1016949152542,144565.0,134052.0,333.6456376762258,477.92483234702615
1790040117.0083818,387.40673470002366,179.66101694915255,166.1016949152542,144604.0,134112.0,313.90478158615804,526.2521338356179
1790040117.1224618,387.52081290003844,186.4406779661017,166.1016949152542,144644.0,134181.0,350.8797850302429,609.4227845262113
1790040117.2413476,387.6396990000503,193.22033898305085,166.1016949152542,144692.0,134224.0,421.715023277672,385.0441516883092
1790040117.3578932,387.756244600052,200.0,166.1016949152542,144743.0,134274.0,424.2685205267403,424.2685205267403
1790040117.4783604,387.8767116999952,-200.0,172.88135593220335,144813.0,134325.0,601.329199103329,409.6010486645864
1790040117.5932236,387.99157549999654,-193.22033898305085,172.88135593220335,144881.0,134365.0,542.4943152618006,358.5979372069529
1790040117.708526,388.10687710001366,-186.4406779661017,172.88135593220335,144952.0,134415.0,654.1573101137711,420.5296993588529
1790040117.8242733,388.222624200047,-179.66101694915255,172.88135593220335,145026.0,134460.0,632.7351875764639,406.75833487058395
1790040117.9388695,388.3372205000487,-172.8813559322034,172.88135593220335,145116.0,134516.0,785.5301690249877,493.23987357382947
1790040118.051882,388.450232000032,-166.10169491525426,172.88135593220335,145207.0,134544.0,819.6454102791622,251.48211451747022
1790040118.1733694,388.57171930000186,-159.32203389830508,172.88135593220335,145295.0,134570.0,786.9980599376391,219.6273655639923
1790040118.2867653,388.685115100001,-152.54237288135593,172.88135593220335,145373.0,134599.0,710.8698459157107,249.2660498665479
1790040118.4011931,388.799543000001,-145.76271186440678,172.88135593220335,145460.0,134624.0,770.8656818274421,211.07036526227583
1790040118.517632,388.9159820000059,-138.98305084745763,172.88135593220335,145546.0,134654.0,727.4255602808456,260.4363117054879
1790040118.6342428,389.03259110002546,-132.20338983050848,172.88135593220335,145629.0,134674.0,688.4220263016691,183.57920701377844
1790040118.7570055,389.15535290003754,-125.42372881355932,172.88135593220335,145730.0,134694.0,865.7418099209593,148.66273503693242
1790040118.8772404,389.27558790001785,-118.64406779661017,172.88135593220335,145839.0,134711.0,881.3484628274152,132.2022694241123
1790040118.9946573,389.3930061000283,-111.86440677966102,172.88135593220335,145934.0,134732.0,827.1633243782603,179.81811399527396
1790040119.11155,389.5098976000445,-105.08474576271186,172.88135593220335,146042.0,134754.0,943.2114825485716,188.6422965097143
1790040119.2299917,389.628339100047,-98.30508474576271,172.88135593220335,146143.0,134768.0,795.2595304306627,126.51856165942361
1790040119.346143,389.7444897000096,-91.52542372881356,172.88135593220335,146251.0,134796.0,926.4134225873224,247.6550733649278
1790040119.463739,389.8620857000351,-84.74576271186442,172.88135593220335,146337.0,134811.0,750.3971226925883,135.61393783600994
1790040119.582809,389.98115659999894,-77.96610169491527,172.88135593220335,146463.0,134832.0,1047.8196467083276,177.59655028954705
1790040119.6978922,390.0962379000266,-71.18644067796612,172.88135593220335,146559.0,134847.0,823.395534819136,129.5228931176169
1790040119.818866,390.21721150004305,-64.40677966101697,172.88135593220335,146637.0,134882.0,672.9845643852964,270.94183760966473
1790040119.931499,390.3298444999964,-57.62711864406779,172.88135593220335,146717.0,134901.0,687.7170901857369,178.99485908943836
1790040120.0496168,390.4479629000416,-50.847457627118644,172.88135593220335,146795.0,134935.0,660.6364249519946,294.60813545156515
1790040120.1708667,390.5692132000113,-44.067796610169495,172.88135593220335,146876.0,134969.0,658.2582833876243,285.8226756814684
1790040120.2910054,390.6893495999975,-37.288135593220346,172.88135593220335,146966.0,135015.0,712.0653764686581,342.84629237379835
1790040120.4145257,390.81287010002416,-30.508474576271198,172.88135593220335,147033.0,135057.0,508.05263409430296,327.22034060311034
1790040120.5300162,390.92836170003284,-23.72881355932205,172.88135593220335,147063.0,135083.0,275.32913306728193,229.44094422273497
1790040120.6518023,391.05014720000327,-16.9491525423729,172.88135593220335,147088.0,135120.0,220.53342619502664,299.9254596252362
1790040120.766288,391.1646327000344,-10.169491525423723,172.88135593220335,147123.0,135134.0,296.33416116534426,129.64619550983812
1790040120.8801537,391.2784969000495,-3.3898305084745743,172.88135593220335,147159.0,135167.0,322.07719551010024,294.4705787520916
1790040120.9936864,391.3920302000479,3.3898305084745743,172.88135593220335,147198.0,135213.0,325.09088613428383,399.39737439354866
1790040121.115875,391.5142193000065,10.169491525423723,172.88135593220335,147258.0,135264.0,495.66596650249255,417.4029191599937
1790040121.2320452,391.6303878000472,16.94915254237287,172.88135593220335,147297.0,135331.0,338.8216334174091,558.5978280665393
1790040121.3508031,391.74914610001724,23.72881355932202,172.88135593220335,147339.0,135392.0,338.37391727309654,525.3700294503341
1790040121.4716206,391.8699592000339,30.50847457627117,172.88135593220335,147378.0,135456.0,321.43670042713563,521.248703395355
1790040121.5905516,391.9888942000107,37.28813559322032,172.88135593220335,147405.0,135520.0,202.8436920808035,537.976748562131
1790040121.709721,392.10806310002226,44.06779661016947,172.88135593220335,147436.0,135581.0,255.76522212301734,538.9338609020722
1790040121.8262281,392.2245695000165,50.847457627118644,172.88135593220335,147465.0,135650.0,255.37985019960317,611.0874986919076
1790040121.940178,392.3385196000454,57.627118644067764,172.88135593220335,147488.0,135725.0,178.91799812837917,649.7548353083243
1790040122.0663626,392.4647049000487,64.40677966101691,172.88135593220335,147510.0,135813.0,175.05776900096043,675.2228232894189
1790040122.1805923,392.57893320004223,71.18644067796606,172.88135593220335,147527.0,135897.0,155.82963244813357,742.4823663705188
1790040122.302793,392.7011336000287,77.96610169491527,172.88135593220335,147552.0,135979.0,220.68782874812663,689.6494648378957
1790040122.4241285,392.8224682,84.74576271186442,172.88135593220335,147572.0,136049.0,157.74709110126452,587.1697279880402
1790040122.538713,392.93705310003133,91.52542372881356,172.88135593220335,147595.0,136125.0,195.92659291621038,681.078156327779
1790040122.6575005,393.0558401000453,98.30508474576271,172.88135593220335,147608.0,136197.0,111.52779137109724,566.9329394697443
1790040122.776387,393.1747269000043,105.08474576271186,172.88135593220335,147627.0,136256.0,158.75507794078396,502.72441347914923
1790040122.8914433,393.28978350001853,111.86440677966101,172.88135593220335,147649.0,136331.0,192.0850003906312,676.8709537574623
1790040123.00529,393.4036283000023,118.64406779661016,172.88135593220335,147676.0,136400.0,250.7948803930909,622.3428513458181
1790040123.1246924,393.5230317999958,125.42372881355931,172.88135593220335,147696.0,136501.0,184.404709334989,829.8211920074505
1790040123.2399585,393.63827330002096,132.20338983050846,172.88135593220335,147718.0,136570.0,200.3402141808823,619.2333892863635
1790040123.361931,393.76027050003177,138.9830508474576,172.88135593220335,147746.0,136658.0,233.03162931100664,724.9872911897984
1790040123.4767895,393.8751288000494,145.76271186440675,172.88135593220335,147779.0,136737.0,232.34805361210707,659.868472258384
1790040123.5938964,393.9922354000155,152.5423728813559,172.88135593220335,147825.0,136801.0,408.90977237257147,585.484446806182
1790040123.7083173,394.1066561000189,159.32203389830505,172.88135593220335,147870.0,136870.0,393.4493429700918,603.8989915354897
1790040123.8207598,394.219098200032,166.1016949152542,172.88135593220335,147914.0,136942.0,391.37958503541483,577.75081600466
1790040123.9349184,394.33325640001567,172.88135593220335,172.88135593220335,147952.0,137007.0,331.0901972742686,579.40784522997
1790040124.0538414,394.45217790000606,179.66101694915255,172.88135593220335,148009.0,137085.0,491.70699715706047,655.6093295427473
1790040124.176377,394.574713900045,186.4406779661017,172.88135593220335,148055.0,137141.0,379.22616694480536,440.96065923814575
1790040124.2946007,394.69293650001055,193.22033898305085,172.88135593220335,148113.0,137200.0,473.9056802472561,482.8472968556949
1790040124.4116395,394.8099766000523,200.0,172.88135593220335,148183.0,137248.0,603.2764211135823,405.185655971809
1790040124.5299082,394.928244300012,-200.0,179.66101694915255,148254.0,137302.0,588.0747624701834,441.0560718526375
1790040124.6495812,395.04791600001045,-193.22033898305085,179.66101694915255,148328.0,137335.0,593.6821584486058,274.6887598792057
1790040124.7668884,395.1652245000005,-186.4406779661017,179.66101694915255,148399.0,137368.0,602.8193951621009,269.91913216213476
1790040124.8914359,395.2897711000405,-179.66101694915255,179.66101694915255,148496.0,137400.0,751.8734945696252,238.39891291232018
1790040125.012212,395.41054780001286,-172.8813559322034,179.66101694915255,148592.0,137440.0,779.1707520764387,341.43437450540574
1790040125.129638,395.5279732000199,-166.10169491525426,179.66101694915255,148679.0,137456.0,758.5310198750266,142.78230962353442
1790040125.2455778,395.6439134000102,-159.32203389830508,179.66101694915255,148754.0,137486.0,635.5812937485653,263.31225026726275
1790040125.3646977,395.7630313000409,-152.54237288135593,179.66101694915255,148846.0,137516.0,751.3513277901195,247.50396680145113
1790040125.4795804,395.8779143000138,-145.76271186440678,179.66101694915255,148937.0,137548.0,792.939519025978,295.0472628933872
1790040125.5949304,395.9932654000004,-138.98305084745763,179.66101694915255,149024.0,137566.0,760.9366305218944,146.68657937771457
1790040125.7119114,396.1102453000494,-132.20338983050848,179.66101694915255,149136.0,137593.0,959.8346130224623,249.1878322269854
1790040125.828046,396.22637950000353,-125.42372881355932,179.66101694915255,149231.0,137611.0,801.2514088974422,154.78720399155134
1790040125.9469085,396.34524190000957,-118.64406779661017,179.66101694915255,149329.0,137635.0,799.2600106411088,206.55033982860112
1790040126.0610094,396.45934310002485,-111.86440677966102,179.66101694915255,149405.0,137651.0,671.8642578161914,128.8506795811874
1790040126.1804693,396.5788021000335,-105.08474576271186,179.66101694915255,149508.0,137672.0,891.6060537575198,174.8247164230431
1790040126.3041031,396.70243490004214,-98.30508474576271,179.66101694915255,149612.0,137693.0,834.656321938577,173.88673373720354
1790040126.4216201,396.8199519000482,-91.52542372881356,179.66101694915255,149705.0,137717.0,778.2553662718801,205.74567154314073
1790040126.5403523,396.9386843999964,-84.74576271186442,179.66101694915255,149809.0,137733.0,913.6429959303873,133.0548052325807
1790040126.6586206,397.05695230001584,-77.96610169491527,179.66101694915255,149904.0,137751.0,803.547752266886,160.7095504533772
1790040126.7748926,397.1732232000213,-71.18644067796612,179.66101694915255,149999.0,137781.0,816.9133744611509,235.9971970665547
1790040126.889407,397.2877389000496,-64.40677966101697,179.66101694915255,150068.0,137804.0,588.414950185816,177.45847704016674
1790040127.0041451,397.4024773000274,-57.62711864406779,179.66101694915255,150165.0,137831.0,867.5759474104743,237.44183823865612
1790040127.1223662,397.5206973000313,-50.847457627118644,179.66101694915255,150248.0,137872.0,701.5470961305248,350.7735480652624
1790040127.241537,397.6398667000467,-44.067796610169495,179.66101694915255,150334.0,137914.0,736.2305175015712,359.35060973290973
1790040127.355288,397.7536186000216,-37.288135593220346,179.66101694915255,150405.0,137949.0,648.7608670480984,300.8746050078137
1790040127.4714596,397.86979070003144,-30.508474576271198,179.66101694915255,150474.0,137982.0,588.9164117828947,298.98833213593116
1790040127.5848536,397.9831828000024,-23.72881355932205,179.66101694915255,150536.0,138022.0,531.1718676895576,344.7957737633971
1790040127.7035346,398.10186350002186,-16.9491525423729,179.66101694915255,150603.0,138077.0,561.5153427137228,472.3859232353541
1790040127.825351,398.2236808000016,-10.169491525423723,179.66101694915255,150668.0,138135.0,540.9668998692969,497.3405369766117
1790040127.9447875,398.34311750001507,-3.3898305084745743,179.66101694915255,150734.0,138197.0,527.9412928991361,536.740314447455
1790040128.0613213,398.45964920002734,3.3898305084745743,179.66101694915255,150790.0,138254.0,443.45215745634505,470.602289545509
1790040128.1762784,398.5746064000414,10.169491525423723,179.66101694915255,150837.0,138324.0,405.3211295154995,635.6172258311242
1790040128.2960203,398.69434810004896,16.94915254237287,179.66101694915255,150877.0,138404.0,325.77276388371365,669.1548663557361
1790040128.4149394,398.8132676000241,23.72881355932202,179.66101694915255,150911.0,138469.0,294.3382696624519,552.9991733052127
1790040128.5380116,398.9363394000102,30.50847457627117,179.66101694915255,150937.0,138530.0,196.79026519264923,504.8098107115785
1790040128.6564333,399.05476110003656,37.28813559322032,179.66101694915255,150975.0,138606.0,320.89483816000023,595.9475565828576
1790040128.7734416,399.1717695000116,44.06779661016947,179.66101694915255,151005.0,138682.0,252.37821394795156,630.9455348698789
1790040128.8858533,399.28418100002455,50.847457627118644,179.66101694915255,151034.0,138757.0,242.32234278347866,671.0464877080947
1790040129.0040333,399.40236100001493,57.627118644067764,179.66101694915255,151064.0,138842.0,265.35709997257,751.8451165889483
1790040129.1182408,399.5165676000179,64.40677966101691,179.66101694915255,151091.0,138928.0,239.97770052719943,738.3929246990751
1790040129.2342129,399.6325400000205,71.18644067796606,179.66101694915255,151104.0,139021.0,101.83421946869933,823.9314120649309
1790040129.348698,399.74702450004406,77.96610169491527,179.66101694915255,151126.0,139117.0,192.00526647026723,850.3090372254692
1790040129.462397,399.86072390002664,84.74576271186442,179.66101694915255,151151.0,139202.0,211.78130174158977,662.9675532780202
1790040129.5822692,399.98059490002925,91.52542372881356,179.66101694915255,151171.0,139290.0,174.31214255008967,732.1109987103766
1790040129.7008543,400.0991794000147,98.30508474576271,179.66101694915255,151198.0,139389.0,229.985510909581,846.346680147258
1790040129.821094,400.21941900003003,105.08474576271186,179.66101694915255,151221.0,139483.0,193.26998764677006,790.6499494640593
1790040129.9419107,400.3402357000159,111.86440677966101,179.66101694915255,151252.0,139566.0,260.5546339610796,686.1272027641763
1790040130.0594208,400.45774630003143,118.64406779661016,179.66101694915255,151281.0,139635.0,260.4489421466939,619.6888623490303
1790040130.1866558,400.584979700041,125.42372881355931,179.66101694915255,151299.0,139718.0,145.97634458583926,684.2641152461215
1790040130.30386,400.7021835000487,132.20338983050846,179.66101694915255,151330.0,139808.0,225.08936055388608,765.3038258832127
1790040130.4194956,400.8178201999981,138.9830508474576,179.66101694915255,151350.0,139885.0,172.80346330719874,682.1189341073635
1790040130.5378933,400.9362178000156,145.76271186440675,179.66101694915255,151386.0,139967.0,301.94845575618825,692.7052808524319
1790040130.6521773,401.05050040001515,152.5423728813559,179.66101694915255,151427.0,140046.0,360.8194486168651,703.1353357661986
1790040130.7734547,401.1717774000135,159.32203389830505,179.66101694915255,151477.0,140118.0,407.8696274476332,590.1092482221076
1790040130.8921154,401.2904392000055,166.1016949152542,179.66101694915255,151509.0,140202.0,267.0614428198824,676.5556551437021
1790040131.0077465,401.4060692000203,172.88135593220335,179.66101694915255,151566.0,140263.0,483.0909068093153,519.5505978892636
1790040131.122677,401.52099960000487,179.66101694915255,179.66101694915255,151631.0,140330.0,571.4006596209833,589.8329389635957
1790040131.2381258,401.6364482000354,186.4406779661017,179.66101694915255,151682.0,140399.0,463.75947071054316,581.9726691269561
1790040131.3541002,401.7524217000464,193.22033898305085,179.66101694915255,151739.0,140463.0,487.0015673677799,550.1314001747144
1790040131.471321,401.86964370001806,200.0,179.66101694915255,151796.0,140510.0,477.8657973075384,405.7351109214949
1790040131.5914805,401.98980320000555,-200.0,186.4406779661017,151864.0,140562.0,582.7130233525795,414.9623045086551
1790040131.713901,402.112222500029,-193.22033898305085,186.4406779661017,151943.0,140612.0,657.9024450688272,432.59338853840694
1790040131.8293233,402.2276434000232,-186.4406779661017,186.4406779661017,152008.0,140641.0,568.5976364064618,265.9569589643128
1790040131.951289,402.3496086000232,-179.66101694915255,186.4406779661017,152100.0,140683.0,694.9085508274884,360.32295228091994
1790040132.067786,402.4661061000079,-172.8813559322034,186.4406779661017,152181.0,140721.0,694.3351508168055,342.5386744029573
1790040132.1891565,402.5874766000197,-166.10169491525426,186.4406779661017,152279.0,140758.0,846.0571438516877,285.08447238480784
1790040132.3050838,402.7034029000206,-159.32203389830508,186.4406779661017,152377.0,140784.0,796.4658634881074,217.21796276948385
1790040132.4217186,402.82003860000987,-152.54237288135593,186.4406779661017,152455.0,140813.0,659.3827456322678,225.8160087781739
1790040132.5377235,402.9360441000317,-145.76271186440678,186.4406779661017,152551.0,140836.0,823.0542005907938,198.98013640656552
1790040132.6564028,403.05472150002606,-138.98305084745763,186.4406779661017,152646.0,140860.0,755.3868525277109,206.83211438258752
1790040132.7689645,403.1672836000216,-132.20338983050848,186.4406779661017,152731.0,140878.0,765.4273276932247,168.02063290826882
1790040132.8902771,403.28859690000536,-125.42372881355932,186.4406779661017,152839.0,140901.0,910.6375596888178,183.87873801408819
1790040133.0056121,403.4039303000318,-118.64406779661017,186.4406779661017,152926.0,140929.0,731.449302949531,228.57790717172844
1790040133.1228702,403.52118850004626,-111.86440677966102,186.4406779661017,153010.0,140953.0,768.4637298447121,222.20637971413365
1790040133.2360053,403.634322900034,-105.08474576271186,186.4406779661017,153088.0,140968.0,705.8224779432702,120.7327922797699
1790040133.3517842,403.7501019000192,-98.30508474576271,186.4406779661017,153193.0,140996.0,932.5543760187072,255.9953189070961
1790040133.47172,403.8700385999982,-91.52542372881356,186.4406779661017,153290.0,141018.0,780.2739646091854,186.2017415544647
1790040133.5988503,403.9971669000224,-84.74576271186442,186.4406779661017,153391.0,141044.0,828.4367313540312,204.97403662367782
1790040133.7200925,404.1184090000461,-77.96610169491527,186.4406779661017,153477.0,141066.0,666.4871356264051,189.13824119127713
1790040133.8375442,404.2358606000198,-71.18644067796612,186.4406779661017,153568.0,141096.0,758.5371121159607,249.87104869702233
1790040133.9612317,404.359547900036,-64.40677966101697,186.4406779661017,153654.0,141129.0,670.2185422984838,271.4809285259681
1790040134.0775187,404.4758334000362,-57.62711864406779,186.4406779661017,153744.0,141160.0,718.3973372145498,263.7154782179993
1790040134.1955843,404.59389970003394,-50.847457627118644,186.4406779661017,153817.0,141198.0,614.3321893123418,307.1660946561709
1790040134.3133364,404.71165280003333,-44.067796610169495,186.4406779661017,153910.0,141239.0,823.1204585526331,343.72063104395664
1790040134.4276118,404.8259276000317,-37.288135593220346,186.4406779661017,153987.0,141276.0,664.9237045645132,323.2268008299717
1790040134.5450504,404.9433663000236,-30.508474576271198,186.4406779661017,154056.0,141307.0,621.7751132176322,283.4563016139206
1790040134.6614933,405.05980889999773,-23.72881355932205,186.4406779661017,154128.0,141364.0,592.9817909452246,494.15149245435384
1790040134.7770288,405.1753440000466,-16.9491525423729,186.4406779661017,154208.0,141420.0,706.5025405134636,498.1748683107756
1790040134.8925095,405.2908250000328,-10.169491525423723,186.4406779661017,154253.0,141487.0,390.7588263179151,581.5945321941063
1790040135.0106077,405.408922200033,-3.3898305084745743,186.4406779661017,154309.0,141538.0,481.7616169628871,398.3797986423874
1790040135.1345365,405.53285110002616,3.3898305084745743,186.4406779661017,154364.0,141616.0,424.0413793901656,591.8910920654395
1790040135.2497346,405.6480481000035,10.169491525423723,186.4406779661017,154410.0,141673.0,410.1827410868453,510.44963335251856
1790040135.3645084,405.7628220000188,16.94915254237287,186.4406779661017,154449.0,141750.0,332.3169971235238,701.5581050385503
1790040135.483215,405.88152860000264,23.72881355932202,186.4406779661017,154477.0,141822.0,230.9062716092125,612.7897208090639
1790040135.6016583,405.99997010000516,30.50847457627117,186.4406779661017,154525.0,141880.0,369.63657328632627,462.0457166079078
1790040135.7209616,406.1192738999962,37.28813559322032,186.4406779661017,154554.0,141968.0,242.72259238434899,737.1575027969118
1790040135.8379374,406.23624930001097,44.06779661016947,186.4406779661017,154591.0,142064.0,306.73739667449644,857.060373061093
1790040135.957043,406.3553562000161,50.847457627118644,186.4406779661017,154614.0,142160.0,194.3842393778444,768.7013102669301
1790040136.072549,406.4708599000005,57.627118644067764,186.4406779661017,154636.0,142243.0,164.04438676834806,719.9725863721943
1790040136.1898265,406.58813780004857,64.40677966101691,186.4406779661017,154659.0,142318.0,189.38608251943162,658.3420963770719
1790040136.3100746,406.70838630001526,71.18644067796606,186.4406779661017,154684.0,142413.0,210.41040547023087,771.5048200575131
1790040136.4255104,406.82382230000803,77.96610169491527,186.4406779661017,154716.0,142511.0,263.4495539577159,872.1088682738181
1790040136.541503,406.93981420004275,84.74576271186442,186.4406779661017,154740.0,142606.0,189.9400512845097,823.0735555662087
1790040136.6556952,407.0540055000456,91.52542372881356,186.4406779661017,154760.0,142686.0,178.56555477480472,667.271283632165
1790040136.7726045,407.1709149000235,98.30508474576271,186.4406779661017,154786.0,142775.0,233.9770701814778,719.9294467122395
1790040136.8906798,407.2889901000308,105.08474576271186,186.4406779661017,154814.0,142863.0,213.4714731754308,764.9394455452937
1790040137.0152123,407.4135228000232,111.86440677966101,186.4406779661017,154843.0,142957.0,230.73245556652424,701.4266649222336
1790040137.1322153,407.5305250000092,118.64406779661016,186.4406779661017,154868.0,143034.0,207.68713287676223,677.2406506850942
1790040137.2440455,407.6423549000174,125.42372881355931,186.4406779661017,154895.0,143107.0,226.61049250084787,632.6209582315337
1790040137.359366,407.7576759000076,132.20338983050846,186.4406779661017,154928.0,143191.0,263.2448468718185,753.4249065641701
1790040137.479361,407.87767070002155,138.9830508474576,186.4406779661017,154957.0,143284.0,253.89999147582205,787.965490787034
1790040137.597429,407.9957369000185,145.76271186440675,186.4406779661017,154997.0,143366.0,342.52059981888664,731.3277671808661
1790040137.708672,408.10697980003897,152.5423728813559,186.4406779661017,155028.0,143431.0,275.22587490375423,588.4139394494057
1790040137.8277678,408.22607550001703,159.32203389830505,186.4406779661017,155079.0,143499.0,444.0552545231173,550.6285156086655
1790040137.9494388,408.3477478999994,166.1016949152542,186.4406779661017,155140.0,143574.0,519.0064486422968,622.8077383707562
1790040138.0739813,408.4722886000527,172.88135593220335,186.4406779661017,155193.0,143643.0,461.10445581892645,580.9916143318474
1790040138.1913457,408.5896538000088,179.66101694915255,186.4406779661017,155255.0,143701.0,548.8800983533132,520.9709408099244
1790040138.3058999,408.7042068000301,186.4406779661017,186.4406779661017,155312.0,143772.0,520.6121301004467,630.214683805804
1790040138.4241533,408.8224610000034,193.22033898305085,186.4406779661017,155382.0,143834.0,576.2350045321509,523.0440810368755
1790040138.5451436,408.9434491000138,200.0,186.4406779661017,155460.0,143895.0,661.6939910026048,534.7937735500504
1790040138.6741571,409.0724625000148,-200.0,193.22033898305085,155553.0,143939.0,741.9166837661552,303.9176776873407
1790040138.7918954,409.19020180002553,-193.22033898305085,193.22033898305085,155635.0,143975.0,678.4617843856225,312.449505967063
1790040138.9067574,409.3050639000139,-186.4406779661017,193.22033898305085,155728.0,144004.0,820.291458777474,255.2017871752141
1790040139.0237904,409.422096000053,-179.66101694915255,193.22033898305085,155824.0,144037.0,831.8414437926779,280.2943995388371
1790040139.1440344,409.54234040004667,-172.8813559322034,193.22033898305085,155925.0,144071.0,885.9439455449952,276.857482982811
1790040139.2625291,409.66083430004073,-166.10169491525426,193.22033898305085,156008.0,144099.0,716.1784719225192,247.56786683741404
1790040139.3782992,409.77660420001484,-159.32203389830508,193.22033898305085,156094.0,144124.0,749.190280623621,219.27520408496224
1790040139.4981458,409.8964512000093,-152.54237288135593,193.22033898305085,156196.0,144146.0,856.6493470911175,183.5677172338109
1790040139.6152112,410.0135156000033,-145.76271186440678,193.22033898305085,156308.0,144167.0,940.8759012888249,171.89078965853534
1790040139.734506,410.1328099000384,-138.98305084745763,193.22033898305085,156406.0,144186.0,851.2975422243697,173.92100325014007
1790040139.8529484,410.25125260005007,-132.20338983050848,193.22033898305085,156510.0,144204.0,898.7668204508645,160.17626503084713
1790040139.9676132,410.3659178999951,-125.42372881355932,193.22033898305085,156620.0,144227.0,936.6021357911035,183.6474776060987
1790040140.084001,410.48230580001837,-118.64406779661017,193.22033898305085,156702.0,144249.0,665.3353966012166,197.8024152057671
1790040140.2013257,410.5996290000039,-111.86440677966102,193.22033898305085,156808.0,144266.0,884.181441235376,156.5737968854312
1790040140.319805,410.7181086000055,-105.08474576271186,193.22033898305085,156927.0,144288.0,999.4781486152959,194.58866610209301
1790040140.4325342,410.8308375000488,-98.30508474576271,193.22033898305085,157020.0,144313.0,819.9936823665861,214.31653061853956
1790040140.5480545,410.94635820004623,-91.52542372881356,193.22033898305085,157138.0,144340.0,1036.3692889132863,218.1830081922708
1790040140.6707716,411.0690747000044,-84.74576271186442,193.22033898305085,157240.0,144367.0,843.5194698491789,221.53036581897626
1790040140.7901483,411.18844890000764,-77.96610169491527,193.22033898305085,157352.0,144396.0,978.1810263475679,258.3874409219991
1790040140.9072025,411.305504100048,-71.18644067796612,193.22033898305085,157451.0,144430.0,814.0847515728385,280.40696998619995
1790040141.018277,411.4165786000085,-64.40677966101697,193.22033898305085,157529.0,144463.0,694.4972979926503,313.9508333391433
1790040141.1352139,411.53351630002726,-57.62711864406779,193.22033898305085,157603.0,144497.0,604.9164357402864,297.9439161108873
1790040141.253995,411.6522956000408,-50.847457627118644,193.22033898305085,157682.0,144547.0,644.4609958536325,423.5029401323871
1790040141.3818867,411.7801868999959,-44.067796610169495,193.22033898305085,157754.0,144609.0,559.496204735803,488.4490676264946
1790040141.501133,411.89943420002237,-37.288135593220346,193.22033898305085,157814.0,144658.0,510.88133210006504,422.79834380695036
1790040141.61787,412.01617160002934,-30.508474576271198,193.22033898305085,157876.0,144711.0,545.1809637400283,436.1447709920227
1790040141.736185,412.13448480004445,-23.72881355932205,193.22033898305085,157940.0,144771.0,544.9947680791207,499.57853740586063
1790040141.8476627,412.2459628000506,-16.9491525423729,193.22033898305085,158008.0,144844.0,629.2360216045495,667.3715380654312
1790040141.9580734,412.35637360002147,-10.169491525423723,193.22033898305085,158069.0,144911.0,512.9457048211461,588.9376610909455
1790040142.0746124,412.4729124000296,-3.3898305084745743,193.22033898305085,158113.0,144969.0,370.43897024795217,505.9654227776907
1790040142.196939,412.59523880004417,3.3898305084745743,193.22033898305085,158154.0,145029.0,329.9731072103946,503.643163636918
1790040142.3149621,412.7132610999979,10.169491525423723,193.22033898305085,158185.0,145099.0,255.7320512644701,639.3301281611753
1790040142.4388425,412.83714150002925,16.94915254237287,193.22033898305085,158226.0,145177.0,301.46425499228656,637.3815676979773
1790040142.5573666,412.9556654000189,23.72881355932202,193.22033898305085,158267.0,145266.0,335.88042657962177,698.2777289418452
1790040142.6755345,413.0738333000336,30.50847457627117,193.22033898305085,158301.0,145346.0,273.96049673651885,680.4825241519984
1790040142.794274,413.1925729000359,37.28813559322032,193.22033898305085,158328.0,145442.0,238.04506814435538,811.1165284918776
1790040142.9259608,413.3242581000086,44.06779661016947,193.22033898305085,158348.0,145534.0,152.94068962076938,764.7034481038469
1790040143.0461202,413.44441789999837,50.847457627118644,193.22033898305085,158377.0,145634.0,228.60639780869468,808.9149460923043
1790040143.1623843,413.5606819000095,57.627118644067764,193.22033898305085,158402.0,145726.0,216.06322000104072,792.2318066704827
1790040143.282939,413.68123590003233,64.40677966101691,193.22033898305085,158427.0,145821.0,201.3795374096797,779.2512534548475
1790040143.4015837,413.7998801000067,71.18644067796606,193.22033898305085,158452.0,145913.0,195.91928128010443,830.3245730442521
1790040143.5122979,413.9105951000238,77.96610169491527,193.22033898305085,158465.0,146001.0,114.39444350439652,762.6296233626434
1790040143.6311076,414.02940310002305,84.74576271186442,193.22033898305085,158498.0,146095.0,281.47209904800064,774.0482723820018
1790040143.7522388,414.1505353000248,91.52542372881356,193.22033898305085,158524.0,146196.0,208.0815401944682,832.3261607778728
1790040143.8998585,414.2981546000228,98.30508474576271,193.22033898305085,158559.0,146296.0,234.21181693534172,674.2461396623473
1790040144.0168524,414.4151477999985,105.08474576271186,193.22033898305085,158589.0,146374.0,229.64791301421334,643.0141564397974
1790040144.1382394,414.5365352000226,111.86440677966101,193.22033898305085,158615.0,146453.0,211.77056078038825,635.3116823411648
1790040144.2482615,414.64655689999927,118.64406779661016,193.22033898305085,158648.0,146550.0,315.609168718912,899.007935138719
1790040144.3645983,414.76289380004164,125.42372881355931,193.22033898305085,158690.0,146628.0,359.7921479803535,656.6206700641451
1790040144.4852617,414.8835563000175,132.20338983050846,193.22033898305085,158731.0,146708.0,359.36353127719445,664.8225328628097
1790040144.6000924,414.99838699999964,138.9830508474576,193.22033898305085,158770.0,146788.0,356.94640587587844,686.4353959151509
1790040144.7171786,415.1154729000409,145.76271186440675,193.22033898305085,158816.0,146860.0,389.4405460091445,597.7459543396171
1790040144.8363163,415.2346107000485,152.5423728813559,193.22033898305085,158866.0,146932.0,422.28800913413295,598.241346273355
1790040144.9603648,415.35865870001726,159.32203389830505,193.22033898305085,158933.0,147010.0,534.2876939537141,630.6346551584822
1790040145.0798318,415.4781258000294,166.1016949152542,193.22033898305085,158996.0,147064.0,547.976200158185,441.9162904501491
1790040145.198911,415.5972045000526,172.88135593220335,193.22033898305085,159057.0,147120.0,508.9696817162523,427.17098286899744
1790040145.3104393,415.7087322000298,179.66101694915255,193.22033898305085,159121.0,147177.0,595.3376559193102,500.8396152971975
1790040145.4271662,415.825459100015,186.4406779661017,193.22033898305085,159192.0,147233.0,614.3543905212587,469.8004162809625
1790040145.5449042,415.94319680001354,193.22033898305085,193.22033898305085,159269.0,147284.0,658.8442269738671,445.16501822558587
1790040145.6627467,416.0610390000511,200.0,193.22033898305085,159341.0,147328.0,630.7942627259082,371.0554486622989
1790040145.7747943,416.17308680003043,-200.0,200.0,159424.0,147377.0,731.3135330649422,431.28746821778645
1790040145.8882315,416.2865236000507,-193.22033898305085,200.0,159492.0,147414.0,590.682173360779,323.02931355667596
1790040146.001656,416.39994710002793,-186.4406779661017,200.0,159555.0,147441.0,563.17274898879,240.04084383128756
1790040146.1177106,416.51600240002153,-179.66101694915255,200.0,159659.0,147472.0,901.5937475427054,270.4781242628116
1790040146.233949,416.63223980000475,-172.8813559322034,200.0,159748.0,147506.0,729.292305901219,299.19684344665393
1790040146.3544614,416.75275189999957,-166.10169491525426,200.0,159853.0,147531.0,905.1960973114121,226.29902432785303
1790040146.4678185,416.86610820004717,-159.32203389830508,200.0,159952.0,147561.0,880.7427905276145,278.12930227187826
1790040146.5856879,416.9839641000144,-152.54237288135593,200.0,160065.0,147583.0,919.8337805603959,189.3775430565521
1790040146.7069428,417.10523270000704,-145.76271186440678,200.0,160167.0,147605.0,824.0611838807682,166.56555844398505
1790040146.822622,417.2209117000457,-138.98305084745763,200.0,160274.0,147628.0,936.9939777273595,209.23166492941039
1790040146.9374335,417.3357236000011,-132.20338983050848,200.0,160373.0,147644.0,866.1955777310907,145.88557098628897
1790040147.0550606,417.4533499000245,-125.42372881355932,200.0,160484.0,147671.0,941.8563635858633,231.02137220030608
1790040147.1694207,417.56770960002905,-118.64406779661017,200.0,160615.0,147696.0,1100.478249720642,229.26630202513374
1790040147.2884238,417.6867119000526,-111.86440677966102,200.0,160740.0,147719.0,1073.2761395450152,205.71126007946125
1790040147.4048688,417.8031572000473,-105.08474576271186,200.0,160855.0,147742.0,1001.8251435029227,209.47253000515659
1790040147.5218105,417.9200991000398,-98.30508474576271,200.0,160965.0,147774.0,938.1455389117198,288.66016581899066
1790040147.640634,418.0389225000399,-91.52542372881356,200.0,161047.0,147796.0,682.494633165223,186.13489995415173
1790040147.7575457,418.1558343000361,-84.74576271186442,200.0,161134.0,147829.0,718.2076408666229,287.2830563466492
1790040147.8755858,418.27387330000056,-77.96610169491527,200.0,161228.0,147860.0,782.1687607056248,266.85757718191905
1790040147.9902108,418.3884978000424,-71.18644067796612,200.0,161320.0,147896.0,766.9012717082848,301.2826424568261
1790040148.1135378,418.5118251000531,-64.40677966101697,200.0,161405.0,147936.0,710.4216219963365,333.2842177266764
1790040148.229788,418.62807430000976,-57.62711864406779,200.0,161476.0,147967.0,593.9578289496169,269.98083134073494
1790040148.3488765,418.74716320005246,-50.847457627118644,200.0,161537.0,148006.0,515.0726521846037,325.30904348501286
1790040148.466843,418.86512950004544,-44.067796610169495,200.0,161606.0,148043.0,593.4676044641948,327.73584127127174
1790040148.5821311,418.9804170000134,-37.288135593220346,200.0,161660.0,148094.0,440.5286341938253,422.17327443574925
1790040148.6996644,419.0979501000256,-30.508474576271198,200.0,161714.0,148145.0,456.4963458321942,438.59452834857876
1790040148.8170702,419.2153556999983,-23.72881355932205,200.0,161772.0,148202.0,466.3723140258841,493.27840906583896
1790040148.9356887,419.333973700006,-16.9491525423729,200.0,161826.0,148248.0,424.50302175390544,397.97158289428637
1790040149.0557816,419.45406690001255,-10.169491525423723,200.0,161869.0,148326.0,357.77394809607574,654.4645392001386
1790040149.1691265,419.5674109000247,-3.3898305084745743,200.0,161921.0,148393.0,444.67089723221153,565.1025985659355
1790040149.2853608,419.6836455000448,3.3898305084745743,200.0,161965.0,148468.0,397.5352812757078,619.4154382668006
1790040149.4058208,419.80410500004655,10.169491525423723,200.0,162004.0,148548.0,311.745964475958,685.8411218471076
1790040149.5236578,419.92194190004375,16.94915254237287,200.0,162044.0,148631.0,358.25344282068704,734.4195577824084
1790040149.6401508,420.03843470005086,23.72881355932202,200.0,162073.0,148703.0,235.9094034721294,607.9203858704873
1790040149.758533,420.1568172000116,30.50847457627117,200.0,162102.0,148782.0,242.2155645172924,698.698743799882
1790040149.8781297,420.2764131000149,37.28813559322032,200.0,162136.0,148863.0,266.43440941195195,670.679720243879
1790040149.9888868,420.387169900001,44.06779661016947,200.0,162162.0,148952.0,237.26796371986663,787.7296395499571
1790040150.10088,420.49916320003103,50.847457627118644,200.0,162181.0,149032.0,180.4500424139882,731.2975403093205
1790040150.2197254,420.61800860002404,57.627118644067764,200.0,162208.0,149118.0,230.98627589100929,719.6110902758367
1790040150.337522,420.7358045000001,64.40677966101691,200.0,162228.0,149217.0,165.23842525619847,862.9117763379253
1790040150.456405,420.85468680004124,71.18644067796606,200.0,162255.0,149301.0,228.5567607207805,676.8796375192345
1790040150.5724926,420.97077390004415,77.96610169491527,200.0,162272.0,149381.0,154.96682345642586,692.7928578051979
1790040150.6908448,421.08912690001307,84.74576271186442,200.0,162290.0,149478.0,142.66276488784118,829.2273209105767
1790040150.8090048,421.20728680002503,91.52542372881356,200.0,162319.0,149573.0,249.65449605294089,811.3771121720579
1790040150.9340608,421.33234190003714,98.30508474576271,200.0,162351.0,149681.0,271.8930554110618,851.9315736213271
1790040151.050495,421.4487758000032,105.08474576271186,200.0,162374.0,149758.0,184.29714595416763,663.4697254350035
1790040151.1659496,421.56423080002423,111.86440677966101,200.0,162400.0,149827.0,226.68026755813514,571.2342742465006
1790040151.2804246,421.67870520002907,118.64406779661016,200.0,162423.0,149903.0,210.34533216890756,667.6177934056632
1790040151.3961856,421.79446659999667,125.42372881355931,200.0,162454.0,149987.0,280.2042054988696,741.1853177712035
1790040151.513445,421.91172500001267,132.20338983050846,200.0,162495.0,150063.0,351.6926131525135,647.8548137019985
1790040151.6291945,422.027474100003,138.9830508474576,200.0,162543.0,150132.0,425.7971464747489,606.9874215703867
1790040151.7464254,422.1447051000432,145.76271186440675,200.0,162590.0,150200.0,411.5642393334061,590.5052129566261
1790040151.8654208,422.26369990000967,152.5423728813559,200.0,162640.0,150285.0,424.99690092831514,699.4740661111854
1790040151.980025,422.3783039000118,159.32203389830505,200.0,162687.0,150358.0,421.607184953458,650.7415246020765
1790040152.095657,422.4939368000487,166.1016949152542,200.0,162742.0,150427.0,471.3906657812346,589.2383322265432
1790040152.2118087,422.61008690000745,172.88135593220335,200.0,162821.0,150470.0,682.1238384654902,368.71558835972445
1790040152.3268967,422.7251750000287,179.66101694915255,200.0,162900.0,150548.0,649.402321103743,704.2813904927917
1790040152.4420469,422.84032479999587,186.4406779661017,200.0,162952.0,150601.0,454.54421492770086,454.54421492770086
1790040152.5568547,422.955132800038,193.22033898305085,200.0,163026.0,150638.0,640.2142339022222,320.1071169511111
1790040152.6749375,423.07321530004265,200.0,200.0,163093.0,150691.0,580.620495801362,464.4963966410896
