Unix_Timestamp,Elapsed_Time_s,EOM0_Target_V,EOM1_Target_V,Raw_Count0,Raw_Count1,Rate0_Hz,Rate1_Hz
1790548585.1870215,0.11451149999629706,-200.0,-200.0,865.0,59.0,6051.811253272473,498.16738975108774
1790548585.2999551,0.2274454000289552,-193.22033898305085,-200.0,1578.0,142.0,6237.381155725528,715.7650506570277
1790548585.413034,0.34052450000308454,-186.4406779661017,-200.0,2267.0,206.0,6007.492679966251,574.7909662930672
1790548585.5257869,0.453277499997057,-179.66101694915255,-200.0,2972.0,294.0,6279.893452815426,781.4978519059197
1790548585.63854,0.5660305000492372,-172.8813559322034,-200.0,3678.0,375.0,6308.269033165867,733.9517726363821
1790548585.7520819,0.6795722999959253,-166.10169491525426,-200.0,4389.0,466.0,6244.281455796882,820.8878132436079
1790548585.866478,0.7939687000471167,-159.32203389830508,-200.0,5103.0,590.0,6235.317202438925,1054.5021739418771
1790548585.9904196,0.9179103000205941,-152.54237288135593,-200.0,5804.0,717.0,5603.846547885171,1018.1034186234127
1790548586.1094635,1.0369540000101551,-145.76271186440678,-200.0,6524.0,850.0,5929.725608722935,1098.4280871580136
1790548586.2304225,1.15791230002651,-138.98305084745763,-200.0,7211.0,1016.0,5772.913384852539,1401.6178172631353
1790548586.3457894,1.273279300017748,-132.20338983050848,-200.0,7856.0,1192.0,5339.5470754913,1545.414838140463
1790548586.4612846,1.388774499995634,-125.42372881355932,-200.0,8470.0,1405.0,5442.085897145201,1903.801380400625
1790548586.5746398,1.5021297000348568,-118.64406779661017,-200.0,9075.0,1642.0,5479.092196131882,2139.0976382158715
1790548586.6877708,1.6152605999959633,-111.86440677966102,-200.0,9668.0,1887.0,5317.133675985987,2149.0853882033953
1790548586.80113,1.7286198000074364,-105.08474576271186,-200.0,10232.0,2166.0,4987.171887074141,2428.937419074998
1790548586.9149218,1.8424109000479802,-98.30508474576271,-200.0,10721.0,2460.0,4308.063350624035,2595.884326658072
1790548587.0284102,1.9558990999939851,-91.52542372881356,-200.0,11200.0,2761.0,4173.7575919089,2622.449460402938
1790548587.1431973,2.0706863999948837,-84.74576271186442,-200.0,11602.0,3115.0,3529.9819850427407,3045.295339428064
1790548587.2568948,2.18438440002501,-77.96610169491527,-200.0,12000.0,3486.0,3492.7652510845937,3251.8848889408287
1790548587.3696365,2.2971257000463083,-71.18644067796612,-200.0,12361.0,3846.0,3158.2692315568743,3186.136313011788
1790548587.483717,2.411206900025718,-64.40677966101697,-200.0,12698.0,4292.0,2974.8172057055394,3969.492927737113
1790548587.5968487,2.5243379000457935,-57.62711864406779,-200.0,12968.0,4762.0,2406.8391253456093,4128.654807323623
1790548587.7103307,2.637819900002796,-50.847457627118644,-200.0,13256.0,5240.0,2535.891189207571,4266.590650455074
1790548587.8233237,2.7508131000213325,-44.067796610169495,-200.0,13500.0,5777.0,2204.848061489848,4772.519221705874
1790548587.9360533,2.8635429000132717,-37.288135593220346,-200.0,13733.0,6347.0,2062.610447432824,4998.5784717065735
1790548588.0484557,2.9759452000143938,-30.508474576271198,-200.0,13919.0,6948.0,1668.585384965485,5332.015867040544
1790548588.1623273,3.089817000029143,-23.72881355932205,-200.0,14109.0,7596.0,1700.966424970536,5636.175235172641
1790548588.274267,3.2017565999994986,-16.9491525423729,-200.0,14243.0,8256.0,1239.0515246728264,5876.107988221132
1790548588.3877766,3.315266599995084,-10.169491525423723,-200.0,14361.0,8914.0,1024.9080349007013,5798.578792050815
1790548588.501281,3.428770500002429,-3.3898305084745743,-200.0,14477.0,9547.0,1042.101836408283,5588.616927994862
1790548588.6156034,3.543093400017824,3.3898305084745743,-200.0,14569.0,10294.0,779.8157983520026,6605.498527216963
1790548588.7339213,3.6614108000067063,10.169491525423723,-200.0,14665.0,11005.0,827.2696863457236,6015.689349622708
1790548588.8519595,3.7794479000149295,16.94915254237287,-200.0,14735.0,11721.0,576.3799494884232,6148.05279454318
1790548588.965373,3.8928611000301316,23.72881355932202,-200.0,14811.0,12462.0,687.2660743729252,6426.866533325192
1790548589.08048,4.007968100020662,30.50847457627117,-200.0,14879.0,13223.0,596.4402609020376,6726.010942172208
1790548589.195219,4.1227080000098795,37.28813559322032,-200.0,14937.0,13950.0,485.05837157696794,6324.062919994054
1790548589.3093545,4.236842999991495,44.06779661016947,-200.0,14989.0,14685.0,451.2356952826777,6354.135300919338
1790548589.4234836,4.350972300046124,50.847457627118644,-200.0,15062.0,15347.0,636.6876004714978,5757.870473829198
1790548589.5403285,4.467817199998535,57.627118644067764,-200.0,15156.0,16062.0,807.510928350774,6146.055399114224
1790548589.6540055,4.5814947000471875,64.40677966101691,-200.0,15273.0,16786.0,1050.552004707585,6489.250436158357
1790548589.76707,4.694559600029606,71.18644067796606,-200.0,15402.0,17493.0,1161.491987284697,6151.261564659755
1790548589.880114,4.807603800029028,77.96610169491527,-200.0,15552.0,18191.0,1362.1781506176692,6254.899671203583
1790548589.9952216,4.9227108000195585,84.74576271186442,-200.0,15726.0,18814.0,1510.9810091635804,5415.865665375483
1790548590.1101115,5.0376007000450045,91.52542372881356,-200.0,15904.0,19427.0,1549.0455142718151,5357.875072893102
1790548590.2249355,5.152425000036601,98.30508474576271,-200.0,16116.0,19994.0,1860.1444890175835,4960.385304046889
1790548590.3390467,5.266536000010092,105.08474576271186,-200.0,16337.0,20540.0,1913.717120245893,4793.493363692838
1790548590.4524415,5.379930700000841,111.86440677966101,-200.0,16613.0,21093.0,2396.8298918387923,4775.151444744466
1790548590.5691147,5.4966042000451125,118.64406779661016,-200.0,16893.0,21656.0,2372.7638937925385,4835.066047728192
1790548590.688675,5.616164400009438,125.42372881355931,-200.0,17202.0,22158.0,2632.458931084927,4073.1965893138395
1790548590.8027463,5.730234900023788,132.20338983050846,-200.0,17557.0,22628.0,3015.5375109001757,4026.9600300840857
1790548590.9192023,5.846690300037153,138.9830508474576,-200.0,17924.0,23062.0,3226.0666195081835,3652.500712891449
1790548591.033674,5.96116190002067,145.76271186440675,-200.0,18330.0,23423.0,3524.7301684030153,3184.2209876434554
1790548591.1473513,6.074840200017206,152.5423728813559,-200.0,18716.0,23761.0,3404.2884765330123,2959.0409373679317
1790548591.2613995,6.1888874000287615,159.32203389830505,-200.0,19179.0,24096.0,3967.066004848311,2975.299503636233
1790548591.3763018,6.303790400037542,166.1016949152542,-200.0,19658.0,24367.0,4238.555441893999,2403.682956225601
1790548591.4886954,6.416184600035194,172.88135593220335,-200.0,20180.0,24652.0,4650.770282824136,2494.163095224234
1790548591.60075,6.52823840000201,179.66101694915255,-200.0,20710.0,24877.0,4692.040448843856,1972.152459573812
1790548591.715486,6.642974600021262,186.4406779661017,-200.0,21304.0,25114.0,5194.020614449193,2118.128973977508
1790548591.8296442,6.757133600011002,193.22033898305085,-200.0,21937.0,25330.0,5497.3697063003165,1973.1794438306645
1790548591.942427,6.869915899995249,200.0,-200.0,22557.0,25529.0,5476.908795089651,1735.9016011555334
1790548592.053408,6.980897000001278,-200.0,-193.22033898305085,23367.0,25612.0,7211.288879072693,726.7922037808866
1790548592.1672282,7.094717300031334,-193.22033898305085,-193.22033898305085,24090.0,25703.0,6364.599581549778,800.1736468133391
1790548592.2816575,7.209146700042766,-186.4406779661017,-193.22033898305085,24826.0,25769.0,6443.66285255564,592.5207220740818
1790548592.3951373,7.322625400032848,-179.66101694915255,-193.22033898305085,25476.0,25834.0,5707.261797512071,591.0432929462339
1790548592.5162177,7.443704500037711,-172.8813559322034,-193.22033898305085,26243.0,25924.0,6277.307210770355,758.0842286939162
1790548592.636108,7.563595800020266,-166.10169491525426,-193.22033898305085,26968.0,26023.0,6139.916790697289,833.9289969454527
1790548592.7506351,7.678123000019696,-159.32203389830508,-193.22033898305085,27655.0,26120.0,6015.629599437235,855.4335668924508
1790548592.8663383,7.793826300010551,-152.54237288135593,-193.22033898305085,28327.0,26233.0,5885.223520474959,968.685858960164
1790548592.9807687,7.908256700029597,-145.76271186440678,-193.22033898305085,29002.0,26371.0,5951.783186765335,1206.940553353342
1790548593.0968392,8.024328000028618,-138.98305084745763,-193.22033898305085,29603.0,26535.0,5239.702757167138,1391.796044872521
1790548593.2110715,8.138559200044256,-132.20338983050848,-193.22033898305085,30177.0,26736.0,5095.149161172475,1731.9841573050319
1790548593.3260796,8.253567700041458,-125.42372881355932,-193.22033898305085,30780.0,26959.0,5255.114840436486,1979.791528428329
1790548593.4408457,8.36833349999506,-118.64406779661017,-193.22033898305085,31322.0,27200.0,4649.217458733124,2059.2006460924267
1790548593.5532663,8.480754300020635,-111.86440677966102,-193.22033898305085,31841.0,27465.0,4553.384934072219,2393.5657969660942
1790548593.6676695,8.595158100011759,-105.08474576271186,-193.22033898305085,32300.0,27730.0,3984.883154263096,2322.984880250146
1790548593.7801414,8.707629800017457,-98.30508474576271,-193.22033898305085,32718.0,28035.0,3709.1331347620358,2721.2735561570717
1790548593.894186,8.82167480001226,-91.52542372881356,-193.22033898305085,33132.0,28378.0,3679.2670102166476,3027.825719130907
1790548594.008323,8.935811900009867,-84.74576271186442,-193.22033898305085,33512.0,28763.0,3275.617023865808,3394.8971956032183
1790548594.1230643,9.050553100008983,-77.96610169491527,-193.22033898305085,33859.0,29160.0,2981.615196785275,3483.110107559557
1790548594.2358685,9.163355700031389,-71.18644067796612,-193.22033898305085,34191.0,29601.0,3003.977937958935,3918.232092989915
1790548594.353697,9.281185100029688,-64.40677966101697,-193.22033898305085,34489.0,30075.0,2407.5478486018683,4065.0519443700778
1790548594.470457,9.397945100034121,-57.62711864406779,-193.22033898305085,34787.0,30584.0,2624.88464392524,4291.916645856709
1790548594.584256,9.511743000010028,-50.847457627118644,-193.22033898305085,35022.0,31113.0,2003.8655210630227,4663.373678049891
1790548594.6983008,9.625788500008639,-44.067796610169495,-193.22033898305085,35251.0,31727.0,1942.2891579049767,5385.0197031962625
1790548594.8120713,9.739558700006455,-37.288135593220346,-193.22033898305085,35447.0,32309.0,1731.036080754004,5100.041786307495
1790548594.9278646,9.855351900041569,-30.508474576271198,-193.22033898305085,35613.0,32917.0,1431.8052893034187,5301.304393939873
1790548595.0429697,9.97045690001687,-23.72881355932205,-193.22033898305085,35763.0,33546.0,1304.135294370029,5426.2972038473235
1790548595.157377,10.084865200042259,-16.9491525423729,-193.22033898305085,35896.0,34199.0,1138.0970650551396,5727.198133825864
1790548595.2704463,10.197934499999974,-10.169491525423723,-193.22033898305085,35998.0,34839.0,898.691523387389,5633.035528036417
1790548595.3842292,10.311717500037048,-3.3898305084745743,-193.22033898305085,36084.0,35517.0,745.7554085822037,5938.422697969399
1790548595.4970315,10.424519399995916,3.3898305084745743,-193.22033898305085,36169.0,36296.0,742.993800530697,6826.2555423757785
1790548595.6097617,10.537249999993946,10.169491525423723,-193.22033898305085,36237.0,36967.0,613.3127903161671,5984.446014600176
1790548595.7228513,10.650339799991343,16.94915254237287,-193.22033898305085,36310.0,37735.0,657.7831964912443,6716.800245861297
1790548595.8362932,10.763781300047413,23.72881355932202,-193.22033898305085,36377.0,38454.0,605.3809986085472,6258.708170229903
1790548595.9520981,10.879585300048348,30.50847457627117,-193.22033898305085,36435.0,39255.0,491.2149839285747,6840.623479894226
1790548596.0681791,10.99566670000786,37.28813559322032,-193.22033898305085,36518.0,39950.0,694.6078059828245,5825.444132842621
1790548596.1815975,11.10908449999988,44.06779661016947,-193.22033898305085,36608.0,40645.0,790.7918337988439,6149.569436953362
1790548596.2953818,11.222869699995499,50.847457627118644,-193.22033898305085,36698.0,41375.0,812.4616850249067,6388.903250423131
1790548596.4085448,11.33603150001727,57.627118644067764,-193.22033898305085,36806.0,42076.0,971.3201534679436,6142.44363716871
1790548596.5239906,11.451476200018078,64.40677966101691,-193.22033898305085,36931.0,42748.0,1112.3378490897442,5855.8612385964225
1790548596.6383448,11.565831799991429,71.18644067796606,-193.22033898305085,37069.0,43415.0,1264.0744463369601,5874.228309448226
1790548596.7510982,11.678584700042848,77.96610169491527,-193.22033898305085,37205.0,44087.0,1150.8104326610837,5931.819628513228
1790548596.864521,11.79200860002311,84.74576271186442,-193.22033898305085,37388.0,44731.0,1583.3509261461313,5713.02644112376
1790548596.976875,11.904362600005697,91.52542372881356,-193.22033898305085,37602.0,45337.0,1932.5157972492702,5347.252448699437
1790548597.0896728,12.017160699993838,98.30508474576271,-193.22033898305085,37832.0,45874.0,2013.1056906795482,4734.526346598196
1790548597.201704,12.12919150001835,105.08474576271186,-193.22033898305085,38098.0,46440.0,2330.04475790455,5090.539551405924
1790548597.31377,12.241256500012241,111.86440677966101,-193.22033898305085,38411.0,46945.0,2768.122081096742,4507.550145569695
1790548597.4261918,12.353679899999406,118.64406779661016,-193.22033898305085,38764.0,47417.0,3093.445342283895,4230.1933295087
1790548597.5399606,12.467448600044008,125.42372881355931,-193.22033898305085,39163.0,47855.0,3506.488845220118,3847.014008666691
1790548597.655841,12.583329000044614,132.20338983050846,-193.22033898305085,39571.0,48306.0,3497.5557767394334,3904.248308918437
1790548597.7692506,12.696738700033166,138.9830508474576,-193.22033898305085,39993.0,48672.0,3797.8150955510587,3157.1079033920782
1790548597.8877225,12.815210200031288,145.76271186440675,-193.22033898305085,40462.0,49020.0,3902.7826580401643,2885.050218868693
1790548598.0031703,12.93065660004504,152.5423728813559,-193.22033898305085,40966.0,49342.0,4197.148729190654,2847.7328406482043
1790548598.1213033,13.048789900029078,159.32203389830505,-193.22033898305085,41496.0,49612.0,4510.245561163588,2245.880474104
1790548598.2347512,13.162237700016703,166.1016949152542,-193.22033898305085,42032.0,49845.0,4797.75955711715,2026.9604330456173
1790548598.349114,13.276601599995047,172.88135593220335,-193.22033898305085,42596.0,50060.0,5028.834763914371,1880.024782826183
1790548598.4646597,13.392145899997558,179.66101694915255,-193.22033898305085,43209.0,50299.0,5376.685314794499,2067.2584346933318
1790548598.579454,13.50694019999355,186.4406779661017,-193.22033898305085,43833.0,50480.0,5489.066609294392,1614.4313556748214
1790548598.6948397,13.62232630001381,193.22033898305085,-193.22033898305085,44506.0,50651.0,5826.061427185866,1481.6671133502516
1790548598.8082757,13.735761500021908,200.0,-193.22033898305085,45244.0,50816.0,6500.555795157942,1467.2683080499355
1790548598.9236293,13.851116800040472,-200.0,-186.4406779661017,46035.0,50902.0,6831.420504057642,714.2772108800215
1790548599.0371215,13.964608300011605,-193.22033898305085,-186.4406779661017,46748.0,50994.0,6195.935614131921,831.0494862472026
1790548599.149155,14.076642300002277,-186.4406779661017,-186.4406779661017,47511.0,51086.0,6799.735135484153,815.9682162580984
1790548599.262903,14.19039070000872,-179.66101694915255,-186.4406779661017,48249.0,51171.0,6536.362892765695,718.0793037122876
1790548599.37643,14.303917700017337,-172.8813559322034,-186.4406779661017,49024.0,51262.0,6738.68754274024,821.5660154847691
1790548599.4890478,14.416535500029568,-166.10169491525426,-186.4406779661017,49746.0,51369.0,6422.171826981975,957.2846572780657
1790548599.602026,14.529513500048779,-159.32203389830508,-186.4406779661017,50432.0,51514.0,6119.610568566538,1316.6434859643157
1790548599.7148974,14.64238520001527,-152.54237288135593,-186.4406779661017,51091.0,51665.0,5853.653097381655,1300.8117994181455
1790548599.8347538,14.762241700023878,-145.76271186440678,-186.4406779661017,51750.0,51864.0,5567.36066769085,1644.7021245784974
1790548599.947853,14.875339200021699,-138.98305084745763,-186.4406779661017,52320.0,52057.0,4901.188863651191,1742.4378659748531
1790548600.065321,14.992807200003881,-132.20338983050848,-186.4406779661017,52935.0,52305.0,5249.767424639189,2170.3985465822793
1790548600.1801085,15.107593599997927,-125.42372881355932,-186.4406779661017,53479.0,52566.0,4717.933030759154,2239.175247020458
1790548600.2941344,15.221621700038668,-118.64406779661017,-186.4406779661017,53993.0,52867.0,4523.804666536262,2632.7059944596276
1790548600.408295,15.335780900029931,-111.86440677966102,-186.4406779661017,54468.0,53198.0,4109.7071666012625,2862.117491025879
1790548600.5241313,15.451617100043222,-105.08474576271186,-186.4406779661017,54961.0,53558.0,4275.648913237103,3116.150902867719
1790548600.637895,15.565380899992306,-98.30508474576271,-186.4406779661017,55392.0,53960.0,3799.6427029974648,3548.8105441198813
1790548600.7512507,15.678737700043712,-91.52542372881356,-186.4406779661017,55822.0,54366.0,3729.450725299624,3570.9490694743904
1790548600.86433,15.791817100020126,-84.74576271186442,-186.4406779661017,56199.0,54793.0,3317.23824198734,3817.6037868681124
1790548600.9767377,15.904224800004158,-77.96610169491527,-186.4406779661017,56505.0,55285.0,2731.7309663620204,4326.017639563062
1790548601.0898106,16.01729750004597,-71.18644067796612,-186.4406779661017,56839.0,55837.0,2965.8381776175333,4921.437725984094
1790548601.2029004,16.13038760004565,-64.40677966101697,-186.4406779661017,57130.0,56404.0,2548.3821935395154,4967.02856631702
1790548601.3157883,16.24327550001908,-57.62711864406779,-186.4406779661017,57381.0,56993.0,2236.2148025442098,5288.972769502903
1790548601.43076,16.35824740002863,-50.847457627118644,-186.4406779661017,57589.0,57581.0,1787.0705441666519,5087.680426760162
1790548601.5424652,16.46995270001935,-44.067796610169495,-186.4406779661017,57760.0,58199.0,1482.4058134224902,5601.242219071055
1790548601.6568463,16.584333700011484,-37.288135593220346,-186.4406779661017,57928.0,58858.0,1483.656425658685,5723.983123683199
1790548601.772872,16.70035930001177,-30.508474576271198,-186.4406779661017,58053.0,59598.0,1054.0261072197964,6296.897347442405
1790548601.8953042,16.822791400016285,-23.72881355932205,-186.4406779661017,58164.0,60368.0,922.6923120375307,6284.753295199029
1790548602.0132806,16.94076780002797,-16.9491525423729,-186.4406779661017,58278.0,61137.0,968.2683363545116,6413.667328880342
1790548602.1258926,17.053378600045107,-10.169491525423723,-186.4406779661017,58383.0,61896.0,866.6900268271448,6719.177519810445
1790548602.2470644,17.174549899995327,-3.3898305084745743,-186.4406779661017,58458.0,62712.0,587.5499990081224,6821.088269734922
1790548602.3621619,17.289648800040595,3.3898305084745743,-186.4406779661017,58522.0,63475.0,560.3271564049046,6695.90951903861
1790548602.4748967,17.402383300010115,10.169491525423723,-186.4406779661017,58589.0,64211.0,603.8237837863068,6586.324041607561
1790548602.588366,17.515851900039706,16.94915254237287,-186.4406779661017,58654.0,64948.0,573.8673754801284,6442.124086034991
1790548602.7021098,17.629595700011123,23.72881355932202,-186.4406779661017,58724.0,65740.0,618.6553202455576,6952.947106640371
1790548602.8165555,17.74404170003254,30.50847457627117,-186.4406779661017,58796.0,66482.0,614.3311538280735,6400.046945850676
1790548602.9309804,17.85846690001199,37.28813559322032,-186.4406779661017,58892.0,67173.0,837.4145793418962,6110.365721791419
1790548603.0443935,17.97187990002567,44.06779661016947,-186.4406779661017,59001.0,67880.0,959.9816865013099,6286.033927955693
1790548603.1577783,18.085264800000004,50.847457627118644,-186.4406779661017,59115.0,68584.0,1025.4524692633179,6254.3362314528495
1790548603.2715328,18.199019599996973,57.627118644067764,-186.4406779661017,59280.0,69280.0,1445.7041405560367,6114.315600822983
1790548603.3850217,18.312508600007277,64.40677966101691,-186.4406779661017,59460.0,69985.0,1606.6051788380237,6250.986816513459
1790548603.4977179,18.425204600032885,71.18644067796606,-186.4406779661017,59654.0,70653.0,1746.840124365835,5844.481054394203
1790548603.6101346,18.537621400028,77.96610169491527,-186.4406779661017,59846.0,71212.0,1715.9985153789914,4989.452205042176
1790548603.724032,18.651518900005613,84.74576271186442,-186.4406779661017,60113.0,71864.0,2385.102114295688,5809.626161669652
1790548603.8457935,18.773280300025363,91.52542372881356,-186.4406779661017,60421.0,72503.0,2587.1977419818213,5200.617082699944
1790548603.9594843,18.88696999999229,98.30508474576271,-186.4406779661017,60726.0,73057.0,2690.39677281366,4915.326975936376
1790548604.074348,19.00183340004878,105.08474576271186,-186.4406779661017,61092.0,73632.0,3093.1748622906634,4892.840236714323
1790548604.1877515,19.115236500045285,111.86440677966101,-186.4406779661017,61455.0,74130.0,3231.0328129385293,4348.392863522458
1790548604.3025198,19.230006300029345,118.64406779661016,-186.4406779661017,61900.0,74599.0,3882.4222648932277,4075.166632653885
1790548604.4148939,19.342380000045523,125.42372881355931,-186.4406779661017,62337.0,75031.0,3868.165464849407,3868.165464849407
1790548604.5287702,19.456255800032523,132.20338983050846,-186.4406779661017,62800.0,75402.0,4133.589510361357,3240.5868767198162
1790548604.643144,19.570629200024996,138.9830508474576,-186.4406779661017,63275.0,75736.0,4173.264331813753,2788.3314783357378
1790548604.7578955,19.685380900045857,145.76271186440675,-186.4406779661017,63767.0,76051.0,4255.467132632794,2745.462666214706
1790548604.8720284,19.79951370001072,152.5423728813559,-186.4406779661017,64320.0,76358.0,4751.105597721645,2624.1571615323037
1790548604.9887948,19.91628080001101,159.32203389830505,-186.4406779661017,64915.0,76625.0,5050.075435826574,2292.2328219354663
1790548605.1022637,20.029749600042123,166.1016949152542,-186.4406779661017,65504.0,76853.0,5267.152960937198,2017.995334770315
1790548605.2152638,20.142746300029103,172.88135593220335,-186.4406779661017,66111.0,77041.0,5300.91987696794,1686.6563244897989
1790548605.3280225,20.25550910003949,179.66101694915255,-186.4406779661017,66719.0,77206.0,5399.4726911669,1440.4789451477961
1790548605.440606,20.368092500022613,186.4406779661017,-186.4406779661017,67397.0,77354.0,5964.188816356584,1293.3264359962013
1790548605.5544229,20.48190950002754,193.22033898305085,-186.4406779661017,68117.0,77501.0,6297.780838689219,1290.9067604926656
1790548605.671656,20.599142500024755,200.0,-186.4406779661017,68843.0,77646.0,6189.219440439326,1221.6746645859919
1790548605.7835143,20.7109996000072,-200.0,-179.66101694915255,69545.0,77719.0,6238.702349600149,658.6865225822179
1790548605.9022424,20.82972800004063,-193.22033898305085,-179.66101694915255,70306.0,77827.0,6269.858785602101,941.863911828298
1790548606.016313,20.94379889999982,-186.4406779661017,-179.66101694915255,71098.0,77938.0,6969.3907640736,956.2224795035017
1790548606.1301167,21.057601300009992,-179.66101694915255,-179.66101694915255,71840.0,78064.0,6442.522116612633,1132.043171919077
1790548606.2456348,21.173119300045073,-172.8813559322034,-179.66101694915255,72545.0,78201.0,6116.4811364890065,1185.0112485001057
1790548606.3589573,21.28644350002287,-166.10169491525426,-179.66101694915255,73227.0,78349.0,5958.330845724479,1305.424598437288
1790548606.4714024,21.398887300048955,-159.32203389830508,-179.66101694915255,73826.0,78505.0,5376.980374216634,1416.4662337624409
1790548606.5866644,21.51414929999737,-152.54237288135593,-179.66101694915255,74454.0,78713.0,5490.314300409725,1817.9243690208573
1790548606.7012432,21.628728900046553,-145.76271186440678,-179.66101694915255,75095.0,78923.0,5559.803909537038,1810.1687147329892
1790548606.8151052,21.74259030004032,-138.98305084745763,-179.66101694915255,75662.0,79201.0,4967.52252307267,2456.1639141859314
1790548606.9294364,21.856922000006307,-132.20338983050848,-179.66101694915255,76235.0,79467.0,5038.7636027957315,2349.5873994821627
1790548607.0432005,21.970686500018928,-125.42372881355932,-179.66101694915255,76743.0,79775.0,4419.214006461614,2762.0087540385084
1790548607.1559784,22.08346450002864,-118.64406779661017,-179.66101694915255,77214.0,80121.0,4156.299217456591,3112.5648848217515
1790548607.2680836,22.19556940003531,-111.86440677966102,-179.66101694915255,77645.0,80509.0,3858.7600390397233,3466.3437638831415
1790548607.3827767,22.31026270001894,-105.08474576271186,-179.66101694915255,78055.0,80894.0,3585.1056646870093,3357.045507900304
1790548607.4963005,22.423786800005473,-98.30508474576271,-179.66101694915255,78436.0,81318.0,3366.543749308417,3781.597088264249
1790548607.6101346,22.537620800023433,-91.52542372881356,-179.66101694915255,78794.0,81769.0,3183.820621711116,3982.0963461051565
1790548607.7300677,22.65755360003095,-84.74576271186442,-179.66101694915255,79114.0,82307.0,2670.6723798819417,4569.422842655149
1790548607.8454618,22.772946100041736,-77.96610169491527,-179.66101694915255,79392.0,82827.0,2315.7940801868035,4576.88436320384
1790548607.9645026,22.891986900009215,-71.18644067796612,-179.66101694915255,79623.0,83365.0,1996.968323363597,4523.365458037543
1790548608.0831454,23.01062960003037,-64.40677966101697,-179.66101694915255,79833.0,83879.0,1804.3168042593234,4387.145935229522
1790548608.1971583,23.12464260001434,-57.62711864406779,-179.66101694915255,80044.0,84432.0,1786.0299145218623,4793.593242084584
1790548608.3122299,23.23971450002864,-50.847457627118644,-179.66101694915255,80185.0,85082.0,1215.6276703633296,5721.676102612363
1790548608.426603,23.354088000021875,-44.067796610169495,-179.66101694915255,80330.0,85731.0,1248.4818558526151,5664.068419566644
1790548608.5420983,23.469583099999,-37.288135593220346,-179.66101694915255,80472.0,86470.0,1190.4577990443618,6415.749665078774
1790548608.6565218,23.584006000019144,-30.508474576271198,-179.66101694915255,80562.0,87225.0,770.5488873816627,6577.185145864906
1790548608.7703001,23.697784500021953,-23.72881355932205,-179.66101694915255,80651.0,87957.0,775.6970422750582,6436.438553163281
1790548608.884384,23.81186890002573,-16.9491525423729,-179.66101694915255,80724.0,88697.0,655.5833077542391,6528.1323743978455
1790548608.9987788,23.9262643000111,-10.169491525423723,-179.66101694915255,80805.0,89387.0,700.2639812709344,6053.597838092157
1790548609.1126447,24.04013010003837,-3.3898305084745743,-179.66101694915255,80883.0,90093.0,689.7211319964132,6235.079033247575
1790548609.226268,24.153753800026607,3.3898305084745743,-179.66101694915255,80955.0,90849.0,665.8485362880203,6639.9895702055355
1790548609.339729,24.267214799998328,10.169491525423723,-179.66101694915255,81033.0,91591.0,646.3819690130617,6436.117605744343
1790548609.4535022,24.380988000018988,16.94915254237287,-179.66101694915255,81115.0,92380.0,747.8899807721943,7017.239325763799
1790548609.5673223,24.49480800004676,23.72881355932202,-179.66101694915255,81207.0,93115.0,814.7959535975431,6472.072404144121
1790548609.6851804,24.61266580002848,30.50847457627117,-179.66101694915255,81298.0,93903.0,759.5871064442173,6612.875985514363
1790548609.7982812,24.72576520004077,37.28813559322032,-179.66101694915255,81425.0,94602.0,1086.4190133244542,6115.78979052473
1790548609.9197788,24.84726310003316,44.06779661016947,-179.66101694915255,81553.0,95301.0,1126.203458109212,5740.890798654275
1790548610.0348108,24.962296200043056,50.847457627118644,-179.66101694915255,81693.0,96008.0,1243.0452554636659,6121.764228035347
1790548610.148625,25.076109200017527,57.627118644067764,-179.66101694915255,81867.0,96669.0,1510.6268917909342,5849.073635897825
1790548610.2637026,25.191187000018544,64.40677966101691,-179.66101694915255,82069.0,97303.0,1748.14774065791,5500.716189190596
1790548610.3767955,25.30428090004716,71.18644067796606,-179.66101694915255,82293.0,97941.0,1993.770863506989,5599.328453120094
1790548610.48951,25.416994600032922,77.96610169491527,-179.66101694915255,82546.0,98505.0,2266.156347912701,5052.4141527234
1790548610.6046064,25.532091100001708,84.74576271186442,-179.66101694915255,82822.0,99042.0,2386.7745256200005,4718.68067134069
1790548610.7173562,25.644841100031044,91.52542372881356,-179.66101694915255,83159.0,99557.0,3058.0783149101276,4587.117472365192
1790548610.8301444,25.757628999999724,98.30508474576271,-179.66101694915255,83478.0,100079.0,2850.7360210967913,4602.168609221618
1790548610.9428878,25.870373200043105,105.08474576271186,-179.66101694915255,83844.0,100558.0,3186.469986991839,4164.772175980561
1790548611.0553617,25.982844999991357,111.86440677966101,-179.66101694915255,84271.0,101002.0,3847.9097358908803,3959.7134086044166
1790548611.1686947,26.096179600048345,118.64406779661016,-179.66101694915255,84698.0,101372.0,3730.9149345898413,3258.7644093687945
1790548611.282413,26.20989830000326,125.42372881355931,-179.66101694915255,85164.0,101729.0,4096.511982439157,3157.5362021946758
1790548611.395857,26.32334250002168,132.20338983050846,-179.66101694915255,85691.0,102096.0,4626.589871598341,3176.7403509577434
1790548611.5082266,26.435711800004356,138.9830508474576,-179.66101694915255,86225.0,102368.0,4718.802283521041,2396.7039266104894
1790548611.622407,26.54989220004063,145.76271186440675,-179.66101694915255,86821.0,102663.0,5242.791849903171,2538.6150010057463
1790548611.7430866,26.670571900031064,152.5423728813559,-179.66101694915255,87423.0,102891.0,4996.714069790012,1890.175550043157
1790548611.8644123,26.79189779999433,159.32203389830505,-179.66101694915255,88026.0,103093.0,5004.291905648993,1706.2084880420116
1790548611.9807577,26.908241800032556,166.1016949152542,-179.66101694915255,88720.0,103265.0,5745.022952562637,1474.9504252221034
1790548612.0977263,27.025210099993274,172.88135593220335,-179.66101694915255,89402.0,103445.0,5765.873851698905,1499.6860906680513
1790548612.2128756,27.14036030002171,179.66101694915255,-179.66101694915255,90097.0,103611.0,6025.827883199824,1432.5204323557864
1790548612.327615,27.255098699999508,186.4406779661017,-179.66101694915255,90822.0,103740.0,6316.232073032436,1101.6683848312389
1790548612.4409873,27.36847200000193,193.22033898305085,-179.66101694915255,91545.0,103873.0,6402.197377710511,1152.2096877156798
1790548612.5544248,27.481908500019927,200.0,-179.66101694915255,92250.0,103977.0,6195.683887241715,895.6502787815892
1790548612.6679244,27.595408499997575,-200.0,-172.8813559322034,92931.0,104083.0,6007.395855648701,953.4079709272977
1790548612.7806282,27.708111900021322,-193.22033898305085,-172.8813559322034,93628.0,104201.0,6087.187541509846,1034.728663258182
1790548612.8951604,27.822643299994525,-186.4406779661017,-172.8813559322034,94279.0,104306.0,5666.621126605289,898.5904051898353
1790548613.0087693,27.93625339999562,-179.66101694915255,-172.8813559322034,94948.0,104451.0,5837.635888088126,1297.2524195751391
1790548613.1235297,28.05101440002909,-172.8813559322034,-172.8813559322034,95572.0,104583.0,5445.611156991254,1107.4268067158685
1790548613.2364006,28.163885200046934,-166.10169491525426,-172.8813559322034,96256.0,104753.0,5988.290801838444,1522.60417287055
1790548613.3486905,28.276175300008617,-159.32203389830508,-172.8813559322034,96863.0,104966.0,5358.111331200864,1894.9418122539641
1790548613.4618518,28.38933660002658,-152.54237288135593,-172.8813559322034,97462.0,105175.0,5239.2611342541995,1860.5856678181874
1790548613.5739343,28.50141900003655,-145.76271186440678,-172.8813559322034,98021.0,105421.0,5008.19437629737,2223.787801415623
1790548613.6862957,28.613780400017276,-138.98305084745763,-172.8813559322034,98512.0,105702.0,4334.28221610163,2507.3589594222335
1790548613.801791,28.729275999998208,-132.20338983050848,-172.8813559322034,99000.0,105992.0,4177.257053613994,2482.7948648378183
1790548613.9155717,28.84305670001777,-125.42372881355932,-172.8813559322034,99445.0,106315.0,3916.3206631951007,2811.955357696956
1790548614.0345843,28.96206869999878,-118.64406779661017,-172.8813559322034,99836.0,106691.0,3285.133709795278,3196.823663833039
1790548614.1498444,29.077328100043815,-111.86440677966102,-172.8813559322034,100242.0,107046.0,3427.6570344443985,3021.1424535399415
1790548614.268694,29.196176900004502,-105.08474576271186,-172.8813559322034,100590.0,107454.0,3098.6602245143413,3470.871662894442
1790548614.3830364,29.310520700004417,-98.30508474576271,-172.8813559322034,100924.0,107920.0,2863.11978476392,4109.96227167724
1790548614.4964893,29.423973700031638,-91.52542372881356,-172.8813559322034,101198.0,108438.0,2390.3639719642524,4402.330558405206
1790548614.6106088,29.53809230000479,-84.74576271186442,-172.8813559322034,101450.0,108925.0,2176.9722260064136,4243.7180101897175
1790548614.7241175,29.651601199992,-77.96610169491527,-172.8813559322034,101654.0,109452.0,1739.2543222738148,4644.179094582208
1790548614.838404,29.76588800002355,-71.18644067796612,-172.8813559322034,101871.0,110047.0,1877.350734151633,5178.898576970023
1790548614.9532316,29.880715500039514,-64.40677966101697,-172.8813559322034,102030.0,110635.0,1348.7430264107866,5167.143891722405
1790548615.0669467,29.99443030002294,-57.62711864406779,-172.8813559322034,102178.0,111241.0,1329.5453605604698,5290.4825805635355
1790548615.1800313,30.10751560004428,-50.847457627118644,-172.8813559322034,102306.0,111882.0,1119.5450170898903,5691.020503540276
1790548615.2937403,30.221224700042512,-44.067796610169495,-172.8813559322034,102425.0,112555.0,1058.7563755704196,5910.622548836603
1790548615.407861,30.335345200030133,-37.288135593220346,-172.8813559322034,102520.0,113243.0,853.4208408878105,6047.358431667389
1790548615.5216737,30.449157499999274,-30.508474576271198,-172.8813559322034,102608.0,113932.0,800.908801301557,6075.8598719428455
1790548615.63541,30.56289460003609,-23.72881355932205,-172.8813559322034,102681.0,114630.0,616.8162521029195,6177.368733747149
1790548615.747585,30.675069499993697,-16.9491525423729,-172.8813559322034,102763.0,115362.0,714.9509408540574,6603.888953678267
1790548615.864301,30.791785300010815,-10.169491525423723,-172.8813559322034,102831.0,116091.0,574.7941968534243,6125.150660219302
1790548615.979389,30.906872700026724,-3.3898305084745743,-172.8813559322034,102908.0,116863.0,683.371088181655,6695.1897152932415
1790548616.096539,31.024021800025366,3.3898305084745743,-172.8813559322034,102989.0,117660.0,688.9855101506209,6871.482154568859
1790548616.212978,31.140461800037883,10.169491525423723,-172.8813559322034,103076.0,118405.0,733.8251183601146,6457.661041569009
1790548616.3274322,31.254916000005323,16.94915254237287,-172.8813559322034,103167.0,119110.0,816.8832322919834,6213.819643389581
1790548616.4398286,31.367312400019728,23.72881355932202,-172.8813559322034,103265.0,119779.0,848.316371757946,5938.214602305621
1790548616.5529056,31.48038920003455,30.50847457627117,-172.8813559322034,103357.0,120458.0,778.2303043246637,5892.315161315311
1790548616.6665106,31.59399340004893,37.28813559322032,-172.8813559322034,103472.0,121123.0,986.2341985284193,5862.102338916586
1790548616.781302,31.708784600021318,44.06779661016947,-172.8813559322034,103642.0,121809.0,1502.8956096487768,6057.683530915622
1790548616.8949084,31.822391099995002,50.847457627118644,-172.8813559322034,103816.0,122435.0,1570.8874588766048,5493.458510035937
1790548617.0093746,31.93685800000094,57.627118644067764,-172.8813559322034,104022.0,123045.0,1800.4093849012959,5401.228154703887
1790548617.1230843,32.05056820000755,64.40677966101691,-172.8813559322034,104256.0,123664.0,2050.365093304652,5292.158551637683
1790548617.2359002,32.16338410001481,71.18644067796606,-172.8813559322034,104499.0,124219.0,2165.0250889551603,4934.02713405661
1790548617.3482413,32.27572480001254,77.96610169491527,-172.8813559322034,104757.0,124735.0,2313.277465914982,4607.899468395165
1790548617.461299,32.38878310000291,84.74576271186442,-172.8813559322034,105041.0,125203.0,2499.8745422775332,4172.653046403764
1790548617.5752563,32.50274010002613,91.52542372881356,-172.8813559322034,105355.0,125633.0,2719.625867950544,3656.794241365934
1790548617.692301,32.61978520004777,98.30508474576271,-172.8813559322034,105705.0,126070.0,2953.511725049464,3705.3147096075095
1790548617.811038,32.738521600025706,105.08474576271186,-172.8813559322034,106089.0,126472.0,3224.496939000042,3428.8039075868214
1790548617.9245696,32.85205240000505,111.86440677966101,-172.8813559322034,106540.0,126849.0,3965.2350323604696,3365.839039096678
1790548618.0426962,32.97017849999247,118.64406779661016,-172.8813559322034,106954.0,127143.0,3613.8964407103117,2513.217321712247
1790548618.1568208,33.08430320001207,125.42372881355931,-172.8813559322034,107411.0,127449.0,4043.593258997279,2677.2649431717145
1790548618.2728746,33.200356999994256,132.20338983050846,-172.8813559322034,107904.0,127727.0,4268.265990706149,2353.0184307739023
1790548618.3859167,33.31340030004503,138.9830508474576,-172.8813559322034,108438.0,127972.0,4670.20622301817,2130.432719265261
1790548618.5000484,33.4275318,145.76271186440675,-172.8813559322034,108943.0,128203.0,4466.275492844638,2054.303306770429
1790548618.614901,33.54238370002713,152.5423728813559,-172.8813559322034,109539.0,128402.0,5191.538522245045,1745.746228430992
1790548618.7286725,33.65615500003332,159.32203389830505,-172.8813559322034,110144.0,128564.0,5248.498348653041,1425.5180700045298
1790548618.8426826,33.770165299996734,166.1016949152542,-172.8813559322034,110747.0,128727.0,5295.888179402926,1399.9565274247734
1790548618.9574707,33.88495380000677,172.88135593220335,-172.8813559322034,111349.0,128860.0,5258.130141289259,1101.1790871809967
1790548619.0708923,33.99837570003001,179.66101694915255,-172.8813559322034,112034.0,128993.0,6113.8000512310455,1176.4433431914283
1790548619.1833186,34.110801900038496,186.4406779661017,-172.8813559322034,112659.0,129102.0,5581.568710135878,987.7233443646128
1790548619.2970183,34.22450190002564,193.22033898305085,-172.8813559322034,113359.0,129190.0,6190.537347293986,748.4082464638998
1790548619.4094114,34.33689490001416,200.0,-172.8813559322034,114042.0,129282.0,6045.672820995118,793.0280706552238
1790548619.5221844,34.44966820004629,-200.0,-166.10169491525426,114717.0,129380.0,5918.1602964659605,854.7421464283648
1790548619.635602,34.563085500034504,-193.22033898305085,-166.10169491525426,115368.0,129488.0,5781.975199937032,979.0565035037147
1790548619.7501879,34.67767070000991,-186.4406779661017,-166.10169491525426,115987.0,129609.0,5404.446612169073,1080.8893224338146
1790548619.8663473,34.79382920003263,-179.66101694915255,-166.10169491525426,116672.0,129739.0,5810.40778741549,1069.11503288445
1790548619.9850717,34.91255420004018,-172.8813559322034,-166.10169491525426,117262.0,129916.0,5034.22908328152,1488.221006371544
1790548620.0998344,35.027316400024574,-166.10169491525426,-166.10169491525426,117867.0,130108.0,5300.4850476558595,1674.8060393634835
1790548620.2139566,35.141438900027424,-159.32203389830508,-166.10169491525426,118375.0,130334.0,4458.21578833101,1997.8726354346434
1790548620.329047,35.256529000005685,-152.54237288135593,-166.10169491525426,118863.0,130553.0,4256.767479763175,1889.8579759293407
1790548620.4438272,35.371310300019104,-145.76271186440678,-166.10169491525426,119375.0,130841.0,4326.557196013927,2542.8813963887346
1790548620.5575686,35.48505070002284,-138.98305084745763,-166.10169491525426,119833.0,131144.0,3983.634896629161,2658.8232912836665
1790548620.6716666,35.59914880001452,-132.20338983050848,-166.10169491525426,120316.0,131473.0,4173.880923469683,2918.0229464965037
1790548620.786835,35.714317000005394,-125.42372881355932,-166.10169491525426,120731.0,131794.0,3594.8092045691155,2780.717552643794
1790548620.9005468,35.82802930002799,-118.64406779661017,-166.10169491525426,121104.0,132154.0,3259.754259010611,3204.1902659592934
1790548621.0159633,35.94344619999174,-111.86440677966102,-166.10169491525426,121441.0,132596.0,2927.451035834419,3909.3290230086964
1790548621.1293805,36.0568634000374,-105.08474576271186,-166.10169491525426,121730.0,133042.0,2537.290766503168,3954.0991142220905
1790548621.2417734,36.16925660002744,-98.30508474576271,-166.10169491525426,121997.0,133547.0,2359.0931380926168,4568.99461527819
1790548621.3541503,36.281633500009775,-91.52542372881356,-166.10169491525426,122276.0,134074.0,2442.5738764258303,4735.982935970694
1790548621.467219,36.39470220002113,-84.74576271186442,-166.10169491525426,122505.0,134648.0,2020.5952418334814,5070.025675609699
1790548621.5810142,36.5084971000324,-77.96610169491527,-166.10169491525426,122715.0,135201.0,1840.3445856589494,4922.92176663769
1790548621.6955545,36.62303760001669,-71.18644067796612,-166.10169491525426,122902.0,135809.0,1613.113143574862,5389.264366034198
1790548621.8116,36.73908309999388,-64.40677966101697,-166.10169491525426,123055.0,136436.0,1309.9650129081083,5458.187553783784
1790548621.932632,36.86011539999163,-57.62711864406779,-166.10169491525426,123181.0,137115.0,1007.0484394835645,5592.715440703367
1790548622.0463102,36.97379270003876,-50.847457627118644,-166.10169491525426,123281.0,137817.0,892.0797261045143,6198.09559699699
1790548622.1661065,37.09358810004778,-44.067796610169495,-166.10169491525426,123387.0,138517.0,921.3672359934162,5902.223779086537
1790548622.284608,37.21208980004303,-37.288135593220346,-166.10169491525426,123476.0,139196.0,751.4786040062578,5798.446018566804
1790548622.3986506,37.326133500027936,-30.508474576271198,-166.10169491525426,123565.0,139880.0,778.0219903644548,6038.9325918764835
1790548622.5117412,37.439222700020764,-23.72881355932205,-166.10169491525426,123621.0,140625.0,509.3446214361932,6593.697644773993
1790548622.6255627,37.55304430000251,-16.9491525423729,-166.10169491525426,123680.0,141358.0,535.2810177830106,6506.433060983146
1790548622.738671,37.66615300002741,-10.169491525423723,-166.10169491525426,123743.0,142105.0,567.9887146604497,6536.525863797306
1790548622.8530896,37.78057140001329,-3.3898305084745743,-166.10169491525426,123815.0,142862.0,660.1374183010016,6601.374183010016
1790548622.967566,37.895047900034115,3.3898305084745743,-166.10169491525426,123892.0,143587.0,673.4839229798428,6319.677907413593
1790548623.0818746,38.009356199996546,10.169491525423723,-166.10169491525426,123970.0,144282.0,677.9982149342144,6036.970406948484
1790548623.1980426,38.1255242000334,16.94915254237287,-166.10169491525426,124077.0,145006.0,900.8648302628751,6224.157009088955
1790548623.31242,38.239901900000405,23.72881355932202,-166.10169491525426,124198.0,145739.0,1114.2348568107955,6399.944012260354
1790548623.4238322,38.35131470003398,30.50847457627117,-166.10169491525426,124323.0,146437.0,1110.6457278596436,6202.674022538179
1790548623.5375845,38.465067200013436,37.28813559322032,-166.10169491525426,124493.0,147054.0,1528.2256842881573,5404.026967934628
1790548623.6512249,38.578707100008614,44.06779661016947,-166.10169491525426,124663.0,147692.0,1465.6714855182693,5632.2344506393865
1790548623.7657664,38.69324900000356,50.847457627118644,-166.10169491525426,124878.0,148321.0,1876.6913111680976,5492.755057077358
1790548623.8802385,38.80772139999317,57.627118644067764,-166.10169491525426,125094.0,148895.0,1900.1215341939358,5011.914771352121
1790548623.993872,38.92135479999706,64.40677966101691,-166.10169491525426,125348.0,149451.0,2250.1212661727686,4850.6712541265415
1790548624.1119225,39.03940110001713,71.18644067796606,-166.10169491525426,125651.0,150028.0,2567.2217495104564,4907.657125389247
1790548624.2262938,39.15377500001341,77.96610169491527,-166.10169491525426,126032.0,150504.0,3317.9151518012877,4177.769219310354
1790548624.3448565,39.272337900009006,84.74576271186442,-166.10169491525426,126387.0,150987.0,2970.4949338778106,3988.421546733135
1790548624.4598646,39.3873472000123,91.52542372881356,-166.10169491525426,126753.0,151407.0,3216.947246389114,3722.467527964546
1790548624.573995,39.50147620000644,98.30508474576271,-166.10169491525426,127072.0,151696.0,2824.9960782833587,2540.6620574171766
1790548624.690838,39.61831950000487,105.08474576271186,-166.10169491525426,127508.0,152061.0,3819.757878177812,3099.048844559357
1790548624.8052135,39.732694800011814,111.86440677966101,-166.10169491525426,127990.0,152384.0,4171.693265032606,2817.964986975668
1790548624.919248,39.84673029999249,118.64406779661016,-166.10169491525426,128488.0,152693.0,4367.2548023299205,2736.4444647510263
1790548625.0333724,39.96085430000676,125.42372881355931,-166.10169491525426,129001.0,152995.0,4461.421101994375,2625.4453398567725
1790548625.14721,40.07469140004832,132.20338983050846,-166.10169491525426,129540.0,153253.0,4700.804379479962,2281.407996303387
1790548625.2619743,40.189455300045665,138.9830508474576,-166.10169491525426,130074.0,153464.0,4579.649035789713,1842.917117017993
1790548625.3753643,40.302846400009,145.76271186440675,-166.10169491525426,130671.0,153625.0,5260.842380638647,1389.3069667179525
1790548625.4887779,40.41626020002877,152.5423728813559,-166.10169491525426,131333.0,153797.0,5883.108090480331,1505.410704471419
1790548625.6012237,40.52870580001036,159.32203389830505,-166.10169491525426,131967.0,153965.0,5683.787602936033,1500.1472197913138
1790548625.7146184,40.642101000004914,166.1016949152542,-166.10169491525426,132606.0,154106.0,5658.932793567609,1211.307509734243
1790548625.8277853,40.75526790000731,172.88135593220335,-166.10169491525426,133208.0,154228.0,5319.424504525005,1091.6384200590446
1790548625.9422095,40.869692100037355,179.66101694915255,-166.10169491525426,133912.0,154327.0,6160.006160590905,843.3341767475644
1790548626.0610628,40.988545200030785,186.4406779661017,-166.10169491525426,134707.0,154431.0,6700.6259831498155,879.7904142331986
1790548626.1785476,41.10602950002067,193.22033898305085,-166.10169491525426,135458.0,154513.0,6465.895342278035,723.4568215136262
1790548626.2945867,41.22206770000048,200.0,-166.10169491525426,136198.0,154594.0,6347.815549572214,699.0986288075126
1790548626.4123874,41.33986940002069,-200.0,-159.32203389830508,136851.0,154706.0,5808.0130067870905,922.9426768409663
1790548626.5257657,41.453247700002976,-193.22033898305085,-159.32203389830508,137459.0,154843.0,5329.889686541482,1191.6044533168997
1790548626.6402662,41.567747300025076,-186.4406779661017,-159.32203389830508,138110.0,154971.0,5718.466053492772,1138.1858597642113
1790548626.754635,41.68211700004758,-179.66101694915255,-159.32203389830508,138739.0,155141.0,5463.901850933573,1437.383960785223
1790548626.8678067,41.79528860002756,-172.8813559322034,-159.32203389830508,139300.0,155321.0,4953.121253896335,1620.179849405343
1790548626.9815562,41.90903690003324,-166.10169491525426,-159.32203389830508,139823.0,155551.0,4636.972867340895,2024.075457966264
1790548627.096975,42.02445590001298,-159.32203389830508,-159.32203389830508,140385.0,155797.0,4902.95622637403,2140.4696958423933
1790548627.2121646,42.13964490004582,-152.54237288135593,-159.32203389830508,140891.0,156038.0,4482.208832634334,2113.041306813329
1790548627.3255386,42.25302030000603,-145.76271186440678,-159.32203389830508,141350.0,156328.0,3977.310742850834,2555.5150801027553
1790548627.4392216,42.36670320003759,-138.98305084745763,-159.32203389830508,141771.0,156641.0,3659.212715022156,2781.3712808628
1790548627.551973,42.4794548000209,-132.20338983050848,-159.32203389830508,142174.0,156997.0,3567.7950754251324,3251.8965531218655
1790548627.6647756,42.59225770004559,-125.42372881355932,-159.32203389830508,142534.0,157385.0,3102.333345177695,3399.562887230648
1790548627.7777975,42.70527930004755,-118.64406779661017,-159.32203389830508,142890.0,157801.0,3086.1194127375807,3669.9798421744204
1790548627.8897338,42.817215999995824,-111.86440677966102,-159.32203389830508,143187.0,158273.0,2705.3136469210845,4156.260412570801
1790548628.002301,42.92978300002869,-105.08474576271186,-159.32203389830508,143471.0,158753.0,2554.342708321566,4306.957413301327
1790548628.120485,43.04796699999133,-98.30508474576271,-159.32203389830508,143726.0,159294.0,2124.810284022891,4588.875991545236
1790548628.2336204,43.16110110003501,-91.52542372881356,-159.32203389830508,143981.0,159838.0,2208.5136330212217,4894.2908053817755
1790548628.3518121,43.27929259999655,-84.74576271186442,-159.32203389830508,144195.0,160484.0,1904.0736958459117,5647.203936947874
1790548628.4661586,43.393640400026925,-77.96610169491527,-159.32203389830508,144363.0,161066.0,1463.4307972097158,5117.405806594981
1790548628.57719,43.50467110000318,-71.18644067796612,-159.32203389830508,144536.0,161704.0,1539.1501240989567,5646.698001295558
1790548628.6909795,43.61846000002697,-64.40677966101697,-159.32203389830508,144655.0,162363.0,1031.2809614574153,5865.410468289049
1790548628.8043864,43.73186749999877,-57.62711864406779,-159.32203389830508,144779.0,163032.0,1093.0541042295877,5780.218313892057
1790548628.9188323,43.84631300001638,-50.847457627118644,-159.32203389830508,144889.0,163678.0,945.1552991554405,5542.464084367825
1790548629.03291,43.96039070002735,-44.067796610169495,-159.32203389830508,144969.0,164382.0,708.9854236758581,6132.263534650929
1790548629.1473594,44.0748410000233,-37.288135593220346,-159.32203389830508,145052.0,165123.0,743.4753156558072,6480.1675660864175
1790548629.2618668,44.18934660003288,-30.508474576271198,-159.32203389830508,145124.0,165892.0,630.9407875440502,6647.738442674267
1790548629.3762088,44.30369040003279,-23.72881355932205,-159.32203389830508,145178.0,166706.0,457.6177335652629,7166.293707632017
1790548629.4886112,44.41609290003544,-16.9491525423729,-159.32203389830508,145235.0,167398.0,485.1013256175049,6175.713029976698
1790548629.602442,44.529923400026746,-10.169491525423723,-159.32203389830508,145303.0,168100.0,599.6226990603833,6097.701601214052
1790548629.7256992,44.653179900022224,-3.3898305084745743,-159.32203389830508,145382.0,168916.0,658.0348655751633,6640.957130212502
1790548629.8567076,44.78418880002573,3.3898305084745743,-159.32203389830508,145480.0,169738.0,756.7640083468606,6234.703477857659
1790548629.9764965,44.903976600035094,10.169491525423723,-159.32203389830508,145598.0,170506.0,926.1713088636154,6244.77882511012
1790548630.094948,45.02242809999734,16.94915254237287,-159.32203389830508,145716.0,171301.0,1007.8902082199681,6620.636597114653
1790548630.2087905,45.1362709000241,23.72881355932202,-159.32203389830508,145848.0,172028.0,1152.0694511811969,6429.290808204744
1790548630.323909,45.25138930004323,30.50847457627117,-159.32203389830508,146007.0,172692.0,1343.977882510817,5732.4770907094035
1790548630.436888,45.3643692000187,37.28813559322032,-159.32203389830508,146193.0,173341.0,1712.564326774419,5764.697405972908
1790548630.5496943,45.47717420000117,44.06779661016947,-159.32203389830508,146411.0,174002.0,1979.2963744706021,5826.379468512055
1790548630.6644309,45.5919115000288,50.847457627118644,-159.32203389830508,146640.0,174599.0,2010.919569190064,5187.988842887608
1790548630.7789135,45.70639340003254,57.627118644067764,-159.32203389830508,146892.0,175176.0,2193.12130719755,5046.931878488085
1790548630.892301,45.81978230003733,64.40677966101691,-159.32203389830508,147183.0,175757.0,2585.3273864493044,5207.720398510785
1790548631.0063555,45.93383650004398,71.18644067796606,-159.32203389830508,147516.0,176273.0,2936.6958493031852,4450.929646600141
1790548631.119468,46.046949000039604,77.96610169491527,-159.32203389830508,147888.0,176706.0,3324.5573660767664,3861.67248371591
1790548631.2321713,46.15965240000514,84.74576271186442,-159.32203389830508,148300.0,177144.0,3671.5838012534095,3913.2576717156594
1790548631.3453143,46.272783100022934,91.52542372881356,-159.32203389830508,148779.0,177553.0,4255.011459114425,3624.639391097473
1790548631.4586747,46.38615600002231,98.30508474576271,-159.32203389830508,149228.0,177927.0,3961.7163382815675,3269.108586833741
1790548631.574198,46.50167930003954,105.08474576271186,-159.32203389830508,149768.0,178266.0,4741.657474927623,2947.516808738793
1790548631.6877966,46.61527609999757,111.86440677966101,-159.32203389830508,150321.0,178607.0,4865.516389798999,2994.872777811883
1790548631.8074484,46.73492800001986,118.64406779661016,-159.32203389830508,150931.0,178900.0,5090.995774052709,2411.524314024967
1790548631.9242187,46.851699299993925,125.42372881355931,-159.32203389830508,151576.0,179174.0,5732.389680681827,2395.4864194068773
1790548632.038017,46.96549800003413,132.20338983050846,-159.32203389830508,152232.0,179389.0,5678.204988986396,1905.0055635659382
1790548632.1504376,47.07791809999617,138.9830508474576,-159.32203389830508,152896.0,179594.0,5878.352570151424,1844.5543722503676
1790548632.2659173,47.193397200026084,145.76271186440675,-159.32203389830508,153577.0,179800.0,5909.1553738453895,1809.1106452234346
1790548632.382308,47.30978840001626,152.5423728813559,-159.32203389830508,154277.0,179965.0,6009.301350658745,1369.4359899552162
1790548632.4968152,47.42429600004107,159.32203389830505,-159.32203389830508,155015.0,180095.0,6523.769432076568,1140.969548064167
1790548632.6092198,47.53669939999236,166.1016949152542,-159.32203389830508,155732.0,180222.0,6330.0284798675975,1165.3218851008096
1790548632.7236607,47.65114060003543,172.88135593220335,-159.32203389830508,156452.0,180327.0,6313.9296935336315,904.6273537518946
1790548632.838038,47.76551870000549,179.66101694915255,-159.32203389830508,157204.0,180418.0,6493.207459072293,810.4996544657614
1790548632.9507973,47.878277700045146,186.4406779661017,-159.32203389830508,158007.0,180520.0,7044.086652017678,895.6719451572147
1790548633.0638552,47.991335800033994,193.22033898305085,-159.32203389830508,158711.0,180615.0,6168.877180772267,815.106894756696
1790548633.1762915,48.10377220000373,200.0,-159.32203389830508,159416.0,180710.0,6264.478450124402,876.2812117733539
1790548633.2891426,48.216623300046194,-200.0,-152.54237288135593,160105.0,180850.0,6171.871302036203,1262.217288837479
1790548633.4036322,48.33111309999367,-193.22033898305085,-152.54237288135593,160790.0,181015.0,5984.123342180367,1452.63452123157
1790548633.518982,48.446463000029325,-186.4406779661017,-152.54237288135593,161464.0,181198.0,5874.747098433488,1564.769086965929
1790548633.6392763,48.566757199994754,-179.66101694915255,-152.54237288135593,162162.0,181451.0,5645.823362233258,2098.52532437597
1790548633.757067,48.68454720004229,-172.8813559322034,-152.54237288135593,162782.0,181701.0,5306.551978604505,2169.232396659274
1790548633.8717473,48.7992271000403,-166.10169491525426,-152.54237288135593,163330.0,181944.0,4641.501457007553,2086.3778826548805
1790548633.9908848,48.91836500004865,-159.32203389830508,-152.54237288135593,163880.0,182236.0,4628.853866772536,2407.0040107217187
1790548634.1050048,49.0324844000279,-152.54237288135593,-152.54237288135593,164392.0,182547.0,4483.649932680193,2754.9024328632936
1790548634.220175,49.14765440003248,-145.76271186440678,-152.54237288135593,164873.0,182915.0,4142.483132028825,3264.6059119962265
1790548634.3339274,49.261406900011934,-138.98305084745763,-152.54237288135593,165295.0,183306.0,3656.500054411739,3480.6177733134527
1790548634.4492683,49.37674880004488,-132.20338983050848,-152.54237288135593,165721.0,183769.0,3682.304370022223,4067.9821344634533
1790548634.5620503,49.489530300023034,-125.42372881355932,-152.54237288135593,166093.0,184223.0,3305.180498791985,4038.6334746475095
1790548634.6761742,49.60365340003045,-118.64406779661017,-152.54237288135593,166445.0,184719.0,3045.810085816567,4348.5360863766655
1790548634.7885647,49.71604470000602,-111.86440677966102,-152.54237288135593,166771.0,185234.0,2908.3387016410434,4572.918408689615
1790548634.9026945,49.830174100003205,-105.08474576271186,-152.54237288135593,167031.0,185823.0,2252.3146216718387,5132.323482170255
1790548635.0150383,49.942518200026825,-98.30508474576271,-152.54237288135593,167272.0,186465.0,2132.6568690820673,5715.146258812031
1790548635.129498,50.056977900036145,-91.52542372881356,-152.54237288135593,167469.0,187092.0,1726.1119421575838,5472.142114499575
1790548635.2432268,50.17070740001509,-84.74576271186442,-152.54237288135593,167651.0,187730.0,1560.648749812584,5725.456951975159
1790548635.3569658,50.284446400008164,-77.96610169491527,-152.54237288135593,167807.0,188413.0,1343.6023821334345,5972.588671264377
1790548635.4708712,50.39835190004669,-71.18644067796612,-152.54237288135593,167944.0,189155.0,1241.2446283128158,6482.055281189149
1790548635.5857098,50.51319040003,-64.40677966101697,-152.54237288135593,168072.0,189891.0,1093.679634759898,6442.600201400743
1790548635.7054844,50.632964799995534,-57.62711864406779,-152.54237288135593,168194.0,190716.0,1019.2732045395478,6848.800655063979
1790548635.818275,50.74575410003308,-50.847457627118644,-152.54237288135593,168269.0,191478.0,634.9461276805946,6545.5475809426
1790548635.9374154,50.86489419999998,-44.067796610169495,-152.54237288135593,168363.0,192328.0,792.7823619895341,7116.604458789771
1790548636.0555336,50.983007800008636,-37.288135593220346,-152.54237288135593,168429.0,193173.0,566.3208088043565,7130.071822323702
1790548636.168226,51.095705200044904,-30.508474576271198,-152.54237288135593,168503.0,193940.0,603.8563192811267,6818.931359266878
1790548636.2826288,51.21010800002841,-23.72881355932205,-152.54237288135593,168590.0,194712.0,754.8309178691312,6765.862495534286
1790548636.3964446,51.32392360002268,-16.9491525423729,-152.54237288135593,168682.0,195527.0,740.8443216914224,7204.711028449083
1790548636.5121992,51.4396790000028,-10.169491525423723,-152.54237288135593,168781.0,196388.0,857.1222760151475,7440.550821578301
1790548636.6263933,51.553871700016316,-3.3898305084745743,-152.54237288135593,168902.0,197201.0,1035.4945537526446,7184.316195947553
1790548636.7407193,51.66819840000244,3.3898305084745743,-152.54237288135593,169011.0,197925.0,960.3052292055138,6362.022143486529
1790548636.8538845,51.781363799993414,10.169491525423723,-152.54237288135593,169124.0,198678.0,1021.194426076065,6693.465283644026
1790548636.968261,51.89567470003385,16.94915254237287,-152.54237288135593,169286.0,199480.0,1400.1641506621363,7028.45557207375
1790548637.0816388,52.00911909999559,23.72881355932202,-152.54237288135593,169459.0,200209.0,1537.6150657273874,6419.079762343852
1790548637.1953878,52.122867900005076,30.50847457627117,-152.54237288135593,169662.0,200903.0,1758.5031909864238,6085.70999603155
1790548637.3088598,52.23633990000235,37.28813559322032,-152.54237288135593,169858.0,201564.0,1753.6297824558521,5805.437542972269
1790548637.423665,52.35114520002389,44.06779661016947,-152.54237288135593,170138.0,202190.0,2451.4963693046507,5477.135010974331
1790548637.5373235,52.46480330004124,50.847457627118644,-152.54237288135593,170422.0,202769.0,2521.5672511314715,5117.02658288218
1790548637.656904,52.58438400004525,57.627118644067764,-152.54237288135593,170734.0,203327.0,2582.4472643022373,4672.9998115945245
1790548637.7716854,52.699163900048006,64.40677966101691,-152.54237288135593,171102.0,203861.0,3096.0702222089335,4685.944120100007
1790548637.890763,52.818242600013036,71.18644067796606,-152.54237288135593,171517.0,204429.0,3615.482774791932,4706.600338539881
1790548638.0053349,52.932812899991404,77.96610169491527,-152.54237288135593,171940.0,204947.0,3702.7048038128883,4479.815688563741
1790548638.1200604,53.04753870004788,84.74576271186442,-152.54237288135593,172392.0,205388.0,4005.74705853279,3859.4183988603595
1790548638.2358272,53.16330590000143,91.52542372881356,-152.54237288135593,172915.0,205820.0,4537.353605334359,3737.1790216280992
1790548638.3496487,53.27712740004063,98.30508474576271,-152.54237288135593,173429.0,206160.0,4583.316360112332,2999.988890255345
1790548638.4653556,53.39283510000678,105.08474576271186,-152.54237288135593,174008.0,206519.0,4956.64084745913,3151.7272671459164
1790548638.5791492,53.5066278000013,111.86440677966101,-152.54237288135593,174594.0,206814.0,5133.6213556688745,2548.410601290821
1790548638.6925688,53.62004730000626,118.64406779661016,-152.54237288135593,175219.0,207073.0,5549.538666024866,2279.10936868467
1790548638.8052998,53.73277910001343,125.42372881355931,-152.54237288135593,175864.0,207313.0,5706.767275319346,2144.7001198095577
1790548638.917695,53.84517460002098,132.20338983050846,-152.54237288135593,176536.0,207523.0,5975.035351835899,1873.6070292028326
1790548639.030077,53.957556800043676,138.9830508474576,-152.54237288135593,177223.0,207710.0,6169.807645109964,1677.5912025978753
1790548639.142615,54.07009480003035,145.76271186440675,-152.54237288135593,177897.0,207879.0,5966.71485187291,1517.2769436119881
1790548639.254966,54.18244570004754,152.5423728813559,-152.54237288135593,178604.0,208015.0,6362.35423831689,1173.7286003337163
1790548639.3730521,54.30053180002142,159.32203389830505,-152.54237288135593,179345.0,208118.0,6241.177040099358,906.9911957554463
1790548639.4858816,54.41336000000592,166.1016949152542,-152.54237288135593,180107.0,208229.0,6828.959257685575,996.860355487526
1790548639.606031,54.533509300032165,172.88135593220335,-152.54237288135593,180913.0,208312.0,6741.622910459376,721.325908114995
1790548639.7238715,54.65134969999781,179.66101694915255,-152.54237288135593,181713.0,208408.0,6994.58776266239,861.5849826855658
1790548639.8373818,54.76485999999568,186.4406779661017,-152.54237288135593,182474.0,208486.0,6662.564255037307,694.0171098997195
1790548639.953412,54.880890600034036,193.22033898305085,-152.54237288135593,183304.0,208581.0,7154.298308870868,799.9723649055101
1790548640.067235,54.994713000021875,200.0,-152.54237288135593,184031.0,208674.0,6361.559464310785,798.6775385850036
1790548640.1839685,55.11144690000219,-200.0,-145.76271186440678,184712.0,208842.0,5791.533700663874,1454.6597906503646
1790548640.2967114,55.224190500041004,-193.22033898305085,-145.76271186440678,185360.0,209027.0,5786.42231316079,1649.2701279057324
1790548640.4100854,55.33756479999283,-186.4406779661017,-145.76271186440678,185984.0,209247.0,5568.031900017391,1936.3039386083772
1790548640.523219,55.45069860003423,-179.66101694915255,-145.76271186440678,186610.0,209492.0,5554.002491660442,2175.3176425670063
1790548640.6365886,55.564068000006955,-172.8813559322034,-145.76271186440678,187192.0,209774.0,5163.108988155285,2466.100357490986
1790548640.7493563,55.67683549999492,-166.10169491525426,-145.76271186440678,187755.0,210062.0,5007.297275337704,2499.003649472806
1790548640.8621042,55.78958360000979,-159.32203389830508,-145.76271186440678,188274.0,210445.0,4554.597541736296,3392.710413742343
1790548640.9753554,55.902834700013045,-152.54237288135593,-145.76271186440678,188715.0,210844.0,3838.3348844960724,3514.6198942373676
1790548641.0897796,56.01725760003319,-145.76271186440678,-145.76271186440678,189175.0,211286.0,4034.611266814545,3850.8020974835863
1790548641.2074268,56.13490589999128,-138.98305084745763,-145.76271186440678,189598.0,211758.0,3585.2407267244134,4004.294837640254
1790548641.3192089,56.24668710003607,-132.20338983050848,-145.76271186440678,189932.0,212210.0,2981.00593038488,4049.6684337304027
1790548641.434973,56.3624510000227,-125.42372881355932,-145.76271186440678,190262.0,212772.0,2836.9565697057137,4948.812418719872
1790548641.5490885,56.47656610002741,-118.64406779661017,-145.76271186440678,190547.0,213360.0,2438.303530915084,5144.451010301901
1790548641.6635115,56.59098920004908,-111.86440677966102,-145.76271186440678,190817.0,213931.0,2364.461406888969,4950.5910706737795
1790548641.777952,56.70542970002862,-105.08474576271186,-145.76271186440678,191070.0,214545.0,2190.403088312517,5383.973977574884
1790548641.892767,56.82024560001446,-98.30508474576271,-145.76271186440678,191298.0,215174.0,1963.778383555689,5423.331891034637
1790548642.0064545,56.93393350002589,-91.52542372881356,-145.76271186440678,191499.0,215815.0,1754.3033522513656,5669.16978043336
1790548642.1203432,57.04782100004377,-84.74576271186442,-145.76271186440678,191667.0,216525.0,1443.6024962480653,6197.376321472586
1790548642.2377582,57.165237300039735,-77.96610169491527,-145.76271186440678,191832.0,217229.0,1379.3336660106968,6015.674569182136
1790548642.3520973,57.27957610000158,-71.18644067796612,-145.76271186440678,191952.0,217940.0,1016.1261973104638,6206.608664653103
1790548642.467131,57.39460980001604,-64.40677966101697,-145.76271186440678,192057.0,218688.0,891.9315691734414,6489.257232863915
1790548642.5801468,57.507625700032804,-57.62711864406779,-145.76271186440678,192126.0,219398.0,593.8798820645346,6365.64998587923
1790548642.6954596,57.622938800021075,-50.847457627118644,-145.76271186440678,192197.0,220161.0,631.6911194843674,6637.33422646618
1790548642.808876,57.73635360004846,-44.067796610169495,-145.76271186440678,192270.0,220944.0,650.0145326216634,6880.868123895037
1790548642.9280822,57.855559599993285,-37.288135593220346,-145.76271186440678,192355.0,221740.0,766.6395418906917,6511.817795577562
1790548643.0465162,57.97399470000528,-30.508474576271198,-145.76271186440678,192432.0,222547.0,686.1076190823635,6916.706538316799
1790548643.1596367,58.08711480000056,-23.72881355932205,-145.76271186440678,192505.0,223382.0,666.6956800905754,7315.133156549369
1790548643.2730742,58.20055200002389,-16.9491525423729,-145.76271186440678,192580.0,224168.0,641.4564968463776,6916.574400778333
1790548643.3871496,58.31462730001658,-10.169491525423723,-145.76271186440678,192670.0,224928.0,819.8072805198223,6678.205375021023
1790548643.5009685,58.428446000034455,-3.3898305084745743,-145.76271186440678,192788.0,225640.0,1042.848138327502,6146.343894921384
1790548643.6140265,58.54150440002559,3.3898305084745743,-145.76271186440678,192924.0,226344.0,1235.3625790891451,6306.851061665635
1790548643.727112,58.654588900040835,10.169491525423723,-145.76271186440678,193061.0,227049.0,1183.9460646356504,6180.757801995561
1790548643.8394635,58.76694190001581,16.94915254237287,-145.76271186440678,193268.0,227773.0,1861.6207703584826,6445.511109432133
1790548643.9532056,58.88068390003173,23.72881355932202,-145.76271186440678,193480.0,228450.0,1886.8011356682455,5890.501106476474
1790548644.0663667,58.993845399993006,30.50847457627117,-145.76271186440678,193711.0,229087.0,2046.2394557374434,5573.919241420547
1790548644.180208,59.10768489999464,37.28813559322032,-145.76271186440678,193964.0,229712.0,2224.769778233849,5359.672647563363
1790548644.292293,59.21977200004039,44.06779661016947,-145.76271186440678,194226.0,230295.0,2338.358622056827,5097.621796083882
1790548644.4110131,59.338492000009865,50.847457627118644,-145.76271186440678,194563.0,230874.0,2836.9148645421774,4808.481484239728
1790548644.5247786,59.45225730002858,57.627118644067764,-145.76271186440678,194907.0,231390.0,3001.7871756011186,4465.621662468331
1790548644.637912,59.56538929999806,64.40677966101691,-145.76271186440678,195308.0,231866.0,3536.9380791276476,4135.784738027566
1790548644.7600703,59.687547600013204,71.18644067796606,-145.76271186440678,195754.0,232390.0,3825.290530832125,4279.600570123351
1790548644.8721907,59.79966790002072,77.96610169491527,-145.76271186440678,196205.0,232789.0,4077.355398411096,3524.334781155338
1790548644.9853265,59.912803400016855,84.74576271186442,-145.76271186440678,196704.0,233189.0,4409.253278942966,3570.2833104337337
1790548645.0997684,60.0272457000101,91.52542372881356,-145.76271186440678,197243.0,233538.0,4682.202448487227,2998.090105355458
1790548645.2147908,60.14226819999749,98.30508474576271,-145.76271186440678,197833.0,233861.0,5114.4248906348275,2746.1236349714927
1790548645.329929,60.257406699995045,105.08474576271186,-145.76271186440678,198402.0,234154.0,5039.502013259965,2515.1779558012527
1790548645.4425883,60.37006660003681,111.86440677966101,-145.76271186440678,199026.0,234388.0,5529.163306270905,2107.2359312263484
1790548645.5560539,60.483531400037464,118.64406779661016,-145.76271186440678,199666.0,234627.0,5684.822722890665,2094.894087818476
1790548645.6697953,60.5972735999967,125.42372881355931,-145.76271186440678,200348.0,234862.0,5955.469706927175,1994.389855343054
1790548645.7828493,60.71032760001253,132.20338983050846,-145.76271186440678,201035.0,235061.0,6096.365322726457,1765.7155660335775
1790548645.8966892,60.82416540000122,138.9830508474576,-145.76271186440678,201779.0,235208.0,6551.0661135087785,1306.5328484806835
1790548646.0113792,60.93885710003087,145.76271186440675,-145.76271186440678,202495.0,235324.0,6194.814601116954,1040.0719654305342
1790548646.1250055,61.052483800041955,152.5423728813559,-145.76271186440678,203260.0,235444.0,6818.391226547899,1022.7586839821848
1790548646.2444081,61.171886200027075,159.32203389830505,-145.76271186440678,204041.0,235563.0,6518.074745790099,1006.2055276971055
1790548646.3595223,61.28699940000661,166.1016949152542,-145.76271186440678,204827.0,235672.0,6644.23893432564,913.9255755606107
1790548646.4762366,61.40371460001916,172.88135593220335,-145.76271186440678,205619.0,235761.0,6925.40866904126,729.9755083584031
1790548646.5893257,61.516803100006655,179.66101694915255,-145.76271186440678,206386.0,235871.0,6696.478395576783,967.2691015833132
1790548646.7027538,61.630231100018136,186.4406779661017,-145.76271186440678,207136.0,235933.0,6693.465149476272,535.4772119581017
1790548646.8174949,61.74497290002182,193.22033898305085,-145.76271186440678,207928.0,236019.0,6959.804830477416,752.907646568797
1790548646.9299154,61.85739310004283,200.0,-145.76271186440678,208753.0,236113.0,7243.573308516413,811.0564708377451
1790548647.0426943,61.97017230000347,-200.0,-138.98305084745763,209430.0,236307.0,6056.518840343127,1718.4907752507338
1790548647.1558914,62.083367600047495,-193.22033898305085,-138.98305084745763,210070.0,236512.0,5718.407421059371,1791.6438835461988
1790548647.2705674,62.19804450002266,-186.4406779661017,-138.98305084745763,210711.0,236790.0,5651.45437372233,2356.306709565011
1790548647.3836536,62.31113109999569,-179.66101694915255,-138.98305084745763,211267.0,237097.0,4888.398603304358,2760.179439508355
1790548647.4963586,62.42383660003543,-172.8813559322034,-138.98305084745763,211825.0,237397.0,4904.031094503402,2666.4503669733326
1790548647.6094685,62.53694610000821,-166.10169491525426,-138.98305084745763,212350.0,237743.0,4712.43935681772,3036.6996248255646
1790548647.7228703,62.65034789999481,-159.32203389830508,-138.98305084745763,212831.0,238121.0,4266.447986638863,3278.331245144581
1790548647.8359513,62.7634292000439,-152.54237288135593,-138.98305084745763,213258.0,238556.0,3760.5197289655775,3908.7175507967336
1790548647.950456,62.87793380004587,-145.76271186440678,-138.98305084745763,213658.0,238992.0,3565.812089692956,3867.534651128514
1790548648.0645032,62.9919813000015,-138.98305084745763,-138.98305084745763,214041.0,239453.0,3364.7655439341183,3965.6165339223535
1790548648.1821628,63.10964050004259,-132.20338983050848,-138.98305084745763,214358.0,239964.0,2656.7147568365403,4326.136867551393
1790548648.2943716,63.221849200024735,-125.42372881355932,-138.98305084745763,214670.0,240494.0,2693.3684218457875,4694.6907908562
1790548648.4099262,63.33740250003757,-118.64406779661017,-138.98305084745763,214916.0,241107.0,2168.921461047857,5390.273166907966
1790548648.5249882,63.452465900045354,-111.86440677966102,-138.98305084745763,215143.0,241757.0,1945.1236568380173,5642.693627148022
1790548648.6377428,63.56521900004009,-105.08474576271186,-138.98305084745763,215377.0,242405.0,2070.160813832832,5839.15314753745
1790548648.7524838,63.67996040004073,-98.30508474576271,-138.98305084745763,215569.0,243151.0,1670.0266017026947,6560.818792403444
1790548648.866258,63.79373450001003,-91.52542372881356,-138.98305084745763,215718.0,243826.0,1256.020354539818,5910.684021363849
1790548648.9806926,63.90816990000894,-84.74576271186442,-138.98305084745763,215861.0,244598.0,1246.953046701594,6687.363006014474
1790548649.094821,64.02229799999623,-77.96610169491527,-138.98305084745763,215983.0,245432.0,1067.4253974738074,7232.7272621932125
1790548649.2088661,64.13634339999408,-71.18644067796612,-138.98305084745763,216076.0,246176.0,819.1425325604552,6461.1017736790955
1790548649.3215675,64.2490453000064,-64.40677966101697,-138.98305084745763,216159.0,246977.0,734.1441134634863,7118.410011557348
1790548649.4340644,64.36154200002784,-57.62711864406779,-138.98305084745763,216239.0,247753.0,680.29176112447,6952.02265477883
1790548649.548103,64.47558100003516,-50.847457627118644,-138.98305084745763,216316.0,248570.0,678.9420614549462,7119.71675255457
1790548649.6623952,64.58987280004658,-44.067796610169495,-138.98305084745763,216383.0,249435.0,595.3242318815658,7638.4678367573215
1790548649.7763062,64.70378380001057,-37.288135593220346,-138.98305084745763,216475.0,250256.0,808.7110261696971,7222.626061308674
1790548649.8921545,64.8196317999973,-30.508474576271198,-138.98305084745763,216555.0,251105.0,701.2629104368299,7276.741109597754
1790548650.0075479,64.9350245000096,-23.72881355932205,-138.98305084745763,216652.0,251893.0,840.7794669724136,6846.347088203939
1790548650.1267598,65.05423559999326,-16.9491525423729,-138.98305084745763,216779.0,252736.0,1138.4526377965044,7045.342143740662
1790548650.240157,65.16763350000838,-10.169491525423723,-138.98305084745763,216897.0,253562.0,1056.1462149763627,7244.792457118559
1790548650.3529327,65.28040920000058,-3.3898305084745743,-138.98305084745763,217018.0,254309.0,1090.434281688619,6663.765054763782
1790548650.4677625,65.39523850003025,3.3898305084745743,-138.98305084745763,217180.0,255016.0,1402.9219283624332,6189.3614486577935
1790548650.5837686,65.51124570000684,10.169491525423723,-138.98305084745763,217347.0,255767.0,1472.949554526271,6473.704214954969
1790548650.698911,65.626387300028,16.94915254237287,-138.98305084745763,217547.0,256429.0,1708.4836209351063,5697.974629395274
1790548650.8123586,65.73983500001486,23.72881355932202,-138.98305084745763,217763.0,257025.0,1898.8619787597254,5159.346937410571
1790548650.9291449,65.85662150004646,30.50847457627117,-138.98305084745763,218059.0,257677.0,2593.6622770724193,5520.538110574282
1790548651.0428753,65.97035240003606,37.28813559322032,-138.98305084745763,218342.0,258300.0,2411.415012619457,5476.305085910598
1790548651.1563065,66.08378300000913,44.06779661016947,-138.98305084745763,218690.0,258824.0,3095.220055622915,4628.970889155464
1790548651.2701097,66.19758710003225,50.847457627118644,-138.98305084745763,219089.0,259392.0,3453.5520343633207,5051.05070266507
1790548651.3851576,66.3126348000369,57.627118644067764,-138.98305084745763,219497.0,259876.0,3591.127823461477,4263.896073932741
1790548651.4982405,66.42571750003844,64.40677966101691,-138.98305084745763,219906.0,260356.0,3579.261533884192,4213.089097176185
1790548651.6172395,66.54471690003993,71.18644067796606,-138.98305084745763,220423.0,260786.0,4342.58185753642,3665.464104282301
1790548651.731617,66.65909279999323,77.96610169491527,-138.98305084745763,220953.0,261180.0,4658.847797953817,3376.511473368508
1790548651.8507094,66.7781784000108,84.74576271186442,-138.98305084745763,221533.0,261533.0,4862.133648232368,2827.0360416805624
1790548651.9696023,66.8970784000121,91.52542372881356,-138.98305084745763,222130.0,261866.0,5283.929981188745,2739.471607118945
1790548652.0829735,67.01044939999701,98.30508474576271,-138.98305084745763,222718.0,262130.0,5182.728464566673,2321.042064167449
1790548652.1967375,67.12421340000583,105.08474576271186,-138.98305084745763,223337.0,262395.0,5329.298951368312,2355.2361050241243
1790548652.310528,67.23800400004257,111.86440677966101,-138.98305084745763,223986.0,262612.0,5777.350927054228,1913.3991816288924
1790548652.4259493,67.35342530003982,118.64406779661016,-138.98305084745763,224643.0,262801.0,5656.0983111978485,1627.7196104572586
1790548652.5376637,67.46514079999179,125.42372881355931,-138.98305084745763,225309.0,262985.0,5993.804831288871,1656.0591056622313
1790548652.6500754,67.57755200000247,132.20338983050846,-138.98305084745763,226031.0,263151.0,6476.877082202856,1491.0796160467007
1790548652.7637992,67.69127599999774,138.9830508474576,-138.98305084745763,226721.0,263267.0,6140.124095482595,1024.892894133185
1790548652.876542,67.80401880003046,145.76271186440675,-138.98305084745763,227452.0,263381.0,6513.1326511266925,1012.7410256388152
1790548652.9904122,67.91788810002618,152.5423728813559,-138.98305084745763,228184.0,263492.0,6402.96744200447,975.1645816845888
1790548653.1048436,68.032320600003,159.32203389830505,-138.98305084745763,228928.0,263582.0,6454.05565234832,788.4215711675505
1790548653.219939,68.14741590002086,166.1016949152542,-138.98305084745763,229724.0,263677.0,6971.877973025644,818.0821611112228
1790548653.335894,68.26337120000971,172.88135593220335,-138.98305084745763,230536.0,263769.0,7031.759211651489,784.3116043765123
1790548653.4561398,68.38361660001101,179.66101694915255,-138.98305084745763,231405.0,263857.0,7139.352003691384,735.1938167573014
1790548653.5754185,68.50289410003461,186.4406779661017,-138.98305084745763,232250.0,263943.0,6770.588143011547,749.3489481197676
1790548653.6922297,68.61970540002221,193.22033898305085,-138.98305084745763,233076.0,264048.0,7031.065201338423,903.3289066620226
1790548653.8049881,68.73246349999681,200.0,-138.98305084745763,233827.0,264150.0,6659.705800500019,903.4845631447579
1790548653.919038,68.84651330002816,-200.0,-132.20338983050848,234456.0,264337.0,5477.943678591137,1657.1930456242096
1790548654.0328295,68.96030450001126,-193.22033898305085,-132.20338983050848,235081.0,264601.0,5437.5772592120065,2317.201854095439
1790548654.1469316,69.07440730003873,-186.4406779661017,-132.20338983050848,235687.0,264891.0,5326.553748366148,2538.65213310345
1790548654.261028,69.18850370001746,-179.66101694915255,-132.20338983050848,236244.0,265236.0,4848.094569973967,3081.805846188385
1790548654.3754323,69.30290790001163,-172.8813559322034,-132.20338983050848,236833.0,265609.0,5146.813072969378,3268.5485526013044
1790548654.4894798,69.41695620003156,-166.10169491525426,-132.20338983050848,237371.0,265970.0,4652.058283425081,3159.714834088718
1790548654.6025758,69.53005250002025,-159.32203389830508,-132.20338983050848,237829.0,266398.0,4064.5287921506333,3842.3222067027627
1790548654.7166455,69.6441222000285,-152.54237288135593,-132.20338983050848,238212.0,266893.0,3322.933103336313,4396.919769331751
1790548654.8301053,69.75758140004473,-145.76271186440678,-132.20338983050848,238586.0,267379.0,3279.3336388472403,4350.890546188874
1790548654.9442093,69.8716860000277,-138.98305084745763,-132.20338983050848,238932.0,267908.0,3047.372880165143,4561.880486271314
1790548655.0591233,69.98659970000153,-132.20338983050848,-132.20338983050848,239262.0,268451.0,2876.49286350292,4733.469269055438
1790548655.1761477,70.10362440004246,-125.42372881355932,-132.20338983050848,239557.0,269097.0,2444.0079575905866,5436.120640964356
1790548655.2902582,70.21773370000301,-118.64406779661017,-132.20338983050848,239790.0,269716.0,2045.5278711770166,5448.54242049878
1790548655.4076838,70.33515890000854,-111.86440677966102,-132.20338983050848,240001.0,270355.0,1763.820695947778,5439.994356975778
1790548655.522228,70.44970330002252,-105.08474576271186,-132.20338983050848,240168.0,271038.0,1462.1187105737033,6023.193430350791
1790548655.6365938,70.56406920001609,-98.30508474576271,-132.20338983050848,240330.0,271743.0,1453.789283147378,6118.796666411432
1790548655.7503796,70.67785510001704,-91.52542372881356,-132.20338983050848,240467.0,272501.0,1162.957048921357,6673.15830452493
1790548655.864164,70.79163839999819,-84.74576271186442,-132.20338983050848,240598.0,273328.0,1120.0685741550597,7349.871470075351
1790548655.9802787,70.90775360004045,-77.96610169491527,-132.20338983050848,240724.0,274108.0,1039.157079488221,6763.636429651403
1790548656.0937333,71.02120850002393,-71.18644067796612,-132.20338983050848,240807.0,274897.0,724.4216471335073,7049.179874029899
1790548656.2070224,71.13449820003007,-64.40677966101697,-132.20338983050848,240876.0,275657.0,576.3174430425464,6674.127808137876
1790548656.320114,71.24759020004421,-57.62711864406779,-132.20338983050848,240957.0,276513.0,685.6213164705259,7532.569328250508
1790548656.4325511,71.36002730001928,-50.847457627118644,-132.20338983050848,241038.0,277289.0,736.1773385942408,6923.794462981278
1790548656.5453904,71.47286670003086,-44.067796610169495,-132.20338983050848,241125.0,278105.0,770.2665957379736,7210.808974559102
1790548656.6580753,71.5855515000294,-37.288135593220346,-132.20338983050848,241222.0,278857.0,826.8770339886277,6707.923803817856
1790548656.771455,71.69893150002463,-30.508474576271198,-132.20338983050848,241322.0,279694.0,879.8577411494828,7344.496723489893
1790548656.8911214,71.8185969000333,-23.72881355932205,-132.20338983050848,241444.0,280519.0,1017.3551948620042,6820.70308903135
1790548657.005861,71.93333640001947,-16.9491525423729,-132.20338983050848,241556.0,281299.0,973.6962898284246,6686.047856821849
1790548657.127973,72.05544780002674,-10.169491525423723,-132.20338983050848,241701.0,282106.0,1197.4106452898748,6687.07791138807
1790548657.2441363,72.17161090002628,-3.3898305084745743,-132.20338983050848,241839.0,282853.0,1156.4068200448567,6444.170263314484
1790548657.358218,72.28569290001178,3.3898305084745743,-132.20338983050848,242016.0,283600.0,1579.3206888960083,6501.99862563035
1790548657.4727402,72.40021500003058,10.169491525423723,-132.20338983050848,242242.0,284352.0,1947.7576322166997,6517.1416509241235
1790548657.5869162,72.51439050002955,16.94915254237287,-132.20338983050848,242500.0,285054.0,2242.4615611343124,6102.43637948026
1790548657.701875,72.62935070000822,23.72881355932202,-132.20338983050848,242787.0,285730.0,2512.3246548843463,5935.712096704774
1790548657.8149586,72.74243370001204,30.50847457627117,-132.20338983050848,243102.0,286357.0,2805.6075114522782,5546.399007788497
1790548657.9296896,72.85716489999322,37.28813559322032,-132.20338983050848,243452.0,286975.0,3029.738257318928,5389.261688018821
1790548658.042835,72.97031060000882,44.06779661016947,-132.20338983050848,243836.0,287539.0,3398.9693521881036,5024.15961621247
1790548658.1562357,73.08371120004449,50.847457627118644,-132.20338983050848,244289.0,288055.0,3986.8949274907454,4540.6303340866825
1790548658.2696524,73.1971280000289,57.627118644067764,-132.20338983050848,244732.0,288554.0,3839.994092821992,4384.608639640496
1790548658.3830035,73.3104791000369,64.40677966101691,-132.20338983050848,245194.0,289024.0,4044.590221127804,4164.635136366757
1790548658.4957955,73.42327120003756,71.18644067796606,-132.20338983050848,245708.0,289429.0,4449.493603772475,3585.6044489690507
1790548658.6085684,73.53604410000844,77.96610169491527,-132.20338983050848,246307.0,289780.0,5263.245836568864,3137.52573679061
1790548658.7224703,73.64994610002032,84.74576271186442,-132.20338983050848,246957.0,290105.0,5752.529138282205,2848.6965381269706
1790548658.8375082,73.76498400000855,91.52542372881356,-132.20338983050848,247603.0,290399.0,5520.774878315257,2514.41232081685
1790548658.9592962,73.88677199999802,98.30508474576271,-132.20338983050848,248272.0,290677.0,5496.123784863405,2305.3916354371217
1790548659.075644,74.00311809999403,105.08474576271186,-132.20338983050848,249056.0,290937.0,6449.267285126418,2283.73487433655
1790548659.1918855,74.11936000001151,111.86440677966101,-132.20338983050848,249814.0,291147.0,6414.356309802081,1823.4173059610532
1790548659.3063273,74.2338013999979,118.64406779661016,-132.20338983050848,250604.0,291329.0,6870.399367776088,1576.9641501875317
1790548659.423161,74.35063540004194,125.42372881355931,-132.20338983050848,251374.0,291486.0,6596.642175258216,1301.130801464724
1790548659.5389109,74.46638560004067,132.20338983050846,-132.20338983050848,252111.0,291617.0,6408.850195653362,1133.1064702357428
1790548659.6546729,74.58214720000979,138.9830508474576,-132.20338983050848,252819.0,291733.0,6112.904432549475,1012.7349134522266
1790548659.769499,74.6969743000227,145.76271186440675,-132.20338983050848,253581.0,291859.0,6556.729429473954,1106.5052454202907
1790548659.8821497,74.80962489999365,152.5423728813559,-132.20338983050848,254379.0,291955.0,7001.110294164289,866.981700875205
1790548659.9954083,74.92288359999657,159.32203389830505,-132.20338983050848,255208.0,292034.0,7290.855155457242,703.1789236227797
1790548660.1094344,75.03690950002056,166.1016949152542,-132.20338983050848,256009.0,292120.0,6907.735283272457,745.042021231783
1790548660.2221017,75.14957710000454,172.88135593220335,-132.20338983050848,256753.0,292209.0,6657.54750646024,773.9165868854341
1790548660.3358707,75.26334609999321,179.66101694915255,-132.20338983050848,257533.0,292284.0,6948.797028265492,662.6667364703516
1790548660.4489534,75.376428699994,186.4406779661017,-132.20338983050848,258320.0,292382.0,6837.195081861146,843.0687702565912
1790548660.562748,75.49022340000374,193.22033898305085,-132.20338983050848,259091.0,292492.0,6790.515364330421,975.3314750935293
1790548660.6756294,75.60310460004257,200.0,-132.20338983050848,259894.0,292608.0,7122.005139209173,1029.3523052763258
1790548660.793642,75.72111700003734,-200.0,-125.42372881355932,260463.0,292855.0,4771.3346825224635,2089.7010921573947
1790548660.906766,75.83424019999802,-193.22033898305085,-125.42372881355932,261070.0,293143.0,5327.015419537189,2523.813249466046
1790548661.0212455,75.94872050004778,-186.4406779661017,-125.42372881355932,261590.0,293443.0,4573.036671415857,2619.776068847546
1790548661.1339276,76.06140140001662,-179.66101694915255,-125.42372881355932,262112.0,293770.0,4690.710348511987,2907.3115625430733
1790548661.2477646,76.17523860000074,-172.8813559322034,-125.42372881355932,262611.0,294138.0,4291.068168610855,3204.3690869496645
1790548661.3617845,76.28925970004639,-166.10169491525426,-125.42372881355932,263070.0,294583.0,4060.8967233255175,4014.4333740883835
1790548661.475223,76.40269760001684,-159.32203389830508,-125.42372881355932,263456.0,294992.0,3414.2069754692843,3672.5793952345275
1790548661.5886312,76.5161052000476,-152.54237288135593,-125.42372881355932,263808.0,295480.0,3084.148960718791,4291.797650156872
1790548661.7013543,76.62882860004902,-145.76271186440678,-125.42372881355932,264154.0,295982.0,3039.638376333592,4419.596903012646
1790548661.8151305,76.74260520003736,-138.98305084745763,-125.42372881355932,264468.0,296496.0,2806.4526250792715,4551.253763697635
1790548661.9278226,76.85529710003175,-132.20338983050848,-125.42372881355932,264722.0,297038.0,2248.6046110964508,4831.712387479977
1790548662.0422914,76.96976649999851,-125.42372881355932,-125.42372881355932,264960.0,297662.0,2085.7079604091505,5507.000842834687
1790548662.1565096,77.08398470003158,-118.64406779661017,-125.42372881355932,265145.0,298332.0,1622.4183386624711,5912.202420549684
1790548662.2693188,77.19679390004603,-111.86440677966102,-125.42372881355932,265338.0,299026.0,1678.5712299695842,6204.221838948352
1790548662.3829496,77.31042470003013,-105.08474576271186,-125.42372881355932,265501.0,299778.0,1402.9077104901703,6599.204032897841
1790548662.4992259,77.42670110001927,-98.30508474576271,-125.42372881355932,265669.0,300509.0,1429.2616897609423,6251.867262309154
1790548662.6151564,77.54263159999391,-91.52542372881356,-125.42372881355932,265805.0,301277.0,1164.2036478619907,6630.503588213994
1790548662.7330525,77.66052670002682,-84.74576271186442,-125.42372881355932,265914.0,302093.0,941.4549514576828,7038.496541850295
1790548662.851489,77.77896250004414,-77.96610169491527,-125.42372881355932,265998.0,302889.0,671.9434168906859,6857.504734021383
1790548662.9663062,77.89377920003608,-71.18644067796612,-125.42372881355932,266085.0,303676.0,751.4690304762086,6836.535326039654
1790548663.0818367,78.00931049999781,-64.40677966101697,-125.42372881355932,266169.0,304451.0,739.6807683015132,6757.5773894212325
1790548663.197111,78.12458530004369,-57.62711864406779,-125.42372881355932,266245.0,305283.0,652.4655846905325,7213.880056085465
1790548663.3094945,78.23696910002036,-50.847457627118644,-125.42372881355932,266296.0,306078.0,466.291768270191,7134.264054533923
1790548663.4234655,78.35093960002996,-44.067796610169495,-125.42372881355932,266372.0,306835.0,624.8030264965116,6606.373177220468
1790548663.538393,78.46586789999856,-37.288135593220346,-125.42372881355932,266485.0,307624.0,1000.9899694462833,6896.729055542742
1790548663.6553879,78.58286270004464,-30.508474576271198,-125.42372881355932,266587.0,308460.0,867.1910339239103,7277.252593959412
1790548663.7676072,78.69508160004625,-23.72881355932205,-125.42372881355932,266701.0,309283.0,1009.6656791937717,7329.424930443676
1790548663.8810432,78.80851729999995,-16.9491525423729,-125.42372881355932,266841.0,310059.0,1247.660635891974,6848.2706014515015
1790548663.9998505,78.92732509999769,-10.169491525423723,-125.42372881355932,266995.0,310806.0,1306.0809536994952,6221.534272690164
1790548664.1133168,79.040791300009,-3.3898305084745743,-125.42372881355932,267174.0,311463.0,1615.9877522191978,5836.024339443045
1790548664.226412,79.15388670004904,3.3898305084745743,-125.42372881355932,267381.0,312127.0,1824.7313152221525,5853.960361524874
1790548664.3396595,79.26713410002412,10.169491525423723,-125.42372881355932,267631.0,312803.0,2173.5611724595988,5956.482532187156
1790548664.4538803,79.38135500001954,16.94915254237287,-125.42372881355932,267899.0,313470.0,2351.9403050194205,5760.416293934283
1790548664.5686917,79.49616600002628,23.72881355932202,-125.42372881355932,268219.0,314106.0,2788.975473496009,5522.905378436175
1790548664.6813233,79.6087978000287,30.50847457627117,-125.42372881355932,268549.0,314681.0,2957.283986088006,5124.098982183935
1790548664.7970574,79.72453200002201,37.28813559322032,-125.42372881355932,268945.0,315216.0,3405.671992270179,4589.461722203664
1790548664.9135973,79.84107120003318,44.06779661016947,-125.42372881355932,269331.0,315702.0,3332.651105767201,4165.813882209001
1790548665.028899,79.95637289999286,50.847457627118644,-125.42372881355932,269773.0,316173.0,3784.713643789205,3905.0101654744362
1790548665.1446464,80.07211950002238,57.627118644067764,-125.42372881355932,270252.0,316565.0,4168.553096016846,3377.1721550511757
1790548665.2593017,80.1867740000016,64.40677966101691,-125.42372881355932,270795.0,316964.0,4643.83615871032,3512.7631933214698
1790548665.3738508,80.30132420000155,71.18644067796606,-125.42372881355932,271313.0,317354.0,4480.777281607437,3404.2866410569845
1790548665.4878957,80.41536850004923,77.96610169491527,-125.42372881355932,271877.0,317691.0,4826.272710221384,2908.7324971391836
1790548665.6020272,80.52950030000648,84.74576271186442,-125.42372881355932,272477.0,318005.0,5292.782946253777,2761.4519719584923
1790548665.7154388,80.64291200001026,91.52542372881356,-125.42372881355932,273103.0,318273.0,5400.019704669695,2351.471575355306
1790548665.8299222,80.75739590002922,98.30508474576271,-125.42372881355932,273798.0,318499.0,6101.073532271987,2006.084509857154
1790548665.9432702,80.87074410001514,105.08474576271186,-125.42372881355932,274469.0,318715.0,5801.232718413903,1899.7647081067892
1790548666.057653,80.98512730002403,111.86440677966101,-125.42372881355932,275150.0,318885.0,5952.473619460285,1410.2783652259752
1790548666.1707852,81.09825939999428,118.64406779661016,-125.42372881355932,275845.0,319033.0,6232.531775993256,1268.7323228990729
1790548666.283528,81.21100240002852,125.42372881355931,-125.42372881355932,276533.0,319182.0,6197.0014686187515,1272.8473781120974
1790548666.3989558,81.32643020001706,132.20338983050846,-125.42372881355932,277290.0,319318.0,6629.441432703634,1178.9704326285532
1790548666.513389,81.44086349999998,138.9830508474576,-125.42372881355932,278115.0,319425.0,7186.6553576700135,923.734621808485
1790548666.6271374,81.55461180000566,145.76271186440675,-125.42372881355932,278863.0,319531.0,6622.90915323968,926.281000453102
1790548666.747398,81.67487109999638,152.5423728813559,-125.42372881355932,279662.0,319608.0,6711.012328062332,653.4406740481744
1790548666.860491,81.78796430001967,159.32203389830505,-125.42372881355932,280490.0,319699.0,7160.525363802887,820.4768646024141
1790548666.973866,81.9013399000396,166.1016949152542,-125.42372881355932,281294.0,319787.0,7123.631696427088,743.0124324826168
1790548667.0866218,82.01409549999516,172.88135593220335,-125.42372881355932,282115.0,319895.0,7292.563719531733,975.4384593004229
1790548667.2028542,82.13032690004911,179.66101694915255,-125.42372881355932,282906.0,319973.0,6813.417661717021,702.0430351571039
1790548667.3172157,82.24468830000842,186.4406779661017,-125.42372881355932,283684.0,320083.0,6758.299631883622,929.9567613354848
1790548667.4323182,82.35979100002442,193.22033898305085,-125.42372881355932,284499.0,320218.0,7156.800742157891,1180.5975648828235
1790548667.5464115,82.47388490004232,200.0,-125.42372881355932,285209.0,320353.0,6304.050330998,1150.3741479923358
1790548667.6622336,82.58970650000265,-200.0,-118.64406779661017,285838.0,320692.0,5393.161470508606,3027.421733024999
1790548667.7742898,82.70176290004747,-193.22033898305085,-118.64406779661017,286353.0,321043.0,4534.904178977708,3048.3588257028578
1790548667.886676,82.81414960004622,-186.4406779661017,-118.64406779661017,286868.0,321435.0,4508.123506151305,3507.357499599045
1790548668.0007706,82.92824420001125,-179.66101694915255,-118.64406779661017,287383.0,321862.0,4483.627853619371,3710.2710985803005
1790548668.1145556,83.04202940000687,-172.8813559322034,-118.64406779661017,287863.0,322298.0,4244.42355632249,3894.557840183109
1790548668.2287347,83.156208600034,-166.10169491525426,-118.64406779661017,288278.0,322772.0,3649.6718512587895,4144.853459218525
1790548668.3428082,83.27028220001375,-159.32203389830508,-118.64406779661017,288662.0,323290.0,3366.631713412998,4562.429862985921
1790548668.4576092,83.38508300000103,-152.54237288135593,-118.64406779661017,288992.0,323832.0,2766.653461164791,4706.068345901572
1790548668.5712342,83.49870799999917,-145.76271186440678,-118.64406779661017,289295.0,324403.0,2577.583888379913,4933.440130447575
1790548668.687283,83.61475680000149,-138.98305084745763,-118.64406779661017,289574.0,325011.0,2439.2360725170124,5253.036485757611
1790548668.7998936,83.72736570000416,-132.20338983050848,-118.64406779661017,289805.0,325649.0,2023.239149842184,5666.942989141302
1790548668.9183626,83.84583470004145,-125.42372881355932,-118.64406779661017,290038.0,326381.0,1958.6947490223406,6117.439998131386
1790548669.0334203,83.96089310001116,-118.64406779661017,-118.64406779661017,290220.0,327114.0,1564.5621158587328,6396.298061893055
1790548669.1485376,84.07601040002191,-111.86440677966102,-118.64406779661017,290388.0,327804.0,1455.7080231099396,6097.493983592578
1790548669.2632747,84.19074690004345,-105.08474576271186,-118.64406779661017,290536.0,328509.0,1271.5942317351607,6083.526360459582
1790548669.377403,84.30487550003454,-98.30508474576271,-118.64406779661017,290658.0,329249.0,1043.5733428931644,6547.730089480121
1790548669.4907696,84.41824319999432,-91.52542372881356,-118.64406779661017,290766.0,330073.0,936.0302122717587,7238.015799843995
1790548669.6045926,84.53206550003961,-84.74576271186442,-118.64406779661017,290883.0,330849.0,1039.316516022167,6833.736030128054
1790548669.7193277,84.64680099999532,-77.96610169491527,-118.64406779661017,290971.0,331639.0,789.3927639172636,6865.881248954804
1790548669.8317006,84.75917380000465,-71.18644067796612,-118.64406779661017,291053.0,332407.0,739.6532808903781,6816.045423901206
1790548669.9437642,84.87123789999168,-64.40677966101697,-118.64406779661017,291132.0,333204.0,711.0173064110766,7091.462082363106
1790548670.0583367,84.98581020004349,-57.62711864406779,-118.64406779661017,291216.0,333993.0,740.8274585193476,6841.22146879595
1790548670.1710072,85.09848089999286,-50.847457627118644,-118.64406779661017,291304.0,334814.0,817.3819994284695,7347.149563044538
1790548670.2840574,85.21153080003569,-44.067796610169495,-118.64406779661017,291407.0,335658.0,926.2312389510737,7520.997660282718
1790548670.3961587,85.32363230001647,-37.288135593220346,-118.64406779661017,291514.0,336417.0,944.314432631756,6741.09609829204
1790548670.5124347,85.43990840000333,-30.508474576271198,-118.64406779661017,291627.0,337180.0,998.589266190887,6472.674061764567
1790548670.6273885,85.55486200004816,-23.72881355932205,-118.64406779661017,291759.0,338012.0,1166.9930263567285,7296.003645096397
1790548670.743814,85.67128559999401,-16.9491525423729,-118.64406779661017,291925.0,338755.0,1409.658725160897,6453.30780024956
1790548670.8616836,85.78915570001118,-10.169491525423723,-118.64406779661017,292129.0,339532.0,1748.599279704249,6488.223643113134
1790548670.980517,85.90798870002618,-3.3898305084745743,-118.64406779661017,292403.0,340285.0,2463.3301829277325,6306.4956938864125
1790548671.0960658,86.02353740000399,3.3898305084745743,-118.64406779661017,292657.0,341036.0,2216.2937890105363,6511.5077850681455
1790548671.2110882,86.13856039999519,10.169491525423723,-118.64406779661017,292921.0,341651.0,2328.605864603815,5393.529789161406
1790548671.3248599,86.25233200000366,16.94915254237287,-118.64406779661017,293240.0,342254.0,2805.9708110353727,5307.346106399142
1790548671.4399285,86.36740139999893,23.72881355932202,-118.64406779661017,293601.0,342869.0,3119.708046798878,5342.843106541187
1790548671.553369,86.48084090003977,30.50847457627117,-118.64406779661017,293993.0,343418.0,3472.8347673303037,4858.274169190798
1790548671.667116,86.59458860004088,37.28813559322032,-118.64406779661017,294438.0,343948.0,3934.368089953103,4654.745345860009
1790548671.7808576,86.70833019999554,44.06779661016947,-118.64406779661017,294894.0,344445.0,3952.536317700372,4303.462439365358
1790548671.893023,86.82049610000104,50.847457627118644,-118.64406779661017,295385.0,344865.0,4456.527832859871,3718.4446068725965
1790548672.0049727,86.93244590004906,57.627118644067764,-118.64406779661017,295933.0,345293.0,4931.603247681117,3789.9417747834013
1790548672.1174045,87.04487750004046,64.40677966101691,-118.64406779661017,296497.0,345642.0,4952.314156489153,3040.4037947560523
1790548672.2321594,87.15963250002824,71.18644067796606,-118.64406779661017,297102.0,345956.0,5317.868035444207,2663.4947964832045
1790548672.34728,87.2747534000082,77.96610169491527,-118.64406779661017,297696.0,346253.0,5133.874236147764,2553.210181613594
1790548672.461198,87.3886711000232,84.74576271186442,-118.64406779661017,298373.0,346523.0,5934.707110705686,2416.47200607517
1790548672.580432,87.50790510000661,91.52542372881356,-118.64406779661017,299054.0,346764.0,5792.2192394407675,2025.499979436342
1790548672.6978955,87.62536840001121,98.30508474576271,-118.64406779661017,299807.0,346959.0,5971.245737403584,1583.2848546145867
1790548672.8139336,87.74140520003857,105.08474576271186,-118.64406779661017,300552.0,347134.0,6475.24268560725,1523.0500401357897
1790548672.9330604,87.86053220002213,111.86440677966101,-118.64406779661017,301365.0,347306.0,6812.147799799341,1435.1173203407639
1790548673.0520413,87.979512000049,118.64406779661016,-118.64406779661017,302123.0,347459.0,6571.540179143528,1259.162244115613
1790548673.1673377,88.09480910003185,125.42372881355931,-118.64406779661017,302954.0,347593.0,7107.013420456857,1176.8405146422738
1790548673.2794125,88.20688420004444,132.20338983050846,-118.64406779661017,303748.0,347707.0,7116.683608119533,1012.6506319853881
1790548673.3931563,88.3206279000151,138.9830508474576,-118.64406779661017,304629.0,347810.0,7762.785518944657,932.2726960920456
1790548673.5079055,88.4353774000192,145.76271186440675,-118.64406779661017,305437.0,347919.0,7001.702246926492,972.7135493764197
1790548673.622035,88.5495065000141,152.5423728813559,-118.64406779661017,306249.0,348017.0,7066.975232004913,846.5647413339219
1790548673.7351167,88.66258920001565,159.32203389830505,-118.64406779661017,307056.0,348115.0,7186.70710811274,857.5577872196784
1790548673.8492184,88.77669060003245,166.1016949152542,-118.64406779661017,307875.0,348199.0,7199.225968143546,752.021056544931
1790548673.9633713,88.89084270002786,172.88135593220335,-118.64406779661017,308654.0,348279.0,6768.836866954824,708.1527700482628
1790548674.077371,89.0048426000285,179.66101694915255,-118.64406779661017,309479.0,348399.0,7208.716747001502,1086.371106189243
1790548674.1901474,89.11761950002983,186.4406779661017,-118.64406779661017,310237.0,348530.0,6730.6544967069,1183.9239904179728
1790548674.305289,89.23276159999659,193.22033898305085,-118.64406779661017,310999.0,348681.0,6607.795010748018,1312.4448021347787
1790548674.4200518,89.34752440004377,200.0,-118.64406779661017,311783.0,348839.0,6708.558699326471,1403.6929887177669
1790548674.5330472,89.46052010002313,-200.0,-111.86440677966102,312312.0,349222.0,4743.055175399456,3390.5433480394545
1790548674.6481543,89.57562710001366,-193.22033898305085,-111.86440677966102,312843.0,349590.0,4534.817014190295,3214.438566283482
1790548674.7627032,89.69017580000218,-186.4406779661017,-111.86440677966102,313349.0,349982.0,4203.180070687773,3393.8149804896902
1790548674.8773017,89.80477320001228,-179.66101694915255,-111.86440677966102,313842.0,350397.0,4357.829505962298,3656.1450939853175
1790548674.9967077,89.92417850001948,-172.8813559322034,-111.86440677966102,314271.0,350881.0,3591.5207202721895,3966.2086325652167
1790548675.1120796,90.03955010004574,-166.10169491525426,-111.86440677966102,314656.0,351420.0,3422.937195641245,4708.851439409173
1790548675.2264988,90.15397010004381,-159.32203389830508,-111.86440677966102,315053.0,352000.0,3513.9387763059485,5128.6991539295705
1790548675.3406026,90.26807390002068,-152.54237288135593,-111.86440677966102,315363.0,352586.0,2686.747342276018,5115.861377758446
1790548675.453967,90.38143910001963,-145.76271186440678,-111.86440677966102,315633.0,353218.0,2350.3910794776148,5652.130929219978
1790548675.567079,90.49455050000688,-138.98305084745763,-111.86440677966102,315884.0,353897.0,2232.0456923617667,6057.086650641475
1790548675.6808677,90.60833870002534,-132.20338983050848,-111.86440677966102,316112.0,354549.0,1988.799528072344,5789.822925182571
1790548675.7945926,90.7220643000328,-125.42372881355932,-111.86440677966102,316282.0,355296.0,1519.9540308350684,6552.484754880447
1790548675.9086668,90.83613890002016,-118.64406779661017,-111.86440677966102,316458.0,356040.0,1565.6485651805046,6529.675486546928
1790548676.0221536,90.94962580001447,-111.86440677966102,-111.86440677966102,316607.0,356887.0,1288.2764069765071,7377.467769448199
1790548676.1361814,91.0636533999932,-105.08474576271186,-111.86440677966102,316736.0,357707.0,1138.3101967316816,7206.237938986855
1790548676.2489185,91.17639040003996,-98.30508474576271,-111.86440677966102,316839.0,358554.0,910.9415229756128,7482.733938728247
1790548676.363064,91.29053630004637,-91.52542372881356,-111.86440677966102,316931.0,359405.0,816.5392312812729,7504.821249304283
1790548676.4767046,91.4041766000446,-84.74576271186442,-111.86440677966102,317019.0,360276.0,773.9688474812832,7638.335411452187
1790548676.59391,91.52138190000551,-77.96610169491527,-111.86440677966102,317111.0,361171.0,759.0722693887583,7635.905567065485
1790548676.7084343,91.63590670004487,-71.18644067796612,-111.86440677966102,317191.0,362078.0,711.749693265915,7986.386168594163
1790548676.825384,91.75285590003477,-64.40677966101697,-111.86440677966102,317278.0,362974.0,756.051371374053,7688.040451080732
1790548676.9410362,91.86850720003713,-57.62711864406779,-111.86440677966102,317368.0,363781.0,738.355442555464,6968.229489117191
1790548677.0574834,91.98495390004246,-50.847457627118644,-111.86440677966102,317465.0,364636.0,877.0180651035408,7422.342361507861
1790548677.1716614,92.09913180000149,-44.067796610169495,-111.86440677966102,317579.0,365469.0,987.4911635399976,7309.280388071758
1790548677.2853642,92.212835000013,-37.288135593220346,-111.86440677966102,317712.0,366266.0,1170.1761116586886,7067.492229938587
1790548677.39907,92.32654080004431,-30.508474576271198,-111.86440677966102,317865.0,367018.0,1330.2478973117331,6642.001653938445
1790548677.5132058,92.44067660003202,-23.72881355932205,-111.86440677966102,318044.0,367734.0,1584.5584315753817,6301.16803199567
1790548677.6269464,92.55441720003728,-16.9491525423729,-111.86440677966102,318229.0,368426.0,1634.2539628928862,6029.196823553981
1790548677.7420878,92.66955920000328,-10.169491525423723,-111.86440677966102,318451.0,369130.0,1924.8470385872351,6002.603561091946
1790548677.8561513,92.78362260002177,-3.3898305084745743,-111.86440677966102,318687.0,369802.0,2062.687276217145,5874.975367082762
1790548677.9698982,92.89736970001832,3.3898305084745743,-111.86440677966102,318978.0,370432.0,2586.6433467157517,5366.594559200296
1790548678.0833523,93.01082349999342,10.169491525423723,-111.86440677966102,319302.0,371025.0,2908.1065999162606,5225.35979540509
1790548678.1967134,93.12418540002545,16.94915254237287,-111.86440677966102,319651.0,371578.0,3120.9285971037934,4847.596193726306
1790548678.3101726,93.23764450004091,23.72881355932202,-111.86440677966102,320072.0,372147.0,3738.0348267038635,5011.735582469624
1790548678.4238994,93.35137150000082,30.50847457627117,-111.86440677966102,320561.0,372674.0,4310.0272610999855,4659.986739565368
1790548678.5376456,93.46511760004796,37.28813559322032,-111.86440677966102,320985.0,373103.0,3733.82895307905,3770.8892900823157
1790548678.6511333,93.57860510004684,44.06779661016947,-111.86440677966102,321425.0,373450.0,3817.334963214211,3057.5741210210913
1790548678.7655869,93.69305729999905,50.847457627118644,-111.86440677966102,322023.0,373833.0,5246.005143830792,3324.017418568891
1790548678.8850338,93.8125052000396,57.627118644067764,-111.86440677966102,322596.0,374225.0,4908.504729036684,3309.5221279110974
1790548678.9970977,93.92456920002587,64.40677966101691,-111.86440677966102,323175.0,374522.0,5207.125815472589,2589.5401272637473
1790548679.111053,94.03852220001863,71.18644067796606,-111.86440677966102,323826.0,374821.0,5714.411709559588,2618.3397704573676
1790548679.226022,94.15349210001295,77.96610169491527,-111.86440677966102,324506.0,375084.0,5917.585846073311,2289.487191616507
1790548679.339442,94.26691230002325,84.74576271186442,-111.86440677966102,325210.0,375307.0,6103.784714859792,1982.109148679811
1790548679.4524896,94.37996140000178,91.52542372881356,-111.86440677966102,325905.0,375511.0,6184.46443826674,1804.1896255996205
1790548679.5655518,94.4930232000188,98.30508474576271,-111.86440677966102,326636.0,375689.0,6437.468101705317,1593.1575733716757
1790548679.6786923,94.60616310004843,105.08474576271186,-111.86440677966102,327370.0,375838.0,6532.4008940042995,1328.781405181529
1790548679.7920852,94.71955650002928,111.86440677966101,-111.86440677966102,328155.0,375962.0,7080.7155234582715,1102.8863184444167
1790548679.9045234,94.83199480001349,118.64406779661016,-111.86440677966102,328961.0,376076.0,7261.798557808897,1016.0924811311551
1790548680.0175943,94.94506520003779,125.42372881355931,-111.86440677966102,329767.0,376166.0,7110.538316726937,814.7491821249616
1790548680.1303222,95.05779340001754,132.20338983050846,-111.86440677966102,330580.0,376269.0,7202.401419278722,910.7552762442771
1790548680.2433379,95.1708093000343,138.9830508474576,-111.86440677966102,331381.0,376335.0,7084.944213609985,584.2296930071061
1790548680.3632543,95.29072580003412,145.76271186440675,-111.86440677966102,332174.0,376430.0,6667.581652549853,796.9221098665164
1790548680.4832284,95.41069960000459,152.5423728813559,-111.86440677966102,333002.0,376525.0,6695.645419676884,785.6223959087544
1790548680.598592,95.52606300002662,159.32203389830505,-111.86440677966102,333879.0,376622.0,7496.07216929033,875.9247922294973
1790548680.7157533,95.64322410000023,166.1016949152542,-111.86440677966102,334694.0,376708.0,7068.883365191812,709.6532191913553
1790548680.829129,95.75659920001635,172.88135593220335,-111.86440677966102,335443.0,376813.0,6590.9416079576595,923.1010655402883
1790548680.943567,95.87103730003582,179.66101694915255,-111.86440677966102,336227.0,376941.0,6854.110217861093,1101.061882387324
1790548681.05803,95.98549960000673,186.4406779661017,-111.86440677966102,336913.0,377069.0,6001.365449247905,1119.5207718780496
1790548681.1728334,96.10030340001686,193.22033898305085,-111.86440677966102,337642.0,377232.0,6326.880281338358,1435.43382105509
1790548681.2845469,96.21201760001713,200.0,-111.86440677966102,338316.0,377402.0,6020.23174191038,1561.497608058005
1790548681.3969173,96.32438800000818,-200.0,-105.08474576271186,338833.0,377778.0,4469.47433070222,3422.2334833410305
1790548681.5103438,96.43781450000824,-193.22033898305085,-105.08474576271186,339309.0,378175.0,4221.4847547068475,3496.2076382594155
1790548681.6248188,96.55228970001917,-186.4406779661017,-105.08474576271186,339766.0,378647.0,4078.7323385460218,4014.7163601383486
1790548681.738264,96.66573500004597,-179.66101694915255,-105.08474576271186,340170.0,379155.0,3542.533464830441,4511.194959120015
1790548681.850926,96.77839700004552,-172.8813559322034,-105.08474576271186,340505.0,379646.0,2991.6503223608943,4357.4037303952155
1790548681.9635391,96.891010500025,-166.10169491525426,-105.08474576271186,340834.0,380154.0,2903.516698555211,4448.336480478817
1790548682.077916,97.00538710004184,-159.32203389830508,-105.08474576271186,341117.0,380670.0,2473.7326241238393,4443.5567507409705
1790548682.1982548,97.1257259999984,-152.54237288135593,-105.08474576271186,341374.0,381321.0,2161.011141812061,5481.589237767179
1790548682.3154926,97.24296270002378,-145.76271186440678,-105.08474576271186,341610.0,381979.0,1957.536787849653,5601.983157855459
1790548682.4336436,97.36111320002237,-138.98305084745763,-105.08474576271186,341838.0,382606.0,1867.4720407110356,5344.833771690205
1790548682.5524876,97.47995720000472,-132.20338983050848,-105.08474576271186,342033.0,383314.0,1746.0646210611492,6055.500707084411
1790548682.665518,97.59298890002538,-125.42372881355932,-105.08474576271186,342191.0,384006.0,1412.8127241803486,6078.812642197026
1790548682.778347,97.70581770001445,-118.64406779661017,-105.08474576271186,342313.0,384769.0,1095.1306596604795,6709.99548249599
1790548682.8936691,97.82113980001304,-111.86440677966102,-105.08474576271186,342426.0,385569.0,1010.2527001174176,6980.755144054588
1790548683.007469,97.93493899999885,-105.08474576271186,-105.08474576271186,342538.0,386361.0,920.1291124504376,7020.585127996839
1790548683.12161,98.04907970002387,-98.30508474576271,-105.08474576271186,342626.0,387155.0,763.4556760044069,6963.083695606458
1790548683.2367237,98.16418760002125,-91.52542372881356,-105.08474576271186,342710.0,387950.0,738.7120691818744,6894.645979030828
1790548683.3487575,98.27622780000092,-84.74576271186442,-105.08474576271186,342784.0,388775.0,675.3081091994216,7447.14775978251
1790548683.4632118,98.39068150002277,-77.96610169491527,-105.08474576271186,342863.0,389522.0,697.1006118150896,6585.766306358347
1790548683.576555,98.5040258000372,-71.18644067796612,-105.08474576271186,342937.0,390322.0,602.4325297079346,7016.021922906253
1790548683.6896958,98.61716640001396,-64.40677966101697,-105.08474576271186,343020.0,391104.0,731.8996129973,6874.297630936666
1790548683.8020568,98.72952730004909,-57.62711864406779,-105.08474576271186,343111.0,391852.0,829.5800272797627,6692.56696165022
1790548683.9158998,98.84337050002068,-50.847457627118644,-105.08474576271186,343219.0,392630.0,956.8330300608694,6863.43692716739
1790548684.028938,98.95640830002958,-44.067796610169495,-105.08474576271186,343343.0,393420.0,1102.26826443164,6900.755100853546
1790548684.1434202,99.0708905000356,-37.288135593220346,-105.08474576271186,343481.0,394196.0,1215.888832821596,6893.084059755513
1790548684.2575245,99.18499530002009,-30.508474576271198,-105.08474576271186,343658.0,394950.0,1527.3791925667153,6643.1793797178825
1790548684.373614,99.30108510004357,-23.72881355932205,-105.08474576271186,343865.0,395683.0,1848.587059886505,6256.055714985364
1790548684.4933355,99.42080630001146,-16.9491525423729,-105.08474576271186,344077.0,396399.0,1764.9212677162122,5909.413000860751
1790548684.6066844,99.53415479999967,-10.169491525423723,-105.08474576271186,344354.0,397036.0,2319.5847468981337,5654.570045651273
1790548684.7226644,99.65013480000198,-3.3898305084745743,-105.08474576271186,344643.0,397652.0,2512.206747236945,5337.289060063838
1790548684.8392036,99.76667350000935,3.3898305084745743,-105.08474576271186,344943.0,398221.0,2635.851994596215,4867.601244376285
1790548684.9564352,99.88390489999438,10.169491525423723,-105.08474576271186,345304.0,398802.0,3080.3317621662763,4963.264530730825
1790548685.0714757,99.9989448999986,16.94915254237287,-105.08474576271186,345709.0,399351.0,3534.363654168377,4865.487627816206
1790548685.1871862,100.11465619999217,23.72881355932202,-105.08474576271186,346187.0,399833.0,4176.132719078442,4176.132719078442
1790548685.3022637,100.22973350004759,30.50847457627117,-105.08474576271186,346700.0,400312.0,4396.274088463446,4166.8234575415545
1790548685.4181085,100.345578700013,37.28813559322032,-105.08474576271186,347224.0,400752.0,4540.342438424751,3779.087418808625
1790548685.5329971,100.46046630002093,44.06779661016947,-105.08474576271186,347753.0,401157.0,4597.096059852181,3491.233985812193
1790548685.6463819,100.57385200000135,50.847457627118644,-105.08474576271186,348293.0,401517.0,4789.227663527816,3131.061799366348
1790548685.7611823,100.68865190003999,57.627118644067764,-105.08474576271186,348929.0,401853.0,5468.108491018676,2862.070163359274
1790548685.8776157,100.8050848999992,64.40677966101691,-105.08474576271186,349585.0,402153.0,5639.786984844193,2540.6069164953074
1790548685.991967,100.91943670000182,71.18644067796606,-105.08474576271186,350258.0,402404.0,5858.3657194348225,2201.492778215287
1790548686.1053412,101.03281110001262,77.96610169491527,-105.08474576271186,350939.0,402645.0,5955.115287295578,2065.304368688824
1790548686.2195554,101.14702500001295,84.74576271186442,-105.08474576271186,351646.0,402841.0,6175.184384081463,1752.541184783892
1790548686.3326468,101.26011690002633,91.52542372881356,-105.08474576271186,352401.0,403017.0,6662.887622145479,1542.5932291159686
1790548686.44695,101.37442000000738,98.30508474576271,-105.08474576271186,353189.0,403188.0,7022.471910324351,1479.8664627777755
1790548686.5605462,101.48801620001905,105.08474576271186,-105.08474576271186,353930.0,403309.0,6541.640447194896,1051.8293525814079
1790548686.675145,101.60261510004057,111.86440677966101,-105.08474576271186,354742.0,403444.0,7026.759176681734,1177.210303625901
1790548686.7882469,101.7157167000114,118.64406779661016,-105.08474576271186,355525.0,403541.0,6956.582958792524,870.7307564933385
1790548686.9023602,101.82983040000545,125.42372881355931,-105.08474576271186,356353.0,403628.0,7219.878795857221,752.2618313345516
1790548687.0167618,101.94423210003879,132.20338983050846,-105.08474576271186,357110.0,403711.0,6661.856860447224,718.7065492598665
1790548687.1317596,102.05922809999902,138.9830508474576,-105.08474576271186,357992.0,403810.0,7638.46325349095,855.876003101998
1790548687.2522304,102.17969920003088,145.76271186440675,-105.08474576271186,358896.0,403921.0,7529.1767212697705,909.8142030634248
1790548687.3677876,102.2952564000152,152.5423728813559,-105.08474576271186,359710.0,404024.0,7104.802258290369,899.5744461401241
1790548687.480672,102.40814200002933,159.32203389830505,-105.08474576271186,360539.0,404136.0,7322.9319707721415,979.5004546892674
1790548687.5946157,102.52208439999959,166.1016949152542,-105.08474576271186,361301.0,404244.0,6662.341666431997,947.8193254730603
1790548687.7109852,102.63845399999991,172.88135593220335,-105.08474576271186,362068.0,404372.0,6614.8336953716225,1079.599413629117
1790548687.8249536,102.75242259999504,179.66101694915255,-105.08474576271186,362773.0,404509.0,6088.18132997847,1241.7295254446194
1790548687.940181,102.86764970002696,186.4406779661017,-105.08474576271186,363510.0,404649.0,6334.986401200535,1215.8054709374765
1790548688.0565476,102.98401670000749,193.22033898305085,-105.08474576271186,364197.0,404847.0,5884.1932563372775,1718.8756189300548
1790548688.169262,103.09673099999782,200.0,-105.08474576271186,364819.0,405031.0,5592.48668107661,1649.7835709175997
1790548688.2813463,103.20881590002682,-200.0,-98.30508474576271,365296.0,405416.0,4197.756396622329,3487.2230199111996
1790548688.3945024,103.32197240000824,-193.22033898305085,-98.30508474576271,365741.0,405840.0,3864.0735689792255,3715.8117533829004
1790548688.5099566,103.43742650002241,-186.4406779661017,-98.30508474576271,366141.0,406299.0,3507.1502364874145,3987.4576332156653
1790548688.6234384,103.55090810003458,-179.66101694915255,-98.30508474576271,366535.0,406816.0,3302.7018500732383,4575.810384459011
1790548688.7403631,103.66783290001331,-172.8813559322034,-98.30508474576271,366865.0,407399.0,2839.929591889978,5026.58464507044
1790548688.8616652,103.78913490002742,-166.10169491525426,-98.30508474576271,367169.0,408041.0,2467.9645948558887,5312.250032189803
1790548688.9769514,103.90441960003227,-159.32203389830508,-98.30508474576271,367474.0,408661.0,2456.7695964295212,5410.413942698721
1790548689.096677,104.02414660004433,-152.54237288135593,-98.30508474576271,367733.0,409333.0,2109.798760616848,5604.4434037531255
1790548689.210507,104.13797500001965,-145.76271186440678,-98.30508474576271,367941.0,410048.0,1770.740722718006,6317.486432613719
1790548689.3261397,104.25360890000593,-138.98305084745763,-98.30508474576271,368136.0,410733.0,1688.7628434355302,5947.382187751215
1790548689.4386413,104.36610959999962,-132.20338983050848,-98.30508474576271,368264.0,411418.0,1098.9358950370777,6155.903615419562
1790548689.5524638,104.47993230004795,-125.42372881355932,-98.30508474576271,368412.0,412210.0,1305.0666919044108,6948.101542815032
1790548689.6689672,104.59643520001555,-118.64406779661017,-98.30508474576271,368545.0,413043.0,1132.345867454204,7147.367115370935
1790548689.7853904,104.71285860001808,-111.86440677966102,-98.30508474576271,368647.0,413871.0,909.2239861051946,7164.685010508933
1790548689.8998632,104.8273315000115,-105.08474576271186,-98.30508474576271,368747.0,414634.0,888.33039227617,6542.1832014505435
1790548690.0148666,104.94233550003264,-98.30508474576271,-98.30508474576271,368837.0,415441.0,773.504879454962,6970.75230651674
1790548690.12892,105.05638850003015,-91.52542372881356,-98.30508474576271,368920.0,416224.0,695.1537588507006,6905.194004583625
1790548690.2429721,105.17044120002538,-84.74576271186442,-98.30508474576271,368998.0,417079.0,681.3381481595759,7439.475996120774
1790548690.3550487,105.28251819999423,-77.96610169491527,-98.30508474576271,369066.0,417894.0,600.7139108979794,7236.725395349096
1790548690.4681442,105.39561370003503,-71.18644067796612,-98.30508474576271,369147.0,418702.0,731.9070719243862,7096.7192037225295
1790548690.5812953,105.50876470003277,-64.40677966101697,-98.30508474576271,369253.0,419447.0,953.1009555671711,6634.693059627783
1790548690.6955118,105.6229813999962,-57.62711864406779,-98.30508474576271,369349.0,420209.0,855.101646569271,6629.33642125209
1790548690.813858,105.74132740002824,-50.847457627118644,-98.30508474576271,369496.0,421062.0,1239.4300416465394,7176.120313591196
1790548690.9291584,105.85662650002632,-44.067796610169495,-98.30508474576271,369677.0,421834.0,1561.4193480305296,6677.363917754089
1790548691.0493069,105.97677490004571,-37.288135593220346,-98.30508474576271,369852.0,422588.0,1502.8499170696318,6176.346610395925
1790548691.1649158,106.09238390001701,-30.508474576271198,-98.30508474576271,370041.0,423299.0,1575.2746363554104,6172.128692152777
1790548691.2800832,106.20755120000103,-23.72881355932205,-98.30508474576271,370229.0,423926.0,1609.3002930338719,5385.669730664491
1790548691.3934827,106.3209508000291,-16.9491525423729,-98.30508474576271,370484.0,424637.0,2296.519569336151,6232.0873796904425
1790548691.508096,106.43556380004156,-10.169491525423723,-98.30508474576271,370763.0,425257.0,2425.7638170699643,5467.157087714503
1790548691.6226933,106.55016179999802,-3.3898305084745743,-98.30508474576271,371074.0,425872.0,2669.7558238943957,5339.511647788791
1790548691.7357032,106.66317200002959,3.3898305084745743,-98.30508474576271,371406.0,426438.0,2973.897543362438,5009.158674601106
1790548691.8484387,106.77590780000901,10.169491525423723,-98.30508474576271,371797.0,426989.0,3532.1664179732193,4842.786062536967
1790548691.9615552,106.88902420003433,16.94915254237287,-98.30508474576271,372251.0,427526.0,3973.2854432311124,4751.271404143498
1790548692.0740106,107.00147880002623,23.72881355932202,-98.30508474576271,372702.0,427991.0,4005.3019017317583,4191.595013440213
1790548692.18743,107.11489880003501,30.50847457627117,-98.30508474576271,373243.0,428444.0,4701.118089011994,3988.5470400869476
1790548692.3022897,107.22975510003744,37.28813559322032,-98.30508474576271,373784.0,428829.0,4628.060623841056,3288.8383567059473
1790548692.4197366,107.34720600000583,44.06779661016947,-98.30508474576271,374417.0,429178.0,5369.580560058498,2987.111202318257
1790548692.5328798,107.46034789999248,50.847457627118644,-98.30508474576271,375007.0,429461.0,5316.479503947177,2532.5436516175696
1790548692.653067,107.580534800014,57.627118644067764,-98.30508474576271,375672.0,429790.0,5575.1838294696745,2787.5919147348372
1790548692.772765,107.7002335000434,64.40677966101691,-98.30508474576271,376376.0,430074.0,6063.273007957988,2287.5075439114225
1790548692.8869696,107.81443680002121,71.18644067796606,-98.30508474576271,377062.0,430304.0,6013.74014880677,1930.6784809533256
1790548693.0014641,107.92893160000676,77.96610169491527,-98.30508474576271,377778.0,430513.0,6284.253101226122,1827.1396681979036
1790548693.1172113,108.04467900004238,84.74576271186442,-98.30508474576271,378550.0,430712.0,6702.412870254283,1750.834382433772
1790548693.232785,108.16025150002679,91.52542372881356,-98.30508474576271,379293.0,430868.0,6438.5149222898735,1351.631501416881
1790548693.347405,108.27487280004425,98.30508474576271,-98.30508474576271,380079.0,431007.0,6943.573014412115,1236.2720360332146
1790548693.4607577,108.38822550000623,105.08474576271186,-98.30508474576271,380826.0,431112.0,6625.892420604192,941.2308501842805
1790548693.5748556,108.50232359999791,111.86440677966101,-98.30508474576271,381643.0,431227.0,7147.416384803412,1031.5858699716266
1790548693.6879206,108.61538930004463,118.64406779661016,-98.30508474576271,382420.0,431318.0,6866.906527914076,780.5414727263632
1790548693.8003044,108.72777330002282,125.42372881355931,-98.30508474576271,383215.0,431405.0,7082.357568803625,754.83021456986
1790548693.9126751,108.84014370001387,132.20338983050846,-98.30508474576271,384019.0,431478.0,7144.835897985323,643.5948785391479
1790548694.027109,108.95457770000212,138.9830508474576,-98.30508474576271,384859.0,431564.0,7411.955576039572,750.3461200435123
1790548694.141191,109.06865980004659,145.76271186440675,-98.30508474576271,385606.0,431652.0,6566.77816262406,789.8502405393975
1790548694.2599547,109.187422899995,152.5423728813559,-98.30508474576271,386369.0,431786.0,6440.169578417494,1085.2219455344396
1790548694.376639,109.30410549999215,159.32203389830505,-98.30508474576271,387187.0,431898.0,6772.875315087062,948.0202325290101
1790548694.497091,109.4245593000087,166.1016949152542,-98.30508474576271,388020.0,432027.0,6901.611734637435,1120.9329126055432
1790548694.609795,109.53726320003625,172.88135593220335,-98.30508474576271,388734.0,432154.0,6357.084104713481,1161.7478261537794
1790548694.7229266,109.65039429999888,179.66101694915255,-98.30508474576271,389395.0,432293.0,5909.826057340135,1250.5117832929752
1790548694.8363187,109.76378640002804,186.4406779661017,-98.30508474576271,390107.0,432484.0,6309.4989914120915,1667.708984514209
1790548694.9508219,109.87828950001858,193.22033898305085,-98.30508474576271,390807.0,432702.0,6140.436474745183,1914.8587507451246
1790548695.0665736,109.99404080002569,200.0,-98.30508474576271,391453.0,432930.0,5494.253506279456,1972.0609413190034
1790548695.1810107,110.10847770003602,-200.0,-91.52542372881356,391885.0,433343.0,3744.857705936877,3717.3219875108707
1790548695.2964687,110.22393650002778,-193.22033898305085,-91.52542372881356,392289.0,433822.0,3517.8588146303337,4199.614398861018
1790548695.410553,110.33802070003003,-186.4406779661017,-91.52542372881356,392661.0,434353.0,3295.7391985735917,4667.429535410086
1790548695.5236633,110.4511315000127,-179.66101694915255,-91.52542372881356,392988.0,434880.0,2879.4004905204056,4634.905950869943
1790548695.6367543,110.5642208000063,-172.8813559322034,-91.52542372881356,393288.0,435506.0,2684.9328817103205,5620.707243718837
1790548695.7501407,110.67760900000576,-166.10169491525426,-91.52542372881356,393567.0,436152.0,2473.808095324723,5704.527622801041
1790548695.8655603,110.79302820004523,-159.32203389830508,-91.52542372881356,393802.0,436820.0,1994.222193949362,5737.921130772483
1790548695.977631,110.90509960002964,-152.54237288135593,-91.52542372881356,393996.0,437507.0,1766.6853620423876,6075.902038770117
1790548696.0929804,111.02044880000176,-145.76271186440678,-91.52542372881356,394195.0,438217.0,1624.5485714054275,6096.620481454076
1790548696.2083645,111.13583169999765,-138.98305084745763,-91.52542372881356,394356.0,438923.0,1367.284820339104,6038.076589148527
1790548696.3280904,111.25555709999753,-132.20338983050848,-91.52542372881356,394507.0,439776.0,1276.7749969933589,7082.839399379216
1790548696.4414496,111.36891780002043,-125.42372881355932,-91.52542372881356,394617.0,440579.0,940.8135151259418,7125.963753181638
1790548696.55628,111.48374670004705,-118.64406779661017,-91.52542372881356,394738.0,441348.0,1075.5765730537516,6617.530440991726
1790548696.6704965,111.59796340001049,-111.86440677966102,-91.52542372881356,394839.0,442140.0,892.0147208718496,7007.373374271643
1790548696.7838953,111.71136350004235,-105.08474576271186,-91.52542372881356,394915.0,442896.0,689.7406668985926,6627.102894120262
1790548696.8983822,111.82584890001453,-98.30508474576271,-91.52542372881356,394998.0,443675.0,727.9093336449785,6781.535057755748
1790548697.0124326,111.93989989999682,-91.52542372881356,-91.52542372881356,395085.0,444477.0,778.0544193051958,7058.065089411419
1790548697.1274378,112.0549051000271,-84.74576271186442,-91.52542372881356,395184.0,445214.0,865.8758336545899,6346.685631787366
1790548697.2419508,112.16941860003863,-77.96610169491527,-91.52542372881356,395274.0,445980.0,827.743763404735,6695.527330651634
1790548697.355391,112.28285920002963,-71.18644067796612,-91.52542372881356,395350.0,446674.0,647.9759545790592,6137.257969798804
1790548697.469831,112.39729880000232,-64.40677966101697,-91.52542372881356,395471.0,447395.0,1097.0706385838987,6335.582937822015
1790548697.583856,112.51132410002174,-57.62711864406779,-91.52542372881356,395595.0,448105.0,1067.6690484328597,6074.668723842132
1790548697.6967916,112.62425960000837,-50.847457627118644,-91.52542372881356,395753.0,448747.0,1448.0189233419508,5726.6812903781665
1790548697.813359,112.74082730000373,-44.067796610169495,-91.52542372881356,395917.0,449439.0,1431.2491231445622,5780.044535776116
1790548697.928374,112.85584060003748,-37.288135593220346,-91.52542372881356,396107.0,450095.0,1620.6629904463807,5695.47279499728
1790548698.0484805,112.97594710002886,-30.508474576271198,-91.52542372881356,396333.0,450846.0,1954.697128112892,6186.800815866748
1790548698.1683247,113.09579150000354,-23.72881355932205,-91.52542372881356,396623.0,451494.0,2431.295112045405,5481.969587235456
1790548698.2828157,113.21028160001151,-16.9491525423729,-91.52542372881356,396924.0,452135.0,2648.545361807093,5608.684295591491
1790548698.3988924,113.32635889999801,-10.169491525423723,-91.52542372881356,397235.0,452740.0,2734.6014588997637,5159.281419124221
1790548698.5129318,113.44039860001067,-3.3898305084745743,-91.52542372881356,397574.0,453336.0,3019.3348219654263,5198.426620081146
1790548698.6270857,113.55455170001369,3.3898305084745743,-91.52542372881356,397939.0,453861.0,3112.2810985720143,4603.582458304438
1790548698.741765,113.66923300002236,10.169491525423723,-91.52542372881356,398357.0,454339.0,3618.527968818135,4180.182437260644
1790548698.8563647,113.78383120003855,16.94915254237287,-91.52542372881356,398786.0,454764.0,3808.073113179134,3771.544833916025
1790548698.972079,113.8995458999998,23.72881355932202,-91.52542372881356,399269.0,455188.0,4196.567591680415,3721.1394549323068
1790548699.0858455,114.01331270002993,30.50847457627117,-91.52542372881356,399786.0,455534.0,4542.646533148115,2972.693027826987
1790548699.2012265,114.12869380001212,37.28813559322032,-91.52542372881356,400319.0,455852.0,4642.906661956461,2709.1223548154594
1790548699.3135982,114.24106570001459,44.06779661016947,-91.52542372881356,400877.0,456157.0,4895.0318683898795,2713.2462356218193
1790548699.4259346,114.3534023000393,50.847457627118644,-91.52542372881356,401506.0,456457.0,5474.07647181074,2667.096884050889
1790548699.5401804,114.46764829999302,57.627118644067764,-91.52542372881356,402157.0,456738.0,5732.0675686504055,2430.3966491077717
1790548699.6528325,114.58030000003055,64.40677966101691,-91.52542372881356,402869.0,456960.0,6385.576985735404,1901.6900804233903
1790548699.7691534,114.69662080000853,71.18644067796606,-91.52542372881356,403586.0,457179.0,6233.91321986642,1852.8321868709857
1790548699.8877444,114.815212000045,77.96610169491527,-91.52542372881356,404306.0,457357.0,6051.7549643721895,1512.9387410930474
1790548700.0021987,114.92966510000406,84.74576271186442,-91.52542372881356,405092.0,457520.0,6563.692924178294,1459.6314293144362
1790548700.1204474,115.04791369999293,91.52542372881356,-91.52542372881356,405920.0,457671.0,7364.331009005925,1281.560755665596
1790548700.2361155,115.16358270001365,98.30508474576271,-91.52542372881356,406737.0,457798.0,6997.115401871783,1085.6019984651139
1790548700.349173,115.27663989999564,105.08474576271186,-91.52542372881356,407547.0,457886.0,7150.96218200164,787.3468723706469
1790548700.4616451,115.38911220000591,111.86440677966101,-91.52542372881356,408383.0,457976.0,7447.40445498385,820.2397897854554
1790548700.5750964,115.50256220001029,118.64406779661016,-91.52542372881356,409221.0,458081.0,7496.680963384751,923.2365718454126
1790548700.6897106,115.61717660003342,125.42372881355931,-91.52542372881356,410059.0,458168.0,7261.540168219422,766.8038600028143
1790548700.8042955,115.73176260001492,132.20338983050846,-91.52542372881356,410887.0,458256.0,7195.500551393981,766.6579534861366
1790548700.9167871,115.844253999996,138.9830508474576,-91.52542372881356,411612.0,458354.0,6411.9148081137755,902.693376468848
1790548701.0311227,115.9585897999932,145.76271186440675,-91.52542372881356,412470.0,458442.0,7612.17137383607,763.9785054756878
1790548701.1441562,116.0716232000268,152.5423728813559,-91.52542372881356,413237.0,458566.0,6763.310157294529,1068.380038583614
1790548701.258336,116.18580350000411,159.32203389830505,-91.52542372881356,414026.0,458666.0,7024.983633152543,852.9027126412357
1790548701.3720691,116.29953650000971,166.1016949152542,-91.52542372881356,414756.0,458797.0,6440.5600714696175,1150.1000127624316
1790548701.4858003,116.41326760000084,172.88135593220335,-91.52542372881356,415460.0,458952.0,6058.34053028435,1335.0446457313537
1790548701.6006,116.52806740003871,179.66101694915255,-91.52542372881356,416119.0,459136.0,5661.440394036595,1568.0640060777685
1790548701.7164865,116.64395390002755,186.4406779661017,-91.52542372881356,416765.0,459372.0,5537.88662698254,2061.8820060923463
1790548701.8302276,116.75769430003129,193.22033898305085,-91.52542372881356,417325.0,459616.0,4816.24184958776,2167.308832314492
1790548701.9477298,116.87519600003725,200.0,-91.52542372881356,417917.0,459893.0,5119.367661293308,2417.2238687973786
1790548702.064211,116.99167630000738,-200.0,-84.74576271186442,418275.0,460383.0,3113.652953082907,4351.72267329985
1790548702.1799657,117.10743170004571,-193.22033898305085,-84.74576271186442,418656.0,460888.0,3258.0384777504214,4420.316249307453
1790548702.296743,117.22420930000953,-186.4406779661017,-84.74576271186442,419012.0,461447.0,3064.7724732668066,4773.450931813787
1790548702.4100893,117.33755460003158,-179.66101694915255,-84.74576271186442,419305.0,461975.0,2555.2705016131326,4590.195010170501
1790548702.5245528,117.45201840001391,-172.8813559322034,-84.74576271186442,419594.0,462574.0,2488.2839468748416,5307.114838721987
1790548702.6386375,117.56610340002226,-166.10169491525426,-84.74576271186442,419847.0,463253.0,2188.4545623132203,5974.388615260142
1790548702.7527027,117.68016970000463,-159.32203389830508,-84.74576271186442,420054.0,463960.0,1800.5241938934319,6246.1483633519565
1790548702.8662746,117.79374100000132,-152.54237288135593,-84.74576271186442,420213.0,464669.0,1391.9680670613723,6296.120462270976
1790548702.980258,117.90772479999578,-145.76271186440678,-84.74576271186442,420376.0,465371.0,1427.7029639655548,6226.627120262678
1790548703.0937326,118.02119950001361,-138.98305084745763,-84.74576271186442,420511.0,466083.0,1199.3582515176984,6264.340406003978
1790548703.2070303,118.13449710002169,-132.20338983050848,-84.74576271186442,420631.0,466904.0,1100.1730694281093,7349.895715927285
1790548703.3206902,118.24815669999225,-125.42372881355932,-84.74576271186442,420717.0,467723.0,746.747499512724,7117.149007701517
1790548703.4336152,118.36108200001763,-118.64406779661017,-84.74576271186442,420824.0,468559.0,976.8723154114127,7340.497684377187
1790548703.5554807,118.48294740001438,-111.86440677966102,-84.74576271186442,420913.0,469432.0,752.8426301734763,7121.718214169782
1790548703.669266,118.59673170000315,-105.08474576271186,-84.74576271186442,420974.0,470260.0,531.0209390396432,7145.4922849720415
1790548703.7884293,118.715894700028,-98.30508474576271,-84.74576271186442,421060.0,471122.0,724.1580037077406,7260.148191018629
1790548703.9028206,118.83028610004112,-91.52542372881356,-84.74576271186442,421148.0,471906.0,752.5959972045096,6819.253974670129
1790548704.0173674,118.94483320001746,-84.74576271186442,-84.74576271186442,421223.0,472683.0,669.4146288055636,6730.826541688817
1790548704.132207,119.05967200000305,-77.96610169491527,-84.74576271186442,421313.0,473484.0,797.6038879159395,6866.727724701594
1790548704.2465553,119.1740218999912,-71.18644067796612,-84.74576271186442,421440.0,474271.0,1112.1089196764979,6969.215896639387
1790548704.3604004,119.28786580002634,-64.40677966101697,-84.74576271186442,421564.0,475052.0,1094.9788314688687,6956.336105802226
1790548704.474,119.40146650001407,-57.62711864406779,-84.74576271186442,421696.0,475861.0,1152.8481395128313,7065.843435723804
1790548704.5864146,119.51388090004912,-50.847457627118644,-84.74576271186442,421856.0,476578.0,1397.072109128121,6417.217887928502
1790548704.6991203,119.62658700003522,-44.067796610169495,-84.74576271186442,422065.0,477322.0,1873.2036816223476,6626.108545440245
1790548704.8128617,119.74032840004656,-37.288135593220346,-84.74576271186442,422286.0,477981.0,1970.6030228145942,5801.307964360722
1790548704.9276326,119.85509890003596,-30.508474576271198,-84.74576271186442,422538.0,478611.0,2198.076819783644,5499.752374811359
1790548705.0422242,119.96968860004563,-23.72881355932205,-84.74576271186442,422831.0,479271.0,2521.9113900628336,5857.047829819842
1790548705.157633,120.08509930002037,-16.9491525423729,-84.74576271186442,423154.0,479852.0,2761.3430084726047,5115.274753400071
1790548705.2727456,120.20021239999915,-10.169491525423723,-84.74576271186442,423497.0,480433.0,2954.473496253577,5089.793904760835
1790548705.3927107,120.32017630001064,-3.3898305084745743,-84.74576271186442,423878.0,480987.0,3190.8244510036257,4645.980656681103
1790548705.5075917,120.4350579000311,3.3898305084745743,-84.74576271186442,424293.0,481456.0,3557.6721050921597,4043.2336522438454
1790548705.6224537,120.54991890001111,10.169491525423723,-84.74576271186442,424774.0,481893.0,4184.798513699934,3747.1725253391564
1790548705.7362914,120.66375609999523,16.94915254237287,-84.74576271186442,425249.0,482277.0,4234.645488325313,3385.871229227429
1790548705.8507688,120.77823380002519,23.72881355932202,-84.74576271186442,425744.0,482668.0,4291.485046598189,3470.104037679396
1790548705.9664948,120.89395960001275,30.50847457627117,-84.74576271186442,426315.0,483006.0,4916.739262908663,2836.9311888025863
1790548706.0823069,121.00977170001715,37.28813559322032,-84.74576271186442,426941.0,483298.0,5443.603352824235,2515.951129456579
1790548706.1974263,121.1248916000477,44.06779661016947,-84.74576271186442,427567.0,483588.0,5469.948270609423,2437.1963818795753
1790548706.3131905,121.2406556000351,50.847457627118644,-84.74576271186442,428229.0,483818.0,5732.1996531819395,1995.7897043670027
1790548706.4268959,121.35436150000896,57.627118644067764,-84.74576271186442,428879.0,484034.0,5688.192551636133,1889.8880790452301
1790548706.5400443,121.46751040004892,64.40677966101691,-84.74576271186442,429590.0,484248.0,6311.2035937601495,1865.517532861456
1790548706.6550403,121.58250640000915,71.18644067796606,-84.74576271186442,430340.0,484401.0,6599.983340927343,1354.7816011889693
1790548706.7671244,121.69459080003435,77.96610169491527,-84.74576271186442,431071.0,484558.0,6582.74908220184,1411.9248741654515
1790548706.880502,121.80796820000978,84.74576271186442,-84.74576271186442,431883.0,484715.0,7135.403527078163,1395.655353094304
1790548706.9939635,121.92142960004276,91.52542372881356,-84.74576271186442,432666.0,484838.0,6925.50831012582,1098.8473185399635
1790548707.109601,122.0370666999952,98.30508474576271,-84.74576271186442,433456.0,484948.0,6795.414587359657,959.1397420241327
1790548707.2235289,122.15099520003423,105.08474576271186,-84.74576271186442,434341.0,485054.0,7706.882495113971,945.9711365843864
1790548707.3409512,122.26841720001539,111.86440677966101,-84.74576271186442,435170.0,485161.0,7228.4096320328945,910.3109386974094
1790548707.4568324,122.38429820002057,118.64406779661016,-84.74576271186442,436048.0,485257.0,7519.834362574912,831.4762174900571
1790548707.5713358,122.4988003000035,125.42372881355931,-84.74576271186442,436881.0,485335.0,7136.085142353314,704.3408711933141
1790548707.6915312,122.61899580003228,132.20338983050846,-84.74576271186442,437747.0,485426.0,7374.130742858214,742.9161569297454
1790548707.8062975,122.73376200004714,138.9830508474576,-84.74576271186442,438539.0,485519.0,6858.945781825207,806.3895716470175
1790548707.923068,122.85053370002424,145.76271186440675,-84.74576271186442,439358.0,485646.0,6951.381012223707,1048.5828314927828
1790548708.0381184,122.96558310004184,152.5423728813559,-84.74576271186442,440097.0,485761.0,6424.442081874679,976.4421914212936
1790548708.1524692,123.07993490004446,159.32203389830505,-84.74576271186442,440837.0,485889.0,6340.014615980233,1142.6770528801585
1790548708.266727,123.19419160002144,166.1016949152542,-84.74576271186442,441566.0,486058.0,6360.716796341576,1475.6129743674262
1790548708.3807883,123.30825340002775,172.88135593220335,-84.74576271186442,442245.0,486232.0,5967.722566525315,1487.3116613166808
1790548708.4957893,123.42325500003062,179.66101694915255,-84.74576271186442,442931.0,486434.0,6003.9800420568645,1759.9452947708671
1790548708.6082113,123.5356763000018,186.4406779661017,-84.74576271186442,443534.0,486645.0,5358.312697470629,1854.4421335594004
1790548708.7233317,123.65079730004072,193.22033898305085,-84.74576271186442,444148.0,486921.0,5327.563321705915,2409.2223212492618
1790548708.8370824,123.76454790000571,200.0,-84.74576271186442,444725.0,487232.0,5147.891164566935,2721.55536478001
1790548708.9502451,123.87771080003586,-200.0,-77.96610169491527,445063.0,487763.0,2990.400167812115,4693.90986093109
1790548709.063974,123.99143950000871,-193.22033898305085,-77.96610169491527,445384.0,488338.0,2873.753786332646,5185.651864439999
1790548709.1808536,124.10831919999328,-186.4406779661017,-77.96610169491527,445708.0,488905.0,2765.2590382183807,4904.083990108973
1790548709.2943466,124.22181220003404,-179.66101694915255,-77.96610169491527,446000.0,489466.0,2505.095697955205,4890.020753573076
1790548709.4120822,124.33954770001583,-172.8813559322034,-77.96610169491527,446267.0,490162.0,2279.0924350434884,5936.450255706162
1790548709.528239,124.45570340001723,-166.10169491525426,-77.96610169491527,446491.0,490851.0,1941.220576959206,5814.4616333564845
1790548709.6463432,124.57380770001328,-159.32203389830508,-77.96610169491527,446675.0,491603.0,1537.247507016833,6279.42314987482
1790548709.7604969,124.68796110001858,-152.54237288135593,-77.96610169491527,446839.0,492353.0,1434.9978382664535,6499.151499761616
1790548709.8763216,124.80378590000328,-145.76271186440678,-77.96610169491527,446964.0,493062.0,1066.8962166480585,6146.051709579414
1790548709.9911046,124.91856830002507,-138.98305084745763,-77.96610169491527,447093.0,493778.0,1128.2002362926753,6108.791523340827
1790548710.1067305,125.03419550001854,-132.20338983050848,-77.96610169491527,447203.0,494637.0,960.7914724546679,7521.624670073686
1790548710.2194319,125.14689700002782,-125.42372881355932,-77.96610169491527,447293.0,495421.0,808.4187050965088,6866.912908808276
1790548710.3337193,125.26118430000497,-118.64406779661017,-77.96610169491527,447380.0,496261.0,769.7728528411852,7248.694364254495
1790548710.4481144,125.37557940004626,-111.86440677966102,-77.96610169491527,447484.0,497047.0,920.0977876877694,6781.12069525886
1790548710.5618129,125.48927790002199,-105.08474576271186,-77.96610169491527,447560.0,497877.0,685.5470017797261,7272.356708068716
1790548710.6792505,125.60671550000552,-98.30508474576271,-77.96610169491527,447644.0,498691.0,723.2653016141768,6929.060173488903
1790548710.791359,125.71882430004189,-91.52542372881356,-77.96610169491527,447725.0,499517.0,710.2863481278652,7327.164433319031
1790548710.9040308,125.8314962000004,-84.74576271186442,-77.96610169491527,447830.0,500337.0,920.6210749347423,7309.173382815226
1790548711.0178592,125.94532460003393,-77.96610169491527,-77.96610169491527,447942.0,501093.0,966.4788322282798,6719.329024063279
1790548711.1304011,126.05786610004725,-71.18644067796612,-77.96610169491527,448072.0,501883.0,1134.6821168105298,7031.30885498984
1790548711.243812,126.17127660004189,-64.40677966101697,-77.96610169491527,448229.0,502626.0,1377.7823289181915,6581.703422602442
1790548711.362938,126.29040180001175,-57.62711864406779,-77.96610169491527,448418.0,503408.0,1598.223066739787,6365.649828321538
1790548711.4834983,126.41096180002205,-50.847457627118644,-77.96610169491527,448642.0,504133.0,1841.0751150164647,6079.193572851395
1790548711.6030066,126.53047050000168,-44.067796610169495,-77.96610169491527,448872.0,504864.0,1973.794647722456,6142.744090575494
1790548711.7194514,126.64691529999254,-37.288135593220346,-77.96610169491527,449110.0,505550.0,2027.051594017815,5835.727010580436
1790548711.8355641,126.763027900015,-30.508474576271198,-77.96610169491527,449396.0,506198.0,2447.2054090862625,5540.327487485256
1790548711.951316,126.87877980002668,-23.72881355932205,-77.96610169491527,449766.0,506843.0,3184.527393492171,5529.580517066635
1790548712.0661452,126.99360899999738,-16.9491525423729,-77.96610169491527,450100.0,507435.0,2871.7880532620234,5041.788672286382
1790548712.180935,127.10839870001655,-10.169491525423723,-77.96610169491527,450503.0,507948.0,3479.7241619779466,4492.342304352482
1790548712.2956622,127.22312640002929,-3.3898305084745743,-77.96610169491527,450905.0,508459.0,3553.9612856029944,4410.226569439985
1790548712.4090106,127.33647530002054,3.3898305084745743,-77.96610169491527,451368.0,508892.0,4099.305441765337,3746.077308461294
1790548712.523474,127.45093900000211,10.169491525423723,-77.96610169491527,451887.0,509300.0,4552.605540059124,3561.3123982720567
1790548712.6368277,127.56429280003067,16.94915254237287,-77.96610169491527,452405.0,509694.0,4540.463404112455,3521.1757011484337
1790548712.7502017,127.6776666000369,23.72881355932202,-77.96610169491527,452972.0,510028.0,4982.321539985147,2976.451829082036
1790548712.8637562,127.79122150002513,30.50847457627117,-77.96610169491527,453543.0,510344.0,5089.2277392336255,2789.3770911951992
1790548712.9774704,127.90493570000399,37.28813559322032,-77.96610169491527,454189.0,510629.0,5786.314904648128,2523.4248705574105
1790548713.09641,128.02387510001427,44.06779661016947,-77.96610169491527,454855.0,510883.0,5500.9948889027355,2115.083656799436
1790548713.2107687,128.13823209999828,50.847457627118644,-77.96610169491527,455583.0,511107.0,6352.335478496249,1932.515451245584
1790548713.328884,128.25634770002216,57.627118644067764,-77.96610169491527,456371.0,511332.0,6673.775484711313,1869.7678889205065
1790548713.443615,128.3710793000064,64.40677966101691,-77.96610169491527,457096.0,511501.0,6369.724039774068,1482.6081816715503
1790548713.5570931,128.48455600003945,71.18644067796606,-77.96610169491527,457834.0,511663.0,6530.901404647828,1392.8899888443814
1790548713.670171,128.59763490001205,77.96610169491527,-77.96610169491527,458594.0,511783.0,6571.4937376749685,1093.690991903231
1790548713.783605,128.71106830000645,84.74576271186442,-77.96610169491527,459354.0,511913.0,6714.5320867724595,1142.3062886210407
1790548713.898355,128.82581880001817,91.52542372881356,-77.96610169491527,460211.0,512028.0,7528.63042267705,994.0001047055274
1790548714.0139563,128.94141950004268,98.30508474576271,-77.96610169491527,461017.0,512130.0,6932.754112756603,867.7360220182836
1790548714.1268306,129.05429510003887,105.08474576271186,-77.96610169491527,461801.0,512234.0,6909.61275413378,923.146643264837
1790548714.2405934,129.1680580000393,111.86440677966101,-77.96610169491527,462596.0,512315.0,7002.600569084334,702.1077087736272
1790548714.3553889,129.28285350004444,118.64406779661016,-77.96610169491527,463396.0,512401.0,6988.037102177044,759.1715700009094
1790548714.4702098,129.3976740000071,125.42372881355931,-77.96610169491527,464326.0,512495.0,8102.021678220563,801.9998961568161
1790548714.5832052,129.51066970004467,132.20338983050846,-77.96610169491527,465130.0,512585.0,6992.845069583692,833.5841804801752
1790548714.6980243,129.62548879999667,138.9830508474576,-77.96610169491527,465911.0,512699.0,6781.807500374617,963.5856394307643
1790548714.8172348,129.7446995000355,145.76271186440675,-77.96610169491527,466676.0,512824.0,6330.859212851799,1064.0099517397982
1790548714.936403,129.86386720003793,152.5423728813559,-77.96610169491527,467406.0,512976.0,6171.234670958569,1259.4356471344017
1790548715.05161,129.97907260002103,159.32203389830505,-77.96610169491527,468151.0,513123.0,6289.163395447791,1279.9322283561391
1790548715.170724,130.09818710002583,166.1016949152542,-77.96610169491527,468879.0,513304.0,6370.093065046905,1587.8531100556802
1790548715.2843618,130.21182580001187,172.88135593220335,-77.96610169491527,469558.0,513492.0,5940.212367563804,1631.0099480362394
1790548715.3974695,130.3249336000299,179.66101694915255,-77.96610169491527,470173.0,513740.0,5410.849308361989,2084.65940818741
1790548715.512008,130.439470500045,186.4406779661017,-77.96610169491527,470764.0,514020.0,5171.911224563629,2439.75317483832
1790548715.6270704,130.5545340999961,193.22033898305085,-77.96610169491527,471300.0,514323.0,4587.379914669367,2606.8845699827934
1790548715.7408319,130.6682950000395,200.0,-77.96610169491527,471826.0,514642.0,4614.734293497125,2778.070044685269
1790548715.8556347,130.78309780004201,-200.0,-71.18644067796612,472162.0,515190.0,2778.8385008841065,4830.762294583297
1790548715.9710207,130.89848450000864,-193.22033898305085,-71.18644067796612,472456.0,515817.0,2533.234940190725,5562.102803462244
1790548716.0848215,131.0122846000013,-186.4406779661017,-71.18644067796612,472718.0,516435.0,2343.992963704671,5536.99125284568
1790548716.1985216,131.12598539999453,-179.66101694915255,-71.18644067796612,472953.0,517094.0,2069.0699896566252,5745.363989135807
1790548716.3103387,131.23780170001555,-172.8813559322034,-71.18644067796612,473142.0,517799.0,1611.8995674951789,6297.65412416721
1790548716.422991,131.3504554000101,-166.10169491525426,-71.18644067796612,473319.0,518506.0,1533.2192866091336,6272.260717946456
1790548716.536246,131.46371040004306,-159.32203389830508,-71.18644067796612,473481.0,519264.0,1423.9824532628004,6666.826940275839
1790548716.6531115,131.58057580003515,-152.54237288135593,-71.18644067796612,473649.0,520031.0,1437.7391145662543,6555.728667047386
1790548716.7687912,131.6962558000232,-145.76271186440678,-71.18644067796612,473780.0,520838.0,1125.7973257098206,7038.521491632943
1790548716.8807726,131.808236700017,-138.98305084745763,-71.18644067796612,473887.0,521680.0,912.8853293429296,7604.24068153698
1790548716.9965737,131.9240364000434,-132.20338983050848,-71.18644067796612,473984.0,522565.0,790.9309072503446,7713.902613065126
1790548717.1110063,132.03846910002176,-125.42372881355932,-71.18644067796612,474075.0,523319.0,795.5427403150675,6567.85285608951
1790548717.2244434,132.15190620004432,-118.64406779661017,-71.18644067796612,474135.0,524173.0,528.0256566323443,7596.158569096882
1790548717.3389409,132.266403799993,-111.86440677966102,-71.18644067796612,474214.0,525004.0,717.5534738126216,7166.335334615798
1790548717.453707,132.38116900000023,-105.08474576271186,-71.18644067796612,474292.0,525801.0,660.2572801564461,6923.5312016405105
1790548717.5684643,132.49592680000933,-98.30508474576271,-71.18644067796612,474411.0,526658.0,1051.9836812783374,7428.4812581496635
1790548717.682847,132.6103095000144,-91.52542372881356,-71.18644067796612,474506.0,527503.0,862.369497712684,7403.53387929932
1790548717.7969093,132.72437280003214,-84.74576271186442,-71.18644067796612,474626.0,528287.0,1031.4984633501097,6907.355781362342
1790548717.9109912,132.8384549000184,-77.96610169491527,-71.18644067796612,474747.0,529042.0,1049.6647981624176,6712.3301566701975
1790548718.0247765,132.95224030001555,-71.18644067796612,-71.18644067796612,474912.0,529824.0,1418.3469629527249,6916.743955698029
1790548718.1378744,133.0653382000164,-64.40677966101697,-71.18644067796612,475091.0,530523.0,1638.9586968074202,6213.22760202135
1790548718.2505727,133.17803670000285,-57.62711864406779,-71.18644067796612,475278.0,531280.0,1691.4325225798434,6709.968578585973
1790548718.3640044,133.2914684000425,-50.847457627118644,-71.18644067796612,475500.0,531964.0,1958.5001211435135,6189.599439462991
1790548718.4782724,133.40573650004808,-44.067796610169495,-71.18644067796612,475751.0,532633.0,2268.0336334902695,5900.575306641351
1790548718.597119,133.52458280004794,-37.288135593220346,-71.18644067796612,476040.0,533320.0,2426.0606900213497,5723.0149610760045
1790548718.714505,133.64196810004069,-30.508474576271198,-71.18644067796612,476377.0,533937.0,2812.6774719480823,5276.009652794332
1790548718.8300576,133.75751980004134,-23.72881355932205,-71.18644067796612,476760.0,534524.0,3235.7104093050825,5158.646881120674
1790548718.9498212,133.87728360004257,-16.9491525423729,-71.18644067796612,477205.0,535038.0,3752.7800921291227,4332.253488707885
1790548719.0693817,133.99684310000157,-10.169491525423723,-71.18644067796612,477679.0,535596.0,4147.30949130302,4708.253790570168
1790548719.183038,134.1105002000113,-3.3898305084745743,-71.18644067796612,478134.0,536092.0,3938.9719461881155,4366.313242236826
1790548719.2974873,134.22494939999888,3.3898305084745743,-71.18644067796612,478658.0,536527.0,4601.509296363687,3828.4557345745875
1790548719.4111605,134.3386239000247,10.169491525423723,-71.18644067796612,479244.0,536957.0,5136.540178258264,3764.3236685430597
1790548719.5256858,134.45314860000508,16.94915254237287,-71.18644067796612,479859.0,537366.0,5439.378357815112,3547.023198037418
1790548719.6397166,134.5671793000074,23.72881355932202,-71.18644067796612,480482.0,537692.0,5561.3972723204015,2799.1138589162288
1790548719.75115,134.67861180001637,30.50847457627117,-71.18644067796612,481163.0,537991.0,6159.531875030794,2701.8805464092134
1790548719.8648858,134.79234929999802,37.28813559322032,-71.18644067796612,481866.0,538244.0,6094.430426695044,2206.9225333032055
1790548719.9786513,134.90611490001902,44.06779661016947,-71.18644067796612,482596.0,538465.0,6398.27071897487,1914.878143232767
1790548720.0913866,135.01885019999463,50.847457627118644,-71.18644067796612,483322.0,538681.0,6386.004703332016,1924.1673560258039
1790548720.204893,135.13235670002177,57.627118644067764,-71.18644067796612,484085.0,538885.0,6669.7847702648505,1808.1297579141226
1790548720.3182096,135.24567309999838,64.40677966101691,-71.18644067796612,484908.0,539041.0,7185.858820142667,1366.975713857474
1790548720.4367723,135.36423579999246,71.18644067796606,-71.18644067796612,485790.0,539167.0,7474.613010211931,1094.496905066747
1790548720.5529323,135.48039560002508,77.96610169491527,-71.18644067796612,486638.0,539288.0,7282.722220778634,1014.2812628687935
1790548720.6670244,135.5944879000308,84.74576271186442,-71.18644067796612,487447.0,539395.0,7017.1795751487425,973.3208129334452
1790548720.7815468,135.70900850003818,91.52542372881356,-71.18644067796612,488246.0,539479.0,6891.626860060975,702.09603400085
1790548720.8992038,135.82666720001725,98.30508474576271,-71.18644067796612,489161.0,539580.0,8082.147396230333,884.5668233201401
1790548721.0123277,135.93978990003234,105.08474576271186,-71.18644067796612,490049.0,539662.0,7734.045287856339,732.6014121590538
1790548721.1267948,136.054256500036,111.86440677966101,-71.18644067796612,490853.0,539753.0,7003.348908451267,791.4428464215623
1790548721.241191,136.1686531000305,118.64406779661016,-71.18644067796612,491684.0,539865.0,7418.138178161725,1012.4009920568111
1790548721.3549707,136.2824324000394,125.42372881355931,-71.18644067796612,492482.0,539964.0,7063.663701417289,898.0018073885675
1790548721.471398,136.39886110002408,132.20338983050846,-71.18644067796612,493317.0,540080.0,7154.107082307228,988.3367198624687
1790548721.5848389,136.51230120001128,138.9830508474576,-71.18644067796612,494090.0,540216.0,6803.116692766015,1190.7761918138615
1790548721.6968546,136.6243175000418,145.76271186440675,-71.18644067796612,494842.0,540335.0,6700.815172018106,1051.10826227735
1790548721.8099601,136.73742320004385,152.5423728813559,-71.18644067796612,495499.0,540489.0,5779.393866991847,1333.7062769981185
1790548721.9219108,136.849373700039,159.32203389830505,-71.18644067796612,496171.0,540664.0,5946.316468669857,1526.3772982569872
1790548722.0360806,136.96354369999608,166.1016949152542,-71.18644067796612,496831.0,540859.0,5654.810535449298,1744.1785742457253
1790548722.1497312,137.077194100013,172.88135593220335,-71.18644067796612,497490.0,541089.0,5722.215465744355,2054.837437779374
1790548722.2692258,137.19668850000016,179.66101694915255,-71.18644067796612,498090.0,541383.0,4994.8233044173685,2528.462951614476
1790548722.3835487,137.31101060000947,186.4406779661017,-71.18644067796612,498731.0,541729.0,5453.191592144644,2971.1128471583343
1790548722.502054,137.4295157000306,193.22033898305085,-71.18644067796612,499304.0,542073.0,5029.234153600502,2851.4373458028535
1790548722.6164365,137.54389850003645,200.0,-71.18644067796612,499836.0,542468.0,4663.438274646607,3472.1837450834146
1790548722.7295623,137.65702450001845,-200.0,-64.40677966101697,500106.0,543091.0,2299.5696916960305,5558.069254828058
1790548722.8451061,137.7725679000141,-193.22033898305085,-64.40677966101697,500403.0,543712.0,2523.246320906537,5275.047562185043
1790548722.9586911,137.88615390000632,-186.4406779661017,-64.40677966101697,500672.0,544390.0,2428.1689941678565,6028.557502761575
1790548723.0722601,137.9997219000361,-179.66101694915255,-64.40677966101697,500907.0,545088.0,2093.2906807163286,6233.764317904132
1790548723.187419,138.11488060001284,-172.8813559322034,-64.40677966101697,501083.0,545816.0,1498.1820840110117,6394.67962687627
1790548723.3000154,138.2274779000436,-166.10169491525426,-64.40677966101697,501245.0,546549.0,1379.7359668433244,6497.810600606737
1790548723.4120924,138.33955490001244,-159.32203389830508,-64.40677966101697,501361.0,547231.0,1028.4247244298424,6067.705874136071
1790548723.5255306,138.45299270004034,-152.54237288135593,-64.40677966101697,501477.0,548020.0,1015.6277414005679,6980.132477262085
1790548723.6389203,138.56638309999835,-145.76271186440678,-64.40677966101697,501587.0,548788.0,987.7354640735484,6766.449487531879
1790548723.751677,138.67913990002126,-138.98305084745763,-64.40677966101697,501672.0,549562.0,752.2309217989357,6909.38031874578
1790548723.865129,138.79259170003934,-132.20338983050848,-64.40677966101697,501759.0,550391.0,738.5735741598132,7404.200080952128
1790548723.9832587,138.91072089999216,-125.42372881355932,-64.40677966101697,501837.0,551253.0,626.9160118613037,7352.829224830433
1790548724.09701,139.02447120001307,-118.64406779661017,-64.40677966101697,501922.0,552054.0,718.2439486476214,7025.899138694041
1790548724.2155175,139.1429788999958,-111.86440677966102,-64.40677966101697,502009.0,552902.0,734.0291316601094,7202.660854414824
1790548724.3282816,139.2557427000138,-105.08474576271186,-64.40677966101697,502098.0,553719.0,791.9788383378542,7304.840108904444
1790548724.4420094,139.3694713000441,-98.30508474576271,-64.40677966101697,502196.0,554545.0,850.0140900567068,7335.991168532882
1790548724.5559561,139.4834177000448,-91.52542372881356,-64.40677966101697,502311.0,555305.0,1028.8765224047966,6706.070190674121
1790548724.670223,139.5976845000405,-84.74576271186442,-64.40677966101697,502449.0,556114.0,1200.2175162373203,7164.375327693543
1790548724.785348,139.71280910004862,-77.96610169491527,-64.40677966101697,502599.0,556878.0,1286.045765358238,6612.646665849096
1790548724.8987112,139.82617360004224,-71.18644067796612,-64.40677966101697,502777.0,557581.0,1566.0130428354414,6254.730665134412
1790548725.010776,139.9382384000346,-64.40677966101697,-64.40677966101697,502974.0,558309.0,1757.4495296002383,6506.3025138391795
1790548725.1231976,140.05065980000654,-57.62711864406779,-64.40677966101697,503198.0,558945.0,2014.6641441347203,5624.270735709428
1790548725.2349143,140.1623769000289,-50.847457627118644,-64.40677966101697,503424.0,559628.0,2026.3500552709468,6050.906415045189
1790548725.3487267,140.2761892999988,-44.067796610169495,-64.40677966101697,503723.0,560215.0,2651.3794990309475,5146.253958188541
1790548725.4628394,140.39030180004193,-37.288135593220346,-64.40677966101697,504052.0,560839.0,2888.569973613048,5410.337410894281
1790548725.5777934,140.50525590003235,-30.508474576271198,-64.40677966101697,504412.0,561411.0,3168.3971108925816,4994.56259267505
1790548725.6928668,140.62032909999834,-23.72881355932205,-64.40677966101697,504823.0,561963.0,3573.3116791833418,4684.80451512469
1790548725.8082626,140.73572500003502,-16.9491525423729,-64.40677966101697,505281.0,562524.0,3964.144269273822,4837.911567605639
1790548725.9212356,140.8486963000032,-10.169491525423723,-64.40677966101697,505743.0,562982.0,4099.841888979246,4118.519984145438
1790548726.0397773,140.96723780001048,-3.3898305084745743,-64.40677966101697,506277.0,563377.0,4634.480535922524,3343.0541415251405
1790548726.1534927,141.08095400000457,3.3898305084745743,-64.40677966101697,506881.0,563770.0,5273.750117389624,3500.440095430241
1790548726.2697709,141.19723160000285,10.169491525423723,-64.40677966101697,507467.0,564102.0,5096.6501102941265,2870.840347331451
1790548726.3857338,141.31319529999746,16.94915254237287,-64.40677966101697,508073.0,564435.0,5250.484642158343,2912.8775666930637
1790548726.497838,141.4252986999927,23.72881355932202,-64.40677966101697,508705.0,564704.0,5512.741182137345,2325.1017230783364
1790548726.6112397,141.53870060003828,30.50847457627117,-64.40677966101697,509361.0,564973.0,5847.205388009467,2335.1755273825447
1790548726.7250175,141.6524791000411,37.28813559322032,-64.40677966101697,510079.0,565195.0,6285.894672808363,1938.3816171655744
1790548726.8387783,141.7662405000301,44.06779661016947,-64.40677966101697,510775.0,565379.0,6138.208454357652,1606.087625651476
1790548726.9511354,141.87859750003554,50.847457627118644,-64.40677966101697,511562.0,565558.0,7009.295706589278,1593.8691034930405
1790548727.064286,141.99174710002262,57.627118644067764,-64.40677966101697,512358.0,565717.0,7066.142989997095,1398.410998020395
1790548727.17867,142.1061319000437,64.40677966101691,-64.40677966101697,513158.0,565861.0,6966.165910081989,1294.1098726239268
1790548727.2927923,142.22025430004578,71.18644067796606,-64.40677966101697,513922.0,565976.0,6668.703051459738,1018.1926254635914
1790548727.405487,142.33294910000404,77.96610169491527,-64.40677966101697,514692.0,566069.0,6717.76379634264,836.2361572210755
1790548727.523335,142.45079710002756,84.74576271186442,-64.40677966101697,515522.0,566182.0,7142.092560923192,971.4685095462276
1790548727.6370156,142.56447600002866,91.52542372881356,-64.40677966101697,516344.0,566266.0,7146.481494317939,752.7503264496138
1790548727.755972,142.68343269999605,98.30508474576271,-64.40677966101697,517246.0,566366.0,7431.840005544152,825.7600006160168
1790548727.8720846,142.79954600002384,105.08474576271186,-64.40677966101697,518089.0,566442.0,7231.545916339372,664.0287445192128
1790548727.9852538,142.9127148000407,111.86440677966101,-64.40677966101697,518883.0,566541.0,6998.231881681907,872.4586165492033
1790548728.10269,143.03015060001053,118.64406779661016,-64.40677966101697,519676.0,566638.0,6721.670844752053,824.5249569562518
1790548728.2167387,143.14419610000914,125.42372881355931,-64.40677966101697,520434.0,566734.0,6664.813281937748,865.3210614670556
1790548728.3298297,143.2572904000408,132.20338983050846,-64.40677966101697,521116.0,566846.0,6084.958320606972,1006.3943317389785
1790548728.4432116,143.37067299999762,138.9830508474576,-64.40677966101697,521830.0,566985.0,6264.417917854454,1208.2705182805325
1790548728.5556817,143.48314329999266,145.76271186440675,-64.40677966101697,522522.0,567151.0,6130.168251799606,1378.8220383986954
1790548728.6690211,143.59648250002647,152.5423728813559,-64.40677966101697,523192.0,567317.0,5974.967933727273,1422.1716565595052
1790548728.7834442,143.71090599999297,159.32203389830505,-64.40677966101697,523867.0,567542.0,5792.438532338257,2004.0190182971219
1790548728.8975983,143.82506000000285,166.1016949152542,-64.40677966101697,524525.0,567802.0,5734.207993366731,2312.032662925466
1790548729.0107136,143.9381753000198,172.88135593220335,-64.40677966101697,525103.0,568068.0,5043.480353055125,2387.5558368591237
1790548729.1254458,144.05290790001163,179.66101694915255,-64.40677966101697,525668.0,568349.0,4890.479715322679,2445.2398576613396
1790548729.2439382,144.1713997000479,186.4406779661017,-64.40677966101697,526208.0,568696.0,4602.178600436315,2875.2489128451252
1790548729.356719,144.28417950001312,193.22033898305085,-64.40677966101697,526740.0,569049.0,4528.420027529327,3112.1240518411423
1790548729.4751787,144.40264010004466,200.0,-64.40677966101697,527213.0,569456.0,4088.122988636623,3480.4290308663144
1790548729.5876436,144.51510380004765,-200.0,-57.62711864406779,527437.0,570057.0,1962.5728025047038,5495.20384701317
1790548729.7020726,144.62953269999707,-193.22033898305085,-57.62711864406779,527653.0,570685.0,1904.8565563025927,5484.514529257706
1790548729.8152392,144.74269919999642,-186.4406779661017,-57.62711864406779,527851.0,571262.0,1744.9301886746011,5151.256674012785
1790548729.929578,144.85703810001723,-179.66101694915255,-57.62711864406779,528026.0,571993.0,1537.1233698965848,6360.19310538048
1790548730.0433123,144.97077290003654,-172.8813559322034,-57.62711864406779,528170.0,572753.0,1264.8971650718047,6703.031692278322
1790548730.1573899,145.08485119999386,-166.10169491525426,-57.62711864406779,528311.0,573442.0,1261.805247068306,6023.508259727534
1790548730.2704515,145.19791300001089,-159.32203389830508,-57.62711864406779,528422.0,574151.0,985.567938414054,6229.533195636001
1790548730.3818622,145.30932350002695,-152.54237288135593,-57.62711864406779,528517.0,574904.0,827.9617746047336,6840.093297018651
1790548730.4956071,145.42306860000826,-145.76271186440678,-57.62711864406779,528618.0,575732.0,883.8509387010511,7291.770244283672
1790548730.6102338,145.53769560001092,-138.98305084745763,-57.62711864406779,528721.0,576488.0,910.4059402413902,6519.977895264097
1790548730.7275345,145.65499629999977,-132.20338983050848,-57.62711864406779,528793.0,577281.0,616.7487510844147,6739.544323444184
1790548730.8428245,145.7702844000305,-125.42372881355932,-57.62711864406779,528871.0,578102.0,671.2328889822766,7061.737790936827
1790548730.9638815,145.89134249999188,-118.64406779661017,-57.62711864406779,528947.0,578951.0,623.999192268921,7029.167371735199
1790548731.0786514,146.00611180003034,-111.86440677966102,-57.62711864406779,529057.0,579743.0,947.9329591953433,6899.858174143028
1790548731.193137,146.12059740000404,-105.08474576271186,-57.62711864406779,529163.0,580526.0,907.9694956719127,6896.89960348766
1790548731.3078775,146.23533759999555,-98.30508474576271,-57.62711864406779,529273.0,581267.0,978.5836512537119,6502.551177956908
1790548731.4203413,146.34780119999778,-91.52542372881356,-57.62711864406779,529389.0,582027.0,1003.1340911324962,6815.686768722661
1790548731.53575,146.46321000001626,-84.74576271186442,-57.62711864406779,529545.0,582764.0,1381.2874875766217,6330.138684788227
1790548731.650829,146.57828960003098,-77.96610169491527,-57.62711864406779,529731.0,583475.0,1656.0699542806858,6267.4470645429265
1790548731.7649481,146.69240790000185,-71.18644067796612,-57.62711864406779,529941.0,584180.0,1776.15153084433,6211.928929118771
1790548731.8804648,146.80792460002704,-64.40677966101697,-57.62711864406779,530178.0,584852.0,2080.9385125290096,5743.026811870454
1790548731.9961352,146.92359610000858,-57.62711864406779,-57.62711864406779,530414.0,585545.0,2072.955239612386,5981.434722229572
1790548732.1078875,147.03534860000946,-50.847457627118644,-57.62711864406779,530670.0,586139.0,2365.941706590133,5360.923470091135
1790548732.220307,147.1477682000259,-44.067796610169495,-57.62711864406779,530973.0,586723.0,2685.54004555367,5193.909046435397
1790548732.3334012,147.26086229999783,-37.288135593220346,-57.62711864406779,531309.0,587286.0,3027.3545085991973,5045.5908476653285
1790548732.44698,147.37444119999418,-30.508474576271198,-57.62711864406779,531716.0,587804.0,3621.9128485453543,4580.383424241834
1790548732.5620606,147.48952050000662,-23.72881355932205,-57.62711864406779,532193.0,588295.0,4123.428571428572,4288.0
1790548732.6777837,147.60524320002878,-16.9491525423729,-57.62711864406779,532695.0,588785.0,4285.356732411942,4257.649684573072
1790548732.7963343,147.72379400004866,-10.169491525423723,-57.62711864406779,533218.0,589208.0,4515.202268106172,3500.445469707053
1790548732.9095912,147.837052100047,-3.3898305084745743,-57.62711864406779,533768.0,589595.0,4782.772284145871,3406.906284597059
1790548733.0237093,147.95116990001407,3.3898305084745743,-57.62711864406779,534294.0,589946.0,4569.159458537953,3082.8063816641607
1790548733.1381996,148.06565920001594,10.169491525423723,-57.62711864406779,534924.0,590264.0,5587.665390284415,2863.101274360609
1790548733.251978,148.17943750001723,16.94915254237287,-57.62711864406779,535535.0,590536.0,5298.600116201255,2436.9868130263612
1790548733.3667533,148.29421260004165,23.72881355932202,-57.62711864406779,536200.0,590796.0,5841.694661088963,2292.6588151840515
1790548733.4808645,148.40832380001666,30.50847457627117,-57.62711864406779,536824.0,591025.0,5456.1185417221695,2019.4122955779847
1790548733.5946887,148.52214870002354,37.28813559322032,-57.62711864406779,537522.0,591221.0,6221.784392540377,1712.8424294940025
1790548733.7090185,148.6364745000028,44.06779661016947,-57.62711864406779,538210.0,591370.0,5994.449857630825,1276.0008119612323
1790548733.8217432,148.74920419999398,50.847457627118644,-57.62711864406779,538956.0,591521.0,6531.165258825878,1347.403721018519
1790548733.9348252,148.86228600004688,57.627118644067764,-57.62711864406779,539692.0,591644.0,6528.986847615694,1092.7949617285842
1790548734.0475774,148.97503820003476,64.40677966101691,-57.62711864406779,540519.0,591751.0,7386.347799997458,975.5553698109851
1790548734.1599653,149.0874260000419,71.18644067796606,-57.62711864406779,541326.0,591854.0,7207.790022110782,878.7707679356855
1790548734.276169,149.20362919999752,77.96610169491527,-57.62711864406779,542095.0,591958.0,6685.241848891696,912.0384514176938
1790548734.3930914,149.3205505000078,84.74576271186442,-57.62711864406779,542936.0,592059.0,7042.330311107848,872.3402707952947
1790548734.5093303,149.4367906000116,91.52542372881356,-57.62711864406779,543795.0,592174.0,7207.802447715964,985.441740898667
1790548734.622862,149.55032130004838,98.30508474576271,-57.62711864406779,544580.0,592261.0,6912.195733752951,756.7423900770921
1790548734.737917,149.6653761000489,105.08474576271186,-57.62711864406779,545392.0,592358.0,6966.823695161442,838.9368847576606
1790548734.8513668,149.77882579999277,111.86440677966101,-57.62711864406779,546212.0,592448.0,7207.160470044379,805.9421091180732
1790548734.9660525,149.89351300004637,118.64406779661016,-57.62711864406779,547060.0,592559.0,7434.937430431605,988.8833035549426
1790548735.0781922,150.0056519000209,125.42372881355931,-57.62711864406779,547808.0,592697.0,6676.104223524955,1252.9383276643473
1790548735.1924062,150.1198656000197,132.20338983050846,-57.62711864406779,548590.0,592835.0,6724.34785808334,1217.5773899410162
1790548735.3066957,150.23415580001893,138.9830508474576,-57.62711864406779,549361.0,592999.0,6758.7103581339425,1454.8722569280148
1790548735.4207778,150.3482381000067,145.76271186440675,-57.62711864406779,550016.0,593167.0,5729.122675720493,1459.8245279480102
1790548735.5348732,150.46233330003452,152.5423728813559,-57.62711864406779,550637.0,593348.0,5489.703592891104,1597.338503617144
1790548735.6482952,150.57575550000183,159.32203389830505,-57.62711864406779,551287.0,593589.0,5743.820086375254,2123.9206107175373
1790548735.7614217,150.68888150004204,166.1016949152542,-57.62711864406779,551923.0,593854.0,5582.216890094836,2342.124167817568
1790548735.8749018,150.8023621000466,172.88135593220335,-57.62711864406779,552501.0,594163.0,5112.847180786403,2750.2318770295096
1790548735.9921985,150.9196585000027,179.66101694915255,-57.62711864406779,552988.0,594484.0,4178.689045878471,2734.6496347757598
1790548736.1091177,151.03657779999776,186.4406779661017,-57.62711864406779,553496.0,594872.0,4350.054721939454,3260.232095211523
1790548736.2221792,151.14963910001097,193.22033898305085,-57.62711864406779,553954.0,595264.0,4010.3546817941624,3417.600179173316
1790548736.3365893,151.26404929999262,200.0,-57.62711864406779,554378.0,595654.0,3715.4411339431063,3413.447150149701
1790548736.4510653,151.37852530000964,-200.0,-50.847457627118644,554591.0,596244.0,1798.0117300803797,5109.655783952916
1790548736.5638835,151.49134220002452,-193.22033898305085,-50.847457627118644,554809.0,596849.0,1893.8251086541877,5402.971633513418
1790548736.677914,151.60537260002457,-186.4406779661017,-50.847457627118644,554966.0,597500.0,1367.0249560020036,5671.30623638669
1790548736.7926948,151.72015350003494,-179.66101694915255,-50.847457627118644,555116.0,598205.0,1335.3421792466897,6124.155511717577
1790548736.9071317,151.83459090004908,-172.8813559322034,-50.847457627118644,555237.0,598967.0,1058.3841511288035,6681.6251627783595
1790548737.019535,151.94699470000342,-166.10169491525426,-50.847457627118644,555353.0,599697.0,1025.5501842219462,6423.673426626554
1790548737.1332693,152.0607293000212,-159.32203389830508,-50.847457627118644,555466.0,600413.0,969.737718102482,6326.384160954287
1790548737.2474072,152.17486700002337,-152.54237288135593,-50.847457627118644,555571.0,601255.0,935.6699398674349,7430.320110711983
1790548737.359772,152.2872320000315,-145.76271186440678,-50.847457627118644,555656.0,602050.0,783.2978519910366,7068.330616776259
1790548737.4725258,152.3999857000308,-138.98305084745763,-50.847457627118644,555740.0,602881.0,743.3631606647263,7257.08285598939
1790548737.5846355,152.51209550001658,-132.20338983050848,-50.847457627118644,555817.0,603655.0,701.0302342599837,6954.219923859038
1790548737.6976705,152.62513060000492,-125.42372881355932,-50.847457627118644,555912.0,604468.0,824.488608613544,7216.591304606188
1790548737.8162742,152.74373430002015,-118.64406779661017,-50.847457627118644,556021.0,605285.0,909.7111669181415,6858.508699608341
1790548737.9299428,152.85740179999266,-111.86440677966102,-50.847457627118644,556110.0,606076.0,797.3601813820525,6962.994142068854
1790548738.049201,152.97665940003935,-105.08474576271186,-50.847457627118644,556233.0,606885.0,1051.7682161167481,6725.7809609570995
1790548738.1642857,153.0917446000385,-98.30508474576271,-50.847457627118644,556395.0,607730.0,1448.501590449378,7363.216418117671
1790548738.2793996,153.2068582000211,-91.52542372881356,-50.847457627118644,556536.0,608504.0,1167.0632855165354,6728.849255556274
1790548738.392837,153.3202957000467,-84.74576271186442,-50.847457627118644,556718.0,609280.0,1583.367053334775,6870.516687569609
1790548738.5058703,153.43332890002057,-77.96610169491527,-50.847457627118644,556944.0,610046.0,2026.1484684346483,6812.691868635767
1790548738.6196778,153.54713640001137,-71.18644067796612,-50.847457627118644,557162.0,610756.0,1941.332738450008,6251.27719127682
1790548738.7347233,153.66218290000688,-64.40677966101697,-50.847457627118644,557435.0,611476.0,2417.4045841507177,6148.4176970474855
1790548738.85025,153.77770900004543,-57.62711864406779,-50.847457627118644,557740.0,612177.0,2619.1557250833725,6081.153949934059
1790548738.9642303,153.89169010001933,-50.847457627118644,-50.847457627118644,558074.0,612749.0,2958.054232653627,4976.600674432989
1790548739.0773342,154.00479390000692,-44.067796610169495,-50.847457627118644,558450.0,613338.0,3366.5661966136813,5332.715049732415
1790548739.1898174,154.11727690004045,-37.288135593220346,-50.847457627118644,558898.0,613887.0,3950.8749699058426,4919.957509694068
1790548739.3021588,154.2296186000458,-30.508474576271198,-50.847457627118644,559318.0,614416.0,3765.7410766572884,4725.818628379319
1790548739.4157875,154.34324710001238,-23.72881355932205,-50.847457627118644,559838.0,614878.0,4589.667165845491,4110.424811178893
1790548739.5315628,154.45902260002913,-16.9491525423729,-50.847457627118644,560428.0,615343.0,5030.26833831847,4053.4285702602556
1790548739.654372,154.5818317999947,-10.169491525423723,-50.847457627118644,560988.0,615763.0,4614.375032679908,3385.0293391704395
1790548739.7683897,154.6958483000053,-3.3898305084745743,-50.847457627118644,561604.0,616129.0,4945.160040515058,3079.06191201881
1790548739.885303,154.81276140001137,3.3898305084745743,-50.847457627118644,562255.0,616464.0,5576.527902800524,2839.127804576718
1790548740.0020294,154.9294879999943,10.169491525423723,-50.847457627118644,562937.0,616786.0,5901.418813245794,2785.762918053915
1790548740.114131,155.04158850002568,16.94915254237287,-50.847457627118644,563638.0,617055.0,6243.601714329586,2409.317778652708
1790548740.228549,155.15600720001385,23.72881355932202,-50.847457627118644,564328.0,617276.0,6021.412140475894,1880.5333300255486
1790548740.3439558,155.2714140000171,30.50847457627117,-50.847457627118644,565054.0,617493.0,6366.841342902348,1879.0391355843603
1790548740.4597619,155.3872207000386,37.28813559322032,-50.847457627118644,565835.0,617669.0,6695.7302819213955,1509.2834651871997
1790548740.5728517,155.50031030003447,44.06779661016947,-50.847457627118644,566645.0,617818.0,7204.308791181901,1323.43059294674
1790548740.6866348,155.61409310001181,50.847457627118644,-50.847457627118644,567515.0,617951.0,7544.061660034142,1135.7644849255807
1790548740.8002832,155.72774210001808,57.627118644067764,-50.847457627118644,568466.0,618083.0,8267.73799259917,1136.236617977316
1790548740.9130635,155.84052230004454,64.40677966101691,-50.847457627118644,569304.0,618185.0,7415.674579739121,901.4040529256827
1790548741.0257692,155.95322830002988,71.18644067796606,-50.847457627118644,570149.0,618285.0,7417.384006369916,883.0219055202282
1790548741.1385186,156.06597769999644,77.96610169491527,-50.847457627118644,570996.0,618378.0,7482.35141011653,808.651643080917
1790548741.2512543,156.17871360003483,84.74576271186442,-50.847457627118644,571841.0,618484.0,7463.456483484362,948.0355682632689
1790548741.3660657,156.2935245000408,91.52542372881356,-50.847457627118644,572707.0,618596.0,7460.134337498293,984.9566117968405
1790548741.4791324,156.40659140003845,98.30508474576271,-50.847457627118644,573528.0,618697.0,7150.9025710891965,889.2314078038379
1790548741.5930567,156.52051610004855,105.08474576271186,-50.847457627118644,574334.0,618806.0,7168.99904223286,946.6755145512623
1790548741.7073326,156.63479219999863,111.86440677966101,-50.847457627118644,575189.0,618924.0,7431.903451294735,1052.4683148417387
1790548741.8266728,156.7541321000317,118.64406779661016,-50.847457627118644,575957.0,619050.0,6405.763947741755,1063.1973357247728
1790548741.9405048,156.86796350002987,125.42372881355931,-50.847457627118644,576741.0,619203.0,6635.99902705336,1360.9898994663893
1790548742.0584347,156.98589360003825,132.20338983050846,-50.847457627118644,577511.0,619405.0,6583.042743017505,1762.823161310127
1790548742.1729228,157.10038060002262,138.9830508474576,-50.847457627118644,578315.0,619569.0,7044.3786599820505,1453.3080809687015
1790548742.2896948,157.21715310000582,145.76271186440675,-50.847457627118644,579002.0,619801.0,6128.626647218862,1909.3745633432625
1790548742.403159,157.33061689999886,152.5423728813559,-50.847457627118644,579679.0,620039.0,6027.599183719302,2138.8255168036235
1790548742.5165787,157.4440365000046,159.32203389830505,-50.847457627118644,580303.0,620338.0,5489.62637001422,2656.5704599391997
1790548742.6300185,157.5574763000477,166.1016949152542,-50.847457627118644,580866.0,620672.0,5020.3639673019625,2964.0525268203464
1790548742.7440965,157.671554200002,172.88135593220335,-50.847457627118644,581377.0,620991.0,4467.8710221335805,2806.2660965467117
1790548742.8581505,157.78560820000712,179.66101694915255,-50.847457627118644,581883.0,621401.0,4528.560303564879,3608.121217474457
1790548742.9716609,157.8991195000126,186.4406779661017,-50.847457627118644,582317.0,621792.0,3803.5270085085135,3396.336769154804
1790548743.085371,158.01282890001312,193.22033898305085,-50.847457627118644,582712.0,622242.0,3459.0298160479197,3955.805374735653
1790548743.2005534,158.12801099999342,200.0,-50.847457627118644,583134.0,622753.0,3667.6083247668203,4364.453906472516
1790548743.3152664,158.24272390000988,-200.0,-44.067796610169495,583357.0,623482.0,1850.3363281512954,6434.751708347043
1790548743.4279785,158.35543690004852,-193.22033898305085,-44.067796610169495,583510.0,624247.0,1309.1514358090265,6835.640711259988
1790548743.5410206,158.46847930003423,-186.4406779661017,-44.067796610169495,583695.0,624983.0,1640.955276717058,6498.924570500892
1790548743.6534126,158.58087160001742,-179.66101694915255,-44.067796610169495,583843.0,625766.0,1296.4833587103199,6911.468840319043
1790548743.766171,158.69362989999354,-172.8813559322034,-44.067796610169495,583969.0,626491.0,1086.9757079536816,6391.788778394299
1790548743.8796275,158.80708630004665,-166.10169491525426,-44.067796610169495,584065.0,627266.0,868.1966629355713,6797.7951480912825
1790548743.993392,158.92085080000106,-159.32203389830508,-44.067796610169495,584166.0,628070.0,892.4299858135133,7093.438340847616
1790548744.1072645,159.0347234000219,-152.54237288135593,-44.067796610169495,584256.0,628910.0,756.1841107125608,7395.8494730667535
1790548744.2244313,159.1518902000389,-145.76271186440678,-44.067796610169495,584350.0,629805.0,821.1425249961655,7670.012596118029
1790548744.3417892,159.26924789999612,-138.98305084745763,-44.067796610169495,584425.0,630698.0,641.8218338052307,7575.305587729342
1790548744.4541616,159.38162010000087,-132.20338983050848,-44.067796610169495,584520.0,631539.0,806.394142859552,7566.97759636812
1790548744.5672448,159.49470320000546,-125.42372881355932,-44.067796610169495,584626.0,632382.0,897.5376615276834,7488.8298633716095
1790548744.6821678,159.60962540004402,-118.64406779661017,-44.067796610169495,584741.0,633174.0,1029.2535725212138,6876.871214632888
1790548744.7971969,159.72465400001965,-111.86440677966102,-44.067796610169495,584852.0,633988.0,968.3274700552574,7043.212069930221
1790548744.9123151,159.83977200003574,-105.08474576271186,-44.067796610169495,584996.0,634857.0,1256.143182443297,7564.3658796767895
1790548745.0260978,159.9535550000146,-98.30508474576271,-44.067796610169495,585155.0,635623.0,1365.173767056276,6695.852286037924
1790548745.1401944,160.06765139999334,-91.52542372881356,-44.067796610169495,585335.0,636348.0,1591.782355011527,6403.933636346953
1790548745.2532833,160.1807405000436,-84.74576271186442,-44.067796610169495,585552.0,637066.0,1891.842524225555,6271.970535979303
1790548745.3683689,160.29582620004658,-77.96610169491527,-44.067796610169495,585799.0,637746.0,2196.9767411969187,5925.455940987541
1790548745.4824314,160.40988880000077,-71.18644067796612,-44.067796610169495,586063.0,638411.0,2291.010003181173,5764.47678219779
1790548745.5975933,160.52505070000188,-64.40677966101697,-44.067796610169495,586376.0,639037.0,2743.531736317368,5377.686792117101
1790548745.7099445,160.63740290002897,-57.62711864406779,-44.067796610169495,586736.0,639668.0,3246.735019340097,5632.664212226911
1790548745.822023,160.74948130000848,-50.847457627118644,-44.067796610169495,587102.0,640227.0,3225.1400137363685,4982.607615424592
1790548745.9357226,160.86318040004699,-44.067796610169495,-44.067796610169495,587523.0,640813.0,3666.3662155648026,5162.465275820465
1790548746.0501986,160.97765700001037,-37.288135593220346,-44.067796610169495,587975.0,641361.0,3998.470150303835,4739.605349788069
1790548746.163968,161.09142620000057,-30.508474576271198,-44.067796610169495,588493.0,641862.0,4528.710364754254,4399.8446226677515
1790548746.276137,161.20359550003195,-23.72881355932205,-44.067796610169495,589025.0,642269.0,4761.593545839868,3650.555051810565
1790548746.3946636,161.32212220004294,-16.9491525423729,-44.067796610169495,589577.0,642691.0,4701.897873185375,3630.00927757415
1790548746.511603,161.4390614000149,-10.169491525423723,-44.067796610169495,590174.0,643059.0,5067.164864016505,3100.1259096487383
1790548746.6248858,161.55234280001605,-3.3898305084745743,-44.067796610169495,590779.0,643373.0,5227.197740973159,2789.692411405888
1790548746.7394063,161.66686180001125,3.3898305084745743,-44.067796610169495,591443.0,643674.0,5827.721454253472,2553.097018053902
1790548746.8627596,161.79021619999548,10.169491525423723,-44.067796610169495,592229.0,643930.0,6440.876623056273,2017.9570535755704
1790548746.9802127,161.90767079999205,16.94915254237287,-44.067796610169495,592972.0,644186.0,6717.632985895984,2160.916904553953
1790548747.0936239,162.02108160004718,23.72881355932202,-44.067796610169495,593722.0,644374.0,6656.351319992395,1634.0834724530566
1790548747.2070966,162.13455390004674,30.50847457627117,-44.067796610169495,594519.0,644550.0,7075.519624960043,1579.522005049827
1790548747.3222432,162.24970060004853,37.28813559322032,-44.067796610169495,595385.0,644722.0,7444.123351415043,1508.9439225841304
1790548747.4356554,162.36311219999334,44.06779661016947,-44.067796610169495,596202.0,644862.0,7193.634566032444,1183.4087951892752
1790548747.5504587,162.4779150999966,50.847457627118644,-44.067796610169495,597164.0,644993.0,8489.314555760846,1090.9594299519877
1790548747.6642005,162.5916572000133,57.627118644067764,-44.067796610169495,598020.0,645106.0,7503.121684001233,987.4957197886001
1790548747.7797217,162.70717760000844,64.40677966101691,-44.067796610169495,598963.0,645189.0,8314.211556500431,711.0838831217474
1790548747.8944023,162.8218594000209,71.18644067796606,-44.067796610169495,599858.0,645293.0,7818.14476911283,870.7412420575901
1790548748.0078573,162.9353148000082,77.96610169491527,-44.067796610169495,600701.0,645378.0,7359.230415964478,740.5514883989412
1790548748.1211984,163.04865620000055,84.74576271186442,-44.067796610169495,601555.0,645498.0,7504.989429227811,1046.9923524725218
1790548748.2335813,163.16103920002934,91.52542372881356,-44.067796610169495,602371.0,645604.0,7289.166451998184,941.4396568437552
1790548748.3463404,163.27379830001155,98.30508474576271,-44.067796610169495,603179.0,645696.0,7136.067526124274,836.2579132176884
1790548748.4592314,163.38668960001087,105.08474576271186,-44.067796610169495,604009.0,645806.0,7460.844485643532,992.9233332883805
1790548748.573532,163.50099000002956,111.86440677966101,-44.067796610169495,604766.0,645934.0,6636.398291486506,1144.524879199342
1790548748.6894357,163.61689370003296,118.64406779661016,-44.067796610169495,605541.0,646095.0,6735.596398088364,1403.6290193580624
1790548748.8100224,163.73748030001298,125.42372881355931,-44.067796610169495,606340.0,646278.0,6616.430802598376,1557.8368820932685
1790548748.9320757,163.85953340004198,132.20338983050846,-44.067796610169495,607107.0,646508.0,6564.928510403497,1905.652859269904
1790548749.0489287,163.9763865999994,138.9830508474576,-44.067796610169495,607789.0,646730.0,5823.868410936818,1880.7188160123576
1790548749.167295,164.09475250000833,145.76271186440675,-44.067796610169495,608499.0,646963.0,5870.253946383763,1962.7261286382352
1790548749.282501,164.20995710004354,152.5423728813559,-44.067796610169495,609140.0,647261.0,5548.383757633952,2653.9768974015738
1790548749.4033663,164.33082309999736,159.32203389830505,-44.067796610169495,609754.0,647620.0,5031.555301101559,2952.704299183913
1790548749.5188203,164.4462778000161,166.1016949152542,-44.067796610169495,610358.0,648004.0,5315.262695073234,3324.3869152931534
1790548749.6318371,164.5592944000382,172.88135593220335,-44.067796610169495,610884.0,648391.0,4662.90971037839,3455.3832913560977
1790548749.7456048,164.67306090000784,179.66101694915255,-44.067796610169495,611371.0,648827.0,4251.998071441725,3883.8597102779395
1790548749.860504,164.78796020004665,186.4406779661017,-44.067796610169495,611823.0,649295.0,3924.0778645347787,4117.9734766647325
1790548749.9749105,164.90236690000165,193.22033898305085,-44.067796610169495,612161.0,649798.0,2934.074663800928,4382.65869592906
1790548750.0894296,165.01688569999533,200.0,-44.067796610169495,612528.0,650317.0,3226.3342412874235,4494.807532733761
1790548750.20439,165.131846400036,-200.0,-37.288135593220346,612720.0,651050.0,1574.4609545062544,6472.783924081268
1790548750.3171175,165.24457430001348,-193.22033898305085,-37.288135593220346,612883.0,651778.0,1463.558329792071,6385.588891131009
1790548750.4319336,165.3593899999978,-186.4406779661017,-37.288135593220346,613037.0,652556.0,1303.2891530058002,6745.898080699037
1790548750.5453913,165.4728477000026,-179.66101694915255,-37.288135593220346,613134.0,653389.0,811.0572269506429,7346.127526863294
1790548750.660454,165.58791090000886,-172.8813559322034,-37.288135593220346,613237.0,654172.0,896.7444520418703,6771.335658275347
1790548750.7745972,165.70205419999547,-166.10169491525426,-37.288135593220346,613315.0,654906.0,687.713133610226,6400.31689679917
1790548750.8879418,165.81539940001676,-159.32203389830508,-37.288135593220346,613388.0,655619.0,655.4471351753039,6185.20536010498
1790548751.002081,165.92953840002883,-152.54237288135593,-37.288135593220346,613460.0,656415.0,605.6207106922249,6891.22960196759
1790548751.114773,166.04223030002322,-145.76271186440678,-37.288135593220346,613547.0,657258.0,771.6687851111558,7437.771422758128
1790548751.227535,166.15499250002904,-138.98305084745763,-37.288135593220346,613631.0,658113.0,752.5663907776,7627.864281832217
1790548751.3419745,166.2694319000002,-132.20338983050848,-37.288135593220346,613738.0,658959.0,933.377866731427,7448.721407052761
1790548751.4573312,166.38478870003019,-125.42372881355932,-37.288135593220346,613871.0,659786.0,1133.1330853628926,7155.187143864072
1790548751.5735462,166.50100370001746,-118.64406779661017,-37.288135593220346,614005.0,660602.0,1126.429551942289,6974.8517856266535
1790548751.6933887,166.62084600003436,-111.86440677966102,-37.288135593220346,614139.0,661413.0,1123.5378526724676,6820.847908743878
1790548751.809198,166.7366549000144,-105.08474576271186,-37.288135593220346,614288.0,662220.0,1293.1245492904177,7112.185021097298
1790548751.9233959,166.85085240000626,-98.30508474576271,-37.288135593220346,614490.0,662957.0,1790.0361416050234,6394.304361506604
1790548752.0405214,166.96797090000473,-91.52542372881356,-37.288135593220346,614700.0,663673.0,1819.2496938029576,6150.356832856699
1790548752.1582592,167.08571519999532,-84.74576271186442,-37.288135593220346,614960.0,664377.0,2246.8578945562376,6032.020986630231
1790548752.2718875,167.1993427000125,-77.96610169491527,-37.288135593220346,615233.0,665037.0,2421.077528021866,5791.962393960002
1790548752.3854806,167.3129362000036,-71.18644067796612,-37.288135593220346,615502.0,665657.0,2313.5308098448627,5463.277575055338
1790548752.5005496,167.42800650000572,-64.40677966101697,-37.288135593220346,615837.0,666265.0,2899.969352565743,5278.49311176793
1790548752.6134126,167.54086810001172,-57.62711864406779,-37.288135593220346,616209.0,666816.0,3351.4988913240923,4883.34741505948
1790548752.7277505,167.65520640002796,-50.847457627118644,-37.288135593220346,616615.0,667329.0,3554.9531109411837,4478.317555341491
1790548752.8418956,167.7693517000298,-44.067796610169495,-37.288135593220346,617046.0,667805.0,3735.253339562937,4213.660171231097
1790548752.9562542,167.88371060002828,-37.288135593220346,-37.288135593220346,617521.0,668292.0,4129.880141760361,4230.832767447837
1790548753.0706723,167.9981289000134,-30.508474576271198,-37.288135593220346,618041.0,668734.0,4505.544323222903,3773.161604015888
1790548753.185878,168.11333389999345,-23.72881355932205,-37.288135593220346,618607.0,669168.0,4807.036993517712,3771.115977901419
1790548753.2981892,168.2256456000032,-16.9491525423729,-37.288135593220346,619201.0,669526.0,5285.145278749713,3143.0244489555816
1790548753.4119568,168.33941320003942,-10.169491525423723,-37.288135593220346,619838.0,669824.0,5664.209104371876,2597.24710151686
1790548753.525082,168.4525387000176,-3.3898305084745743,-37.288135593220346,620508.0,670076.0,6017.599165404642,2184.8513892853775
1790548753.6371236,168.56458050000947,3.3898305084745743,-37.288135593220346,621222.0,670352.0,6302.658527244338,2412.590356126171
1790548753.7500346,168.67749140004162,10.169491525423723,-37.288135593220346,621928.0,670580.0,6288.240709522527,2012.6080146996878
1790548753.8645923,168.79204940004274,16.94915254237287,-37.288135593220346,622648.0,670801.0,6288.594302213839,1986.3536587778794
1790548753.9810953,168.90855210000882,23.72881355932202,-37.288135593220346,623443.0,670981.0,6815.517326987051,1536.6551002490698
1790548754.099331,169.02678770001512,30.50847457627117,-37.288135593220346,624238.0,671151.0,6659.392652607244,1423.1766555975157
1790548754.2118013,169.13925780000864,37.28813559322032,-37.288135593220346,625057.0,671294.0,7308.441533233308,1236.8131825471753
1790548754.3285973,169.25605260004522,44.06779661016947,-37.288135593220346,625889.0,671415.0,7162.1072852760635,1042.935725819839
1790548754.4446583,169.37211460003164,50.847457627118644,-37.288135593220346,626689.0,671510.0,7028.556766865027,836.7329484363128
1790548754.5567095,169.4841652000323,57.627118644067764,-37.288135593220346,627511.0,671622.0,7309.866358460557,1000.1991053136568
1790548754.6710918,169.5985478000366,64.40677966101691,-37.288135593220346,628338.0,671719.0,7281.101000119379,853.8996128765476
1790548754.7846055,169.71206029999303,71.18644067796606,-37.288135593220346,629154.0,671797.0,7197.862788660739,710.5582496498422
1790548754.898657,169.8261121000396,77.96610169491527,-37.288135593220346,629939.0,671878.0,6887.497438077393,729.3730530939866
1790548755.012399,169.93985500000417,84.74576271186442,-37.288135593220346,630811.0,671973.0,7661.230932952621,852.277201731126
1790548755.1282904,170.05574580002576,91.52542372881356,-37.288135593220346,631693.0,672093.0,7644.389508743266,1066.2387258057984
1790548755.24235,170.16980550001608,98.30508474576271,-37.288135593220346,632457.0,672216.0,6662.495685121429,1088.8843363494857
1790548755.3564408,170.28389590000734,105.08474576271186,-37.288135593220346,633219.0,672353.0,6616.8641074039215,1204.7511680147197
1790548755.4691305,170.39658620004775,111.86440677966101,-37.288135593220346,633993.0,672486.0,6900.860743273979,1165.685936363848
1790548755.5839093,170.5113648000406,118.64406779661016,-37.288135593220346,634743.0,672652.0,6544.863062223556,1431.9756489577487
1790548755.6976554,170.6251118000364,125.42372881355931,-37.288135593220346,635426.0,672825.0,5993.603744193338,1551.5029723027437
1790548755.811146,170.73860240000067,132.20338983050846,-37.288135593220346,636044.0,673033.0,5451.876312994752,1777.1820918420924
1790548755.926523,170.85397920000833,138.9830508474576,-37.288135593220346,636704.0,673267.0,5639.390874952085,2021.839493752918
1790548756.0393176,170.96677390002878,145.76271186440675,-37.288135593220346,637308.0,673525.0,5220.957031768447,2276.039987158843
1790548756.152002,171.07945830002427,152.5423728813559,-37.288135593220346,637896.0,673839.0,5189.157822304916,2827.068060897302
1790548756.2657702,171.19322670000838,159.32203389830505,-37.288135593220346,638373.0,674185.0,4135.794054123607,3058.0927081715754
1790548756.386718,171.31417399999918,166.1016949152542,-37.288135593220346,638955.0,674551.0,4761.532438793979,3030.86474425078
1790548756.5040452,171.43150070001138,172.88135593220335,-37.288135593220346,639474.0,675002.0,4350.505086233051,3813.518056760771
1790548756.62332,171.55077550001442,179.66101694915255,-37.288135593220346,639909.0,675454.0,3597.026333994979,3863.8134533961406
1790548756.738859,171.6663137000287,186.4406779661017,-37.288135593220346,640308.0,675929.0,3451.648693339188,4099.411182705792
1790548756.857252,171.7847066000104,193.22033898305085,-37.288135593220346,640651.0,676463.0,2988.0597874136784,4495.966119761757
1790548756.9712844,171.89874030003557,200.0,-37.288135593220346,640981.0,677010.0,2897.582046645085,4906.4488329773
1790548757.084062,172.011518000043,-200.0,-30.508474576271198,641139.0,677773.0,1301.4623788726715,6832.677489081526
1790548757.1968453,172.12430020002648,-193.22033898305085,-30.508474576271198,641252.0,678490.0,965.7932739507389,6361.234544771694
1790548757.3119757,172.23943070002133,-186.4406779661017,-30.508474576271198,641365.0,679258.0,951.4739150666737,6742.656494270563
1790548757.425092,172.35254660004284,-179.66101694915255,-30.508474576271198,641447.0,679998.0,726.7408007215556,6522.032826988319
1790548757.540498,172.46795240003848,-172.8813559322034,-30.508474576271198,641532.0,680761.0,722.9930080159505,6653.3660357923545
1790548757.655615,172.58307009999407,-166.10169491525426,-30.508474576271198,641613.0,681562.0,697.4511830861377,6983.688820112511
1790548757.7707636,172.69821830000728,-159.32203389830508,-30.508474576271198,641689.0,682311.0,667.7020621436757,6539.821567571617
1790548757.885501,172.8129559000372,-152.54237288135593,-30.508474576271198,641779.0,683153.0,724.9049826616723,7175.64172710668
1790548758.000314,172.92776950000552,-145.76271186440678,-30.508474576271198,641869.0,683953.0,786.3921243475595,6949.511796559828
1790548758.1127,173.04015549999895,-138.98305084745763,-30.508474576271198,641960.0,684692.0,822.5190764789468,6542.765381082531
1790548758.2258077,173.15326360001927,-132.20338983050848,-30.508474576271198,642060.0,685447.0,907.5872439783794,6742.076669553676
1790548758.337786,173.2652417999925,-125.42372881355932,-30.508474576271198,642175.0,686226.0,1066.587826494293,6923.464838647165
1790548758.4505992,173.37805510003818,-118.64406779661017,-30.508474576271198,642313.0,686943.0,1244.6105575066897,6362.374864866288
1790548758.565998,173.49345380003797,-111.86440677966102,-30.508474576271198,642466.0,687713.0,1323.0078310161282,6687.532734862347
1790548758.6808054,173.6082612000173,-105.08474576271186,-30.508474576271198,642646.0,688424.0,1591.6109296038962,6192.64712265424
1790548758.7943656,173.72182150004664,-98.30508474576271,-30.508474576271198,642865.0,689107.0,1944.470028874903,5935.750614460229
1790548758.9101083,173.8375641000457,-91.52542372881356,-30.508474576271198,643111.0,689808.0,2164.8402535913756,6019.534713572643
1790548759.027034,173.9544898000313,-84.74576271186442,-30.508474576271198,643367.0,690472.0,2198.7666919699136,5724.062049343163
1790548759.1437812,174.0712366999942,-77.96610169491527,-30.508474576271198,643678.0,691094.0,2705.691575383475,5302.429127597146
1790548759.2648351,174.1922903000377,-71.18644067796612,-30.508474576271198,644036.0,691789.0,2918.278616553245,5662.331644058535
1790548759.3785949,174.30604940000921,-64.40677966101697,-30.508474576271198,644421.0,692312.0,3444.454012207489,4611.12391956809
1790548759.4963539,174.4238054000307,-57.62711864406779,-30.508474576271198,644827.0,692842.0,3519.930200908283,4568.420047987346
1790548759.6108654,174.53831989999162,-50.847457627118644,-30.508474576271198,645321.0,693329.0,4380.213507003741,4224.757077736385
1790548759.7248645,174.65231989999302,-44.067796610169495,-30.508474576271198,645792.0,693782.0,4234.366671805066,4013.4431932761063
1790548759.8430505,174.7705056000268,-37.288135593220346,-30.508474576271198,646336.0,694248.0,4547.075055563979,3927.823588852931
1790548759.9575226,174.88497760001337,-30.508474576271198,-30.508474576271198,646908.0,694634.0,5103.033551442958,3340.834914973447
1790548760.07263,175.00008450000314,-23.72881355932205,-30.508474576271198,647536.0,694979.0,5441.590551764672,2958.1800986103253
1790548760.1863914,175.11384589999216,-16.9491525423729,-30.508474576271198,648165.0,695310.0,5484.906350283479,2908.6624584836627
1790548760.3008554,175.22830950003117,-10.169491525423723,-30.508474576271198,648767.0,695591.0,5163.801659665177,2412.2199582450116
1790548760.4149575,175.34241179999663,-3.3898305084745743,-30.508474576271198,649496.0,695844.0,6454.456725464908,2176.179814181138
1790548760.5280359,175.45549020002363,3.3898305084745743,-30.508474576271198,650171.0,696049.0,6003.884865349524,1812.3181869089121
1790548760.6407661,175.5682210000232,10.169491525423723,-30.508474576271198,650901.0,696266.0,6373.533807627479,1928.8325996767371
1790548760.7545888,175.68204410001636,16.94915254237287,-30.508474576271198,651715.0,696435.0,7112.152466790746,1475.933067038287
1790548760.8689973,175.7964525000425,23.72881355932202,-30.508474576271198,652511.0,696581.0,6949.448717828358,1265.2030647233687
1790548760.9813094,175.90876489999937,30.50847457627117,-30.508474576271198,653331.0,696713.0,7327.564507201022,1183.970346583371
1790548761.0936139,176.0210689000087,37.28813559322032,-30.508474576271198,654191.0,696832.0,7658.0677441425905,1091.3446115282377
1790548761.2072744,176.1347297000466,44.06779661016947,-30.508474576271198,655025.0,696931.0,7349.245591062224,888.5737742342236
1790548761.3261118,176.25356700003613,50.847457627118644,-30.508474576271198,655881.0,697020.0,7125.84652737539,744.4914282332496
1790548761.4422643,176.3697194000124,57.627118644067764,-30.508474576271198,656755.0,697115.0,7505.241054010655,859.878178043562
1790548761.5586514,176.4861054000212,64.40677966101691,-30.508474576271198,657645.0,697219.0,7525.270356477636,889.6871357411984
1790548761.6777763,176.60523169999942,71.18644067796606,-30.508474576271198,658536.0,697313.0,7922.821524588587,769.1160076501201
1790548761.7905393,176.7179929999984,77.96610169491527,-30.508474576271198,659382.0,697402.0,7558.459670998131,770.7028902860501
1790548761.9073098,176.8347634000238,84.74576271186442,-30.508474576271198,660272.0,697525.0,7606.242686206406,1041.705019598516
1790548762.0227938,176.95024700002978,91.52542372881356,-30.508474576271198,661109.0,697658.0,7359.171794011186,1132.8887742970912
1790548762.137512,177.06496660003904,98.30508474576271,-30.508474576271198,661883.0,697797.0,6698.170485928113,1206.960568991173
1790548762.252289,177.17974360001972,105.08474576271186,-30.508474576271198,662683.0,697965.0,6921.974121193358,1495.6571223658902
1790548762.3661165,177.29357060004259,111.86440677966101,-30.508474576271198,663437.0,698148.0,6584.93741544718,1618.64383396467
1790548762.4801974,177.40765120001743,118.64406779661016,-30.508474576271198,664161.0,698357.0,6271.265962264742,1801.0263072777975
1790548762.59395,177.5214047000045,125.42372881355931,-30.508474576271198,664858.0,698605.0,6063.014683242769,2218.1761036254034
1790548762.707642,177.63509690004867,132.20338983050846,-30.508474576271198,665534.0,698870.0,5977.958006582717,2321.179380059853
1790548762.821431,177.74888580001425,138.9830508474576,-30.508474576271198,666091.0,699134.0,4879.935180607362,2301.8562172676234
1790548762.9348583,177.86231320002116,145.76271186440675,-30.508474576271198,666642.0,699417.0,4921.700637298851,2483.9352184491386
1790548763.047921,177.9753760000458,152.5423728813559,-30.508474576271198,667199.0,699774.0,4901.034313306207,3140.7384351811047
1790548763.1606748,178.08812960004434,159.32203389830505,-30.508474576271198,667697.0,700161.0,4432.801240610894,3364.096538996108
1790548763.274906,178.20236080000177,166.1016949152542,-30.508474576271198,668199.0,700624.0,4380.671161297042,4087.404472674646
1790548763.3899522,178.31740719999652,172.88135593220335,-30.508474576271198,668639.0,701105.0,3832.0498708169066,4180.418040891171
1790548763.505115,178.4325686999946,179.66101694915255,-30.508474576271198,669038.0,701555.0,3435.1563178742185,3964.3560749521384
1790548763.6235292,178.55098260001978,186.4406779661017,-30.508474576271198,669427.0,702097.0,3209.3112806159506,4660.478120546642
1790548763.7389853,178.66643870004918,193.22033898305085,-30.508474576271198,669748.0,702677.0,2860.21196831289,5205.401845868474
1790548763.8541672,178.78162090003025,200.0,-30.508474576271198,670044.0,703313.0,2580.7892285191087,5500.192646595689
1790548763.9685154,178.8959690000047,-200.0,-23.72881355932205,670151.0,704065.0,858.9621149335339,6529.959303849554
1790548764.0823672,179.00982010003645,-193.22033898305085,-23.72881355932205,670257.0,704908.0,941.0766097465256,7380.993017619809
1790548764.197898,179.12535149999894,-186.4406779661017,-23.72881355932205,670367.0,705773.0,962.8548924834274,7537.778301155975
1790548764.3108573,179.2383114999975,-179.66101694915255,-23.72881355932205,670460.0,706554.0,785.4188851065799,7031.369066668429
1790548764.4252717,179.35272530000657,-172.8813559322034,-23.72881355932205,670563.0,707369.0,887.5127863855787,7036.054976603195
1790548764.539292,179.46674679999705,-166.10169491525426,-23.72881355932205,670656.0,708190.0,803.803561530196,7224.992932374866
1790548764.6520557,179.57951040001353,-159.32203389830508,-23.72881355932205,670729.0,708954.0,641.0488675988752,6652.043321750647
1790548764.7651706,179.6926254000282,-152.54237288135593,-23.72881355932205,670814.0,709706.0,777.6575287510981,6693.40944389338
1790548764.8785563,179.8060106000048,-145.76271186440678,-23.72881355932205,670893.0,710533.0,702.1939868199528,7373.036861609504
1790548764.9993618,179.92681630002335,-138.98305084745763,-23.72881355932205,670991.0,711376.0,812.4122462331052,6958.487500344423
1790548765.1140857,180.04154020000715,-132.20338983050848,-23.72881355932205,671107.0,712183.0,977.047675715757,6940.725469943066
1790548765.2327406,180.1601934999926,-125.42372881355932,-23.72881355932205,671242.0,712948.0,1130.5198762637601,6466.573692228707
1790548765.3505633,180.27801650000038,-118.64406779661017,-23.72881355932205,671402.0,713715.0,1423.2652102715795,6404.693446222108
1790548765.4696922,180.39714650000678,-111.86440677966102,-23.72881355932205,671592.0,714424.0,1699.7340806252987,6055.883172501064
1790548765.582862,180.51031510002213,-105.08474576271186,-23.72881355932205,671804.0,715157.0,1859.6887936375435,6337.745391252324
1790548765.6966572,180.62411040003644,-98.30508474576271,-23.72881355932205,672029.0,715808.0,1971.6946114464906,5757.7185367122875
1790548765.8106833,180.73813599999994,-91.52542372881356,-23.72881355932205,672295.0,716471.0,2334.6087209151647,5817.993161645728
1790548765.9243977,180.85185209999327,-84.74576271186442,-23.72881355932205,672590.0,717080.0,2604.3566627971295,5347.24293531751
1790548766.0382137,180.96566740004346,-77.96610169491527,-23.72881355932205,672913.0,717647.0,2842.043107205594,4929.887072693198
1790548766.1536272,181.08108090003952,-71.18644067796612,-23.72881355932205,673287.0,718203.0,3211.5018947663275,4898.901195406262
1790548766.2670803,181.19453420001082,-64.40677966101697,-23.72881355932205,673675.0,718739.0,3445.049612192016,4728.8616660651805
1790548766.3788364,181.30629080004292,-57.62711864406779,-23.72881355932205,674068.0,719200.0,3572.131745597406,4087.793808610155
1790548766.4918265,181.41928060003556,-50.847457627118644,-23.72881355932205,674560.0,719611.0,4401.237164098978,3567.318543532856
1790548766.6065884,181.53404280001996,-44.067796610169495,-23.72881355932205,675081.0,720042.0,4570.513166785128,3776.831239618848
1790548766.7223735,181.64982769999187,-37.288135593220346,-23.72881355932205,675668.0,720440.0,5063.314194557737,3496.9651991190126
1790548766.839613,181.767066600034,-30.508474576271198,-23.72881355932205,676281.0,720802.0,5084.441609233576,3036.1638843016894
1790548766.9542842,181.88173860003008,-23.72881355932205,-23.72881355932205,676867.0,721134.0,5051.709864808905,2834.5705352538853
1790548767.0684016,181.99585530004697,-16.9491525423729,-23.72881355932205,677529.0,721427.0,5854.213361818163,2555.4105944444364
1790548767.1828027,182.11025550001068,-10.169491525423723,-23.72881355932205,678211.0,721695.0,5995.132500490964,2297.3713856843237
1790548767.2979436,182.22539730003336,-3.3898305084745743,-23.72881355932205,678915.0,721919.0,6114.265149099961,1946.2826000138011
1790548767.4107141,182.33816790004494,3.3898305084745743,-23.72881355932205,679636.0,722111.0,6400.68075516236,1662.876422603864
1790548767.523217,182.45067089999793,10.169491525423723,-23.72881355932205,680339.0,722272.0,6293.6411881535905,1424.448375425295
1790548767.6355393,182.56299250002485,16.94915254237287,-23.72881355932205,681116.0,722421.0,6976.043633391268,1296.3503543334039
1790548767.748325,182.6757789000403,23.72881355932202,-23.72881355932205,681901.0,722547.0,6984.219564058817,1105.2155959082436
1790548767.8614244,182.78887720004423,30.50847457627117,-23.72881355932205,682654.0,722661.0,6618.48287654507,1008.9715154453323
1790548767.974843,182.90229610004462,37.28813559322032,-23.72881355932205,683434.0,722761.0,7013.1112667233565,891.733353119791
1790548768.0885797,183.01603290002095,44.06779661016947,-23.72881355932205,684210.0,722864.0,6783.377681569221,922.9085281046559
1790548768.2033405,183.13079450000077,50.847457627118644,-23.72881355932205,685069.0,722954.0,7536.422226438448,749.9837652523698
1790548768.3158057,183.24325780000072,57.627118644067764,-23.72881355932205,685872.0,723046.0,7228.536326218391,819.7309235917763
1790548768.4294696,183.3569236000185,64.40677966101691,-23.72881355932205,686713.0,723130.0,7403.396724756048,727.4481856414525
1790548768.5456524,183.4731063999934,71.18644067796606,-23.72881355932205,687567.0,723238.0,7292.914976964681,963.3850648582974
1790548768.660722,183.58817570004612,77.96610169491527,-23.72881355932205,688375.0,723332.0,7007.7213003989555,777.6192043523645
1790548768.7743208,183.701773400011,84.74576271186442,-23.72881355932205,689170.0,723432.0,7038.758793691644,865.8790579541309
1790548768.8910112,183.81846430001315,91.52542372881356,-23.72881355932205,689953.0,723568.0,6746.408845768733,1139.9749019166004
1790548769.009152,183.93660519999685,98.30508474576271,-23.72881355932205,690724.0,723719.0,6903.497833128252,1272.9195197019792
1790548769.1232805,184.05073380004615,105.08474576271186,-23.72881355932205,691457.0,723910.0,6341.113238301884,1702.6211162349036
1790548769.2360082,184.16346040001372,111.86440677966101,-23.72881355932205,692161.0,724117.0,6253.391510363094,1802.612114428589
1790548769.3504562,184.27790869999444,118.64406779661016,-23.72881355932205,692869.0,724374.0,6148.968009739992,2259.560533699636
1790548769.464167,184.39161960000638,125.42372881355931,-23.72881355932205,693517.0,724641.0,5690.7256865568015,2309.547762401299
1790548769.5782778,184.50573020003503,132.20338983050846,-23.72881355932205,694198.0,724931.0,5947.509089832334,2577.867716955191
1790548769.6921453,184.61959790001856,138.9830508474576,-23.72881355932205,694787.0,725275.0,5091.574550057768,3016.2044888929167
1790548769.8061085,184.7335616000346,145.76271186440675,-23.72881355932205,695317.0,725599.0,4543.796379570523,2881.431850459356
1790548769.9201996,184.84765300003346,152.5423728813559,-23.72881355932205,695803.0,725968.0,4229.916612700813,3229.7844851858704
1790548770.0336833,184.9611367000034,159.32203389830505,-23.72881355932205,696265.0,726364.0,4034.2458559664387,3489.576506991565
1790548770.146688,185.07414070004597,166.1016949152542,-23.72881355932205,696698.0,726800.0,3796.9326345710865,3806.1934458749183
1790548770.2598135,185.18726730003254,172.88135593220335,-23.72881355932205,697087.0,727267.0,3369.986566822321,4175.450389112271
1790548770.373604,185.3010576000088,179.66101694915255,-23.72881355932205,697386.0,727764.0,2651.0204131217606,4378.340333866601
1790548770.4902174,185.41767049999908,186.4406779661017,-23.72881355932205,697705.0,728340.0,2717.007379209952,4863.443208785814
1790548770.603911,185.53136320004705,193.22033898305085,-23.72881355932205,697995.0,728945.0,2525.9698392884734,5329.51878179546
1790548770.7213256,185.6487777000293,200.0,-23.72881355932205,698274.0,729579.0,2488.019546495864,5415.101365902762
1790548770.8364618,185.76391340000555,-200.0,-16.9491525423729,698383.0,730332.0,925.0300173180184,6632.4652241701915
1790548770.952198,185.87965020001866,-193.22033898305085,-16.9491525423729,698477.0,731145.0,820.7979250681998,6912.942524463282
1790548771.0674815,185.9949334000121,-186.4406779661017,-16.9491525423729,698564.0,731962.0,769.6092308791922,7128.047400285852
1790548771.1823752,186.10982790001435,-179.66101694915255,-16.9491525423729,698649.0,732784.0,761.9173514351307,7059.210159682115
1790548771.2969646,186.22441630001413,-172.8813559322034,-16.9491525423729,698732.0,733665.0,703.44174849556,7646.50316221797
1790548771.4099042,186.3373569000396,-166.10169491525426,-16.9491525423729,698806.0,734525.0,651.051960416807,7635.909421459979
1790548771.5233634,186.45081539999228,-159.32203389830508,-16.9491525423729,698907.0,735329.0,840.19104673881,7063.144513793292
1790548771.6378605,186.56531320000067,-152.54237288135593,-16.9491525423729,699012.0,736127.0,908.6628610184512,6993.950506020807
1790548771.751187,186.6786398999975,-145.76271186440678,-16.9491525423729,699103.0,736947.0,808.2842631666927,7255.977121071115
1790548771.864491,186.79194210004061,-138.98305084745763,-16.9491525423729,699230.0,737729.0,1146.447584179266,6934.158775277819
1790548771.9774685,186.9049217000138,-132.20338983050848,-16.9491525423729,699367.0,738535.0,1235.1755714686324,7058.146122677899
1790548772.0936117,187.02106520003872,-125.42372881355932,-16.9491525423729,699540.0,739314.0,1498.409310816804,6541.8357716148275
1790548772.2089012,187.13635280000744,-118.64406779661017,-16.9491525423729,699735.0,740045.0,1711.4965892713146,6351.7573954775
1790548772.3274431,187.25489480001852,-111.86440677966102,-16.9491525423729,699987.0,740815.0,2172.0443163650734,6470.1150610366385
1790548772.4445868,187.37203930004034,-105.08474576271186,-16.9491525423729,700235.0,741532.0,2165.5709681107205,6095.335526621985
1790548772.5576138,187.48506640002597,-98.30508474576271,-16.9491525423729,700513.0,742178.0,2493.0283248442033,5681.138896392181
1790548772.671432,187.59888450003928,-91.52542372881356,-16.9491525423729,700824.0,742837.0,2816.3128934313863,5835.10579880882
1790548772.7848852,187.71233690000372,-84.74576271186442,-16.9491525423729,701164.0,743387.0,2990.913714830376,4818.694318337828
1790548772.8983073,187.8257600000361,-77.96610169491527,-16.9491525423729,701507.0,743922.0,3038.471871866763,4668.8714128684405
1790548773.0120804,187.93953210004838,-71.18644067796612,-16.9491525423729,701915.0,744395.0,3581.31807349317,4199.741555256166
1790548773.1257842,188.05323670001235,-64.40677966101697,-16.9491525423729,702364.0,744890.0,3947.357448677204,4336.533535166506
1790548773.2388568,188.16630939999595,-57.62711864406779,-16.9491525423729,702889.0,745385.0,4704.143626201114,4361.518992009301
1790548773.3515809,188.2790335000027,-50.847457627118644,-16.9491525423729,703447.0,745823.0,4932.739177562603,3948.0492475783544
1790548773.4633098,188.39076270000078,-44.067796610169495,-16.9491525423729,704068.0,746203.0,5623.578849424478,3351.6154411428024
1790548773.5769525,188.50440550001804,-37.288135593220346,-16.9491525423729,704700.0,746561.0,5568.272646725674,3134.458112395247
1790548773.6901546,188.6176073999959,-30.508474576271198,-16.9491525423729,705340.0,746848.0,5602.915366847004,2518.996660797331
1790548773.80275,188.73020290001296,-23.72881355932205,-16.9491525423729,705964.0,747154.0,5471.385955474395,2679.862508803785
1790548773.9171488,188.84460190002574,-16.9491525423729,-16.9491525423729,706724.0,747393.0,6666.697403189913,2083.9192435974
1790548774.0334425,188.96086930000456,-10.169491525423723,-16.9491525423729,707463.0,747632.0,6424.726835691035,2040.4711838675391
1790548774.1561081,189.08355919999303,-3.3898305084745743,-16.9491525423729,708311.0,747840.0,6867.840232515391,1689.2671539654793
1790548774.2698343,189.19728570000734,3.3898305084745743,-16.9491525423729,709107.0,747999.0,7055.9443535656665,1401.90473340581
1790548774.3846004,189.31205170002067,10.169491525423723,-16.9491525423729,709871.0,748154.0,6706.263814038405,1372.359579953289
1790548774.4996555,189.42710810003337,16.94915254237287,-16.9491525423729,710700.0,748300.0,7127.063403040296,1222.8252189595387
1790548774.6114364,189.53888830001233,23.72881355932202,-16.9491525423729,711567.0,748424.0,7736.577503808363,1115.9426944887214
1790548774.7255738,189.65302560001146,30.50847457627117,-16.9491525423729,712362.0,748543.0,6984.197676573469,1067.4136106489098
1790548774.8386672,189.76611870003399,37.28813559322032,-16.9491525423729,713211.0,748650.0,7382.403880330124,910.0321764432102
1790548774.9516828,189.87913489999482,44.06779661016947,-16.9491525423729,714024.0,748733.0,7126.3072647467825,736.882557480361
1790548775.064829,189.99228110001422,50.847457627118644,-16.9491525423729,714829.0,748836.0,7150.458650950997,900.7720638210997
1790548775.1779616,190.105413900048,57.627118644067764,-16.9491525423729,715617.0,748907.0,6939.541786273825,610.6796771920966
1790548775.290325,190.21777650003787,64.40677966101691,-16.9491525423729,716357.0,749007.0,6613.55919555792,923.4730047393994
1790548775.4036663,190.33111880003707,71.18644067796606,-16.9491525423729,717131.0,749132.0,6839.538479625749,1068.6778874415231
1790548775.5158389,190.4432916000369,77.96610169491527,-16.9491525423729,717905.0,749248.0,6939.761377911462,1008.7405502213161
1790548775.6293128,190.55676550004864,84.74576271186442,-16.9491525423729,718621.0,749382.0,6369.63842326177,1181.614084315227
1790548775.749079,190.67653160000918,91.52542372881356,-16.9491525423729,719407.0,749539.0,6568.7734488844335,1261.8488505350206
1790548775.8634653,190.79091650003102,98.30508474576271,-16.9491525423729,720054.0,749701.0,5642.559213323906,1385.0763143085042
1790548775.984,190.9114512000233,105.08474576271186,-16.9491525423729,720752.0,749886.0,5824.456977564853,1574.1775615040144
1790548776.1000779,191.0275282000075,111.86440677966101,-16.9491525423729,721419.0,750141.0,5801.997651295659,2267.5528795411833
1790548776.214623,191.14207500003977,118.64406779661016,-16.9491525423729,722062.0,750398.0,5576.117231787789,2224.907703412015
1790548776.328411,191.2558620000491,125.42372881355931,-16.9491525423729,722676.0,750649.0,5398.133077497092,2214.6186984603455
1790548776.4430935,191.3705455000163,132.20338983050846,-16.9491525423729,723229.0,750957.0,4837.081231464269,2698.4855446878464
1790548776.55803,191.48548090003897,138.9830508474576,-16.9491525423729,723795.0,751295.0,4898.278773688147,2940.788185690096
1790548776.6699262,191.5973781000357,145.76271186440675,-16.9491525423729,724324.0,751658.0,4688.170747568844,3247.8291323519097
1790548776.7833564,191.71080780000193,152.5423728813559,-16.9491525423729,724790.0,752086.0,4120.538242923843,3768.6720558876505
1790548776.8960962,191.82354860001942,159.32203389830505,-16.9491525423729,725227.0,752549.0,3877.186393337021,4156.791181318056
1790548777.0091639,191.93661560001783,166.1016949152542,-16.9491525423729,725643.0,753063.0,3657.9527132780445,4528.452852640415
1790548777.1223447,192.0497968000127,172.88135593220335,-16.9491525423729,725993.0,753608.0,3062.5802664397474,4829.809362784134
1790548777.2367163,192.16416800004663,179.66101694915255,-16.9491525423729,726337.0,754194.0,3001.2306864897605,5087.452017342399
1790548777.3507793,192.27823160000844,186.4406779661017,-16.9491525423729,726622.0,754817.0,2482.2767299295865,5612.909322154214
1790548777.4675794,192.39503150002565,193.22033898305085,-16.9491525423729,726892.0,755477.0,2252.1320632622437,5716.254875428667
1790548777.5820708,192.50952130003134,200.0,-16.9491525423729,727152.0,756139.0,2199.6267079536196,5816.586106387815
1790548777.7009332,192.6283849000465,-200.0,-10.169491525423723,727264.0,756945.0,894.556066930725,6793.035133255194
1790548777.8145971,192.74204889999237,-193.22033898305085,-10.169491525423723,727345.0,757702.0,729.6842961149679,6816.544437124637
1790548777.9277718,192.85522210004274,-186.4406779661017,-10.169491525423723,727424.0,758535.0,721.8733168026547,7339.045387493657
1790548778.0415173,192.96896830003243,-179.66101694915255,-10.169491525423723,727507.0,759342.0,729.5192098519971,7101.26927058463
1790548778.1559439,193.0833945000195,-172.8813559322034,-10.169491525423723,727613.0,760166.0,954.7520946250576,7215.722561300915
1790548778.2700522,193.19750300003216,-166.10169491525426,-10.169491525423723,727697.0,761020.0,703.9403060976028,7613.670152792493
1790548778.3834603,193.31091160001233,-159.32203389830508,-10.169491525423723,727801.0,761803.0,926.0365361247763,6917.492924852078
1790548778.497185,193.4246364000137,-152.54237288135593,-10.169491525423723,727904.0,762658.0,847.035514049468,7558.8712721153615
1790548778.6102834,193.53773440001532,-145.76271186440678,-10.169491525423723,728024.0,763492.0,1074.6651402733442,7430.012435338121
1790548778.723731,193.65118250000523,-138.98305084745763,-10.169491525423723,728173.0,764282.0,1291.9300513019596,6957.966133440555
1790548778.8378763,193.7653280000086,-132.20338983050848,-10.169491525423723,728327.0,765068.0,1347.6088196394085,6875.55520224188
1790548778.9521828,193.87963450001553,-125.42372881355932,-10.169491525423723,728503.0,765821.0,1506.2661590270698,6521.030322617192
1790548779.065727,193.9931787000387,-118.64406779661017,-10.169491525423723,728728.0,766602.0,1983.532070441743,6808.589153423285
1790548779.179707,194.10715890000574,-111.86440677966102,-10.169491525423723,728979.0,767380.0,2179.031438960257,6777.157102528935
1790548779.3009129,194.22836450004252,-105.08474576271186,-10.169491525423723,729279.0,768139.0,2485.5328132530085,6209.501836593752
1790548779.4147556,194.34220579999965,-98.30508474576271,-10.169491525423723,729557.0,768779.0,2309.502958479954,5598.235171355409
1790548779.5329242,194.46037470002193,-91.52542372881356,-10.169491525423723,729927.0,769432.0,3146.6301905316595,5506.602833430405
1790548779.647326,194.57477639999706,-84.74576271186442,-10.169491525423723,730325.0,770028.0,3526.908099110735,5212.088731322913
1790548779.762133,194.6895835000323,-77.96610169491527,-10.169491525423723,730750.0,770554.0,3707.9491117400084,4605.1812424820355
1790548779.87564,194.8030899000005,-71.18644067796612,-10.169491525423723,731155.0,771034.0,3573.9548734885234,4223.764850486436
1790548779.990645,194.91809520003153,-64.40677966101697,-10.169491525423723,731659.0,771477.0,4445.340262844175,3755.0700356944585
1790548780.1061199,195.03357040003175,-57.62711864406779,-10.169491525423723,732209.0,771930.0,4739.375444942594,3908.3866867734687
1790548780.2191913,195.1466412000009,-50.847457627118644,-10.169491525423723,732778.0,772315.0,4892.650586322661,3429.515077650932
1790548780.3329206,195.26037150004413,-44.067796610169495,-10.169491525423723,733386.0,772661.0,5450.702658882094,3077.6076237225425
1790548780.4459531,195.37340450001648,-37.288135593220346,-10.169491525423723,734013.0,772974.0,5625.274873516756,2742.9026242767654
1790548780.5587232,195.48617440002272,-30.508474576271198,-10.169491525423723,734682.0,773283.0,5983.233940330017,2731.4763640637034
1790548780.6704366,195.59788790001767,-23.72881355932205,-10.169491525423723,735354.0,773539.0,6072.175360316085,2261.814933286208
1790548780.784207,195.71165850001853,-16.9491525423729,-10.169491525423723,736054.0,773777.0,6189.241589599998,2044.6601679928565
1790548780.8963075,195.82375890004914,-10.169491525423723,-10.169491525423723,736798.0,773972.0,6537.176329949357,1720.8017807019767
1790548781.009679,195.93713070004014,-3.3898305084745743,-10.169491525423723,737554.0,774141.0,6602.921537179472,1514.516268667739
1790548781.1261988,196.0536500000162,3.3898305084745743,-10.169491525423723,738378.0,774304.0,6970.908501118612,1336.0150582326414
1790548781.2426825,196.17013330000918,10.169491525423723,-10.169491525423723,739243.0,774440.0,7264.633177924449,1148.486550085923
1790548781.357857,196.28530690004118,16.94915254237287,-10.169491525423723,740084.0,774552.0,7106.55307254924,996.7632880978155
1790548781.4776566,196.40510690002702,23.72881355932202,-10.169491525423723,740969.0,774664.0,7504.234467169317,909.0419997312646
1790548781.5897095,196.51716000004672,30.50847457627117,-10.169491525423723,741757.0,774760.0,6998.032099022602,854.7931825651768
1790548781.703514,196.6309639000101,37.28813559322032,-10.169491525423723,742597.0,774871.0,7448.731132530554,996.8562110449811
1790548781.817427,196.74487660004525,44.06779661016947,-10.169491525423723,743463.0,774958.0,7626.083977051397,802.2603458324927
1790548781.9313474,196.8587973000249,50.847457627118644,-10.169491525423723,744287.0,775049.0,7139.192967449271,814.8495215765705
1790548782.045469,196.97291880002012,57.627118644067764,-10.169491525423723,745135.0,775144.0,7368.783221878772,791.1552522866097
1790548782.1598694,197.08731980004814,64.40677966101691,-10.169491525423723,746008.0,775253.0,7610.847345873459,929.4988898829738
1790548782.2736282,197.20107870001812,71.18644067796606,-10.169491525423723,746862.0,775383.0,7460.123426116921,1163.3360788251634
1790548782.3873591,197.31481010001153,77.96610169491527,-10.169491525423723,747669.0,775527.0,7086.963487746736,1260.927269897796
1790548782.4993787,197.4268296000082,84.74576271186442,-10.169491525423723,748438.0,775703.0,6902.24070270964,1618.004934375024
1790548782.6121535,197.53960469999583,91.52542372881356,-10.169491525423723,749162.0,775877.0,6391.1475168455445,1542.050127610989
1790548782.724558,197.6520092000137,98.30508474576271,-10.169491525423723,749878.0,776087.0,6371.518287353877,1893.7309111754569
1790548782.8373563,197.76480760000413,105.08474576271186,-10.169491525423723,750577.0,776351.0,6211.722235376464,2302.7012172994964
1790548782.9543371,197.88178809999954,111.86440677966101,-10.169491525423723,751271.0,776648.0,5860.459748039929,2506.4735537770775
1790548783.0696175,197.99706830002833,118.64406779661016,-10.169491525423723,751911.0,776962.0,5618.5612994480925,2758.704402347672
1790548783.1843326,198.1117835000041,125.42372881355931,-10.169491525423723,752512.0,777277.0,5082.627542955215,2768.9634511894956
1790548783.2992082,198.2266590000363,132.20338983050846,-10.169491525423723,753065.0,777638.0,4889.28069555031,3113.0601751783047
1790548783.4152653,198.34271500003524,138.9830508474576,-10.169491525423723,753592.0,778060.0,4552.500180776814,3685.791729526719
1790548783.5310493,198.4584998000064,145.76271186440675,-10.169491525423723,754069.0,778560.0,4119.917930083294,4348.294755475938
1790548783.6448536,198.57230320002418,152.5423728813559,-10.169491525423723,754527.0,779022.0,4039.1400935774004,4177.151714086879
1790548783.7600029,198.68745260004653,159.32203389830505,-10.169491525423723,754931.0,779522.0,3463.033034623029,4419.92374155834
1790548783.8740609,198.80151050002314,166.1016949152542,-10.169491525423723,755342.0,780055.0,3628.7433586417696,4668.178796411279
1790548783.9867842,198.9142338000238,172.88135593220335,-10.169491525423723,755672.0,780675.0,2937.057461559522,5575.747180992363
1790548784.0998523,199.02730200003134,179.66101694915255,-10.169491525423723,755964.0,781311.0,2631.7086495192925,5607.4922814845695
1790548784.2156718,199.1431220000377,186.4406779661017,-10.169491525423723,756219.0,781998.0,2242.214026345763,5930.427302334916
1790548784.3287237,199.25617370003602,193.22033898305085,-10.169491525423723,756446.0,782654.0,1960.9319165765266,5752.686523037299
1790548784.4404233,199.36787360004382,200.0,-10.169491525423723,756660.0,783316.0,1904.340207300068,5834.973443057351
1790548784.555193,199.48264320002636,-200.0,-3.3898305084745743,756760.0,784142.0,848.2568776217533,7260.3491891066205
1790548784.668985,199.59643540001707,-193.22033898305085,-3.3898305084745743,756851.0,784931.0,809.9931057544908,6912.554800245711
1790548784.7814045,199.70885510003427,-186.4406779661017,-3.3898305084745743,756919.0,785755.0,615.133973472555,7344.326834793535
1790548784.9001267,199.82757710001897,-179.66101694915255,-3.3898305084745743,757001.0,786640.0,699.2004335423956,7531.893277779476
1790548785.0123217,199.93977130000712,-172.8813559322034,-3.3898305084745743,757081.0,787426.0,742.0996912390791,6988.8882314161365
1790548785.129178,200.05662710004253,-166.10169491525426,-3.3898305084745743,757171.0,788284.0,805.5577931775579,7398.16869826286
1790548785.2432392,200.17068919999292,-159.32203389830508,-3.3898305084745743,757266.0,789084.0,826.8701199143964,6884.390548950199
1790548785.3566496,200.28409890003968,-152.54237288135593,-3.3898305084745743,757390.0,789801.0,1092.7200769079757,6435.936046195281
1790548785.4700782,200.39752759999828,-145.76271186440678,-3.3898305084745743,757534.0,790542.0,1282.6613920303935,6413.306960151967
1790548785.5845816,200.51203090004856,-138.98305084745763,-3.3898305084745743,757690.0,791299.0,1369.9599954399469,6454.442394623105
1790548785.7013118,200.628761400003,-132.20338983050848,-3.3898305084745743,757862.0,792083.0,1468.5192974366269,6680.856309943173
1790548785.8147187,200.7421686000307,-125.42372881355932,-3.3898305084745743,758065.0,792788.0,1774.2536296097358,6279.557348775818
1790548785.9301217,200.8575722000096,-118.64406779661017,-3.3898305084745743,758319.0,793464.0,2158.996484279225,5887.34755587066
1790548786.0435438,200.97099400003208,-111.86440677966102,-3.3898305084745743,758575.0,794131.0,2263.837823789341,5932.179113766355
1790548786.1567268,201.08417730004294,-105.08474576271186,-3.3898305084745743,758878.0,794721.0,2637.162523627373,5107.767414183543
1790548786.270241,201.19769120001,-98.30508474576271,-3.3898305084745743,759214.0,795297.0,2907.3013880389954,5048.551934150255
1790548786.3838036,201.3112540000002,-91.52542372881356,-3.3898305084745743,759600.0,795834.0,3407.8881999794485,4719.3248514620545
1790548786.4969292,201.42437800002517,-84.74576271186442,-3.3898305084745743,759997.0,796350.0,3530.541975330325,4561.831868124183
1790548786.6158452,201.54329410003265,-77.96610169491527,-3.3898305084745743,760477.0,796873.0,3969.6208888904785,4338.03118020282
1790548786.7298691,201.6573183000437,-71.18644067796612,-3.3898305084745743,761004.0,797358.0,4634.121751524727,4254.882246908931
1790548786.8450673,201.77251630002866,-64.40677966101697,-3.3898305084745743,761522.0,797761.0,4466.271447264375,3500.0984403051425
1790548786.9615304,201.8889795000432,-57.62711864406779,-3.3898305084745743,762151.0,798152.0,5552.122709975119,3343.995347415456
1790548787.077246,202.00469480000902,-50.847457627118644,-3.3898305084745743,762792.0,798485.0,5489.680403000631,2863.3881171797307
1790548787.1909697,202.1184198000119,-44.067796610169495,-3.3898305084745743,763451.0,798826.0,5784.097440757439,3058.8976850159534
1790548787.3034298,202.23087870003656,-37.288135593220346,-3.3898305084745743,764112.0,799119.0,5923.4312694734335,2617.113501135275
1790548787.417494,202.3449427000014,-30.508474576271198,-3.3898305084745743,764805.0,799372.0,6048.298007208224,2237.0417286934526
1790548787.531613,202.45906290004496,-23.72881355932205,-3.3898305084745743,765513.0,799620.0,6226.343380869411,2165.280608571004
1790548787.6466603,202.57411030004732,-16.9491525423729,-3.3898305084745743,766300.0,799830.0,6860.687890737909,1833.7742899445739
1790548787.75909,202.68653970002197,-10.169491525423723,-3.3898305084745743,767092.0,800009.0,7020.115007804261,1575.563660450093
1790548787.8725064,202.79995630000485,-3.3898305084745743,-3.3898305084745743,767889.0,800155.0,7056.315680813267,1265.3340945960965
1790548787.9869354,202.91438560001552,3.3898305084745743,-3.3898305084745743,768721.0,800292.0,7280.876267092836,1189.087832565413
1790548788.1014574,203.0289075000328,10.169491525423723,-3.3898305084745743,769546.0,800407.0,7188.031194100175,1036.0300062924996
1790548788.2186983,203.14614790002815,16.94915254237287,-3.3898305084745743,770418.0,800526.0,7552.192987589212,1005.1479875568375
1790548788.3370142,203.26446400000714,23.72881355932202,-3.3898305084745743,771344.0,800631.0,7846.768166499658,875.8351712038343
1790548788.4515374,203.37898610002594,30.50847457627117,-3.3898305084745743,772231.0,800728.0,7382.662833852496,851.8457115983649
1790548788.5686636,203.49611230002483,37.28813559322032,-3.3898305084745743,773086.0,800822.0,7491.226282327859,805.6077707818588
1790548788.682416,203.60986440000124,44.06779661016947,-3.3898305084745743,773929.0,800920.0,7465.064239696199,907.6628976305552
1790548788.7964876,203.72393690003082,50.847457627118644,-3.3898305084745743,774759.0,801029.0,7246.985576697808,941.6465335327089
1790548788.9102862,203.83773470000597,57.627118644067764,-3.3898305084745743,775616.0,801141.0,7534.75509199141,993.5940780648014
1790548789.0236201,203.95106990000932,64.40677966101691,-3.3898305084745743,776421.0,801261.0,7042.273098927655,1084.1394112822838
1790548789.1381907,204.0656394000398,71.18644067796606,-3.3898305084745743,777232.0,801395.0,7087.723149169711,1143.181153091889
1790548789.2518287,204.17927860002965,77.96610169491527,-3.3898305084745743,778031.0,801542.0,7125.226078074063,1297.1803002995694
1790548789.363921,204.291370299994,84.74576271186442,-3.3898305084745743,778799.0,801693.0,6775.530600404638,1347.619345936834
1790548789.4766853,204.40413500001887,91.52542372881356,-3.3898305084745743,779464.0,801886.0,5787.225189774164,1746.3857715530382
1790548789.5917952,204.51924500003224,98.30508474576271,-3.3898305084745743,780155.0,802105.0,6007.596880715895,1865.9960008284218
1790548789.7059572,204.6334068000433,105.08474576271186,-3.3898305084745743,780792.0,802354.0,5668.045156748277,2210.3541792497326
1790548789.8192663,204.74671610002406,111.86440677966101,-3.3898305084745743,781383.0,802650.0,5205.046291764517,2630.4073224452827
1790548789.940737,204.86818610003684,118.64406779661016,-3.3898305084745743,781967.0,802972.0,4735.5014297733505,2688.6546579299243
1790548790.0546167,204.98206480004592,125.42372881355931,-3.3898305084745743,782497.0,803336.0,4436.249064054925,3148.9033022519297
1790548790.1721308,205.09957890002988,132.20338983050846,-3.3898305084745743,783053.0,803762.0,4742.13818016687,3710.838226421842
1790548790.2858472,205.21329560002778,138.9830508474576,-3.3898305084745743,783467.0,804184.0,3638.1533306250626,3748.9600310501914
1790548790.4002917,205.3277395000332,145.76271186440675,-3.3898305084745743,783888.0,804598.0,3723.052905157562,3630.669458379459
1790548790.515139,205.44258730002912,152.5423728813559,-3.3898305084745743,784240.0,805080.0,3054.5279227543906,4130.973003966028
1790548790.6284785,205.55592690000776,159.32203389830505,-3.3898305084745743,784585.0,805596.0,3093.6037418538504,4445.897593083378
1790548790.7435918,205.6710401000455,166.1016949152542,-3.3898305084745743,784851.0,806154.0,2334.4969338636524,4860.495569333308
1790548790.8576543,205.7851037000073,172.88135593220335,-3.3898305084745743,785096.0,806731.0,2076.0443942993397,5125.234598426495
1790548790.9712212,205.8986696000211,179.66101694915255,-3.3898305084745743,785355.0,807376.0,2288.825822827717,5740.522829834033
1790548791.085198,206.01264700002503,186.4406779661017,-3.3898305084745743,785547.0,808010.0,1699.0564698282944,5549.635534602201
1790548791.1989293,206.12637880002148,193.22033898305085,-3.3898305084745743,785724.0,808676.0,1528.6380205599016,5838.292199005889
1790548791.3109858,206.2384349000058,200.0,-3.3898305084745743,785901.0,809306.0,1542.8996229770578,5638.596803970701
1790548791.4251497,206.35259880003287,-200.0,3.3898305084745743,785976.0,810062.0,642.2218672998775,6642.409027501591
1790548791.5405877,206.46803740004543,-193.22033898305085,3.3898305084745743,786054.0,810841.0,661.3672726028792,6785.809413418582
1790548791.6607885,206.58823749999283,-186.4406779661017,3.3898305084745743,786154.0,811674.0,846.4272394931398,7000.658626641178
1790548791.7762215,206.70366930001182,-179.66101694915255,3.3898305084745743,786248.0,812432.0,804.0313758301025,6432.25100664082
1790548791.8931599,206.82060810003895,-172.8813559322034,3.3898305084745743,786339.0,813279.0,809.5734385422036,7193.10652865659
1790548792.0069034,206.93435170000885,-166.10169491525426,3.3898305084745743,786424.0,814108.0,771.4564818189899,7259.126654224471
1790548792.1209524,207.04840030003106,-159.32203389830508,3.3898305084745743,786557.0,814919.0,1159.3360130140672,7130.836587983351
1790548792.2343128,207.16176049999194,-152.54237288135593,3.3898305084745743,786684.0,815679.0,1105.8534028658446,6737.342160317121
1790548792.3490708,207.2765187000041,-145.76271186440678,3.3898305084745743,786835.0,816423.0,1322.5277910561076,6410.586098313634
1790548792.466925,207.39437350002117,-138.98305084745763,3.3898305084745743,787007.0,817168.0,1500.1593920638231,6375.677416271248
1790548792.5807042,207.50815290003084,-132.20338983050848,3.3898305084745743,787214.0,817850.0,1840.776513033905,6028.543080186039
1790548792.6940503,207.62149869999848,-125.42372881355932,3.3898305084745743,787450.0,818531.0,2086.2598920006353,6054.789819895177
1790548792.8067863,207.73423520004144,-118.64406779661017,3.3898305084745743,787744.0,819189.0,2601.39639197785,5853.141881950162
1790548792.920221,207.8476700000465,-111.86440677966102,3.3898305084745743,788048.0,819774.0,2649.975207348826,5142.98324213692
1790548793.0343235,207.9617724000127,-105.08474576271186,3.3898305084745743,788391.0,820309.0,3054.67875017649,4678.336824594625
1790548793.147721,208.0751701000263,-98.30508474576271,3.3898305084745743,788736.0,820830.0,3097.185997814102,4474.74036699112
1790548793.2619188,208.18936760001816,-91.52542372881356,3.3898305084745743,789124.0,821340.0,3350.9669074377616,4474.1441811218865
1790548793.3774571,208.30490600003395,-84.74576271186442,3.3898305084745743,789591.0,821824.0,4092.710862595362,4174.930500460001
1790548793.492855,208.42030410002917,-77.96610169491527,3.3898305084745743,790089.0,822258.0,4284.252786047446,3757.954491209721
1790548793.6062062,208.53365440003108,-71.18644067796612,3.3898305084745743,790577.0,822660.0,4296.95093177844,3478.4840876301655
1790548793.7216606,208.6491084000445,-64.40677966101697,3.3898305084745743,791117.0,823089.0,4821.090614636645,3717.024061666421
1790548793.837841,208.76528880000114,-57.62711864406779,3.3898305084745743,791718.0,823410.0,5147.309801212762,2756.1836169614435
1790548793.951178,208.87862670002505,-50.847457627118644,3.3898305084745743,792291.0,823700.0,5092.4665079991455,2555.5601157358346
1790548794.06631,208.99375700001838,-44.067796610169495,3.3898305084745743,792917.0,823952.0,5430.862032644054,2192.358039978588
1790548794.180417,209.10786410002038,-37.288135593220346,3.3898305084745743,793565.0,824202.0,5624.328126161114,2188.7779407227977
1790548794.293511,209.22095839999383,-30.508474576271198,3.3898305084745743,794260.0,824407.0,6140.463331276518,1811.4831310119835
1790548794.4079654,209.33541350002633,-23.72881355932205,3.3898305084745743,794999.0,824601.0,6504.578117513929,1716.101460790909
1790548794.5232184,209.45066560001578,-16.9491525423729,3.3898305084745743,795756.0,824793.0,6665.546608656748,1670.9520950468284
1790548794.6381195,209.56556780001847,-10.169491525423723,3.3898305084745743,796576.0,824949.0,7196.754117661298,1367.7504636881802
1790548794.7535915,209.68103979999432,-3.3898305084745743,3.3898305084745743,797438.0,825091.0,7515.0254885718305,1203.863306421701
1790548794.8676531,209.79510180000216,3.3898305084745743,3.3898305084745743,798252.0,825173.0,7221.011586562899,743.2044962027888
1790548794.980791,209.90823980001733,10.169491525423723,3.3898305084745743,798971.0,825265.0,6316.838544074545,796.5514879624793
1790548795.094529,210.0219775000005,16.94915254237287,3.3898305084745743,799723.0,825348.0,6634.588755123662,708.5483136539833
1790548795.209939,210.13738750002813,23.72881355932202,3.3898305084745743,800551.0,825450.0,7190.295844919549,869.0561135717013
1790548795.3262346,210.2536830000463,30.50847457627117,3.3898305084745743,801312.0,825540.0,6549.318708708669,764.6869371431825
1790548795.439805,210.36725330003537,37.28813559322032,3.3898305084745743,802166.0,825644.0,7508.714476943,892.1244923100594
1790548795.5544095,210.4818566000322,44.06779661016947,3.3898305084745743,802993.0,825735.0,7054.647524253615,798.2890619550144
1790548795.674571,210.60201830003643,50.847457627118644,3.3898305084745743,803915.0,825858.0,7896.647791693797,1030.7978469343884
1790548795.7880247,210.71547160000773,57.627118644067764,3.3898305084745743,804717.0,825993.0,7029.606062583708,1197.9117332540268
1790548795.902042,210.82948880002368,64.40677966101691,3.3898305084745743,805449.0,826123.0,6343.009586060293,1148.2236330970459
1790548796.0158653,210.94331340002827,71.18644067796606,3.3898305084745743,806174.0,826273.0,6338.287407650929,1291.6451776872345
1790548796.1316252,211.0590724000358,77.96610169491527,3.3898305084745743,806862.0,826432.0,5841.920354743215,1403.8723333103849
1790548796.246324,211.1737717000069,84.74576271186442,3.3898305084745743,807576.0,826639.0,6306.518846053295,1790.059934469276
1790548796.3600667,211.28751440002816,91.52542372881356,3.3898305084745743,808227.0,826854.0,5651.834132157785,1933.037732496962
1790548796.4722874,211.39973540004576,98.30508474576271,3.3898305084745743,808847.0,827117.0,5565.4642401619185,2362.5208938942374
1790548796.5859017,211.5133498000214,105.08474576271186,3.3898305084745743,809465.0,827386.0,5393.862819696484,2345.960883909087
1790548796.6986609,211.6261089000036,111.86440677966101,3.3898305084745743,810015.0,827715.0,4912.868558554647,2916.1450423178817
1790548796.8116739,211.7391224000021,118.64406779661016,3.3898305084745743,810536.0,828048.0,4607.726705600185,2966.7455649739622
1790548796.925298,211.85274610004853,125.42372881355931,3.3898305084745743,811051.0,828417.0,4563.416211127338,3193.465705555642
1790548797.0429912,211.970438999997,132.20338983050846,3.3898305084745743,811526.0,828882.0,4009.2857913152347,4000.336492673906
1790548797.156788,212.08423520001816,138.9830508474576,3.3898305084745743,811966.0,829278.0,3678.9051566881576,3511.2588457504694
1790548797.274541,212.20198890002212,145.76271186440675,3.3898305084745743,812368.0,829771.0,3427.658438783004,4247.716506126249
1790548797.387024,212.31447060004575,152.5423728813559,3.3898305084745743,812680.0,830292.0,2785.333681359635,4601.855647463745
1790548797.5000217,212.42746959999204,159.32203389830505,3.3898305084745743,813014.0,830861.0,2975.7642593901373,5105.295557516204
1790548797.613826,212.54127340001287,166.1016949152542,3.3898305084745743,813305.0,831474.0,2558.3873682629574,5438.873865623769
1790548797.7282953,212.65574230003403,172.88135593220335,3.3898305084745743,813562.0,832083.0,2245.6274689408706,5393.18728196455
1790548797.8427,212.770147000032,179.66101694915255,3.3898305084745743,813812.0,832784.0,2147.338631523251,6111.656105104637
1790548797.9585297,212.88597679999657,186.4406779661017,3.3898305084745743,814025.0,833433.0,1823.8240663996849,5653.854605839023
1790548798.0722458,212.99969309999142,193.22033898305085,3.3898305084745743,814225.0,834221.0,1782.3303642112867,6963.093754483472
1790548798.1850312,213.1124787000008,200.0,3.3898305084745743,814375.0,834944.0,1332.785306359829,6430.922107610364
1790548798.297081,213.224527900049,-200.0,10.169491525423723,814463.0,835736.0,759.6147532811007,7089.737697290273
1790548798.4104662,213.337914200034,-193.22033898305085,10.169491525423723,814548.0,836525.0,722.3727164662669,6964.413881828624
1790548798.5242612,213.4517085000407,-186.4406779661017,10.169491525423723,814625.0,837380.0,674.1481720880128,7535.683677038608
1790548798.6376786,213.56512620003195,-179.66101694915255,10.169491525423723,814717.0,838213.0,803.0445540727161,7375.087341426439
1790548798.75289,213.68033790000482,-172.8813559322034,10.169491525423723,814831.0,839090.0,991.0847836264311,7646.810119539711
1790548798.8675027,213.7949493000051,-166.10169491525426,10.169491525423723,814949.0,839935.0,1042.6635585992838,7456.906343196663
1790548798.9854462,213.9128927999991,-159.32203389830508,10.169491525423723,815069.0,840786.0,1009.5088324746517,7270.31590360185
1790548799.1053102,214.03275620000204,-152.54237288135593,10.169491525423723,815227.0,841568.0,1364.1665920334895,6598.111883917081
1790548799.2183053,214.14575260004494,-145.76271186440678,10.169491525423723,815403.0,842311.0,1549.1346311681593,6532.495432636816
1790548799.3333585,214.26080640003784,-138.98305084745763,10.169491525423723,815604.0,843057.0,1782.2199909297306,6383.257314452403
1790548799.4461727,214.37361960002454,-132.20338983050848,10.169491525423723,815891.0,843749.0,2564.0596878628417,6140.73715100485
1790548799.5612965,214.488742800022,-125.42372881355932,10.169491525423723,816169.0,844418.0,2379.495855805862,5834.779110022037
1790548799.6765087,214.6039552000002,-118.64406779661017,10.169491525423723,816493.0,845046.0,2852.2428507289046,5466.798797230401
1790548799.7898402,214.71728660003282,-111.86440677966102,10.169491525423723,816865.0,845642.0,3325.348164145981,5192.373250719563
1790548799.9040465,214.83149370003957,-105.08474576271186,10.169491525423723,817271.0,846173.0,3511.8847875243196,4633.481499770307
1790548800.0166361,214.9440828000079,-98.30508474576271,10.169491525423723,817666.0,846697.0,3579.74535204365,4679.771267515397
1790548800.1293387,215.05678620003164,-91.52542372881356,10.169491525423723,818107.0,847185.0,4008.475595406639,4241.526502116328
1790548800.2410748,215.1685222000233,-84.74576271186442,10.169491525423723,818582.0,847653.0,4280.19106973759,4139.395310864643
1790548800.3538811,215.28132870001718,-77.96610169491527,10.169491525423723,819120.0,848070.0,4842.714039791067,3736.6046909712263
1790548800.4672904,215.3947380000027,-71.18644067796612,10.169491525423723,819717.0,848451.0,5308.311341083026,3369.623720861399
1790548800.5824075,215.50985480000963,-64.40677966101697,10.169491525423723,820339.0,848819.0,5434.920913111459,3208.2392681076003
1790548800.7022257,215.6296731000184,-57.62711864406779,10.169491525423723,820994.0,849129.0,5408.395414391482,2567.888554475305
1790548800.8160799,215.74352580000414,-50.847457627118644,10.169491525423723,821665.0,849413.0,5607.7674091944245,2487.1659439450355
1790548800.9308407,215.8582871000399,-44.067796610169495,10.169491525423723,822386.0,849656.0,6431.631663498794,2122.064516881143
1790548801.043575,215.97102080000332,-37.288135593220346,10.169491525423723,823158.0,849868.0,6814.720919134988,1878.9559735886594
1790548801.1583538,216.0857995999977,-30.508474576271198,10.169491525423723,823974.0,850070.0,7154.412854049013,1758.6780632218295
1790548801.2717164,216.1991634000442,-23.72881355932205,10.169491525423723,824807.0,850270.0,7209.464600581202,1760.666162095666
1790548801.385146,216.31259220000356,-16.9491525423729,10.169491525423723,825587.0,850431.0,6879.292035405174,1388.8207339310582
1790548801.4996822,216.4271269000019,-10.169491525423723,10.169491525423723,826444.0,850560.0,7493.1113205564625,1125.8122920047886
1790548801.6130648,216.54051070002606,-3.3898305084745743,10.169491525423723,827284.0,850699.0,7245.199710642798,1181.3828827544944
1790548801.7264059,216.65385250002146,3.3898305084745743,10.169491525423723,828138.0,850812.0,7439.049358891691,972.7275002286768
1790548801.839941,216.76738790003583,10.169491525423723,10.169491525423723,828994.0,850886.0,7509.516051743125,673.4578277361771
1790548801.9535966,216.88104390003718,16.94915254237287,10.169491525423723,829791.0,850978.0,6824.728234117068,803.4524443412515
1790548802.0650623,216.99250940000638,23.72881355932202,10.169491525423723,830557.0,851070.0,6873.537260426764,855.6660611475178
1790548802.1783886,217.10583549999865,30.50847457627117,10.169491525423723,831361.0,851165.0,7141.306406459589,840.6971319376748
1790548802.2911503,217.21859740000218,37.28813559322032,10.169491525423723,832150.0,851259.0,6986.4062382824495,817.5581768202866
1790548802.4065874,217.33403450000333,44.06779661016947,10.169491525423723,832943.0,851373.0,6818.648592343818,985.8287121460941
1790548802.5219672,217.4494133000262,50.847457627118644,10.169491525423723,833736.0,851487.0,6664.830625931137,1009.8228221107782
1790548802.6399848,217.56743049999932,57.627118644067764,10.169491525423723,834509.0,851645.0,6489.88300539271,1369.252772814069
1790548802.756403,217.6838486000197,64.40677966101691,10.169491525423723,835263.0,851818.0,6367.712355538139,1490.315657679139
1790548802.8707485,217.79819430003408,71.18644067796606,10.169491525423723,835967.0,851995.0,6155.1900323556,1492.7257264095917
1790548802.9845958,217.9120416000369,77.96610169491527,10.169491525423723,836650.0,852201.0,5926.518578693532,1833.5166852833113
1790548803.0987163,218.02616180002224,84.74576271186442,10.169491525423723,837311.0,852442.0,5806.6594706361175,2114.0302365272987
1790548803.2138186,218.1412641000352,91.52542372881356,10.169491525423723,837919.0,852693.0,5326.362853723597,2170.6752725791375
1790548803.3274953,218.25494180002715,98.30508474576271,10.169491525423723,838492.0,852969.0,4986.851582073425,2428.5411050246043
1790548803.4402568,218.3677034000284,105.08474576271186,10.169491525423723,839025.0,853287.0,4749.459064464782,2881.276536172373
1790548803.5533273,218.48077359999297,111.86440677966101,10.169491525423723,839538.0,853631.0,4482.73913845399,3037.889333497745
1790548803.665714,218.59316029999172,118.64406779661016,10.169491525423723,840016.0,853989.0,4278.950266901313,3234.8491124504476
1790548803.7788084,218.7062548000249,125.42372881355931,10.169491525423723,840484.0,854439.0,4093.915534781609,3954.981749664586
1790548803.8912296,218.8186765999999,132.20338983050846,10.169491525423723,840921.0,854889.0,3871.840217015713,3937.3061144048675
1790548804.0057042,218.93315120000625,138.9830508474576,10.169491525423723,841345.0,855425.0,3651.000915601381,4749.046303752172
1790548804.1205664,219.0480126000475,145.76271186440675,10.169491525423723,841691.0,856005.0,2960.3991785777475,5043.64304498431
1790548804.23529,219.16273660003208,152.5423728813559,10.169491525423723,842019.0,856622.0,2843.904269538869,5444.579884446124
1790548804.3493667,219.2768123000278,159.32203389830505,10.169491525423723,842316.0,857240.0,2561.4611471482904,5419.903296864499
1790548804.464449,219.39189550001174,166.1016949152542,10.169491525423723,842595.0,857870.0,2434.621616156028,5507.984264687591
1790548804.5779345,219.50537980004447,172.88135593220335,10.169491525423723,842830.0,858524.0,2066.9507495642897,5767.161689632505
1790548804.6916518,219.6190974000492,179.66101694915255,10.169491525423723,843039.0,859281.0,1802.6020656600394,6587.860126561691
1790548804.8061087,219.73355470004026,186.4406779661017,10.169491525423723,843212.0,860027.0,1528.8745460759276,6566.792478024918
1790548804.9202178,219.84766339999624,193.22033898305085,10.169491525423723,843355.0,860805.0,1251.4872915122492,6809.56320381665
1790548805.0339613,219.96140670002205,200.0,10.169491525423723,843488.0,861571.0,1161.1812469534204,6818.456282110485
1790548805.14847,220.0759156999993,-200.0,16.94915254237287,843581.0,862348.0,825.199766942214,6803.313634123586
1790548805.2634435,220.19088990002638,-193.22033898305085,16.94915254237287,843654.0,863200.0,611.2497320281767,7407.981826968351
1790548805.3765714,220.3040177000221,-186.4406779661017,16.94915254237287,843735.0,864006.0,703.5779718459682,7119.098162494073
1790548805.4890165,220.4164614000474,-179.66101694915255,16.94915254237287,843835.0,864826.0,866.3267187865993,7275.281369594989
1790548805.6020496,220.52949600003194,-172.8813559322034,16.94915254237287,843952.0,865581.0,1065.1461937841755,6557.595697384315
1790548805.714512,220.64195860002656,-166.10169491525426,16.94915254237287,844095.0,866315.0,1219.7529212320676,6536.385883243599
1790548805.8320065,220.75945270003285,-159.32203389830508,16.94915254237287,844249.0,867139.0,1277.8080730304355,7045.94169847064
1790548805.9450378,220.87248380004894,-152.54237288135593,16.94915254237287,844414.0,867921.0,1421.7824503329555,7034.570685634296
1790548806.0585759,220.98602060001576,-145.76271186440678,16.94915254237287,844646.0,868656.0,2024.9597090788855,6620.41621781042
1790548806.1732523,221.10069839999778,-138.98305084745763,16.94915254237287,844902.0,869334.0,2216.0787590885648,5844.907727096089
1790548806.28669,221.21413520001806,-132.20338983050848,16.94915254237287,845172.0,869971.0,2373.195632031611,5688.282137476546
1790548806.4013834,221.3288295000093,-125.42372881355932,16.94915254237287,845522.0,870558.0,3096.3592516965264,5090.157345518919
1790548806.5141804,221.44162530003814,-118.64406779661017,16.94915254237287,845887.0,871050.0,3158.897173160827,4301.67467992195
1790548806.6303368,221.5577816000441,-111.86440677966102,16.94915254237287,846272.0,871593.0,3254.4469898203797,4668.635653920601
1790548806.744721,221.67216700001154,-105.08474576271186,16.94915254237287,846709.0,872124.0,3846.273888466314,4718.340760552948
1790548806.8571699,221.78461540001445,-98.30508474576271,16.94915254237287,847138.0,872594.0,3755.1528522858403,4202.416715585394
1790548806.970895,221.89834070001962,-91.52542372881356,16.94915254237287,847591.0,873028.0,4046.90716653765,3778.9612582509108
1790548807.0856392,222.0130851000431,-84.74576271186442,16.94915254237287,848148.0,873401.0,4818.204049936095,3230.3868062071547
1790548807.1995091,222.126953900035,-77.96610169491527,16.94915254237287,848702.0,873753.0,4848.429090457394,3063.618381636266
1790548807.312946,222.24039200000698,-71.18644067796612,16.94915254237287,849282.0,874080.0,5194.028805288357,2906.0729550014785
1790548807.426677,222.35412070003804,-64.40677966101697,16.94915254237287,849959.0,874440.0,5845.01415440162,3166.432864746704
1790548807.5394433,222.46688940003514,-57.62711864406779,16.94915254237287,850601.0,874731.0,5766.166621105332,2581.3113054223545
1790548807.6535232,222.58096940000542,-50.847457627118644,16.94915254237287,851276.0,875001.0,5940.800477270291,2352.3355927079565
1790548807.7697058,222.69715060002636,-44.067796610169495,16.94915254237287,851964.0,875230.0,5952.827907269664,1936.026097501076
1790548807.886409,222.81385380000575,-37.288135593220346,16.94915254237287,852719.0,875438.0,6351.799338351407,1677.8337874890508
1790548808.0032074,222.93065260001458,-30.508474576271198,16.94915254237287,853510.0,875618.0,6840.095999934672,1551.6459382402143
1790548808.1160698,223.04351450002287,-23.72881355932205,16.94915254237287,854333.0,875753.0,7309.471865165265,1145.305782694685
1790548808.231978,223.15942209999776,-16.9491525423729,16.94915254237287,855127.0,875882.0,6825.584002109896,1139.116155225283
1790548808.3475237,223.27496820001397,-10.169491525423723,16.94915254237287,855926.0,876003.0,6775.092627562935,1064.9197083974261
1790548808.4633725,223.39081730000908,-3.3898305084745743,16.94915254237287,856845.0,876128.0,7843.499539677468,1077.8018997940171
1790548808.57783,223.50527470000088,3.3898305084745743,16.94915254237287,857707.0,876235.0,7584.600122482851,968.8357820689772
1790548808.6915386,223.61898349999683,10.169491525423723,16.94915254237287,858569.0,876338.0,7578.100119712692,886.1115852526411
1790548808.8055737,223.73301870003343,16.94915254237287,16.94915254237287,859409.0,876422.0,7293.710924559844,718.3200152975604
1790548808.919096,223.84654120000778,23.72881355932202,16.94915254237287,860255.0,876512.0,7461.346341183322,759.0947890533901
1790548809.0331469,223.96059239999158,30.50847457627117,16.94915254237287,861078.0,876615.0,7214.608844545027,920.2307199674779
1790548809.145878,224.07332339999266,37.28813559322032,16.94915254237287,861912.0,876733.0,7467.392846082712,1003.0826211155882
1790548809.2589695,224.18641510000452,44.06779661016947,16.94915254237287,862718.0,876863.0,7121.445181094765,1176.1034304278742
1790548809.3737211,224.30116660002386,50.847457627118644,16.94915254237287,863534.0,877038.0,7220.2033913984515,1546.532792327425
1790548809.4877913,224.41523650003364,57.627118644067764,16.94915254237287,864285.0,877198.0,6552.068616033136,1395.4335134287778
1790548809.6060803,224.53352540003834,64.40677966101691,16.94915254237287,865008.0,877374.0,6064.129511572299,1457.8954430476176
1790548809.7191634,224.64660710003227,71.18644067796606,16.94915254237287,865634.0,877578.0,5235.1785395494435,1776.0552416588698
1790548809.8382835,224.76572760002455,77.96610169491527,16.94915254237287,866388.0,877828.0,6586.231734605704,2146.282509319062
1790548809.951035,224.8784799000132,84.74576271186442,16.94915254237287,867014.0,878056.0,5506.387314717855,2003.169666098712
1790548810.0664492,224.99389320000773,91.52542372881356,16.94915254237287,867602.0,878346.0,5080.091240587178,2517.2444926428384
1790548810.1850927,225.1125364000327,98.30508474576271,16.94915254237287,868241.0,878692.0,5358.297114537279,2959.9910849024573
1790548810.2994046,225.22684900002787,105.08474576271186,16.94915254237287,868741.0,879098.0,4254.924681858428,3466.97566669946
1790548810.41526,225.34270440001274,111.86440677966101,16.94915254237287,869225.0,879500.0,4147.528027662392,3427.4077767056247
1790548810.5312786,225.4587228000164,118.64406779661016,16.94915254237287,869724.0,879929.0,4357.44909977813,3711.5641601450466
1790548810.6450326,225.57247680000728,125.42372881355931,16.94915254237287,870163.0,880399.0,3880.592325525227,4185.496008245066
1790548810.757815,225.68526030000066,132.20338983050846,16.94915254237287,870587.0,880884.0,3716.8280085832193,4257.118796798324
1790548810.8725684,225.80001370003447,138.9830508474576,16.94915254237287,870919.0,881446.0,2899.325040792149,4941.616893425613
1790548810.9853249,225.91276999999536,145.76271186440675,16.94915254237287,871210.0,882052.0,2525.2337690416825,5375.4057068938755
1790548811.0998588,226.02730410004733,152.5423728813559,16.94915254237287,871532.0,882691.0,2814.0009334906435,5527.501833642335
1790548811.2143483,226.14179379999405,159.32203389830505,16.94915254237287,871769.0,883343.0,1984.2181164843846,5585.206550104193
1790548811.3304553,226.25790060003055,166.1016949152542,16.94915254237287,871986.0,884029.0,1865.3624829090306,5940.1834407200195
1790548811.4455564,226.37300140003208,172.88135593220335,16.94915254237287,872186.0,884712.0,1738.0467682250762,5879.77523718696
1790548811.5612965,226.48874010000145,179.66101694915255,16.94915254237287,872373.0,885476.0,1610.2284674693904,6524.201549229427
1790548811.6801322,226.60757570003625,186.4406779661017,16.94915254237287,872521.0,886218.0,1270.0731816013197,6202.036193367028
1790548811.7941477,226.72159180004383,193.22033898305085,16.94915254237287,872653.0,886996.0,1154.2322001276227,6897.691627962673
1790548811.9072475,226.8346917000017,200.0,16.94915254237287,872765.0,887778.0,956.8293462470948,6957.914372224019
1790548812.026085,226.9535276000388,-200.0,23.72881355932202,872879.0,888640.0,928.7342410460702,7208.746728119498
1790548812.1422002,227.06964410003275,-193.22033898305085,23.72881355932202,872980.0,889544.0,884.9525228500837,7772.985046064653
1790548812.257348,227.18479120003758,-186.4406779661017,23.72881355932202,873082.0,890447.0,886.4216816593354,7876.225983910554
1790548812.3693728,227.29681700002402,-179.66101694915255,23.72881355932202,873203.0,891225.0,1059.3210411712284,6955.895686274792
1790548812.4842641,227.4117086000042,-172.8813559322034,23.72881355932202,873347.0,892074.0,1226.4918578444303,7423.021617252484
1790548812.5978837,227.525328800024,-166.10169491525426,23.72881355932202,873520.0,892802.0,1544.0711390871722,6464.635190756534
1790548812.7116573,227.6391019000439,-159.32203389830508,23.72881355932202,873714.0,893534.0,1721.766256100361,6389.870490554281
1790548812.8248591,227.75230410002405,-152.54237288135593,23.72881355932202,873960.0,894316.0,2192.945931648547,6874.931760400296
1790548812.9378998,227.86534499999834,-145.76271186440678,23.72881355932202,874226.0,895019.0,2313.4503069756474,6227.808226378444
1790548813.0571432,227.98458799999207,-138.98305084745763,23.72881355932202,874541.0,895724.0,2592.081683595637,5856.848925217824
1790548813.1711714,228.09861500002444,-132.20338983050848,23.72881355932202,874877.0,896359.0,2953.5798772428893,5593.3418925287215
1790548813.2881749,228.21561930002645,-125.42372881355932,23.72881355932202,875236.0,896987.0,3142.5869815335745,5457.688041894107
1790548813.4020195,228.32946410001023,-118.64406779661017,23.72881355932202,875613.0,897541.0,3344.4353854460724,4827.780005437306
1790548813.5144389,228.44188240001677,-111.86440677966102,23.72881355932202,876032.0,898069.0,3784.1329250541453,4744.146942986601
1790548813.6296577,228.55710110004293,-105.08474576271186,23.72881355932202,876531.0,898629.0,4370.301697225051,4763.445992163706
1790548813.7443068,228.67175020003924,-98.30508474576271,23.72881355932202,877030.0,899124.0,4367.5203927300945,4330.663680555157
1790548813.8594108,228.78685440000845,-91.52542372881356,23.72881355932202,877555.0,899548.0,4560.82553642673,3670.6845363595407
1790548813.9760146,228.90345830004662,-84.74576271186442,23.72881355932202,878109.0,899933.0,4886.42437966028,3329.6077725125297
1790548814.090611,229.01805559999775,-77.96610169491527,23.72881355932202,878718.0,900280.0,5235.1899951990135,2956.2349098763657
1790548814.2043672,229.13181170000462,-71.18644067796612,23.72881355932202,879346.0,900577.0,5552.8747849619795,2587.6580672874234
1790548814.3167963,229.2442410000367,-64.40677966101697,23.72881355932202,880024.0,900825.0,6140.92633793305,2199.1784761034896
1790548814.4289315,229.35637600003975,-57.62711864406779,23.72881355932202,880714.0,901069.0,6139.418053970764,2205.3312948814314
1790548814.543285,229.47072959999787,-50.847457627118644,23.72881355932202,881485.0,901298.0,6781.247419414787,2000.422107486365
1790548814.6570456,229.58448980003595,-44.067796610169495,23.72881355932202,882214.0,901491.0,6368.418535222789,1720.9454712234995
1790548814.7711554,229.6986001000041,-37.288135593220346,23.72881355932202,883022.0,901690.0,6999.967890020383,1752.2855399657838
1790548814.891031,229.8184758000425,-30.508474576271198,23.72881355932202,883868.0,901845.0,7132.812258602619,1313.7070785312612
1790548815.0109565,229.93840060004732,-23.72881355932205,23.72881355932202,884671.0,901984.0,6468.014213841865,1164.7720003098584
1790548815.1244211,230.05186460004188,-16.9491525423729,23.72881355932202,885532.0,902108.0,7368.253038590676,1085.7501328905655
1790548815.2421446,230.1695879000472,-10.169491525423723,23.72881355932202,886426.0,902225.0,7922.887626715607,1007.8584966846709
1790548815.3555236,230.2829677000409,-3.3898305084745743,23.72881355932202,887274.0,902347.0,7503.133251944439,1120.8384240558976
1790548815.4682896,230.39573360001668,3.3898305084745743,23.72881355932202,888143.0,902456.0,7736.509175540102,975.1902322109372
1790548815.5827003,230.51014299999224,10.169491525423723,23.72881355932202,889046.0,902591.0,7900.865701121941,1174.577014800939
1790548815.697194,230.62463680002838,16.94915254237287,23.72881355932202,889942.0,902703.0,7900.797006103531,996.8295288074548
1790548815.8116007,230.7390437000431,23.72881355932202,23.72881355932202,890808.0,902803.0,7620.38692819216,809.8961952667995
1790548815.925318,230.85276189999422,30.50847457627117,23.72881355932202,891574.0,902910.0,6790.936177076859,905.4581569435812
1790548816.0383964,230.9658401000197,37.28813559322032,23.72881355932202,892347.0,903038.0,6834.888621082113,1153.0968558016082
1790548816.1528645,231.08030830003554,44.06779661016947,23.72881355932202,893132.0,903187.0,6868.075337494695,1316.914578694056
1790548816.2652514,231.19269560003886,50.847457627118644,23.72881355932202,893820.0,903362.0,6066.112237560028,1565.4483193703297
1790548816.3780591,231.30550360004418,57.627118644067764,23.72881355932202,894551.0,903549.0,6518.60821286007,1680.7237699824398
1790548816.4917302,231.41917450004257,64.40677966101691,23.72881355932202,895245.0,903762.0,6175.395970562045,1895.8741727805977
1790548816.6049159,231.53236000001198,71.18644067796606,23.72881355932202,895905.0,904003.0,5737.058323380056,2142.0834648983973
1790548816.7240536,231.65149740001652,77.96610169491527,23.72881355932202,896541.0,904309.0,5356.35767731313,2549.3775346415723
1790548816.838827,231.76626980002038,84.74576271186442,23.72881355932202,897218.0,904599.0,5659.449043318447,2510.239495020279
1790548816.957337,231.88477980002062,91.52542372881356,23.72881355932202,897787.0,904948.0,4801.830039541062,2995.38342197859
1790548817.0721586,231.9996008000453,98.30508474576271,23.72881355932202,898356.0,905331.0,4977.30770941132,3321.271872638607
1790548817.1898983,232.11734060000163,105.08474576271186,23.72881355932202,898854.0,905741.0,4154.314891733772,3473.866762915309
1790548817.3036587,232.23110269999597,111.86440677966101,23.72881355932202,899283.0,906181.0,3758.162692313848,3896.669916846299
1790548817.4171827,232.3446253000293,118.64406779661016,23.72881355932202,899709.0,906652.0,3764.0633440819006,4151.540453031508
1790548817.5342457,232.46168900001794,125.42372881355931,23.72881355932202,900079.0,907142.0,3170.8912188492327,4206.835793189181
1790548817.6489928,232.576436000003,132.20338983050846,23.72881355932202,900433.0,907698.0,3026.329985507174,4836.642182275816
1790548817.7627263,232.69017000001622,138.9830508474576,23.72881355932202,900749.0,908269.0,2761.2625353004737,4949.955581675766
1790548817.8771396,232.80458310001995,145.76271186440675,23.72881355932202,901057.0,908897.0,2726.9749072273157,5499.7044269920025
1790548817.9895883,232.9170322000282,152.5423728813559,23.72881355932202,901299.0,909531.0,2189.8395169479577,5628.35348185773
1790548818.1040733,233.0315172999981,159.32203389830505,23.72881355932202,901509.0,910223.0,1875.1000426625112,5890.558182803205
1790548818.2188053,233.1462492000428,166.1016949152542,23.72881355932202,901692.0,910882.0,1581.605832758788,5750.462825464033
1790548818.333593,233.26103680004599,172.88135593220335,23.72881355932202,901882.0,911619.0,1678.4124968577974,6328.440561922843
1790548818.4484787,233.37592140003107,179.66101694915255,23.72881355932202,902025.0,912337.0,1240.1631457653368,6210.070677675679
1790548818.5658584,233.49330190004548,186.4406779661017,23.72881355932202,902159.0,913093.0,1124.8416158122047,6414.386073639845
1790548818.6796057,233.60704820003593,193.22033898305085,23.72881355932202,902266.0,913854.0,933.1607449029387,6624.517367281258
1790548818.7919936,233.71943600004306,200.0,23.72881355932202,902390.0,914625.0,1094.1031579963271,6845.158219259072
1790548818.906266,233.8337083000224,-200.0,30.50847457627117,902495.0,915423.0,887.9877455465825,7122.401709071547
1790548819.0209584,233.94840110000223,-193.22033898305085,30.50847457627117,902603.0,916269.0,898.6480849027466,7400.091882821597
1790548819.1359756,234.06341830000747,-186.4406779661017,30.50847457627117,902729.0,917112.0,1129.3241409479815,7290.108682217051
1790548819.2487242,234.17616770003224,-179.66101694915255,30.50847457627117,902859.0,917864.0,1118.2461427602082,6709.476856561249
1790548819.3611495,234.2885929000331,-172.8813559322034,30.50847457627117,903027.0,918536.0,1538.0972708530953,6012.562058789373
1790548819.4742112,234.40165469999192,-166.10169491525426,30.50847457627117,903225.0,919326.0,1741.446993870016,6928.735911780703
1790548819.5893166,234.51676020002924,-159.32203389830508,30.50847457627117,903443.0,920046.0,1890.5567594347426,6189.755544110863
1790548819.7027438,234.63018650002778,-152.54237288135593,30.50847457627117,903687.0,920696.0,2132.7552430682,5742.743554928226
1790548819.815915,234.7433585000108,-145.76271186440678,30.50847457627117,903954.0,921335.0,2375.711322191832,5595.913778444042
1790548819.929413,234.85685670003295,-138.98305084745763,30.50847457627117,904261.0,922000.0,2673.126568491107,5790.232636247172
1790548820.0431051,234.97054820001358,-132.20338983050848,30.50847457627117,904571.0,922583.0,2751.3973110191,5177.460480532563
1790548820.1584861,235.08592840004712,-125.42372881355932,30.50847457627117,904934.0,923200.0,3261.621278863447,5261.583896848483
1790548820.2722747,235.1997163000051,-118.64406779661017,30.50847457627117,905354.0,923710.0,3689.1877920076126,4490.375039766842
1790548820.3890626,235.31650469999295,-111.86440677966102,30.50847457627117,905823.0,924226.0,4020.5200113421483,4318.670933531566
1790548820.5025387,235.42998080002144,-105.08474576271186,30.50847457627117,906309.0,924731.0,4286.072669977511,4406.415963087031
1790548820.616552,235.54399480001302,-98.30508474576271,30.50847457627117,906811.0,925133.0,4385.444403126477,3532.4615593894027
1790548820.7292752,235.65671800001292,-91.52542372881356,30.50847457627117,907368.0,925515.0,4885.361817186266,3375.0018660714286
1790548820.842392,235.76983490004204,-84.74576271186442,30.50847457627117,907887.0,925876.0,4611.888300323547,3176.4612188975434
1790548820.9544215,235.88186490000226,-77.96610169491527,30.50847457627117,908519.0,926215.0,5628.530101476063,2991.909688492259
1790548821.06765,235.99509310000576,-71.18644067796612,30.50847457627117,909239.0,926508.0,6465.9059902288855,2543.8113695464144
1790548821.182956,236.1103992999997,-64.40677966101697,30.50847457627117,910008.0,926790.0,6547.865352289428,2355.412675337447
1790548821.2960117,236.22345510002924,-57.62711864406779,30.50847457627117,910722.0,927013.0,6345.947719823896,1964.0013381060817
1790548821.411374,236.3388174000429,-50.847457627118644,30.50847457627117,911529.0,927199.0,6911.0897891642535,1561.1576670371035
1790548821.5275598,236.45500320004066,-44.067796610169495,30.50847457627117,912391.0,927372.0,7394.181551170861,1469.7636948339625
1790548821.6469061,236.5743494000053,-37.288135593220346,30.50847457627117,913213.0,927552.0,6775.211009922805,1471.3397121678913
1790548821.7585628,236.68600420001894,-30.508474576271198,30.50847457627117,914114.0,927700.0,7851.160123091113,1339.9816556237236
1790548821.874783,236.80222559999675,-23.72881355932205,30.50847457627117,914926.0,927829.0,7099.0370537003155,1061.1962606046864
1790548821.9888618,236.9163041000138,-16.9491525423729,30.50847457627117,915769.0,927924.0,7379.194548642315,849.6694599187647
1790548822.103939,237.03138130001025,-10.169491525423723,30.50847457627117,916653.0,928022.0,7668.78912777683,872.496966633292
1790548822.2192054,237.14664730004733,-3.3898305084745743,30.50847457627117,917506.0,928124.0,7354.759589604458,891.7646002395405
1790548822.3345163,237.26195800001733,3.3898305084745743,30.50847457627117,918357.0,928222.0,7412.769228586445,862.3766181771359
1790548822.4478388,237.37528160004877,10.169491525423723,30.50847457627117,919173.0,928323.0,7163.157828295228,908.1364387748154
1790548822.561979,237.48942140000872,16.94915254237287,30.50847457627117,920013.0,928436.0,7382.049971317694,1008.7273252732253
1790548822.6747255,237.60216840001522,23.72881355932202,30.50847457627117,920881.0,928552.0,7668.125752948406,1043.5359469383009
1790548822.7878978,237.71534059999976,30.50847457627117,30.50847457627117,921631.0,928674.0,6553.116338663361,1073.6744283685732
1790548822.9015994,237.82904250000138,37.28813559322032,30.50847457627117,922388.0,928808.0,6649.9405005071285,1188.1472639410242
1790548823.0171635,237.9446062000352,44.06779661016947,30.50847457627117,923153.0,928960.0,6600.3074692048285,1321.8722777831345
1790548823.133673,238.06111460004468,50.847457627118644,30.50847457627117,923920.0,929164.0,6583.1363793614355,1762.697719063991
1790548823.2500107,238.17745220003417,57.627118644067764,30.50847457627117,924636.0,929382.0,5976.5828313675565,1875.7275347676639
1790548823.3670182,238.29446090001147,64.40677966101691,30.50847457627117,925336.0,929639.0,5993.250591378136,2184.4558230256757
1790548823.4801428,238.40758540004026,71.18644067796606,30.50847457627117,925934.0,929916.0,5261.2760825736195,2445.3818411961893
1790548823.5929418,238.52038320002612,77.96610169491527,30.50847457627117,926536.0,930217.0,5378.40667054548,2619.534855084327
1790548823.707364,238.63480570004322,84.74576271186442,30.50847457627117,927065.0,930503.0,4563.223742748361,2521.7815420451466
1790548823.820811,238.74825210002018,91.52542372881356,30.50847457627117,927574.0,930861.0,4495.955960361785,3121.1595096726446
1790548823.9362454,238.8636869000038,98.30508474576271,30.50847457627117,928114.0,931278.0,4678.6975151893685,3629.8666881976
1790548824.0510085,238.97845080000116,105.08474576271186,30.50847457627117,928635.0,931750.0,4505.4402264131,4228.466442002459
1790548824.164043,239.09148580004694,111.86440677966101,30.50847457627117,929100.0,932235.0,4088.5581697893194,4302.278255937397
1790548824.2778187,239.20526140002767,118.64406779661016,30.50847457627117,929522.0,932779.0,3664.2851887540883,4787.508286814386
1790548824.391214,239.31865650002146,125.42372881355931,30.50847457627117,929863.0,933344.0,2983.489205334507,5034.060733459153
1790548824.5043213,239.43176390003646,132.20338983050846,30.50847457627117,930209.0,933936.0,3074.1452351731846,5176.04574235485
1790548824.6198504,239.54729290003888,138.9830508474576,30.50847457627117,930517.0,934534.0,2617.1988906113247,5161.949369025796
1790548824.7335005,239.66094319999684,145.76271186440675,30.50847457627117,930760.0,935092.0,2094.2854725506936,4929.910935384818
1790548824.8524613,239.77990369999316,152.5423728813559,30.50847457627117,930990.0,935761.0,1915.7835730322226,5685.265140340995
1790548824.9673684,239.8948091000202,159.32203389830505,30.50847457627117,931190.0,936439.0,1695.2631592487073,5846.367003246894
1790548825.0854511,240.0128921000287,166.1016949152542,30.50847457627117,931379.0,937146.0,1577.0542274659658,5959.797952633011
1790548825.2034616,240.13090380001813,172.88135593220335,30.50847457627117,931522.0,937877.0,1268.7957738634648,6279.149888171016
1790548825.3168652,240.2443075000192,179.66101694915255,30.50847457627117,931631.0,938654.0,988.0273249957921,6906.9573747369395
1790548825.4303718,240.3578141000471,186.4406779661017,30.50847457627117,931741.0,939429.0,941.3866810305029,6811.2095156912865
1790548825.5440893,240.47153139999136,193.22033898305085,30.50847457627117,931845.0,940176.0,901.4113525808606,6457.048668487389
1790548825.6575391,240.5849800000433,200.0,30.50847457627117,931955.0,940989.0,950.6159622170766,7125.005076034787
1790548825.770602,240.69804370001657,-200.0,37.28813559322032,932053.0,941772.0,864.7952992614136,6853.270274792063
1790548825.8851683,240.81260960001964,-193.22033898305085,37.28813559322032,932195.0,942666.0,1268.3380541808597,7775.463723456574
1790548825.998872,240.92631350003649,-186.4406779661017,37.28813559322032,932344.0,943463.0,1291.7075164986854,6932.473433870643
1790548826.113666,241.04110770003172,-179.66101694915255,37.28813559322032,932497.0,944194.0,1358.9089795162488,6372.181295839708
1790548826.2288911,241.15633299999172,-172.8813559322034,37.28813559322032,932691.0,944932.0,1685.0449508086765,6511.233478396571
1790548826.341431,241.26887309999438,-166.10169491525426,37.28813559322032,932909.0,945610.0,1947.2491140212635,5990.819044572595
1790548826.4548485,241.38229080004385,-159.32203389830508,37.28813559322032,933154.0,946322.0,2159.508296618726,6257.036859433744
1790548826.5684083,241.49585020000814,-152.54237288135593,37.28813559322032,933446.0,946994.0,2562.96551792679,5992.545275728107
1790548826.6817632,241.60920510004507,-145.76271186440678,37.28813559322032,933747.0,947637.0,2646.3569555570584,5598.06279060147
1790548826.7978613,241.72530320001533,-138.98305084745763,37.28813559322032,934094.0,948269.0,3052.246417002255,5446.523546507018
1790548826.9125903,241.84003100002883,-132.20338983050848,37.28813559322032,934501.0,948804.0,3496.4417183339883,4603.028325998203
1790548827.0294414,241.9568817000254,-125.42372881355932,37.28813559322032,934972.0,949333.0,4085.623526086659,4484.900370681492
1790548827.1425362,242.06997680000495,-118.64406779661017,37.28813559322032,935444.0,949886.0,4189.4641027808475,4886.159907012695
1790548827.2590132,242.18645380000817,-111.86440677966102,37.28813559322032,935975.0,950363.0,4588.756545690843,4070.8176880584115
1790548827.3738177,242.30125960003352,-105.08474576271186,37.28813559322032,936511.0,950783.0,4673.013256666227,3605.9472374274824
1790548827.4869423,242.414383299998,-98.30508474576271,37.28813559322032,937089.0,951181.0,5104.252027946009,3526.57412839906
1790548827.6020384,242.52947960002348,-91.52542372881356,37.28813559322032,937714.0,951551.0,5536.579214861098,3187.175534870698
1790548827.7153418,242.6427825000137,-84.74576271186442,37.28813559322032,938380.0,951869.0,5969.881945250284,2817.0380429149777
1790548827.8287818,242.75622280000243,-77.96610169491527,37.28813559322032,939073.0,952168.0,6149.638731418641,2619.6346257704786
1790548827.941105,242.86854650004534,-71.18644067796612,37.28813559322032,939765.0,952418.0,6194.145412442384,2210.862142694044
1790548828.054877,242.98231859999942,-64.40677966101697,37.28813559322032,940559.0,952623.0,7068.848557787505,1785.6205992327812
1790548828.1673207,243.09476280002855,-57.62711864406779,37.28813559322032,941328.0,952846.0,6886.327144700854,2022.1014755075578
1790548828.281109,243.208551000047,-50.847457627118644,37.28813559322032,942151.0,953021.0,7229.7335207959495,1508.4940170617501
1790548828.395433,243.32287500001257,-44.067796610169495,37.28813559322032,942933.0,953173.0,6897.347683133034,1309.8548720956492
1790548828.5096767,243.43711870000698,-37.288135593220346,37.28813559322032,943817.0,953323.0,7640.247208240112,1303.9844994832883
1790548828.6292143,243.55665630003205,-30.508474576271198,37.28813559322032,944696.0,953444.0,7406.455574465106,972.6550091767429
1790548828.7440557,243.67149610002525,-23.72881355932205,37.28813559322032,945560.0,953542.0,7406.147193854852,878.3820017680537
1790548828.8620615,243.7895026000333,-16.9491525423729,37.28813559322032,946488.0,953668.0,7901.31479297946,1089.199936415393
1790548828.9759245,243.90336490003392,-10.169491525423723,37.28813559322032,947344.0,953769.0,7536.907320084161,904.0598743797403
1790548829.0903058,244.0177463000291,-3.3898305084745743,37.28813559322032,948169.0,953865.0,7154.488955393015,830.8438786908017
1790548829.2043867,244.1318275000085,3.3898305084745743,37.28813559322032,949085.0,953974.0,7973.960922784201,910.5214894528673
1790548829.318793,244.2462332000141,10.169491525423723,37.28813559322032,949938.0,954089.0,7357.254074976839,930.0158467742938
1790548829.4330962,244.36053760000505,16.94915254237287,37.28813559322032,950780.0,954215.0,7213.111136362277,1111.829869426542
1790548829.545976,244.47341660002712,23.72881355932202,37.28813559322032,951580.0,954341.0,7057.706970528815,1142.2341544408478
1790548829.6600485,244.58748970000306,30.50847457627117,37.28813559322032,952369.0,954485.0,6927.221961291913,1247.8174658750997
1790548829.773092,244.70053319999715,37.28813559322032,37.28813559322032,953129.0,954651.0,6698.215290941647,1445.2580710745463
1790548829.8848338,244.81227530003525,44.06779661016947,37.28813559322032,953769.0,954826.0,5733.331581633202,1557.6645540934724
1790548829.999289,244.9267308000126,50.847457627118644,37.28813559322032,954436.0,955035.0,5894.688282479872,1858.108262955612
1790548830.1120553,245.03949700004887,57.627118644067764,37.28813559322032,955119.0,955285.0,6039.2308413592145,2192.705351631961
1790548830.2247837,245.15222520002862,64.40677966101691,37.28813559322032,955714.0,955564.0,5259.831983184313,2425.470225461317
1790548830.3399959,245.26743720000377,71.18644067796606,37.28813559322032,956309.0,955909.0,5123.4767057980525,2978.7655266267748
1790548830.4541714,245.38161310000578,77.96610169491527,37.28813559322032,956871.0,956219.0,4855.60832240183,2720.254758056857
1790548830.5708373,245.498277900042,84.74576271186442,37.28813559322032,957409.0,956589.0,4619.380243736899,3163.95907105267
1790548830.6862798,245.61371960001998,91.52542372881356,37.28813559322032,957922.0,956979.0,4361.372439367042,3300.9964763074013
1790548830.8034713,245.73091109999223,98.30508474576271,37.28813559322032,958360.0,957451.0,3848.103341804048,3913.3254323430992
1790548830.9174397,245.84488099999726,105.08474576271186,37.28813559322032,958816.0,957937.0,3918.201988901987,4204.674304128312
1790548831.031985,245.95942510000896,111.86440677966101,37.28813559322032,959212.0,958498.0,3486.6003816343655,4905.033607758583
1790548831.1461892,246.07362949999515,118.64406779661016,37.28813559322032,959559.0,959069.0,3033.1049624589573,5009.218801636763
1790548831.262659,246.19009879999794,125.42372881355931,37.28813559322032,959891.0,959685.0,2772.311426132966,5253.757391163456
1790548831.3763044,246.30374570004642,132.20338983050846,37.28813559322032,960161.0,960309.0,2352.5276648570803,5402.444953683651
1790548831.4901464,246.4175869000028,138.9830508474576,37.28813559322032,960431.0,960959.0,2336.2680780237843,5675.107890317618
1790548831.603549,246.5309891999932,145.76271186440675,37.28813559322032,960650.0,961635.0,1914.0160792344354,5872.127000369724
1790548831.7175088,246.64494950004155,152.5423728813559,37.28813559322032,960843.0,962301.0,1675.789899840424,5800.811191755313
1790548831.8306415,246.75808250001865,159.32203389830505,37.28813559322032,960993.0,962968.0,1347.827905432049,5921.147419035967
1790548831.9454267,246.87286790000508,166.1016949152542,37.28813559322032,961140.0,963650.0,1259.0643515539768,5957.746533077876
1790548832.0587912,246.98623199999565,172.88135593220335,37.28813559322032,961256.0,964373.0,1025.1181652167238,6381.591460943749
1790548832.1735625,247.1010038999957,179.66101694915255,37.28813559322032,961368.0,965082.0,994.1672478005734,6247.748300398099
1790548832.2887974,247.216238300025,186.4406779661017,37.28813559322032,961472.0,965859.0,877.2490932449272,6752.990415708346
1790548832.4067416,247.3341815000167,193.22033898305085,37.28813559322032,961585.0,966690.0,960.5277962316824,7089.609924567179
1790548832.524424,247.45186410000315,200.0,37.28813559322032,961672.0,967494.0,741.8253166399064,6759.883197881147
1790548832.6396058,247.5670456000371,-200.0,44.06779661016947,961776.0,968233.0,893.687159909744,6486.141861612988
1790548832.7532938,247.68073359999107,-193.22033898305085,44.06779661016947,961901.0,969015.0,1120.4180921677844,6898.441972438011
1790548832.868429,247.79586850001942,-186.4406779661017,44.06779661016947,962070.0,969785.0,1494.9986334902458,6521.1290086599065
1790548832.9838848,247.91132450004807,-179.66101694915255,44.06779661016947,962282.0,970586.0,1827.1464384093342,6932.13849748265
1790548833.09825,248.02569010003936,-172.8813559322034,44.06779661016947,962512.0,971302.0,2061.195420388812,6294.007444401551
1790548833.2130167,248.1404571000021,-166.10169491525426,44.06779661016947,962781.0,971994.0,2324.0620944682896,6038.9015053113035
1790548833.3263102,248.25375060003716,-159.32203389830508,44.06779661016947,963052.0,972627.0,2439.96665371591,5508.409566722282
1790548833.4401822,248.36762299999828,-152.54237288135593,44.06779661016947,963357.0,973253.0,2687.8107771605287,5541.308520036432
1790548833.552892,248.48033260001102,-145.76271186440678,44.06779661016947,963711.0,973876.0,3156.060195432258,5576.637336471747
1790548833.666432,248.5938724000007,-138.98305084745763,44.06779661016947,964081.0,974397.0,3256.211245091211,4621.421625469396
1790548833.780066,248.70750700001372,-132.20338983050848,44.06779661016947,964502.0,974923.0,3709.7280484498156,4694.693063795052
1790548833.8936625,248.82110330002615,-125.42372881355932,44.06779661016947,964990.0,975454.0,4291.825686519767,4753.312319478881
1790548834.0116467,248.93908760003978,-118.64406779661017,44.06779661016947,965520.0,975920.0,4493.49069068641,4011.0881115669945
1790548834.127553,249.05499259999488,-111.86440677966102,44.06779661016947,966064.0,976391.0,4529.312890396998,4026.0559025751095
1790548834.247482,249.17492130002938,-105.08474576271186,44.06779661016947,966687.0,976814.0,5076.616215740626,3458.3870030728494
1790548834.363613,249.29105220001657,-98.30508474576271,44.06779661016947,967316.0,977161.0,5456.255362777297,3034.299464727073
1790548834.4775424,249.40498210000806,-91.52542372881356,44.06779661016947,967987.0,977497.0,5898.7169817873455,2986.5743709049493
1790548834.5911014,249.5185403000214,-84.74576271186442,44.06779661016947,968664.0,977784.0,5984.72830432381,2525.240845564761
1790548834.7064488,249.63388820004184,-77.96610169491527,44.06779661016947,969430.0,978022.0,6613.254500194883,2012.3319364355107
1790548834.8212135,249.74865270004375,-71.18644067796612,44.06779661016947,970177.0,978228.0,6462.1124336548855,1794.0142167087217
1790548834.9342346,249.8616747999913,-64.40677966101697,44.06779661016947,970953.0,978444.0,6830.772490771652,1886.5943069750276
1790548835.0473237,249.9747641000431,-57.62711864406779,44.06779661016947,971768.0,978599.0,7182.836078188271,1362.4218109595818
1790548835.1601553,250.0875956999953,-50.847457627118644,44.06779661016947,972584.0,978782.0,7244.774937701727,1625.430274484362
1790548835.2738378,250.20127830002457,-44.067796610169495,44.06779661016947,973376.0,978917.0,7022.471908925857,1196.4893160686256
1790548835.3872435,250.3146839000401,-37.288135593220346,44.06779661016947,974243.0,979028.0,7682.526960109377,969.5496764561112
1790548835.4997675,250.42720650002593,-30.508474576271198,44.06779661016947,975094.0,979134.0,7559.796406920439,903.0791274276879
1790548835.612614,250.54005310003413,-23.72881355932205,44.06779661016947,975916.0,979232.0,7347.634007652309,890.6223039578556
1790548835.7265997,250.6540401999955,-16.9491525423729,44.06779661016947,976775.0,979344.0,7492.509796322384,987.3134830129251
1790548835.8451796,250.77262010000413,-10.169491525423723,44.06779661016947,977606.0,979454.0,7000.6991730775235,961.585123901534
1790548835.9598978,250.887336600048,-3.3898305084745743,44.06779661016947,978497.0,979554.0,7767.796152315372,881.4520456528081
1790548836.0803428,251.0077816999983,3.3898305084745743,44.06779661016947,979374.0,979679.0,7318.93076565014,1058.830085385934
1790548836.1961703,251.12360980000813,10.169491525423723,44.06779661016947,980202.0,979813.0,7292.193206713596,1160.1216465226175
1790548836.309891,251.23733080003876,16.94915254237287,44.06779661016947,980992.0,979925.0,6868.899119531361,960.1686941280396
1790548836.4246876,251.35212650004542,23.72881355932202,44.06779661016947,981760.0,980075.0,6674.3101233771695,1334.862024675434
1790548836.539808,251.4672471000231,30.50847457627117,44.06779661016947,982512.0,980248.0,6524.378323092315,1523.2725761368838
1790548836.6528533,251.5802929000347,37.28813559322032,44.06779661016947,983256.0,980426.0,6550.084454231261,1570.1620890284864
1790548836.7659333,251.6933692000457,44.06779661016947,44.06779661016947,983964.0,980634.0,6252.020527658493,1802.2169128762966
1790548836.8796656,251.80710550001822,50.847457627118644,44.06779661016947,984627.0,980885.0,5773.821403043799,2207.909304523949
1790548836.9924524,251.9198921000352,57.627118644067764,44.06779661016947,985284.0,981143.0,5807.044457668003,2322.817783067201
1790548837.1065142,252.03395400004229,64.40677966101691,44.06779661016947,985936.0,981441.0,5696.867735206342,2668.9687289335043
1790548837.220609,252.14804910001112,71.18644067796606,44.06779661016947,986489.0,981769.0,4788.696475079447,2853.035639367257
1790548837.3343155,252.26175579999108,77.96610169491527,44.06779661016947,987035.0,982154.0,4800.162153884711,3381.304242755641
1790548837.4484677,252.37590780004393,84.74576271186442,44.06779661016947,987543.0,982571.0,4497.411909457446,3730.9125491187024
1790548837.5650656,252.49250570003642,91.52542372881356,44.06779661016947,988020.0,982998.0,4117.65823770689,3574.6703382290584
1790548837.6780777,252.60551620001206,98.30508474576271,44.06779661016947,988466.0,983500.0,3785.2824116145734,4417.7128882479665
1790548837.7984056,252.72584410000127,105.08474576271186,44.06779661016947,988876.0,984056.0,3468.0092326844187,4679.500457968842
1790548837.9133708,252.8408091000165,111.86440677966101,44.06779661016947,989244.0,984635.0,3204.676616916415,5083.280150970865
1790548838.0276225,252.95506020000903,118.64406779661016,44.06779661016947,989552.0,985225.0,2684.8895883269274,5103.129183292619
1790548838.1432955,253.07073410000885,125.42372881355931,44.06779661016947,989852.0,985862.0,2606.4744828549,5432.441553739686
1790548838.2572713,253.1847107000067,132.20338983050846,44.06779661016947,990108.0,986498.0,2152.9221534297876,5525.525526828383
1790548838.370074,253.29751350003062,138.9830508474576,44.06779661016947,990323.0,987216.0,1894.4863951532798,6407.821630665505
1790548838.4841871,253.41162680002162,145.76271186440675,44.06779661016947,990516.0,987929.0,1697.4750746121229,6257.718923705232
1790548838.59754,253.5249795000418,152.5423728813559,44.06779661016947,990653.0,988677.0,1201.0180939803115,6633.31531906049
1790548838.7116585,253.63909780001268,159.32203389830505,44.06779661016947,990815.0,989399.0,1376.1770904096527,6339.589129820467
1790548838.8240514,253.75149090000195,166.1016949152542,44.06779661016947,990955.0,990161.0,1258.288392880929,6804.077976319098
1790548838.9361753,253.86361470003612,172.88135593220335,44.06779661016947,991058.0,990977.0,897.2180632563843,7299.242785450376
1790548839.0485291,253.97596890002023,179.66101694915255,44.06779661016947,991157.0,991770.0,876.0362158273072,7129.443671360532
1790548839.1606143,254.08805360004772,186.4406779661017,44.06779661016947,991246.0,992572.0,804.0366378408546,7170.884897952738
1790548839.272692,254.20013140002266,193.22033898305085,44.06779661016947,991320.0,993392.0,645.0714207230598,7394.949185390438
1790548839.3864803,254.31392000004416,200.0,44.06779661016947,991401.0,994185.0,708.3886089749515,6945.888308780368
1790548839.4999146,254.42735450004693,-200.0,50.847457627118644,991552.0,994925.0,1374.854555928697,6579.0020025312815
1790548839.6144903,254.5419300000067,-193.22033898305085,50.847457627118644,991717.0,995699.0,1503.4598025831338,6843.970389672915
1790548839.7369301,254.66436900000554,-186.4406779661017,50.847457627118644,991910.0,996485.0,1592.9490045261448,6389.0170884237805
1790548839.8527267,254.78016520000529,-179.66101694915255,50.847457627118644,992140.0,997206.0,2014.4840479329548,6301.011748100795
1790548839.970164,254.89760329999262,-172.8813559322034,50.847457627118644,992389.0,997885.0,2116.368572327214,5696.481047101004
1790548840.0856378,255.01307600003202,-166.10169491525426,50.847457627118644,992675.0,998497.0,2572.0735722452137,5227.415713376064
1790548840.1998084,255.12724629999138,-159.32203389830508,50.847457627118644,992990.0,999098.0,2776.090594509058,5282.024721767235
1790548840.313414,255.2408535000286,-152.54237288135593,50.847457627118644,993357.0,999703.0,3208.5032808123137,5325.742364371602
1790548840.4261625,255.35360160004348,-145.76271186440678,50.847457627118644,993728.0,1000262.0,3289.9200196551515,4953.467148237841
1790548840.5396135,255.46705269999802,-138.98305084745763,50.847457627118644,994149.0,1000798.0,3722.279180063126,4812.177302265232
1790548840.6527078,255.58014600002207,-132.20338983050848,50.847457627118644,994576.0,1001291.0,3696.9364522557535,4391.849319221121
1790548840.7658403,255.69327849999536,-125.42372881355932,50.847457627118644,995041.0,1001730.0,4080.2030045514284,3987.0476848128114
1790548840.8809311,255.80836910003563,-118.64406779661017,50.847457627118644,995616.0,1002129.0,4991.358653175939,3494.863554234707
1790548840.9956877,255.9231270000455,-111.86440677966102,50.847457627118644,996195.0,1002493.0,5054.578397086345,3130.339990909576
1790548841.108441,256.0358799000387,-105.08474576271186,50.847457627118644,996738.0,1002801.0,4858.477113765962,2731.151570644728
1790548841.2211552,256.14859420002904,-98.30508474576271,50.847457627118644,997356.0,1003083.0,5567.312903122749,2518.767607255868
1790548841.3342223,256.2616611000267,-91.52542372881356,50.847457627118644,997981.0,1003346.0,5622.551713262744,2352.764637839764
1790548841.4476268,256.3750660000369,-84.74576271186442,50.847457627118644,998637.0,1003612.0,5780.24007271071,2354.5706366473337
1790548841.5615003,256.4889397000079,-77.96610169491527,50.847457627118644,999368.0,1003845.0,6331.606867389131,2098.265066518491
1790548841.6792898,256.6067288000486,-71.18644067796612,50.847457627118644,1000167.0,1004046.0,6692.793614104718,1726.8839137997468
1790548841.7944138,256.72185279999394,-64.40677966101697,50.847457627118644,1000978.0,1004225.0,6894.713558740366,1554.781044118633
1790548841.9094453,256.83688360004453,-57.62711864406779,50.847457627118644,1001776.0,1004361.0,6934.107314851195,1166.5725630637946
1790548842.0234115,256.9508488000138,-50.847457627118644,50.847457627118644,1002587.0,1004519.0,7171.701566441996,1351.589910598684
1790548842.1390424,257.06647990003694,-44.067796610169495,50.847457627118644,1003450.0,1004643.0,7488.177164014658,1085.3752527621732
1790548842.25423,257.18166770000244,-37.288135593220346,50.847457627118644,1004322.0,1004751.0,7452.505139293426,960.1386989273739
1790548842.3685462,257.29598490003264,-30.508474576271198,50.847457627118644,1005132.0,1004864.0,7063.128903216405,1022.1738047679544
1790548842.4823682,257.4098059000098,-23.72881355932205,50.847457627118644,1005952.0,1004965.0,7188.357989879856,846.7720039295093
1790548842.5961072,257.5235456000082,-16.9491525423729,50.847457627118644,1006811.0,1005049.0,7560.420826217154,731.952506459749
1790548842.7101595,257.6375982000027,-10.169491525423723,50.847457627118644,1007642.0,1005138.0,7260.357526297601,773.9467413819777
1790548842.8237019,257.7511404000106,-3.3898305084745743,50.847457627118644,1008422.0,1005244.0,6837.534280519172,931.9716090856091
1790548842.9390562,257.8664952000254,3.3898305084745743,50.847457627118644,1009265.0,1005374.0,7212.803996580648,1105.4800095261799
1790548843.0505276,257.9779666000395,10.169491525423723,50.847457627118644,1009969.0,1005501.0,6364.020067415202,1146.8396576435075
1790548843.1642184,258.0916571000125,16.94915254237287,50.847457627118644,1010790.0,1005653.0,7251.825150932455,1371.2207455443347
1790548843.2774556,258.2048945000279,23.72881355932202,50.847457627118644,1011495.0,1005807.0,6248.073512404037,1342.1787545164227
1790548843.3954618,258.32290090003517,30.50847457627117,50.847457627118644,1012212.0,1005999.0,6167.386644267973,1615.9091644370235
1790548843.5103874,258.43782610003836,37.28813559322032,50.847457627118644,1012945.0,1006225.0,6389.443558719173,1953.1050179490921
1790548843.625046,258.5524837000412,44.06779661016947,50.847457627118644,1013622.0,1006455.0,5842.179422925662,2006.217417093709
1790548843.7421603,258.66959780000616,50.847457627118644,50.847457627118644,1014299.0,1006732.0,5983.861256556654,2335.8463069917884
1790548843.8562858,258.7837235000334,57.627118644067764,50.847457627118644,1014916.0,1007022.0,5335.868949690168,2520.228759974768
1790548843.972079,258.8995133000426,64.40677966101691,50.847457627118644,1015456.0,1007343.0,4670.224673833227,2818.553562918881
1790548844.0864902,259.0139271999942,71.18644067796606,50.847457627118644,1015982.0,1007705.0,4580.2844004133385,3120.8350624058817
1790548844.2016437,259.1290815999964,77.96610169491527,50.847457627118644,1016464.0,1008160.0,4184.760863833872,3973.6873992106716
1790548844.3173864,259.24482399999397,84.74576271186442,50.847457627118644,1016928.0,1008662.0,3978.6620456252417,4368.37153984366
1790548844.4298408,259.3572791000479,91.52542372881356,50.847457627118644,1017308.0,1009132.0,3355.350287494052,4205.870833906193
1790548844.542832,259.4702695000451,98.30508474576271,50.847457627118644,1017692.0,1009653.0,3318.4637647621735,4591.935853760543
1790548844.6552424,259.58268099999987,105.08474576271186,50.847457627118644,1018038.0,1010233.0,3010.5490381173104,5079.718965244378
1790548844.7670584,259.6944949000026,111.86440677966101,50.847457627118644,1018351.0,1010806.0,2755.9339283659183,5146.284784601664
1790548844.880203,259.8076414000243,118.64406779661016,50.847457627118644,1018643.0,1011434.0,2525.8155931159845,5514.2347747147505
1790548844.994314,259.9217525999993,125.42372881355931,50.847457627118644,1018902.0,1012080.0,2336.829718183274,5745.8518952976965
1790548845.1079254,260.03536390000954,132.20338983050846,50.847457627118644,1019124.0,1012695.0,1926.9232873376745,5493.584179765581
1790548845.22657,260.1540086000459,138.9830508474576,50.847457627118644,1019336.0,1013446.0,1782.876010116435,6391.61049626742
1790548845.3417532,260.26919060002547,145.76271186440675,50.847457627118644,1019515.0,1014122.0,1561.403572579096,5960.887756493137
1790548845.458018,260.38545600004727,152.5423728813559,50.847457627118644,1019693.0,1014848.0,1549.1076393825026,6326.295868615968
1790548845.572126,260.49956389999716,159.32203389830505,50.847457627118644,1019831.0,1015659.0,1170.811214917403,7153.93309272366
1790548845.6856036,260.6130414000363,166.1016949152542,50.847457627118644,1019948.0,1016460.0,1033.3085154176515,6993.284416844463
1790548845.7989728,260.7264103000052,172.88135593220335,50.847457627118644,1020050.0,1017277.0,904.882115750285,7229.823435025236
1790548845.9134367,260.84087410004577,179.66101694915255,50.847457627118644,1020142.0,1018116.0,816.3692119216,7218.9052784528
1790548846.0288908,260.9563272999949,186.4406779661017,50.847457627118644,1020241.0,1018934.0,829.9504495157834,6977.055976698618
1790548846.144364,261.0718010000419,193.22033898305085,50.847457627118644,1020343.0,1019748.0,908.3568836301952,7028.296695562924
1790548846.2584193,261.1858565000002,200.0,50.847457627118644,1020433.0,1020516.0,791.5273439424052,6718.778617185533
1790548846.3733237,261.30076070001815,-200.0,57.627118644067764,1020584.0,1021275.0,1338.4107380798062,6563.712934692748
1790548846.4876344,261.4150721000042,-193.22033898305085,57.627118644067764,1020789.0,1022015.0,1874.9682499756334,6400.7536809513
1790548846.601702,261.52913999999873,-186.4406779661017,57.627118644067764,1021043.0,1022801.0,2246.305563118626,6757.329030037179
1790548846.7154932,261.6429313000408,-179.66101694915255,57.627118644067764,1021321.0,1023513.0,2439.9990417864774,6215.091898890084
1790548846.8278675,261.75530560000334,-172.8813559322034,57.627118644067764,1021587.0,1024176.0,2357.4884270550815,5851.789455298779
1790548846.9402509,261.86768910003593,-166.10169491525426,57.627118644067764,1021868.0,1024789.0,2563.6340576775856,5490.838036262174
1790548847.053889,261.9813267000136,-159.32203389830508,57.627118644067764,1022206.0,1025406.0,2967.151240953453,5390.631912912329
1790548847.168452,262.0958889000467,-152.54237288135593,57.627118644067764,1022625.0,1025908.0,3590.396518561438,4271.651242596172
1790548847.2880545,262.2154916000436,-145.76271186440678,57.627118644067764,1023067.0,1026509.0,3706.164185429187,5086.710344501559
1790548847.40893,262.3363668000093,-138.98305084745763,57.627118644067764,1023540.0,1027035.0,4091.313748305207,4328.227239298381
1790548847.5222142,262.4496521000401,-132.20338983050848,57.627118644067764,1024029.0,1027555.0,4412.391636995324,4589.633584358772
1790548847.6353774,262.56281420000596,-125.42372881355932,57.627118644067764,1024576.0,1028035.0,4864.448662248472,4299.246055777698
1790548847.750466,262.67790300003253,-118.64406779661017,57.627118644067764,1025143.0,1028450.0,4934.871597002834,3643.931160681128
1790548847.8649967,262.7924334999989,-111.86440677966102,57.627118644067764,1025796.0,1028801.0,5805.81608959794,3026.728767088973
1790548847.978694,262.9061308000237,-105.08474576271186,57.627118644067764,1026428.0,1029141.0,5557.135343100928,2973.7179093516675
1790548848.093793,263.0212298000115,-98.30508474576271,57.627118644067764,1027136.0,1029441.0,6111.0994202304655,2689.6156130954446
1790548848.2085028,263.13594040001044,-91.52542372881356,57.627118644067764,1027836.0,1029703.0,6039.238582481739,2241.8385647091304
1790548848.3204257,263.247863400029,-84.74576271186442,57.627118644067764,1028585.0,1029893.0,6688.386750254969,1658.0454548951395
1790548848.4340749,263.3615128000383,-77.96610169491527,57.627118644067764,1029391.0,1030115.0,7160.547598343943,1845.5019583360677
1790548848.5478272,263.475264800014,-71.18644067796612,57.627118644067764,1030165.0,1030310.0,6779.342967213461,1637.344705785612
1790548848.6615367,263.58897460001754,-64.40677966101697,57.627118644067764,1030974.0,1030488.0,7180.462512713718,1611.0012047755135
1790548848.7750132,263.7024511000491,-57.62711864406779,57.627118644067764,1031809.0,1030633.0,7425.850291177355,1249.987268465016
1790548848.889389,263.81682680000085,-50.847457627118644,57.627118644067764,1032737.0,1030800.0,8158.903203963065,1444.7093073986812
1790548849.003757,263.93119319999823,-44.067796610169495,57.627118644067764,1033697.0,1030936.0,8286.369479345984,1135.8843555957415
1790548849.1213012,264.0487384000444,-37.288135593220346,57.627118644067764,1034629.0,1031054.0,7915.9096809674975,973.267583725512
1790548849.235765,264.1632015000214,-30.508474576271198,57.627118644067764,1035542.0,1031162.0,8123.986808961799,950.8757287762106
1790548849.3492837,264.27672110003186,-23.72881355932205,57.627118644067764,1036369.0,1031269.0,7334.649665553939,976.0940619558473
1790548849.463595,264.3910325000179,-16.9491525423729,57.627118644067764,1037220.0,1031392.0,7503.990801919943,1083.8077290410688
1790548849.5760298,264.50346680002986,-10.169491525423723,57.627118644067764,1038085.0,1031514.0,7594.422434183972,1052.9690000770415
1790548849.690173,264.6176095000119,-3.3898305084745743,57.627118644067764,1038985.0,1031646.0,7931.162657359979,1186.9141331780015
1790548849.8035936,264.7310305000283,3.3898305084745743,57.627118644067764,1039866.0,1031783.0,7820.6852477774355,1198.1809940181581
1790548849.9172974,264.84473460004665,10.169491525423723,57.627118644067764,1040604.0,1031943.0,6446.473891039576,1407.8506198822063
1790548850.0290608,264.9564967000042,16.94915254237287,57.627118644067764,1041400.0,1032086.0,7071.976588005053,1266.2027047489153
1790548850.1431363,265.07057370000985,23.72881355932202,57.627118644067764,1042215.0,1032318.0,6997.301437869094,2099.1904313607283
1790548850.2575493,265.1849865000113,30.50847457627117,57.627118644067764,1042927.0,1032551.0,6232.713603371401,2077.5712011238006
1790548850.3713775,265.29881480004406,37.28813559322032,57.627118644067764,1043552.0,1032791.0,5450.905935784234,2099.3353941871715
1790548850.4854953,265.41293280001264,44.06779661016947,57.627118644067764,1044191.0,1033107.0,5567.801050224997,2751.7962356960447
1790548850.598677,265.5261145000113,50.847457627118644,57.627118644067764,1044842.0,1033423.0,5728.892059674377,2794.5814925240866
1790548850.7146602,265.6420966000296,57.627118644067764,57.627118644067764,1045434.0,1033789.0,5097.959535164024,3157.6230514032104
1790548850.8314319,265.75886900001206,64.40677966101691,57.627118644067764,1045997.0,1034223.0,4682.83110751283,3697.949961885132
1790548850.9438393,265.87127580004744,71.18644067796606,57.627118644067764,1046501.0,1034664.0,4446.735658861039,3924.687028051357
1790548851.0573845,265.9848205000162,77.96610169491527,57.627118644067764,1046983.0,1035122.0,4244.627086827584,4041.6231826749604
1790548851.1710615,266.0984984000097,84.74576271186442,57.627118644067764,1047423.0,1035575.0,3778.925451765,3982.691039850368
1790548851.2848651,266.21230090002064,91.52542372881356,57.627118644067764,1047832.0,1036116.0,3654.630073542593,4762.093732191864
1790548851.3982313,266.3256671000272,98.30508474576271,57.627118644067764,1048186.0,1036665.0,3093.8301238471768,4816.741510181233
1790548851.5123985,266.43983570003184,105.08474576271186,57.627118644067764,1048556.0,1037223.0,3231.0296673443277,4980.020085564905
1790548851.6247299,266.55216660001315,111.86440677966101,57.627118644067764,1048860.0,1037840.0,2730.2215022984997,5507.033815216428
1790548851.7384872,266.66592440003296,118.64406779661016,57.627118644067764,1049132.0,1038491.0,2402.100595813426,5568.08758799664
1790548851.8508782,266.7783153000055,125.42372881355931,57.627118644067764,1049370.0,1039100.0,2134.5572713449665,5452.908313261159
1790548851.9636602,266.89109630003804,132.20338983050846,57.627118644067764,1049570.0,1039823.0,1821.5494871808337,6394.010444798028
1790548852.0788488,267.0062858000165,138.9830508474576,57.627118644067764,1049757.0,1040574.0,1643.5674318367544,6501.625862956443
1790548852.1924632,267.1199001999921,145.76271186440675,57.627118644067764,1049912.0,1041405.0,1352.526862887465,7336.995037033373
1790548852.311933,267.2393700000248,152.5423728813559,57.627118644067764,1050063.0,1042248.0,1239.4360210261152,7082.491548720658
1790548852.425162,267.35259750002297,159.32203389830505,57.627118644067764,1050206.0,1043013.0,1206.8896683887433,6805.000976376529
1790548852.5422366,267.4696736000478,166.1016949152542,57.627118644067764,1050324.0,1043816.0,969.4327501272246,6786.029250890572
1790548852.6550329,267.58246890001465,172.88135593220335,57.627118644067764,1050407.0,1044606.0,705.813956770951,7067.426593456496
1790548852.7684963,267.6959321000031,179.66101694915255,57.627118644067764,1050491.0,1045434.0,703.7538787029721,7130.137981595902
1790548852.8829284,267.8103640000336,186.4406779661017,57.627118644067764,1050580.0,1046315.0,793.9042921980451,7800.5712431086995
1790548852.9957051,267.9231409000349,193.22033898305085,57.627118644067764,1050682.0,1047277.0,897.3019254376117,8589.796557053804
1790548853.1093194,268.03675610001665,200.0,57.627118644067764,1050773.0,1048181.0,778.5325220446074,8017.031328197445
1790548853.2218273,268.1492636000039,-200.0,64.40677966101691,1050960.0,1048921.0,1667.345092999621,6678.695149054349
1790548853.3351934,268.2626295000082,-193.22033898305085,64.40677966101691,1051175.0,1049675.0,1908.0116104114068,6742.875982424777
1790548853.4482443,268.3756813000073,-186.4406779661017,64.40677966101691,1051420.0,1050411.0,2176.391914243477,6501.273282291411
1790548853.5613744,268.48881130001973,-179.66101694915255,64.40677966101691,1051732.0,1051112.0,2786.926076556265,6157.16226215919
1790548853.6741343,268.6015710000065,-172.8813559322034,64.40677966101691,1052041.0,1051766.0,2676.2018751320666,5798.437396119477
1790548853.7912185,268.7186550000333,-166.10169491525426,64.40677966101691,1052447.0,1052431.0,3527.0439437034283,5643.270309925485
1790548853.9070253,268.8344625000027,-159.32203389830508,64.40677966101691,1052875.0,1053050.0,3676.982092413008,5294.131464751898
1790548854.0211287,268.94856560003245,-152.54237288135593,64.40677966101691,1053349.0,1053618.0,4111.9601542683795,4908.420904869912
1790548854.137849,269.06528560002334,-145.76271186440678,64.40677966101691,1053882.0,1054128.0,4606.498063374819,4397.936143182652
1790548854.2569542,269.1843907000148,-138.98305084745763,64.40677966101691,1054460.0,1054660.0,4774.1660044864875,4437.582872444768
1790548854.3744085,269.3018449000083,-132.20338983050848,64.40677966101691,1055012.0,1055108.0,4712.687340685071,3771.9417688753133
1790548854.488035,269.4154702000087,-125.42372881355932,64.40677966101691,1055662.0,1055502.0,5572.773758921816,3471.412225241995
1790548854.6062217,269.5336569999927,-118.64406779661017,64.40677966101691,1056315.0,1055860.0,5693.823865980193,3050.2627853465315
1790548854.72298,269.65041510004085,-111.86440677966102,64.40677966101691,1057005.0,1056199.0,6089.648526115265,2938.2322416720535
1790548854.8391995,269.7666343000019,-105.08474576271186,64.40677966101691,1057738.0,1056466.0,6366.464534825688,2212.459306428785
1790548854.9536128,269.8810480000102,-98.30508474576271,64.40677966101691,1058483.0,1056738.0,6553.613742966672,2434.463862147224
1790548855.069419,269.9968539000256,-91.52542372881356,64.40677966101691,1059266.0,1056979.0,6759.488493586487,2062.370817263619
1790548855.1844718,270.11190680001164,-84.74576271186442,64.40677966101691,1060037.0,1057205.0,6742.432649927969,1953.9294618158601
1790548855.2988548,270.2262911000289,-77.96610169491527,64.40677966101691,1060868.0,1057387.0,7315.816018480781,1616.4997515582534
1790548855.4112751,270.3387110000476,-71.18644067796612,64.40677966101691,1061658.0,1057545.0,7007.159975637229,1388.386750491951
1790548855.5254328,270.45286870002747,-64.40677966101697,64.40677966101691,1062489.0,1057696.0,7261.757952967078,1329.4885141164475
1790548855.639745,270.56718100002035,-57.62711864406779,64.40677966101691,1063217.0,1057817.0,6451.511820466704,1041.4583367324824
1790548855.7524357,270.67987190000713,-50.847457627118644,64.40677966101691,1064028.0,1057938.0,7163.6831953697265,1059.2216397822942
1790548855.8645244,270.79196040000534,-44.067796610169495,64.40677966101691,1064810.0,1058055.0,7021.992582583765,1075.2718335514421
1790548855.977287,270.90472310001496,-37.288135593220346,64.40677966101691,1065654.0,1058156.0,7517.588273173991,910.659642485848
1790548856.0897171,271.0171529999934,-30.508474576271198,64.40677966101691,1066471.0,1058258.0,7231.1498540642515,866.6197634381126
1790548856.2068248,271.1342604000238,-23.72881355932205,64.40677966101691,1067335.0,1058361.0,7482.1294984598235,883.9269932548002
1790548856.3206124,271.24804810003843,-16.9491525423729,64.40677966101691,1068209.0,1058476.0,7747.479998096509,993.7385270717613
1790548856.4340332,271.36146899999585,-10.169491525423723,64.40677966101691,1069041.0,1058595.0,7337.11602295198,1042.8856737026085
1790548856.5474157,271.4748518000124,-3.3898305084745743,64.40677966101691,1069778.0,1058718.0,6492.409053883275,1071.2936703420482
1790548856.6611896,271.58862560003763,3.3898305084745743,64.40677966101691,1070563.0,1058890.0,6874.8193859728235,1564.55059654
1790548856.7757378,271.70317380002234,10.169491525423723,64.40677966101691,1071368.0,1059085.0,7113.0062863822495,1718.824141182343
1790548856.8897028,271.8171389999916,16.94915254237287,64.40677966101691,1072112.0,1059308.0,6487.8694264813685,1927.0899286578324
1790548857.0028043,271.93024000001606,23.72881355932202,64.40677966101691,1072854.0,1059526.0,6389.450924319065,1963.1356463125244
1790548857.1186073,272.04604360001395,30.50847457627117,64.40677966101691,1073516.0,1059772.0,5672.299032987972,2187.238507120162
1790548857.233408,272.1608439999982,37.28813559322032,64.40677966101691,1074185.0,1060058.0,5697.586119071324,2476.0107690309956
1790548857.351492,272.2789280000143,44.06779661016947,64.40677966101691,1074798.0,1060391.0,5126.121338544598,2884.559568553842
1790548857.467827,272.3952629000414,50.847457627118644,64.40677966101691,1075390.0,1060750.0,4952.243621168863,3076.9454852115364
1790548857.5813959,272.50883180001983,57.627118644067764,64.40677966101691,1075989.0,1061118.0,5077.398010537366,3267.997992236777
1790548857.6949403,272.62237510003615,64.40677966101691,64.40677966101691,1076483.0,1061528.0,4355.327894403901,3612.4148207315943
1790548857.812003,272.73943820002023,71.18644067796606,64.40677966101691,1076964.0,1062001.0,4152.0887885986795,4022.336013954971
1790548857.9244258,272.85186070000054,77.96610169491527,64.40677966101691,1077390.0,1062515.0,3736.5603232065073,4560.663853136764
1790548858.0390575,272.9664913000306,84.74576271186442,64.40677966101691,1077790.0,1063047.0,3474.2465733958984,4656.773771200835
1790548858.1546714,273.0821060000453,91.52542372881356,64.40677966101691,1078166.0,1063607.0,3197.8914196367,4773.797565912999
1790548858.2701771,273.1976115000434,98.30508474576271,64.40677966101691,1078508.0,1064244.0,2918.352699196715,5599.589241583697
1790548858.3862064,273.31364090001443,105.08474576271186,64.40677966101691,1078800.0,1064921.0,2444.037914670569,5772.6716417405605
1790548858.4996567,273.4270914000226,111.86440677966101,64.40677966101691,1079039.0,1065630.0,2068.923096621391,6272.005603721604
1790548858.6137383,273.5411727000028,118.64406779661016,64.40677966101691,1079249.0,1066357.0,1804.2133904381728,6406.798570127389
1790548858.7278082,273.65524370002095,125.42372881355931,64.40677966101691,1079452.0,1067083.0,1847.0972871156794,6372.485640549094
1790548858.8405478,273.7679836000316,132.20338983050846,64.40677966101691,1079644.0,1067837.0,1682.0388915389108,6690.983435955888
1790548858.95404,273.88147530000424,138.9830508474576,64.40677966101691,1079795.0,1068611.0,1320.0722993747831,6748.061894006758
1790548859.0657244,273.9931600000127,145.76271186440675,64.40677966101691,1079925.0,1069371.0,1125.0703169963838,6787.924245878182
1790548859.1811628,274.10859840002377,152.5423728813559,64.40677966101691,1080048.0,1070197.0,1096.6243907076407,7051.022941905326
1790548859.2942154,274.22165120003046,159.32203389830505,64.40677966101691,1080152.0,1071064.0,917.4260913837437,7747.1536605738365
1790548859.407385,274.334820899996,166.1016949152542,64.40677966101691,1080262.0,1071904.0,953.1238863016681,7402.903971275092
1790548859.5207448,274.4481805000105,172.88135593220335,64.40677966101691,1080377.0,1072750.0,1061.953440726671,7535.252240286641
1790548859.6348116,274.56224739999743,179.66101694915255,64.40677966101691,1080462.0,1073563.0,706.7072946167492,7342.4134505636275
1790548859.749795,274.6772307000356,186.4406779661017,64.40677966101691,1080552.0,1074394.0,796.9616522013928,7245.938699900019
1790548859.8646865,274.7921224000165,193.22033898305085,64.40677966101691,1080652.0,1075269.0,856.3622654210519,7559.929246351437
1790548859.9781463,274.90558210003655,200.0,64.40677966101691,1080741.0,1076134.0,722.7877366725323,7533.672178394472
1790548860.0937076,275.0211413000361,-200.0,71.18644067796606,1080975.0,1076856.0,2048.2009969468554,6199.959774541832
1790548860.2119277,275.13936130004004,-193.22033898305085,71.18644067796606,1081236.0,1077587.0,2288.785139913206,6066.211021233375
1790548860.3286028,275.25603700004285,-186.4406779661017,71.18644067796606,1081548.0,1078293.0,2770.000705930179,6023.357239740792
1790548860.4430254,275.37046000000555,-179.66101694915255,71.18644067796606,1081878.0,1078938.0,2917.9498520190664,5622.164523794698
1790548860.5557754,275.4832107000402,-172.8813559322034,71.18644067796606,1082217.0,1079546.0,3018.1086513236005,5421.417392192394
1790548860.6692815,275.59671489999164,-166.10169491525426,71.18644067796606,1082627.0,1080119.0,3559.503181955387,5025.723404574316
1790548860.782639,275.7100733999978,-159.32203389830508,71.18644067796606,1083080.0,1080681.0,4007.7545400798263,4930.47012023774
1790548860.8974996,275.8249334000284,-152.54237288135593,71.18644067796606,1083548.0,1081184.0,4118.66148080205,4430.542305628931
1790548861.0114536,275.9388888000394,-145.76271186440678,71.18644067796606,1084109.0,1081668.0,4953.264006263457,4164.82310639006
1790548861.1252341,276.05266909999773,-138.98305084745763,71.18644067796606,1084684.0,1082116.0,5069.799451867738,3956.4678118024085
1790548861.2396631,276.16709800000535,-132.20338983050848,71.18644067796606,1085309.0,1082504.0,5443.38830259558,3396.380559798254
1790548861.3530846,276.2805188000202,-125.42372881355932,71.18644067796606,1085936.0,1082887.0,5558.884936500182,3481.228606412905
1790548861.465833,276.39326800004346,-118.64406779661017,71.18644067796606,1086622.0,1083210.0,6134.372684736257,2852.1092512874366
1790548861.579915,276.50734980002744,-111.86440677966102,71.18644067796606,1087311.0,1083512.0,6083.39480954473,2660.9117568144375
1790548861.6916854,276.6191200000467,-105.08474576271186,71.18644067796606,1088046.0,1083811.0,6499.218778379375,2682.217273616885
1790548861.8038065,276.73124069999903,-98.30508474576271,71.18644067796606,1088761.0,1084045.0,6350.3048881751565,2132.355691463823
1790548861.9175081,276.8449435000075,-91.52542372881356,71.18644067796606,1089601.0,1084262.0,7431.752509359351,1947.950036614687
1790548862.0306318,276.95806660002563,-84.74576271186442,71.18644067796606,1090359.0,1084453.0,6711.247867231573,1694.0115306253488
1790548862.145665,277.07309990003705,-77.96610169491527,71.18644067796606,1091196.0,1084609.0,7250.378211431267,1328.1746786310728
1790548862.2602718,277.18770710000535,-71.18644067796612,71.18644067796606,1092022.0,1084759.0,7218.052808738408,1288.2853747241968
1790548862.379008,277.30644280003617,-64.40677966101697,71.18644067796606,1092878.0,1084886.0,7210.713671108691,1090.0954992258492
1790548862.4976223,277.425057400018,-57.62711864406779,71.18644067796606,1093730.0,1085001.0,7193.068499049852,971.7908199473917
1790548862.616413,277.54384800000116,-50.847457627118644,71.18644067796606,1094636.0,1085144.0,7479.9116665275615,1185.730931642629
1790548862.7318997,277.65933460003,-44.067796610169495,71.18644067796606,1095512.0,1085282.0,7696.6846531533065,1172.828137623361
1790548862.846871,277.7743060000357,-37.288135593220346,71.18644067796606,1096363.0,1085390.0,7293.1688550633135,909.3497690822015
1790548862.9646604,277.8920953000197,-30.508474576271198,71.18644067796606,1097166.0,1085506.0,6823.77025194476,968.3599694404368
1790548863.0797746,278.00720819999697,-23.72881355932205,71.18644067796606,1098024.0,1085634.0,7267.361331569555,1154.282295357299
1790548863.1977072,278.1251405000221,-16.9491525423729,71.18644067796606,1098865.0,1085770.0,7352.709958104787,1128.3403960865207
1790548863.314107,278.2415405000211,-10.169491525423723,71.18644067796606,1099680.0,1085925.0,7106.369888314682,1337.5625782103177
1790548863.4279053,278.35533900000155,-3.3898305084745743,71.18644067796606,1100477.0,1086087.0,7076.977587002124,1448.6121005988703
1790548863.5422163,278.4696507000481,3.3898305084745743,71.18644067796606,1101259.0,1086267.0,6855.525332695089,1612.5227597065061
1790548863.65744,278.58487330004573,10.169491525423723,71.18644067796606,1102058.0,1086469.0,6950.381546423709,1744.4094861612446
1790548863.7721982,278.6996313999989,16.94915254237287,71.18644067796606,1102778.0,1086684.0,6166.448081587569,1868.3417321825023
1790548863.8853543,278.812787700037,23.72881355932202,71.18644067796606,1103450.0,1086913.0,5860.261187262929,2068.327477857504
1790548863.9993536,278.92678760003764,30.50847457627117,71.18644067796606,1104109.0,1087202.0,5752.2796085641185,2547.3057847908735
1790548864.113737,279.0411713999929,37.28813559322032,71.18644067796606,1104732.0,1087508.0,5434.902354755521,2708.270599075808
1790548864.2258508,279.1532855000114,44.06779661016947,71.18644067796606,1105308.0,1087842.0,5078.159704963791,2964.5978388094327
1790548864.3385532,279.2659878000268,50.847457627118644,71.18644067796606,1105850.0,1088233.0,4838.930736992848,3449.7194078754405
1790548864.4509826,279.37841740000295,57.627118644067764,71.18644067796606,1106389.0,1088625.0,4760.795642051563,3475.1013199319627
1790548864.5634418,279.4908763000276,64.40677966101691,71.18644067796606,1106860.0,1089084.0,4202.51069785953,4016.1465870897064
1790548864.6761205,279.6035549000371,71.18644067796606,71.18644067796606,1107305.0,1089554.0,3958.8024346258885,4219.005411549656
1790548864.7892423,279.71667700004764,77.96610169491527,71.18644067796606,1107704.0,1090044.0,3509.7694756075057,4306.181546589683
1790548864.909481,279.8369154999964,84.74576271186442,71.18644067796606,1108099.0,1090602.0,3251.456546804743,4617.244527169879
1790548865.0322955,279.9597294999985,91.52542372881356,71.18644067796606,1108452.0,1091256.0,2756.966092338811,5410.221861454846
1790548865.1461182,280.07355130004,98.30508474576271,71.18644067796606,1108786.0,1091895.0,2711.3436888946176,5626.269497774496
1790548865.2645578,280.19199190003565,105.08474576271186,71.18644067796606,1109056.0,1092602.0,2345.8108566878113,5969.495331804781
1790548865.3776562,280.30509000003804,111.86440677966101,71.18644067796606,1109305.0,1093346.0,2166.3256717158115,6517.492619179195
1790548865.491074,280.4185075000278,118.64406779661016,71.18644067796606,1109505.0,1094048.0,1742.626221799845,6047.93806389358
1790548865.6048124,280.5322461000178,125.42372881355931,71.18644067796606,1109681.0,1094773.0,1510.4515885225178,6428.629321882423
1790548865.7175403,280.6449743999983,132.20338983050846,71.18644067796606,1109839.0,1095515.0,1356.6793686464794,6578.965705491146
1790548865.8306742,280.75810730003286,138.9830508474576,71.18644067796606,1109973.0,1096332.0,1176.6079227791602,7244.940122939396
1790548865.9460804,280.87351430003764,145.76271186440675,71.18644067796606,1110099.0,1097166.0,1064.8346616315562,7224.352402620988
1790548866.0584853,280.9859185999958,152.5423728813559,71.18644067796606,1110219.0,1098027.0,1044.0729285393124,7728.004087134733
1790548866.170965,281.0983986000065,159.32203389830505,71.18644067796606,1110339.0,1098857.0,1033.8198803235707,7367.130858882382
1790548866.2866802,281.2141139000305,166.1016949152542,71.18644067796606,1110441.0,1099764.0,870.0853773789245,7694.817556194864
1790548866.4000776,281.32751150004333,172.88135593220335,71.18644067796606,1110546.0,1100575.0,942.6777961190724,7180.986741024698
1790548866.5131948,281.4406288000173,179.66101694915255,71.18644067796606,1110659.0,1101410.0,1009.5770892576347,7224.496602027111
1790548866.6252863,281.55272050003987,186.4406779661017,71.18644067796606,1110768.0,1102286.0,981.5542585533245,7871.130340018088
1790548866.7384493,281.66588350001257,193.22033898305085,71.18644067796606,1110906.0,1103124.0,1239.6594825589546,7419.454515017027
1790548866.8540978,281.78153209999437,200.0,71.18644067796606,1111032.0,1103988.0,1102.674346536276,7501.8008821730255
1790548866.9677944,281.8952272000024,-200.0,77.96610169491527,1111303.0,1104734.0,2443.2025346656847,6639.542765961708
1790548867.0854056,282.0128382000257,-193.22033898305085,77.96610169491527,1111611.0,1105449.0,2658.0992181413644,6082.2478637331915
1790548867.199176,282.12660920002963,-186.4406779661017,77.96610169491527,1111957.0,1106071.0,3107.543192239664,5456.697867325601
1790548867.3150387,282.2424708000035,-179.66101694915255,77.96610169491527,1112322.0,1106662.0,3171.282896990186,5061.331156514423
1790548867.4297807,282.3572138000163,-172.8813559322034,77.96610169491527,1112705.0,1107258.0,3316.1000813832025,5145.035502313214
1790548867.543114,282.47054830001434,-166.10169491525426,77.96610169491527,1113124.0,1107810.0,3745.993739933296,4805.654500112938
1790548867.655595,282.5830282000243,-159.32203389830508,77.96610169491527,1113603.0,1108294.0,4294.856328464797,4313.489110800871
1790548867.7683187,282.69575140002416,-152.54237288135593,77.96610169491527,1114096.0,1108754.0,4276.3430649740985,4080.6933822628653
1790548867.8810868,282.80852010002127,-145.76271186440678,77.96610169491527,1114629.0,1109186.0,4668.290476051928,3783.0856951638375
1790548867.9948032,282.92223710002145,-138.98305084745763,77.96610169491527,1115218.0,1109583.0,5197.84109498381,3452.917530237913
1790548868.107868,283.0353017000016,-132.20338983050848,77.96610169491527,1115867.0,1109973.0,5638.930661713844,3444.4699608498354
1790548868.2210042,283.14843820000533,-125.42372881355932,77.96610169491527,1116476.0,1110293.0,5469.477357186389,2804.148289725001
1790548868.335146,283.26257990003796,-118.64406779661017,77.96610169491527,1117185.0,1110584.0,6174.702676734371,2558.222569496506
1790548868.4479313,283.3753653000458,-111.86440677966102,77.96610169491527,1117913.0,1110858.0,6450.068118301867,2375.85242918745
1790548868.5663128,283.49374649999663,-105.08474576271186,77.96610169491527,1118584.0,1111107.0,5711.384124692582,2088.2248205907254
1790548868.6801322,283.6075644000084,-98.30508474576271,77.96610169491527,1119306.0,1111337.0,6175.623502227788,1993.0421302644224
1790548868.7999244,283.72735689999536,-91.52542372881356,77.96610169491527,1120107.0,1111532.0,7057.110870203843,1625.7218758584768
1790548868.9140565,283.8414890000131,-84.74576271186442,77.96610169491527,1120891.0,1111704.0,6999.134853081812,1550.206260563213
1790548869.0291433,283.95657630002825,-77.96610169491527,77.96610169491527,1121684.0,1111859.0,6838.84757474315,1358.6510515156392
1790548869.1414928,284.0689260000363,-71.18644067796612,77.96610169491527,1122493.0,1112005.0,7173.158360629034,1290.6073712735422
1790548869.2546906,284.18212280003354,-64.40677966101697,77.96610169491527,1123376.0,1112107.0,7849.991111200447,916.4494339726937
1790548869.3683655,284.2957984000095,-57.62711864406779,77.96610169491527,1124217.0,1112218.0,7450.622315883221,987.8768126387914
1790548869.4808078,284.40824130002875,-50.847457627118644,77.96610169491527,1125034.0,1112322.0,7282.041214620567,860.0100022401697
1790548869.594916,284.5223495000391,-44.067796610169495,77.96610169491527,1125915.0,1112421.0,7679.695232549693,871.6499965259509
1790548869.7083066,284.6357393999933,-37.288135593220346,77.96610169491527,1126797.0,1112528.0,7863.681419462402,941.4266488088791
1790548869.821718,284.74915150000015,-30.508474576271198,77.96610169491527,1127629.0,1112657.0,7304.844745400456,1154.3686386536751
1790548869.9364758,284.8639092000085,-23.72881355932205,77.96610169491527,1128469.0,1112789.0,7213.02434996469,1159.5621423360958
1790548870.0501213,284.97755509999115,-16.9491525423729,77.96610169491527,1129239.0,1112915.0,6753.500901432184,1105.6208842726633
1790548870.1709988,285.098432400031,-10.169491525423723,77.96610169491527,1130083.0,1113069.0,6914.729257570738,1266.0771880059096
1790548870.2850754,285.2125075000222,-3.3898305084745743,77.96610169491527,1130788.0,1113222.0,6170.666172616134,1380.5244139936997
1790548870.401632,285.32906509999884,3.3898305084745743,77.96610169491527,1131538.0,1113431.0,6446.785561791113,1753.973495827394
1790548870.5154657,285.44289790000767,10.169491525423723,77.96610169491527,1132225.0,1113707.0,6012.9743951575565,2366.5151907434793
1790548870.6296434,285.55707520002034,16.94915254237287,77.96610169491527,1132910.0,1113940.0,5954.9473606745605,2031.144836199075
1790548870.7446692,285.67210150003666,23.72881355932202,77.96610169491527,1133536.0,1114242.0,5524.7346977997995,2605.8331991289056
1790548870.8618329,285.78926520003006,30.50847457627117,77.96610169491527,1134175.0,1114573.0,5459.849077218931,2846.2819779600327
1790548870.9776323,285.9050644999952,37.28813559322032,77.96610169491527,1134777.0,1114918.0,5235.092935832576,2981.0945884602165
1790548871.090083,286.0175148000126,44.06779661016947,77.96610169491527,1135291.0,1115320.0,4553.295528233234,3637.026612900879
1790548871.202061,286.1294937999919,50.847457627118644,77.96610169491527,1135779.0,1115730.0,4380.661675403521,3714.6510138325366
1790548871.314086,286.2415187000297,57.627118644067764,77.96610169491527,1136235.0,1116173.0,3975.3955747582727,3919.2723431146264
1790548871.4279199,286.355353299994,64.40677966101691,77.96610169491527,1136656.0,1116673.0,3688.9336586795853,4406.481851639704
1790548871.5413039,286.46873690001667,71.18644067796606,77.96610169491527,1137056.0,1117152.0,3517.060512486889,4181.701869177325
1790548871.6554043,286.5828374000266,77.96610169491527,77.96610169491527,1137391.0,1117668.0,2919.265777143168,4498.239719497335
1790548871.7696671,286.6971000000485,84.74576271186442,77.96610169491527,1137683.0,1118243.0,2537.413101816257,5038.184859201954
1790548871.883639,286.8110723000136,91.52542372881356,77.96610169491527,1137929.0,1118845.0,2101.0250599365563,5229.423607331077
1790548872.0026257,286.9300591000356,98.30508474576271,77.96610169491527,1138189.0,1119501.0,2180.4417029697643,5552.622798250938
1790548872.1162603,287.04369200003566,105.08474576271186,77.96610169491527,1138436.0,1120174.0,2135.690640529935,5952.076959042124
1790548872.2347205,287.1621534000151,111.86440677966101,77.96610169491527,1138661.0,1120850.0,1865.6423490408806,5827.823377449484
1790548872.3484993,287.2759309000103,118.64406779661016,77.96610169491527,1138858.0,1121540.0,1717.557428774589,6173.922649378927
1790548872.4616742,287.38910150004085,125.42372881355931,77.96610169491527,1138995.0,1122264.0,1234.4945622246448,6404.52066116545
1790548872.5770555,287.5044864999945,132.20338983050846,77.96610169491527,1139146.0,1123022.0,1280.2891260218425,6575.199154355035
1790548872.691779,287.6192112000426,138.9830508474576,77.96610169491527,1139266.0,1123746.0,1031.1366440338,6297.298790349278
1790548872.8048882,287.73231950000627,145.76271186440675,77.96610169491527,1139374.0,1124512.0,944.37798815345,6758.783640706064
1790548872.9196103,287.8470425000414,152.5423728813559,77.96610169491527,1139480.0,1125313.0,923.8872418998019,7034.349396247007
1790548873.0347295,287.9621620000107,159.32203389830505,77.96610169491527,1139579.0,1126126.0,875.3780770817591,7003.024616654073
1790548873.1484613,288.0758940000087,166.1016949152542,77.96610169491527,1139688.0,1126919.0,984.7447393578813,6966.838950410432
1790548873.2605317,288.18796460004523,172.88135593220335,77.96610169491527,1139791.0,1127737.0,897.7374212171349,7256.710821505173
1790548873.3733208,288.30075370002305,179.66101694915255,77.96610169491527,1139882.0,1128554.0,780.0985709857536,7225.198669368051
1790548873.487897,288.4153300000471,186.4406779661017,77.96610169491527,1139984.0,1129362.0,907.1990364434034,7083.4833855631405
1790548873.6033785,288.5308112000348,193.22033898305085,77.96610169491527,1140111.0,1130169.0,1062.3722407231346,6951.211471628096
1790548873.7191684,288.646600600041,200.0,77.96610169491527,1140247.0,1130957.0,1166.1881952736248,6732.914658650068
1790548873.837482,288.7649132999941,-200.0,84.74576271186442,1140574.0,1131619.0,2820.585143598338,5467.173151714961
1790548873.955671,288.8831025999971,-193.22033898305085,84.74576271186442,1140867.0,1132256.0,2664.4014611831835,5328.802922366367
1790548874.0697613,288.99719270004425,-186.4406779661017,84.74576271186442,1141229.0,1132836.0,3221.702863930377,5044.266198382419
1790548874.184596,289.1120274999994,-179.66101694915255,84.74576271186442,1141634.0,1133359.0,3511.1332184798116,4590.07519707517
1790548874.2982817,289.22571319999406,-172.8813559322034,84.74576271186442,1142041.0,1133858.0,3527.998174429982,4423.85111401037
1790548874.4117694,289.3392007999937,-166.10169491525426,84.74576271186442,1142492.0,1134326.0,4028.033617947839,4093.4541175432796
1790548874.5254629,289.45289440004854,-159.32203389830508,84.74576271186442,1142996.0,1134813.0,4446.087026815416,4186.731950251184
1790548874.6385229,289.5659549999982,-152.54237288135593,84.74576271186442,1143496.0,1135231.0,4348.274486245311,3707.182735068118
1790548874.7529361,289.680368500005,-145.76271186440678,84.74576271186442,1144051.0,1135628.0,4894.614824046228,3439.9535959651994
1790548874.8678167,289.7952489000163,-138.98305084745763,84.74576271186442,1144656.0,1136039.0,5267.085908663537,3544.803492162831
1790548874.981119,289.9085513000027,-132.20338983050848,84.74576271186442,1145306.0,1136336.0,5784.98878660741,2596.776116672016
1790548875.094975,290.0224072000128,-125.42372881355932,84.74576271186442,1146004.0,1136623.0,6191.1359151164015,2548.2089873510304
1790548875.2098129,290.13724559999537,-118.64406779661017,84.74576271186442,1146690.0,1136902.0,6047.166073765969,2367.866233703542
1790548875.3265731,290.2540053999983,-111.86440677966102,84.74576271186442,1147460.0,1137156.0,6621.779681347347,2152.9830111484544
1790548875.4408545,290.36828620004235,-105.08474576271186,84.74576271186442,1148249.0,1137369.0,6855.163624200262,1757.734262615452
1790548875.5570967,290.4845276999986,-98.30508474576271,84.74576271186442,1149053.0,1137564.0,6793.089507045918,1689.0426355834281
1790548875.6728213,290.6002533000428,-91.52542372881356,84.74576271186442,1149886.0,1137726.0,7278.676756508553,1339.1307674677814
1790548875.7876565,290.71508759999415,-84.74576271186442,84.74576271186442,1150708.0,1137879.0,7174.091594882221,1349.1303126335054
1790548875.9014468,290.82887780002784,-77.96610169491527,84.74576271186442,1151597.0,1138013.0,7760.435988865248,1190.3641409793306
1790548876.0181687,290.94560060004005,-71.18644067796612,84.74576271186442,1152457.0,1138133.0,7357.399846463735,1042.0737267274642
1790548876.132323,291.05975430004764,-64.40677966101697,84.74576271186442,1153335.0,1138256.0,7748.478140522496,1113.4986401463443
1790548876.2463834,291.17381530004786,-57.62711864406779,84.74576271186442,1154136.0,1138378.0,6991.256771159641,1062.0799586305927
1790548876.35912,291.2865516000311,-50.847457627118644,84.74576271186442,1154905.0,1138481.0,6623.870086085794,938.3041776923776
1790548876.4708626,291.39829460001783,-44.067796610169495,84.74576271186442,1155742.0,1138595.0,7561.663679759793,1022.6071229451829
1790548876.5845766,291.51200859999517,-37.288135593220346,84.74576271186442,1156553.0,1138723.0,7023.4997271030825,1113.8184364082215
1790548876.6986828,291.62611470004776,-30.508474576271198,84.74576271186442,1157335.0,1138865.0,6716.6931825506545,1284.613450214606
1790548876.8119428,291.7393751000054,-23.72881355932205,84.74576271186442,1158144.0,1139006.0,7156.991477465359,1239.0657079849589
1790548876.9280035,291.85543580004014,-16.9491525423729,84.74576271186442,1158936.0,1139157.0,6891.961037297297,1304.129289580566
1790548877.0441227,291.9715548999957,-10.169491525423723,84.74576271186442,1159726.0,1139356.0,6750.225310455899,1726.1679797935676
1790548877.159926,292.0873569000396,-3.3898305084745743,84.74576271186442,1160432.0,1139573.0,6073.542395969129,1889.3417165002602
1790548877.2787206,292.20615139999427,3.3898305084745743,84.74576271186442,1161149.0,1139826.0,6016.241053383436,2154.6537726070915
1790548877.3924673,292.31989740004065,10.169491525423723,84.74576271186442,1161792.0,1140083.0,5652.038916918367,2268.2524600790816
1790548877.5088737,292.43630540004233,16.94915254237287,84.74576271186442,1162456.0,1140395.0,5626.853073985699,2696.200431284814
1790548877.6219428,292.54937470000004,23.72881355932202,84.74576271186442,1163074.0,1140707.0,5473.544993490212,2759.926240372391
1790548877.7371519,292.66458240000065,30.50847457627117,84.74576271186442,1163664.0,1141095.0,4989.398663552406,3326.265775701604
1790548877.851228,292.7786588000017,37.28813559322032,84.74576271186442,1164199.0,1141503.0,4690.535460235246,3637.9349829383605
1790548877.9642813,292.8917129000183,44.06779661016947,84.74576271186442,1164718.0,1141923.0,4673.643992718504,3809.5308886969915
1790548878.0794268,293.00685790000716,50.847457627118644,84.74576271186442,1165171.0,1142403.0,3879.9579517149455,4136.787319677164
1790548878.1945317,293.12196270003915,57.627118644067764,84.74576271186442,1165641.0,1142955.0,4112.393259185101,4832.74595868759
1790548878.3099165,293.23734789999435,64.40677966101691,84.74576271186442,1166048.0,1143555.0,3525.5603114478845,5237.975319865428
1790548878.425884,293.35331550001865,71.18644067796606,84.74576271186442,1166427.0,1144153.0,3267.127374594697,5162.4222604093
1790548878.539467,293.4668988000485,77.96610169491527,84.74576271186442,1166722.0,1144772.0,2615.318929702801,5415.466052317461
1790548878.6518977,293.57932930003153,84.74576271186442,84.74576271186442,1167009.0,1145405.0,2535.3338851787753,5620.6115175103
1790548878.7659905,293.69342240004335,91.52542372881356,84.74576271186442,1167232.0,1146060.0,1899.8843549399946,5690.4748795304195
1790548878.8810306,293.8084626000491,98.30508474576271,84.74576271186442,1167476.0,1146681.0,2105.415402346583,5345.92432595828
1790548878.997024,293.9244550000294,105.08474576271186,84.74576271186442,1167678.0,1147373.0,1664.6714867990513,5958.250403570375
1790548879.1141272,294.0415571000194,111.86440677966101,84.74576271186442,1167854.0,1148104.0,1491.0494825521573,6142.373654538761
1790548879.2300444,294.15747470001224,118.64406779661016,84.74576271186442,1168009.0,1148882.0,1351.4833895867382,6748.285303409457
1790548879.3446834,294.27211399999214,125.42372881355931,84.74576271186442,1168160.0,1149651.0,1306.74566010366,6625.752642779122
1790548879.4601545,294.3875852000201,132.20338983050846,84.74576271186442,1168275.0,1150480.0,1017.4631192737236,7140.41081918881
1790548879.5735588,294.50098850001814,138.9830508474576,84.74576271186442,1168370.0,1151331.0,786.8862172483297,7535.592715766357
1790548879.6865244,294.6139560000156,145.76271186440675,84.74576271186442,1168456.0,1152164.0,771.5640535622725,7297.322675257638
1790548879.798652,294.7260826000129,152.5423728813559,84.74576271186442,1168542.0,1152912.0,766.3938177532742,6710.6190383762305
1790548879.9116929,294.83912439999403,159.32203389830505,84.74576271186442,1168627.0,1153785.0,752.7978986055585,7760.3240164894
1790548880.0241365,294.9515680000186,166.1016949152542,84.74576271186442,1168725.0,1154593.0,866.6884114380648,7091.934205423305
1790548880.1378605,295.06529200001387,172.88135593220335,84.74576271186442,1168824.0,1155441.0,884.217274397994,7432.951462908137
1790548880.249607,295.17703880002955,179.66101694915255,84.74576271186442,1168940.0,1156302.0,1059.6041395749075,7689.162782755967
1790548880.3616912,295.28912259999197,186.4406779661017,84.74576271186442,1169063.0,1157140.0,1093.6306761867738,7477.816589311274
1790548880.4748302,295.4022617000155,193.22033898305085,84.74576271186442,1169198.0,1158029.0,1216.9294699187515,7980.7932678392535
1790548880.5889704,295.5164007000276,200.0,84.74576271186442,1169350.0,1158834.0,1291.0305646271931,7036.116577218202
1790548880.708063,295.6354932000395,-200.0,91.52542372881356,1169694.0,1159444.0,2900.6219312984417,5138.244564014382
1790548880.822147,295.7495772000402,-193.22033898305085,91.52542372881356,1170087.0,1160009.0,3449.6636582539136,4896.296805263619
1790548880.9349012,295.8623315000441,-186.4406779661017,91.52542372881356,1170454.0,1160555.0,3261.5877225738946,4845.7874735383575
1790548881.0483825,295.9758121999912,-179.66101694915255,91.52542372881356,1170899.0,1161048.0,3971.9978780560914,4397.8997484304045
1790548881.1641228,296.0915396999917,-172.8813559322034,91.52542372881356,1171388.0,1161574.0,4247.373585484576,4456.559008324288
1790548881.2792208,296.20665080001345,-166.10169491525426,91.52542372881356,1171898.0,1162059.0,4415.164080936238,4159.741365510175
1790548881.3940504,296.3214807000477,-159.32203389830508,91.52542372881356,1172457.0,1162525.0,4856.182635963628,4075.888639636769
1790548881.50607,296.43350099999225,-152.54237288135593,91.52542372881356,1173092.0,1162907.0,5653.891809649949,3319.2001668591743
1790548881.6188025,296.546233400004,-145.76271186440678,91.52542372881356,1173686.0,1163233.0,5289.957541258223,2900.6445568937884
1790548881.7325454,296.6599765000283,-138.98305084745763,91.52542372881356,1174327.0,1163516.0,5683.1736604656835,2523.808076122524
1790548881.845951,296.7733822000446,-132.20338983050848,91.52542372881356,1175019.0,1163804.0,6047.729977498128,2539.1232729953977
1790548881.9587486,296.8861796000274,-125.42372881355932,91.52542372881356,1175680.0,1164049.0,5940.0087021122945,2203.1018190932923
1790548882.0725536,296.99998490000144,-118.64406779661017,91.52542372881356,1176374.0,1164256.0,6097.723606839591,1784.2509498142997
1790548882.1871598,297.1145912000211,-111.86440677966102,91.52542372881356,1177096.0,1164449.0,6324.650001057928,1650.3095483810046
1790548882.3059094,297.23334000003524,-105.08474576271186,91.52542372881356,1177872.0,1164638.0,6587.966219310271,1589.280260453556
1790548882.420288,297.3477176000015,-98.30508474576271,91.52542372881356,1178669.0,1164793.0,6723.357073099503,1346.5286955793204
1790548882.5384252,297.46585470001446,-91.52542372881356,91.52542372881356,1179464.0,1164960.0,6648.289732715605,1407.4373807420222
1790548882.65553,297.5829598000273,-84.74576271186442,91.52542372881356,1180291.0,1165105.0,7432.22650831913,1196.6352114023252
1790548882.7707007,297.69813070003875,-77.96610169491527,91.52542372881356,1181136.0,1165221.0,7353.517386171333,1011.4503467968004
1790548882.884078,297.8115078000119,-71.18644067796612,91.52542372881356,1181934.0,1165323.0,7093.319449025696,892.4753173086066
1790548882.9998565,297.92728590004845,-64.40677966101697,91.52542372881356,1182673.0,1165420.0,6427.77530321293,832.0448827772072
1790548883.1135945,298.0410239000339,-57.62711864406779,91.52542372881356,1183470.0,1165528.0,7073.739789382834,957.4181318087146
1790548883.227719,298.155148299993,-50.847457627118644,91.52542372881356,1184232.0,1165634.0,6635.883287966748,929.5758836125402
1790548883.3428674,298.27029750001384,-44.067796610169495,91.52542372881356,1185105.0,1165746.0,7563.805316760944,960.3380390083423
1790548883.455504,298.3829349000007,-37.288135593220346,91.52542372881356,1185841.0,1165863.0,6498.2649530677545,1044.1975247397252
1790548883.5679286,298.49535939999623,-30.508474576271198,91.52542372881356,1186564.0,1165985.0,6552.511901882458,1109.1734229360065
1790548883.6803207,298.60775160003686,-23.72881355932205,91.52542372881356,1187269.0,1166127.0,6301.87862905472,1258.5112646780874
1790548883.7948394,298.722270200029,-16.9491525423729,91.52542372881356,1187917.0,1166299.0,5639.5702227339525,1471.5896367263636
1790548883.9091866,298.8366173999966,-10.169491525423723,91.52542372881356,1188645.0,1166506.0,6342.0535795854485,1821.1669009199197
1790548884.0233965,298.9508273000247,-3.3898305084745743,91.52542372881356,1189288.0,1166709.0,5581.124177988035,1752.7497418474818
1790548884.1440763,299.07150660001207,3.3898305084745743,91.52542372881356,1189894.0,1166948.0,4980.4807165296515,1995.6935032842894
1790548884.2576492,299.18507790000876,10.169491525423723,91.52542372881356,1190513.0,1167182.0,5027.000307168766,2079.816453615278
1790548884.372141,299.29956980003044,16.94915254237287,91.52542372881356,1191103.0,1167483.0,5194.141529971086,2611.058578800546
1790548884.4864862,299.413916599995,23.72881355932202,91.52542372881356,1191606.0,1167829.0,4383.241744364912,3011.741156276102
1790548884.5992403,299.52666970004793,30.50847457627117,91.52542372881356,1192083.0,1168207.0,4225.565320292528,3389.7392129819177
1790548884.7144437,299.64187350001885,37.28813559322032,91.52542372881356,1192565.0,1168633.0,4147.486440537197,3746.4108287050285
1790548884.8287714,299.7562009000103,44.06779661016947,91.52542372881356,1192989.0,1169064.0,3710.012902112944,3710.012902112944
1790548884.9429042,299.87033320002956,50.847457627118644,91.52542372881356,1193363.0,1169535.0,3286.0129063090135,4178.851146958801
1790548885.0570226,299.9844516000012,57.627118644067764,91.52542372881356,1193727.0,1170028.0,3130.6499887430386,4297.697025966775
1790548885.171779,300.0992081000004,64.40677966101691,91.52542372881356,1194054.0,1170534.0,2826.5745579079367,4418.237901195901
1790548885.286896,300.21432590001496,71.18644067796606,91.52542372881356,1194365.0,1171086.0,2678.7983211734963,4770.462763733624
1790548885.399621,300.3270516000339,77.96610169491527,91.52542372881356,1194601.0,1171693.0,2118.000495860641,5295.001239651602
1790548885.5127335,300.4401638000272,84.74576271186442,91.52542372881356,1194878.0,1172301.0,2462.2448078972834,5387.317587203831
1790548885.6258097,300.5532400000375,91.52542372881356,91.52542372881356,1195072.0,1172978.0,1704.3965089678761,5965.387781387567
1790548885.738146,300.66557620000094,98.30508474576271,91.52542372881356,1195271.0,1173663.0,1799.6344781600021,6144.86591247379
1790548885.8522484,300.7796788000269,105.08474576271186,91.52542372881356,1195458.0,1174413.0,1662.6463083089584,6604.655777205199
1790548885.9673572,300.8947871000273,111.86440677966101,91.52542372881356,1195617.0,1175149.0,1353.754458480459,6400.403732271558
1790548886.0804665,301.0078966000001,118.64406779661016,91.52542372881356,1195750.0,1175904.0,1151.8308066050233,6715.9167191567085
1790548886.2000086,301.1274384999997,125.42372881355931,91.52542372881356,1195886.0,1176713.0,1162.6926541948458,6860.774211394014
1790548886.3140526,301.2414825000451,132.20338983050846,91.52542372881356,1196003.0,1177531.0,980.094742148242,7271.369563176005
1790548886.4292064,301.35663500003284,138.9830508474576,91.52542372881356,1196095.0,1178336.0,803.4761890703974,6981.931022266901
1790548886.5435877,301.4710178000387,145.76271186440675,91.52542372881356,1196202.0,1179168.0,964.5741587829167,7299.229451559187
1790548886.6570678,301.5844969000318,152.5423728813559,91.52542372881356,1196288.0,1179919.0,775.4478443847624,6517.4545016147895
1790548886.770848,301.6982767000445,159.32203389830505,91.52542372881356,1196383.0,1180661.0,826.7656555377966,6511.940725078601
1790548886.885295,301.81272340001306,166.1016949152542,91.52542372881356,1196485.0,1181490.0,938.508378702107,7287.2415287457725
1790548887.0000358,301.9274643000099,172.88135593220335,91.52542372881356,1196595.0,1182268.0,966.6478857682613,6821.77222242173
1790548887.114477,302.0419064000016,179.66101694915255,91.52542372881356,1196706.0,1183032.0,979.1161904741423,6752.20693619432
1790548887.227517,302.1549470000318,186.4406779661017,91.52542372881356,1196840.0,1183811.0,1193.3051850098755,6833.536723533115
1790548887.3419745,302.26940410002135,193.22033898305085,91.52542372881356,1196986.0,1184538.0,1271.5663135417524,6394.423404069676
1790548887.4550493,302.3824795000255,200.0,91.52542372881356,1197192.0,1185234.0,1816.513591496916,6107.563555084018
1790548887.5697966,302.4972265000106,-200.0,98.30508474576271,1197536.0,1185823.0,3091.824451368641,5116.55904784014
1790548887.6829476,302.61037770000985,-193.22033898305085,98.30508474576271,1197890.0,1186364.0,3138.037550989781,4813.508927771935
1790548887.7946358,302.7220654000412,-186.4406779661017,98.30508474576271,1198278.0,1186808.0,3491.0237509133685,4044.707625386188
1790548887.909067,302.83649600000354,-179.66101694915255,98.30508474576271,1198722.0,1187252.0,3856.064788287129,3856.064788287129
1790548888.0262616,302.95368969999254,-172.8813559322034,98.30508474576271,1199213.0,1187701.0,4092.543329839518,3768.473156662181
1790548888.141711,303.0691394000314,-166.10169491525426,98.30508474576271,1199730.0,1188129.0,4598.061983426021,3757.853869988736
1790548888.2554407,303.1828701000195,-159.32203389830508,98.30508474576271,1200314.0,1188492.0,5043.2742500873455,3158.9739808239415
1790548888.36849,303.29591939999955,-152.54237288135593,98.30508474576271,1200914.0,1188804.0,5347.628273508546,2789.663969369276
1790548888.4819586,303.40938820003066,-145.76271186440678,98.30508474576271,1201550.0,1189112.0,5621.509057303403,2704.6012377502416
1790548888.595427,303.52285500004655,-138.98305084745763,98.30508474576271,1202219.0,1189393.0,5923.875435122205,2463.6678211489543
1790548888.709852,303.6372807000298,-132.20338983050848,98.30508474576271,1202942.0,1189630.0,6278.625516448741,2080.6002444536884
1790548888.8253043,303.75273310003104,-125.42372881355932,98.30508474576271,1203623.0,1189880.0,5854.1069017391665,2206.6882713720847
1790548888.93803,303.8654587000492,-118.64406779661017,98.30508474576271,1204339.0,1190073.0,6419.735142132438,1733.0489643492506
1790548889.0517738,303.97920320002595,-111.86440677966102,98.30508474576271,1205088.0,1190261.0,6611.588564568279,1615.9608921780011
1790548889.166185,304.093614500016,-105.08474576271186,98.30508474576271,1205798.0,1190441.0,6194.607672795464,1592.1148228455108
1790548889.2786522,304.2060818000464,-98.30508474576271,98.30508474576271,1206551.0,1190577.0,6659.774031463906,1210.8680057207102
1790548889.390695,304.3181247000466,-91.52542372881356,98.30508474576271,1207307.0,1190703.0,6755.468844505107,1149.2706332975492
1790548889.5038855,304.4313150999951,-84.74576271186442,98.30508474576271,1208099.0,1190826.0,7080.700495855482,1104.3294351334237
1790548889.6242113,304.5516405000235,-77.96610169491527,98.30508474576271,1208947.0,1190940.0,7164.56757628057,973.3990219916075
1790548889.7396946,304.66712410002947,-71.18644067796612,98.30508474576271,1209784.0,1191038.0,7112.579196736226,849.8146572723803
1790548889.853168,304.78059660003055,-64.40677966101697,98.30508474576271,1210543.0,1191143.0,6746.028789902287,931.7719323069457
1790548889.9669275,304.8943564000074,-57.62711864406779,98.30508474576271,1211243.0,1191255.0,6094.818757981207,978.8648308272849
1790548890.08208,305.00950830004876,-50.847457627118644,98.30508474576271,1212005.0,1191372.0,6566.932336093178,1034.955863289441
1790548890.1962047,305.12363280000864,-44.067796610169495,98.30508474576271,1212761.0,1191514.0,6587.784995774088,1251.3111165157486
1790548890.3092299,305.2366583000403,-37.288135593220346,98.30508474576271,1213530.0,1191629.0,6719.3121214554985,1013.0083281309119
1790548890.4240386,305.3514665000257,-30.508474576271198,98.30508474576271,1214275.0,1191787.0,6509.39765439872,1399.4744603516342
1790548890.5391066,305.46653490001336,-23.72881355932205,98.30508474576271,1214948.0,1191961.0,5793.907152862988,1446.1885152485816
1790548890.6539056,305.58133410004666,-16.9491525423729,98.30508474576271,1215647.0,1192161.0,6120.018223024405,1683.233711564261
1790548890.7663445,305.69377360004,-10.169491525423723,98.30508474576271,1216277.0,1192386.0,5560.014988205753,2018.425609163769
1790548890.8779788,305.8054080000147,-3.3898305084745743,98.30508474576271,1216871.0,1192620.0,5346.565302661877,2129.246181937274
1790548890.9914172,305.9188464000472,3.3898305084745743,98.30508474576271,1217462.0,1192888.0,5198.897057159681,2363.974505564615
1790548891.1055045,306.0329338000156,10.169491525423723,98.30508474576271,1218018.0,1193168.0,4853.707238727847,2422.248584033062
1790548891.2226307,306.1500600000145,16.94915254237287,98.30508474576271,1218580.0,1193495.0,4865.454560337189,2847.8532197202994
1790548891.3365107,306.26393930002814,23.72881355932202,98.30508474576271,1219045.0,1193852.0,4091.811045339252,3172.3029452630158
1790548891.453614,306.38104320003185,30.50847457627117,98.30508474576271,1219531.0,1194264.0,4162.840195263384,3602.9788240999787
1790548891.567685,306.49511250003707,37.28813559322032,98.30508474576271,1219996.0,1194713.0,3934.658803829498,3962.3676686451986
1790548891.6854765,306.6129055999918,44.06779661016947,98.30508474576271,1220419.0,1195212.0,3685.9909005276163,4301.877987704383
1790548891.7996101,306.7270380000118,50.847457627118644,98.30508474576271,1220796.0,1195750.0,3200.757174980625,4677.3242385103695
1790548891.9130738,306.8405017000041,57.627118644067764,98.30508474576271,1221156.0,1196269.0,3177.8267376569092,4549.017283351436
1790548892.0264573,306.9538857000298,64.40677966101691,98.30508474576271,1221487.0,1196817.0,2918.0878847280023,4798.633410441604
1790548892.1399372,307.0673651000252,71.18644067796606,98.30508474576271,1221774.0,1197466.0,2497.3186431606473,5721.4688317187965
1790548892.2546825,307.18211009999504,77.96610169491527,98.30508474576271,1222043.0,1198104.0,2305.361612989076,5470.659700664554
1790548892.3683832,307.2958118999959,84.74576271186442,98.30508474576271,1222247.0,1198800.0,1810.1462873774726,6163.780178557137
1790548892.483189,307.41061800002353,91.52542372881356,98.30508474576271,1222461.0,1199511.0,1851.3502545559893,6228.927211141579
1790548892.5952222,307.5226513000089,98.30508474576271,98.30508474576271,1222609.0,1200192.0,1346.296422616993,6002.238217500761
1790548892.7079275,307.6353565000463,105.08474576271186,98.30508474576271,1222788.0,1200931.0,1607.4272429033244,6504.040867238885
1790548892.8217394,307.74916830001166,111.86440677966101,98.30508474576271,1222924.0,1201739.0,1178.2401146646223,7087.850689779369
1790548892.936171,307.8636000000406,118.64406779661016,98.30508474576271,1223052.0,1202556.0,1097.8535135587488,7117.750279572555
1790548893.0538044,307.9812335000024,125.42372881355931,98.30508474576271,1223169.0,1203385.0,986.929465392255,6971.310860088928
1790548893.1734838,308.10091249999823,132.20338983050846,98.30508474576271,1223264.0,1204237.0,826.8148364158925,7159.864647261026
1790548893.2876766,308.21510339999804,138.9830508474576,98.30508474576271,1223350.0,1205004.0,715.0551614792779,6676.943650696115
1790548893.40643,308.3338578999974,145.76271186440675,98.30508474576271,1223455.0,1205815.0,912.8804636821318,6809.3430505269225
1790548893.5209408,308.448368100042,152.5423728813559,98.30508474576271,1223544.0,1206615.0,789.0067507398243,6981.792294337282
1790548893.6336248,308.56105230003595,159.32203389830505,98.30508474576271,1223659.0,1207374.0,1037.9118340592834,6825.906656425918
1790548893.7477925,308.6752193000284,166.1016949152542,98.30508474576271,1223783.0,1208159.0,1080.100033635824,6868.328419017548
1790548893.8601456,308.78757320001023,172.88135593220335,98.30508474576271,1223901.0,1208946.0,1081.392497630811,6898.538346955174
1790548893.9745858,308.90201350004645,179.66101694915255,98.30508474576271,1224047.0,1209683.0,1279.289046825942,6451.666344064643
1790548894.0893204,309.0167483999976,186.4406779661017,98.30508474576271,1224183.0,1210420.0,1202.2142765141903,6414.868544148237
1790548894.2034144,309.13084290002007,193.22033898305085,98.30508474576271,1224357.0,1211110.0,1547.394482731389,6060.62839069794
1790548894.3158028,309.2432314000325,200.0,98.30508474576271,1224549.0,1211869.0,1715.8192940454967,6742.05081301573
1790548894.4302468,309.3576754000387,-200.0,105.08474576271186,1224941.0,1212386.0,3485.305457660542,4491.5616265389135
1790548894.5438054,309.47123419999843,-193.22033898305085,105.08474576271186,1225359.0,1212897.0,3645.471426013494,4505.95072200145
1790548894.657923,309.5853515000199,-186.4406779661017,105.08474576271186,1225803.0,1213408.0,3887.792606828704,4374.915557566106
1790548894.770702,309.69813040003646,-179.66101694915255,105.08474576271186,1226323.0,1213881.0,4699.554240059157,4206.333696052949
1790548894.8897662,309.8171941000037,-172.8813559322034,105.08474576271186,1226860.0,1214317.0,4490.509138874112,3656.3038838263524
1790548895.0055249,309.93295220000437,-166.10169491525426,105.08474576271186,1227518.0,1214721.0,5537.446055058098,3543.9654752371825
1790548895.1206675,310.04809480003314,-159.32203389830508,105.08474576271186,1228139.0,1215110.0,5416.15166088659,3430.839312217013
1790548895.2354085,310.1628356000292,-152.54237288135593,105.08474576271186,1228755.0,1215427.0,5441.195692570611,2780.849587344435
1790548895.3506353,310.2780621999991,-145.76271186440678,105.08474576271186,1229405.0,1215707.0,5619.332697467112,2430.4756057337427
1790548895.4639657,310.39139280002564,-138.98305084745763,105.08474576271186,1230099.0,1215964.0,6085.249577057249,2299.4952318833843
1790548895.5794542,310.5068809000077,-132.20338983050848,105.08474576271186,1230816.0,1216217.0,6298.888169545098,2233.3250384060043
1790548895.695162,310.6225902000442,-125.42372881355932,105.08474576271186,1231609.0,1216415.0,6823.759086080219,1705.9397715200548
1790548895.8079653,310.735393400013,-118.64406779661017,105.08474576271186,1232355.0,1216594.0,6592.349532079679,1569.1648886217827
1790548895.919604,310.84703210002044,-111.86440677966102,105.08474576271186,1233136.0,1216769.0,7035.865089469875,1557.271473135999
1790548896.0326972,310.9601253000437,-105.08474576271186,105.08474576271186,1233941.0,1216907.0,7089.687792466784,1232.586243657624
1790548896.1478415,311.07526980002876,-98.30508474576271,105.08474576271186,1234759.0,1217075.0,7120.168993583846,1482.2318594561518
1790548896.2612464,311.1886744000367,-91.52542372881356,105.08474576271186,1235566.0,1217197.0,7154.152130940578,1033.8903724714125
1790548896.3763418,311.30376989999786,-84.74576271186442,105.08474576271186,1236432.0,1217327.0,7603.172593524239,1145.9327114641796
1790548896.4934626,311.4208905000123,-77.96610169491527,105.08474576271186,1237269.0,1217450.0,7189.273138089518,1070.7428078005664
1790548896.608632,311.5360603000154,-71.18644067796612,105.08474576271186,1238051.0,1217567.0,6788.164030366572,1025.1513025451559
1790548896.7216828,311.6491107000038,-64.40677966101697,105.08474576271186,1238871.0,1217680.0,7282.104602933347,1004.1046295281806
1790548896.83409,311.761518000043,-57.62711864406779,105.08474576271186,1239614.0,1217806.0,6560.986803030071,1093.4978005050118
1790548896.947567,311.87499390001176,-50.847457627118644,105.08474576271186,1240409.0,1217946.0,6980.151807937457,1227.989669914923
1790548897.0629785,311.9904053999926,-44.067796610169495,105.08474576271186,1241177.0,1218108.0,6712.410502459822,1409.7881136602607
1790548897.177429,312.1048559000483,-37.288135593220346,105.08474576271186,1241953.0,1218249.0,6792.634134619023,1224.1468020383875
1790548897.291545,312.21897190000163,-30.508474576271198,105.08474576271186,1242634.0,1218454.0,5982.044661999465,1785.410252965994
1790548897.4043095,312.33173670002725,-23.72881355932205,105.08474576271186,1243344.0,1218665.0,6291.153851721555,1912.660783533826
1790548897.5184069,312.44583420001436,-16.9491525423729,105.08474576271186,1243975.0,1218912.0,5504.349912645717,2161.103824763587
1790548897.631865,312.5592923000222,-10.169491525423723,105.08474576271186,1244602.0,1219195.0,5535.226704375253,2544.718317112113
1790548897.7452447,312.6726724000182,-3.3898305084745743,105.08474576271186,1245222.0,1219509.0,5460.814032434222,2684.128931196482
1790548897.8576128,312.78504099999554,3.3898305084745743,105.08474576271186,1245834.0,1219836.0,5397.7256828094505,2880.6515302040075
1790548897.9710963,312.8985236000153,10.169491525423723,105.08474576271186,1246418.0,1220194.0,5075.964109045131,3193.242875872028
1790548898.0848064,313.012234200025,16.94915254237287,105.08474576271186,1247009.0,1220596.0,5213.35613851362,3527.7657262380153
1790548898.19695,313.1243781000376,23.72881355932202,105.08474576271186,1247459.0,1220989.0,4007.948630574006,3512.794137752509
1790548898.3127112,313.2401394000044,30.50847457627117,105.08474576271186,1247916.0,1221450.0,3963.9354612681323,3954.8438661734804
1790548898.4276085,313.3550349000143,37.28813559322032,105.08474576271186,1248328.0,1221954.0,3472.1363346092426,4415.751222379036
1790548898.546614,313.474040400004,44.06779661016947,105.08474576271186,1248756.0,1222528.0,3536.257750146788,4850.782882400306
1790548898.6648161,313.592242200044,50.847457627118644,105.08474576271186,1249128.0,1223082.0,3307.55115778016,4756.927507818657
1790548898.7795763,313.7070028000162,57.627118644067764,105.08474576271186,1249436.0,1223695.0,2671.311576758707,5269.43653497608
1790548898.8936372,313.82106350001413,64.40677966101691,105.08474576271186,1249727.0,1224346.0,2512.5558503665784,5754.861377861685
1790548899.0074317,313.93485800002236,71.18644067796606,105.08474576271186,1249980.0,1224960.0,2163.0195753858206,5305.86853107462
1790548899.122848,314.0502744000405,77.96610169491527,105.08474576271186,1250188.0,1225699.0,1793.7007421220255,6419.0813360204465
1790548899.2362995,314.1637258999981,84.74576271186442,105.08474576271186,1250387.0,1226402.0,1750.275506420153,6167.637498813872
1790548899.3520703,314.27949700003956,91.52542372881356,105.08474576271186,1250577.0,1227110.0,1634.3226009440618,6089.906004635136
1790548899.4652128,314.39264010003535,98.30508474576271,105.08474576271186,1250738.0,1227869.0,1402.1351454341104,6741.391493941485
1790548899.5772467,314.5046742000268,105.08474576271186,105.08474576271186,1250902.0,1228701.0,1495.9632364104698,7545.264573645308
1790548899.6902711,314.61769859999185,111.86440677966101,105.08474576271186,1251020.0,1229521.0,1048.1324688895927,7299.825247930172
1790548899.803999,314.7314265000168,118.64406779661016,105.08474576271186,1251146.0,1230319.0,1114.56944939421,7111.137313490332
1790548899.9181342,314.8455610999954,125.42372881355931,105.08474576271186,1251241.0,1231173.0,853.323741824676,7496.4031943092505
1790548900.0322058,314.9596332000219,132.20338983050846,105.08474576271186,1251338.0,1232053.0,856.4356069750934,7873.682193158116
1790548900.1463063,315.07373400003416,138.9830508474576,105.08474576271186,1251434.0,1232868.0,862.694783253278,7094.287951646637
1790548900.2602074,315.1876350000384,145.76271186440675,105.08474576271186,1251530.0,1233732.0,842.4506238304973,7554.282516985558
1790548900.37462,315.30204580002464,152.5423728813559,105.08474576271186,1251647.0,1234589.0,1004.7379381560198,7475.618971050753
1790548900.4937036,315.4211306000361,159.32203389830505,105.08474576271186,1251754.0,1235456.0,940.7842189116976,7140.552221539785
1790548900.6081607,315.53558670001803,166.1016949152542,105.08474576271186,1251888.0,1236302.0,1171.9282890093264,7452.731462918686
1790548900.7230146,315.65044019999914,172.88135593220335,105.08474576271186,1252030.0,1237114.0,1243.0183045420536,7001.117803523625
1790548900.836303,315.76373050000984,179.66101694915255,105.08474576271186,1252193.0,1237896.0,1436.3608734970474,7005.7343249275345
1790548900.9497864,315.87721250002505,186.4406779661017,105.08474576271186,1252377.0,1238646.0,1662.0329807061623,6574.263790348819
1790548901.064594,315.9920199000044,193.22033898305085,105.08474576271186,1252580.0,1239302.0,1709.2017202710613,5730.852826791205
1790548901.1779773,316.10540320002474,200.0,105.08474576271186,1252817.0,1239988.0,2057.637960460107,6098.764765688065
1790548901.2927773,316.22020310000516,-200.0,111.86440677966101,1253230.0,1240454.0,3625.885880551871,3966.387854106235
1790548901.4068265,316.3342535000411,-193.22033898305085,111.86440677966101,1253690.0,1240933.0,4091.4073975398496,4239.178319347158
1790548901.5192575,316.44668490003096,-186.4406779661017,111.86440677966101,1254173.0,1241366.0,4297.514806378165,3868.6955415334896
1790548901.6329496,316.5603767000139,-179.66101694915255,111.86440677966101,1254703.0,1241784.0,4697.971121149265,3657.0481080318787
1790548901.7464302,316.6738571000169,-172.8813559322034,111.86440677966101,1255276.0,1242154.0,4968.150278132133,3278.240425161538
1790548901.8608148,316.788241900038,-166.10169491525426,111.86440677966101,1255916.0,1242477.0,5635.843966910447,2872.816567548507
1790548901.97405,316.9014775000396,-159.32203389830508,111.86440677966101,1256548.0,1242807.0,5597.487884015459,2960.65474857016
1790548902.09397,317.0213970000041,-152.54237288135593,111.86440677966101,1257270.0,1243125.0,6032.228833598715,2668.2705643509644
1790548902.208918,317.13634420000017,-145.76271186440678,111.86440677966101,1257961.0,1243394.0,5996.015551059862,2367.090624611958
1790548902.3256545,317.2530812000041,-138.98305084745763,111.86440677966101,1258718.0,1243629.0,6619.76285125698,1982.2409652092626
1790548902.4385393,317.36596490000375,-132.20338983050848,111.86440677966101,1259447.0,1243846.0,6460.392040955414,1967.8205641990628
1790548902.5529659,317.4803913999931,-125.42372881355932,111.86440677966101,1260273.0,1244053.0,7204.259622672571,1784.9634314156817
1790548902.6707149,317.5981408000225,-118.64406779661017,111.86440677966101,1261140.0,1244245.0,7226.033726694653,1607.770174048254
1790548902.7848048,317.7122314000153,-111.86440677966102,111.86440677966101,1261997.0,1244389.0,7519.220663016067,1265.5199395985271
1790548902.9002225,317.8276492000441,-105.08474576271186,111.86440677966101,1262851.0,1244537.0,7395.899988141204,1268.9044097301085
1790548903.0140572,317.94148320000386,-98.30508474576271,111.86440677966101,1263615.0,1244674.0,6772.468075224934,1251.4343182480857
1790548903.1295407,318.0569669000106,-91.52542372881356,111.86440677966101,1264442.0,1244805.0,7091.224972302225,1136.4142583817668
1790548903.2436059,318.1710324000451,-84.74576271186442,111.86440677966101,1265219.0,1244927.0,6757.202646950733,1096.7674172492248
1790548903.356986,318.2844130000449,-77.96610169491527,111.86440677966101,1266045.0,1245054.0,7326.041250497157,1046.5773214995938
1790548903.4707634,318.3981902000378,-71.18644067796612,111.86440677966101,1266804.0,1245177.0,6684.066751422384,1078.6700826433364
1790548903.5841694,318.51159619999817,-64.40677966101697,111.86440677966101,1267589.0,1245297.0,6858.330702600704,1043.057024756231
1790548903.6985776,318.62600400001975,-57.62711864406779,111.86440677966101,1268351.0,1245438.0,6668.959789313916,1234.9925535766513
1790548903.8133812,318.74080790003063,-50.847457627118644,111.86440677966101,1269105.0,1245601.0,6517.312353143414,1412.8439366954253
1790548903.926198,318.8536251000478,-44.067796610169495,111.86440677966101,1269830.0,1245763.0,6398.38043646504,1430.1169625770917
1790548904.0427163,318.97014260001015,-37.288135593220346,111.86440677966101,1270515.0,1245977.0,5912.008699354481,1844.1128053032326
1790548904.1560507,319.08347660000436,-30.508474576271198,111.86440677966101,1271248.0,1246176.0,6357.195999219874,1726.9915710068674
1790548904.2725778,319.2000029000337,-23.72881355932205,111.86440677966101,1271905.0,1246429.0,5795.453606275721,2207.7918500097985
1790548904.3866608,319.3140865000314,-16.9491525423729,111.86440677966101,1272582.0,1246694.0,5905.780515721526,2284.3113315526657
1790548904.502064,319.4294893000042,-10.169491525423723,111.86440677966101,1273179.0,1246973.0,5084.957337089741,2413.9779416148044
1790548904.6161656,319.5435910000233,-3.3898305084745743,111.86440677966101,1273768.0,1247294.0,5133.065930246025,2788.9040523538874
1790548904.7313106,319.65873570000986,3.3898305084745743,111.86440677966101,1274338.0,1247639.0,4948.004792445832,2963.3152546256
1790548904.845374,319.77279990003444,10.169491525423723,111.86440677966101,1274880.0,1248011.0,4691.594984505254,3279.471345604663
1790548904.958911,319.886336399999,16.94915254237287,111.86440677966101,1275372.0,1248451.0,4339.3300598353835,3867.462611964159
1790548905.0730076,320.00043350004125,23.72881355932202,111.86440677966101,1275837.0,1248947.0,4074.5560992218657,4387.275980426252
1790548905.187262,320.114688200003,30.50847457627117,111.86440677966101,1276261.0,1249439.0,3718.4658842767203,4319.710368052807
1790548905.3001957,320.22762240003794,37.28813559322032,111.86440677966101,1276620.0,1250009.0,3162.300188073865,5091.210566723025
1790548905.4140933,320.34151970001403,44.06779661016947,111.86440677966101,1276999.0,1250573.0,3279.4738109728246,4965.270741894248
1790548905.5272522,320.4546787000145,50.847457627118644,111.86440677966101,1277321.0,1251176.0,2787.318350169891,5352.392047834542
1790548905.6422377,320.5696642000112,57.627118644067764,111.86440677966101,1277572.0,1251788.0,2173.907111462229,5366.548936245669
1790548905.7581818,320.6856085000327,64.40677966101691,111.86440677966101,1277831.0,1252452.0,2123.314448316094,5686.473028966706
1790548905.8738897,320.8013160999981,71.18644067796606,111.86440677966101,1278041.0,1253173.0,1798.3904853423828,6262.736715287796
1790548905.9897635,320.917188499996,77.96610169491527,111.86440677966101,1278214.0,1253884.0,1490.035048288384,6088.118663558673
1790548906.1078684,321.0352939000004,84.74576271186442,111.86440677966101,1278399.0,1254644.0,1558.816078702362,6485.788327458042
1790548906.2240252,321.15145020000637,91.52542372881356,111.86440677966101,1278562.0,1255394.0,1436.4398251211333,6395.359476176255
1790548906.339533,321.26695730001666,98.30508474576271,111.86440677966101,1278695.0,1256101.0,1181.2157617179644,6069.63176021231
1790548906.455924,321.38334900001064,105.08474576271186,111.86440677966101,1278807.0,1256930.0,953.495983652026,7206.229261062426
1790548906.570102,321.4975269000279,111.86440677966101,111.86440677966101,1278935.0,1257748.0,1166.0771497153871,7172.2999288049605
1790548906.6889381,321.6163632000098,118.64406779661016,111.86440677966101,1279040.0,1258600.0,913.1140913190026,7233.991247731127
1790548906.8029878,321.73041250003735,125.42372881355931,111.86440677966101,1279139.0,1259406.0,860.9708050220287,7128.467955558732
1790548906.9170725,321.84449760004645,132.20338983050846,111.86440677966101,1279241.0,1260245.0,905.075998910531,7342.198154427267
1790548907.0308137,321.95823960000416,138.9830508474576,111.86440677966101,1279336.0,1261117.0,836.4335589371548,7769.538391905126
1790548907.1442313,322.07165719999466,145.76271186440675,111.86440677966101,1279416.0,1261983.0,710.6487484218047,7697.156573815391
1790548907.2559278,322.1833539000363,152.5423728813559,111.86440677966101,1279546.0,1262802.0,1173.4808354292638,7388.235339862646
1790548907.3693097,322.29673570004525,159.32203389830505,111.86440677966101,1279681.0,1263641.0,1181.8650200506145,7405.123016254631
1790548907.4813752,322.40880120004294,166.1016949152542,111.86440677966101,1279847.0,1264425.0,1506.0776310756044,6997.180546860572
1790548907.5945132,322.5219389999984,172.88135593220335,111.86440677966101,1280029.0,1265162.0,1658.5653314857539,6541.604044854426
1790548907.7092502,322.6366764000268,179.66101694915255,111.86440677966101,1280224.0,1266001.0,1741.0124810423968,7348.905314715801
1790548907.825601,322.75302699999884,186.4406779661017,111.86440677966101,1280486.0,1266845.0,2266.4054988683843,7327.134243329516
1790548907.940894,322.86831980000716,193.22033898305085,111.86440677966101,1280696.0,1267589.0,1836.844356445779,6387.831866445769
1790548908.056511,322.9839372000424,200.0,111.86440677966101,1280958.0,1268329.0,2313.672974230924,6404.246792671197
1790548908.171738,323.09916350001004,-200.0,118.64406779661016,1281479.0,1268848.0,4683.010095742561,4461.329144464807
1790548908.2869143,323.2143389999983,-193.22033898305085,118.64406779661016,1282062.0,1269369.0,5280.578459924148,4563.462866601115
1790548908.4016862,323.32911039999453,-186.4406779661017,118.64406779661016,1282653.0,1269787.0,5106.820730019714,3609.677242621848
1790548908.516831,323.4442556000431,-179.66101694915255,118.64406779661016,1283261.0,1270179.0,5342.8317010364,3415.0058295284202
1790548908.632526,323.5599516000366,-172.8813559322034,118.64406779661016,1283908.0,1270543.0,5511.255645769439,3184.483808565454
1790548908.7466483,323.67407300003106,-166.10169491525426,118.64406779661016,1284534.0,1270896.0,5540.999729411293,3054.8889236654973
1790548908.8608012,323.7882265000371,-159.32203389830508,118.64406779661016,1285267.0,1271221.0,6471.204978144119,2807.5640374593972
1790548908.9735045,323.9009298000019,-152.54237288135593,118.64406779661016,1286038.0,1271492.0,6815.450468302729,2396.129644806842
1790548909.0868928,324.0143185000052,-145.76271186440678,118.64406779661016,1286819.0,1271786.0,6901.944219858978,2584.7549494505433
1790548909.1993856,324.126810100046,-138.98305084745763,118.64406779661016,1287635.0,1272023.0,7371.868351779818,2106.2481005085197
1790548909.3123925,324.23981820000336,-132.20338983050848,118.64406779661016,1288439.0,1272240.0,7052.035871345073,1908.9610900093103
1790548909.4251242,324.352549800009,-125.42372881355932,118.64406779661016,1289242.0,1272410.0,7098.7092238568575,1533.098196251808
1790548909.5365512,324.46397690003505,-118.64406779661017,118.64406779661016,1290071.0,1272584.0,7431.677950737613,1589.8146502210843
1790548909.6534317,324.58085730002495,-111.86440677966102,118.64406779661016,1290925.0,1272719.0,7388.734745843485,1133.9592910795118
1790548909.768085,324.6955103999935,-105.08474576271186,118.64406779661016,1291825.0,1272843.0,7611.083814663538,1047.5669562204382
1790548909.88294,324.81036460003816,-98.30508474576271,118.64406779661016,1292687.0,1272974.0,7532.078918131631,1127.9474617499102
1790548909.9963248,324.92374940001173,-91.52542372881356,118.64406779661016,1293514.0,1273094.0,7275.078058546781,1033.973962226239
1790548910.1104698,325.037894100009,-84.74576271186442,118.64406779661016,1294331.0,1273226.0,7103.383675957607,1168.5618223401764
1790548910.2238925,325.15131700003985,-77.96610169491527,118.64406779661016,1295220.0,1273348.0,7774.12367116931,1057.577683190097
1790548910.339731,325.26715500000864,-71.18644067796612,118.64406779661016,1296091.0,1273477.0,7443.420494576216,1104.7412412874676
1790548910.4526675,325.38009260001127,-64.40677966101697,118.64406779661016,1296973.0,1273602.0,7819.778740358124,1097.1865533439461
1790548910.566202,325.49362610001117,-57.62711864406779,118.64406779661016,1297766.0,1273756.0,7004.972699525306,1319.777465127956
1790548910.6810074,325.60843210003804,-50.847457627118644,118.64406779661016,1298539.0,1273942.0,6789.034879594917,1619.065228738083
1790548910.7960305,325.7234554000315,-44.067796610169495,118.64406779661016,1299322.0,1274126.0,6721.827166046515,1611.7732714225976
1790548910.9087396,325.8361650000443,-37.288135593220346,118.64406779661016,1300081.0,1274335.0,6719.337100524387,1802.9756535293654
1790548911.0209694,325.9483945000102,-30.508474576271198,118.64406779661016,1300761.0,1274568.0,6040.220213290542,2100.540259645088
1790548911.135638,326.0630632000393,-23.72881355932205,118.64406779661016,1301462.0,1274862.0,6102.978381553977,2598.5695057890994
1790548911.2483983,326.17582360003144,-16.9491525423729,118.64406779661016,1302176.0,1275147.0,6298.627399656683,2517.5929576798835
1790548911.3672502,326.2946755000157,-10.169491525423723,118.64406779661016,1302767.0,1275463.0,5021.469433600839,2661.0251752004447
1790548911.4813368,326.40876080002636,-3.3898305084745743,118.64406779661016,1303341.0,1275831.0,5073.826026544529,3233.8671377976116
1790548911.6005085,326.527932099998,3.3898305084745743,118.64406779661016,1303896.0,1276260.0,4602.141197848655,3557.8802433167316
1790548911.7196696,326.6470932000084,10.169491525423723,118.64406779661016,1304405.0,1276687.0,4431.546371591749,3605.7923893075726
1790548911.8330452,326.76047000003746,16.94915254237287,118.64406779661016,1304862.0,1277131.0,4033.8021475290366,3968.740822568891
1790548911.9468684,326.874292100023,23.72881355932202,118.64406779661016,1305304.0,1277610.0,3947.1940863551254,4158.815214528011
1790548912.060589,326.9880126999924,30.50847457627117,118.64406779661016,1305698.0,1278175.0,3473.270635651288,4982.985605281048
1790548912.176394,327.1038178000017,37.28813559322032,118.64406779661016,1306022.0,1278740.0,2836.884591357637,4855.437089054417
1790548912.291804,327.21922900003847,44.06779661016947,118.64406779661016,1306348.0,1279321.0,2847.5047482715313,5112.772103925241
1790548912.4045918,327.33201640000334,50.847457627118644,118.64406779661016,1306603.0,1279951.0,2284.423758718366,5506.761337073135
1790548912.5179682,327.44539310003165,57.627118644067764,118.64406779661016,1306835.0,1280593.0,1992.7334742150933,5746.487227969106
1790548912.6313467,327.5587717000162,64.40677966101691,118.64406779661016,1307037.0,1281275.0,1783.2047983259606,5959.414999586759
1790548912.745135,327.6725598000339,71.18644067796606,118.64406779661016,1307235.0,1281968.0,1693.3569785661712,6147.622074359795
1790548912.8582232,327.78564800001914,77.96610169491527,118.64406779661016,1307398.0,1282700.0,1473.859844724633,6470.15202275342
1790548912.9720166,327.89944180002203,84.74576271186442,118.64406779661016,1307562.0,1283499.0,1482.8391308416662,7091.8393214166645
1790548913.0898292,328.01725330000045,91.52542372881356,118.64406779661016,1307727.0,1284378.0,1428.1646562544147,7372.900037913416
1790548913.2039013,328.13132550002774,98.30508474576271,118.64406779661016,1307862.0,1285201.0,1040.4208088331563,7227.702079062193
1790548913.318351,328.24577560002217,105.08474576271186,118.64406779661016,1307976.0,1286057.0,1006.7368244724686,7536.672007059949
1790548913.4317973,328.3592210999923,111.86440677966101,118.64406779661016,1308106.0,1286903.0,1153.4706545689164,7446.806545896924
1790548913.545221,328.47264450002695,118.64406779661016,118.64406779661016,1308224.0,1287779.0,1040.4116312599194,7673.035780541905
1790548913.6621003,328.58952410001075,125.42372881355931,118.64406779661016,1308355.0,1288633.0,1147.664683084465,7319.751128333989
1790548913.777176,328.70460040000034,132.20338983050846,118.64406779661016,1308459.0,1289523.0,908.8263563270357,7775.514381909084
1790548913.8898826,328.81730620004237,138.9830508474576,118.64406779661016,1308581.0,1290330.0,1097.1355466693103,7094.190017870202
1790548914.002988,328.9304120000452,145.76271186440675,118.64406779661016,1308699.0,1291121.0,1068.2222459247496,6966.666821248367
1790548914.1177526,329.04517640004633,152.5423728813559,118.64406779661016,1308816.0,1291965.0,1018.4523380832226,7395.248508964661
1790548914.2338874,329.1613110000035,159.32203389830505,118.64406779661016,1308962.0,1292768.0,1255.1640066638583,6953.066799504826
1790548914.3462653,329.27368939999724,166.1016949152542,118.64406779661016,1309131.0,1293531.0,1505.618481460561,6864.124008646285
1790548914.4615004,329.38892380002653,172.88135593220335,118.64406779661016,1309318.0,1294264.0,1571.7499302863623,6386.937577984467
1790548914.5761006,329.5035252000089,179.66101694915255,118.64406779661016,1309547.0,1294999.0,2004.052029136853,6396.494832724476
1790548914.6891997,329.6166229000082,186.4406779661017,118.64406779661016,1309794.0,1295727.0,2194.735043317086,6482.339790388018
1790548914.8019168,329.729341200029,193.22033898305085,118.64406779661016,1310047.0,1296455.0,2211.883577000856,6356.841876758762
1790548914.916907,329.8443316000048,200.0,118.64406779661016,1310348.0,1297110.0,2570.2418855838187,5577.971751692543
1790548915.0358737,329.9632982000476,-200.0,125.42372881355931,1310908.0,1297597.0,4743.942179565204,4018.1898311988857
1790548915.1511433,330.0785673999926,-193.22033898305085,125.42372881355931,1311477.0,1298037.0,5040.734461084266,3847.117922029704
1790548915.2689073,330.1963304000092,-186.4406779661017,125.42372881355931,1312121.0,1298436.0,5508.72260864135,3439.456248034955
1790548915.38433,330.31174880004255,-179.66101694915255,125.42372881355931,1312807.0,1298795.0,5911.844772373429,3107.1556245497554
1790548915.4983947,330.42581889999565,-172.8813559322034,125.42372881355931,1313489.0,1299131.0,6060.561128617367,2956.145259983089
1790548915.6118486,330.53927250002744,-166.10169491525426,125.42372881355931,1314167.0,1299432.0,5982.4183383484715,2612.69195949478
1790548915.725595,330.6530188000179,-159.32203389830508,125.42372881355931,1314894.0,1299695.0,6378.477961101582,2286.6241747345293
1790548915.8393285,330.7667523000273,-152.54237288135593,125.42372881355931,1315648.0,1299947.0,6629.046673497598,2271.233261393327
1790548915.9524248,330.8798488000175,-145.76271186440678,125.42372881355931,1316417.0,1300131.0,6815.862438275476,1592.8374176404645
1790548916.0658584,330.9932780000381,-138.98305084745763,125.42372881355931,1317242.0,1300350.0,7306.333546257892,1926.1310236015734
1790548916.1799338,331.1073579000076,-132.20338983050848,125.42372881355931,1318023.0,1300529.0,6815.549796948278,1551.5072708500145
1790548916.2944093,331.22183340002084,-125.42372881355932,125.42372881355931,1318856.0,1300714.0,7266.0186426477785,1628.905942558318
1790548916.407795,331.3352193000028,-118.64406779661017,125.42372881355931,1319715.0,1300855.0,7485.770105593192,1238.386659443812
1790548916.5205584,331.447982600017,-111.86440677966102,125.42372881355931,1320585.0,1300984.0,7762.625424509449,1124.8834447492734
1790548916.6339915,331.56141550000757,-105.08474576271186,125.42372881355931,1321409.0,1301124.0,7139.347502939773,1228.374149923661
1790548916.7497544,331.6771786000463,-98.30508474576271,125.42372881355931,1322294.0,1301264.0,7642.3661698675605,1192.4259272133784
1790548916.8650415,331.7924655000097,-91.52542372881356,125.42372881355931,1323092.0,1301358.0,6784.725146474701,803.5744453428987
1790548916.9817154,331.90913990000263,-84.74576271186442,125.42372881355931,1323896.0,1301479.0,6834.831820937262,1011.2300712615236
1790548917.1008673,332.0282908999943,-77.96610169491527,125.42372881355931,1324705.0,1301636.0,6854.421056941824,1317.1240462358799
1790548917.2149374,332.1423611000064,-71.18644067796612,125.42372881355931,1325527.0,1301766.0,6955.072847086068,1151.3781429227272
1790548917.3303502,332.25777409999864,-64.40677966101697,125.42372881355931,1326326.0,1301931.0,6966.836397508152,1395.1910586632816
1790548917.44175,332.36917360004736,-57.62711864406779,125.42372881355931,1327068.0,1302089.0,6759.772013664499,1440.4528107112371
1790548917.5545413,332.48196410003584,-50.847457627118644,125.42372881355931,1327826.0,1302253.0,6753.329755966485,1439.8433454949177
1790548917.6683533,332.5957761000027,-44.067796610169495,125.42372881355931,1328573.0,1302458.0,6574.1098751817,1826.6567636259447
1790548917.7830777,332.71050139999716,-37.288135593220346,125.42372881355931,1329295.0,1302677.0,6255.465493953746,1919.8124643705328
1790548917.895861,332.8232840000419,-30.508474576271198,125.42372881355931,1329894.0,1302954.0,5264.3551176285955,2516.1203472263655
1790548918.0095987,332.9370216000243,-23.72881355932205,125.42372881355931,1330497.0,1303253.0,5309.2769212136745,2631.5546479059085
1790548918.1240675,333.05149010004243,-16.9491525423729,125.42372881355931,1331066.0,1303595.0,5011.689328342602,2999.629892654412
1790548918.2363973,333.163820900023,-10.169491525423723,125.42372881355931,1331613.0,1303959.0,4818.285157746314,3181.003793463586
1790548918.3515277,333.27895110001555,-3.3898305084745743,125.42372881355931,1332103.0,1304319.0,4296.912061521577,3101.8048851748113
1790548918.4650357,333.3924593999982,3.3898305084745743,125.42372881355931,1332557.0,1304750.0,4003.305954134591,3763.476565177219
1790548918.5831058,333.5105297000264,10.169491525423723,125.42372881355931,1333040.0,1305242.0,4123.4376731568145,4114.589094459053
1790548918.6965327,333.6239566000295,16.94915254237287,125.42372881355931,1333462.0,1305753.0,3728.533245933168,4568.376130536926
1790548918.8102772,333.7377009000047,23.72881355932202,125.42372881355931,1333844.0,1306262.0,3370.4140610231802,4425.983299915056
1790548918.9291136,333.8565370000433,30.50847457627117,125.42372881355931,1334188.0,1306852.0,2866.724891919965,4958.89989068143
1790548919.0433095,333.9707319000154,37.28813559322032,125.42372881355931,1334482.0,1307468.0,2606.560684890175,5409.314109503266
1790548919.1607082,334.0881306999945,44.06779661016947,125.42372881355931,1334767.0,1308130.0,2521.483220718622,5650.3310128512185
1790548919.2744753,334.20189750002464,50.847457627118644,125.42372881355931,1335011.0,1308769.0,2125.4633269631186,5637.098388902184
1790548919.3892975,334.3167199000018,57.627118644067764,125.42372881355931,1335234.0,1309499.0,1923.342382427589,6202.549118450694
1790548919.501994,334.42941650003195,64.40677966101691,125.42372881355931,1335421.0,1310151.0,1668.4096421382724,5657.679624457716
1790548919.617121,334.54454319999786,71.18644067796606,125.42372881355931,1335579.0,1310874.0,1363.6521719298496,6324.051347674672
1790548919.7311914,334.65861330000916,77.96610169491527,125.42372881355931,1335744.0,1311633.0,1463.750090986595,6711.156077542313
1790548919.8449597,334.7723832000047,84.74576271186442,125.42372881355931,1335892.0,1312476.0,1264.9976088812339,7469.949383831519
1790548919.9594035,334.88682700000936,91.52542372881356,125.42372881355931,1336032.0,1313322.0,1217.5239231037485,7378.378060312943
1790548920.0717895,334.99921229999745,98.30508474576271,125.42372881355931,1336149.0,1314143.0,1062.376405309798,7268.891194224934
1790548920.1859028,335.11332609999226,105.08474576271186,125.42372881355931,1336266.0,1315000.0,1046.1114930854174,7506.308783718169
1790548920.298989,335.2264122000197,111.86440677966101,125.42372881355931,1336384.0,1315833.0,1037.1445929610572,7306.313248627447
1790548920.412111,335.33953440003097,118.64406779661016,125.42372881355931,1336481.0,1316677.0,879.8552959802437,7474.139198484807
1790548920.5254953,335.4529186,125.42372881355931,125.42372881355931,1336622.0,1317563.0,1256.0783565114862,7832.017987659856
1790548920.6392174,335.56664110004203,132.20338983050846,125.42372881355931,1336759.0,1318382.0,1233.1477475851527,7224.037178017499
1790548920.7543764,335.68179990001954,138.9830508474576,125.42372881355931,1336893.0,1319295.0,1215.223368012684,7958.342507812389
1790548920.8735237,335.80094720004126,145.76271186440675,125.42372881355931,1337033.0,1320171.0,1178.2131556665765,7423.6287552525655
1790548920.986308,335.91373020003084,152.5423728813559,125.42372881355931,1337195.0,1321010.0,1416.0123049595225,7527.223305311146
1790548921.1045153,336.031937199994,159.32203389830505,125.42372881355931,1337388.0,1321848.0,1638.6370249277445,7054.471259858426
1790548921.219997,336.14741930004675,166.1016949152542,125.42372881355931,1337596.0,1322628.0,1833.7621285342293,6729.907011720621
1790548921.3336575,336.2610797000234,172.88135593220335,125.42372881355931,1337836.0,1323405.0,2119.548089015185,6786.272390267916
1790548921.449439,336.3768607000238,179.66101694915255,125.42372881355931,1338091.0,1324107.0,2191.803744318528,6193.437136435343
1790548921.5621855,336.4896078000311,186.4406779661017,125.42372881355931,1338360.0,1324784.0,2404.6863431153133,5993.074878384288
1790548921.6745622,336.6019848000142,193.22033898305085,125.42372881355931,1338644.0,1325419.0,2525.065262035862,5491.312930449736
1790548921.7873147,336.71473750000587,200.0,125.42372881355931,1339037.0,1326071.0,3502.8092168653397,5751.29683087439
1790548921.9017324,336.8291553000454,-200.0,132.20338983050846,1339658.0,1326521.0,5497.063506337269,3942.1536958924507
1790548922.015152,336.94257499999367,-193.22033898305085,132.20338983050846,1340244.0,1326917.0,5146.181108761828,3473.903226022347
1790548922.126917,337.0543400000315,-186.4406779661017,132.20338983050846,1340871.0,1327279.0,5616.197149210718,3234.704535021198
1790548922.2413611,337.1687845000415,-179.66101694915255,132.20338983050846,1341516.0,1327613.0,5659.894300408041,2925.9550502917177
1790548922.354927,337.28235049999785,-172.8813559322034,132.20338983050846,1342222.0,1327880.0,6252.739061999339,2344.7771482497524
1790548922.4716203,337.399043500016,-166.10169491525426,132.20338983050846,1342968.0,1328143.0,6519.64064365052,2221.373404900316
1790548922.5868146,337.5142362000188,-159.32203389830508,132.20338983050846,1343709.0,1328380.0,6471.26701830345,2058.6198931264894
1790548922.7069852,337.63440640002955,-152.54237288135593,132.20338983050846,1344476.0,1328623.0,6292.915217327176,1989.193288785843
1790548922.8257098,337.75313150003785,-145.76271186440678,132.20338983050846,1345288.0,1328821.0,7053.807441350267,1698.822734566033
1790548922.9396255,337.86704480001936,-138.98305084745763,132.20338983050846,1346067.0,1328989.0,6753.418805005705,1443.196347371082
1790548923.0546792,337.9820944000385,-132.20338983050848,132.20338983050846,1346857.0,1329137.0,6885.787312293812,1273.7783499953698
1790548923.1687565,338.0961784000392,-125.42372881355932,132.20338983050846,1347667.0,1329293.0,7144.390729539134,1332.632467686056
1790548923.2824829,338.2099043999915,-118.64406779661017,132.20338983050846,1348414.0,1329422.0,6559.558188154751,1133.5213866216425
1790548923.39589,338.3233114000177,-111.86440677966102,132.20338983050846,1349255.0,1329538.0,7334.752742260394,1027.9767100895249
1790548923.509239,338.43666190002114,-105.08474576271186,132.20338983050846,1350083.0,1329655.0,7291.898812281163,1044.3640242653328
1790548923.6223269,338.549749400001,-98.30508474576271,132.20338983050846,1350833.0,1329775.0,6623.682211247749,1056.083597317823
1790548923.7344275,338.66185000003316,-91.52542372881356,132.20338983050846,1351608.0,1329903.0,6927.985415701376,1112.5914500249173
1790548923.8478193,338.77524200000335,-84.74576271186442,132.20338983050846,1352415.0,1330060.0,7079.639457231182,1389.9815688281117
1790548923.9612248,338.8886476000189,-77.96610169491527,132.20338983050846,1353222.0,1330199.0,7050.19219612648,1182.7321115389113
1790548924.075664,339.0030869000475,-71.18644067796612,132.20338983050846,1354019.0,1330374.0,7011.191361914265,1501.0905787910438
1790548924.1891065,339.116529299994,-64.40677966101697,132.20338983050846,1354730.0,1330560.0,6233.291316335181,1652.9765120355519
1790548924.308955,339.23637709999457,-57.62711864406779,132.20338983050846,1355497.0,1330789.0,6563.9637487740965,1908.2317223892394
1790548924.423769,339.3511905000196,-50.847457627118644,132.20338983050846,1356204.0,1331022.0,6096.138709484882,2016.5580792046028
1790548924.5431306,339.47055170004023,-44.067796610169495,132.20338983050846,1356891.0,1331269.0,5813.765409276531,2088.888684414143
1790548924.6601865,339.58760820003226,-37.288135593220346,132.20338983050846,1357562.0,1331560.0,5812.101108978526,2561.731768412336
1790548924.774221,339.70164210000075,-30.508474576271198,132.20338983050846,1358146.0,1331845.0,5127.201891310733,2494.063849480266
1790548924.8879576,339.8153789000353,-23.72881355932205,132.20338983050846,1358738.0,1332173.0,5141.986211259567,2861.7876579721114
1790548925.0025551,339.9299762000446,-16.9491525423729,132.20338983050846,1359277.0,1332506.0,4701.847551148034,2950.178855622296
1790548925.117135,340.0445563000394,-10.169491525423723,132.20338983050846,1359804.0,1332898.0,4623.294005784464,3430.4841522920724
1790548925.2322948,340.15971600002376,-3.3898305084745743,132.20338983050846,1360292.0,1333346.0,4275.608065158444,3856.2520502388534
1790548925.3464248,340.2738461000263,3.3898305084745743,132.20338983050846,1360714.0,1333769.0,3655.2440285290572,3636.7832001021425
1790548925.4597623,340.3871846999973,10.169491525423723,132.20338983050846,1361106.0,1334236.0,3476.326217610174,4180.861664379169
1790548925.5724683,340.49989070004085,16.94915254237287,132.20338983050846,1361451.0,1334746.0,3104.876980482727,4517.874887768279
1790548925.6862013,340.61362370004645,23.72881355932202,132.20338983050846,1361771.0,1335294.0,2799.271083674848,4852.6837536073845
1790548925.8022616,340.72968390001915,30.50847457627117,132.20338983050846,1362068.0,1335938.0,2588.6850108940084,5484.043507399154
1790548925.918221,340.84564340004,37.28813559322032,132.20338983050846,1362337.0,1336577.0,2318.0722360451887,5608.825763293652
1790548926.0400538,340.96747590001905,44.06779661016947,132.20338983050846,1362579.0,1337262.0,1957.8405889323813,5674.272503321724
1790548926.1538546,341.08127590001095,50.847457627118644,132.20338983050846,1362817.0,1337922.0,1925.8314177177338,5814.5294727246965
1790548926.2679822,341.1954030999914,57.627118644067764,132.20338983050846,1363024.0,1338679.0,1793.7087058784666,6675.555080640479
1790548926.3826962,341.31011780002154,64.40677966101691,132.20338983050846,1363204.0,1339462.0,1552.2656147619923,6938.99688503724
1790548926.4961858,341.42360650002956,71.18644067796606,132.20338983050846,1363369.0,1340304.0,1463.6026107592381,7392.119515100456
1790548926.6126735,341.54009419999784,77.96610169491527,132.20338983050846,1363504.0,1341111.0,1114.5453608075352,6859.437708384587
1790548926.7267077,341.6541298000375,84.74576271186442,132.20338983050846,1363614.0,1341868.0,981.6196352822226,6676.865632438514
1790548926.8401573,341.76757800002815,91.52542372881356,132.20338983050846,1363720.0,1342647.0,904.7768528713693,6905.847815793717
1790548926.9545913,341.88201190001564,98.30508474576271,132.20338983050846,1363831.0,1343480.0,941.5561335863875,7292.444564051433
1790548927.0686345,341.9960563000059,105.08474576271186,132.20338983050846,1363940.0,1344278.0,984.9187760796859,6949.66052280526
1790548927.1844177,342.1118394000223,111.86440677966101,132.20338983050846,1364055.0,1345106.0,988.050929360092,7215.4911905562685
1790548927.297914,342.22533630003454,118.64406779661016,132.20338983050846,1364162.0,1345917.0,990.3253542439072,7080.363513986813
1790548927.411984,342.33940400002757,125.42372881355931,132.20338983050846,1364257.0,1346734.0,853.7530249056307,7224.77022151324
1790548927.5254393,342.4528613000293,132.20338983050846,132.20338983050846,1364371.0,1347473.0,1014.4737737593655,6538.744596321729
1790548927.6391635,342.5665855000261,138.9830508474576,132.20338983050846,1364503.0,1348196.0,1168.683335786227,6248.314842510615
1790548927.7533193,342.68074120004894,145.76271186440675,132.20338983050846,1364649.0,1348962.0,1254.2099030892648,6713.711834183711
1790548927.868236,342.7956580000464,152.5423728813559,132.20338983050846,1364838.0,1349694.0,1685.41498985842,6336.42356842947
1790548927.984787,342.912209000031,159.32203389830505,132.20338983050846,1365058.0,1350425.0,1900.257398692393,6255.392776556777
1790548928.0975606,343.02498119999655,166.1016949152542,132.20338983050846,1365272.0,1351120.0,1880.3727437214175,6071.452291916417
1790548928.22049,343.147910700005,172.88135593220335,132.20338983050846,1365527.0,1351869.0,2150.3202500796797,6138.521055783018
1790548928.3338606,343.2612813000451,179.66101694915255,132.20338983050846,1365779.0,1352538.0,2253.3973226428275,5912.840082141303
1790548928.4486833,343.3761043000268,186.4406779661017,132.20338983050846,1366092.0,1353167.0,2743.484225360591,5560.128030064132
1790548928.561094,343.4885144000291,193.22033898305085,132.20338983050846,1366415.0,1353790.0,2878.725285114378,5495.748271581994
1790548928.675818,343.60323840001365,200.0,132.20338983050846,1366779.0,1354419.0,3176.137539610046,5514.511264424399
1790548928.79088,343.71830150001915,-200.0,138.9830508474576,1367360.0,1354824.0,5157.117097809354,3471.8449033466545
1790548928.9039788,343.8314002000261,-193.22033898305085,138.9830508474576,1367939.0,1355180.0,5106.021770759522,3150.7212378552404
1790548929.0185373,343.94595760002267,-186.4406779661017,138.9830508474576,1368577.0,1355501.0,5556.662418037941,2833.1666934075033
1790548929.1318622,344.05928310001036,-179.66101694915255,138.9830508474576,1369219.0,1355764.0,5580.5647506965815,2343.8371952925645
1790548929.244687,344.1721079000272,-172.8813559322034,138.9830508474576,1369913.0,1356042.0,6124.240995748488,2442.2391794309037
1790548929.358366,344.28578770003514,-166.10169491525426,138.9830508474576,1370608.0,1356298.0,6167.9890584167015,2216.043973083845
1790548929.4714162,344.39883790002204,-159.32203389830508,138.9830508474576,1371314.0,1356499.0,6196.4468162192225,1806.139206521298
1790548929.5852017,344.5126232000184,-152.54237288135593,138.9830508474576,1372059.0,1356678.0,6441.0756604774715,1536.6566218567682
1790548929.6994011,344.62682290002704,-145.76271186440678,138.9830508474576,1372837.0,1356845.0,6738.488414667781,1488.198401593296
1790548929.818474,344.7458953000023,-138.98305084745763,138.9830508474576,1373552.0,1357001.0,6141.52487072868,1295.7552472924672
1790548929.932959,344.86038000002736,-132.20338983050848,138.9830508474576,1374371.0,1357141.0,6902.566195483754,1224.6488411342143
1790548930.0514345,344.9788545000483,-125.42372881355932,138.9830508474576,1375205.0,1357263.0,7035.796693914844,987.9662024263625
1790548930.1706543,345.09807480004383,-118.64406779661017,138.9830508474576,1376007.0,1357399.0,7083.2372618258205,1125.2017525296226
1790548930.28548,345.2129005000461,-111.86440677966102,138.9830508474576,1376804.0,1357513.0,7008.249870842902,965.7037223602424
1790548930.3995063,345.3269271000172,-105.08474576271186,138.9830508474576,1377566.0,1357624.0,6690.196636070643,935.8862330237326
1790548930.5135698,345.4409897000296,-98.30508474576271,138.9830508474576,1378311.0,1357738.0,6469.352934909457,1003.0717921836854
1790548930.627664,345.55508419999387,-91.52542372881356,138.9830508474576,1379095.0,1357873.0,6863.753118905234,1188.4887950856044
1790548930.7422051,345.6696251000394,-84.74576271186442,138.9830508474576,1379879.0,1358027.0,6821.357450145437,1375.2736794648058
1790548930.8558965,345.78331660002004,-77.96610169491527,138.9830508474576,1380616.0,1358188.0,6433.385178209077,1375.9263097903806
1790548930.9695868,345.8970079999999,-71.18644067796612,138.9830508474576,1381292.0,1358372.0,5957.367415105595,1607.103767795928
1790548931.0833406,346.0107618000475,-64.40677966101697,138.9830508474576,1381979.0,1358584.0,6095.184619303004,1902.4364114794225
1790548931.1974645,346.1248859000043,-57.62711864406779,138.9830508474576,1382707.0,1358795.0,6347.377671675304,1843.6747283334334
1790548931.3126094,346.2400306999916,-50.847457627118644,138.9830508474576,1383387.0,1359034.0,5900.509587849393,2118.364767286454
1790548931.4283843,346.3558058000053,-44.067796610169495,138.9830508474576,1384027.0,1359315.0,5519.872908412505,2382.548108738182
1790548931.5434735,346.4708935000235,-37.288135593220346,138.9830508474576,1384658.0,1359623.0,5480.0485950042885,2653.11200759807
1790548931.658997,346.5864170000423,-30.508474576271198,138.9830508474576,1385203.0,1359950.0,4610.583393409577,2833.685128201018
1790548931.7730532,346.7004731000052,-23.72881355932205,138.9830508474576,1385726.0,1360287.0,4640.947235276594,2880.9073656108203
1790548931.8865032,346.8139243000187,-16.9491525423729,138.9830508474576,1386205.0,1360660.0,4230.674519893747,3267.895198079853
1790548931.9999785,346.92739840003196,-10.169491525423723,138.9830508474576,1386651.0,1361088.0,3931.782648892163,3765.650987671367
1790548932.1149538,347.0423744000145,-3.3898305084745743,138.9830508474576,1387103.0,1361541.0,3911.623030409186,3948.3518851548124
1790548932.2294676,347.1568877000245,3.3898305084745743,138.9830508474576,1387483.0,1362008.0,3283.435479596142,4051.704505462649
1790548932.3442113,347.2716314000427,10.169491525423723,138.9830508474576,1387853.0,1362580.0,3110.25487581584,4875.781908264244
1790548932.4580042,347.385424600041,16.94915254237287,138.9830508474576,1388174.0,1363151.0,2800.377725635776,5079.754944176524
1790548932.5717018,347.4991226000129,23.72881355932202,138.9830508474576,1388484.0,1363756.0,2705.7551322745453,5272.990377231281
1790548932.6864707,347.6138914000476,30.50847457627117,138.9830508474576,1388752.0,1364387.0,2327.113703033627,5539.443206829065
1790548932.800325,347.7277456000447,37.28813559322032,138.9830508474576,1388992.0,1365044.0,2096.817802598764,5766.2489571466
1790548932.9132252,347.84064639999997,44.06779661016947,138.9830508474576,1389219.0,1365698.0,1965.3887615087654,5784.9178640635355
1790548933.0274973,347.95491790003143,50.847457627118644,138.9830508474576,1389391.0,1366462.0,1463.3351709934218,6755.270537793533
1790548933.1413317,348.0687518999912,57.627118644067764,138.9830508474576,1389565.0,1367147.0,1486.5440067698325,5844.610908604373
1790548933.2570522,348.184471799992,64.40677966101691,138.9830508474576,1389726.0,1367927.0,1443.8767908393445,6731.841141705515
1790548933.3701053,348.29752510000253,71.18644067796606,138.9830508474576,1389852.0,1368680.0,1077.8265071330743,6652.791199200699
1790548933.4872856,348.41470500000287,77.96610169491527,138.9830508474576,1389986.0,1369455.0,1156.773541617744,6624.335984420362
1790548933.605152,348.5325720999972,84.74576271186442,138.9830508474576,1390109.0,1370261.0,1013.80115323514,6818.485632377933
1790548933.719467,348.6468872000114,91.52542372881356,138.9830508474576,1390203.0,1371112.0,799.0330779380546,7430.089195998692
1790548933.8347046,348.7621244000038,98.30508474576271,138.9830508474576,1390317.0,1371892.0,980.7974523056237,6810.584178159611
1790548933.9496517,348.8770721000037,105.08474576271186,138.9830508474576,1390426.0,1372677.0,946.4789146689845,6772.378253505259
1790548934.0628455,348.9902657000348,111.86440677966101,138.9830508474576,1390548.0,1373418.0,1055.5731485025042,6592.702471348974
1790548934.1765475,349.1039677000372,118.64406779661016,138.9830508474576,1390647.0,1374206.0,874.1427650861935,6947.1346067376435
1790548934.291349,349.21876900002826,125.42372881355931,138.9830508474576,1390771.0,1374959.0,1060.7983788419408,6556.831358876479
1790548934.40437,349.3317906000302,132.20338983050846,138.9830508474576,1390901.0,1375693.0,1161.9152078770571,6432.362590807388
1790548934.517864,349.44528470002115,138.9830508474576,138.9830508474576,1391070.0,1376454.0,1448.9235976322423,6644.745161116016
1790548934.6319895,349.55940970004303,145.76271186440675,138.9830508474576,1391251.0,1377246.0,1623.729569190475,6871.036425557434
1790548934.7470126,349.6744330000365,152.5423728813559,138.9830508474576,1391437.0,1377939.0,1591.712181634386,6075.792784752971
1790548934.8621678,349.7895883000456,159.32203389830505,138.9830508474576,1391669.0,1378647.0,2090.504159479519,6088.134920589476
1790548934.9799907,349.90741159999743,166.1016949152542,138.9830508474576,1391935.0,1379358.0,2268.28221768847,6103.4099833384535
1790548935.0985498,350.0259689000086,172.88135593220335,138.9830508474576,1392220.0,1380016.0,2435.4081583794227,5629.093582188337
1790548935.2153034,350.142722700024,179.66101694915255,138.9830508474576,1392519.0,1380686.0,2524.5612995031256,5751.930872860601
1790548935.329199,350.25661780004157,186.4406779661017,138.9830508474576,1392875.0,1381341.0,3157.11376658309,5719.94729475054
1790548935.4434679,350.3708878000034,193.22033898305085,138.9830508474576,1393250.0,1381962.0,3268.267345744098,5369.957678559707
1790548935.5565944,350.4840139000444,200.0,138.9830508474576,1393613.0,1382482.0,3260.466839754159,4612.819563061282
1790548935.67216,350.59957950003445,-200.0,145.76271186440675,1394211.0,1382835.0,5253.151662960558,3033.124090613748
1790548935.7870855,350.71450470003765,-193.22033898305085,145.76271186440675,1394858.0,1383115.0,5541.489251078382,2397.3164813317458
1790548935.9011757,350.82859580003424,-186.4406779661017,145.76271186440675,1395534.0,1383420.0,5999.576609460055,2662.369897572413
1790548936.0142424,350.9416624000296,-179.66101694915255,145.76271186440675,1396227.0,1383673.0,6103.592505685648,2213.5942471303033
1790548936.1283464,351.0557661000057,-172.8813559322034,145.76271186440675,1396953.0,1383889.0,6404.598098126279,1917.7091726481265
1790548936.2405353,351.16795540001476,-166.10169491525426,145.76271186440675,1397672.0,1384089.0,6330.295787558198,1755.303256727052
1790548936.354517,351.281937199994,-159.32203389830508,145.76271186440675,1398386.0,1384263.0,6360.86441106078,1507.0071206437603
1790548936.467251,351.3946712000179,-152.54237288135593,145.76271186440675,1399111.0,1384421.0,6447.513155766912,1449.296905330891
1790548936.581386,351.5088061999995,-145.76271186440678,145.76271186440675,1399833.0,1384554.0,6302.607737442409,1174.2849932934912
1790548936.7006845,351.62810460000765,-138.98305084745763,145.76271186440675,1400643.0,1384693.0,6750.737277947433,1194.9785934543672
1790548936.8148086,351.7422276000143,-132.20338983050848,145.76271186440675,1401447.0,1384832.0,7167.888599104087,1193.1066184315189
1790548936.9325893,351.86000800004695,-125.42372881355932,145.76271186440675,1402341.0,1384967.0,7586.207534505986,1174.937020588122
1790548937.0462482,351.97366670001065,-118.64406779661017,145.76271186440675,1403154.0,1385077.0,7144.189516526224,951.315053114458
1790548937.1610754,352.08849390002433,-111.86440677966102,145.76271186440675,1404024.0,1385202.0,7580.662267356057,1060.7440567108597
1790548937.2780042,352.20542320003733,-105.08474576271186,145.76271186440675,1404797.0,1385312.0,6497.73749243218,917.9629144433275
1790548937.3933177,352.3207368000294,-98.30508474576271,145.76271186440675,1405605.0,1385432.0,6912.4571628902295,997.9573917285232
1790548937.5073636,352.434782300028,-91.52542372881356,145.76271186440675,1406431.0,1385571.0,7254.769458531388,1224.4725101328359
1790548937.6235504,352.5509686000296,-84.74576271186442,145.76271186440675,1407243.0,1385733.0,7020.581054700331,1391.4665153460116
1790548937.7393222,352.6667416000273,-77.96610169491527,145.76271186440675,1407983.0,1385909.0,6267.465686349766,1523.783263830334
1790548937.853013,352.7804327000049,-71.18644067796612,145.76271186440675,1408708.0,1386112.0,6373.397989393168,1819.651310015151
1790548937.9664037,352.89382380002644,-64.40677966101697,145.76271186440675,1409375.0,1386302.0,5855.2945487480565,1686.1765947344086
1790548938.0791912,353.0066111999913,-57.62711864406779,145.76271186440675,1410007.0,1386512.0,5657.075336327905,1894.980900838904
1790548938.191561,353.11898090003524,-50.847457627118644,145.76271186440675,1410641.0,1386749.0,5667.01091292513,2087.8461258145217
1790548938.3043938,353.2318135999958,-44.067796610169495,145.76271186440675,1411211.0,1387045.0,5040.987030539121,2617.9711650313666
1790548938.41925,353.34666989999823,-37.288135593220346,145.76271186440675,1411754.0,1387365.0,4802.255226931967,2804.3704187808817
1790548938.5383778,353.4657977000461,-30.508474576271198,145.76271186440675,1412293.0,1387739.0,4540.325375297873,3092.0415471695883
1790548938.6537979,353.5812163000228,-23.72881355932205,145.76271186440675,1412793.0,1388121.0,4117.162146909995,3356.0831754322003
1790548938.7722602,353.6996788000106,-16.9491525423729,145.76271186440675,1413309.0,1388531.0,4478.267858400448,3521.2936065015974
1790548938.8863676,353.81378580001183,-10.169491525423723,145.76271186440675,1413734.0,1388982.0,3652.690754186787,3937.913457914219
1790548939.0016394,353.9290580000379,-3.3898305084745743,145.76271186440675,1414119.0,1389411.0,3353.103819957058,3728.7247396790235
1790548939.1171875,354.04460660001496,3.3898305084745743,145.76271186440675,1414465.0,1389895.0,2923.5264144416847,4105.767503667319
1790548939.2313306,354.15874970000004,10.169491525423723,145.76271186440675,1414772.0,1390437.0,2660.367404598231,4678.577159810682
1790548939.344071,354.2714900000137,16.94915254237287,145.76271186440675,1415047.0,1390936.0,2470.6218917183696,4439.6889633134615
1790548939.4588294,354.38624830002664,23.72881355932202,145.76271186440675,1415296.0,1391541.0,2058.413191955181,5269.537771405264
1790548939.571257,354.4986761000473,30.50847457627117,145.76271186440675,1415506.0,1392142.0,1855.102510873687,5416.153561897549
1790548939.6850252,354.6124446000322,37.28813559322032,145.76271186440675,1415702.0,1392730.0,1666.0499521538623,5200.653165563162
1790548939.7984397,354.7258593000006,44.06779661016947,145.76271186440675,1415869.0,1393333.0,1432.0333856079244,5395.532239967922
1790548939.913322,354.8407416000264,50.847457627118644,145.76271186440675,1416035.0,1393974.0,1403.020320268909,5530.086587033947
1790548940.0266526,354.95407209999394,57.627118644067764,145.76271186440675,1416184.0,1394675.0,1320.0649877894994,6120.301307024042
1790548940.14075,355.0681692000362,64.40677966101691,145.76271186440675,1416304.0,1395366.0,1083.6365373465528,6097.751362695857
1790548940.2553353,355.1827547000139,71.18644067796606,145.76271186440675,1416436.0,1396137.0,1143.084706441749,6729.450287923199
1790548940.3760948,355.3035144000314,77.96610169491527,145.76271186440675,1416541.0,1396928.0,899.3313207874721,6630.364247374305
1790548940.4912462,355.41866460000165,84.74576271186442,145.76271186440675,1416651.0,1397703.0,941.564496115476,6590.951472808332
1790548940.609654,355.53707200003555,91.52542372881356,145.76271186440675,1416746.0,1398541.0,824.4219428836203,7025.907002130409
1790548940.7268045,355.6542226000456,98.30508474576271,145.76271186440675,1416852.0,1399301.0,905.3464911358604,6542.761755528229
1790548940.840893,355.7683108000201,105.08474576271186,145.76271186440675,1416942.0,1400048.0,803.6186856272153,6641.4004019076765
1790548940.9546437,355.88206160004484,111.86440677966101,145.76271186440675,1417068.0,1400828.0,1111.5722075703245,6863.958381746753
1790548941.0691264,355.996544499998,118.64406779661016,145.76271186440675,1417199.0,1401593.0,1111.0682597490825,6675.591940806471
1790548941.183157,356.1105758000049,125.42372881355931,145.76271186440675,1417332.0,1402300.0,1191.5131009965705,6114.5866113157335
1790548941.2959638,356.22338179999497,132.20338983050846,145.76271186440675,1417471.0,1402987.0,1235.6713224279697,6159.775088494315
1790548941.4083862,356.33580470003653,138.9830508474576,145.76271186440675,1417638.0,1403720.0,1486.3063517143698,6487.400050879074
1790548941.5231419,356.45056070003193,145.76271186440675,145.76271186440675,1417807.0,1404371.0,1513.6725918778707,5669.391889578934
1790548941.6364908,356.5639100000262,152.5423728813559,145.76271186440675,1418017.0,1405085.0,1835.0715541404682,6348.606134273842
1790548941.7499511,356.67737049999414,159.32203389830505,145.76271186440675,1418251.0,1405730.0,2068.7355863100092,5744.435422700115
1790548941.8626735,356.7900927000446,166.1016949152542,145.76271186440675,1418515.0,1406397.0,2359.1762199082464,5925.804835832524
1790548941.9761257,356.90354490000755,172.88135593220335,145.76271186440675,1418820.0,1407008.0,2714.3430886829733,5410.221258395314
1790548942.0918694,357.0192885000142,179.66101694915255,145.76271186440675,1419127.0,1407591.0,2656.9042012875075,5042.6957289742495
1790548942.2096093,357.13702830002876,186.4406779661017,145.76271186440675,1419473.0,1408132.0,2948.5305590049243,4598.625642484744
1790548942.323499,357.2509168999968,193.22033898305085,145.76271186440675,1419843.0,1408672.0,3268.4927508999813,4633.459894031508
1790548942.4420538,357.36947239999427,200.0,145.76271186440675,1420251.0,1409204.0,3451.4710142184604,4493.424527944789
1790548942.556765,357.48418339999625,-200.0,152.5423728813559,1420844.0,1409479.0,5231.563336597953,2418.1039675312154
1790548942.6701987,357.59761660004733,-193.22033898305085,152.5423728813559,1421527.0,1409752.0,5974.24129659484,2398.9589082450593
1790548942.7837713,357.7111892999965,-186.4406779661017,152.5423728813559,1422210.0,1409973.0,5974.273630422986,1951.3494365623064
1790548942.898052,357.82546980003826,-179.66101694915255,152.5423728813559,1422891.0,1410205.0,5983.83994975418,2016.0937676864087
1790548943.0128543,357.94027210003696,-172.8813559322034,152.5423728813559,1423571.0,1410408.0,5899.2217836360915,1757.8024347495998
1790548943.126369,358.0537866000086,-166.10169491525426,152.5423728813559,1424355.0,1410599.0,6942.809306013041,1656.5952499602163
1790548943.2399592,358.16737800004194,-159.32203389830508,152.5423728813559,1425164.0,1410751.0,7215.2554293027,1357.509397781178
1790548943.3527546,358.28017280000495,-152.54237288135593,152.5423728813559,1425989.0,1410898.0,7230.852877846356,1329.0642179074923
1790548943.4659512,358.3933699000045,-145.76271186440678,152.5423728813559,1426760.0,1411047.0,6844.33377968181,1312.9946434491635
1790548943.5788572,358.50627610000083,-138.98305084745763,152.5423728813559,1427552.0,1411176.0,7034.514716915407,1172.419119485901
1790548943.691402,358.61882070003776,-132.20338983050848,152.5423728813559,1428341.0,1411299.0,7101.5654157843255,1116.8910221417027
1790548943.804413,358.731832200021,-125.42372881355932,152.5423728813559,1429150.0,1411419.0,7205.046321370666,1059.8390717887173
1790548943.917326,358.8447451000102,-118.64406779661017,152.5423728813559,1429916.0,1411538.0,6844.267599039096,1040.7037034155337
1790548944.031656,358.95907400001306,-111.86440677966102,152.5423728813559,1430661.0,1411657.0,6412.429458218652,1038.1153707431342
1790548944.1501114,359.07752900000196,-105.08474576271186,152.5423728813559,1431448.0,1411780.0,6566.889521339547,1057.380516147893
1790548944.2649362,359.19235359999584,-98.30508474576271,152.5423728813559,1432189.0,1411908.0,6413.046179571176,1085.7093962545177
1790548944.3805926,359.3080111000454,-91.52542372881356,152.5423728813559,1432884.0,1412055.0,5965.870852277233,1273.204145303068
1790548944.4936745,359.42109270003857,-84.74576271186442,152.5423728813559,1433520.0,1412217.0,5680.254489118673,1464.0786448299352
1790548944.608885,359.53630179999163,-77.96610169491527,152.5423728813559,1434232.0,1412440.0,6151.190261130388,1953.4799204476121
1790548944.7229743,359.65039130003424,-71.18644067796612,152.5423728813559,1434927.0,1412655.0,6091.607846251141,1932.3831536446219
1790548944.8370624,359.76448030001484,-64.40677966101697,152.5423728813559,1435551.0,1412891.0,5411.040184531815,2099.6685844251656
1790548944.9502199,359.8776383000077,-57.62711864406779,152.5423728813559,1436183.0,1413143.0,5632.511559908896,2245.58121498839
1790548945.0635781,359.99099620000925,-50.847457627118644,152.5423728813559,1436742.0,1413452.0,4929.399328946768,2696.344369781033
1790548945.177955,360.1053731000284,-44.067796610169495,152.5423728813559,1437271.0,1413737.0,4691.219523330477,2487.9070270500183
1790548945.2899847,360.2174031000468,-37.288135593220346,152.5423728813559,1437747.0,1414057.0,4220.388499673887,2872.858690465373
1790548945.4021068,360.3295255000121,-30.508474576271198,152.5423728813559,1438174.0,1414416.0,3845.1427247096144,3162.185501099391
1790548945.51457,360.4419886000105,-23.72881355932205,152.5423728813559,1438592.0,1414839.0,3689.4302969210935,3745.472276114832
1790548945.6277652,360.55518260004465,-16.9491525423729,152.5423728813559,1439051.0,1415255.0,4105.143931500527,3666.639920635698
1790548945.745432,360.6728491000249,-10.169491525423723,152.5423728813559,1439423.0,1415795.0,3206.0183669440385,4650.590596235684
1790548945.859865,360.78728210000554,-3.3898305084745743,152.5423728813559,1439776.0,1416278.0,3105.3661832285547,4279.120663198872
1790548945.973942,360.90135860000737,3.3898305084745743,152.5423728813559,1440101.0,1416833.0,2826.7752138775536,4949.1736531495535
1790548946.0857174,361.01313440001104,10.169491525423723,152.5423728813559,1440389.0,1417389.0,2606.283392255184,5034.439502305877
1790548946.1997988,361.12721540004713,16.94915254237287,152.5423728813559,1440633.0,1418004.0,2124.4346005739926,5292.613157082164
1790548946.3135946,361.2410118000116,23.72881355932202,152.5423728813559,1440838.0,1418595.0,1777.0488587361788,5173.803708507938
1790548946.4263418,361.3537599000265,30.50847457627117,152.5423728813559,1441039.0,1419169.0,1723.8439297393224,5069.032960963196
1790548946.5397334,361.46715100004803,37.28813559322032,152.5423728813559,1441231.0,1419863.0,1643.3171004899789,6130.1267119401455
1790548946.6525314,361.57994790002704,44.06779661016947,152.5423728813559,1441388.0,1420545.0,1396.9524081881655,6072.086467591225
1790548946.765515,361.69293290004134,50.847457627118644,152.5423728813559,1441528.0,1421242.0,1259.9475636685017,6170.037333847221
1790548946.87893,361.80634840001585,57.627118644067764,152.5423728813559,1441654.0,1422005.0,1117.2111454724252,6721.733172759715
1790548946.9924815,361.91989980003564,64.40677966101691,152.5423728813559,1441767.0,1422789.0,983.782439253261,6988.567705261373
1790548947.106952,362.0343686999986,71.18644067796606,152.5423728813559,1441887.0,1423567.0,1052.0904762819803,6783.2149128706615
1790548947.2260895,362.1535064000054,77.96610169491527,152.5423728813559,1442010.0,1424427.0,1011.76619097724,7138.056888637592
1790548947.3401802,362.26759740000125,84.74576271186442,152.5423728813559,1442101.0,1425154.0,791.1591227832824,6394.427262966059
1790548947.4562109,362.3836278000381,91.52542372881356,152.5423728813559,1442203.0,1425941.0,828.1859905987731,6752.901154113073
1790548947.5696595,362.497075900028,98.30508474576271,152.5423728813559,1442274.0,1426709.0,648.4285334425805,6762.183277329767
1790548947.6864853,362.6139022000134,105.08474576271186,152.5423728813559,1442380.0,1427437.0,924.8966000712697,6240.807155820704
1790548947.8002205,362.72763710003346,111.86440677966101,152.5423728813559,1442487.0,1428201.0,923.2050356452716,6702.468558784672
1790548947.9149618,362.8423800000455,118.64406779661016,152.5423728813559,1442646.0,1429027.0,1410.3687748248867,7280.799844063538
1790548948.0310795,362.958496700041,125.42372881355931,152.5423728813559,1442800.0,1429804.0,1317.071410380503,6675.567422476523
1790548948.144192,363.0716097000404,132.20338983050846,152.5423728813559,1442954.0,1430455.0,1343.0912774947296,5798.44923939104
1790548948.2572823,363.18469990004087,138.9830508474576,152.5423728813559,1443148.0,1431159.0,1731.401324216121,6296.004815331349
1790548948.369734,363.29715200001374,145.76271186440675,152.5423728813559,1443386.0,1431800.0,2143.810539725731,5564.586487896789
1790548948.4821656,363.4095826999983,152.5423728813559,152.5423728813559,1443613.0,1432460.0,2049.873420697475,5870.092068360951
1790548948.5948973,363.5223146000062,159.32203389830505,152.5423728813559,1443888.0,1433109.0,2430.4368918757605,5754.827583062146
1790548948.7072473,363.63466510002036,166.1016949152542,152.5423728813559,1444177.0,1433723.0,2571.6090633398567,5469.327971668463
1790548948.8209715,363.74838930001715,172.88135593220335,152.5423728813559,1444528.0,1434293.0,3111.45069141628,5007.7786276049
1790548948.9396977,363.8671148000285,179.66101694915255,152.5423728813559,1444902.0,1434900.0,3242.1936415416744,5169.744381855492
1790548949.0569828,363.9843986000051,186.4406779661017,152.5423728813559,1445317.0,1435466.0,3423.016990672755,4799.565378342763
1790548949.1770043,364.10442030004924,193.22033898305085,152.5423728813559,1445767.0,1435996.0,3783.1495041027024,4360.240106423454
1790548949.294015,364.2214312000433,200.0,152.5423728813559,1446263.0,1436491.0,4360.631627153202,4175.859100578914
1790548949.4074106,364.33482799999183,-200.0,159.32203389830505,1446909.0,1436743.0,5716.574998727887,2230.8585360889315
1790548949.5221303,364.4495476000011,-193.22033898305085,159.32203389830505,1447649.0,1436981.0,6515.295844013557,1985.701120998514
1790548949.6358588,364.5632759000291,-186.4406779661017,159.32203389830505,1448355.0,1437209.0,6272.214090802726,1943.3732351826359
1790548949.7510388,364.6784552000463,-179.66101694915255,159.32203389830505,1449075.0,1437413.0,6272.134270541804,1763.4696354856667
1790548949.8644981,364.7919147000066,-172.8813559322034,159.32203389830505,1449814.0,1437566.0,6533.427983407022,1362.289239093379
1790548949.9785135,364.9059310000157,-166.10169491525426,159.32203389830505,1450613.0,1437739.0,7030.938902943644,1515.2089094385776
1790548950.091444,365.01886130002094,-159.32203389830508,159.32203389830505,1451371.0,1437902.0,6698.924181915976,1465.9695578154074
1790548950.204054,365.13147090002894,-152.54237288135593,159.32203389830505,1452155.0,1438060.0,6893.187313071421,1371.1752841968862
1790548950.3174503,365.2448679000372,-145.76271186440678,159.32203389830505,1452904.0,1438186.0,6688.481214883058,1108.5880466657002
1790548950.4302104,365.35762800002703,-138.98305084745763,159.32203389830505,1453711.0,1438310.0,7097.410096847753,1077.6172398355227
1790548950.5446029,365.472020300047,-132.20338983050848,159.32203389830505,1454563.0,1438439.0,7523.022092751825,1125.7076854117695
1790548950.6597092,365.58712680003373,-125.42372881355932,159.32203389830505,1455429.0,1438557.0,7460.452736277094,1043.5479901050169
1790548950.778928,365.7063454000163,-118.64406779661017,159.32203389830505,1456177.0,1438689.0,6203.97904224803,1123.9733785527815
1790548950.8938093,365.8212256000261,-111.86440677966102,159.32203389830505,1457001.0,1438831.0,6718.185088389916,1239.9955948267889
1790548951.011877,365.93929260002915,-105.08474576271186,159.32203389830505,1457759.0,1438974.0,6461.15025104534,1240.3927416046927
1790548951.1263494,366.0537651000195,-98.30508474576271,159.32203389830505,1458459.0,1439145.0,5989.015536498566,1462.7549467024146
1790548951.2415879,366.16900400002487,-91.52542372881356,159.32203389830505,1459192.0,1439312.0,6421.570606298086,1458.6138948591367
1790548951.35597,366.28338590002386,-84.74576271186442,159.32203389830505,1459862.0,1439494.0,5900.054738121987,1667.205420505428
1790548951.4692857,366.3967027000035,-77.96610169491527,159.32203389830505,1460514.0,1439709.0,5798.081121531004,1923.357022601267
1790548951.5824037,366.5098194000311,-71.18644067796612,159.32203389830505,1461157.0,1439959.0,5665.334265655408,2221.6997120217284
1790548951.6961539,366.6235640000086,-64.40677966101697,159.32203389830505,1461750.0,1440230.0,5104.602820074924,2363.071106580797
1790548951.809279,366.7366948000272,-57.62711864406779,159.32203389830505,1462367.0,1440516.0,5459.522207401807,2515.479515355781
1790548951.9229922,366.850408600003,-50.847457627118644,159.32203389830505,1462952.0,1440866.0,5204.915669461131,3132.2438939435738
1790548952.0365024,366.96391920000315,-44.067796610169495,159.32203389830505,1463492.0,1441209.0,4770.075850259927,3053.2197562947786
1790548952.1511416,367.0785587000428,-37.288135593220346,159.32203389830505,1463986.0,1441587.0,4331.414567659014,3369.8954775867173
1790548952.264909,367.1923257000162,-30.508474576271198,159.32203389830505,1464397.0,1441991.0,3608.0614409383998,3516.0190572409915
1790548952.3786485,367.30606590001844,-23.72881355932205,159.32203389830505,1464812.0,1442450.0,3599.6026634808263,4041.4976196114644
1790548952.4924757,367.41989280004054,-16.9491525423729,159.32203389830505,1465180.0,1442916.0,3231.493714173087,4078.494915608768
1790548952.6106205,367.5380376999965,-10.169491525423723,159.32203389830505,1465520.0,1443434.0,2819.2939949582988,4367.668157268729
1790548952.7261283,367.653544300003,-3.3898305084745743,159.32203389830505,1465879.0,1443985.0,3001.613711145596,4754.849854352962
1790548952.8473125,367.7747273000423,3.3898305084745743,159.32203389830505,1466183.0,1444560.0,2481.4765617467233,4806.131184646999
1790548952.965429,367.89284470002167,10.169491525423723,159.32203389830505,1466420.0,1445163.0,2086.430377908122,5169.5038381205695
1790548953.080709,368.00812420004513,16.94915254237287,159.32203389830505,1466654.0,1445780.0,1976.0380350003404,5363.531809286638
1790548953.1947234,368.12213840003824,23.72881355932202,159.32203389830505,1466864.0,1446452.0,1832.1051447247892,5921.956023352854
1790548953.309696,368.23711220000405,30.50847457627117,159.32203389830505,1467061.0,1447182.0,1679.4753428696383,6451.7550056686105
1790548953.424177,368.3515924999956,37.28813559322032,159.32203389830505,1467220.0,1447935.0,1413.092948156367,6615.844257277537
1790548953.536899,368.464315899997,44.06779661016947,159.32203389830505,1467359.0,1448613.0,1239.6205081098594,6039.654806429991
1790548953.6501858,368.5776014000294,50.847457627118644,159.32203389830505,1467472.0,1449353.0,1016.802194087525,6562.995980019479
1790548953.765811,368.6932272000122,57.627118644067764,159.32203389830505,1467592.0,1450129.0,1043.5470348421195,6737.286119682456
1790548953.8808796,368.8082962000044,64.40677966101691,159.32203389830505,1467709.0,1450896.0,1033.9804401585359,6679.6966488117805
1790548953.9950066,368.9224233000423,71.18644067796606,159.32203389830505,1467804.0,1451675.0,834.8585556905043,6844.005302693585
1790548954.1088123,369.0362277000095,77.96610169491527,159.32203389830505,1467911.0,1452427.0,911.5006522234963,6583.060266058585
1790548954.223538,369.1509546000161,84.74576271186442,159.32203389830505,1468006.0,1453207.0,792.9339558870217,6753.609900141185
1790548954.337811,369.2652276000008,91.52542372881356,159.32203389830505,1468125.0,1454031.0,1071.2127593426765,7205.508047886208
1790548954.4518626,369.37927920004586,98.30508474576271,159.32203389830505,1468243.0,1454828.0,1020.2093359604023,7058.745675834135
1790548954.569324,369.4967409000383,105.08474576271186,159.32203389830505,1468373.0,1455591.0,1119.4467927617093,6443.644953457644
1790548954.6894448,369.61686110001756,111.86440677966101,159.32203389830505,1468516.0,1456373.0,1189.1119626504374,6623.7940438009555
1790548954.8052804,369.73269700002857,118.64406779661016,159.32203389830505,1468665.0,1457122.0,1136.894993095794,6372.113066141749
1790548954.9196122,369.8470275000436,125.42372881355931,159.32203389830505,1468831.0,1457870.0,1495.426487055857,6618.646859376849
1790548955.037456,369.9648709000321,132.20338983050846,159.32203389830505,1469036.0,1458598.0,1749.4783791020172,6095.550984029134
1790548955.1522317,370.07964720000746,138.9830508474576,159.32203389830505,1469289.0,1459329.0,2236.0388481378927,6430.9216458841875
1790548955.2656338,370.1930486999918,145.76271186440675,159.32203389830505,1469529.0,1460046.0,2084.2616018794183,6308.365115021706
1790548955.380737,370.3081524000154,152.5423728813559,159.32203389830505,1469829.0,1460697.0,2599.3095865404275,5663.758783303879
1790548955.494913,370.4223285000189,159.32203389830505,159.32203389830505,1470196.0,1461377.0,3144.3042573030552,5985.210735392658
1790548955.6099844,370.5373997000279,166.1016949152542,159.32203389830505,1470581.0,1462029.0,3431.9552747998787,5658.58577480409
1790548955.7236874,370.65110300004017,172.88135593220335,159.32203389830505,1470983.0,1462606.0,3500.0327832496414,4931.4446075337955
1790548955.8392727,370.7666873999988,179.66101694915255,159.32203389830505,1471418.0,1463217.0,3775.41221780867,5307.4635525716085
1790548955.9521844,370.87960060004843,186.4406779661017,159.32203389830505,1471870.0,1463757.0,4010.6290988379997,4691.50334119887
1790548956.06529,370.99270590004744,193.22033898305085,159.32203389830505,1472383.0,1464286.0,4574.175722881914,4777.883953455603
1790548956.1784582,371.1058742000023,200.0,159.32203389830505,1472911.0,1464735.0,4646.982100680472,3971.225739426141
1790548956.2928014,371.2202174999984,-200.0,166.1016949152542,1473605.0,1465004.0,6120.818926914136,2333.0475730390203
1790548956.408311,371.33572730002925,-193.22033898305085,166.1016949152542,1474366.0,1465246.0,6596.569782865817,2026.2190930841284
1790548956.5233328,371.4507491000113,-186.4406779661017,166.1016949152542,1475129.0,1465457.0,6616.45745101404,1789.4718487485961
1790548956.64358,371.57099590002326,-179.66101694915255,166.1016949152542,1475940.0,1465674.0,6847.552507247524,1789.0002045961999
1790548956.758077,371.68549220002024,-172.8813559322034,166.1016949152542,1476803.0,1465848.0,7225.487346677643,1536.347180672437
1790548956.8761966,371.80361210001865,-166.10169491525426,166.1016949152542,1477666.0,1466001.0,7404.948545184509,1322.3122402115196
1790548956.9899821,371.917397000012,-159.32203389830508,166.1016949152542,1478487.0,1466160.0,7302.727119140239,1384.8407937686927
1790548957.1040573,372.0314718000009,-152.54237288135593,166.1016949152542,1479332.0,1466305.0,7371.176948406792,1288.3455340536216
1790548957.2182863,372.1457014000043,-145.76271186440678,166.1016949152542,1480229.0,1466450.0,7812.205604897098,1277.5253871537607
1790548957.3345964,372.26201070001116,-138.98305084745763,166.1016949152542,1481085.0,1466590.0,7345.672854760547,1206.141345287843
1790548957.4496777,372.37709320004797,-132.20338983050848,166.1016949152542,1481912.0,1466735.0,7085.349162956791,1217.5083186992936
1790548957.5648303,372.49224610003876,-125.42372881355932,166.1016949152542,1482779.0,1466870.0,7452.462048513178,1167.5827934023096
1790548957.6765323,372.60394780000206,-118.64406779661017,166.1016949152542,1483595.0,1467004.0,7305.355414545324,1228.500076130215
1790548957.7887037,372.71611969999503,-111.86440677966102,166.1016949152542,1484406.0,1467166.0,7217.597440165181,1387.278469018762
1790548957.9013507,372.8287666999968,-105.08474576271186,166.1016949152542,1485237.0,1467363.0,7340.863234881309,1781.581801603977
1790548958.0143867,372.94180250004865,-98.30508474576271,166.1016949152542,1485998.0,1467563.0,6765.015786194512,1788.5589681308777
1790548958.1289182,373.0563327000127,-91.52542372881356,166.1016949152542,1486736.0,1467764.0,6502.753380331105,1774.309642453213
1790548958.243253,373.17066890001297,-84.74576271186442,166.1016949152542,1487378.0,1468019.0,5713.683999662851,2243.3534934573695
1790548958.356011,373.28342710004654,-77.96610169491527,166.1016949152542,1488057.0,1468274.0,6002.562702361035,2239.3461474752467
1790548958.4765365,373.4039528000285,-71.18644067796612,166.1016949152542,1488715.0,1468555.0,5435.966249101259,2371.0999794141194
1790548958.596822,373.52423760003876,-64.40677966101697,166.1016949152542,1489331.0,1468887.0,5134.342794117111,2838.7833878736246
1790548958.7108488,373.6382639000076,-57.62711864406779,166.1016949152542,1489940.0,1469238.0,4966.845837868578,3153.109998197468
1790548958.8270214,373.7544359000167,-50.847457627118644,166.1016949152542,1490477.0,1469585.0,4679.161760579858,3063.736867046336
1790548958.9424372,373.8698521000333,-44.067796610169495,166.1016949152542,1491001.0,1469959.0,4442.948256553402,3284.3149329758207
1790548959.0565805,373.9839952000184,-37.288135593220346,166.1016949152542,1491441.0,1470402.0,3855.6247950730653,3883.230700527049
1790548959.1703389,374.09775390004506,-30.508474576271198,166.1016949152542,1491856.0,1470876.0,3673.7285941623595,4116.791339186965
1790548959.2851353,374.2125495999935,-23.72881355932205,166.1016949152542,1492287.0,1471386.0,3740.5366257242345,4481.3274978114305
1790548959.4002638,374.3276780000306,-16.9491525423729,166.1016949152542,1492656.0,1471924.0,3247.062967737968,4668.799577905723
1790548959.5135887,374.4410042000236,-10.169491525423723,166.1016949152542,1492940.0,1472476.0,2529.2719220437957,4938.102323990268
1790548959.6259935,374.55340850003995,-3.3898305084745743,166.1016949152542,1493202.0,1473099.0,2320.5726692496937,5489.226113205099
1790548959.7377033,374.6651189000113,3.3898305084745743,166.1016949152542,1493462.0,1473749.0,2279.8363030796395,5751.191990896375
1790548959.8508015,374.7782169000129,10.169491525423723,166.1016949152542,1493678.0,1474346.0,1899.0836225007504,5271.11503025818
1790548959.964309,374.8917244000477,16.94915254237287,166.1016949152542,1493895.0,1475021.0,1925.139827270009,5960.5290805859895
1790548960.0770102,375.00442539999494,23.72881355932202,166.1016949152542,1494091.0,1475707.0,1635.4749376450825,6151.615958642299
1790548960.1895106,375.11692610004684,30.50847457627117,166.1016949152542,1494252.0,1476406.0,1472.1685136579465,6235.618226640347
1790548960.3067272,375.2341427000356,37.28813559322032,166.1016949152542,1494404.0,1477201.0,1332.2123547929727,6859.093340217873
1790548960.4206665,375.34808040002827,44.06779661016947,166.1016949152542,1494559.0,1477998.0,1333.9490967360327,6927.335654084362
1790548960.5374792,375.4648935000296,50.847457627118644,166.1016949152542,1494700.0,1478796.0,1208.0846142186572,6976.922772037982
1790548960.6501484,375.57756350003183,57.627118644067764,166.1016949152542,1494809.0,1479594.0,998.0319184130899,7070.170038851609
1790548960.7646317,375.692046900047,64.40677966101691,166.1016949152542,1494909.0,1480436.0,878.2667405875166,7437.821459350531
1790548960.878127,375.8055415000417,71.18644067796606,166.1016949152542,1495013.0,1481204.0,898.4967317734532,6632.202679894768
1790548960.9935727,375.9209865000448,77.96610169491527,166.1016949152542,1495123.0,1482066.0,950.7693464426497,7569.586719754942
1790548961.1072896,376.03470439999364,84.74576271186442,166.1016949152542,1495237.0,1482902.0,1000.2500621942654,7251.812950908425
1790548961.220356,376.14777040004265,91.52542372881356,166.1016949152542,1495356.0,1483766.0,1071.9582253336828,7624.885463677849
1790548961.3347783,376.2621927,98.30508474576271,166.1016949152542,1495482.0,1484611.0,1124.3047971630394,7335.628020834257
1790548961.4471877,376.37460270000156,105.08474576271186,166.1016949152542,1495639.0,1485391.0,1393.0493382343236,6899.801420247857
1790548961.5592072,376.48662239999976,111.86440677966101,166.1016949152542,1495819.0,1486224.0,1590.8888859414847,7383.59606475195
1790548961.673672,376.6010872000479,118.64406779661016,166.1016949152542,1496001.0,1487009.0,1591.6327682194074,6796.454866592067
1790548961.7891204,376.7165356000187,125.42372881355931,166.1016949152542,1496214.0,1487843.0,1872.8805088188776,7227.864099567999
1790548961.9039054,376.83132070000283,132.20338983050846,166.1016949152542,1496482.0,1488631.0,2375.030148703475,6876.540779385642
1790548962.0203483,376.9477634000359,138.9830508474576,166.1016949152542,1496768.0,1489396.0,2462.123118522243,6525.999195190927
1790548962.1336002,377.0610141000361,145.76271186440675,166.1016949152542,1497079.0,1490115.0,2751.6815839403935,6383.530677895391
1790548962.2533348,377.1807485000463,152.5423728813559,166.1016949152542,1497444.0,1490838.0,3120.641981973134,5907.921615723619
1790548962.369794,377.2972077000304,159.32203389830505,166.1016949152542,1497816.0,1491534.0,3256.6671227000993,5873.13472555317
1790548962.482986,377.4103998999926,166.1016949152542,166.1016949152542,1498219.0,1492164.0,3585.3842971759427,5503.797713327227
1790548962.5997117,377.52712500002235,172.88135593220335,166.1016949152542,1498680.0,1492750.0,4008.330120589976,5044.19071355143
1790548962.714109,377.6415226000245,179.66101694915255,166.1016949152542,1499127.0,1493292.0,3958.9922054956164,4769.204563829603
1790548962.8284824,377.7558972000261,186.4406779661017,166.1016949152542,1499608.0,1493837.0,4250.419961093958,4851.022781683321
1790548962.9416945,377.86910870001884,193.22033898305085,166.1016949152542,1500162.0,1494305.0,4933.129714431701,4183.442084283544
1790548963.0557296,377.9831434999942,200.0,166.1016949152542,1500749.0,1494767.0,5154.378228542073,4003.8473739567885
1790548963.1713483,378.09876190003706,-200.0,172.88135593220335,1501577.0,1494998.0,7191.739409538276,1991.138976850673
1790548963.2866588,378.2140736000147,-193.22033898305085,172.88135593220335,1502428.0,1495233.0,7412.5584171854825,1990.7489808530318
1790548963.4000468,378.3274609000073,-186.4406779661017,172.88135593220335,1503309.0,1495443.0,7753.848540774846,1864.6159586149035
1790548963.5134225,378.44083740003407,-179.66101694915255,172.88135593220335,1504183.0,1495615.0,7774.405586133067,1495.7882481633692
1790548963.6282482,378.55566330003785,-172.8813559322034,172.88135593220335,1505101.0,1495767.0,8048.7262394890395,1330.819967118233
1790548963.7428684,378.6702833000454,-166.10169491525426,172.88135593220335,1505971.0,1495907.0,7475.717607543132,1223.1332837738457
1790548963.8598104,378.78722540003946,-159.32203389830508,172.88135593220335,1506850.0,1496054.0,7414.376637765851,1232.7080962544692
1790548963.9786277,378.9060422000475,-152.54237288135593,172.88135593220335,1507768.0,1496191.0,7861.369549867199,1182.762613271875
1790548964.0948722,379.0222865000251,-145.76271186440678,172.88135593220335,1508725.0,1496326.0,7972.335443949787,1137.5838278489834
1790548964.2102764,379.1376897000009,-138.98305084745763,172.88135593220335,1509588.0,1496488.0,7497.3939172150285,1394.2198048023022
1790548964.3263905,379.25380390003556,-132.20338983050848,172.88135593220335,1510494.0,1496639.0,7915.11317427294,1306.9140357520437
1790548964.4414666,379.3688806000282,-125.42372881355932,172.88135593220335,1511357.0,1496789.0,7551.321527185865,1272.2832633682851
1790548964.5552979,379.4827111000195,-118.64406779661017,172.88135593220335,1512157.0,1496938.0,7013.3733926870445,1291.9372039160346
1790548964.668763,379.59617600002093,-111.86440677966102,172.88135593220335,1513012.0,1497105.0,7525.624612267766,1453.2879017540458
1790548964.7854996,379.7129137000302,-105.08474576271186,172.88135593220335,1513775.0,1497297.0,6499.088412621648,1690.3053312381755
1790548964.8992398,379.8266537000309,-98.30508474576271,172.88135593220335,1514508.0,1497554.0,6360.062880388204,2323.691096037029
1790548965.0119302,379.9393445000169,-91.52542372881356,172.88135593220335,1515237.0,1497793.0,6415.307220839732,2079.380102103576
1790548965.1274302,380.05484420002904,-84.74576271186442,172.88135593220335,1515936.0,1498057.0,6033.155177804844,2255.6390980081173
1790548965.2416036,380.169017600012,-77.96610169491527,172.88135593220335,1516573.0,1498350.0,5546.184591890441,2520.9929963138366
1790548965.3539147,380.28132880001795,-71.18644067796612,172.88135593220335,1517165.0,1498636.0,5282.679241521627,2552.82912200516
1790548965.4657454,380.3931598000345,-64.40677966101697,172.88135593220335,1517741.0,1498962.0,5190.629133960343,2876.395567014125
1790548965.5804043,380.50781880004797,-57.62711864406779,172.88135593220335,1518305.0,1499360.0,4913.306124259162,3363.654842025289
1790548965.6986387,380.62605320004513,-50.847457627118644,172.88135593220335,1518809.0,1499776.0,4198.717775986224,3480.9882416296045
1790548965.8127859,380.7401981000439,-44.067796610169495,172.88135593220335,1519319.0,1500225.0,4448.994788099369,3853.313477558868
1790548965.9339554,380.8613682000432,-37.288135593220346,172.88135593220335,1519791.0,1500766.0,3928.302964397623,4616.673810962627
1790548966.0482807,380.9756952000316,-30.508474576271198,172.88135593220335,1520192.0,1501299.0,3479.5773796793806,4617.843384202157
1790548966.162768,381.09018070000457,-23.72881355932205,172.88135593220335,1520504.0,1501829.0,2724.3746508338695,4644.235981958409
1790548966.2758837,381.2032966000261,-16.9491525423729,172.88135593220335,1520838.0,1502401.0,2971.759922168185,5098.425616469792
1790548966.3902998,381.31771289999597,-10.169491525423723,172.88135593220335,1521132.0,1503021.0,2557.388914941324,5447.146064315455
1790548966.5040314,381.43144410004606,-3.3898305084745743,172.88135593220335,1521408.0,1503726.0,2409.542897843405,6250.040390191515
1790548966.6188142,381.54622700001346,3.3898305084745743,172.88135593220335,1521675.0,1504407.0,2351.657964398919,5902.020961234642
1790548966.7318952,381.6593089000089,10.169491525423723,172.88135593220335,1521903.0,1505110.0,2033.4303404433217,6193.5676424512185
1790548966.845985,381.77339879999636,16.94915254237287,172.88135593220335,1522101.0,1505839.0,1721.639442765549,6343.3667169276105
1790548966.959795,381.8872082000016,23.72881355932202,172.88135593220335,1522252.0,1506568.0,1343.550451396467,6331.25144219705
1790548967.0739565,382.00137060001725,30.50847457627117,172.88135593220335,1522389.0,1507302.0,1186.4119959601962,6336.727637337793
1790548967.1886282,382.11604170000646,37.28813559322032,172.88135593220335,1522523.0,1508055.0,1134.3448517844631,6513.334955407563
1790548967.3043563,382.2317704000161,44.06779661016947,172.88135593220335,1522663.0,1508943.0,1220.619242619176,7676.338792471707
1790548967.4184098,382.3458239000174,50.847457627118644,172.88135593220335,1522778.0,1509773.0,982.5176736109413,7257.654136201576
1790548967.5331602,382.4605735000223,57.627118644067764,172.88135593220335,1522902.0,1510605.0,1015.2031281567871,7318.691642075747
1790548967.651452,382.57886480004527,64.40677966101691,172.88135593220335,1523007.0,1511519.0,901.3496084498421,7777.624971881628
1790548967.7665908,382.6940036000451,71.18644067796606,172.88135593220335,1523119.0,1512364.0,952.9536937251157,7207.290557396749
1790548967.879769,382.80718150001485,77.96610169491527,172.88135593220335,1523227.0,1513178.0,984.0007055326029,7101.514525777748
1790548967.993788,382.9212008000468,84.74576271186442,172.88135593220335,1523359.0,1514056.0,1153.3599684408664,7639.856430952299
1790548968.1085353,383.0359493000433,91.52542372881356,172.88135593220335,1523480.0,1514931.0,1046.3669038571522,7673.35729495245
1790548968.2218435,383.1492559000035,98.30508474576271,172.88135593220335,1523653.0,1515770.0,1552.3746248935265,7373.779468244251
1790548968.3357813,383.2631936999969,105.08474576271186,172.88135593220335,1523808.0,1516532.0,1338.459479469204,6655.374377222732
1790548968.4507434,383.3781569999992,111.86440677966101,172.88135593220335,1524008.0,1517300.0,1721.4304348783692,6611.025393522247
1790548968.5645843,383.4919973000069,118.64406779661016,172.88135593220335,1524203.0,1518038.0,1683.5682812144662,6504.277458025288
1790548968.67794,383.60535369999707,125.42372881355931,172.88135593220335,1524456.0,1518784.0,2234.5460820809694,6537.432339311265
1790548968.7927413,383.7201551000471,132.20338983050846,172.88135593220335,1524722.0,1519430.0,2297.2767244555284,5597.332971490851
1790548968.905968,383.8333816000377,138.9830508474576,172.88135593220335,1525019.0,1520158.0,2695.5051748218616,6345.089500869331
1790548969.020641,383.9480547000421,145.76271186440675,172.88135593220335,1525367.0,1520824.0,3089.740506640892,5822.972493284758
1790548969.1343832,384.06179690000135,152.5423728813559,172.88135593220335,1525761.0,1521415.0,3494.5212219371847,5223.193954065686
1790548969.2542536,384.18166740000015,159.32203389830505,172.88135593220335,1526152.0,1522042.0,3352.9408108095313,5237.311240103542
1790548969.36804,384.29545239999425,166.1016949152542,172.88135593220335,1526561.0,1522601.0,3404.1030045245207,4815.560347863956
1790548969.4860752,384.4134886999964,172.88135593220335,172.88135593220335,1527059.0,1523159.0,4241.912871520324,4648.545042210725
1790548969.5992382,384.5266504000174,179.66101694915255,172.88135593220335,1527546.0,1523689.0,4353.093289335743,4621.688407188374
1790548969.7140193,384.6414317000308,186.4406779661017,172.88135593220335,1528162.0,1524131.0,5404.596936887385,3899.7516098083847
1790548969.828121,384.755533699994,193.22033898305085,172.88135593220335,1528737.0,1524539.0,5086.937884216212,3615.129454786567
1790548969.9408588,384.8682713000453,200.0,172.88135593220335,1529307.0,1524920.0,5086.868054023041,3363.2955448760395
1790548970.0542064,384.9816199000343,-200.0,179.66101694915255,1530054.0,1525102.0,6652.694154121379,1593.6816079510825
1790548970.1663413,385.09375320002437,-193.22033898305085,179.66101694915255,1530833.0,1525300.0,6896.074845448487,1766.0679482246126
1790548970.2804358,385.2078480999917,-186.4406779661017,179.66101694915255,1531683.0,1525469.0,7387.83751929378,1464.6710293861734
1790548970.3951542,385.3225676000002,-179.66101694915255,179.66101694915255,1532523.0,1525612.0,7322.755001738557,1244.8683502955548
1790548970.5089881,385.4364012000151,-172.8813559322034,179.66101694915255,1533419.0,1525781.0,7944.998151801815,1473.0008160930363
1790548970.6220295,385.5494427999947,-166.10169491525426,179.66101694915255,1534278.0,1525926.0,7551.2745406439835,1334.2129249726793
1790548970.7354774,385.66289090004284,-159.32203389830508,179.66101694915255,1535204.0,1526059.0,8050.459390719265,1163.2544532461322
1790548970.848849,385.77626240003156,-152.54237288135593,179.66101694915255,1536030.0,1526190.0,7333.667073049197,1191.4899904576152
1790548970.9622943,385.88970770000014,-145.76271186440678,179.66101694915255,1536848.0,1526301.0,7249.361407952287,1006.5992273462412
1790548971.0763683,386.0037816000404,-138.98305084745763,179.66101694915255,1537660.0,1526462.0,7120.513776408433,1413.0916515037354
1790548971.1895342,386.1169474000344,-132.20338983050848,179.66101694915255,1538448.0,1526618.0,6914.937933450322,1397.798698729583
1790548971.3115401,386.23895359999733,-125.42372881355932,179.66101694915255,1539231.0,1526792.0,6346.3014343440345,1423.7940290457204
1790548971.4255617,386.35297430003993,-118.64406779661017,179.66101694915255,1540064.0,1526983.0,6885.650083949397,1647.3732727728398
1790548971.5415635,386.46897440002067,-111.86440677966102,179.66101694915255,1540834.0,1527187.0,6656.357656989484,1742.890305729837
1790548971.6557155,386.5831272000214,-105.08474576271186,179.66101694915255,1541621.0,1527408.0,6961.309432120046,1961.0631377534442
1790548971.7705932,386.6980050000129,-98.30508474576271,179.66101694915255,1542295.0,1527640.0,5875.413731322232,1998.1906293732395
1790548971.88562,386.8130319000338,-91.52542372881356,179.66101694915255,1543004.0,1527912.0,6124.491539378565,2368.993728875067
1790548971.9993536,386.92676560004475,-84.74576271186442,179.66101694915255,1543667.0,1528189.0,5816.699857847904,2398.9255783162534
1790548972.1113791,387.0387922000373,-77.96610169491527,179.66101694915255,1544287.0,1528510.0,5516.858319025651,2899.165341120623
1790548972.2251775,387.1525895000086,-71.18644067796612,179.66101694915255,1544904.0,1528858.0,5441.272464540614,3019.8601833660264
1790548972.3402646,387.2676772000268,-64.40677966101697,179.66101694915255,1545488.0,1529265.0,5081.634589974192,3503.317203860125
1790548972.4526756,387.38008850003826,-57.62711864406779,179.66101694915255,1545972.0,1529658.0,4185.961088829895,3496.069951695347
1790548972.5694387,387.4968516000081,-50.847457627118644,179.66101694915255,1546445.0,1530111.0,3978.2629149688746,3843.862140814521
1790548972.682211,387.60962350002956,-44.067796610169495,179.66101694915255,1546855.0,1530556.0,3598.4100050105703,3914.5493852957366
1790548972.7962062,387.72361939999973,-37.288135593220346,179.66101694915255,1547237.0,1531042.0,3407.5618469683777,4243.3789037719425
1790548972.909064,387.83647710003424,-30.508474576271198,179.66101694915255,1547618.0,1531553.0,3279.6754885356477,4487.487991395801
1790548973.0235293,387.95094200002495,-23.72881355932205,179.66101694915255,1547969.0,1532134.0,3073.5592927168423,5070.452605649641
1790548973.137273,388.06468579999637,-16.9491525423729,179.66101694915255,1548262.0,1532771.0,2637.848558791036,5676.500962204032
1790548973.2507288,388.17814070003806,-10.169491525423723,179.66101694915255,1548534.0,1533409.0,2414.1305872859466,5545.975673494742
1790548973.3644829,388.2918946000282,-3.3898305084745743,179.66101694915255,1548765.0,1534076.0,2000.7799329897957,5965.288318728835
1790548973.476824,388.40423670003656,3.3898305084745743,179.66101694915255,1548982.0,1534756.0,1871.607711026053,6101.441137944933
1790548973.5893831,388.51679460000014,10.169491525423723,179.66101694915255,1549146.0,1535487.0,1461.4970013039356,6460.3752796492445
1790548973.7047968,388.6322086,16.94915254237287,179.66101694915255,1549305.0,1536231.0,1408.0811053398859,6446.085579640387
1790548973.8181648,388.745576300018,23.72881355932202,179.66101694915255,1549455.0,1536993.0,1338.1158580732492,6718.456704076106
1790548973.9315712,388.8589830000419,30.50847457627117,179.66101694915255,1549590.0,1537716.0,1195.0021123964646,6401.135346247729
1790548974.04567,388.973082600045,37.28813559322032,179.66101694915255,1549707.0,1538481.0,1071.404491026372,6723.986805751714
1790548974.1580539,389.0854664000217,44.06779661016947,179.66101694915255,1549819.0,1539207.0,1015.6834572536123,6550.692389443022
1790548974.2724771,389.1998899000464,50.847457627118644,179.66101694915255,1549929.0,1539998.0,987.8115033752991,6932.973329245155
1790548974.384555,389.3119676000206,57.627118644067764,179.66101694915255,1550023.0,1540808.0,860.1909249091301,7162.024440004279
1790548974.4993122,389.42672470002435,64.40677966101691,179.66101694915255,1550136.0,1541618.0,1021.3833910341896,7058.488791611275
1790548974.6155968,389.54300950001925,71.18644067796606,179.66101694915255,1550248.0,1542448.0,969.6174451846546,7113.548546448166
1790548974.73376,389.66117289999966,77.96610169491527,179.66101694915255,1550391.0,1543234.0,1136.2101219492185,6602.543858256089
1790548974.8545327,389.7819451999967,84.74576271186442,179.66101694915255,1550517.0,1544037.0,1037.0433632041163,6570.846183663057
1790548974.9669235,389.8943351000198,91.52542372881356,179.66101694915255,1550672.0,1544719.0,1342.026159085566,6118.8885015649585
1790548975.0864599,390.01387120003346,98.30508474576271,179.66101694915255,1550828.0,1545476.0,1288.6360706872908,6332.725833091829
1790548975.2005365,390.1279480000376,105.08474576271186,179.66101694915255,1551019.0,1546243.0,1680.5046689508724,6731.252217940582
1790548975.3143294,390.2417405000306,111.86440677966101,179.66101694915255,1551209.0,1546986.0,1661.2108200714695,6534.095892281113
1790548975.4287355,390.35614680004073,118.64406779661016,179.66101694915255,1551428.0,1547665.0,1908.9048575063607,5928.617970909178
1790548975.543499,390.47091100004036,125.42372881355931,179.66101694915255,1551705.0,1548350.0,2429.1319163411013,5962.41470374634
1790548975.6565108,390.5839228000259,132.20338983050846,179.66101694915255,1551977.0,1549023.0,2353.571266661409,6004.386538569264
1790548975.7696884,390.6970993000432,138.9830508474576,179.66101694915255,1552268.0,1549659.0,2582.5059754187655,5618.570347954089
1790548975.8842535,390.8116644000402,145.76271186440675,179.66101694915255,1552613.0,1550265.0,2979.1587224430286,5252.485993722632
1790548975.9986427,390.92605440004263,152.5423728813559,179.66101694915255,1552992.0,1550820.0,3335.078073724454,4808.070889619421
1790548976.1137037,391.0411158000352,159.32203389830505,179.66101694915255,1553429.0,1551375.0,3776.1950499292157,4734.059160155163
1790548976.22641,391.15382220002357,166.1016949152542,179.66101694915255,1553921.0,1551866.0,4395.355234907815,4348.892705997585
1790548976.3391156,391.2665275000036,172.88135593220335,179.66101694915255,1554390.0,1552301.0,4099.9647648800465,3886.134402992878
1790548976.4508147,391.37822700000834,179.66101694915255,179.66101694915255,1554877.0,1552694.0,4344.41142716284,3471.7758705189
1790548976.5639575,391.4913696000003,186.4406779661017,179.66101694915255,1555419.0,1553099.0,4872.851915502984,3566.6311548833633
1790548976.6789072,391.6063189000124,193.22033898305085,179.66101694915255,1555995.0,1553457.0,4995.691330012639,3102.970388951384
1790548976.7947073,391.7221197000472,200.0,179.66101694915255,1556586.0,1553805.0,5055.094067633416,3044.1259896332617
1790548976.9097326,391.8371432000422,-200.0,186.4406779661017,1557378.0,1553985.0,6970.0800434503035,1532.29641705878
1790548977.0240304,391.95144259999506,-193.22033898305085,186.4406779661017,1558189.0,1554145.0,7105.313751385655,1421.062750277131
1790548977.1395435,392.0669548000442,-186.4406779661017,186.4406779661017,1559006.0,1554305.0,7131.077725594885,1404.4689294373661
1790548977.2536163,392.1810279000201,-179.66101694915255,186.4406779661017,1559826.0,1554461.0,7176.1320218234505,1376.1179810189115
1790548977.367355,392.2947667000117,-172.8813559322034,186.4406779661017,1560640.0,1554601.0,7228.214964367573,1209.318212429313
1790548977.4810936,392.408505600004,-166.10169491525426,186.4406779661017,1561361.0,1554741.0,6332.12550677067,1251.699228082574
1790548977.593558,392.5209692000062,-159.32203389830508,186.4406779661017,1562116.0,1554858.0,6728.020246774199,1071.6375739321786
1790548977.7073655,392.6347761999932,-152.54237288135593,186.4406779661017,1562842.0,1554994.0,6374.221209832132,1208.4268863791742
1790548977.821405,392.7488161000074,-145.76271186440678,186.4406779661017,1563649.0,1555125.0,7145.006711301274,1135.4468029587294
1790548977.9348726,392.86228450003546,-138.98305084745763,186.4406779661017,1564401.0,1555280.0,6671.144851655112,1411.7360474456875
1790548978.0499825,392.97739450004883,-132.20338983050848,186.4406779661017,1565193.0,1555430.0,6931.591228856491,1335.10860080877
1790548978.1643364,393.0917474000016,-125.42372881355932,186.4406779661017,1566030.0,1555609.0,7329.3255354408675,1592.1381312942708
1790548978.278206,393.20561619999353,-118.64406779661017,186.4406779661017,1566746.0,1555805.0,6272.671753316989,1719.926125909497
1790548978.3915234,393.3189351000474,-111.86440677966102,186.4406779661017,1567412.0,1556000.0,5872.844577482912,1704.421770121224
1790548978.5049675,393.43237940000836,-105.08474576271186,186.4406779661017,1568112.0,1556228.0,6112.4468628521745,2003.6268417506374
1790548978.6236122,393.5510237000417,-98.30508474576271,186.4406779661017,1568770.0,1556495.0,5516.93503615953,2265.4081066355557
1790548978.740804,393.66821410000557,-91.52542372881356,186.4406779661017,1569406.0,1556756.0,5254.937319283519,2213.084520946092
1790548978.8589034,393.78631370002404,-84.74576271186442,186.4406779661017,1569986.0,1557083.0,4718.871843622615,2723.827569967494
1790548978.9769523,393.9043628000072,-77.96610169491527,186.4406779661017,1570563.0,1557420.0,4940.880923338576,2929.3027613039217
1790548979.0910351,394.01844529999653,-71.18644067796612,186.4406779661017,1571127.0,1557833.0,4934.048525102069,3654.5098217640325
1790548979.2065053,394.13391560001764,-64.40677966101697,186.4406779661017,1571612.0,1558231.0,4194.411428642088,3469.3381182203707
1790548979.3208544,394.2482657000073,-57.62711864406779,186.4406779661017,1572051.0,1558705.0,3848.867204098325,4161.185783905827
1790548979.4346979,394.362107700028,-50.847457627118644,186.4406779661017,1572420.0,1559145.0,3266.807030928239,3846.550250501419
1790548979.5494587,394.47686970001087,-44.067796610169495,186.4406779661017,1572804.0,1559683.0,3361.5055118640735,4770.574945604356
1790548979.6635547,394.59094990004087,-37.288135593220346,186.4406779661017,1573156.0,1560279.0,3085.0213461672615,5221.513741124887
1790548979.776959,394.70437009999296,-30.508474576271198,186.4406779661017,1573459.0,1560858.0,2668.059987241753,5113.781642213359
1790548979.890031,394.8174422000302,-23.72881355932205,186.4406779661017,1573761.0,1561463.0,2675.636419417549,5295.336188951804
1790548980.00311,394.9305216000066,-16.9491525423729,186.4406779661017,1574026.0,1562121.0,2343.608156119571,5835.862206938062
1790548980.1165795,395.0439910000423,-10.169491525423723,186.4406779661017,1574292.0,1562786.0,2328.144588094885,5885.032153239848
1790548980.2285936,395.1560051999986,-3.3898305084745743,186.4406779661017,1574474.0,1563478.0,1608.2612260817612,6171.234937290478
1790548980.3425803,395.26999190001516,3.3898305084745743,186.4406779661017,1574659.0,1564177.0,1618.3580658090787,6151.5996933311
1790548980.457486,395.3848971000407,10.169491525423723,186.4406779661017,1574824.0,1564942.0,1445.8159741739105,6648.911677411232
1790548980.5758336,395.50324460002594,16.94915254237287,186.4406779661017,1574972.0,1565726.0,1231.9316689184338,6650.645603943719
1790548980.6896875,395.61709860002156,23.72881355932202,186.4406779661017,1575100.0,1566519.0,1048.9254085688212,7054.7195620557895
1790548980.8051517,395.73256269999547,30.50847457627117,186.4406779661017,1575236.0,1567327.0,1247.3540268481458,6934.916044790065
1790548980.9193342,395.84674440004164,37.28813559322032,186.4406779661017,1575367.0,1568062.0,1165.4081178916185,6469.391520579457
1790548981.033435,395.9608453999972,44.06779661016947,186.4406779661017,1575459.0,1568874.0,819.1523337954504,7133.068075185102
1790548981.147494,396.0749044000404,50.847457627118644,186.4406779661017,1575560.0,1569744.0,911.2825060556823,7603.225757595896
1790548981.262939,396.1903489000397,57.627118644067764,186.4406779661017,1575671.0,1570552.0,949.0254696649793,6898.685144872349
1790548981.377093,396.3045037999982,64.40677966101691,186.4406779661017,1575776.0,1571332.0,938.2466492373886,6790.676243490407
1790548981.4911644,396.4185745000141,71.18644067796606,186.4406779661017,1575899.0,1572158.0,1067.510859168007,7196.495619563633
1790548981.6049047,396.53231560002314,77.96610169491527,186.4406779661017,1576026.0,1572931.0,1098.7468745416434,6804.844088547825
1790548981.7179992,396.64540999999736,84.74576271186442,186.4406779661017,1576198.0,1573674.0,1518.5382033181363,6583.418674141432
1790548981.831017,396.75842810003087,91.52542372881356,186.4406779661017,1576377.0,1574451.0,1602.847694885644,6958.026698607621
1790548981.9445214,396.8719328000443,98.30508474576271,186.4406779661017,1576578.0,1575220.0,1753.743087180434,6701.144638384185
1790548982.0588982,396.98630910000065,105.08474576271186,186.4406779661017,1576803.0,1575993.0,2002.9101638740901,6712.950046956997
1790548982.1728203,397.10023149999324,111.86440677966101,186.4406779661017,1577061.0,1576690.0,2315.350774581985,6027.26233383247
1790548982.2866578,397.21406900003785,118.64406779661016,186.4406779661017,1577314.0,1577357.0,2212.7545006554783,5836.139995478824
1790548982.4017222,397.3291331999935,125.42372881355931,186.4406779661017,1577573.0,1578002.0,2303.8450345324595,5608.164605973437
1790548982.5202768,397.4476879000431,132.20338983050846,186.4406779661017,1577896.0,1578642.0,2806.4671075920446,5388.057043101393
1790548982.6341617,397.56157110002823,138.9830508474576,186.4406779661017,1578265.0,1579230.0,3173.613200255199,5114.576635773596
1790548982.7523112,397.67972080002073,145.76271186440675,186.4406779661017,1578643.0,1579814.0,3405.7180608405515,4898.635566962437
1790548982.8667302,397.7941405000165,152.5423728813559,186.4406779661017,1579126.0,1580331.0,4235.493434071501,4511.7212667283375
1790548982.981262,397.9086717000464,159.32203389830505,186.4406779661017,1579581.0,1580832.0,3997.67841409915,4336.93094006628
1790548983.0959382,398.0233478000155,166.1016949152542,186.4406779661017,1580126.0,1581258.0,4709.009813377846,3680.921900905489
1790548983.2083902,398.135799700045,172.88135593220335,186.4406779661017,1580597.0,1581656.0,4253.9704504812635,3590.164072494077
1790548983.3235147,398.25092399999266,179.66101694915255,186.4406779661017,1581143.0,1582047.0,4808.009924433745,3376.6176568542332
1790548983.4368863,398.36429709999356,186.4406779661017,186.4406779661017,1581713.0,1582439.0,5050.495688897583,3438.04385427707
1790548983.5500865,398.4774970000144,193.22033898305085,186.4406779661017,1582341.0,1582786.0,5559.908711397683,3052.8616884546345
1790548983.663718,398.5911284000031,200.0,186.4406779661017,1582952.0,1583117.0,5327.119283607183,2935.9166935651374
1790548983.7768242,398.704235000012,-200.0,193.22033898305085,1583708.0,1583290.0,6749.793757903622,1481.4362157264463
1790548983.8895931,398.81700380000984,-193.22033898305085,193.22033898305085,1584527.0,1583449.0,7338.038345641132,1402.5870761921656
1790548984.0058014,398.9332116000005,-186.4406779661017,193.22033898305085,1585412.0,1583599.0,7596.561385739295,1278.0944511551893
1790548984.123477,399.05088769999566,-179.66101694915255,193.22033898305085,1586231.0,1583741.0,6880.335230436978,1161.971508331777
1790548984.2452326,399.17264330002945,-172.8813559322034,193.22033898305085,1587048.0,1583913.0,6621.8365728978715,1374.8359770274162
1790548984.3585134,399.28592250001384,-166.10169491525426,193.22033898305085,1587874.0,1584042.0,7371.641639581371,1118.3274295192978
1790548984.47628,399.403690200008,-159.32203389830508,193.22033898305085,1588721.0,1584186.0,7277.391292416652,1291.899603634629
1790548984.5907454,399.51815439999336,-152.54237288135593,193.22033898305085,1589522.0,1584305.0,7031.049995982643,1014.8849799142697
1790548984.7061515,399.6335611999966,-145.76271186440678,193.22033898305085,1590301.0,1584448.0,6764.78022888481,1272.9425161880017
1790548984.8202698,399.747679800028,-138.98305084745763,193.22033898305085,1591096.0,1584600.0,6930.426776295349,1312.65036954998
1790548984.933383,399.8607921000221,-132.20338983050848,193.22033898305085,1591872.0,1584747.0,6855.696870285477,1328.407388144747
1790548985.047433,399.974841999996,-125.42372881355932,193.22033898305085,1592650.0,1584910.0,6745.505531496009,1437.5667526139036
1790548985.160563,400.08797280001454,-118.64406779661017,193.22033898305085,1593354.0,1585095.0,6242.684354882866,1634.988759612179
1790548985.276002,400.20341230003396,-111.86440677966102,193.22033898305085,1594029.0,1585319.0,5862.722928186832,1951.2017210450733
1790548985.3900976,400.3175079000066,-105.08474576271186,193.22033898305085,1594644.0,1585550.0,5338.5728419094,2018.0172254640345
1790548985.5025077,400.4299170000013,-98.30508474576271,193.22033898305085,1595231.0,1585800.0,5137.533927762424,2209.792270199083
1790548985.6162581,400.54366870003287,-91.52542372881356,193.22033898305085,1595824.0,1586084.0,5174.539049669767,2485.6267935020846
1790548985.733849,400.6612592000165,-84.74576271186442,193.22033898305085,1596425.0,1586445.0,5138.382733694089,3097.3526582894683
1790548985.8516285,400.7790390000446,-77.96610169491527,193.22033898305085,1597029.0,1586833.0,5036.312806965727,3315.4975187180453
1790548985.965986,400.8933963000309,-71.18644067796612,193.22033898305085,1597513.0,1587240.0,4198.441376172597,3557.5288652081963
1790548986.0803912,401.0078014000319,-64.40677966101697,193.22033898305085,1597955.0,1587652.0,3911.364594072243,3689.443198663889
1790548986.1942074,401.1216174000292,-57.62711864406779,193.22033898305085,1598348.0,1588151.0,3423.8884328728755,4362.696551563825
1790548986.308965,401.2363740000292,-50.847457627118644,193.22033898305085,1598750.0,1588679.0,3481.4149840059736,4666.189716782876
1790548986.4234812,401.3508903000038,-44.067796610169495,193.22033898305085,1599076.0,1589155.0,2797.138664446445,4172.780630567648
1790548986.538516,401.46592460002284,-37.288135593220346,193.22033898305085,1599393.0,1589711.0,2688.0978023565726,4787.023483648691
1790548986.6515765,401.57898490002844,-30.508474576271198,193.22033898305085,1599666.0,1590288.0,2444.774132994322,5224.194154915624
1790548986.7650223,401.6924310000031,-23.72881355932205,193.22033898305085,1599926.0,1590924.0,2289.389970197323,5566.5409356007485
1790548986.8794873,401.80689589999383,-16.9491525423729,193.22033898305085,1600168.0,1591559.0,2087.74631489023,5579.64059377743
1790548986.994581,401.9219899000018,-10.169491525423723,193.22033898305085,1600384.0,1592263.0,1875.8327451388157,6160.823231583366
1790548987.107304,402.0347136000055,-3.3898305084745743,193.22033898305085,1600579.0,1592947.0,1734.5536129128147,6052.28653107751
1790548987.2217617,402.1491715000011,3.3898305084745743,193.22033898305085,1600739.0,1593680.0,1390.272511706395,6426.557703119627
1790548987.334108,402.2615183000453,10.169491525423723,193.22033898305085,1600870.0,1594418.0,1147.175104572587,6593.925194575764
1790548987.44971,402.3771200000192,16.94915254237287,193.22033898305085,1600996.0,1595170.0,1058.9423612060648,6498.466797828671
1790548987.562701,402.4901112000225,23.72881355932202,193.22033898305085,1601091.0,1595942.0,860.9014658617845,6868.697716875743
1790548987.6760623,402.60347259999253,30.50847457627117,193.22033898305085,1601208.0,1596732.0,1015.8330153052324,7026.954986606836
1790548987.789845,402.7172538000159,37.28813559322032,193.22033898305085,1601322.0,1597585.0,991.2694174465669,7642.965134517923
1790548987.9097204,402.8371291999938,44.06779661016947,193.22033898305085,1601442.0,1598461.0,1058.0237056208953,7331.261606204965
1790548988.0231667,402.95057570002973,50.847457627118644,193.22033898305085,1601559.0,1599289.0,1057.1628342361678,7372.319765068012
1790548988.1368427,403.0642526000156,57.627118644067764,193.22033898305085,1601694.0,1600072.0,1208.8997342465882,6741.940825605972
1790548988.2507277,403.1781364000053,64.40677966101691,193.22033898305085,1601825.0,1600870.0,1149.4781365653319,6988.8270703172175
1790548988.366108,403.2935167000396,71.18644067796606,193.22033898305085,1601984.0,1601693.0,1377.4418809786714,7124.384828108227
1790548988.4788039,403.40621370001463,77.96610169491527,193.22033898305085,1602131.0,1602509.0,1305.612080750123,7208.843845856036
1790548988.5929613,403.5203703000443,84.74576271186442,193.22033898305085,1602287.0,1603268.0,1347.964710894142,6703.144242609645
1790548988.7063813,403.63379089999944,91.52542372881356,193.22033898305085,1602468.0,1604044.0,1565.7542676698265,6744.787614577714
1790548988.8202112,403.7476210000459,98.30508474576271,193.22033898305085,1602645.0,1604733.0,1545.5310695091216,6044.130432544601
1790548988.9334946,403.86090420000255,105.08474576271186,193.22033898305085,1602874.0,1605456.0,2041.710010810598,6319.138675992982
1790548989.0476475,403.9750572000048,111.86440677966101,193.22033898305085,1603139.0,1606159.0,2375.22284973944,6089.374410142811
1790548989.163739,404.0911485000397,118.64406779661016,193.22033898305085,1603447.0,1606904.0,2622.606871063569,6380.775480113425
1790548989.2786157,404.2060256000259,125.42372881355931,193.22033898305085,1603766.0,1607525.0,2750.492605359483,5408.995491476174
1790548989.3971467,404.32455600000685,132.20338983050846,193.22033898305085,1604149.0,1608121.0,3279.778431398238,5146.319002112682
1790548989.5100987,404.437508300005,138.9830508474576,193.22033898305085,1604548.0,1608678.0,3521.2089797787667,4922.220510194721
1790548989.6222227,404.54963090003,145.76271186440675,193.22033898305085,1604933.0,1609206.0,3461.2369525494464,4752.184788905726
1790548989.738016,404.66542510001455,152.5423728813559,193.22033898305085,1605384.0,1609694.0,3820.918389871472,4231.279553461487
1790548989.8524692,404.7798774000257,159.32203389830505,193.22033898305085,1605847.0,1610177.0,4068.69435640049,4244.3879763359655
1790548989.9662225,404.89363150001736,166.1016949152542,193.22033898305085,1606369.0,1610595.0,4644.270145517852,3628.6245868558963
1790548990.0800173,405.00742480001645,172.88135593220335,193.22033898305085,1606927.0,1611004.0,4945.6121079660015,3506.217539229628
1790548990.1926546,405.120064000017,179.66101694915255,193.22033898305085,1607533.0,1611379.0,5361.200385906468,3272.6631920924697
1790548990.3074787,405.234887300001,186.4406779661017,193.22033898305085,1608125.0,1611714.0,5166.057721918529,2966.375900394915
1790548990.421201,405.34860980004305,193.22033898305085,193.22033898305085,1608749.0,1612039.0,5524.060608537042,2826.693221090861
1790548990.5343058,405.4617144000367,200.0,193.22033898305085,1609414.0,1612311.0,5824.0525029432165,2453.694615707396
1790548990.6477025,405.5751117000473,-200.0,200.0,1610222.0,1612479.0,7118.627165445489,1468.0437345082134
1790548990.7606175,405.688026799995,-193.22033898305085,200.0,1610978.0,1612625.0,6635.022712449797,1336.2842945353436
1790548990.8743608,405.8017704000231,-186.4406779661017,200.0,1611743.0,1612750.0,6674.3796922062365,1106.250777713741
1790548990.9907994,405.9182089000242,-179.66101694915255,200.0,1612569.0,1612871.0,7126.616830427981,1040.0519486030682
1790548991.105067,406.0324763000244,-172.8813559322034,200.0,1613337.0,1612997.0,6619.094239337845,1081.611768159955
1790548991.2190194,406.1464285000111,-166.10169491525426,200.0,1614115.0,1613137.0,6909.055500311432,1233.428700055598
1790548991.3343434,406.26175120001426,-159.32203389830508,200.0,1614842.0,1613271.0,6421.622480781669,1191.927050389691
1790548991.4485104,406.37591910001356,-152.54237288135593,200.0,1615593.0,1613404.0,6610.8458353878095,1178.5351907098045
1790548991.5615578,406.488965400029,-145.76271186440678,200.0,1616309.0,1613548.0,6371.586071988088,1281.7476354728224
1790548991.6749246,406.60233340004925,-138.98305084745763,200.0,1617090.0,1613726.0,6825.779872870692,1590.2021229712377
1790548991.7890646,406.7164735000115,-132.20338983050848,200.0,1617872.0,1613936.0,6767.755040183644,1843.2503564727813
1790548991.9042218,406.83162990002893,-125.42372881355932,200.0,1618605.0,1614139.0,6382.943603361925,1788.32471645916
1790548992.0197728,406.94717910001054,-118.64406779661017,200.0,1619256.0,1614390.0,5598.545841653971,2195.508173197636
1790548992.1350853,407.06249420001404,-111.86440677966102,200.0,1619866.0,1614624.0,5341.576372868039,2028.3305470856296
1790548992.2488763,407.1762847999926,-105.08474576271186,200.0,1620418.0,1614887.0,4811.049039285416,2354.9303136846397
1790548992.3625891,407.28999790002126,-98.30508474576271,200.0,1621018.0,1615168.0,5253.764197949536,2465.298841568587
1790548992.4773357,407.40474510000786,-91.52542372881356,200.0,1621526.0,1615491.0,4415.188249308324,2827.909829102439
1790548992.5904665,407.5178754000226,-84.74576271186442,200.0,1622010.0,1615830.0,4287.21567208782,3000.1250059534636
1790548992.7042181,407.63162719999673,-77.96610169491527,200.0,1622490.0,1616260.0,4168.418843444833,3800.3465393878946
1790548992.820305,407.7477141999989,-71.18644067796612,200.0,1622939.0,1616745.0,3807.2961655685594,4162.522362834526
1790548992.9351182,407.8625261000125,-64.40677966101697,200.0,1623330.0,1617212.0,3444.8294479196916,4032.7470070313193
1790548993.052635,407.9800413000048,-57.62711864406779,200.0,1623725.0,1617726.0,3251.4993541556337,4332.279421170746
1790548993.1729848,408.10039189999225,-50.847457627118644,200.0,1624101.0,1618290.0,3260.945235679002,4744.858517083491
1790548993.288224,408.21563140000217,-44.067796610169495,200.0,1624436.0,1618823.0,2928.109389833894,4594.737690336834
1790548993.4034476,408.3308551000082,-37.288135593220346,200.0,1624704.0,1619398.0,2231.7321338377687,4982.683580445957
1790548993.5177119,408.4451204999932,-30.508474576271198,200.0,1624958.0,1620028.0,2174.0832689133663,5508.905910212682
1790548993.6298509,408.5572592000244,-23.72881355932205,200.0,1625169.0,1620664.0,1907.6670447115448,5620.136734664894
1790548993.7446337,408.6720414000447,-16.9491525423729,200.0,1625368.0,1621333.0,1697.0044221803155,5848.27868073969
1790548993.8610723,408.7884803999914,-10.169491525423723,200.0,1625556.0,1622002.0,1600.172131541556,5731.690007894613
1790548993.9728615,408.9002698000404,-3.3898305084745743,200.0,1625692.0,1622715.0,1156.9566956446702,6377.371054041352
1790548994.086259,409.01366739999503,3.3898305084745743,200.0,1625816.0,1623408.0,1098.1912143394648,6127.722406062224
1790548994.1989503,409.12635920004686,10.169491525423723,200.0,1625954.0,1624146.0,1171.153921230135,6552.885035454327
1790548994.3110147,409.2384230000316,16.94915254237287,200.0,1626081.0,1624895.0,1131.8248570287635,6688.055973351784
1790548994.4250283,409.35243690002244,23.72881355932202,200.0,1626203.0,1625712.0,1111.8073945651408,7121.0804197354055
1790548994.540602,409.468010600016,30.50847457627117,200.0,1626310.0,1626549.0,879.8193923814869,7201.820593308254
1790548994.6547499,409.5821588000399,37.28813559322032,200.0,1626423.0,1627322.0,970.3085581257583,6782.918872993396
1790548994.774193,409.70160100003704,44.06779661016947,200.0,1626529.0,1628179.0,874.8774950720021,7211.111474532866
1790548994.8870442,409.81445150001673,50.847457627118644,200.0,1626653.0,1629013.0,1089.3712745952655,7364.894685511582
1790548995.0061474,409.9335546999937,57.627118644067764,200.0,1626794.0,1629867.0,1211.9019965756654,7029.03158013886
1790548995.1202493,410.0476569000166,64.40677966101691,200.0,1626920.0,1630698.0,1140.75856725367,7359.732691959161
1790548995.233679,410.16108630003873,71.18644067796606,200.0,1627090.0,1631491.0,1495.304187585804,7040.00356639776
1790548995.3499453,410.27735240000766,77.96610169491527,200.0,1627289.0,1632246.0,1741.2989185632327,6468.970593833357
1790548995.4642372,410.39164450002136,84.74576271186442,200.0,1627470.0,1632970.0,1551.0531926995918,6333.467203523333
1790548995.57969,410.5070971000241,91.52542372881356,200.0,1627686.0,1633735.0,1946.5074280121232,6621.763586882364
1790548995.695837,410.6232438000152,98.30508474576271,200.0,1627919.0,1634476.0,1996.283840769445,6404.3676158621565
1790548995.809233,410.7366404000204,105.08474576271186,200.0,1628146.0,1635171.0,1998.1356920213423,6133.811891786446
1790548995.922648,410.8500561999972,111.86440677966101,200.0,1628432.0,1635847.0,2526.0006255458206,6027.111786688373
1790548996.0350122,410.9624208000023,118.64406779661016,200.0,1628769.0,1636473.0,3066.0438915351083,5535.65371298436
1790548996.147404,411.0748125000391,125.42372881355931,200.0,1629112.0,1637048.0,3103.0376215370675,5078.545056269374
1790548996.2611978,411.1886060000397,132.20338983050846,200.0,1629512.0,1637606.0,3573.0006379444326,4935.897788500556
1790548996.3749309,411.3023390000453,138.9830508474576,200.0,1629965.0,1638170.0,4006.185180942723,4982.405018137962
1790548996.4883783,411.41578650003066,145.76271186440675,200.0,1630433.0,1638695.0,4089.560451618469,4652.6827711415535
1790548996.6041892,411.53159760002745,152.5423728813559,200.0,1630949.0,1639174.0,4448.157268911681,4140.76428691372
1790548996.7211013,411.6485095000244,159.32203389830505,200.0,1631484.0,1639552.0,4639.436486125247,3290.445130631069
1790548996.8355246,411.7629314000369,166.1016949152542,200.0,1632054.0,1640001.0,4967.236587636263,3894.2394849066422
1790548996.9512384,411.8786454999936,172.88135593220335,200.0,1632678.0,1640388.0,5360.190710212992,3328.960546342805
1790548997.0670092,411.99441630003275,179.66101694915255,200.0,1633324.0,1640719.0,5684.421837087843,2782.5198976375063
1790548997.1827986,412.1102052000351,186.4406779661017,200.0,1633995.0,1641057.0,5836.992027507016,2900.368709320256
1790548997.2968497,412.2242575000273,193.22033898305085,200.0,1634671.0,1641375.0,6042.704870804703,2743.3138677272887
1790548997.409985,412.3373920000158,200.0,200.0,1635369.0,1641622.0,6221.818956032196,2148.0089252968296
