Unix_Timestamp,Elapsed_Time_s,EOM0_Target_V,EOM1_Target_V,Raw_Count0,Raw_Count1,Rate0_Hz,Rate1_Hz
1790039124.843442,0.11469630000647157,-200.0,-200.0,48.0,43.0,321.2818962511593,302.922930751093
1790039124.9568636,0.22811849997378886,-193.22033898305085,-200.0,100.0,79.0,464.7297966972141,325.31085768804985
1790039125.0692592,0.3405137999798171,-186.4406779661017,-200.0,148.0,115.0,410.02091104994753,307.51568328746066
1790039125.1834238,0.4546779000083916,-179.66101694915255,-200.0,194.0,141.0,412.9580737418795,229.42115207882196
1790039125.2964206,0.5676742999930866,-172.8813559322034,-200.0,232.0,170.0,352.11920153986625,259.45625376621723
1790039125.409536,0.6807895000092685,-166.10169491525426,-200.0,274.0,190.0,370.8614182751713,157.6161027669478
1790039125.5229166,0.794169900007546,-159.32203389830508,-200.0,323.0,214.0,443.63604102237906,212.57560298988997
1790039125.6360412,0.9072943999781273,-152.54237288135593,-200.0,368.0,248.0,398.180961216623,296.3207153239985
1790039125.7488308,1.0200835000141524,-145.76271186440678,-200.0,416.0,267.0,436.61915575435086,176.50561615601418
1790039125.8615434,1.1327958999900147,-138.98305084745763,-200.0,461.0,298.0,408.82466643824114,278.74409075334626
1790039125.9766772,1.2479297000099905,-132.20338983050848,-200.0,529.0,309.0,590.8666560047413,90.90256246226791
1790039126.090736,1.3619876999873668,-125.42372881355932,-200.0,586.0,330.0,486.5411698855397,192.78046353955347
1790039126.2037883,1.475040599994827,-118.64406779661017,-200.0,648.0,349.0,537.4844432521495,176.07249003087657
1790039126.315753,1.5870047999778762,-111.86440677966102,-200.0,706.0,371.0,524.4236259325908,187.29415211878242
1790039126.4299936,1.7012455000076443,-105.08474576271186,-200.0,777.0,388.0,614.6580344032947,146.78400821571216
1790039126.5451975,1.8164487999747507,-98.30508474576271,-200.0,845.0,399.0,581.6791075698516,99.97609661356825
1790039126.6667306,1.9379817000008188,-91.52542372881356,-200.0,917.0,412.0,567.8697519119086,97.60261360985928
1790039126.7808123,2.052061499969568,-84.74576271186442,-200.0,982.0,427.0,557.3457708898083,130.04734654095526
1790039126.8972578,2.1685058000148274,-77.96610169491527,-200.0,1038.0,452.0,503.2012749629341,219.57873816564398
1790039127.0110223,2.2822707999730483,-71.18644067796612,-200.0,1090.0,466.0,472.478585739957,120.43571793371453
1790039127.124432,2.3956807000213303,-64.40677966101697,-200.0,1143.0,485.0,472.3398699375003,175.96975546691186
1790039127.2399862,2.5112344999797642,-57.62711864406779,-200.0,1190.0,507.0,400.8592965831872,182.208771174176
1790039127.3533156,2.624564300000202,-50.847457627118644,-200.0,1237.0,522.0,410.09810677802545,139.80617276523594
1790039127.4674177,2.7386660000192933,-44.067796610169495,-200.0,1282.0,541.0,387.6741765950632,166.1460756835985
1790039127.581146,2.852394399989862,-37.288135593220346,-200.0,1346.0,558.0,546.9495974246126,157.59564671556635
1790039127.6949387,2.966185699973721,-30.508474576271198,-200.0,1395.0,578.0,441.7505838719844,184.0627432799935
1790039127.808346,3.0795937000075355,-23.72881355932205,-200.0,1455.0,603.0,529.630011704536,213.7103556000759
1790039127.9237607,3.1950083000119776,-16.9491525423729,-200.0,1499.0,634.0,392.4285027115117,264.6610832240428
1790039128.0378647,3.309112399991136,-10.169491525423723,-200.0,1549.0,655.0,431.3390783788411,183.54854399099622
1790039128.15125,3.422497499966994,-3.3898305084745743,-200.0,1593.0,681.0,387.9542065897172,230.92512297006976
1790039128.2630002,3.5342476000078022,3.3898305084745743,-200.0,1626.0,711.0,309.5194101166115,281.38128192419225
1790039128.3776562,3.648903099994641,10.169491525423723,-200.0,1669.0,744.0,365.31114924582647,301.3816981278068
1790039128.4918337,3.7630804000073113,16.94915254237287,-200.0,1709.0,773.0,348.81938408586836,247.8453518504854
1790039128.6088576,3.880104299983941,23.72881355932202,-200.0,1739.0,809.0,262.0817423755309,325.34285260410735
1790039128.726395,3.997641100024339,30.50847457627117,-200.0,1785.0,858.0,406.29889680616543,433.38548992657644
1790039128.8425975,4.113843699975405,37.28813559322032,-200.0,1819.0,905.0,301.3486722275957,392.66645169050355
1790039128.9586558,4.229900799982715,44.06779661016947,-200.0,1836.0,943.0,137.75141931427484,330.6034063542596
1790039129.0756626,4.3469062999938615,50.847457627118644,-200.0,1865.0,983.0,261.99565827667436,346.208548437034
1790039129.1887429,4.459987299982458,57.627118644067764,-200.0,1884.0,1020.0,158.81052780394583,336.30464711423826
1790039129.3031237,4.574367300025187,64.40677966101691,-200.0,1911.0,1075.0,229.41946778828154,477.1924929996256
1790039129.416584,4.687826699984726,71.18644067796606,-200.0,1932.0,1135.0,175.90524079258012,536.9738929457709
1790039129.5313432,4.802586400008295,77.96610169491527,-200.0,1951.0,1181.0,174.99843422387178,386.83864407382185
1790039129.6444402,4.9156827999977395,84.74576271186442,-200.0,1964.0,1234.0,120.82222309126934,446.11282372160986
1790039129.7581685,5.029411399969831,91.52542372881356,-200.0,1981.0,1278.0,129.6857066885161,379.7938553020828
1790039129.8716984,5.14294130000053,98.30508474576271,-200.0,1992.0,1339.0,102.10067499498204,519.7852545199086
1790039129.986696,5.25793879997218,105.08474576271186,-200.0,1999.0,1392.0,63.824820916609646,465.00940953529886
1790039130.0997372,5.370980000006966,111.86440677966101,-200.0,2006.0,1450.0,64.83174308794877,518.6539447035901
1790039130.2124677,5.483709599997383,118.64406779661016,-200.0,2022.0,1522.0,139.41440374812998,659.8948444078153
1790039130.32531,5.596552199975122,125.42372881355931,-200.0,2038.0,1585.0,148.60648904366042,566.5622394789553
1790039130.4387364,5.709978399972897,132.20338983050846,-200.0,2056.0,1634.0,156.84176049582342,424.3953519298751
1790039130.5514445,5.822686299972702,138.9830508474576,-200.0,2069.0,1678.0,111.52986443978956,399.6486809092459
1790039130.6663296,5.937571200018283,145.76271186440675,-200.0,2085.0,1730.0,127.47343999131546,437.0517942559387
1790039130.7806816,6.051922800019383,152.5423728813559,-200.0,2108.0,1781.0,202.04023902014822,449.9987141812392
1790039130.8971717,6.168411899998318,159.32203389830505,-200.0,2127.0,1828.0,162.47950951015827,424.2520526098577
1790039131.0135896,6.284829300013371,166.1016949152542,-200.0,2151.0,1892.0,212.69886191386772,573.3621495069477
1790039131.1294057,6.400644699984696,172.88135593220335,-200.0,2165.0,1936.0,128.86277677629525,358.9748781625368
1790039131.2441454,6.5153850999777205,179.66101694915255,-200.0,2188.0,1989.0,211.2923836635057,477.7045195870563
1790039131.357195,6.628434600017499,186.4406779661017,-200.0,2208.0,2035.0,185.25517049271264,426.086892133239
1790039131.4692657,6.740504799992777,193.22033898305085,-200.0,2244.0,2073.0,327.23859255104077,345.9379406968145
1790039131.582697,6.853936099971179,200.0,-200.0,2278.0,2112.0,286.14680252761116,350.76059664674915
1790039131.6954381,6.9666767999879085,-200.0,-193.22033898305085,2311.0,2140.0,297.2778638450203,250.82819761923585
1790039131.8075821,7.0788205999997444,-193.22033898305085,-193.22033898305085,2359.0,2189.0,420.44993749287806,439.1366013814504
1790039131.9206326,7.191870099981315,-186.4406779661017,-193.22033898305085,2405.0,2219.0,407.7388840973326,268.73699179142375
1790039132.0351174,7.306354700005613,-179.66101694915255,-193.22033898305085,2445.0,2252.0,339.48722759705095,284.4352447434751
1790039132.1491227,7.420360599993728,-172.8813559322034,-193.22033898305085,2480.0,2286.0,322.4068130567816,303.98356659639404
1790039132.2622137,7.533451099996455,-166.10169491525426,-193.22033898305085,2536.0,2315.0,491.01807498460806,268.6702674444082
1790039132.3770154,7.648252599989064,-159.32203389830508,-193.22033898305085,2585.0,2345.0,411.6122211253657,265.2612091696801
1790039132.4907515,7.76198840001598,-152.54237288135593,-193.22033898305085,2634.0,2366.0,433.0017337634907,184.25605692063434
1790039132.6034832,7.874719800020102,-145.76271186440678,-193.22033898305085,2682.0,2392.0,436.9349476934003,241.70869446868952
1790039132.716626,7.987862600013614,-138.98305084745763,-193.22033898305085,2737.0,2413.0,499.99722218201003,185.18415636370742
1790039132.8337715,8.105007599981036,-132.20338983050848,-193.22033898305085,2785.0,2435.0,407.8584352190824,181.27041565292552
1790039132.9481618,8.219396199972834,-125.42372881355932,-193.22033898305085,2843.0,2468.0,495.6506653839219,293.7189128201019
1790039133.0654411,8.336675199971069,-118.64406779661017,-193.22033898305085,2903.0,2484.0,504.03178757295666,112.00706390510148
1790039133.180105,8.451339100021869,-111.86440677966102,-193.22033898305085,2975.0,2497.0,656.2541016033606,120.15920170202378
1790039133.2945418,8.565775599970948,-105.08474576271186,-193.22033898305085,3023.0,2511.0,417.0891625818134,111.22377668848358
1790039133.407629,8.67886250000447,-98.30508474576271,-193.22033898305085,3083.0,2522.0,522.0369509203691,102.54297250221536
1790039133.5220833,8.793316899973433,-91.52542372881356,-193.22033898305085,3150.0,2540.0,587.1904405061439,165.14731139235298
1790039133.6364772,8.907711200008634,-84.74576271186442,-193.22033898305085,3202.0,2558.0,458.8903115677177,165.20051216437838
1790039133.7502477,9.02148140000645,-77.96610169491527,-193.22033898305085,3249.0,2577.0,423.36612897083853,156.46139548922295
1790039133.862987,9.134220900014043,-71.18644067796612,-193.22033898305085,3299.0,2593.0,447.4523183245501,130.5069261779938
1790039133.9754395,9.246672999986913,-64.40677966101697,-193.22033898305085,3364.0,2616.0,587.1312024716136,214.34948661662085
1790039134.0902026,9.361435399972834,-57.62711864406779,-193.22033898305085,3423.0,2634.0,510.4435844202291,164.07115213507365
1790039134.2026663,9.473899299977347,-50.847457627118644,-193.22033898305085,3468.0,2651.0,400.6055664536403,139.7461278326652
1790039134.3144453,9.585678100003861,-44.067796610169495,-193.22033898305085,3518.0,2668.0,440.82075208300967,159.4458039449184
1790039134.428145,9.69937749998644,-37.288135593220346,-193.22033898305085,3567.0,2695.0,442.91393076265086,249.13908605399112
1790039134.5425687,9.81380080000963,-30.508474576271198,-193.22033898305085,3612.0,2711.0,393.0059563284832,137.09510104481973
1790039134.6590815,9.930313399992883,-23.72881355932205,-193.22033898305085,3659.0,2737.0,415.4462932874587,216.75458780215234
1790039134.7739108,10.045141500013415,-16.9491525423729,-193.22033898305085,3707.0,2766.0,419.36379710224355,270.25666924366806
1790039134.889589,10.160819899989292,-10.169491525423723,-193.22033898305085,3741.0,2791.0,309.45381416135376,206.30254277423583
1790039135.0060124,10.277242499985732,-3.3898305084745743,-193.22033898305085,3773.0,2830.0,286.3024590953711,314.0091486852457
1790039135.1190968,10.39032629999565,3.3898305084745743,-193.22033898305085,3814.0,2860.0,370.61985231424217,259.4338966199695
1790039135.2326648,10.50389350001933,10.169491525423723,-193.22033898305085,3849.0,2893.0,323.8953318485437,277.6245701558946
1790039135.3472788,10.618508699990343,16.94915254237287,-193.22033898305085,3876.0,2942.0,240.14393868051272,443.3426560255619
1790039135.4600148,10.731244599970523,23.72881355932202,-193.22033898305085,3908.0,2987.0,297.33587048173257,408.8368219123823
1790039135.5744622,10.845691199996509,30.50847457627117,-193.22033898305085,3938.0,3029.0,256.087801519084,384.131702278626
1790039135.6879668,10.9591955000069,37.28813559322032,-193.22033898305085,3969.0,3068.0,286.0066187423407,350.5887584583532
1790039135.800628,11.07185720000416,44.06779661016947,-193.22033898305085,3998.0,3108.0,261.06593215072047,363.62754835278923
1790039135.9140856,11.185314000002109,50.847457627118644,-193.22033898305085,4010.0,3153.0,110.76670869314538,415.37515759929516
1790039136.0275607,11.298788800020702,57.627118644067764,-193.22033898305085,4024.0,3192.0,129.20039726384263,341.458192768727
1790039136.140962,11.412189800001215,64.40677966101691,-193.22033898305085,4034.0,3247.0,92.3102769787566,470.78241259165867
1790039136.2536302,11.524857999989763,71.18644067796606,-193.22033898305085,4044.0,3280.0,74.36651351991968,288.1702398896888
1790039136.3670566,11.6382842999883,77.96610169491527,-193.22033898305085,4062.0,3335.0,166.1808953415469,480.07814209780213
1790039136.4791093,11.750336700002663,84.74576271186442,-193.22033898305085,4078.0,3386.0,149.71404614259944,467.8563941956233
1790039136.5925195,11.863746499991976,91.52542372881356,-193.22033898305085,4095.0,3448.0,147.76314307461212,544.8765900876322
1790039136.7060714,11.977298300014809,98.30508474576271,-193.22033898305085,4111.0,3502.0,138.46132546233144,470.76850657192693
1790039136.8204188,12.091645699983928,105.08474576271186,-193.22033898305085,4117.0,3549.0,45.76977438176325,384.4661048068113
1790039136.9333448,12.204571200010832,111.86440677966101,-193.22033898305085,4134.0,3586.0,157.67969690688656,343.1852226796943
1790039137.0483358,12.319562299991958,118.64406779661016,-193.22033898305085,4146.0,3635.0,101.18012822698441,432.31509333347884
1790039137.1641529,12.435378799971659,125.42372881355931,-193.22033898305085,4162.0,3706.0,147.0574719051898,624.9942555970566
1790039137.2780159,12.549241499975324,132.20338983050846,-193.22033898305085,4173.0,3763.0,102.70669485921871,466.8486129964487
1790039137.3923602,12.66358420002507,138.9830508474576,-193.22033898305085,4181.0,3814.0,64.91043752961507,463.64598235439337
1790039137.5087938,12.780017999990378,145.76271186440675,-193.22033898305085,4195.0,3859.0,131.68773824916417,385.65694772969505
1790039137.6222017,12.893426100024953,152.5423728813559,-193.22033898305085,4213.0,3907.0,166.66820989108527,416.6705247277132
1790039137.7356074,13.00683059997391,159.32203389830505,-193.22033898305085,4234.0,3961.0,185.2404142800788,481.62507712820485
1790039137.850081,13.121304299973417,166.1016949152542,-193.22033898305085,4261.0,4002.0,229.34748809952745,366.9559809592439
1790039137.9638405,13.235063300002366,172.88135593220335,-193.22033898305085,4290.0,4030.0,249.94191159289412,231.4276959193464
1790039138.0768826,13.348105299985036,179.66101694915255,-193.22033898305085,4327.0,4066.0,316.0247800546112,288.1402406380279
1790039138.1909819,13.46220509998966,186.4406779661017,-193.22033898305085,4359.0,4103.0,295.50936583956525,332.44803656951086
1790039138.3044438,13.57566680002492,193.22033898305085,-193.22033898305085,4397.0,4149.0,332.1961765190097,415.24522064876214
1790039138.4178286,13.689051299996208,200.0,-193.22033898305085,4431.0,4185.0,296.40854734651066,333.4596157648245
1790039138.530534,13.801756599976216,-200.0,-186.4406779661017,4463.0,4208.0,288.37879944560416,204.65592218720295
1790039138.6440341,13.915256400010549,-193.22033898305085,-186.4406779661017,4509.0,4227.0,424.43333540610564,175.30942114600015
1790039138.7581487,14.029370700009167,-186.4406779661017,-186.4406779661017,4554.0,4261.0,403.5386673501038,284.31133381484585
1790039138.8730893,14.144311500014737,-179.66101694915255,-186.4406779661017,4603.0,4278.0,437.03110209704283,127.46740477830416
1790039138.988341,14.259562499995809,-172.8813559322034,-186.4406779661017,4645.0,4312.0,356.5587147993433,283.4184656097344
1790039139.1011686,14.372390099975746,-166.10169491525426,-186.4406779661017,4684.0,4341.0,309.2757417854092,262.41578090883206
1790039139.2154763,14.486696999985725,-159.32203389830508,-186.4406779661017,4729.0,4355.0,389.604245744111,102.03920721869574
1790039139.3278792,14.599099799990654,-152.54237288135593,-186.4406779661017,4791.0,4378.0,531.4824071009456,205.13356063545268
1790039139.4406457,14.711865899967961,-145.76271186440678,-186.4406779661017,4840.0,4396.0,427.54267045486165,148.71049407125622
1790039139.554456,14.825674999970943,-138.98305084745763,-186.4406779661017,4900.0,4406.0,551.9972178742813,91.99953631238022
1790039139.6690137,14.940232599969022,-132.20338983050848,-186.4406779661017,4965.0,4421.0,586.6177818435002,128.32263977826568
1790039139.784404,15.05562210001517,-125.42372881355932,-186.4406779661017,5029.0,4432.0,567.533253343158,73.23009720556878
1790039139.9007428,15.171961800020654,-118.64406779661017,-186.4406779661017,5092.0,4453.0,517.3977252919723,190.62021458125292
1790039140.0141833,15.285402000008617,-111.86440677966102,-186.4406779661017,5152.0,4468.0,526.5146301725464,110.84518529948345
1790039140.1283877,15.399604799982626,-105.08474576271186,-186.4406779661017,5197.0,4486.0,412.5087313172127,165.00349252688508
1790039140.2433877,15.514605899981689,-98.30508474576271,-186.4406779661017,5252.0,4500.0,497.60779657995397,119.79446954702595
1790039140.3551168,15.626334799977485,-91.52542372881356,-186.4406779661017,5303.0,4513.0,459.651077846931,121.94824514306333
1790039140.4682999,15.739515499968547,-84.74576271186442,-186.4406779661017,5360.0,4529.0,481.20478892192983,138.80907372747976
1790039140.5809605,15.852177499968093,-77.96610169491527,-186.4406779661017,5418.0,4550.0,530.0589945430069,167.38705090831797
1790039140.6940022,15.965219300007448,-71.18644067796612,-186.4406779661017,5473.0,4567.0,481.8709939441496,148.2679981366614
1790039140.8095555,16.08077250001952,-64.40677966101697,-186.4406779661017,5520.0,4588.0,407.70803743424295,190.2637508026467
1790039140.9270308,16.198247199994512,-57.62711864406779,-186.4406779661017,5574.0,4614.0,475.82452309350106,215.46770857064197
1790039141.0422504,16.313465900020674,-50.847457627118644,-186.4406779661017,5613.0,4633.0,296.1630230180375,157.33660597833241
1790039141.1643107,16.43552689999342,-44.067796610169495,-186.4406779661017,5663.0,4663.0,444.3424104116513,249.94260585655385
1790039141.2784145,16.54962930001784,-37.288135593220346,-186.4406779661017,5708.0,4686.0,394.68804958341184,211.11221256787147
1790039141.3922632,16.66347719996702,-30.508474576271198,-186.4406779661017,5753.0,4711.0,397.74193587711864,212.7456866319472
1790039141.5053258,16.77654089999851,-23.72881355932205,-186.4406779661017,5793.0,4748.0,345.97708137093923,336.62634944199493
1790039141.6193347,16.890548800001852,-16.9491525423729,-186.4406779661017,5819.0,4784.0,238.79302989636122,321.452155629717
1790039141.7335958,17.004809400008526,-10.169491525423723,-186.4406779661017,5845.0,4812.0,239.0866155795962,239.0866155795962
1790039141.8482616,17.11947560001863,-3.3898305084745743,-186.4406779661017,5870.0,4846.0,221.53219045736805,304.60676187888106
1790039141.962034,17.233246999967378,3.3898305084745743,-186.4406779661017,5901.0,4891.0,286.2961133469232,397.12041528766764
1790039142.0771139,17.348327699990477,10.169491525423723,-186.4406779661017,5927.0,4948.0,209.73249990351403,455.94021718155227
1790039142.190176,17.4613895000075,16.94915254237287,-186.4406779661017,5955.0,4993.0,231.55780973776842,379.7548079699402
1790039142.3032627,17.57447609998053,23.72881355932202,-186.4406779661017,5969.0,5044.0,129.68907040795114,444.6482413986896
1790039142.415647,17.686859800014645,30.50847457627117,-186.4406779661017,5983.0,5090.0,130.45743030877054,391.37229092631156
1790039142.528746,17.799958800023887,37.28813559322032,-186.4406779661017,6015.0,5132.0,287.0612246128431,388.9216591528842
1790039142.641152,17.912364299991168,44.06779661016947,-186.4406779661017,6033.0,5183.0,158.43503468972781,447.345980300408
1790039142.7553835,18.026595900009852,50.847457627118644,-186.4406779661017,6045.0,5236.0,110.09770252606832,458.74042719195137
1790039142.8767214,18.147933700005524,57.627118644067764,-186.4406779661017,6063.0,5290.0,132.88824629412315,451.82003740001863
1790039142.9907033,18.261913799971808,64.40677966101691,-186.4406779661017,6077.0,5341.0,120.29229180794637,444.156154367802
1790039143.1148746,18.386084800004028,71.18644067796606,-186.4406779661017,6090.0,5391.0,117.614701466824,389.03324331334096
1790039143.2272723,18.498482599970885,77.96610169491527,-186.4406779661017,6097.0,5439.0,56.257471699959474,440.6835283163492
1790039143.3426943,18.613904599973466,84.74576271186442,-186.4406779661017,6113.0,5490.0,136.72944977265504,410.18834931796516
1790039143.456462,18.7276714000036,91.52542372881356,-186.4406779661017,6128.0,5539.0,138.58182753010797,443.46184809634553
1790039143.5695105,18.840720299980603,98.30508474576271,-186.4406779661017,6141.0,5580.0,102.6035175867938,373.1037003156138
1790039143.6825874,18.953796999994665,105.08474576271186,-186.4406779661017,6157.0,5629.0,139.45017590234104,427.6472061005125
1790039143.7960026,19.067212000023574,111.86440677966101,-186.4406779661017,6173.0,5665.0,138.58950990910037,286.41832047880746
1790039143.9091356,19.180344799999148,118.64406779661016,-186.4406779661017,6195.0,5716.0,167.20450786223356,455.1678269583025
1790039144.0239558,19.295164300012402,125.42372881355931,-186.4406779661017,6217.0,5772.0,201.21000377142798,512.1709186909076
1790039144.1389904,19.410199299978558,132.20338983050846,-186.4406779661017,6234.0,5833.0,145.96675605076226,501.76072392449527
1790039144.2524505,19.52365920000011,138.9830508474576,-186.4406779661017,6257.0,5884.0,203.02020238928472,442.9531688493485
1790039144.3664646,19.637673099990934,145.76271186440675,-186.4406779661017,6279.0,5926.0,192.8349865060395,376.4873546070295
1790039144.4789782,19.750184100004844,152.5423728813559,-186.4406779661017,6301.0,5969.0,195.6263536888388,391.2527073776776
1790039144.5931013,19.864309299970046,159.32203389830505,-186.4406779661017,6326.0,6017.0,220.07748551936152,403.4753901188294
1790039144.7068007,19.97800860001007,166.1016949152542,-186.4406779661017,6345.0,6051.0,157.54073353215674,305.8143650918336
1790039144.8260055,20.09721290000016,172.88135593220335,-186.4406779661017,6376.0,6091.0,261.0413750843034,315.0499354465731
1790039144.939743,20.21094889997039,179.66101694915255,-186.4406779661017,6414.0,6131.0,343.0433134709566,343.0433134709566
1790039145.05929,20.330495900008827,186.4406779661017,-186.4406779661017,6454.0,6170.0,325.80567104996084,307.1882041328202
1790039145.1722877,20.443494000006467,193.22033898305085,-186.4406779661017,6483.0,6201.0,261.9505587067482,280.66131290008735
1790039145.2861705,20.557375199976377,200.0,-186.4406779661017,6523.0,6246.0,358.5201391352545,413.6770836176014
1790039145.4001958,20.671400799998082,-200.0,-179.66101694915255,6560.0,6278.0,323.24262231036096,267.8296013428705
1790039145.5149975,20.786202699993737,-193.22033898305085,-179.66101694915255,6606.0,6310.0,394.75290749494195,266.22870505472827
1790039145.6273234,20.898528499994427,-186.4406779661017,-179.66101694915255,6649.0,6336.0,383.49153141536533,224.48284765777484
1790039145.739769,21.010973899974488,-179.66101694915255,-179.66101694915255,6690.0,6354.0,372.7490616103813,158.41835118441205
1790039145.853541,21.124745599983726,-172.8813559322034,-179.66101694915255,6741.0,6382.0,461.72570907560873,240.09736871931653
1790039145.9666874,21.23789129999932,-166.10169491525426,-179.66101694915255,6806.0,6401.0,582.8233627369852,166.5209607819958
1790039146.0809937,21.352197900007013,-159.32203389830508,-179.66101694915255,6863.0,6410.0,505.10198916451174,73.4693802421108
1790039146.193158,21.464361499994993,-152.54237288135593,-179.66101694915255,6923.0,6427.0,532.8038945587591,158.90642469296324
1790039146.3056161,21.576819100009743,-145.76271186440678,-179.66101694915255,6972.0,6444.0,428.52684595402735,158.36861698301013
1790039146.4189258,21.690128899994306,-138.98305084745763,-179.66101694915255,7023.0,6463.0,463.29370317944614,176.05160720818952
1790039146.532659,21.803862200002186,-132.20338983050848,-179.66101694915255,7068.0,6478.0,359.1477700914848,119.71592336382827
1790039146.6477802,21.918982799979858,-125.42372881355932,-179.66101694915255,7128.0,6493.0,527.2775205291806,136.36487599892604
1790039146.7608814,22.032083700003568,-118.64406779661017,-179.66101694915255,7175.0,6501.0,418.2762557194357,74.3602232390108
1790039146.8750172,22.14621989999432,-111.86440677966102,-179.66101694915255,7222.0,6512.0,372.6518277451617,93.16295693629043
1790039146.996104,22.26730609999504,-105.08474576271186,-179.66101694915255,7291.0,6529.0,591.4297418403752,132.40964369560638
1790039147.1173742,22.38857629999984,-98.30508474576271,-179.66101694915255,7346.0,6554.0,477.34342479964585,220.99232629613235
1790039147.2315545,22.502754600020126,-91.52542372881356,-179.66101694915255,7397.0,6574.0,426.18360925890585,176.03236034606982
1790039147.3544033,22.625603599997703,-84.74576271186442,-179.66101694915255,7458.0,6604.0,505.56210220867456,248.18503199334933
1790039147.4681673,22.739368300011847,-77.96610169491527,-179.66101694915255,7511.0,6618.0,472.4041853957889,129.67958030472636
1790039147.5798283,22.851029000012204,-71.18644067796612,-179.66101694915255,7557.0,6636.0,412.7901140746128,168.8686830305234
1790039147.693579,22.964779099973384,-64.40677966101697,-179.66101694915255,7599.0,6663.0,359.1024647944428,239.40164319629523
1790039147.80743,23.078630300005898,-57.62711864406779,-179.66101694915255,7643.0,6685.0,377.2452995301133,184.02209733176258
1790039147.9183853,23.18958509998629,-50.847457627118644,-179.66101694915255,7683.0,6706.0,358.7653938926485,179.38269694632424
1790039148.0312996,23.30249809997622,-44.067796610169495,-179.66101694915255,7727.0,6728.0,399.15231197034757,185.65223812574305
1790039148.144614,23.41581320000114,-37.288135593220346,-179.66101694915255,7756.0,6755.0,268.4757613576325,249.96019160883023
1790039148.258709,23.529907800024375,-30.508474576271198,-179.66101694915255,7788.0,6791.0,275.25183252145354,321.12713794169576
1790039148.3732247,23.644422799989115,-23.72881355932205,-179.66101694915255,7820.0,6818.0,292.931918899173,247.16130657117722
1790039148.4883895,23.75958700000774,-16.9491525423729,-179.66101694915255,7853.0,6845.0,265.02582183606717,246.74817895082114
1790039148.6043832,23.875581300002523,-10.169491525423723,-179.66101694915255,7873.0,6872.0,180.84981329059428,226.06226661324285
1790039148.717761,23.98895899998024,-3.3898305084745743,-179.66101694915255,7896.0,6908.0,212.6066499884876,332.77562606893713
1790039148.8333197,24.104517599975225,3.3898305084745743,-179.66101694915255,7922.0,6953.0,190.14006069428893,380.28012138857787
1790039148.9494336,24.2206312000053,10.169491525423723,-179.66101694915255,7939.0,7007.0,135.06918245887272,459.2352203601672
1790039149.0673945,24.33859030000167,16.94915254237287,-179.66101694915255,7965.0,7058.0,219.0788463790121,447.28597802381637
1790039149.183739,24.45493579999311,23.72881355932202,-179.66101694915255,7979.0,7103.0,113.23991672226094,396.33970852791333
1790039149.2978528,24.569047699973453,30.50847457627117,-179.66101694915255,7999.0,7162.0,183.2873130005952,513.2044764016665
1790039149.4129014,24.68409649998648,37.28813559322032,-179.66101694915255,8026.0,7215.0,237.1449210411139,456.0479250790652
1790039149.5263436,24.79753849998815,44.06779661016947,-179.66101694915255,8042.0,7281.0,138.90226467992932,583.389511655703
1790039149.6414447,24.912639099988155,50.847457627118644,-179.66101694915255,8057.0,7341.0,128.22156684869628,531.2036340874561
1790039149.7549906,25.026185199967586,57.627118644067764,-179.66101694915255,8067.0,7384.0,92.80303205609349,371.21212822437394
1790039149.8707578,25.14195209997706,64.40677966101691,-179.66101694915255,8081.0,7431.0,118.05003143043913,417.7154958307846
1790039149.9847343,25.255928799975663,71.18644067796606,-179.66101694915255,8089.0,7479.0,64.66960759924547,415.7331917094351
1790039150.0981522,25.369346300023608,77.96610169491527,-179.66101694915255,8103.0,7532.0,129.20838634953736,452.22935222338083
1790039150.2122006,25.483394999988377,84.74576271186442,-179.66101694915255,8118.0,7586.0,138.17231197135376,469.78586070260286
1790039150.3259642,25.597158599994145,91.52542372881356,-179.66101694915255,8127.0,7637.0,82.92553933305412,451.48349192440577
1790039150.4391153,25.710309399990365,98.30508474576271,-179.66101694915255,8140.0,7676.0,120.35499168131801,361.064975043954
1790039150.5530517,25.82424559997162,105.08474576271186,-179.66101694915255,8152.0,7721.0,110.28519746580426,395.1886242524653
1790039150.673687,25.94488069997169,111.86440677966101,-179.66101694915255,8165.0,7774.0,113.97320226292817,447.12563964687206
1790039150.797451,26.06864349998068,118.64406779661016,-179.66101694915255,8176.0,7828.0,94.99095424383795,414.5059821549292
1790039150.9142203,26.185411599988583,125.42372881355931,-179.66101694915255,8194.0,7872.0,154.8613717105648,400.81766795675594
1790039151.0291693,26.300361900008284,132.20338983050846,-179.66101694915255,8213.0,7916.0,174.97135993187453,349.94271986374906
1790039151.142942,26.41413410002133,138.9830508474576,-179.66101694915255,8238.0,7954.0,230.19939874214114,340.6951101383689
1790039151.2553892,26.52658080001129,145.76271186440675,-179.66101694915255,8257.0,7998.0,177.10184937863167,363.5248487245598
1790039151.3712027,26.642393200017978,152.5423728813559,-179.66101694915255,8285.0,8041.0,244.49988454874855,353.16649990374793
1790039151.4856505,26.756840499991085,159.32203389830505,-179.66101694915255,8313.0,8083.0,258.3705125805083,369.1007322578691
1790039151.5997605,26.870951500022784,166.1016949152542,-179.66101694915255,8342.0,8113.0,258.47760385924704,249.24626086427392
1790039151.7137363,26.984926900011487,172.88135593220335,-179.66101694915255,8369.0,8148.0,248.66045687742616,303.91833618352086
1790039151.8278766,27.099066699971445,179.66101694915255,-179.66101694915255,8404.0,8180.0,302.78146050717356,293.6062647342289
1790039151.9429433,27.21413360000588,186.4406779661017,-179.66101694915255,8445.0,8219.0,365.245102217756,328.72059199598044
1790039152.056787,27.32797689997824,193.22033898305085,-179.66101694915255,8491.0,8246.0,414.2124576680927,239.32275331934247
1790039152.1701725,27.441362000012305,200.0,-179.66101694915255,8534.0,8270.0,369.3669234602256,193.91763481661846
1790039152.2825873,27.55377659999067,-200.0,-172.8813559322034,8598.0,8295.0,559.1058780576878,232.9607825240366
1790039152.3969867,27.66817620000802,-193.22033898305085,-172.8813559322034,8648.0,8322.0,439.29814807731424,247.10520829348928
1790039152.5097404,27.780929600005038,-186.4406779661017,-172.8813559322034,8693.0,8341.0,410.08778679473005,158.44300853432753
1790039152.6310966,27.902285500022117,-179.66101694915255,-172.8813559322034,8748.0,8362.0,466.80365431246986,176.1523223820641
1790039152.7466,28.017787499993574,-172.8813559322034,-172.8813559322034,8803.0,8385.0,471.14513199273483,175.52465701690122
1790039152.8654954,28.136682500015013,-166.10169491525426,-172.8813559322034,8865.0,8401.0,515.6205902939769,117.5976784881
1790039152.979484,28.25067159999162,-159.32203389830508,-172.8813559322034,8920.0,8417.0,482.35284306249395,148.4162594038443
1790039153.0924509,28.363638199982233,-152.54237288135593,-172.8813559322034,8983.0,8434.0,585.2532893324886,148.63575602094951
1790039153.2054949,28.476682199980132,-145.76271186440678,-172.8813559322034,9038.0,8445.0,490.8311810563023,92.60965680307591
1790039153.3178732,28.589060099970084,-138.98305084745763,-172.8813559322034,9087.0,8460.0,438.26603288368744,130.54732894407712
1790039153.4296184,28.700805099972058,-132.20338983050848,-172.8813559322034,9146.0,8472.0,534.7934756647734,112.58810013995229
1790039153.5420022,28.813188700005412,-125.42372881355932,-172.8813559322034,9207.0,8482.0,541.0033935299459,93.27644716033551
1790039153.6555579,28.926742599986028,-118.64406779661017,-172.8813559322034,9261.0,8502.0,470.6177641774426,175.32818665434135
1790039153.77061,29.041795899975114,-111.86440677966102,-172.8813559322034,9321.0,8521.0,521.7305344492164,164.75701087869993
1790039153.8874104,29.158596399996895,-105.08474576271186,-172.8813559322034,9368.0,8535.0,412.2137130746941,125.45634745751559
1790039154.0004354,29.27162060001865,-98.30508474576271,-172.8813559322034,9419.0,8552.0,472.6410345393845,157.54701151312818
1790039154.113417,29.384601400000975,-91.52542372881356,-172.8813559322034,9468.0,8567.0,417.2384379117041,129.8075140169746
1790039154.2262764,29.497461199993268,-84.74576271186442,-172.8813559322034,9516.0,8588.0,427.67503778198795,195.24295203090753
1790039154.3393393,29.610524200019427,-77.96610169491527,-172.8813559322034,9564.0,8605.0,426.134652944311,148.22074885019512
1790039154.4547944,29.725979099981487,-71.18644067796612,-172.8813559322034,9618.0,8633.0,483.810491661929,251.20929374754007
1790039154.5727952,29.843979500001296,-64.40677966101697,-172.8813559322034,9665.0,8661.0,426.3974495317565,244.95172632675374
1790039154.6880622,29.959244599973317,-57.62711864406779,-172.8813559322034,9697.0,8685.0,269.74134594175337,213.93279160897683
1790039154.80693,30.07811280002352,-50.847457627118644,-172.8813559322034,9732.0,8708.0,315.2576349817561,194.71795101814348
1790039154.9254673,30.196649199991953,-44.067796610169495,-172.8813559322034,9771.0,8743.0,332.63300597876616,296.6726810080887
1790039155.0408874,30.31206949998159,-37.288135593220346,-172.8813559322034,9811.0,8785.0,347.84519060792144,375.3066530243363
1790039155.154425,30.42560620000586,-30.508474576271198,-172.8813559322034,9846.0,8821.0,315.5247456047108,315.5247456047108
1790039155.2694032,30.54058490000898,-23.72881355932205,-172.8813559322034,9879.0,8855.0,273.66894264427157,301.03583690869874
1790039155.3832498,30.65443100000266,-16.9491525423729,-172.8813559322034,9899.0,8896.0,176.51299515469384,380.89646322854986
1790039155.496598,30.76777849998325,-10.169491525423723,-172.8813559322034,9922.0,8928.0,194.61238773391082,287.2849533214874
1790039155.6110518,30.882232900010422,-3.3898305084745743,-172.8813559322034,9939.0,8967.0,147.8258057712844,323.36895012468466
1790039155.7234833,30.994664199999534,3.3898305084745743,-172.8813559322034,9957.0,8999.0,168.31128610615633,280.5188101769272
1790039155.837899,31.109079900023062,10.169491525423723,-172.8813559322034,9974.0,9049.0,156.0411801997124,458.9446476462129
1790039155.952556,31.223736500018276,16.94915254237287,-172.8813559322034,9995.0,9094.0,182.5600394053001,392.50408472139526
1790039156.0689857,31.34016600000905,23.72881355932202,-172.8813559322034,10007.0,9158.0,98.98949723232336,566.9398477851247
1790039156.1896033,31.46078339999076,30.50847457627117,-172.8813559322034,10020.0,9208.0,108.9955875330733,390.5675219935127
1790039156.304274,31.575454199977685,37.28813559322032,-172.8813559322034,10038.0,9262.0,147.01544856867784,477.80020784820294
1790039156.41989,31.691068499989342,44.06779661016947,-172.8813559322034,10050.0,9313.0,91.87325896508949,440.9916430324295
1790039156.53766,31.80883910000557,50.847457627118644,-172.8813559322034,10059.0,9352.0,82.11439082715088,319.3337421055868
1790039156.6511862,31.92236409999896,57.627118644067764,-172.8813559322034,10068.0,9412.0,83.02759190700584,535.0667034007043
1790039156.7676525,32.03883019997738,64.40677966101691,-172.8813559322034,10080.0,9468.0,99.94602916908094,481.5581405419355
1790039156.8814068,32.15258429996902,71.18644067796606,-172.8813559322034,10095.0,9526.0,138.5640331923555,517.3057239181272
1790039156.9963343,32.26751129998593,77.96610169491527,-172.8813559322034,10108.0,9573.0,119.19093195828225,430.92106169532815
1790039157.111938,32.38311449997127,84.74576271186442,-172.8813559322034,10120.0,9641.0,109.95797770915927,595.6057125912794
1790039157.2264185,32.49759470002027,91.52542372881356,-172.8813559322034,10137.0,9689.0,147.86118795281126,406.61826687023097
1790039157.3405151,32.611691700003576,98.30508474576271,-172.8813559322034,10149.0,9739.0,111.19213724336421,444.76854897345686
1790039157.4541965,32.725373499968555,105.08474576271186,-172.8813559322034,10165.0,9781.0,147.70585114822416,369.2646278705604
1790039157.5716867,32.84286350000184,111.86440677966101,-172.8813559322034,10177.0,9834.0,98.19683824059133,464.203235319159
1790039157.6844063,32.95558299997356,118.64406779661016,-172.8813559322034,10198.0,9879.0,185.8931281491542,399.6702255206815
1790039157.797242,33.068416099995375,125.42372881355931,-172.8813559322034,10222.0,9917.0,222.8482607093722,343.55773526028213
1790039157.9115655,33.1827414999716,132.20338983050846,-172.8813559322034,10249.0,9969.0,248.0117722406086,468.46668089892734
1790039158.027405,33.29858100001002,138.9830508474576,-172.8813559322034,10263.0,10013.0,108.46192849547778,361.5397616515926
1790039158.1430871,33.414262800011784,145.76271186440675,-172.8813559322034,10289.0,10045.0,218.96771319744866,273.70964149681083
1790039158.2611687,33.5323439000058,152.5423728813559,-172.8813559322034,10319.0,10081.0,268.9261241794117,313.7471448759803
1790039158.3785126,33.64968769997358,159.32203389830505,-172.8813559322034,10351.0,10130.0,264.8029409046573,410.901115196882
1790039158.493013,33.76418779999949,166.1016949152542,-172.8813559322034,10393.0,10163.0,323.75661273205486,296.00604592645016
1790039158.6070137,33.878187599999364,172.88135593220335,-172.8813559322034,10426.0,10202.0,290.2263016378315,355.76127297540637
1790039158.7197769,33.99095090001356,179.66101694915255,-172.8813559322034,10465.0,10233.0,353.52027104508744,269.7917857975667
1790039158.8318105,34.10298429999966,186.4406779661017,-172.8813559322034,10513.0,10269.0,439.56619485195387,280.57416692677907
1790039158.9452143,34.21638759999769,193.22033898305085,-172.8813559322034,10541.0,10295.0,258.5200833834653,221.58864290011311
1790039159.057983,34.32915589999175,200.0,-172.8813559322034,10593.0,10322.0,464.53679660947336,250.8498701691156
1790039159.1707957,34.44196839997312,-200.0,-166.10169491525426,10644.0,10348.0,455.03975081357396,222.87661264338314
1790039159.2845685,34.55574019998312,-193.22033898305085,-166.10169491525426,10693.0,10364.0,413.95259420237807,137.98419806745935
1790039159.398745,34.66991599998437,-186.4406779661017,-166.10169491525426,10747.0,10375.0,477.9732464112513,101.10972520238008
1790039159.5137105,34.78488270001253,-179.66101694915255,-166.10169491525426,10809.0,10390.0,543.3676452313119,110.51545326738547
1790039159.6275027,34.89867379999487,-172.8813559322034,-166.10169491525426,10873.0,10404.0,570.8261789736518,128.89623396179235
1790039159.7420957,35.01326540001901,-166.10169491525426,-166.10169491525426,10923.0,10419.0,439.7549466055631,128.26185942662255
1790039159.8620863,35.133257500012405,-159.32203389830508,-166.10169491525426,10988.0,10431.0,545.7996316684265,88.03219865619783
1790039159.9749188,35.24608790001366,-152.54237288135593,-166.10169491525426,11056.0,10443.0,594.1224576815845,111.39796081529708
1790039160.0896814,35.36085160000948,-145.76271186440678,-166.10169491525426,11107.0,10461.0,437.9869752631471,164.24511572368016
1790039160.2034714,35.47464149998268,-138.98305084745763,-166.10169491525426,11169.0,10481.0,535.5370375509032,175.43454678391657
1790039160.3174443,35.5886148000136,-132.20338983050848,-166.10169491525426,11226.0,10494.0,471.3598083564184,120.15053938496939
1790039160.4336793,35.704849699977785,-125.42372881355932,-166.10169491525426,11286.0,10500.0,541.7328409468461,54.17328409468461
1790039160.5502155,35.82138470001519,-118.64406779661017,-166.10169491525426,11354.0,10521.0,611.7594562374697,179.92925183454992
1790039160.6652098,35.93637900002068,-111.86440677966102,-166.10169491525426,11411.0,10543.0,515.5586216858865,187.47586243123146
1790039160.7816477,36.052816200011875,-105.08474576271186,-166.10169491525426,11473.0,10561.0,521.6431575662242,137.2745151490064
1790039160.8964467,36.16761549998773,-98.30508474576271,-166.10169491525426,11530.0,10587.0,501.2815169123741,241.3577674022542
1790039161.010023,36.281190200010315,-91.52542372881356,-166.10169491525426,11580.0,10606.0,423.8326632876801,175.06131744491134
1790039161.1240594,36.39522740000393,-84.74576271186442,-166.10169491525426,11626.0,10625.0,389.8360461389115,157.7907805800356
1790039161.2371361,36.50830380001571,-77.96610169491527,-166.10169491525426,11659.0,10652.0,296.91376700413304,231.96388047197894
1790039161.3515084,36.622675299993716,-71.18644067796612,-166.10169491525426,11697.0,10674.0,349.91210751956254,184.16426711555923
1790039161.4645424,36.73570989997825,-64.40677966101697,-166.10169491525426,11731.0,10700.0,279.6644770808007,195.76513395656048
1790039161.578667,36.84983389999252,-57.62711864406779,-166.10169491525426,11776.0,10721.0,386.5890420048394,184.0900200023045
1790039161.6918135,36.96297960000811,-50.847457627118644,-166.10169491525426,11811.0,10758.0,305.4639164849151,323.9768811203645
1790039161.8075614,37.078727399988566,-44.067796610169495,-166.10169491525426,11846.0,10793.0,281.1936761196936,317.47673110287985
1790039161.9216204,37.19278659997508,-37.288135593220346,-166.10169491525426,11884.0,10829.0,333.47011777552444,296.41788246713287
1790039162.035376,37.306541999976616,-30.508474576271198,-166.10169491525426,11920.0,10865.0,322.2625407524063,331.4700419167608
1790039162.1492682,37.42043330002343,-23.72881355932205,-166.10169491525426,11947.0,10908.0,239.02023768212578,376.91652865258294
1790039162.2642252,37.5353908999823,-16.9491525423729,-166.10169491525426,11974.0,10957.0,237.178235878711,428.7452725499776
1790039162.3777027,37.64886790001765,-10.169491525423723,-166.10169491525426,11986.0,10987.0,101.59466683998282,240.13284889450483
1790039162.490433,37.76159760000883,-3.3898305084745743,-166.10169491525426,12004.0,11032.0,158.05646333766748,409.0873168739629
1790039162.6048245,37.875989499967545,3.3898305084745743,-166.10169491525426,12024.0,11086.0,182.94043820483836,475.6451393325797
1790039162.7194445,37.9906089999713,10.169491525423723,-166.10169491525426,12038.0,11123.0,101.38510485983458,331.805797723095
1790039162.8374236,38.10858790000202,16.94915254237287,-166.10169491525426,12051.0,11162.0,116.48912530085023,313.6245681176737
1790039162.9535959,38.224760000011884,23.72881355932202,-166.10169491525426,12065.0,11220.0,99.50959862242914,479.4553388171586
1790039163.0709715,38.34213499998441,30.50847457627117,-166.10169491525426,12082.0,11280.0,137.7407938726784,514.232297124666
1790039163.1904743,38.46163769997656,37.28813559322032,-166.10169491525426,12101.0,11333.0,152.60843723932894,457.82531171798684
1790039163.3079047,38.579068000020925,44.06779661016947,-166.10169491525426,12112.0,11384.0,100.25464679170976,446.58888116307077
1790039163.4261715,38.69733459997224,50.847457627118644,-166.10169491525426,12128.0,11427.0,135.96673704255502,380.70686371915406
1790039163.5408223,38.81198489997769,57.627118644067764,-166.10169491525426,12136.0,11486.0,73.59306162758715,524.3505640965584
1790039163.654423,38.92558490001829,64.40677966101691,-166.10169491525426,12146.0,11543.0,83.34413718964709,518.5857425133597
1790039163.7688086,39.039970199984964,71.18644067796606,-166.10169491525426,12160.0,11582.0,129.71863106325372,352.0934271716887
1790039163.8826222,39.15378380002221,77.96610169491527,-166.10169491525426,12180.0,11633.0,184.12561044903563,423.48890403278193
1790039163.994677,39.265838199993595,84.74576271186442,-166.10169491525426,12195.0,11686.0,140.2845907060728,476.9676084006476
1790039164.1070282,39.37818930001231,91.52542372881356,-166.10169491525426,12213.0,11735.0,167.86441029103634,428.98682629931506
1790039164.2201111,39.49127150001004,98.30508474576271,-166.10169491525426,12230.0,11789.0,139.0057566729987,491.1536735779287
1790039164.3354385,39.606598099984694,105.08474576271186,-166.10169491525426,12249.0,11830.0,172.38469728724615,353.8422733790842
1790039164.4502175,39.72137769998517,111.86440677966101,-166.10169491525426,12269.0,11883.0,164.46196273074855,465.9755610704542
1790039164.5641384,39.835297900019214,118.64406779661016,-166.10169491525426,12286.0,11933.0,147.46652506467746,451.6162330105747
1790039164.6765847,39.94774450000841,125.42372881355931,-166.10169491525426,12309.0,11972.0,214.22650263606894,353.939439137853
1790039164.7892535,40.06041269999696,132.20338983050846,-166.10169491525426,12327.0,12010.0,167.23619883143644,343.76329759795266
1790039164.9031441,40.174302999977954,138.9830508474576,-166.10169491525426,12362.0,12056.0,322.04993063402475,414.0641965294604
1790039165.019523,40.29068169998936,145.76271186440675,-166.10169491525426,12401.0,12084.0,325.39931474038065,253.08835590918494
1790039165.1326835,40.40384159999667,152.5423728813559,-166.10169491525426,12431.0,12114.0,277.70063885324447,259.18726292969484
1790039165.2493954,40.520553299982566,159.32203389830505,-166.10169491525426,12465.0,12156.0,287.4959906894685,350.38573865278977
1790039165.3642192,40.635376999969594,166.1016949152542,-166.10169491525426,12500.0,12184.0,291.7195408670908,227.9058913024147
1790039165.4779246,40.7490822999971,172.88135593220335,-166.10169491525426,12537.0,12212.0,331.30623010569565,248.47967257927172
1790039165.5906844,40.86184199998388,179.66101694915255,-166.10169491525426,12568.0,12235.0,278.7598902662261,195.13192318635825
1790039165.70463,40.975786999973934,186.4406779661017,-166.10169491525426,12617.0,12255.0,431.9511507107448,183.80900030244462
1790039165.8192477,41.09040460002143,193.22033898305085,-166.10169491525426,12661.0,12279.0,402.449085576295,192.07797266141353
1790039165.9354255,41.2065821000142,200.0,-166.10169491525426,12692.0,12299.0,273.1509048848475,172.9955730937367
1790039166.0522258,41.32338219997473,-200.0,-159.32203389830508,12739.0,12314.0,402.4840582263327,137.2104743953407
1790039166.1671064,41.438261899980716,-193.22033898305085,-159.32203389830508,12791.0,12333.0,451.52842391006686,165.86758429349393
1790039166.2860963,41.55725189996883,-186.4406779661017,-159.32203389830508,12838.0,12354.0,410.5760745740478,173.3543425979313
1790039166.4035416,41.67469680000795,-179.66101694915255,-159.32203389830508,12887.0,12374.0,439.8286866338919,174.09885512591552
1790039166.5183313,41.789485300017986,-172.8813559322034,-159.32203389830508,12948.0,12384.0,528.8899156196017,83.50893404520026
1790039166.6311905,41.90234460000647,-166.10169491525426,-159.32203389830508,12997.0,12396.0,445.40164562988457,111.35041140747114
1790039166.7465336,42.01768799999263,-159.32203389830508,-159.32203389830508,13043.0,12413.0,382.1210997663081,127.3736999221027
1790039166.8596199,42.13077390001854,-152.54237288135593,-159.32203389830508,13090.0,12422.0,435.33190807566757,83.36142920597891
1790039166.973375,42.24452900001779,-145.76271186440678,-159.32203389830508,13153.0,12439.0,563.2341087860584,147.73353673076943
1790039167.0865073,42.35766049998347,-138.98305084745763,-159.32203389830508,13205.0,12457.0,472.2217849439223,157.40726164797408
1790039167.20059,42.47174309997354,-132.20338983050848,-159.32203389830508,13253.0,12475.0,414.237623276034,165.6950493104136
1790039167.3149974,42.58615039999131,-125.42372881355932,-159.32203389830508,13308.0,12492.0,494.16519028649316,137.26810841291476
1790039167.43099,42.702142699970864,-118.64406779661017,-159.32203389830508,13357.0,12516.0,433.16061050217115,198.5319464801618
1790039167.5466096,42.817762200022116,-111.86440677966102,-159.32203389830508,13408.0,12543.0,438.30052619488623,219.15026309744312
1790039167.6634657,42.93461729999399,-105.08474576271186,-159.32203389830508,13466.0,12570.0,483.38974357193416,241.69487178596708
1790039167.7799718,43.051123399985954,-98.30508474576271,-159.32203389830508,13502.0,12595.0,327.1079837960045,181.72665766444692
1790039167.8950334,43.166185199981555,-91.52542372881356,-159.32203389830508,13535.0,12616.0,266.3906002723079,174.53177259220172
1790039168.008782,43.27993369998876,-84.74576271186442,-159.32203389830508,13575.0,12649.0,367.9074345470036,294.3259476376029
1790039168.1239371,43.395088399993256,-77.96610169491527,-159.32203389830508,13622.0,12669.0,409.0455423610694,181.79801882714196
1790039168.2355542,43.50670550001087,-71.18644067796612,-159.32203389830508,13667.0,12692.0,384.9598983392949,215.95311370253128
1790039168.3516266,43.622777900018264,-64.40677966101697,-159.32203389830508,13701.0,12729.0,288.46266529936196,333.5349567523873
1790039168.469964,43.74111499998253,-57.62711864406779,-159.32203389830508,13737.0,12756.0,313.3177033939478,214.84642518442135
1790039168.5849621,43.856112300010864,-50.847457627118644,-159.32203389830508,13763.0,12793.0,223.41896169887417,316.5101957400717
1790039168.7011087,43.97225839999737,-44.067796610169495,-159.32203389830508,13796.0,12839.0,276.12689693651123,386.57765571111577
1790039168.8167322,44.087880600010976,-37.288135593220346,-159.32203389830508,13826.0,12885.0,258.16897346583556,378.0331397178306
1790039168.935306,44.20645429997239,-30.508474576271198,-159.32203389830508,13852.0,12931.0,230.70754318070476,406.0452759980404
1790039169.0539403,44.32508849998703,-23.72881355932205,-159.32203389830508,13878.0,12964.0,213.68035023317705,293.81048157061844
1790039169.1720788,44.44322670000838,-16.9491525423729,-159.32203389830508,13894.0,13001.0,141.94829361834817,319.3836606412834
1790039169.2882884,44.55943690001732,-10.169491525423723,-159.32203389830508,13917.0,13044.0,199.4824337482408,371.7627174399033
1790039169.4019759,44.673124100023415,-3.3898305084745743,-159.32203389830508,13932.0,13076.0,138.97214344729747,287.2090964577481
1790039169.5150285,44.7861763999681,3.3898305084745743,-159.32203389830508,13951.0,13122.0,175.90296081975882,388.8381239173616
1790039169.628076,44.89922399999341,10.169491525423723,-159.32203389830508,13963.0,13166.0,101.90091529255137,389.07622202610526
1790039169.7411776,45.012325200019404,16.94915254237287,-159.32203389830508,13975.0,13217.0,111.07624547815189,462.8176894922995
1790039169.8539422,45.12508969998453,23.72881355932202,-159.32203389830508,13987.0,13261.0,102.14855556796738,380.73552529878754
1790039169.9672935,45.23844049999025,30.50847457627117,-159.32203389830508,13999.0,13325.0,110.91844168958836,545.3490049738094
1790039170.0803926,45.35153960000025,37.28813559322032,-159.32203389830508,14007.0,13380.0,74.10131317050866,490.9211997546199
1790039170.1931927,45.46433879999677,44.06779661016947,-159.32203389830508,14025.0,13413.0,148.59392995855663,297.18785991711326
1790039170.3059006,45.57704669999657,50.847457627118644,-159.32203389830508,14040.0,13452.0,130.08528951618104,353.08864297249136
1790039170.4172878,45.6884340000106,57.627118644067764,-159.32203389830508,14057.0,13485.0,150.5761891732518,291.7413665231754
1790039170.531078,45.80222369998228,64.40677966101691,-159.32203389830508,14070.0,13522.0,110.50853268950695,313.10750928693636
1790039170.644866,45.91601179999998,71.18644067796606,-159.32203389830508,14088.0,13571.0,165.59764186005722,432.3938426345939
1790039170.7574816,46.028626499988604,77.96610169491527,-159.32203389830508,14100.0,13613.0,111.59842426437147,371.9947475479049
1790039170.8713863,46.14253170002485,84.74576271186442,-159.32203389830508,14117.0,13647.0,147.1635151696496,285.12931064119607
1790039170.992614,46.26375869999174,91.52542372881356,-159.32203389830508,14135.0,13705.0,148.5202577620992,480.5067162891445
1790039171.1142285,46.385372399992775,98.30508474576271,-159.32203389830508,14155.0,13760.0,160.09748150812248,426.9266173549933
1790039171.2313573,46.50249939999776,105.08474576271186,-159.32203389830508,14176.0,13811.0,174.20867995662655,449.27501673024744
1790039171.3525476,46.623690099979285,111.86440677966101,-159.32203389830508,14203.0,13860.0,247.49843251960118,384.9975616971574
1790039171.4673698,46.738512000010815,118.64406779661016,-159.32203389830508,14233.0,13905.0,247.7168762120618,403.6867612344711
1790039171.5834541,46.85459619999165,125.42372881355931,-159.32203389830508,14257.0,13946.0,219.3457464277121,347.2974318438775
1790039171.6979847,46.9691262000124,132.20338983050846,-159.32203389830508,14288.0,13980.0,267.5701311683378,286.02324366270597
1790039171.8125992,47.083741699985694,138.9830508474576,-159.32203389830508,14319.0,14014.0,258.60484534789407,304.7842820171609
1790039171.9273329,47.198474999982864,145.76271186440675,-159.32203389830508,14346.0,14042.0,247.14841090348577,247.14841090348577
1790039172.042926,47.31406629999401,152.5423728813559,-159.32203389830508,14378.0,14083.0,271.58931349609367,353.06610754492175
1790039172.157831,47.42897259996971,159.32203389830505,-159.32203389830508,14420.0,14118.0,377.7778186519063,322.49325982479803
1790039172.270618,47.541758799983654,166.1016949152542,-159.32203389830508,14451.0,14152.0,288.0658052761356,315.94314127060034
1790039172.385357,47.65649750002194,172.88135593220335,-159.32203389830508,14489.0,14177.0,337.58508061886374,209.85018524956394
1790039172.4974477,47.76858879998326,179.66101694915255,-159.32203389830508,14529.0,14205.0,364.78565105319996,252.54391226759998
1790039172.611214,47.88235450000502,186.4406779661017,-159.32203389830508,14583.0,14235.0,489.6404099630217,267.9164507344836
1790039172.7280164,47.99915659998078,193.22033898305085,-159.32203389830508,14635.0,14256.0,456.8496542364852,170.19889079398467
1790039172.8415253,48.11266559996875,200.0,-159.32203389830508,14672.0,14269.0,332.00531197083836,119.89080710058052
1790039172.9560192,48.227159500005655,-200.0,-152.54237288135593,14732.0,14281.0,530.0279087223607,109.66094663221256
1790039173.0762203,48.34735960001126,-193.22033898305085,-152.54237288135593,14783.0,14297.0,437.230634603272,142.76918680923168
1790039173.1901202,48.46125870000105,-186.4406779661017,-152.54237288135593,14850.0,14316.0,597.0015597349197,177.2348380463043
1790039173.3068042,48.57794180000201,-179.66101694915255,-152.54237288135593,14903.0,14338.0,454.98820274632345,185.70947050870345
1790039173.4214418,48.69257939996896,-172.8813559322034,-152.54237288135593,14955.0,14356.0,452.61783997289075,157.03067917426822
1790039173.5348973,48.806034500012174,-166.10169491525426,-152.54237288135593,14996.0,14368.0,352.94237854176953,111.4554879605588
1790039173.6489625,48.920099499984644,-159.32203389830508,-152.54237288135593,15048.0,14383.0,470.8315254376732,129.24786972798873
1790039173.7637525,49.03488960000686,-152.54237288135593,-152.54237288135593,15097.0,14396.0,424.71234982646536,101.56164887154607
1790039173.877144,49.148280899971724,-145.76271186440678,-152.54237288135593,15145.0,14409.0,419.70916959171785,121.24931565982959
1790039173.9901803,49.261316999967676,-138.98305084745763,-152.54237288135593,15186.0,14423.0,381.93218562117784,121.10044909939786
1790039174.1039903,49.37512719997903,-132.20338983050848,-152.54237288135593,15226.0,14436.0,340.65182334095147,119.68847847114512
1790039174.2173839,49.48852070001885,-125.42372881355932,-152.54237288135593,15273.0,14461.0,398.0519521433722,222.16853142885893
1790039174.3321185,49.603255299967714,-118.64406779661017,-152.54237288135593,15320.0,14472.0,401.35438858495127,100.33859714623782
1790039174.4460998,49.71723639999982,-111.86440677966102,-152.54237288135593,15353.0,14491.0,275.68385686351354,174.5997760135586
1790039174.5649278,49.83606379997218,-105.08474576271186,-152.54237288135593,15386.0,14515.0,263.2324214033622,208.77054111301138
1790039174.6836255,49.95476140000392,-98.30508474576271,-152.54237288135593,15434.0,14537.0,423.25412168946707,180.10813688913493
1790039174.8003716,50.07150710001588,-91.52542372881356,-152.54237288135593,15471.0,14563.0,311.1063122575144,219.6044557111866
1790039174.9152431,50.18637780001154,-84.74576271186442,-152.54237288135593,15512.0,14586.0,350.89242104637486,193.91423268352295
1790039175.0371566,50.30828990001464,-77.96610169491527,-152.54237288135593,15554.0,14623.0,359.8463179831589,313.71217465198464
1790039175.150796,50.42193040001439,-71.18644067796612,-152.54237288135593,15588.0,14652.0,297.3217810791299,260.15655844423867
1790039175.2639675,50.535101799992844,-64.40677966101697,-152.54237288135593,15617.0,14690.0,268.37662686011583,323.9028255208294
1790039175.376614,50.64774819999002,-57.62711864406779,-152.54237288135593,15648.0,14720.0,279.0523754012966,260.44888370787686
1790039175.488978,50.760111599985976,-50.847457627118644,-152.54237288135593,15675.0,14746.0,242.47285014004902,233.14697128850867
1790039175.601461,50.87259390001418,-44.067796610169495,-152.54237288135593,15699.0,14775.0,214.3736607288897,260.9766304525614
1790039175.7145028,50.985636299999896,-37.288135593220346,-152.54237288135593,15719.0,14800.0,185.20027558032405,212.98031691737265
1790039175.8276322,51.09876419999637,-30.508474576271198,-152.54237288135593,15743.0,14848.0,194.42536200606915,407.36742515557347
1790039175.941475,51.212606800021604,-23.72881355932205,-152.54237288135593,15762.0,14883.0,166.73104340447938,296.4107438301856
1790039176.0544086,51.325540699996054,-16.9491525423729,-152.54237288135593,15779.0,14924.0,148.8068942568512,344.1159429689684
1790039176.1673205,51.4384520999738,-10.169491525423723,-152.54237288135593,15792.0,14971.0,120.71339760984247,408.56842267946683
1790039176.2810707,51.55220159998862,-3.3898305084745743,-152.54237288135593,15804.0,15013.0,101.53999247532312,369.2363362739022
1790039176.3950515,51.66618270002073,3.3898305084745743,-152.54237288135593,15818.0,15056.0,128.9708037529949,396.1246115270557
1790039176.509148,51.78027920000022,10.169491525423723,-152.54237288135593,15827.0,15091.0,82.58092931729877,311.97239964312865
1790039176.6222475,51.89337860001251,16.94915254237287,-152.54237288135593,15846.0,15143.0,175.92853228226159,462.9698217954253
1790039176.7347076,52.005838299985044,23.72881355932202,-152.54237288135593,15858.0,15190.0,102.44594351114658,428.4103092284312
1790039176.848381,52.11951140000019,30.50847457627117,-152.54237288135593,15869.0,15242.0,92.05941514883399,478.70895877393673
1790039176.961631,52.23276139999507,37.28813559322032,-152.54237288135593,15884.0,15294.0,138.74731527352043,462.49105091173476
1790039177.0768354,52.34796539996751,44.06779661016947,-152.54237288135593,15906.0,15346.0,182.57803843044678,456.44509607611695
1790039177.1919708,52.463100699998904,50.847457627118644,-152.54237288135593,15917.0,15405.0,101.0221605797627,523.4784684587703
1790039177.3083315,52.57946129998891,57.627118644067764,-152.54237288135593,15937.0,15471.0,170.9310976771935,566.7715344033257
1790039177.4281788,52.699307499977294,64.40677966101691,-152.54237288135593,15949.0,15512.0,106.24442768534976,345.29438997738674
1790039177.543161,52.81429000000935,71.18644067796606,-152.54237288135593,15957.0,15563.0,74.0280807054701,462.67550440918814
1790039177.659274,52.930401899968274,77.96610169491527,-152.54237288135593,15975.0,15603.0,148.38955596057122,361.69954265389237
1790039177.7737207,53.044848199991975,84.74576271186442,-152.54237288135593,15992.0,15648.0,147.52118310622805,396.4631795979879
1790039177.889262,53.16038949997164,91.52542372881356,-152.54237288135593,16014.0,15693.0,181.7482913106582,408.93365544898097
1790039178.0051367,53.27626369998325,98.30508474576271,-152.54237288135593,16028.0,15735.0,127.6468485420361,355.5876495099577
1790039178.120847,53.391973400022835,105.08474576271186,-152.54237288135593,16047.0,15775.0,173.13050940036342,346.26101880072684
1790039178.236693,53.50781859998824,111.86440677966101,-152.54237288135593,16070.0,15809.0,182.39288517774887,264.46968350773585
1790039178.3510253,53.62215239997022,118.64406779661016,-152.54237288135593,16097.0,15847.0,223.12525973798694,343.98477542939656
1790039178.4624019,53.73352760000853,125.42372881355931,-152.54237288135593,16128.0,15892.0,263.4054562932654,366.8861712656196
1790039178.576105,53.84723140002461,132.20338983050846,-152.54237288135593,16158.0,15925.0,258.6065172830851,286.31435842055856
1790039178.6895647,53.96069099998567,138.9830508474576,-152.54237288135593,16191.0,15975.0,276.92801910042004,461.5466985007001
1790039178.8053987,54.07652479998069,145.76271186440675,-152.54237288135593,16219.0,16013.0,234.96750227830472,316.3024069131025
1790039178.920751,54.19187699997565,152.5423728813559,-152.54237288135593,16255.0,16038.0,290.9879222038586,218.24094165289395
1790039179.0365117,54.30763699999079,159.32203389830505,-152.54237288135593,16303.0,16067.0,439.3363459801731,247.12669461384738
1790039179.1557515,54.42687640001532,166.1016949152542,-152.54237288135593,16354.0,16105.0,432.947679107844,306.6712727013895
1790039179.2701957,54.54131940001389,172.88135593220335,-152.54237288135593,16403.0,16124.0,416.6720679836349,175.9282064819792
1790039179.386826,54.657949200016446,179.66101694915255,-152.54237288135593,16441.0,16149.0,311.71641148401824,210.8669842391888
1790039179.5025234,54.77364620001754,186.4406779661017,-152.54237288135593,16501.0,16180.0,475.7756974886437,265.336446676359
1790039179.618431,54.88955379999243,193.22033898305085,-152.54237288135593,16552.0,16198.0,467.222080651305,155.740693550435
1790039179.7357237,55.006845899973996,200.0,-152.54237288135593,16603.0,16219.0,441.75186158224324,180.30688227846665
1790039179.8512373,55.12235989997862,-200.0,-145.76271186440678,16657.0,16239.0,472.8050705543865,181.8481040593794
1790039179.9656,55.23672300000908,-193.22033898305085,-145.76271186440678,16711.0,16259.0,486.46614463911703,183.572130052497
1790039180.0796351,55.350757999985944,-186.4406779661017,-145.76271186440678,16769.0,16274.0,486.5005284571684,128.50957355472372
1790039180.1931067,55.46422879997408,-179.66101694915255,-145.76271186440678,16829.0,16286.0,535.4806723240716,101.55667923387567
1790039180.308188,55.5793096999987,-172.8813559322034,-145.76271186440678,16875.0,16293.0,409.22967517935643,63.65794947234434
1790039180.4241283,55.695250599994324,-166.10169491525426,-145.76271186440678,16936.0,16307.0,535.8662550157717,127.15470458001363
1790039180.5412502,55.812372000014875,-159.32203389830508,-145.76271186440678,16986.0,16328.0,402.7598897787567,187.95461523008646
1790039180.657461,55.92858259996865,-152.54237288135593,-145.76271186440678,17048.0,16337.0,519.9314802523639,74.2759257503377
1790039180.7713685,56.04248900001403,-145.76271186440678,-145.76271186440678,17089.0,16349.0,363.8568828580108,111.95596395631101
1790039180.8854358,56.15655670000706,-138.98305084745763,-145.76271186440678,17129.0,16364.0,362.5997846471433,130.16402525794885
1790039180.99888,56.270000600023195,-132.20338983050848,-145.76271186440678,17189.0,16385.0,526.2939213161067,184.66453379512515
1790039181.1116366,56.38275699998485,-125.42372881355932,-145.76271186440678,17238.0,16407.0,455.3797541561785,195.16275178121933
1790039181.2250397,56.4961591999745,-118.64406779661017,-145.76271186440678,17282.0,16421.0,407.9793339212788,111.26709106943967
1790039181.3381808,56.609299600007944,-111.86440677966102,-145.76271186440678,17317.0,16434.0,314.6871917000864,111.06606765885401
1790039181.4519835,56.723102600022685,-105.08474576271186,-145.76271186440678,17360.0,16456.0,378.25809372840484,202.96775761036358
1790039181.568063,56.839181300019845,-98.30508474576271,-145.76271186440678,17404.0,16491.0,372.13523946013834,290.4470161640104
1790039181.6836574,56.95477569999639,-91.52542372881356,-145.76271186440678,17449.0,16526.0,382.60112277963634,300.6151678982857
1790039181.797938,57.0690568999853,-84.74576271186442,-145.76271186440678,17495.0,16552.0,397.2715759223249,230.97184646646798
1790039181.911979,57.18309730000328,-77.96610169491527,-145.76271186440678,17543.0,16595.0,431.35966414954584,394.6482033708611
1790039182.0255547,57.296672499971464,-71.18644067796612,-145.76271186440678,17575.0,16622.0,267.35626135919597,230.47953565447926
1790039182.1388905,57.41000839998014,-64.40677966101697,-145.76271186440678,17603.0,16650.0,249.16690592103748,258.3953098440389
1790039182.2529263,57.5240437000175,-57.62711864406779,-145.76271186440678,17629.0,16677.0,229.46790064070458,238.64661666633276
1790039182.36743,57.63854700000957,-50.847457627118644,-145.76271186440678,17648.0,16718.0,173.7783156010871,347.5566312021742
1790039182.4805648,57.751682100002654,-44.067796610169495,-145.76271186440678,17664.0,16759.0,129.55225817243905,370.1493090641116
1790039182.596185,57.86730220000027,-37.288135593220346,-145.76271186440678,17688.0,16798.0,219.39808136513233,329.0971220476985
1790039182.7119005,57.98301600001287,-30.508474576271198,-145.76271186440678,17714.0,16843.0,219.2101129795738,365.3501882992897
1790039182.8314712,58.1025854999898,-23.72881355932205,-145.76271186440678,17726.0,16887.0,101.10433510061986,367.6521276386177
1790039182.9522038,58.22331929998472,-16.9491525423729,-145.76271186440678,17748.0,16935.0,194.77917608146112,417.3839487459881
1790039183.0659559,58.33707070001401,-10.169491525423723,-145.76271186440678,17763.0,16983.0,139.31211391569423,427.22381600812895
1790039183.1823714,58.45348530000774,-3.3898305084745743,-145.76271186440678,17778.0,17033.0,108.06488213348095,396.2379011560968
1790039183.2961285,58.56724339997163,3.3898305084745743,-145.76271186440678,17788.0,17069.0,74.06803888939012,333.30617500225554
1790039183.4101934,58.68130689999089,10.169491525423723,-145.76271186440678,17800.0,17115.0,101.38772140460765,414.76795120066765
1790039183.5249758,58.79608980001649,16.94915254237287,-145.76271186440678,17809.0,17168.0,82.66322544234862,440.87053569252595
1790039183.6380742,58.90918740001507,23.72881355932202,-145.76271186440678,17820.0,17218.0,102.16326060197511,417.94061155353455
1790039183.7521827,59.02329629997257,30.50847457627117,-145.76271186440678,17841.0,17281.0,184.58136481574772,572.2022309288179
1790039183.8670638,59.13817599997856,37.28813559322032,-145.76271186440678,17858.0,17316.0,146.68738627401854,293.3747725480371
1790039183.9833965,59.25450969999656,44.06779661016947,-145.76271186440678,17864.0,17374.0,54.547785219360165,490.9300669742415
1790039184.0964844,59.3675967999734,50.847457627118644,-145.76271186440678,17881.0,17423.0,148.08192258602998,444.24576775809
1790039184.209933,59.481045999971684,57.627118644067764,-145.76271186440678,17893.0,17488.0,111.07645111230352,546.1258846354923
1790039184.3259246,59.59703730000183,64.40677966101691,-145.76271186440678,17902.0,17539.0,72.13114164052622,450.8196352532889
1790039184.4477446,59.71885599999223,71.18644067796606,-145.76271186440678,17916.0,17578.0,97.22476329852296,335.8673641221702
1790039184.5603476,59.831458600005135,77.96610169491527,-145.76271186440678,17936.0,17630.0,177.50920954369278,439.10172887124
1790039184.6821473,59.953259099973366,84.74576271186442,-145.76271186440678,17959.0,17682.0,193.96384512525478,452.58230529226114
1790039184.798722,60.06983220000984,91.52542372881356,-145.76271186440678,17973.0,17720.0,125.67324955757593,332.13644525930783
1790039184.912691,60.18380200001411,98.30508474576271,-145.76271186440678,18002.0,17750.0,241.3105016774025,269.1540211017182
1790039185.028407,60.29951629997231,105.08474576271186,-145.76271186440678,18020.0,17793.0,163.37051523725697,372.12172915152973
1790039185.1443639,60.41547339997487,111.86440677966101,-145.76271186440678,18049.0,17835.0,247.02336836172245,356.8115320780435
1790039185.2587376,60.52984699996887,118.64406779661016,-145.76271186440678,18078.0,17871.0,267.6558241927491,323.032891267111
1790039185.3743768,60.64548519998789,125.42372881355931,-145.76271186440678,18104.0,17904.0,236.02697603222393,290.4947397319679
1790039185.487642,60.758751399989706,132.20338983050846,-145.76271186440678,18130.0,17934.0,232.48482569596237,260.38300477947786
1790039185.6009955,60.872104900015984,138.9830508474576,-145.76271186440678,18159.0,17964.0,268.88624538400086,259.61430588800084
1790039185.7155132,60.986622099997476,145.76271186440675,-145.76271186440678,18199.0,17984.0,347.6663356140855,182.98228190215025
1790039185.8289096,61.10001850000117,152.5423728813559,-145.76271186440678,18221.0,18011.0,203.78049878359138,231.56874861771746
1790039185.9423254,61.213433899974916,159.32203389830505,-145.76271186440678,18262.0,18043.0,324.1142881887571,287.07265525289915
1790039186.0560832,61.32719159999397,166.1016949152542,-145.76271186440678,18302.0,18063.0,340.58377910609687,184.09934005734968
1790039186.1678793,61.43898759997683,172.88135593220335,-145.76271186440678,18341.0,18083.0,337.34429449697825,187.41349694276568
1790039186.2800338,61.551141700008884,179.66101694915255,-145.76271186440678,18378.0,18107.0,336.0334241965438,224.02228279769588
1790039186.3947108,61.66581849998329,186.4406779661017,-145.76271186440678,18434.0,18131.0,493.9518344394933,192.09238005980296
1790039186.509094,61.78020119998837,193.22033898305085,-145.76271186440678,18475.0,18153.0,329.1666323843353,201.15738645709376
1790039186.6234238,61.89453109999886,200.0,-145.76271186440678,18529.0,18168.0,487.013285287009,137.83394866613463
1790039186.7440834,62.01519040000858,-200.0,-138.98305084745763,18580.0,18181.0,422.0043623856122,114.29284814610331
1790039186.8613882,62.13249420002103,-193.22033898305085,-138.98305084745763,18637.0,18196.0,470.35517343916223,138.33975689387125
1790039186.9778028,62.24890750000486,-186.4406779661017,-138.98305084745763,18689.0,18209.0,462.88881493484723,120.35109188306029
1790039187.097486,62.368591999984346,-179.66101694915255,-138.98305084745763,18735.0,18223.0,408.22991516259776,120.61338402531297
1790039187.2096999,62.4808051,-172.8813559322034,-138.98305084745763,18788.0,18234.0,477.5459756021659,93.63646580434626
1790039187.3248186,62.595922800013795,-166.10169491525426,-138.98305084745763,18843.0,18256.0,491.87629871585585,182.17640693179848
1790039187.438801,62.709906000003684,-159.32203389830508,-138.98305084745763,18883.0,18275.0,353.4541774409182,176.7270887204591
1790039187.551177,62.82228159997612,-152.54237288135593,-138.98305084745763,18929.0,18291.0,429.28347906556814,149.3159927184585
1790039187.6655047,62.936607800016645,-145.76271186440678,-138.98305084745763,18987.0,18305.0,521.8982080717803,109.87330696248007
1790039187.7803984,63.05150250002043,-138.98305084745763,-138.98305084745763,19031.0,18322.0,396.16621664423405,147.41068526297082
1790039187.8970475,63.16815099999076,-132.20338983050848,-138.98305084745763,19088.0,18335.0,475.29710573188913,107.61443903363528
1790039188.0123947,63.28349609998986,-125.42372881355932,-138.98305084745763,19133.0,18358.0,393.25719389647753,201.20135501680247
1790039188.1284971,63.39960050000809,-118.64406779661017,-138.98305084745763,19169.0,18379.0,306.1151912039328,180.0677595317252
1790039188.2406828,63.511785999988206,-111.86440677966102,-138.98305084745763,19212.0,18401.0,373.6578676818696,196.17038053298154
1790039188.356304,63.62740669999039,-105.08474576271186,-138.98305084745763,19249.0,18427.0,317.161710781248,217.48231596428437
1790039188.4735363,63.74463889998151,-98.30508474576271,-138.98305084745763,19289.0,18455.0,307.03710994766294,234.79308407762463
1790039188.5918107,63.862911299976986,-91.52542372881356,-138.98305084745763,19331.0,18490.0,368.87574064218325,295.1005925137466
1790039188.7124467,63.98354859999381,-84.74576271186442,-138.98305084745763,19367.0,18522.0,286.46066763291464,277.2200009350787
1790039188.8273973,64.09849800000666,-77.96610169491527,-138.98305084745763,19401.0,18541.0,294.21229252550506,174.68854868701862
1790039188.9461884,64.21728889999213,-71.18644067796612,-138.98305084745763,19442.0,18573.0,369.76197489824926,286.5655305461432
1790039189.0605276,64.33162740000989,-64.40677966101697,-138.98305084745763,19466.0,18603.0,222.45229562676346,250.2588325801089
1790039189.1752965,64.44639739999548,-57.62711864406779,-138.98305084745763,19491.0,18643.0,228.75254834343107,347.70387348201524
1790039189.2893808,64.56048049998935,-50.847457627118644,-138.98305084745763,19516.0,18681.0,229.393154082787,348.6775942058362
1790039189.403122,64.67422179999994,-44.067796610169495,-138.98305084745763,19529.0,18721.0,120.44687643188321,324.2800519319933
1790039189.516306,64.78740480000852,-37.288135593220346,-138.98305084745763,19539.0,18769.0,83.349231452943,416.74615726471495
1790039189.631045,64.90214429999469,-30.508474576271198,-138.98305084745763,19560.0,18823.0,184.04783767113366,469.3219860613908
1790039189.7461314,65.01723100000527,-23.72881355932205,-138.98305084745763,19588.0,18863.0,220.89765445348226,349.75461955134693
1790039189.8596683,65.1307665000204,-16.9491525423729,-138.98305084745763,19602.0,18915.0,129.17035722323556,479.7756125434463
1790039189.9747055,65.24580430000788,-10.169491525423723,-138.98305084745763,19610.0,18967.0,64.28021768400097,431.59574730686364
1790039190.088771,65.35986999998568,-3.3898305084745743,-138.98305084745763,19617.0,19025.0,55.036631484080814,522.8479990987678
1790039190.201662,65.47276059997967,3.3898305084745743,-138.98305084745763,19627.0,19077.0,92.76145282234104,463.8072641117052
1790039190.3156533,65.58675189997302,10.169491525423723,-138.98305084745763,19638.0,19118.0,82.75725089340698,331.0290035736279
1790039190.4327908,65.70388919999823,16.94915254237287,-138.98305084745763,19650.0,19169.0,100.243774646173,419.2012394294507
1790039190.5512028,65.8223003000021,23.72881355932202,-138.98305084745763,19664.0,19210.0,124.29429696086136,355.12656274531815
1790039190.6659436,65.93704099999741,30.50847457627117,-138.98305084745763,19676.0,19257.0,110.58990500184552,396.2804929232798
1790039190.780444,66.05154080002103,37.28813559322032,-138.98305084745763,19689.0,19305.0,120.04048134681814,415.5247431236013
1790039190.895651,66.16674610000337,44.06779661016947,-138.98305084745763,19703.0,19351.0,119.77835476409881,405.4036622784883
1790039191.0101755,66.281270699983,50.847457627118644,-138.98305084745763,19713.0,19404.0,92.82284481185113,473.3965085404408
1790039191.1249058,66.39600140001858,57.627118644067764,-138.98305084745763,19724.0,19445.0,92.34309521484445,360.1380713378934
1790039191.2386901,66.50978490000125,64.40677966101691,-138.98305084745763,19745.0,19485.0,175.85004986465947,342.4448339469684
1790039191.3583753,66.6294694999815,71.18644067796606,-138.98305084745763,19762.0,19522.0,141.32727510462604,317.9863689854086
1790039191.4721227,66.7432179999887,77.96610169491527,-138.98305084745763,19788.0,19560.0,222.7202495025092,334.0803742537638
1790039191.5841742,66.85526909999317,84.74576271186442,-138.98305084745763,19808.0,19595.0,186.98806175642747,317.8797049859267
1790039191.6972673,66.9683619000134,91.52542372881356,-138.98305084745763,19828.0,19637.0,175.93130163338307,388.90077203168886
1790039191.8103564,67.08145100000547,98.30508474576271,-138.98305084745763,19847.0,19680.0,157.45522715687503,379.7449596136397
1790039191.9220772,67.19317099999171,105.08474576271186,-138.98305084745763,19866.0,19719.0,159.40633331053237,356.3200391647194
1790039192.034195,67.30528879998019,111.86440677966101,-138.98305084745763,19902.0,19751.0,317.76294883145835,289.72504158162377
1790039192.14828,67.41937249997864,118.64406779661016,-138.98305084745763,19924.0,19780.0,192.6169023903409,238.47806962613635
1790039192.262385,67.53347789996769,125.42372881355931,-138.98305084745763,19972.0,19819.0,434.09552489109313,341.7347749142648
1790039192.375104,67.6461971999961,132.20338983050846,-138.98305084745763,20008.0,19840.0,317.9679974520908,187.0399985012299
1790039192.4891932,67.76028639997821,138.9830508474576,-138.98305084745763,20049.0,19865.0,366.9213098731743,229.32581867073398
1790039192.6019828,67.87307550001424,145.76271186440675,-138.98305084745763,20090.0,19891.0,362.2222614785535,232.19375735804712
1790039192.717761,67.98885339999106,152.5423728813559,-138.98305084745763,20137.0,19916.0,411.74140075251466,228.74522264028593
1790039192.8341165,68.10520890000043,159.32203389830505,-138.98305084745763,20171.0,19944.0,279.8328946498,234.69855680305807
1790039192.9516869,68.22277860000031,166.1016949152542,-138.98305084745763,20205.0,19968.0,299.0812767022835,199.38751780152236
1790039193.0681436,68.33923380001215,172.88135593220335,-138.98305084745763,20245.0,19998.0,305.50152710622706,259.2134169386169
1790039193.1808908,68.45198259997414,179.66101694915255,-138.98305084745763,20285.0,20017.0,373.2265905267038,149.29063621068153
1790039193.295049,68.56613880000077,186.4406779661017,-138.98305084745763,20335.0,20040.0,440.1876667334446,201.7526805861621
1790039193.4105225,68.68161129998043,193.22033898305085,-138.98305084745763,20370.0,20056.0,317.92892014243563,118.08788462433323
1790039193.5272822,68.79837159998715,200.0,-138.98305084745763,20409.0,20070.0,342.3916960136147,126.14430905764752
1790039193.6413374,68.91242730000522,-200.0,-132.20338983050848,20467.0,20082.0,506.624810356193,101.3249620712386
1790039193.7554383,69.0265272000106,-193.22033898305085,-132.20338983050848,20512.0,20095.0,394.4516251944787,119.25281691926101
1790039193.868544,69.13963290001266,-186.4406779661017,-132.20338983050848,20565.0,20106.0,464.776451821665,92.955290364333
1790039193.9819815,69.25307049998082,-179.66101694915255,-132.20338983050848,20612.0,20119.0,435.25208505291766,111.1281919284045
1790039194.096748,69.36783659999492,-172.8813559322034,-132.20338983050848,20668.0,20134.0,475.64470450925944,137.20520322382484
1790039194.211155,69.48224350000964,-166.10169491525426,-132.20338983050848,20719.0,20149.0,459.21103880663907,137.76331164199172
1790039194.3250017,69.59609040000942,-159.32203389830508,-132.20338983050848,20763.0,20162.0,386.48765541980026,110.42504440565722
1790039194.437636,69.70872429996962,-152.54237288135593,-132.20338983050848,20803.0,20174.0,353.1503332742895,111.52115787609142
1790039194.5527778,69.82386579999002,-145.76271186440678,-132.20338983050848,20848.0,20183.0,403.51498245451,73.36636044627456
1790039194.6670394,69.93812760000583,-138.98305084745763,-132.20338983050848,20894.0,20208.0,398.9760234371774,231.96280432394036
1790039194.7838466,70.05493400001433,-132.20338983050848,-132.20338983050848,20948.0,20234.0,433.533451238745,234.83061942098686
1790039194.8991418,70.17022839997662,-125.42372881355932,-132.20338983050848,20980.0,20251.0,277.9360469031921,157.4970932451422
1790039195.015344,70.28642979997676,-118.64406779661017,-132.20338983050848,21015.0,20266.0,296.6652050430134,139.06181486391253
1790039195.1283643,70.39945089997491,-111.86440677966102,-132.20338983050848,21060.0,20281.0,390.0804401652851,139.31444291617325
1790039195.2424428,70.5135287999874,-105.08474576271186,-132.20338983050848,21099.0,20310.0,330.2682605276824,266.04943209174417
1790039195.3545897,70.62567520001903,-98.30508474576271,-132.20338983050848,21128.0,20335.0,270.88272275270015,233.51958857991391
1790039195.4694004,70.74048450001283,-91.52542372881356,-132.20338983050848,21164.0,20374.0,319.9303832995447,329.0712513938174
1790039195.584396,70.85548129997915,-84.74576271186442,-132.20338983050848,21198.0,20401.0,312.0230751015341,247.78303022768884
1790039195.698479,70.96956350002438,-77.96610169491527,-132.20338983050848,21222.0,20422.0,211.09322424455607,192.7372917015512
1790039195.8112597,71.08234459999949,-71.18644067796612,-132.20338983050848,21251.0,20456.0,269.48066434357804,315.94284785109147
1790039195.9250326,71.19611680001253,-64.40677966101697,-132.20338983050848,21281.0,20486.0,230.08584044684704,266.8995749183426
1790039196.0397787,71.31086279998999,-57.62711864406779,-132.20338983050848,21300.0,20529.0,173.92084404636105,366.14914536076014
1790039196.1538465,71.4249302999815,-50.847457627118644,-132.20338983050848,21322.0,20567.0,175.10552408833865,340.9949679615016
1790039196.2670057,71.53808949998347,-44.067796610169495,-132.20338983050848,21339.0,20609.0,157.39137684094305,370.3326513904542
1790039196.379675,71.65075849997811,-37.288135593220346,-132.20338983050848,21354.0,20656.0,130.12615736451434,436.85209972372667
1790039196.4930909,71.76417430001311,-30.508474576271198,-132.20338983050848,21366.0,20713.0,83.13542484656939,498.8125490794164
1790039196.6068373,71.87792040000204,-23.72881355932205,-132.20338983050848,21378.0,20756.0,110.63252299700525,368.7750766566842
1790039196.7234588,71.99454179999884,-16.9491525423729,-132.20338983050848,21387.0,20809.0,72.85788704984347,437.1473222990609
1790039196.838973,72.11005550000118,-10.169491525423723,-132.20338983050848,21403.0,20871.0,137.88716419305885,523.9712239336236
1790039196.9537377,72.22482030000538,-3.3898305084745743,-132.20338983050848,21413.0,20931.0,82.75717479553556,542.5192569929553
1790039197.0667,72.33778200001689,3.3898305084745743,-132.20338983050848,21423.0,20972.0,93.48642670329535,383.294349483511
1790039197.1824582,72.45353980001528,10.169491525423723,-132.20338983050848,21434.0,21014.0,101.11288516202607,367.6832187710039
1790039197.2965033,72.56758440000704,16.94915254237287,-132.20338983050848,21444.0,21065.0,92.46639306901301,443.83868673126244
1790039197.411341,72.68242149997968,23.72881355932202,-132.20338983050848,21457.0,21107.0,118.49367198916416,364.5959138128128
1790039197.525745,72.79682519997004,30.50847457627117,-132.20338983050848,21470.0,21151.0,119.69553141151239,349.8792456644208
1790039197.6395488,72.91062849998707,37.28813559322032,-132.20338983050848,21482.0,21205.0,110.45513036269206,469.43430404144124
1790039197.7547052,73.02578470000299,44.06779661016947,-132.20338983050848,21493.0,21258.0,100.29889070073591,428.54980572132615
1790039197.8677084,73.1387882999843,50.847457627118644,-132.20338983050848,21500.0,21302.0,56.09862136539262,383.3405793301829
1790039197.9808278,73.25190689996816,57.627118644067764,-132.20338983050848,21527.0,21339.0,250.04584166515636,333.39445555354183
1790039198.094624,73.3657031999901,64.40677966101691,-132.20338983050848,21545.0,21382.0,156.46341154440927,377.3529337247518
1790039198.2076252,73.47870390000753,71.18644067796606,-132.20338983050848,21568.0,21418.0,203.87567658923447,324.34766730105486
1790039198.3210332,73.59211179998238,77.96610169491527,-132.20338983050848,21579.0,21458.0,101.60236161815747,360.22655482801287
1790039198.4324737,73.7035523999948,84.74576271186442,-132.20338983050848,21595.0,21495.0,150.5723632232167,310.55549914788446
1790039198.5459783,73.81705680000596,91.52542372881356,-132.20338983050848,21628.0,21545.0,304.391539734659,442.75133052314027
1790039198.65869,73.92976809997344,98.30508474576271,-132.20338983050848,21653.0,21579.0,213.52802128960508,315.65011842811185
1790039198.7717469,74.04282470000908,105.08474576271186,-132.20338983050848,21685.0,21609.0,287.19339781947144,277.9290946640046
1790039198.8827837,74.15386129997205,111.86440677966101,-132.20338983050848,21710.0,21641.0,226.47919215311646,301.9722562041553
1790039198.9955184,74.2665960000013,118.64406779661016,-132.20338983050848,21746.0,21670.0,325.3468429986252,260.27747439890015
1790039199.1089509,74.38002799998503,125.42372881355931,-132.20338983050848,21785.0,21704.0,341.6303338332821,295.4640725044602
1790039199.2251077,74.4961837999872,132.20338983050846,-132.20338983050848,21817.0,21731.0,279.1040219675331,243.09059977817398
1790039199.346773,74.61784979997901,138.9830508474576,-132.20338983050848,21855.0,21749.0,303.7930734701345,147.5566356854939
1790039199.4617298,74.73280519997934,145.76271186440675,-132.20338983050848,21905.0,21773.0,425.76114045884924,203.62489326292788
1790039199.580014,74.85108990001027,152.5423728813559,-132.20338983050848,21952.0,21797.0,420.94590198498963,210.47295099249482
1790039199.6951094,74.96618410001975,159.32203389830505,-132.20338983050848,21999.0,21817.0,406.5852018431447,166.33030984492282
1790039199.8083587,75.07943410001462,166.1016949152542,-132.20338983050848,22059.0,21833.0,519.2059855852398,120.52996093943067
1790039199.9208133,75.19188820000272,172.88135593220335,-132.20338983050848,22101.0,21847.0,372.8901410402203,130.51154936407713
1790039200.03493,75.30600460001733,179.66101694915255,-132.20338983050848,22160.0,21861.0,513.8793302111785,119.29341594188074
1790039200.1488228,75.41989580000518,186.4406779661017,-132.20338983050848,22192.0,21875.0,248.238426521715,119.52220536230723
1790039200.2614508,75.53252459998475,193.22033898305085,-132.20338983050848,22246.0,21893.0,467.4802069876622,168.2928745155584
1790039200.3762238,75.6472972999909,200.0,-132.20338983050848,22293.0,21913.0,428.6377436656724,173.27908786484628
1790039200.4918027,75.76287590002175,-200.0,-125.42372881355932,22345.0,21930.0,443.48145619076786,153.8609133723072
1790039200.6054065,75.87647919997107,-193.22033898305085,-125.42372881355932,22400.0,21946.0,492.77068220908427,139.46340062521253
1790039200.7192116,75.99028440000257,-186.4406779661017,-125.42372881355932,22452.0,21957.0,469.31032552465416,92.02163245581454
1790039200.8329456,76.10401790001197,-179.66101694915255,-125.42372881355932,22503.0,21966.0,460.4882649038237,73.67812238461178
1790039200.9453886,76.21646079997299,-172.8813559322034,-125.42372881355932,22550.0,21983.0,382.0264920386509,158.40122840626987
1790039201.059117,76.33018920000177,-166.10169491525426,-125.42372881355932,22601.0,22004.0,443.29311376098036,175.4701908637214
1790039201.172172,76.44324390002294,-159.32203389830508,-125.42372881355932,22645.0,22025.0,398.32407463847454,185.2670114597556
1790039201.2856257,76.55669739999576,-152.54237288135593,-125.42372881355932,22699.0,22038.0,479.9660332410482,110.76139228639573
1790039201.3976831,76.66875489999074,-145.76271186440678,-125.42372881355932,22735.0,22059.0,336.574420329518,196.33507852555215
1790039201.5136197,76.7846903000027,-138.98305084745763,-125.42372881355932,22795.0,22082.0,534.0560288314515,181.0359419767632
1790039201.6289976,76.90006890002405,-132.20338983050848,-125.42372881355932,22831.0,22106.0,319.0371276869851,218.76831612821837
1790039201.7431,77.01417089998722,-125.42372881355932,-125.42372881355932,22869.0,22128.0,332.22192804775216,193.7961246945221
1790039201.8585987,77.12966929998947,-118.64406779661017,-125.42372881355932,22903.0,22155.0,265.80070635504404,219.97299836279507
1790039201.9738245,77.2448948000092,-111.86440677966102,-125.42372881355932,22933.0,22180.0,277.51080214984313,203.50792157655164
1790039202.091205,77.3622748000198,-105.08474576271186,-125.42372881355932,22973.0,22209.0,345.1050480995859,263.36964197073655
1790039202.2092466,77.4803161000018,-98.30508474576271,-125.42372881355932,23003.0,22247.0,267.9468984298314,341.86328420357796
1790039202.325416,77.59648489998654,-91.52542372881356,-125.42372881355932,23029.0,22279.0,229.65550749600055,257.21416839552063
1790039202.440761,77.71182979998412,-84.74576271186442,-125.42372881355932,23061.0,22318.0,288.2822563672066,344.07882211569824
1790039202.553195,77.82426359999226,-77.96610169491527,-125.42372881355932,23089.0,22343.0,261.3273751657821,233.32801354087687
1790039202.6667042,77.9377713999711,-71.18644067796612,-125.42372881355932,23110.0,22370.0,175.23229807448516,230.56881325590152
1790039202.780731,78.05179900000803,-64.40677966101697,-125.42372881355932,23131.0,22407.0,175.97203707672907,333.4207018295919
1790039202.8941433,78.16521140001714,-57.62711864406779,-125.42372881355932,23146.0,22447.0,138.46388165974372,350.77516687135073
1790039203.0092995,78.28036699997028,-50.847457627118644,-125.42372881355932,23167.0,22494.0,190.93998842725924,409.15711805841266
1790039203.1227121,78.39377969998168,-44.067796610169495,-125.42372881355932,23186.0,22548.0,166.15221020497194,489.2259522701952
1790039203.2357862,78.50685309997061,-37.288135593220346,-125.42372881355932,23206.0,22593.0,185.23114988990102,388.98541476879217
1790039203.3489025,78.61996909999289,-30.508474576271198,-125.42372881355932,23217.0,22642.0,101.84100769065518,435.1388510418903
1790039203.4609668,78.73203339998145,-23.72881355932205,-125.42372881355932,23229.0,22693.0,112.16357939105237,458.0012825134638
1790039203.573994,78.845060200023,-16.9491525423729,-125.42372881355932,23244.0,22735.0,138.9476843329926,379.79033717684644
1790039203.6861188,78.95718470000429,-10.169491525423723,-125.42372881355932,23262.0,22786.0,158.90196868072974,458.01155678563276
1790039203.799171,79.07023680000566,-3.3898305084745743,-125.42372881355932,23279.0,22828.0,148.19891997737446,389.0221649406079
1790039203.9122617,79.18332710000686,3.3898305084745743,-125.42372881355932,23293.0,22887.0,129.6674493018328,527.9317578717478
1790039204.025294,79.29635929997312,10.169491525423723,-125.42372881355932,23311.0,22937.0,167.46148850284706,455.8673853688614
1790039204.139083,79.41014819999691,16.94915254237287,-125.42372881355932,23320.0,22995.0,82.8640008331095,524.8053386096934
1790039204.2540128,79.52507789997617,23.72881355932202,-125.42372881355932,23325.0,23039.0,36.41703696968628,373.2746289392844
1790039204.368324,79.6393888000166,30.50847457627117,-125.42372881355932,23333.0,23087.0,73.3895803348183,403.6426918415007
1790039204.4835622,79.75462620001053,37.28813559322032,-125.42372881355932,23347.0,23132.0,119.37206618398201,358.11619855194607
1790039204.6001468,79.87121060001664,44.06779661016947,-125.42372881355932,23368.0,23169.0,174.4454013406158,302.98411811791163
1790039204.714739,79.9858028999879,50.847457627118644,-125.42372881355932,23384.0,23222.0,130.46484626969595,437.98912676255065
1790039204.8284352,80.09949839999899,57.627118644067764,-125.42372881355932,23404.0,23267.0,185.75690369099902,399.3773429356479
1790039204.9443603,80.21542289998615,64.40677966101691,-125.42372881355932,23433.0,23315.0,259.0038528134099,434.75646722250946
1790039205.0573199,80.32838259998243,71.18644067796606,-125.42372881355932,23448.0,23353.0,130.1456330257796,334.6601992091476
1790039205.1700444,80.44110669998918,77.96610169491527,-125.42372881355932,23478.0,23386.0,278.6260392576991,287.9135738996224
1790039205.2835832,80.55464410001878,84.74576271186442,-125.42372881355932,23510.0,23423.0,285.813069089767,322.6921747787692
1790039205.3982248,80.66928689996712,91.52542372881356,-125.42372881355932,23541.0,23459.0,274.6173892170897,311.2330411127016
1790039205.5113595,80.78242050000699,98.30508474576271,-125.42372881355932,23571.0,23488.0,259.15559705127174,249.9000400137263
1790039205.6251175,80.8961787999724,105.08474576271186,-125.42372881355932,23597.0,23533.0,193.80918097229136,406.07637918003905
1790039205.7383986,81.0094588000211,111.86440677966101,-125.42372881355932,23626.0,23556.0,258.74775327605397,175.57883258017947
1790039205.85232,81.1233809000114,118.64406779661016,-125.42372881355932,23675.0,23583.0,395.7622149525974,248.50185590046812
1790039205.9660003,81.23706090002088,125.42372881355931,-125.42372881355932,23698.0,23619.0,202.5756574256827,322.2794549954043
1790039206.0801175,81.35117779998109,132.20338983050846,-125.42372881355932,23735.0,23637.0,330.35251373058924,165.17625686529462
1790039206.1942742,81.46533430001,138.9830508474576,-125.42372881355932,23778.0,23651.0,357.64460762371846,110.04449465345184
1790039206.3080037,81.57906359998742,145.76271186440675,-125.42372881355932,23814.0,23677.0,303.81005438559697,211.74640154147667
1790039206.4214156,81.69247519999044,152.5423728813559,-125.42372881355932,23853.0,23689.0,341.48214323973434,101.52171826046157
1790039206.535254,81.80631309997989,159.32203389830505,-125.42372881355932,23895.0,23711.0,367.81169524070316,193.10114000136915
1790039206.6525593,81.92361850000452,166.1016949152542,-125.42372881355932,23944.0,23727.0,409.61089639210564,133.56877056264312
1790039206.7687478,82.03980690002209,172.88135593220335,-125.42372881355932,24002.0,23739.0,497.9202607992779,101.42820127392697
1790039206.8837037,82.15476230002241,179.66101694915255,-125.42372881355932,24045.0,23757.0,381.4443156599921,158.15983820048453
1790039206.996655,82.26771350001218,186.4406779661017,-125.42372881355932,24094.0,23776.0,417.86920126213846,167.1476805048554
1790039207.1135178,82.38457559997914,193.22033898305085,-125.42372881355932,24152.0,23791.0,521.8456491180989,137.3278023994997
1790039207.2358415,82.50689730001613,200.0,-125.42372881355932,24214.0,23811.0,550.5131958641718,162.44651681237858
1790039207.3544698,82.62552669999423,-200.0,-118.64406779661017,24263.0,23827.0,446.92404532074556,102.42009371933752
1790039207.4679122,82.73896899999818,-193.22033898305085,-118.64406779661017,24324.0,23840.0,526.3605033374319,120.04713234011605
1790039207.5817568,82.85281339997891,-186.4406779661017,-118.64406779661017,24371.0,23856.0,396.6109134365281,138.3526442220447
1790039207.6954594,82.96651519997977,-179.66101694915255,-118.64406779661017,24405.0,23866.0,267.70746406327567,92.31291864250885
1790039207.8085406,83.07959679997293,-172.8813559322034,-118.64406779661017,24448.0,23881.0,389.0254079547249,129.6751359849083
1790039207.9212947,83.19234999996843,-166.10169491525426,-118.64406779661017,24496.0,23893.0,445.84017189570517,102.17170605943242
1790039208.0353932,83.30644870002288,-159.32203389830508,-118.64406779661017,24541.0,23916.0,375.9760474905592,183.40294999539475
1790039208.1488225,83.41987679997692,-152.54237288135593,-118.64406779661017,24587.0,23932.0,406.07038293107945,138.4330850901407
1790039208.2621994,83.53325420001056,-145.76271186440678,-118.64406779661017,24627.0,23955.0,352.190998830131,203.90005195428637
1790039208.3752832,83.6463377000182,-138.98305084745763,-118.64406779661017,24677.0,23973.0,435.57680089418506,166.81664715096449
1790039208.488815,83.75986789999297,-132.20338983050848,-118.64406779661017,24706.0,24001.0,258.42249680331344,258.42249680331344
1790039208.600499,83.8715530000045,-125.42372881355932,-118.64406779661017,24749.0,24023.0,374.8659854725614,196.80464237309477
1790039208.7148654,83.98591950000264,-118.64406779661017,-118.64406779661017,24787.0,24046.0,340.6022769375041,202.5202727736511
1790039208.8289804,84.1000342000043,-111.86440677966102,-118.64406779661017,24827.0,24088.0,367.0502647961473,367.0502647961473
1790039208.9437108,84.21476439997787,-105.08474576271186,-118.64406779661017,24856.0,24127.0,246.31283376961346,328.41711169281797
1790039209.0588255,84.3298788999673,-98.30508474576271,-118.64406779661017,24886.0,24151.0,247.04438836627747,210.44521971942154
1790039209.1717217,84.44277510000393,-91.52542372881356,-118.64406779661017,24917.0,24193.0,269.11355851397883,380.4708930714873
1790039209.2867217,84.55777459999081,-84.74576271186442,-118.64406779661017,24942.0,24231.0,203.05767944850692,350.7359917746938
1790039209.4026177,84.67367039999226,-77.96610169491527,-118.64406779661017,24971.0,24257.0,245.4918156308068,209.12265775957616
1790039209.517472,84.7885245999787,-71.18644067796612,-118.64406779661017,24994.0,24293.0,206.13862081125652,299.8379939072822
1790039209.6310978,84.90214889997151,-64.40677966101697,-118.64406779661017,25013.0,24322.0,167.72097934986755,270.2171333970088
1790039209.749662,85.02071199996863,-57.62711864406779,-118.64406779661017,25030.0,24370.0,156.4343279480714,395.68682951571
1790039209.8640232,85.13507309998386,-50.847457627118644,-118.64406779661017,25045.0,24407.0,138.07704697770916,331.384912746502
1790039209.977752,85.24880230001872,-44.067796610169495,-118.64406779661017,25058.0,24458.0,111.49950104485741,455.2896292665011
1790039210.0922258,85.36327630002052,-37.288135593220346,-118.64406779661017,25077.0,24499.0,147.69971539931996,350.7868240733849
1790039210.2056062,85.47665620001499,-30.508474576271198,-118.64406779661017,25088.0,24543.0,101.553491475066,406.213965900264
1790039210.3207276,85.59177729999647,-23.72881355932205,-118.64406779661017,25107.0,24588.0,163.58773346142718,390.7929188245205
1790039210.4324777,85.7035272999783,-16.9491525423729,-118.64406779661017,25113.0,24640.0,37.506282294723405,478.2050992577235
1790039210.5452132,85.8162624000106,-10.169491525423723,-118.64406779661017,25127.0,24685.0,130.04275618325667,417.9945734461822
1790039210.6592658,85.93031470000278,-3.3898305084745743,-118.64406779661017,25133.0,24722.0,55.06698900752708,339.579765546417
1790039210.772671,86.04371970001375,3.3898305084745743,-118.64406779661017,25142.0,24773.0,73.89098861914468,424.8731845600819
1790039210.8861773,86.15722489997279,10.169491525423723,-118.64406779661017,25152.0,24829.0,92.29621915313372,489.16996151160873
1790039210.9992292,86.27027749997796,16.94915254237287,-118.64406779661017,25161.0,24881.0,83.62889953705064,473.8970973766203
1790039211.1126108,86.38365859998157,23.72881355932202,-118.64406779661017,25171.0,24926.0,74.09698926372168,398.271317292504
1790039211.2246926,86.49574039998697,30.50847457627117,-118.64406779661017,25185.0,24966.0,121.5715650028743,374.0663538549978
1790039211.337767,86.608814599982,37.28813559322032,-118.64406779661017,25203.0,25013.0,148.1729808613107,416.73650867243634
1790039211.4502075,86.7212549999822,44.06779661016947,-118.64406779661017,25216.0,25049.0,121.21008696619687,317.0109966808226
1790039211.5627964,86.83384410000872,50.847457627118644,-118.64406779661017,25232.0,25096.0,139.537739344336,418.61321803300797
1790039211.6786258,86.94967290002387,57.627118644067764,-118.64406779661017,25255.0,25138.0,199.6236187521325,335.7306315376774
1790039211.793468,87.06451499997638,64.40677966101691,-118.64406779661017,25278.0,25178.0,203.84054103320085,333.55724896341957
1790039211.90849,87.17953570000827,71.18644067796606,-118.64406779661017,25307.0,25208.0,247.73324092559224,256.9085461450586
1790039212.0217469,87.292792799999,77.96610169491527,-118.64406779661017,25335.0,25242.0,262.43324350700124,309.29632270468005
1790039212.1369097,87.4079544999986,84.74576271186442,-118.64406779661017,25366.0,25268.0,258.82381217477376,221.8489818640918
1790039212.2502775,87.52132290002191,91.52542372881356,-118.64406779661017,25398.0,25295.0,269.5555586868623,232.37548162660545
1790039212.363082,87.6341270999983,98.30508474576271,-118.64406779661017,25423.0,25334.0,223.61755435421767,335.4263315313265
1790039212.4770637,87.74810859997524,105.08474576271186,-118.64406779661017,25454.0,25359.0,248.70557948354158,221.07162620759252
1790039212.5908446,87.8618892999948,111.86440677966101,-118.64406779661017,25484.0,25383.0,257.8727158565591,221.03375644847924
1790039212.7032292,87.97427339997375,118.64406779661016,-118.64406779661017,25534.0,25411.0,466.2235056020793,251.7606930251228
1790039212.8167186,88.08776289998787,125.42372881355931,-118.64406779661017,25576.0,25448.0,387.4935533061703,313.6852574383284
1790039212.930138,88.20118109998293,132.20338983050846,-118.64406779661017,25620.0,25476.0,397.23047224603187,240.18586693946114
1790039213.044729,88.31577069999184,138.9830508474576,-118.64406779661017,25663.0,25497.0,386.0915127796643,183.85310132364967
1790039213.1620922,88.43313560000388,145.76271186440675,-118.64406779661017,25704.0,25521.0,360.7497100655549,198.41234053605518
1790039213.275444,88.54648700001417,152.5423728813559,-118.64406779661017,25754.0,25537.0,435.26538673982293,138.91448512973074
1790039213.3878376,88.65888050000649,159.32203389830505,-118.64406779661017,25795.0,25552.0,382.1016148553182,139.79327372755543
1790039213.5013378,88.77238019998185,166.1016949152542,-118.64406779661017,25845.0,25581.0,444.22685577723456,240.62288021266872
1790039213.6167295,88.88777189998655,172.88135593220335,-118.64406779661017,25888.0,25596.0,389.82997075572223,126.92138582744445
1790039213.7369852,89.00802720000502,179.66101694915255,-118.64406779661017,25929.0,25610.0,347.5586180355992,112.95655086156972
1790039213.8538105,89.12485109997215,186.4406779661017,-118.64406779661017,25978.0,25630.0,423.68588278343464,175.00069071489693
1790039213.9717479,89.24278769997181,193.22033898305085,-118.64406779661017,26032.0,25643.0,473.31288986840815,118.32822246710204
1790039214.0961652,89.36720520001836,200.0,-118.64406779661017,26093.0,25660.0,556.1197790766445,136.75076534671587
1790039214.2105458,89.4815862000105,-200.0,-111.86440677966102,26130.0,25677.0,323.1727810036662,147.73612845881883
1790039214.3235989,89.59463940002024,-193.22033898305085,-111.86440677966102,26197.0,25693.0,592.8731092646775,138.9546349839088
1790039214.4370224,89.7080627999967,-186.4406779661017,-111.86440677966102,26246.0,25714.0,443.25586205584193,184.68994252326746
1790039214.5494325,89.82047249999596,-179.66101694915255,-111.86440677966102,26294.0,25730.0,419.5585126197636,139.85283753992118
1790039214.661846,89.93288560002111,-172.8813559322034,-111.86440677966102,26333.0,25746.0,335.716297376,139.88179057333332
1790039214.774585,90.04562440002337,-166.10169491525426,-111.86440677966102,26394.0,25757.0,539.1196360634916,102.2468275292829
1790039214.8870077,90.15804619999835,-159.32203389830508,-111.86440677966102,26431.0,25776.0,316.99296740927844,177.14312884636146
1790039214.999801,90.27083950000815,-152.54237288135593,-111.86440677966102,26472.0,25793.0,372.7407252215714,158.41480821916784
1790039215.11317,90.38420839997707,-145.76271186440678,-111.86440677966102,26508.0,25824.0,305.75656204587335,268.6951605857675
1790039215.228092,90.49913020001259,-138.98305084745763,-111.86440677966102,26538.0,25858.0,264.05693433945055,291.37316892629025
1790039215.341716,90.61275400000159,-132.20338983050848,-111.86440677966102,26579.0,25879.0,360.5415890421518,184.89312258571888
1790039215.4548507,90.72588829998858,-125.42372881355932,-111.86440677966102,26625.0,25908.0,416.61998986235295,259.2302159143529
1790039215.5700133,90.84105109999655,-118.64406779661017,-111.86440677966102,26665.0,25948.0,346.19855765775736,355.309046017172
1790039215.68591,90.9569477000041,-111.86440677966102,-111.86440677966102,26698.0,25983.0,245.46235558115967,309.100744065164
1790039215.808316,91.07935279997764,-105.08474576271186,-111.86440677966102,26735.0,26017.0,296.0048057373502,296.0048057373502
1790039215.9234335,91.19446899998002,-98.30508474576271,-111.86440677966102,26764.0,26049.0,231.56124143198755,268.61104006110554
1790039216.0426564,91.31369139999151,-91.52542372881356,-111.86440677966102,26783.0,26079.0,174.80490854699792,230.00645861447094
1790039216.1563182,91.42735329997959,-84.74576271186442,-111.86440677966102,26802.0,26112.0,175.95622952773004,277.82562557010004
1790039216.270759,91.54179390001809,-77.96610169491527,-111.86440677966102,26833.0,26156.0,221.04963576608282,396.0472640808984
1790039216.3862226,91.6572571999859,-71.18644067796612,-111.86440677966102,26856.0,26188.0,210.44367929495024,256.1923052286351
1790039216.4999735,91.77100830001291,-64.40677966101697,-111.86440677966102,26870.0,26214.0,120.212202296613,221.9302196245163
1790039216.614444,91.88547819998348,-57.62711864406779,-111.86440677966102,26885.0,26244.0,137.58943309037363,266.0062373080557
1790039216.7308788,92.00191320001613,-50.847457627118644,-111.86440677966102,26901.0,26291.0,117.50275906013161,370.5856247281074
1790039216.8450198,92.11605409998447,-44.067796610169495,-111.86440677966102,26917.0,26331.0,146.82199211960926,367.0549802990232
1790039216.9587538,92.2297882999992,-37.288135593220346,-111.86440677966102,26935.0,26378.0,157.03227476131383,406.43647585281224
1790039217.0714152,92.34244939999189,-30.508474576271198,-111.86440677966102,26948.0,26421.0,111.5694757020126,399.79062126554516
1790039217.1838996,92.45493359997636,-23.72881355932205,-111.86440677966102,26960.0,26469.0,111.79742304533002,437.8732402608759
1790039217.299119,92.57015280000633,-16.9491525423729,-111.86440677966102,26966.0,26515.0,54.48918209197618,390.505804992496
1790039217.4179401,92.68897389998892,-10.169491525423723,-111.86440677966102,26979.0,26574.0,116.65553952104523,484.5691641643417
1790039217.5348475,92.80588020000141,-3.3898305084745743,-111.86440677966102,26990.0,26614.0,91.57358215252644,357.1369703948531
1790039217.64978,92.92081179999514,3.3898305084745743,-111.86440677966102,26997.0,26659.0,64.29255685437542,394.93999210544905
1790039217.7655985,93.03663039999083,10.169491525423723,-111.86440677966102,27014.0,26697.0,138.62537232579984,341.9425850703063
1790039217.879992,93.15102430002298,16.94915254237287,-111.86440677966102,27025.0,26736.0,82.72895236056918,321.7237036244357
1790039217.993502,93.26453230000334,23.72881355932202,-111.86440677966102,27034.0,26781.0,73.99336647325701,397.7143447937564
1790039218.1085703,93.37960049998946,30.50847457627117,-111.86440677966102,27045.0,26838.0,101.56249276600884,480.11360216658727
1790039218.2230625,93.49409280001419,37.28813559322032,-111.86440677966102,27062.0,26883.0,147.52852837143655,378.04185395180616
1790039218.337568,93.60859710001387,44.06779661016947,-111.86440677966102,27081.0,26918.0,175.36993818315727,295.35989588742274
1790039218.4589708,93.73000029998366,50.847457627118644,-111.86440677966102,27106.0,26956.0,219.14023399657043,324.32754631492423
1790039218.5740554,93.8450844999752,57.627118644067764,-111.86440677966102,27130.0,27010.0,183.0888182268425,466.8764864784484
1790039218.6874611,93.95849089999683,64.40677966101691,-111.86440677966102,27150.0,27061.0,176.03007707679222,463.23704493892694
1790039218.8012671,94.07229669997469,71.18644067796606,-111.86440677966102,27182.0,27112.0,294.50445482628646,450.9599464527511
1790039218.9146092,94.1856386999716,77.96610169491527,-111.86440677966102,27210.0,27148.0,250.12853829445717,324.24069778911115
1790039219.029358,94.30038709996734,84.74576271186442,-111.86440677966102,27233.0,27189.0,209.97432833166485,346.9141076784028
1790039219.142796,94.41382519999752,91.52542372881356,-111.86440677966102,27260.0,27221.0,240.2085010521872,277.16365506021594
1790039219.2556493,94.52667819999624,98.30508474576271,-111.86440677966102,27299.0,27245.0,343.62059088600415,213.60198892913772
1790039219.3711221,94.64215089997742,105.08474576271186,-111.86440677966102,27327.0,27272.0,238.53342313689174,247.70778556523373
1790039219.485881,94.756908499985,111.86440677966101,-111.86440677966102,27358.0,27296.0,275.388527210568,201.9515866210832
1790039219.6046944,94.87572090001777,118.64406779661016,-111.86440677966102,27403.0,27330.0,370.5305905386174,305.68773719435933
1790039219.7169883,94.98801610001829,125.42372881355931,-111.86440677966102,27443.0,27354.0,329.38789373406144,225.86598427478498
1790039219.8301268,95.10115429997677,132.20338983050846,-111.86440677966102,27484.0,27386.0,370.3967782647222,268.53766424192355
1790039219.9431784,95.21420579997357,138.9830508474576,-111.86440677966102,27527.0,27409.0,370.6253468005314,194.57830707027898
1790039220.055274,95.32630060001975,145.76271186440675,-111.86440677966102,27581.0,27428.0,495.4488813951903,168.2656578323288
1790039220.169016,95.44004239997594,152.5423728813559,-111.86440677966102,27637.0,27449.0,488.0573290287958,193.38120584159833
1790039220.282103,95.55312930000946,159.32203389830505,-111.86440677966102,27683.0,27464.0,389.06865310038927,129.6895510334631
1790039220.3948586,95.6658842000179,166.1016949152542,-111.86440677966102,27721.0,27471.0,315.87181552656523,55.742085092923276
1790039220.5101647,95.78118900000118,172.88135593220335,-111.86440677966102,27774.0,27486.0,455.3489383560442,118.39072397257148
1790039220.6272438,95.89826839999296,179.66101694915255,-111.86440677966102,27827.0,27500.0,469.88107467913454,108.43409415672336
1790039220.7412498,96.01227469998412,186.4406779661017,-111.86440677966102,27882.0,27520.0,478.68824702550654,184.11086424057945
1790039220.8539217,96.12494629999856,193.22033898305085,-111.86440677966102,27936.0,27538.0,492.6845639841165,167.32683305120938
1790039220.967827,96.23885189997964,200.0,-111.86440677966102,27993.0,27554.0,496.7536232259346,147.18625873361026
1790039221.0872574,96.35828200000105,-200.0,-105.08474576271186,28040.0,27572.0,385.89890334152,140.32687394237092
1790039221.2043378,96.47536240000045,-193.22033898305085,-105.08474576271186,28084.0,27591.0,387.43869690693634,171.19384281934396
1790039221.3245978,96.59562119998736,-186.4406779661017,-105.08474576271186,28132.0,27610.0,364.9739000191099,151.33064147133825
1790039221.4410577,96.71207989996765,-179.66101694915255,-105.08474576271186,28187.0,27635.0,463.7427376956389,231.87136884781944
1790039221.561608,96.83262990001822,-172.8813559322034,-105.08474576271186,28233.0,27649.0,386.62354480350467,125.87743319183873
1790039221.6763265,96.94734840001911,-166.10169491525426,-105.08474576271186,28276.0,27670.0,366.13942601308764,183.06971300654382
1790039221.792125,97.06314619997283,-159.32203389830508,-105.08474576271186,28315.0,27689.0,328.4764441281031,164.23822206405154
1790039221.905215,97.17623619997175,-152.54237288135593,-105.08474576271186,28358.0,27704.0,344.87611964406534,139.8146430989454
1790039222.0200453,97.29106720001437,-145.76271186440678,-105.08474576271186,28390.0,27725.0,265.2100235636977,164.61311807401927
1790039222.1358979,97.40691790002165,-138.98305084745763,-105.08474576271186,28429.0,27752.0,336.9864485613993,236.8012881782806
1790039222.2505646,97.52158569998574,-132.20338983050848,-105.08474576271186,28462.0,27775.0,295.79016640772704,203.35573940531236
1790039222.3639915,97.63501239998732,-125.42372881355932,-105.08474576271186,28496.0,27793.0,287.33900916273876,157.5730050247277
1790039222.478113,97.74913409998408,-118.64406779661017,-105.08474576271186,28519.0,27833.0,212.46759868349162,351.0334239118557
1790039222.5921254,97.86314640002092,-111.86440677966102,-105.08474576271186,28541.0,27871.0,202.0181614320328,348.9404606553294
1790039222.7075377,97.9785583000048,-105.08474576271186,-105.08474576271186,28565.0,27901.0,218.3867045873731,263.88393470974245
1790039222.8231146,98.09413520002272,-98.30508474576271,-105.08474576271186,28589.0,27940.0,200.7497089107056,319.37453690339527
1790039222.943951,98.21497089997865,-91.52542372881356,-105.08474576271186,28617.0,27983.0,201.61307990637798,315.56829898389594
1790039223.0646853,98.335704099969,-84.74576271186442,-105.08474576271186,28634.0,28036.0,151.69334384982136,437.23375580242623
1790039223.1785483,98.4495669999742,-77.96610169491527,-105.08474576271186,28649.0,28078.0,130.1487786627,353.26097065590005
1790039223.2950685,98.56608600000618,-71.18644067796612,-105.08474576271186,28667.0,28113.0,158.10394303653123,306.9076541297371
1790039223.410475,98.68149280000944,-64.40677966101697,-105.08474576271186,28681.0,28164.0,128.12510867557836,439.28608688769725
1790039223.5255635,98.79658149997704,-57.62711864406779,-105.08474576271186,28694.0,28199.0,118.64323251155396,292.0448800284405
1790039223.6400664,98.91108320001513,-50.847457627118644,-105.08474576271186,28708.0,28264.0,128.42304754307665,568.7306391193395
1790039223.7554383,99.02645469998242,-44.067796610169495,-105.08474576271186,28722.0,28312.0,118.24083113211081,418.3906332366998
1790039223.8689306,99.13994780002395,-37.288135593220346,-105.08474576271186,28731.0,28370.0,83.58711308560203,510.8101355231235
1790039223.981976,99.25299309997354,-30.508474576271198,-105.08474576271186,28747.0,28419.0,139.3404551530228,455.1788201665411
1790039224.0947769,99.365793999983,-23.72881355932205,-105.08474576271186,28760.0,28465.0,102.08371421171641,389.7741815356445
1790039224.2063825,99.47739959997125,-16.9491525423729,-105.08474576271186,28769.0,28518.0,84.48736819286212,478.7617530928854
1790039224.3201263,99.5911427999963,-10.169491525423723,-105.08474576271186,28786.0,28573.0,156.63280019854537,497.5394829836147
1790039224.4333448,99.70436109998263,-3.3898305084745743,-105.08474576271186,28802.0,28622.0,138.79057896013128,444.1298526724201
1790039224.548149,99.81916539999656,3.3898305084745743,-105.08474576271186,28809.0,28669.0,63.97052239713105,383.8231343827863
1790039224.6646605,99.93567659996916,10.169491525423723,-105.08474576271186,28824.0,28714.0,125.89112930645855,395.65783496315544
1790039224.7864184,100.05743420001818,16.94915254237287,-105.08474576271186,28843.0,28766.0,148.62478362012465,437.1317165297783
1790039224.9048789,100.17589399998542,23.72881355932202,-105.08474576271186,28863.0,28804.0,178.14166183645992,320.65499130562785
1790039225.0196218,100.2906365999952,30.50847457627117,-105.08474576271186,28881.0,28845.0,156.5740853880269,331.5686514099393
1790039225.1348424,100.4058569999761,37.28813559322032,-105.08474576271186,28902.0,28893.0,196.8568522596817,403.087840341253
1790039225.2465222,100.51753660000395,44.06779661016947,-105.08474576271186,28920.0,28938.0,169.30866571897695,404.45959032866716
1790039225.358502,100.6295157999848,50.847457627118644,-105.08474576271186,28938.0,28972.0,159.04721367954426,318.0944273590885
1790039225.4713676,100.74238150002202,57.627118644067764,-105.08474576271186,28962.0,29010.0,222.86150450274067,315.72046471221597
1790039225.5830255,100.85403889999725,64.40677966101691,-105.08474576271186,28991.0,29046.0,262.54791497154235,318.8081824654443
1790039225.695767,100.96678030001931,71.18644067796606,-105.08474576271186,29019.0,29083.0,241.57731400542687,325.2002303919208
1790039225.8090012,101.08001299999887,77.96610169491527,-105.08474576271186,29053.0,29118.0,305.2302592025956,314.4796609966137
1790039225.9243696,101.19538160000229,84.74576271186442,-105.08474576271186,29075.0,29161.0,173.8062938534737,356.760287383446
1790039226.039462,101.31047319999197,91.52542372881356,-105.08474576271186,29122.0,29188.0,401.5184697769838,228.13549419146807
1790039226.1545916,101.42560279997997,98.30508474576271,-105.08474576271186,29158.0,29218.0,319.1566966828669,273.56288287102876
1790039226.268044,101.53905560000567,105.08474576271186,-105.08474576271186,29198.0,29232.0,360.98911018075125,111.07357236330809
1790039226.3865995,101.65761019999627,111.86440677966101,-105.08474576271186,29237.0,29265.0,335.96565366977586,265.2360423708757
1790039226.5042558,101.77526680001756,118.64406779661016,-105.08474576271186,29268.0,29285.0,224.82196341397795,179.85757073118236
1790039226.6193533,101.89036449999548,125.42372881355931,-105.08474576271186,29314.0,29314.0,419.6521265562161,264.5632971767449
1790039226.7338257,102.0048368999851,132.20338983050846,-105.08474576271186,29357.0,29348.0,365.7915408919755,292.6332327135804
1790039226.8507411,102.1217517000041,138.9830508474576,-105.08474576271186,29411.0,29369.0,462.06366700122334,190.2615099416802
1790039226.9664996,102.23750829999335,145.76271186440675,-105.08474576271186,29455.0,29387.0,399.34210712040647,148.59241195177916
1790039227.081208,102.35221689997707,152.5423728813559,-105.08474576271186,29499.0,29404.0,386.1199085263434,147.09329848622608
1790039227.2007818,102.4717902999837,159.32203389830505,-105.08474576271186,29549.0,29419.0,406.9550386014145,123.85588131347399
1790039227.315118,102.586126899987,166.1016949152542,-105.08474576271186,29605.0,29434.0,481.88126461060614,139.00421094536716
1790039227.427912,102.69892019999679,172.88135593220335,-105.08474576271186,29659.0,29456.0,492.7354066820243,195.23478377967
1790039227.542663,102.8136715000146,179.66101694915255,-105.08474576271186,29709.0,29473.0,434.2306817731802,129.34530946435154
1790039227.655602,102.92660910001723,186.4406779661017,-105.08474576271186,29749.0,29495.0,334.9553858558585,186.08632547547694
1790039227.769937,103.04094480001368,193.22033898305085,-105.08474576271186,29806.0,29509.0,510.08484094849723,120.5655078605539
1790039227.8836403,103.15464849997079,200.0,-105.08474576271186,29858.0,29530.0,474.3210929021094,195.3086853126333
1790039227.9983861,103.26939400000265,-200.0,-98.30508474576271,29911.0,29544.0,456.1020063858622,127.70856178804142
1790039228.1114588,103.38246649998473,-193.22033898305085,-98.30508474576271,29967.0,29563.0,463.22674483865353,176.02616303868834
1790039228.223861,103.4948683999828,-186.4406779661017,-98.30508474576271,30013.0,29587.0,410.0744100340825,223.67695092768136
1790039228.337634,103.60864120000042,-179.66101694915255,-98.30508474576271,30062.0,29606.0,442.2833985783457,156.64203699649744
1790039228.4500604,103.72106700000586,-172.8813559322034,-98.30508474576271,30101.0,29623.0,354.14527045998,158.4334104689384
1790039228.5716496,103.84265539998887,-166.10169491525426,-98.30508474576271,30159.0,29642.0,469.4358163911239,156.47860546370796
1790039228.6877224,103.95872759999475,-159.32203389830508,-98.30508474576271,30209.0,29658.0,401.51567484665213,130.72603367100302
1790039228.807193,104.0781989999814,-152.54237288135593,-98.30508474576271,30254.0,29691.0,382.00869506851984,270.201272121636
1790039228.9216883,104.19269280001754,-145.76271186440678,-98.30508474576271,30286.0,29720.0,283.98524743154667,238.18117526516818
1790039229.0371916,104.30819469998823,-138.98305084745763,-98.30508474576271,30315.0,29739.0,254.40576269953402,154.4606416390028
1790039229.1519256,104.42292989999987,-132.20338983050848,-98.30508474576271,30353.0,29762.0,341.6710300386104,203.15574759052512
1790039229.2656975,104.53670200001216,-125.42372881355932,-98.30508474576271,30382.0,29788.0,249.03544883288646,239.8119136909277
1790039229.3800888,104.65109180001309,-118.64406779661017,-98.30508474576271,30407.0,29825.0,210.3085959232594,320.03481988322085
1790039229.495954,104.76695670001209,-111.86440677966102,-98.30508474576271,30440.0,29855.0,292.0147649538788,264.63838073945266
1790039229.6107454,104.88174799998524,-105.08474576271186,-98.30508474576271,30464.0,29888.0,221.3932275776031,295.1909701034708
1790039229.7241025,104.99510509998072,-98.30508474576271,-98.30508474576271,30491.0,29920.0,232.98292700098992,279.5795124011879
1790039229.837525,105.10852830001386,-91.52542372881356,-98.30508474576271,30511.0,29955.0,185.34083713973504,296.545339423576
1790039229.9515398,105.22254250000697,-84.74576271186442,-98.30508474576271,30526.0,30000.0,137.62654763152494,412.87964289457483
1790039230.0649571,105.33595989999594,-77.96610169491527,-98.30508474576271,30542.0,30056.0,138.55404991469322,517.2684530148547
1790039230.1789362,105.44993910001358,-71.18644067796612,-98.30508474576271,30566.0,30102.0,202.09814616904103,404.19629233808206
1790039230.2922223,105.56322439998621,-64.40677966101697,-98.30508474576271,30581.0,30137.0,111.06380614792907,296.17014972781084
1790039230.411819,105.68282069999259,-57.62711864406779,-98.30508474576271,30598.0,30191.0,152.0662222064718,447.25359472491704
1790039230.5254903,105.79649159999099,-50.847457627118644,-98.30508474576271,30608.0,30237.0,74.38220927925364,409.1021510358951
1790039230.640196,105.91119750001235,-44.067796610169495,-98.30508474576271,30620.0,30282.0,92.7021184070069,398.6191091501297
1790039230.752265,106.0232656999724,-37.288135593220346,-98.30508474576271,30641.0,30331.0,196.56019655437083,439.9204399074014
1790039230.8640778,106.13507859996753,-30.508474576271198,-98.30508474576271,30654.0,30381.0,103.0942328221508,440.49354024009887
1790039230.9760711,106.24707159999525,-23.72881355932205,-98.30508474576271,30665.0,30430.0,102.8746930317289,439.5555065901144
1790039231.0874572,106.3584572999971,-16.9491525423729,-98.30508474576271,30674.0,30476.0,84.68938287273969,404.6270515030896
1790039231.200928,106.47192709997762,-10.169491525423723,-98.30508474576271,30688.0,30523.0,129.21780767992354,406.11310985118826
1790039231.315714,106.58671250002226,-3.3898305084745743,-98.30508474576271,30704.0,30569.0,147.46788431516904,396.3199390970168
1790039231.4297972,106.70079560001614,3.3898305084745743,-98.30508474576271,30719.0,30619.0,120.53946049176056,445.0687772003467
1790039231.5440662,106.81506340001943,10.169491525423723,-98.30508474576271,30732.0,30658.0,110.6380311129811,350.35376519110685
1790039231.6594276,106.93042579997564,16.94915254237287,-98.30508474576271,30750.0,30704.0,137.72144461423235,394.8014745607994
1790039231.7754269,107.04642550001154,23.72881355932202,-98.30508474576271,30769.0,30751.0,145.5931236318688,409.48066021463103
1790039231.8902564,107.16125469998224,30.50847457627117,-98.30508474576271,30789.0,30798.0,182.39371686698814,419.50554879407275
1790039232.0040424,107.27504079998471,37.28813559322032,-98.30508474576271,30809.0,30846.0,184.0402164658087,432.4945086946504
1790039232.1192229,107.39022080000723,44.06779661016947,-98.30508474576271,30834.0,30891.0,227.05557951035124,390.5355967578041
1790039232.2329082,107.50390579999657,50.847457627118644,-98.30508474576271,30860.0,30928.0,203.04793410611364,323.03080425972627
1790039232.3556821,107.62667949998286,57.627118644067764,-98.30508474576271,30892.0,30961.0,251.83579610890342,269.2037820474485
1790039232.472091,107.74308789998759,64.40677966101691,-98.30508474576271,30921.0,31003.0,248.09905592776644,376.74301085327494
1790039232.588534,107.85952940001152,71.18644067796606,-98.30508474576271,30963.0,31045.0,336.8073034736449,364.11600375529173
1790039232.7071824,107.97817750001559,77.96610169491527,-98.30508474576271,30996.0,31069.0,307.8504667986985,195.9048425082627
1790039232.8202734,108.09126959997229,84.74576271186442,-98.30508474576271,31028.0,31102.0,288.81888913345364,298.1356274925973
1790039232.9361851,108.20717970002443,91.52542372881356,-98.30508474576271,31055.0,31137.0,234.7727310567527,307.01049445883046
1790039233.0505884,108.32158280001022,98.30508474576271,-98.30508474576271,31096.0,31168.0,361.1823444238681,268.5714868792865
1790039233.166036,108.43703049997566,105.08474576271186,-98.30508474576271,31142.0,31193.0,410.07508925639246,209.5939345088228
1790039233.284531,108.55552509997506,111.86440677966101,-98.30508474576271,31181.0,31218.0,309.5230514592596,212.24437814349227
1790039233.397316,108.6683094999753,118.64406779661016,-98.30508474576271,31217.0,31243.0,318.94575293104583,215.75742110041338
1790039233.5112836,108.78227809997043,125.42372881355931,-98.30508474576271,31272.0,31261.0,492.5247749380507,167.27256507330026
1790039233.627058,108.89805219997652,132.20338983050846,-98.30508474576271,31319.0,31278.0,407.02249458665176,144.71910918636507
1790039233.7398367,109.01083069999004,138.9830508474576,-98.30508474576271,31375.0,31295.0,501.5324603065393,148.60221046119685
1790039233.8540215,109.12501530000009,145.76271186440675,-98.30508474576271,31423.0,31309.0,394.13707356076935,128.32369836862256
1790039233.968051,109.23904489999404,152.5423728813559,-98.30508474576271,31462.0,31334.0,357.7942260993179,220.18106221496487
1790039234.0863214,109.35731489997124,159.32203389830505,-98.30508474576271,31513.0,31347.0,424.1624595753422,99.27206500699499
1790039234.2023857,109.47337730001891,166.1016949152542,-98.30508474576271,31546.0,31358.0,262.62026204641364,81.50283994543871
1790039234.3221183,109.59311080002226,172.88135593220335,-98.30508474576271,31614.0,31369.0,594.0783385773381,92.82474040270907
1790039234.4365654,109.70755769999232,179.66101694915255,-98.30508474576271,31664.0,31394.0,430.84600752084555,192.50566293484587
1790039234.5497108,109.82070169999497,186.4406779661017,-98.30508474576271,31708.0,31409.0,398.08990902704943,129.61066805531843
1790039234.6631088,109.93409940000856,193.22033898305085,-98.30508474576271,31753.0,31428.0,379.71365885568105,175.96486629897413
1790039234.7795734,110.05056359997252,200.0,-98.30508474576271,31813.0,31450.0,520.6986862295541,200.9714227552665
1790039234.8944042,110.16539530002046,-200.0,-91.52542372881356,31870.0,31466.0,476.9627015221066,128.41303502518255
1790039235.0083869,110.27937770000426,-193.22033898305085,-91.52542372881356,31922.0,31487.0,449.7752501750021,192.76082150357234
1790039235.1252563,110.396246600023,-186.4406779661017,-91.52542372881356,31956.0,31512.0,295.377080174892,205.86887406128838
1790039235.2390158,110.51000629999908,-179.66101694915255,-91.52542372881356,32002.0,31533.0,415.34410333396426,193.82724822251666
1790039235.352434,110.62342379998881,-172.8813559322034,-91.52542372881356,32033.0,31550.0,267.6340870111901,156.88894755828386
1790039235.468486,110.73947600001702,-166.10169491525426,-91.52542372881356,32090.0,31568.0,504.86336704111744,162.2775108346449
1790039235.5822382,110.85322769999038,-159.32203389830508,-91.52542372881356,32126.0,31603.0,322.4867228180412,304.0589100855817
1790039235.6974754,110.96846509998431,-152.54237288135593,-91.52542372881356,32156.0,31629.0,245.25232381439284,227.0854850133267
1790039235.812073,111.08306229999289,-145.76271186440678,-91.52542372881356,32196.0,31661.0,337.67381076230737,282.91589550355485
1790039235.9306574,111.20164629997453,-138.98305084745763,-91.52542372881356,32233.0,31697.0,308.77376231436676,308.77376231436676
1790039236.0469053,111.31789409997873,-132.20338983050848,-91.52542372881356,32256.0,31729.0,211.69670309533706,285.3303389545847
1790039236.1612113,111.432199199975,-125.42372881355932,-91.52542372881356,32287.0,31760.0,279.1749449154633,288.4807764126454
1790039236.2766674,111.54765510000288,-118.64406779661017,-91.52542372881356,32319.0,31790.0,287.1343436230722,268.6095472602933
1790039236.3921351,111.66312270000344,-111.86440677966102,-91.52542372881356,32349.0,31824.0,261.0155555858489,288.981507970047
1790039236.5048735,111.77586069999961,-105.08474576271186,-91.52542372881356,32376.0,31867.0,242.32866670165743,363.49300005248614
1790039236.6182756,111.88926259998698,-98.30508474576271,-91.52542372881356,32393.0,31903.0,156.96876694181597,304.70407700470156
1790039236.731114,112.00210029998561,-91.52542372881356,-91.52542372881356,32415.0,31935.0,204.21689312379561,278.4775815324486
1790039236.8444674,112.11545410001418,-84.74576271186442,-91.52542372881356,32428.0,31974.0,120.4078306016894,333.43706935852447
1790039236.9576285,112.22861350001767,-77.96610169491527,-91.52542372881356,32444.0,32008.0,129.58859326956494,296.2024989018627
1790039237.0717375,112.34272219997365,-71.18644067796612,-91.52542372881356,32457.0,32056.0,110.47536626942137,432.6951845552337
1790039237.1864698,112.45745559997158,-64.40677966101697,-91.52542372881356,32469.0,32091.0,110.11821187008807,312.00160029858284
1790039237.302566,112.57355089997873,-57.62711864406779,-91.52542372881356,32486.0,32135.0,135.12843956088514,378.3596307704784
1790039237.415003,112.68598820001353,-50.847457627118644,-91.52542372881356,32497.0,32183.0,102.51908018894437,419.3962371365906
1790039237.5301185,112.80110290000448,-44.067796610169495,-91.52542372881356,32510.0,32235.0,109.02351275744334,436.09405102977337
1790039237.6428335,112.91381810000166,-37.288135593220346,-91.52542372881356,32517.0,32297.0,65.06670733779846,511.23841479698785
1790039237.7555625,113.0265465999837,-30.508474576271198,-91.52542372881356,32527.0,32353.0,83.61211781037538,510.96294217451623
1790039237.8717022,113.14268639998045,-23.72881355932205,-91.52542372881356,32539.0,32398.0,90.05593378371816,405.2517020267317
1790039237.9905498,113.26153329998488,-16.9491525423729,-91.52542372881356,32553.0,32446.0,98.40054385287708,393.6021754115083
1790039238.1060507,113.37703340000007,-10.169491525423723,-91.52542372881356,32568.0,32493.0,121.24931565982959,429.03604002708937
1790039238.221514,113.49249640002381,-3.3898305084745743,-91.52542372881356,32582.0,32533.0,127.20334365705381,318.0083591426345
1790039238.3369548,113.60793759999797,3.3898305084745743,-91.52542372881356,32590.0,32574.0,63.847350099880614,364.84200057074634
1790039238.4507868,113.7217687999946,10.169491525423723,-91.52542372881356,32609.0,32606.0,174.78143116075057,294.36872616547464
1790039238.5671065,113.83808870002395,16.94915254237287,-91.52542372881356,32632.0,32647.0,162.70759908624393,334.4545092328347
1790039238.6818585,113.9528403999866,23.72881355932202,-91.52542372881356,32647.0,32688.0,136.82798078010453,364.87461541361205
1790039238.7950027,114.06598389998544,30.50847457627117,-91.52542372881356,32664.0,32724.0,157.54496743672146,315.0899348734429
1790039238.907397,114.17837839998538,37.28813559322032,-91.52542372881356,32688.0,32760.0,214.38165344711365,326.2329508977817
1790039239.0227964,114.2937769999844,44.06779661016947,-91.52542372881356,32717.0,32803.0,262.8573499790424,362.56186204005843
1790039239.1379738,114.40895469998941,50.847457627118644,-91.52542372881356,32750.0,32839.0,291.03317693050235,327.4123240468151
1790039239.2527194,114.5237001000205,57.627118644067764,-91.52542372881356,32779.0,32868.0,256.19277405090037,265.3425159812897
1790039239.3689926,114.63997279998148,64.40677966101691,-91.52542372881356,32826.0,32903.0,405.0725889004663,297.05323186034195
1790039239.4886942,114.7596747999778,71.18644067796606,-91.52542372881356,32853.0,32940.0,249.30264514829392,304.7032329590259
1790039239.606452,114.87743200000841,77.96610169491527,-91.52542372881356,32881.0,32976.0,254.63434511595918,318.29293139494894
1790039239.7242978,114.99527790001594,84.74576271186442,-91.52542372881356,32920.0,33009.0,322.2904351939161,285.4572426003257
1790039239.8418212,115.11279939999804,91.52542372881356,-91.52542372881356,32955.0,33047.0,313.4703750841451,313.4703750841451
1790039239.9573114,115.22828929999378,98.30508474576271,-91.52542372881356,32999.0,33075.0,378.5962020774588,258.5535038577768
1790039240.072407,115.34338500001468,105.08474576271186,-91.52542372881356,33051.0,33099.0,422.1713373698323,183.55275537818798
1790039240.1881258,115.45910460001323,111.86440677966101,-91.52542372881356,33091.0,33129.0,353.67926188010745,253.923572631872
1790039240.3016279,115.57260529999621,118.64406779661016,-91.52542372881356,33136.0,33144.0,396.7939051717072,129.18871331171863
1790039240.4152977,115.68627559999004,125.42372881355931,-91.52542372881356,33174.0,33167.0,332.72826086155396,194.09148550257316
1790039240.5288658,115.799843100016,132.20338983050846,-91.52542372881356,33222.0,33185.0,424.4188459746093,156.850443077573
1790039240.6491208,115.92009749996942,138.9830508474576,-91.52542372881356,33271.0,33200.0,401.5713662211767,130.94718463734023
1790039240.763717,116.03469369997038,145.76271186440675,-91.52542372881356,33316.0,33217.0,402.43325786876795,146.33936649773378
1790039240.8761852,116.14716180000687,152.5423728813559,-91.52542372881356,33364.0,33237.0,419.2547886082306,177.01868852347513
1790039240.98848,116.25945690000663,159.32203389830505,-91.52542372881356,33410.0,33253.0,391.50946483454265,139.8248088694795
1790039241.1009083,116.37188469996909,166.1016949152542,-91.52542372881356,33468.0,33269.0,531.1580082623487,139.77842322693385
1790039241.214556,116.48553210002137,172.88135593220335,-91.52542372881356,33520.0,33286.0,470.05041510902356,156.68347170300785
1790039241.331853,116.60282849997748,179.66101694915255,-91.52542372881356,33580.0,33303.0,482.20700778559166,151.805909858427
1790039241.4462636,116.71723890001886,186.4406779661017,-91.52542372881356,33629.0,33322.0,447.10263517253543,167.6634881897008
1790039241.5604434,116.83141809998779,193.22033898305085,-91.52542372881356,33672.0,33335.0,379.89766871235855,120.45535837221125
1790039241.6741402,116.94511530001182,200.0,-91.52542372881356,33729.0,33350.0,508.9543580104612,138.80573400285306
1790039241.7868788,117.05785350000951,-200.0,-84.74576271186442,33775.0,33371.0,399.744535416122,185.92769089121953
1790039241.8989487,117.1699228999787,-193.22033898305085,-84.74576271186442,33817.0,33391.0,383.27249254385595,186.96219148480776
1790039242.0120928,117.28306659997907,-186.4406779661017,-84.74576271186442,33848.0,33407.0,268.4797380874907,138.86883004525384
1790039242.1254687,117.39644229999976,-179.66101694915255,-84.74576271186442,33894.0,33426.0,426.0537420739076,175.9787195522662
1790039242.2382164,117.50918950000778,-172.8813559322034,-84.74576271186442,33933.0,33445.0,353.0246782465328,157.93209289976468
1790039242.3519871,117.62295980000636,-166.10169491525426,-84.74576271186442,33961.0,33471.0,230.14451244060618,230.14451244060618
1790039242.466223,117.73719499999424,-159.32203389830508,-84.74576271186442,33992.0,33495.0,276.76119291116976,221.4089543289358
1790039242.5811841,117.85215619998053,-152.54237288135593,-84.74576271186442,34024.0,33529.0,256.96442415201585,312.02822932744783
1790039242.6956732,117.9666441999725,-145.76271186440678,-84.74576271186442,34057.0,33559.0,275.0733987477267,256.7351721645449
1790039242.8087168,118.07968919997802,-138.98305084745763,-84.74576271186442,34082.0,33590.0,223.1119844583744,288.1863132587336
1790039242.9214315,118.19240339996759,-132.20338983050848,-84.74576271186442,34109.0,33620.0,223.28177694055475,269.79881380317033
1790039243.0345356,118.30550710001262,-125.42372881355932,-84.74576271186442,34131.0,33659.0,194.43634295984535,351.8371920225773
1790039243.1475973,118.41856869996991,-118.64406779661017,-84.74576271186442,34155.0,33694.0,194.56496659261242,305.74494750267667
1790039243.2593608,118.53033199999481,-111.86440677966102,-84.74576271186442,34171.0,33738.0,150.0196432068887,403.1777911185134
1790039243.37537,118.64634119998664,-105.08474576271186,-84.74576271186442,34197.0,33785.0,225.6865611000727,406.2358099801309
1790039243.4907107,118.76168090000283,-98.30508474576271,-84.74576271186442,34213.0,33833.0,128.7319626075589,413.7813083814393
1790039243.6108444,118.88181489997078,-91.52542372881356,-84.74576271186442,34229.0,33862.0,142.73785474561168,240.8701298832197
1790039243.7272692,118.99823899997864,-84.74576271186442,-84.74576271186442,34250.0,33914.0,180.28997833193372,441.7104469132376
1790039243.8417141,119.11268379999092,-77.96610169491527,-84.74576271186442,34266.0,33948.0,130.1724972105654,316.1332075113731
1790039243.9547837,119.22575280000456,-71.18644067796612,-84.74576271186442,34281.0,33990.0,139.25895670321714,389.92507876900794
1790039244.0685887,119.33955650002463,-64.40677966101697,-84.74576271186442,34293.0,34034.0,110.37395619170248,395.50667635360054
1790039244.1809387,119.4519076999859,-57.62711864406779,-84.74576271186442,34309.0,34078.0,150.53581340754585,404.56499853277944
1790039244.2943497,119.56531799997902,-50.847457627118644,-84.74576271186442,34321.0,34123.0,101.74257277560778,397.72096630464864
1790039244.4098513,119.68081920000259,-44.067796610169495,-84.74576271186442,34337.0,34171.0,144.8953810610545,434.68614318316355
1790039244.5269773,119.79794449999463,-37.288135593220346,-84.74576271186442,34355.0,34231.0,162.05616874676588,504.1747472121605
1790039244.6411479,119.91211520001525,-30.508474576271198,-84.74576271186442,34364.0,34271.0,82.8094104829337,349.6397331501645
1790039244.7548106,120.02577760000713,-23.72881355932205,-84.74576271186442,34374.0,34305.0,92.33473930436864,295.47116577397964
1790039244.868934,120.1399011000176,-16.9491525423729,-84.74576271186442,34398.0,34356.0,193.37301466139763,451.20370087659444
1790039244.9833484,120.2543152999715,-10.169491525423723,-84.74576271186442,34412.0,34401.0,118.89149231618781,356.6744769485634
1790039245.0953987,120.3663650000235,-3.3898305084745743,-84.74576271186442,34420.0,34444.0,74.79984030047186,392.69916157747724
1790039245.2085128,120.47947899997234,3.3898305084745743,-84.74576271186442,34445.0,34491.0,232.23883813010437,418.02990863418785
1790039245.3222463,120.59321229998022,10.169491525423723,-84.74576271186442,34457.0,34539.0,92.06263576167115,423.48812450368723
1790039245.4366994,120.70766509999521,16.94915254237287,-84.74576271186442,34477.0,34587.0,173.76162830166803,429.8313963251788
1790039245.5504377,120.82140359998448,23.72881355932202,-84.74576271186442,34498.0,34630.0,184.0480071391973,395.70321534927416
1790039245.6659875,120.93695299996762,30.50847457627117,-84.74576271186442,34518.0,34665.0,172.08414728778607,307.9400530413014
1790039245.7893825,121.06034700002056,37.28813559322032,-84.74576271186442,34552.0,34707.0,286.73860036318666,330.1838428424574
1790039245.9042516,121.17521519999718,44.06779661016947,-84.74576271186442,34576.0,34737.0,176.0310555185851,250.14939468430515
1790039246.0258932,121.29685589997098,50.847457627118644,-84.74576271186442,34609.0,34773.0,304.34297433750504,295.1204599636413
1790039246.1402578,121.41122130001895,57.627118644067764,-84.74576271186442,34646.0,34805.0,314.1698938163453,258.72814784875493
1790039246.254386,121.52534849999938,64.40677966101691,-84.74576271186442,34690.0,34829.0,405.03085137839076,211.72067231143154
1790039246.3696258,121.6405880000093,71.18644067796606,-84.74576271186442,34714.0,34864.0,218.55097070270443,318.7201656081106
1790039246.4849358,121.75589839997701,77.96610169491527,-84.74576271186442,34748.0,34893.0,284.7244418665448,238.80114479129563
1790039246.600055,121.87101709999843,84.74576271186442,-84.74576271186442,34782.0,34918.0,311.73098717834904,220.04540271412873
1790039246.7137618,121.9847239999799,91.52542372881356,-84.74576271186442,34831.0,34934.0,398.5692291144264,139.03577759805572
1790039246.8275614,122.09852320002392,98.30508474576271,-84.74576271186442,34863.0,34959.0,267.599265534917,212.2339002518307
1790039246.9405637,122.2115255999961,105.08474576271186,-84.74576271186442,34921.0,34975.0,530.5661979421814,148.93086258026142
1790039247.0523338,122.32329550001305,111.86440677966101,-84.74576271186442,34952.0,35001.0,271.9718050029281,234.4584525887311
1790039247.1636896,122.43465130002005,118.64406779661016,-84.74576271186442,34990.0,35017.0,348.1422377615673,150.54799470770476
1790039247.2768242,122.54778540000552,125.42372881355931,-84.74576271186442,35036.0,35040.0,407.4394743995502,194.45974914523987
1790039247.390539,122.66150019998895,132.20338983050846,-84.74576271186442,35094.0,35062.0,525.0852573841108,184.2404411874073
1790039247.5050023,122.77596310002264,138.9830508474576,-84.74576271186442,35146.0,35073.0,466.4315606408279,91.45716875310352
1790039247.6177182,122.88867900002515,145.76271186440675,-84.74576271186442,35197.0,35093.0,455.33743745775814,185.85201528888086
1790039247.7325373,123.00349809997715,152.5423728813559,-84.74576271186442,35243.0,35111.0,410.509780162273,164.20391206490922
1790039247.8544621,123.12542210001266,159.32203389830505,-84.74576271186442,35300.0,35129.0,439.3229154405445,149.36979124978512
1790039247.9712338,123.24219179997453,166.1016949152542,-84.74576271186442,35366.0,35142.0,513.7680668114234,110.09315717387643
1790039248.0897024,123.36066070001107,172.88135593220335,-84.74576271186442,35414.0,35156.0,401.150836581993,130.60724911971866
1790039248.203187,123.47414539998863,179.66101694915255,-84.74576271186442,35474.0,35163.0,511.1291399074947,65.05279962459024
1790039248.318403,123.58936109999195,186.4406779661017,-84.74576271186442,35523.0,35173.0,422.9239489868104,91.93998891017617
1790039248.4348176,123.70577569998568,193.22033898305085,-84.74576271186442,35579.0,35185.0,480.27605906308565,99.67993678667816
1790039248.5489519,123.81990900001256,200.0,-84.74576271186442,35622.0,35210.0,367.6517897161378,220.59107382968267
1790039248.6649752,123.93593089998467,-200.0,-77.96610169491527,35669.0,35229.0,423.6831513376297,156.578555929124
1790039248.7777264,124.04868339997483,-193.22033898305085,-77.96610169491527,35713.0,35243.0,409.8402646986235,130.40372058592567
1790039248.8928037,124.16376049997052,-186.4406779661017,-77.96610169491527,35744.0,35267.0,255.3111559658278,209.71987811478712
1790039249.0076122,124.27856930001872,-179.66101694915255,-77.96610169491527,35801.0,35290.0,475.4090115945859,210.2770628206822
1790039249.1207712,124.39172810001764,-172.8813559322034,-77.96610169491527,35836.0,35312.0,314.5017692094907,194.25109274703837
1790039249.2337222,124.50467819999903,-166.10169491525426,-77.96610169491527,35875.0,35347.0,353.14902066907257,325.2688348267774
1790039249.3464663,124.61742249998497,-159.32203389830508,-77.96610169491527,35909.0,35375.0,288.8234635291466,242.2390339276713
1790039249.4581783,124.72913479997078,-152.54237288135593,-77.96610169491527,35951.0,35399.0,376.4337418993247,225.8602451395948
1790039249.5732837,124.84423930000048,-145.76271186440678,-77.96610169491527,35985.0,35426.0,309.5000118765679,236.67647967031664
1790039249.6895373,124.9604916999815,-138.98305084745763,-77.96610169491527,36014.0,35473.0,231.4401223177527,416.59222017195486
1790039249.8052635,125.07621839997591,-132.20338983050848,-77.96610169491527,36035.0,35510.0,174.49602792867773,321.44005144756426
1790039249.9190853,125.19003910000902,-125.42372881355932,-77.96610169491527,36066.0,35549.0,286.13386084674005,332.2844835639562
1790039250.0344284,125.30538299999898,-118.64406779661017,-77.96610169491527,36087.0,35596.0,192.31526520821632,421.26200950371197
1790039250.1478205,125.41877450002357,-111.86440677966102,-77.96610169491527,36109.0,35622.0,194.00864356118805,230.96267090617624
1790039250.259958,125.53091119998135,-105.08474576271186,-77.96610169491527,36127.0,35655.0,158.9423787400225,280.4865507176867
1790039250.3747885,125.64574110001558,-98.30508474576271,-77.96610169491527,36147.0,35697.0,183.43440569350008,385.2122519563502
1790039250.4881248,125.75907829997595,-91.52542372881356,-77.96610169491527,36160.0,35743.0,102.22487797219324,418.19268261351783
1790039250.6018922,125.8728461000137,-84.74576271186442,-77.96610169491527,36176.0,35793.0,147.80081620385334,443.40244861156003
1790039250.7143154,125.98526849999325,-77.96610169491527,-77.96610169491527,36186.0,35826.0,93.17207115009991,307.4678347953297
1790039250.8271189,126.09807140001794,-71.18644067796612,-77.96610169491527,36200.0,35876.0,129.99650864725936,454.9877802654077
1790039250.9408052,126.21175760001643,-64.40677966101697,-77.96610169491527,36209.0,35922.0,82.83242721359099,404.95853304422263
1790039251.0542176,126.32516980002401,-57.62711864406779,-77.96610169491527,36225.0,35984.0,138.46988927004148,553.8795570801659
1790039251.1662858,126.43723799998406,-50.847457627118644,-77.96610169491527,36235.0,36035.0,74.8215272761023,467.6345454756394
1790039251.280458,126.5514097000123,-44.067796610169495,-77.96610169491527,36248.0,36089.0,119.248113122242,458.6465889317
1790039251.3934395,126.66439099999843,-37.288135593220346,-77.96610169491527,36258.0,36129.0,92.66809995246365,361.4055898146083
1790039251.5080113,126.77896269998746,-30.508474576271198,-77.96610169491527,36271.0,36185.0,118.84834128478373,475.3933651391349
1790039251.6213667,126.89231799996924,-23.72881355932205,-77.96610169491527,36284.0,36227.0,120.49532845781913,370.7548567932896
1790039251.7369916,127.00794260000112,-16.9491525423729,-77.96610169491527,36295.0,36284.0,99.50734816523047,497.53674082615237
1790039251.8529234,127.12387409998337,-10.169491525423723,-77.96610169491527,36308.0,36336.0,118.34998279127063,464.2960863349848
1790039251.9726858,127.24363589996938,-3.3898305084745743,-77.96610169491527,36322.0,36374.0,125.08812010859282,330.59003171556674
1790039252.0872378,127.35818649997236,3.3898305084745743,-77.96610169491527,36341.0,36415.0,165.8749211330461,368.6109358512135
1790039252.2047074,127.47565580002265,10.169491525423723,-77.96610169491527,36355.0,36454.0,111.6350724017331,288.39060370447714
1790039252.319156,127.59010410000337,16.94915254237287,-77.96610169491527,36383.0,36496.0,257.6631790606403,377.29251219593755
1790039252.4311829,127.70213220000733,23.72881355932202,-77.96610169491527,36404.0,36530.0,178.85063053340645,282.3957324211681
1790039252.5435867,127.81453550001606,30.50847457627117,-77.96610169491527,36427.0,36565.0,205.0161869952365,298.20536290216216
1790039252.6546206,127.9255691000144,37.28813559322032,-77.96610169491527,36459.0,36602.0,283.1647244162972,330.3588451523467
1790039252.76912,128.04006769997068,44.06779661016947,-77.96610169491527,36491.0,36638.0,283.41483785071244,319.98449434757856
1790039252.8825052,128.15345280000474,50.847457627118644,-77.96610169491527,36527.0,36668.0,332.4111999841107,258.5420444320861
1790039252.9962506,128.26719799998682,57.627118644067764,-77.96610169491527,36564.0,36701.0,331.4257938636609,294.6007056565874
1790039253.108018,128.37896539998474,64.40677966101691,-77.96610169491527,36603.0,36728.0,356.44002723197644,243.88001863240495
1790039253.221206,128.49215299997013,71.18644067796606,-77.96610169491527,36638.0,36759.0,323.8189167155418,277.55907147046435
1790039253.3348405,128.60578729998088,77.96610169491527,-77.96610169491527,36674.0,36785.0,295.5189173199294,230.87415415619486
1790039253.4493124,128.72025920002488,84.74576271186442,-77.96610169491527,36709.0,36808.0,310.9671719377071,201.21405243028107
1790039253.5627797,128.83372609998332,91.52542372881356,-77.96610169491527,36745.0,36829.0,313.8297382253593,175.37544194946548
1790039253.6751328,128.94607900001574,98.30508474576271,-77.96610169491527,36797.0,36849.0,475.368013907428,177.09788753413983
1790039253.7905443,129.06149029999506,105.08474576271186,-77.96610169491527,36844.0,36865.0,408.42702948694597,145.21849937313635
1790039253.9069993,129.1779450000031,111.86440677966101,-77.96610169491527,36901.0,36880.0,516.791179965863,135.99767893838498
1790039254.021802,129.29274750000332,118.64406779661016,-77.96610169491527,36945.0,36897.0,401.4598541353618,145.98540150376795
1790039254.1390195,129.4099644999951,125.42372881355931,-77.96610169491527,36993.0,36914.0,400.1607918865035,145.5130152314558
1790039254.2568107,129.52775479998672,132.20338983050846,-77.96610169491527,37042.0,36927.0,442.4823627453731,119.83897324353855
1790039254.3729224,129.64386569999624,138.9830508474576,-77.96610169491527,37109.0,36953.0,576.1958619524214,204.45659617666564
1790039254.4877594,129.75870220002253,145.76271186440675,-77.96610169491527,37169.0,36973.0,542.5616636934958,183.9192080316935
1790039254.602134,129.87307769997278,152.5423728813559,-77.96610169491527,37220.0,36992.0,432.5211750984131,156.44382929091537
1790039254.7160566,129.98699880001368,159.32203389830505,-77.96610169491527,37272.0,37009.0,450.3974528114254,147.0685560200573
1790039254.830301,130.1012445000233,166.1016949152542,-77.96610169491527,37316.0,37022.0,389.4525130772768,111.27214659350767
1790039254.9443772,130.21532020001905,172.88135593220335,-77.96610169491527,37361.0,37041.0,414.5268636308175,165.81074545232698
1790039255.0578563,130.32879880000837,179.66101694915255,-77.96610169491527,37414.0,37060.0,479.962046115853,156.91066892249043
1790039255.1716366,130.4425788000226,186.4406779661017,-77.96610169491527,37470.0,37074.0,489.3723108568012,120.0347177573286
1790039255.285032,130.5559736000141,193.22033898305085,-77.96610169491527,37525.0,37090.0,507.5622154924323,147.65446268870758
1790039255.3991356,130.67007669998566,200.0,-77.96610169491527,37575.0,37117.0,432.35008932697366,229.97345176966684
1790039255.5131898,130.78413159999764,-200.0,-71.18644067796612,37614.0,37137.0,330.2812896209696,183.48960534498312
1790039255.6256132,130.89655429997947,-193.22033898305085,-71.18644067796612,37660.0,37156.0,391.39964502511435,167.7427050107633
1790039255.7390742,131.01001510000788,-186.4406779661017,-71.18644067796612,37699.0,37185.0,332.22192786929486,258.39483278722935
1790039255.8531818,131.12412280001445,-179.66101694915255,-71.18644067796612,37736.0,37209.0,321.29339863686437,220.3154733509927
1790039255.9662185,131.23715900001116,-172.8813559322034,-71.18644067796612,37777.0,37234.0,370.4907799664393,213.03219848070256
1790039256.0799398,131.3508801999851,-166.10169491525426,-71.18644067796612,37808.0,37269.0,285.3568664814871,294.5619266905673
1790039256.194465,131.46540500002448,-159.32203389830508,-71.18644067796612,37845.0,37308.0,320.2014158391987,347.6472514825586
1790039256.309923,131.58086250000633,-152.54237288135593,-71.18644067796612,37880.0,37339.0,281.68732518537826,263.51394936696676
1790039256.427076,131.69801559997723,-145.76271186440678,-71.18644067796612,37907.0,37367.0,233.3341110416174,242.30849992783345
1790039256.5429163,131.81385450001108,-138.98305084745763,-71.18644067796612,37924.0,37400.0,146.69155537967805,284.2148885481262
1790039256.659627,131.93056519998936,-132.20338983050848,-71.18644067796612,37944.0,37435.0,185.83595510326202,315.9211236755454
1790039256.7744317,132.04536960000405,-125.42372881355932,-71.18644067796612,37970.0,37470.0,210.78388703826565,293.26453848802174
1790039256.8881757,132.1591127999709,-118.64406779661017,-71.18644067796612,37986.0,37500.0,147.74513228608797,249.31991073277342
1790039257.0012975,132.27223529998446,-111.86440677966102,-71.18644067796612,38009.0,37537.0,213.77411702903905,316.0139121298838
1790039257.1153247,132.3862621000153,-105.08474576271186,-71.18644067796612,38033.0,37582.0,202.44405182173546,395.6861012879375
1790039257.229116,132.50005319999764,-98.30508474576271,-71.18644067796612,38052.0,37629.0,174.89308513661325,423.4253640149584
1790039257.3414803,132.61241739999969,-91.52542372881356,-71.18644067796612,38061.0,37675.0,83.94246025947349,429.03924132619784
1790039257.453952,132.72488910000538,-84.74576271186442,-71.18644067796612,38077.0,37724.0,149.0097834693607,447.02935040808217
1790039257.5667007,132.83763730002102,-77.96610169491527,-71.18644067796612,38098.0,37767.0,167.0905816352021,371.3124036337825
1790039257.684126,132.95506220002426,-71.18644067796612,-71.18644067796612,38110.0,37816.0,107.2568175212342,429.0272700849368
1790039257.7962065,133.06714250001824,-64.40677966101697,-71.18644067796612,38122.0,37857.0,93.46126311969003,336.4605472308841
1790039257.909278,133.18021389999194,-57.62711864406779,-71.18644067796612,38135.0,37915.0,120.43806100915761,518.8101089625251
1790039258.022751,133.29368659999454,-50.847457627118644,-71.18644067796612,38148.0,37957.0,110.74411741406347,387.60441094922214
1790039258.1377146,133.4086505000014,-44.067796610169495,-71.18644067796612,38166.0,38001.0,137.71449034740752,376.41960694958055
1790039258.2511995,133.52213489997666,-37.288135593220346,-71.18644067796612,38180.0,38059.0,121.525197257223,523.4931574157298
1790039258.3637729,133.63470799999777,-30.508474576271198,-71.18644067796612,38197.0,38106.0,159.9542342553644,432.8173397498096
1790039258.4770384,133.7479728999897,-23.72881355932205,-71.18644067796612,38206.0,38157.0,75.05901516150186,478.50122165457435
1790039258.5908303,133.86176389997127,-16.9491525423729,-71.18644067796612,38219.0,38193.0,120.41184554463352,324.18573800478254
1790039258.7045867,133.97552029998042,-10.169491525423723,-71.18644067796612,38231.0,38223.0,110.42453633369153,257.6572514452802
1790039258.8181994,134.08913219999522,-3.3898305084745743,-71.18644067796612,38254.0,38262.0,193.73694574498256,350.57161610996843
1790039258.931159,134.20209259999683,3.3898305084745743,-71.18644067796612,38262.0,38304.0,74.56739262505998,372.8369631252999
1790039259.0445201,134.3154531000182,10.169491525423723,-71.18644067796612,38281.0,38345.0,166.25810278708482,350.98932810606794
1790039259.1574483,134.42838100000517,16.94915254237287,-71.18644067796612,38308.0,38380.0,241.4969840890835,306.5154028822983
1790039259.2710576,134.54199030000018,23.72881355932202,-71.18644067796612,38332.0,38412.0,221.5518228320664,276.93977854008295
1790039259.3851318,134.6560641999822,30.50847457627117,-71.18644067796612,38352.0,38444.0,165.23903210105604,266.218440607257
1790039259.4995928,134.77052409999305,37.28813559322032,-71.18644067796612,38373.0,38468.0,182.86734170768744,182.86734170768744
1790039259.6129718,134.88390319998143,44.06779661016947,-71.18644067796612,38398.0,38510.0,222.22674896277238,370.37791493795396
1790039259.7260315,134.99696289998246,50.847457627118644,-71.18644067796612,38436.0,38543.0,342.9596864781822,296.6137829000495
1790039259.8393078,135.11023869999917,57.627118644067764,-71.18644067796612,38469.0,38579.0,277.5195305452921,333.0234366543505
1790039259.9539523,135.22488300001714,64.40677966101691,-71.18644067796612,38498.0,38611.0,248.58994256792246,285.4180822076147
1790039260.066992,135.33792279998306,71.18644067796606,-71.18644067796612,38545.0,38639.0,426.195455274153,222.36284622999287
1790039260.1794262,135.45035629998893,77.96610169491527,-71.18644067796612,38592.0,38659.0,410.2391975109675,186.47236250498523
1790039260.2918615,135.56279140000697,84.74576271186442,-71.18644067796612,38637.0,38682.0,419.3208121710106,205.00128595027184
1790039260.4045794,135.6755091000232,91.52542372881356,-71.18644067796612,38677.0,38699.0,334.49166554597565,157.95439761893294
1790039260.5189822,135.78991200000746,98.30508474576271,-71.18644067796612,38731.0,38726.0,484.9922356558944,237.9207193783633
1790039260.6388695,135.90979930001777,105.08474576271186,-71.18644067796612,38785.0,38754.0,462.0653099014777,235.39176164792258
1790039260.7528148,136.023743800004,111.86440677966101,-71.18644067796612,38831.0,38778.0,404.4716176535272,220.62088235646937
1790039260.8718848,136.14281320001464,118.64406779661016,-71.18644067796612,38878.0,38796.0,400.30280690323184,151.2255048301098
1790039260.9890683,136.25999709998723,125.42372881355931,-71.18644067796612,38937.0,38809.0,489.2724704245358,120.01022859469747
1790039261.1050675,136.37599590001628,132.20338983050846,-71.18644067796612,38987.0,38821.0,437.2455020541785,111.63714946064131
1790039261.218859,136.4897869999986,138.9830508474576,-71.18644067796612,39039.0,38836.0,470.48417519411214,103.50651854270467
1790039261.3370273,136.60795440000948,145.76271186440675,-71.18644067796612,39082.0,38853.0,369.15216826467287,156.88967151248596
1790039261.4528794,136.72380639996845,152.5423728813559,-71.18644067796612,39137.0,38866.0,435.9490883101128,118.06954475065555
1790039261.5668404,136.83776730002137,159.32203389830505,-71.18644067796612,39189.0,38884.0,434.0369964576488,166.22693481356762
1790039261.679983,136.9509093000088,166.1016949152542,-71.18644067796612,39236.0,38898.0,426.22981198290717,129.72211669045
1790039261.7937303,137.0646570000099,172.88135593220335,-71.18644067796612,39288.0,38909.0,479.01411528176624,92.11809909264736
1790039261.9067826,137.17770910001127,179.66101694915255,-71.18644067796612,39336.0,38928.0,426.0600560169835,166.7191523544718
1790039262.019239,137.29016460001003,186.4406779661017,-71.18644067796612,39386.0,38946.0,437.88996666960384,167.70254042665678
1790039262.1323044,137.40322979999473,193.22033898305085,-71.18644067796612,39431.0,38965.0,398.3093160255387,166.73413228976037
1790039262.2449844,137.51590970001416,200.0,-71.18644067796612,39477.0,38983.0,399.7214962593041,158.0294287536784
1790039262.3578055,137.6287306000013,-200.0,-64.40677966101697,39517.0,39006.0,334.47177614937976,195.1085360871382
1790039262.4711788,137.7421039000037,-193.22033898305085,-64.40677966101697,39565.0,39025.0,434.2166409283285,166.29573482361516
1790039262.584949,137.85587369999848,-186.4406779661017,-64.40677966101697,39590.0,39049.0,193.27655302902755,211.68384379369687
1790039262.6994843,137.97040910000214,-179.66101694915255,-64.40677966101697,39621.0,39080.0,265.0025724125681,246.7265329358393
1790039262.8145924,138.08551689999877,-172.8813559322034,-64.40677966101697,39658.0,39110.0,331.1331375965796,239.15171048641858
1790039262.9347038,138.20562750002136,-166.10169491525426,-64.40677966101697,39699.0,39144.0,352.7669718151073,291.0327517474635
1790039263.0518057,138.32272920000833,-159.32203389830508,-64.40677966101697,39735.0,39177.0,312.4474467697268,266.4992928330023
1790039263.169351,138.44027419999475,-152.54237288135593,-64.40677966101697,39772.0,39201.0,327.97190372569816,209.53760515808492
1790039263.282195,138.55311819998315,-145.76271186440678,-64.40677966101697,39800.0,39233.0,251.42754976676196,288.6760756581341
1790039263.3941572,138.66508000000613,-138.98305084745763,-64.40677966101697,39828.0,39271.0,234.36503944749427,346.86025838229153
1790039263.5065806,138.777503099991,-132.20338983050848,-64.40677966101697,39850.0,39314.0,195.58444826569908,391.16889653139816
1790039263.6200106,138.89093270001467,-125.42372881355932,-64.40677966101697,39867.0,39346.0,156.91964882866748,286.1475949228642
1790039263.7327192,139.00364070001524,-118.64406779661017,-64.40677966101697,39880.0,39388.0,120.75309055963635,371.5479709527272
1790039263.845797,139.11671889998252,-111.86440677966102,-64.40677966101697,39894.0,39422.0,120.74490321726823,297.21822330404484
1790039263.9581974,139.2291185000213,-105.08474576271186,-64.40677966101697,39915.0,39454.0,186.40527669442042,260.96738737218857
1790039264.0712967,139.3422172999708,-98.30508474576271,-64.40677966101697,39933.0,39500.0,166.67608074898843,416.69020187247105
1790039264.1837478,139.4546682999935,-91.52542372881356,-64.40677966101697,39942.0,39551.0,74.77341319171457,476.6805090971804
1790039264.2971642,139.56808469997486,-84.74576271186442,-64.40677966101697,39957.0,39597.0,120.82166162769582,408.9348547398935
1790039264.4115458,139.6824661999708,-77.96610169491527,-64.40677966101697,39967.0,39640.0,73.18775677744436,384.23572308158293
1790039264.5242813,139.7952013000031,-71.18644067796612,-64.40677966101697,39973.0,39688.0,55.74850732681229,418.11380495109216
1790039264.63672,139.90763979998883,-64.40677966101697,-64.40677966101697,39986.0,39734.0,111.83305561924463,410.0545372705636
1790039264.7508593,140.02177920000395,-57.62711864406779,-64.40677966101697,39997.0,39798.0,101.81781831152989,583.1384139660348
1790039264.8730385,140.14395729999524,-50.847457627118644,-64.40677966101697,40011.0,39846.0,105.45510469265162,404.24456798849786
1790039264.9875698,140.25848899997072,-44.067796610169495,-64.40677966101697,40030.0,39891.0,176.5638445489244,390.2990247923592
1790039265.1029406,140.3738581999787,-37.288135593220346,-64.40677966101697,40047.0,39941.0,154.14342045508636,435.2284812849497
1790039265.2156515,140.4865703000105,-30.508474576271198,-64.40677966101697,40068.0,39994.0,196.80759334710382,487.3330882880666
1790039265.329758,140.60067549999803,-23.72881355932205,-64.40677966101697,40085.0,40044.0,155.98018873092843,440.41465053438617
1790039265.4455109,140.71642880002037,-16.9491525423729,-64.40677966101697,40098.0,40087.0,117.83463448983461,380.69651142869645
1790039265.558284,140.82920099998591,-10.169491525423723,-64.40677966101697,40110.0,40137.0,93.20081415534719,419.40366369906235
1790039265.6717165,140.94263349997345,-3.3898305084745743,-64.40677966101697,40126.0,40189.0,138.56748922879603,471.1294633779065
1790039265.7844954,141.05541199998697,3.3898305084745743,-64.40677966101697,40152.0,40222.0,232.27055628557176,278.7246675426861
1790039265.8981779,141.16909460001625,10.169491525423723,-64.40677966101697,40177.0,40259.0,202.6878248254186,331.6709860779577
1790039266.0106382,141.28155429998878,16.94915254237287,-64.40677966101697,40203.0,40296.0,223.59422115445818,344.707757613123
1790039266.1248164,141.39573230000678,23.72881355932202,-64.40677966101697,40227.0,40339.0,193.2008037079684,349.60145432870473
1790039266.2385013,141.50941699999385,30.50847457627117,-64.40677966101697,40254.0,40371.0,230.17332979540745,276.20799575448893
1790039266.3522806,141.62319559999742,37.28813559322032,-64.40677966101697,40275.0,40392.0,184.63725712271707,193.86911997885292
1790039266.4694066,141.74032199999783,44.06779661016947,-64.40677966101697,40307.0,40423.0,259.73072191564773,259.73072191564773
1790039266.581439,141.8523541999748,50.847457627118644,-64.40677966101697,40340.0,40455.0,308.5020356138944,261.7593029451225
1790039266.6965601,141.96747490001144,57.627118644067764,-64.40677966101697,40377.0,40470.0,309.0459569757431,127.25421757824715
1790039266.8125014,142.08341630001087,64.40677966101691,-64.40677966101697,40406.0,40495.0,261.695062015363,225.59919139255433
1790039266.9256487,142.19656299997587,71.18644067796606,-64.40677966101697,40432.0,40513.0,241.11357373017577,157.65118282357648
1790039267.0422673,142.31318180001108,77.96610169491527,-64.40677966101697,40475.0,40528.0,375.9870807169332,128.3858324399284
1790039267.155947,142.42686110001523,84.74576271186442,-64.40677966101697,40518.0,40544.0,377.55378303597035,147.33806167257382
1790039267.2713482,142.54226129996823,91.52542372881356,-64.40677966101697,40567.0,40567.0,438.9582786802232,164.6093545050837
1790039267.3889627,142.65987590001896,98.30508474576271,-64.40677966101697,40610.0,40587.0,387.67202936421677,166.1451554418072
1790039267.5021384,142.77305000001797,105.08474576271186,-64.40677966101697,40657.0,40601.0,417.2303139053713,129.80498654833775
1790039267.6165018,142.88741409999784,111.86440677966101,-64.40677966101697,40720.0,40615.0,526.3172476047209,129.2709029204578
1790039267.7302883,143.00119959999574,118.64406779661016,-64.40677966101697,40762.0,40634.0,378.571731832678,175.43568060538738
1790039267.844042,143.11495369998738,125.42372881355931,-64.40677966101697,40798.0,40649.0,333.4139082329063,129.6609643127969
1790039267.9573853,143.22829679999268,132.20338983050846,-64.40677966101697,40840.0,40670.0,361.68176459369744,157.65615379725273
1790039268.0749388,143.34584969998104,138.9830508474576,-64.40677966101697,40901.0,40690.0,507.1205957821541,142.34964092130642
1790039268.1890173,143.459927399992,145.76271186440675,-64.40677966101697,40952.0,40703.0,452.5342377538678,120.0601038938833
1790039268.3020687,143.57297949999338,152.5423728813559,-64.40677966101697,40990.0,40721.0,326.2852610580744,158.48141251392187
1790039268.4161985,143.68710939999437,159.32203389830505,-64.40677966101697,41036.0,40738.0,413.3339701644126,146.96318939179116
1790039268.5289178,143.7998281000182,166.1016949152542,-64.40677966101697,41083.0,40749.0,427.49618268394045,102.22734803311619
1790039268.6420157,143.91292580001755,172.88135593220335,-64.40677966101697,41130.0,40765.0,379.77767246565566,148.2059209622071
1790039268.7550635,144.0259737999877,179.66101694915255,-64.40677966101697,41180.0,40779.0,463.64770211464287,129.82135659210002
1790039268.8699942,144.14090409997152,186.4406779661017,-64.40677966101697,41219.0,40809.0,332.9424341248826,268.2036274894888
1790039268.9857633,144.25667269999394,193.22033898305085,-64.40677966101697,41257.0,40827.0,323.75152159662593,138.75065211283967
1790039269.1038978,144.37480739998864,200.0,-64.40677966101697,41293.0,40852.0,318.7430958947114,218.56669432780214
1790039269.221159,144.49206790002063,-200.0,-57.62711864406779,41336.0,40877.0,384.29724844542136,210.44849319630217
1790039269.3371582,144.60806699999375,-193.22033898305085,-57.62711864406779,41375.0,40905.0,351.5159588948999,240.51091924387887
1790039269.4501603,144.72106860001804,-186.4406779661017,-57.62711864406779,41408.0,40934.0,273.5090455529825,273.5090455529825
1790039269.5628898,144.83379750000313,-179.66101694915255,-57.62711864406779,41439.0,40953.0,281.146590794272,159.31640145008748
1790039269.6771054,144.94801160000497,-172.8813559322034,-57.62711864406779,41486.0,40983.0,394.1172048255354,265.7999753474541
1790039269.7913947,145.06230200000573,-166.10169491525426,-57.62711864406779,41516.0,41012.0,277.3048189696776,231.08734914139802
1790039269.9087238,145.17962960002478,-159.32203389830508,-57.62711864406779,41543.0,41045.0,240.76509797386007,276.4340013773949
1790039270.0240507,145.29495670000324,-152.54237288135593,-57.62711864406779,41566.0,41081.0,211.39803035401906,330.8838735975951
1790039270.1381464,145.40905169997131,-145.76271186440678,-57.62711864406779,41596.0,41124.0,220.95622488013527,377.4668841702311
1790039270.2512417,145.52214810001897,-138.98305084745763,-57.62711864406779,41616.0,41156.0,157.9388423136823,278.71560408296875
1790039270.3646185,145.63552389998222,-132.20338983050848,-57.62711864406779,41637.0,41200.0,193.97656576201797,378.7161522020351
1790039270.4790602,145.74996569997165,-125.42372881355932,-57.62711864406779,41663.0,41232.0,228.6780578430074,256.1194247841683
1790039270.5924923,145.86339780001435,-118.64406779661017,-57.62711864406779,41687.0,41286.0,213.01483605613433,481.5987597790863
1790039270.7053483,145.97625140001765,-111.86440677966102,-57.62711864406779,41703.0,41340.0,148.52247976386337,501.26336920303885
1790039270.8204296,146.09133440000005,-105.08474576271186,-57.62711864406779,41712.0,41377.0,72.65092321612569,326.9291544725656
1790039270.9337535,146.20465829997556,-98.30508474576271,-57.62711864406779,41724.0,41423.0,110.79646964031242,378.55460460440077
1790039271.047649,146.31855349999387,-91.52542372881356,-57.62711864406779,41740.0,41460.0,138.00755734174527,312.8171299746226
1790039271.1623607,146.4332648999989,-84.74576271186442,-57.62711864406779,41753.0,41504.0,91.45884167918538,365.83536671674153
1790039271.2800176,146.55092180002248,-77.96610169491527,-57.62711864406779,41770.0,41554.0,133.24911988260305,417.5139089654895
1790039271.401689,146.6725929999957,-71.18644067796612,-57.62711864406779,41783.0,41598.0,105.24829387431024,368.36902856008584
1790039271.5167534,146.78765650000423,-64.40677966101697,-57.62711864406779,41793.0,41637.0,83.8691641101411,335.4766564405644
1790039271.6324368,146.90333810000448,-57.62711864406779,-57.62711864406779,41807.0,41689.0,110.70600907304193,433.5985355360809
1790039271.7473712,147.01827290002257,-50.847457627118644,-57.62711864406779,41817.0,41738.0,92.57613463108136,444.3654462291905
1790039271.8623059,147.1332067999756,-44.067796610169495,-57.62711864406779,41832.0,41786.0,137.45880816887464,439.86818614039885
1790039271.9792736,147.25017449998995,-37.288135593220346,-57.62711864406779,41846.0,41832.0,117.65536389888996,398.21815473470446
1790039272.094078,147.36497970001074,-30.508474576271198,-57.62711864406779,41865.0,41881.0,165.11564976704716,431.1353077250676
1790039272.2077694,147.47867119999137,-23.72881355932205,-57.62711864406779,41884.0,41923.0,175.48429049142942,387.91264213894925
1790039272.320044,147.590944399999,-16.9491525423729,-57.62711864406779,41905.0,41971.0,186.63088323563127,429.2510314419519
1790039272.4339263,147.7048273999826,-10.169491525423723,-57.62711864406779,41918.0,42011.0,120.48337932586064,333.64628121007564
1790039272.5483625,147.81926349998685,-3.3898305084745743,-57.62711864406779,41946.0,42063.0,219.6311843570282,439.2623687140564
1790039272.664174,147.93507479998516,3.3898305084745743,-57.62711864406779,41972.0,42109.0,234.95370055216992,388.57727399012714
1790039272.778676,148.0495761000202,10.169491525423723,-57.62711864406779,41993.0,42138.0,173.7673492396331,237.78689895949793
1790039272.8920615,148.1629615999991,16.94915254237287,-57.62711864406779,42023.0,42173.0,258.47402473842754,295.3988854153458
1790039273.0065517,148.2774519000086,23.72881355932202,-57.62711864406779,42060.0,42213.0,339.15519185824655,348.32154839495587
1790039273.1271775,148.39807689998997,30.50847457627117,-57.62711864406779,42091.0,42242.0,254.51545530485302,254.51545530485302
1790039273.2433097,148.51420879998477,37.28813559322032,-57.62711864406779,42126.0,42272.0,308.1496520186225,253.77030166239498
1790039273.357918,148.62881630001357,44.06779661016947,-57.62711864406779,42163.0,42303.0,335.9917121413265,233.32757787592118
1790039273.4753735,148.74627180001698,50.847457627118644,-57.62711864406779,42192.0,42322.0,258.31402130914444,175.28451445977657
1790039273.5891747,148.8600725000142,57.627118644067764,-57.62711864406779,42216.0,42350.0,211.63475891602795,230.03778143046517
1790039273.7029352,148.9738323999918,64.40677966101691,-57.62711864406779,42254.0,42377.0,343.9173109924889,241.67162394066787
1790039273.816765,149.08766229997855,71.18644067796606,-57.62711864406779,42294.0,42401.0,361.0485961035588,203.66843882764854
1790039273.9322205,149.20311729999958,77.96610169491527,-57.62711864406779,42345.0,42422.0,455.6448011739333,191.37081649305196
1790039274.0469382,149.31783459999133,84.74576271186442,-57.62711864406779,42387.0,42439.0,376.46661275360907,137.7316875927838
1790039274.1613214,149.4322181000025,91.52542372881356,-57.62711864406779,42461.0,42453.0,633.3267552317833,119.32243214511858
1790039274.2733917,149.54428819997702,98.30508474576271,-57.62711864406779,42503.0,42466.0,383.25959474451514,121.52133491899261
1790039274.386793,149.65768940001726,105.08474576271186,-57.62711864406779,42559.0,42479.0,507.79652321116487,120.0246327590026
1790039274.4988947,149.76979069999652,111.86440677966101,-57.62711864406779,42611.0,42492.0,429.99053095944436,121.51906309723427
1790039274.6126518,149.88354770001024,118.64406779661016,-57.62711864406779,42668.0,42509.0,497.19178714803917,147.31608508090048
1790039274.7270648,149.9979605000117,125.42372881355931,-57.62711864406779,42714.0,42523.0,384.21744513860426,128.0724817128681
1790039274.83947,150.11036519997288,132.20338983050846,-57.62711864406779,42770.0,42538.0,503.3566431193053,139.82128975536259
1790039274.9528954,150.22379070002353,138.9830508474576,-57.62711864406779,42822.0,42553.0,470.82891740490385,129.2471537974246
1790039275.0669742,150.33786919998238,145.76271186440675,-57.62711864406779,42870.0,42568.0,367.5426740363848,137.8285027636443
1790039275.1798372,150.45073199999752,152.5423728813559,-57.62711864406779,42926.0,42581.0,510.614278361046,120.69064761261087
1790039275.295096,150.56599039997673,159.32203389830505,-57.62711864406779,42968.0,42593.0,362.84536072508456,99.78247419939825
1790039275.4120033,150.68289759999607,166.1016949152542,-57.62711864406779,43017.0,42612.0,405.3831277269617,162.15325109078466
1790039275.529522,150.80041580001125,172.88135593220335,-57.62711864406779,43075.0,42631.0,494.2900512025932,143.7934694407544
1790039275.6441307,150.9150228999788,179.66101694915255,-57.62711864406779,43111.0,42649.0,321.60190834003157,147.0180152411573
1790039275.7634625,151.03435460000765,186.4406779661017,-57.62711864406779,43159.0,42666.0,369.40069370581216,120.05522545438895
1790039275.8833933,151.1542851999984,193.22033898305085,-57.62711864406779,43195.0,42700.0,308.049903962372,298.7150583877547
1790039275.9967062,151.26759870001115,200.0,-57.62711864406779,43251.0,42725.0,519.1645901354058,231.76990631044902
1790039276.1108205,151.38171270000748,-200.0,-50.847457627118644,43301.0,42754.0,458.77241672360435,256.9125533652184
1790039276.2253017,151.49619249999523,-193.22033898305085,-50.847457627118644,43337.0,42773.0,329.2638755985693,155.48571903265776
1790039276.3421261,151.61301610001829,-186.4406779661017,-50.847457627118644,43381.0,42817.0,386.9899383651937,395.98970437368655
1790039276.4562178,151.72710800002096,-179.66101694915255,-50.847457627118644,43410.0,42844.0,213.0606157850892,231.58762585335782
1790039276.5692928,151.84018310002284,-172.8813559322034,-50.847457627118644,43434.0,42866.0,223.7011353165922,205.05937404020952
1790039276.6853387,151.95622940000612,-166.10169491525426,-50.847457627118644,43458.0,42894.0,218.32809799374192,254.71611432603225
1790039276.7994683,152.07035789999645,-159.32203389830508,-50.847457627118644,43479.0,42932.0,192.69873661819452,348.69295197578055
1790039276.913457,152.18434649996925,-152.54237288135593,-50.847457627118644,43503.0,42971.0,212.567547912635,351.19855742087526
1790039277.026667,152.2975570000126,-145.76271186440678,-50.847457627118644,43524.0,43013.0,157.94456516719458,380.92512775617513
1790039277.1393538,152.41024379996816,-138.98305084745763,-50.847457627118644,43543.0,43051.0,158.0272252411235,334.64588874590856
1790039277.2527797,152.5236696000211,-132.20338983050848,-50.847457627118644,43561.0,43080.0,156.96644797547222,249.29965266692648
1790039277.3672547,152.63814429997,-125.42372881355932,-50.847457627118644,43580.0,43121.0,164.59415196761853,365.7647821502634
1790039277.4849818,152.75587120000273,-118.64406779661017,-50.847457627118644,43595.0,43166.0,107.75407286343865,395.09826716594176
1790039277.6051495,152.87603779998608,-111.86440677966102,-50.847457627118644,43611.0,43228.0,133.6980616002369,525.8790422942652
1790039277.7188067,152.98969369998667,-105.08474576271186,-50.847457627118644,43629.0,43270.0,148.1356663212112,342.56372836780093
1790039277.832485,153.1033719999832,-98.30508474576271,-50.847457627118644,43642.0,43313.0,110.86576924642434,369.55256415474776
1790039277.9459014,153.21678879996762,-91.52542372881356,-50.847457627118644,43656.0,43361.0,120.33193096195399,416.5336071759946
1790039278.0594168,153.3303037000005,-84.74576271186442,-50.847457627118644,43667.0,43404.0,101.4246475000002,378.03732250000076
1790039278.172735,153.4436219999916,-77.96610169491527,-50.847457627118644,43678.0,43457.0,102.21471408834488,473.90458350050807
1790039278.2898135,153.56070039997576,-71.18644067796612,-50.847457627118644,43691.0,43508.0,107.19779596408613,437.7243335200183
1790039278.4030416,153.67392699996708,-64.40677966101697,-50.847457627118644,43699.0,43557.0,55.50262251080594,434.77054300131323
1790039278.5187426,153.78962820000015,-57.62711864406779,-50.847457627118644,43710.0,43605.0,91.7485905566854,422.04351656075283
1790039278.6338668,153.904752500006,-50.847457627118644,-50.847457627118644,43723.0,43650.0,109.46448153260692,410.491805747276
1790039278.7489302,154.01981620001607,-44.067796610169495,-50.847457627118644,43740.0,43697.0,145.92721696480223,410.4202977135063
1790039278.8633516,154.1342373000225,-37.288135593220346,-50.847457627118644,43756.0,43728.0,146.32237009737705,265.2092958014959
1790039278.9778602,154.24874549999367,-30.508474576271198,-50.847457627118644,43767.0,43785.0,91.41269176314599,521.0523430499321
1790039279.0914888,154.36237400001846,-23.72881355932205,-50.847457627118644,43783.0,43840.0,138.11862180317922,460.3954060105974
1790039279.2047958,154.4756809999817,-16.9491525423729,-50.847457627118644,43800.0,43880.0,157.80323053704114,343.4540899923837
1790039279.3286748,154.59955939999782,-10.169491525423723,-50.847457627118644,43823.0,43910.0,197.94992731043374,258.1955573614353
1790039279.4456964,154.71658050001133,-3.3898305084745743,-50.847457627118644,43859.0,43965.0,304.8000465271185,471.0546173600922
1790039279.5574481,154.8283320000046,3.3898305084745743,-50.847457627118644,43888.0,44010.0,262.5009023957417,393.7513535936125
1790039279.6712728,154.94215519999852,10.169491525423723,-50.847457627118644,43916.0,44046.0,248.34619825156713,321.93025699277223
1790039279.7860527,155.056934799999,16.94915254237287,-50.847457627118644,43943.0,44076.0,237.65627036127472,255.93752192752663
1790039279.9025176,155.1733994000242,23.72881355932202,-50.847457627118644,43980.0,44099.0,327.3069456818673,190.92905164775593
1790039280.0162396,155.2871223000111,30.50847457627117,-50.847457627118644,44014.0,44127.0,288.8514520242909,260.8980856993595
1790039280.1292362,155.40011899999809,37.28813559322032,-50.847457627118644,44055.0,44154.0,352.0637421381908,250.15055362450397
1790039280.2433722,155.51425469998503,44.06779661016947,-50.847457627118644,44091.0,44181.0,330.4610758292788,238.66633254336801
1790039280.3567882,155.62767050002003,50.847457627118644,-50.847457627118644,44137.0,44201.0,396.98989330163255,166.18181580068338
1790039280.4705222,155.74140389997046,57.627118644067764,-50.847457627118644,44181.0,44225.0,377.543352986709,221.00098711417112
1790039280.5829463,155.85382760001812,64.40677966101691,-50.847457627118644,44217.0,44240.0,335.5063581982272,139.794315915928
1790039280.696714,155.9675952999969,71.18644067796606,-50.847457627118644,44268.0,44254.0,450.9068289034599,128.8305225438457
1790039280.8087974,156.07967850001296,77.96610169491527,-50.847457627118644,44315.0,44273.0,439.6105985666347,168.36150583403028
1790039280.9223433,156.19322239997564,84.74576271186442,-50.847457627118644,44369.0,44290.0,470.92238918867605,156.97412972955868
1790039281.0366194,156.30749999999534,91.52542372881356,-50.847457627118644,44419.0,44302.0,448.2992078309699,109.78756110146202
1790039281.1517403,156.42262099997606,98.30508474576271,-50.847457627118644,44468.0,44321.0,436.5747796175554,163.71554235658328
1790039281.2658617,156.53674160002265,105.08474576271186,-50.847457627118644,44514.0,44337.0,376.1719821624743,146.79882230730703
1790039281.3809395,156.65181950002443,111.86440677966101,-50.847457627118644,44564.0,44347.0,436.64308781262866,90.9673099609643
1790039281.500814,156.77169389999472,118.64406779661016,-50.847457627118644,44622.0,44364.0,460.99372516174594,124.11369523585468
1790039281.6177857,156.88866290001897,125.42372881355931,-50.847457627118644,44680.0,44385.0,482.1538180834861,194.715964995254
1790039281.7317126,157.00259119999828,132.20338983050846,-50.847457627118644,44733.0,44405.0,456.1368560091562,167.56047771764923
1790039281.8448253,157.11570299998857,138.9830508474576,-50.847457627118644,44780.0,44419.0,416.8515480787361,129.68714829116232
1790039281.9575713,157.22844929998973,145.76271186440675,-50.847457627118644,44825.0,44433.0,400.73922390628115,121.15371885538732
1790039282.0750859,157.3459630999714,152.5423728813559,-50.847457627118644,44883.0,44448.0,500.20633502265156,133.98383973821024
1790039282.1896071,157.46048359997803,159.32203389830505,-50.847457627118644,44918.0,44471.0,302.57130605617493,201.71420403744995
1790039282.3039715,157.57484810001915,166.1016949152542,-50.847457627118644,44972.0,44489.0,469.28052861650644,147.2252638796883
1790039282.4201014,157.69097870000405,172.88135593220335,-50.847457627118644,45008.0,44505.0,281.02467028188363,145.04499111323025
1790039282.535836,157.8067127999966,179.66101694915255,-50.847457627118644,45051.0,44528.0,343.2065425981795,207.73027578310865
1790039282.64923,157.92010589997517,186.4406779661017,-50.847457627118644,45092.0,44551.0,341.644528963301,203.1399901943952
1790039282.7633476,158.03422420000425,193.22033898305085,-50.847457627118644,45131.0,44571.0,330.3355382629289,174.34375630543468
1790039282.8792288,158.15010530001018,200.0,-50.847457627118644,45173.0,44595.0,364.5497264620722,200.50234955413973
1790039282.9997115,158.27058730000863,-200.0,-44.067796610169495,45206.0,44627.0,272.532024700778,263.740669065269
1790039283.11529,158.386165599979,-193.22033898305085,-44.067796610169495,45235.0,44652.0,266.53480862987243,202.19882033990322
1790039283.230272,158.50114599999506,-186.4406779661017,-44.067796610169495,45272.0,44673.0,323.2300844060807,184.70290537490328
1790039283.3514686,158.62234230001923,-179.66101694915255,-44.067796610169495,45295.0,44707.0,204.32728029122785,278.628109488038
1790039283.4669714,158.73784459999297,-172.8813559322034,-44.067796610169495,45336.0,44739.0,326.99181155894064,281.57628217575444
1790039283.5802066,158.8510796999908,-166.10169491525426,-44.067796610169495,45355.0,44769.0,167.2122741215148,269.3975527513294
1790039283.6957622,158.96663540002191,-159.32203389830508,-44.067796610169495,45377.0,44799.0,183.07691886925323,256.30768641695454
1790039283.8102937,159.08116639999207,-152.54237288135593,-44.067796610169495,45396.0,44842.0,137.98318261979125,358.7562748114573
1790039283.92633,159.1972030000179,-145.76271186440678,-44.067796610169495,45413.0,44888.0,155.12902175051224,392.38517266306036
1790039284.039738,159.31061099999351,-138.98305084745763,-44.067796610169495,45432.0,44932.0,166.7701259687062,398.39530092524257
1790039284.1559606,159.42683359998045,-132.20338983050848,-44.067796610169495,45448.0,44972.0,135.00876205679074,351.02278134765595
1790039284.2709887,159.54186150000896,-125.42372881355932,-44.067796610169495,45471.0,45016.0,200.06984259111078,391.04560142808015
1790039284.3840313,159.65490369999316,-118.64406779661017,-44.067796610169495,45489.0,45061.0,157.49242419352808,407.6274508538374
1790039284.4979231,159.76879509998253,-111.86440677966102,-44.067796610169495,45502.0,45107.0,119.55606079775077,413.847902761445
1790039284.6145651,159.885437000019,-105.08474576271186,-44.067796610169495,45515.0,45159.0,117.87010534208684,426.1457654675448
1790039284.7366037,160.00747529999353,-98.30508474576271,-44.067796610169495,45528.0,45218.0,103.88225291530244,493.4407013476866
1790039284.8530455,160.12391710001975,-91.52542372881356,-44.067796610169495,45533.0,45265.0,45.40047761549853,390.44410749328733
1790039284.9691699,160.24003939999966,-84.74576271186442,-44.067796610169495,45544.0,45301.0,91.4965821274044,320.2380374459154
1790039285.0882113,160.35908179997932,-77.96610169491527,-44.067796610169495,45554.0,45346.0,82.71123763524515,395.1759131461713
1790039285.2019837,160.4728541999939,-71.18644067796612,-44.067796610169495,45565.0,45400.0,92.34846773406296,489.4468789905337
1790039285.3151429,160.58601189998444,-64.40677966101697,-44.067796610169495,45576.0,45450.0,101.79633515600436,444.2021897716554
1790039285.4284904,160.69936019997112,-57.62711864406779,-44.067796610169495,45583.0,45505.0,65.28480494681098,456.99363462767684
1790039285.5405934,160.81146300002,-50.847457627118644,-44.067796610169495,45591.0,45537.0,74.78928119935416,299.15712479741666
1790039285.65296,160.92382909997832,-44.067796610169495,-44.067796610169495,45609.0,45577.0,158.4664917336141,354.2192168163139
1790039285.768422,161.03929089999292,-37.288135593220346,-44.067796610169495,45629.0,45619.0,181.24462503129647,380.61371256572255
1790039285.8828623,161.15373119997093,-30.508474576271198,-44.067796610169495,45640.0,45659.0,91.50872258863639,329.43140131909104
1790039285.9956217,161.26649010000983,-23.72881355932205,-44.067796610169495,45657.0,45704.0,157.92108960364428,418.0264136567054
1790039286.1090338,161.3799018000136,-16.9491525423729,-44.067796610169495,45686.0,45750.0,258.5272441367005,397.0239820670758
1790039286.2214332,161.49230069998885,-10.169491525423723,-44.067796610169495,45713.0,45785.0,242.3456072629893,326.23447131556253
1790039286.334592,161.60545929998625,-3.3898305084745743,-44.067796610169495,45746.0,45823.0,286.8829703007059,323.9001277588615
1790039286.4497173,161.7205843999982,3.3898305084745743,-44.067796610169495,45782.0,45855.0,311.16183252527276,283.70637671421923
1790039286.5637603,161.83462739997776,10.169491525423723,-44.067796610169495,45812.0,45889.0,247.79440041290192,266.149541184228
1790039286.6774936,161.9483602999826,16.94915254237287,-44.067796610169495,45847.0,45921.0,312.93402337671705,285.3221977846538
1790039286.791269,162.06213590002153,23.72881355932202,-44.067796610169495,45885.0,45952.0,331.33916242011065,266.9121030606447
1790039286.905838,162.17670449998695,30.50847457627117,-44.067796610169495,45917.0,45974.0,284.3679281078146,201.80949736683615
1790039287.02367,162.2945364000043,37.28813559322032,-44.067796610169495,45955.0,46010.0,341.1235171532469,314.19271316746426
1790039287.1390793,162.40994530002354,44.06779661016947,-44.067796610169495,46004.0,46044.0,437.85792589793715,310.1493641777055
1790039287.2569256,162.52779119997285,50.847457627118644,-44.067796610169495,46057.0,46070.0,469.41363909085067,216.65244881116183
1790039287.3745685,162.64543219999177,57.627118644067764,-44.067796610169495,46103.0,46093.0,415.2540339199094,212.24095067017592
1790039287.4949841,162.76584740000544,64.40677966101691,-44.067796610169495,46158.0,46108.0,478.32497941787057,119.58124485446764
1790039287.616365,162.8872286999831,71.18644067796606,-44.067796610169495,46206.0,46124.0,414.9040925813748,119.86118230128606
1790039287.7329884,163.00385129998904,77.96610169491527,-44.067796610169495,46248.0,46150.0,373.2970598252497,236.72496476723148
1790039287.8482785,163.11914279998746,84.74576271186442,-44.067796610169495,46301.0,46166.0,467.83754490348616,146.77256310697607
1790039287.9613671,163.2322299000225,91.52542372881356,-44.067796610169495,46347.0,46183.0,425.8478538840677,157.3785546962859
1790039288.0751333,163.34599619999062,98.30508474576271,-44.067796610169495,46416.0,46201.0,583.5602732402762,129.68006072006136
1790039288.1905718,163.46143460000167,105.08474576271186,-44.067796610169495,46471.0,46222.0,463.53986312478554,172.69132155629265
1790039288.3036094,163.5744723000098,111.86440677966101,-44.067796610169495,46522.0,46235.0,446.24014778774097,120.85670669251317
1790039288.4180787,163.68894129997352,118.64406779661016,-44.067796610169495,46573.0,46249.0,430.0193783547243,118.94153018322162
1790039288.5339713,163.804833400005,125.42372881355931,-44.067796610169495,46635.0,46268.0,552.4451586525714,163.01660419256206
1790039288.648971,163.91983349999646,132.20338983050846,-44.067796610169495,46698.0,46281.0,547.3713405496599,91.22855675827664
1790039288.763051,164.03391300002113,138.9830508474576,-44.067796610169495,46750.0,46299.0,449.74717773643414,156.0347351330486
1790039288.87803,164.14889189996757,145.76271186440675,-44.067796610169495,46799.0,46314.0,429.11871800828794,109.5622258744565
1790039288.9936564,164.26451800001087,152.5423728813559,-44.067796610169495,46836.0,46331.0,281.1375732226611,145.10326359879284
1790039289.110325,164.3811864000163,159.32203389830505,-44.067796610169495,46882.0,46346.0,396.93309177017403,129.23402987866132
1790039289.226995,164.4978549000225,166.1016949152542,-44.067796610169495,46941.0,46373.0,516.7333960359308,239.91193387382503
1790039289.344068,164.61492740001995,172.88135593220335,-44.067796610169495,46992.0,46390.0,444.67913628955205,129.698081417786
1790039289.4588218,164.7296820000047,179.66101694915255,-44.067796610169495,47049.0,46406.0,521.9980220135049,149.14229200385853
1790039289.5723798,164.84323970001424,186.4406779661017,-44.067796610169495,47100.0,46424.0,451.9082053907179,138.33924654817895
1790039289.6884086,164.95926809997763,193.22033898305085,-44.067796610169495,47135.0,46452.0,298.7477039303588,253.48290030454686
1790039289.8021288,165.07298830000218,200.0,-44.067796610169495,47176.0,46473.0,368.01947551615694,184.00973775807847
1790039289.9132016,165.1840602000011,-200.0,-37.288135593220346,47209.0,46499.0,302.18612780788385,236.08291234990926
1790039290.026886,165.29774469998665,-193.22033898305085,-37.288135593220346,47241.0,46524.0,295.9658011669079,231.22328216164678
1790039290.1424797,165.41333690000465,-186.4406779661017,-37.288135593220346,47271.0,46557.0,238.51919932831055,284.38827612221644
1790039290.2561455,165.52700339996954,-179.66101694915255,-37.288135593220346,47298.0,46595.0,240.2280318031379,332.6234286504986
1790039290.3696883,165.64054619998205,-172.8813559322034,-37.288135593220346,47334.0,46631.0,323.8374927162399,323.8374927162399
1790039290.4840734,165.7549313000054,-166.10169491525426,-37.288135593220346,47358.0,46657.0,202.12804073539306,229.69095538112848
1790039290.5981092,165.86896719998913,-159.32203389830508,-37.288135593220346,47380.0,46699.0,165.65540184803893,377.3261930983109
1790039290.7122188,165.98307640000712,-152.54237288135593,-37.288135593220346,47398.0,46739.0,146.92553724361423,348.9481509535838
1790039290.8294709,166.10032799997134,-145.76271186440678,-37.288135593220346,47425.0,46780.0,207.67850638036626,370.2095113736964
1790039290.9427562,166.21361259999685,-138.98305084745763,-37.288135593220346,47438.0,46818.0,111.86579089302094,344.91952192014793
1790039291.0589066,166.32976290001534,-132.20338983050848,-37.288135593220346,47452.0,46858.0,119.27984333920092,357.8395300176028
1790039291.172953,166.44380900001852,-125.42372881355932,-37.288135593220346,47459.0,46907.0,65.50026292678938,411.71593839696175
1790039291.286061,166.5569166999776,-118.64406779661017,-37.288135593220346,47471.0,46958.0,102.96742765498425,477.3944373094724
1790039291.3998492,166.67070489999605,-111.86440677966102,-37.288135593220346,47478.0,47005.0,64.45126196188838,414.3295411835681
1790039291.5125437,166.78339910000795,-105.08474576271186,-37.288135593220346,47493.0,47054.0,139.3934156132214,446.05892996230847
1790039291.6273437,166.89819859998534,-98.30508474576271,-37.288135593220346,47502.0,47108.0,82.07036167658306,455.94645375879475
1790039291.7414348,167.01228969998192,-91.52542372881356,-37.288135593220346,47514.0,47159.0,100.94150900844609,449.6485401285326
1790039291.854224,167.12507830001414,-84.74576271186442,-37.288135593220346,47524.0,47200.0,92.95779619960896,381.12696441839677
1790039291.9670284,167.23788119998062,-77.96610169491527,-37.288135593220346,47533.0,47251.0,74.2749603358748,454.9341320572331
1790039292.082155,167.35300760000246,-71.18644067796612,-37.288135593220346,47541.0,47294.0,73.37685802507842,366.88429012539206
1790039292.1975956,167.4684487999766,-64.40677966101697,-37.288135593220346,47553.0,47335.0,109.79921384154896,338.54757601144263
1790039292.3139832,167.58483639999758,-57.62711864406779,-37.288135593220346,47577.0,47378.0,198.27250571793465,369.5078515652419
1790039292.4287567,167.69960930000525,-50.847457627118644,-37.288135593220346,47592.0,47421.0,136.80227422851624,364.8060646093766
1790039292.542148,167.81300109997392,-44.067796610169495,-37.288135593220346,47613.0,47462.0,176.71180255287442,362.7242262927422
1790039292.655675,167.92652550002094,-37.288135593220346,-37.288135593220346,47634.0,47517.0,184.61203319786773,479.9912863144561
1790039292.7696748,168.04052709997632,-30.508474576271198,-37.288135593220346,47653.0,47542.0,165.22143796965818,220.29525062621093
1790039292.8840544,168.15490700001828,-23.72881355932205,-37.288135593220346,47672.0,47588.0,173.96001668310686,393.6989851249261
1790039292.9999032,168.2707553000073,-16.9491525423729,-37.288135593220346,47710.0,47623.0,327.55621223240183,318.45742855927955
1790039293.1161394,168.3869911999791,-10.169491525423723,-37.288135593220346,47743.0,47667.0,294.4166640895105,386.4218716174825
1790039293.228942,168.49979269999312,-3.3898305084745743,-37.288135593220346,47783.0,47699.0,356.19979815445697,271.8366880652435
1790039293.349401,168.6202507999842,3.3898305084745743,-37.288135593220346,47812.0,47734.0,247.35467909693136,293.1611011519187
1790039293.465144,168.73599379998632,10.169491525423723,-37.288135593220346,47842.0,47775.0,267.499790160704,368.9652278078676
1790039293.5800807,168.85092960001202,16.94915254237287,-37.288135593220346,47870.0,47803.0,256.5900103874032,247.42608144499596
1790039293.6953614,168.96620949998032,23.72881355932202,-37.288135593220346,47912.0,47840.0,366.18098866143373,320.4083650787545
1790039293.8098192,169.0806679999805,30.50847457627117,-37.288135593220346,47947.0,47867.0,313.1066440886176,239.43449253835462
1790039293.925582,169.19643060001545,37.28813559322032,-37.288135593220346,47976.0,47892.0,253.93117201346274,217.65529029725377
1790039294.0404131,169.31126230000518,44.06779661016947,-37.288135593220346,48028.0,47918.0,475.7095391882221,210.40998848709825
1790039294.1540833,169.4249323999975,50.847457627118644,-37.288135593220346,48084.0,47938.0,500.6452761557263,176.15296753627408
1790039294.2655215,169.5363701999886,57.627118644067764,-37.288135593220346,48129.0,47963.0,413.9995840814767,206.99979204073836
1790039294.3788953,169.64974389999406,64.40677966101691,-37.288135593220346,48161.0,47985.0,276.9648347581842,193.87538433072896
1790039294.4927864,169.76363449997734,71.18644067796606,-37.288135593220346,48203.0,47993.0,367.8502553370733,64.37379468398782
1790039294.6056917,169.87653960002353,77.96610169491527,-37.288135593220346,48250.0,48010.0,381.2378886141729,158.0742464985595
1790039294.7217257,169.9925734999706,84.74576271186442,-37.288135593220346,48300.0,48023.0,418.9599410465415,118.40172246967475
1790039294.8353572,170.1062035000068,91.52542372881356,-37.288135593220346,48354.0,48039.0,491.15321842029783,148.272669711788
1790039294.9524918,170.22333770000841,98.30508474576271,-37.288135593220346,48413.0,48053.0,492.9911541616226,120.92235856794515
1790039295.0673742,170.3382201999775,105.08474576271186,-37.288135593220346,48463.0,48068.0,448.7257562511799,137.36502742383058
1790039295.1836703,170.45451680000406,111.86440677966101,-37.288135593220346,48502.0,48085.0,346.31308706453905,154.92953894992536
1790039295.2978466,170.56869179999921,118.64406779661016,-37.288135593220346,48552.0,48095.0,412.62598836298747,91.69466408066388
1790039295.4123442,170.6831891000038,125.42372881355931,-37.288135593220346,48606.0,48109.0,479.77162858129753,119.94290714532438
1790039295.5281396,170.79898449999746,132.20338983050846,-37.288135593220346,48671.0,48125.0,552.8923066114767,145.0209328816988
1790039295.6421888,170.9130330000189,138.9830508474576,-37.288135593220346,48717.0,48144.0,414.06076754857,156.42295662945978
1790039295.757316,171.028161299997,145.76271186440675,-37.288135593220346,48774.0,48159.0,496.7668755638369,137.99079876773246
1790039295.8726702,171.14351490000263,152.5423728813559,-37.288135593220346,48814.0,48179.0,355.0677269692299,182.0860138303743
1790039295.9864779,171.25732259999495,159.32203389830505,-37.288135593220346,48861.0,48191.0,386.3241259575768,110.37832170216481
1790039296.0995765,171.37041919998592,166.1016949152542,-37.288135593220346,48903.0,48210.0,388.82876437554904,157.3830712948651
1790039296.2149363,171.48578029999044,172.88135593220335,-37.288135593220346,48952.0,48225.0,435.08685421616366,126.9003324797144
1790039296.3287108,171.59955490002176,179.66101694915255,-37.288135593220346,48989.0,48247.0,313.00028261549346,193.32370396839303
1790039296.4510198,171.72186330001568,186.4406779661017,-37.288135593220346,49025.0,48276.0,316.36948445684806,246.0651545775485
1790039296.5657423,171.83658579998882,193.22033898305085,-37.288135593220346,49070.0,48305.0,388.9778495853736,259.31856639024903
1790039296.6795402,171.95038310001837,200.0,-37.288135593220346,49106.0,48333.0,317.29707675033376,242.63894104437284
1790039296.7915316,172.0623736999696,-200.0,-30.508474576271198,49130.0,48376.0,196.5846689832521,393.1693379665042
1790039296.9050062,172.17584839998744,-193.22033898305085,-30.508474576271198,49169.0,48413.0,341.6183477817571,341.6183477817571
1790039297.0180964,172.2889382999856,-186.4406779661017,-30.508474576271198,49191.0,48442.0,203.76539935494682,250.075717390162
1790039297.1311395,172.40198119997513,-179.66101694915255,-30.508474576271198,49211.0,48462.0,185.4236606196025,166.88129455764224
1790039297.2449293,172.5157707000035,-172.8813559322034,-30.508474576271198,49242.0,48494.0,248.5558444858699,285.37893255785065
1790039297.3590608,172.62990100000752,-166.10169491525426,-30.508474576271198,49264.0,48522.0,174.26620174148636,247.64144458000692
1790039297.473838,172.74467779998668,-159.32203389830508,-30.508474576271198,49286.0,48564.0,174.8831044162393,358.9705827491228
1790039297.587833,172.85867370001506,-152.54237288135593,-30.508474576271198,49304.0,48600.0,166.3024949934751,332.6049899869502
1790039297.701487,172.97232669999357,-145.76271186440678,-30.508474576271198,49322.0,48643.0,156.68953720653502,359.46423241499207
1790039297.8174615,173.08830080000916,-138.98305084745763,-30.508474576271198,49341.0,48693.0,155.0117580588544,410.325241920497
1790039297.9304729,173.2013125999947,-132.20338983050848,-30.508474576271198,49356.0,48740.0,130.60054802670436,410.4588652267851
1790039298.043665,173.31450400000904,-125.42372881355932,-30.508474576271198,49372.0,48789.0,148.12181540973017,416.5926058398661
1790039298.1569798,173.42781939997803,-118.64406779661017,-30.508474576271198,49388.0,48843.0,139.91545371948558,475.712542646251
1790039298.2700539,173.5408925000229,-111.86440677966102,-30.508474576271198,49403.0,48887.0,120.45290288588141,379.8899244862414
1790039298.3916886,173.66252780001378,-105.08474576271186,-30.508474576271198,49411.0,48947.0,68.6726520478469,472.1244828289474
1790039298.506805,173.77764380001463,-98.30508474576271,-30.508474576271198,49423.0,48992.0,109.0138066022094,390.6328069912504
1790039298.6267316,173.897569200024,-91.52542372881356,-30.508474576271198,49443.0,49034.0,178.06901957690835,347.2345881749713
1790039298.742719,174.0135565000237,-84.74576271186442,-30.508474576271198,49455.0,49080.0,101.64545511834716,415.8223163932384
1790039298.8574905,174.12832770001842,-77.96610169491527,-30.508474576271198,49463.0,49126.0,74.21625317141292,408.18939244277107
1790039298.9733427,174.2441788999713,-71.18644067796612,-30.508474576271198,49479.0,49178.0,144.42036436941683,451.31363865442756
1790039299.0880933,174.35892899997998,-64.40677966101697,-30.508474576271198,49491.0,49218.0,91.4615184882203,347.55377025523717
1790039299.202198,174.47303479997208,-57.62711864406779,-30.508474576271198,49511.0,49262.0,175.43325080385247,397.03314655608716
1790039299.3164823,174.58731689996785,-50.847457627118644,-30.508474576271198,49528.0,49315.0,137.41460829382896,458.0486943127632
1790039299.431478,174.70231289998628,-44.067796610169495,-30.508474576271198,49547.0,49353.0,165.79409842395168,331.58819684790336
1790039299.5465052,174.81734060001327,-37.288135593220346,-30.508474576271198,49569.0,49400.0,192.69431621706548,385.38863243413095
1790039299.6606426,174.9314779000124,-30.508474576271198,-30.508474576271198,49594.0,49436.0,230.00243802834194,322.0034132396787
1790039299.778124,175.0489587999764,-23.72881355932205,-30.508474576271198,49614.0,49480.0,160.1451982752554,364.77517384919287
1790039299.8932357,175.16407110000728,-16.9491525423729,-30.508474576271198,49645.0,49524.0,282.52758295016605,373.6655129340906
1790039300.0076277,175.27846270002192,-10.169491525423723,-30.508474576271198,49675.0,49557.0,266.1492969219775,275.3268588848043
1790039300.1220014,175.39283590001287,-3.3898305084745743,-30.508474576271198,49716.0,49591.0,347.9152551711257,283.82560290276047
1790039300.2386186,175.5094530999777,3.3898305084745743,-30.508474576271198,49754.0,49619.0,340.89553270584366,251.18618199377954
1790039300.3563921,175.62722640001448,10.169491525423723,-30.508474576271198,49797.0,49641.0,345.94556227603664,177.40798065437775
1790039300.4737554,175.74458840000443,16.94915254237287,-30.508474576271198,49832.0,49669.0,302.54994603745763,210.868144207925
1790039300.5933464,175.8641789999674,23.72881355932202,-30.508474576271198,49888.0,49694.0,434.06585781890766,221.65065080114434
1790039300.7084682,175.97930120001547,30.50847457627117,-30.508474576271198,49928.0,49707.0,364.6564069603706,118.51333226212044
1790039300.823086,176.09391779999714,37.28813559322032,-30.508474576271198,49960.0,49735.0,283.914243165543,238.12162330013282
1790039300.9388134,176.20964469999308,44.06779661016947,-30.508474576271198,50010.0,49761.0,448.2089933722945,219.53093552928712
1790039301.0535078,176.32433779997518,50.847457627118644,-30.508474576271198,50049.0,49781.0,315.0154913283234,166.77290717381825
1790039301.1665199,176.437351999979,57.627118644067764,-30.508474576271198,50096.0,49808.0,419.24853911839915,242.2324892684084
1790039301.2788754,176.54970709996996,64.40677966101691,-30.508474576271198,50139.0,49818.0,372.7712936014495,83.87354106032613
1790039301.391773,176.6626038000104,71.18644067796606,-30.508474576271198,50177.0,49834.0,352.99450826412675,148.62926663752705
1790039301.504787,176.77561720000813,77.96610169491527,-30.508474576271198,50227.0,49854.0,439.9892156147044,177.8679807804124
1790039301.6216786,176.89250959997298,84.74576271186442,-30.508474576271198,50278.0,49868.0,441.0762619475154,126.02178912786154
1790039301.7349792,177.00581010000315,91.52542372881356,-30.508474576271198,50329.0,49876.0,453.8739064602234,74.10186227922014
1790039301.8497658,177.1205966999987,98.30508474576271,-30.508474576271198,50382.0,49890.0,446.7692656956587,127.64836162733107
1790039301.9660769,177.23690710001392,105.08474576271186,-30.508474576271198,50439.0,49902.0,458.49908974668074,107.88213876392489
1790039302.0868256,177.3576560000074,111.86440677966101,-30.508474576271198,50500.0,49912.0,530.8866173188621,91.53217539980382
1790039302.2046244,177.4754535999964,118.64406779661016,-30.508474576271198,50551.0,49935.0,421.17337105665604,179.22271108793873
1790039302.3179765,177.58880570001202,125.42372881355931,-30.508474576271198,50606.0,49957.0,472.32105973364236,194.4851422432645
1790039302.4310453,177.70187440002337,132.20338983050846,-30.508474576271198,50648.0,49974.0,379.826224907907,157.4889225227907
1790039302.5437934,177.8146222999785,138.9830508474576,-30.508474576271198,50704.0,49989.0,492.3843013103302,139.3540475406595
1790039302.6568322,177.92766099999426,145.76271186440675,-30.508474576271198,50756.0,50016.0,463.3344886308084,231.6672443154042
1790039302.7713356,178.04216369998176,152.5423728813559,-30.508474576271198,50812.0,50039.0,476.01480396425524,201.39087860026183
1790039302.8850703,178.15589799999725,159.32203389830505,-30.508474576271198,50848.0,50056.0,314.08224704164434,157.04112352082217
1790039302.999196,178.27002300001914,166.1016949152542,-30.508474576271198,50901.0,50082.0,460.11917100138027,202.45243524060731
1790039303.1116247,178.38245219999226,172.88135593220335,-30.508474576271198,50945.0,50099.0,407.474021212234,151.61824045106383
1790039303.2247221,178.4955477999756,179.66101694915255,-30.508474576271198,50987.0,50123.0,371.4496379138168,204.29730085259925
1790039303.340462,178.61128900002223,186.4406779661017,-30.508474576271198,51019.0,50143.0,280.2596832304948,171.7720639154645
1790039303.4538682,178.72469469998032,193.22033898305085,-30.508474576271198,51055.0,50177.0,323.23456211738153,295.52874250732026
1790039303.5683134,178.8391394999926,200.0,-30.508474576271198,51090.0,50216.0,311.0291864157975,329.3250209108444
1790039303.6854722,178.95629870000994,-200.0,-23.72881355932205,51117.0,50258.0,232.10327525822123,366.0090109841181
1790039303.799572,179.07039810001152,-193.22033898305085,-23.72881355932205,51148.0,50285.0,284.4409862833921,238.56340785058688
1790039303.9185057,179.1893317999784,-186.4406779661017,-23.72881355932205,51172.0,50323.0,204.5473545552124,329.054439936646
1790039304.0384514,179.30927570001222,-179.66101694915255,-23.72881355932205,51186.0,50363.0,106.95825866607134,311.9615877760414
1790039304.1581237,179.4289491000236,-172.8813559322034,-23.72881355932205,51207.0,50413.0,179.64932447311108,431.15837873546656
1790039304.2729487,179.54377220000606,-166.10169491525426,-23.72881355932205,51234.0,50452.0,221.63427566845354,350.9209364750514
1790039304.3921957,179.66301899997052,-159.32203389830508,-23.72881355932205,51251.0,50503.0,157.31476653614686,425.6752506272209
1790039304.513054,179.7838762999745,-152.54237288135593,-23.72881355932205,51268.0,50550.0,149.00603662429415,409.76660071680897
1790039304.6266277,179.89745059999404,-145.76271186440678,-23.72881355932205,51291.0,50590.0,205.2763485196369,354.56823835210014
1790039304.7411165,180.0119391999906,-138.98305084745763,-23.72881355932205,51303.0,50632.0,110.06447941290007,366.8815980430002
1790039304.854542,180.1253652999876,-132.20338983050848,-23.72881355932205,51316.0,50673.0,111.13426413164274,370.4475471054758
1790039304.9689512,180.23977400001604,-125.42372881355932,-23.72881355932205,51329.0,50726.0,100.91150612519137,477.0362107736319
1790039305.083072,180.3538944000029,-118.64406779661017,-23.72881355932205,51337.0,50774.0,64.41342378624482,423.2882134524659
1790039305.19681,180.46763249998912,-111.86440677966102,-23.72881355932205,51355.0,50809.0,166.19439765157466,323.15577321139517
1790039305.3112307,180.5820521999849,-105.08474576271186,-23.72881355932205,51371.0,50856.0,128.677534970727,422.79761490381736
1790039305.4246957,180.6955178999924,-98.30508474576271,-23.72881355932205,51385.0,50905.0,121.89427456540857,431.31820230836877
1790039305.5380251,180.808846800006,-91.52542372881356,-23.72881355932205,51392.0,50959.0,46.19428391116919,480.42055267615956
1790039305.6566541,180.9274750999757,-84.74576271186442,-23.72881355932205,51408.0,51008.0,140.96444347301133,422.893330419034
1790039305.7703338,181.04115469998214,-77.96610169491527,-23.72881355932205,51418.0,51050.0,92.28889378878483,369.15557515513933
1790039305.8844142,181.15523480001139,-71.18644067796612,-23.72881355932205,51427.0,51101.0,82.5623689871082,449.5062311520336
1790039305.9982853,181.2691059000208,-64.40677966101697,-23.72881355932205,51452.0,51146.0,220.71238603784846,395.44302498447854
1790039306.116066,181.386886399996,-57.62711864406779,-23.72881355932205,51471.0,51198.0,136.7959114228592,455.98637140953065
1790039306.2351253,181.5059452999849,-50.847457627118644,-23.72881355932205,51493.0,51251.0,180.46697630059947,442.14409193646867
1790039306.3534274,181.62424699997064,-44.067796610169495,-23.72881355932205,51511.0,51287.0,137.02722182247345,310.5950361309398
1790039306.4720263,181.7428443999961,-37.288135593220346,-23.72881355932205,51538.0,51322.0,237.62282123162242,283.31951762231904
1790039306.5918057,181.8626235999982,-30.508474576271198,-23.72881355932205,51555.0,51367.0,147.73612845881883,397.04084523307563
1790039306.7064672,181.9772855999763,-23.72881355932205,-23.72881355932205,51585.0,51411.0,277.0400303256755,387.8560424559457
1790039306.8205898,182.09140779997688,-16.9491525423729,-23.72881355932205,51612.0,51448.0,238.4922884022153,321.04731131067444
1790039306.9346924,182.2055096999975,-10.169491525423723,-23.72881355932205,51648.0,51474.0,324.2554168787079,231.6110120562199
1790039307.048427,182.31924460001756,-3.3898305084745743,-23.72881355932205,51675.0,51506.0,240.89844001297467,259.429089244742
1790039307.1621895,182.43300650001038,3.3898305084745743,-23.72881355932205,51710.0,51530.0,313.9105779850837,193.88594522608113
1790039307.2766619,182.54747879999923,10.169491525423723,-23.72881355932205,51738.0,51559.0,247.65961667067333,266.0047734610936
1790039307.3906634,182.66148050001357,16.94915254237287,-23.72881355932205,51772.0,51593.0,276.3634621071863,285.5755775107592
1790039307.5051517,182.7759686000063,23.72881355932202,-23.72881355932205,51808.0,51612.0,329.33164889838923,173.8139258074832
1790039307.6178694,182.8886856000172,30.50847457627117,-23.72881355932205,51847.0,51635.0,362.2501867563641,204.3462591958977
1790039307.7302876,183.00110390002374,37.28813559322032,-23.72881355932205,51893.0,51658.0,419.39819152950986,214.3590756706384
1790039307.842711,183.11352690000786,44.06779661016947,-23.72881355932205,51955.0,51673.0,559.0001350704936,139.7500337676234
1790039307.95584,183.22665570001118,50.847457627118644,-23.72881355932205,52001.0,51697.0,416.4831055145857,222.12432294111238
1790039308.068865,183.33968059998006,57.627118644067764,-23.72881355932205,52045.0,51720.0,398.29566508360466,194.51648759896972
1790039308.1809268,183.4517424000078,64.40677966101691,-23.72881355932205,52089.0,51732.0,392.64225801381696,112.18350228966199
1790039308.2951522,183.56596699997317,71.18644067796606,-23.72881355932205,52140.0,51749.0,449.21323501980663,146.6818726595287
1790039308.4113731,183.68218770000385,77.96610169491527,-23.72881355932205,52201.0,51764.0,535.3955439380778,127.04301042598458
1790039308.5295653,183.80037979996996,84.74576271186442,-23.72881355932205,52257.0,51782.0,476.354396933114,152.79291977099882
1790039308.6451278,183.9159413999878,91.52542372881356,-23.72881355932205,52314.0,51793.0,486.3389231720482,91.76206097585815
1790039308.7608855,184.03169929998694,98.30508474576271,-23.72881355932205,52352.0,51809.0,326.87277099327054,149.42755245406656
1790039308.8739882,184.14480130001903,105.08474576271186,-23.72881355932205,52408.0,51829.0,481.6719201462018,185.25843082546223
1790039308.9877572,184.25857050000923,111.86440677966101,-23.72881355932205,52456.0,51840.0,433.86070480656343,92.31078825671563
1790039309.1015563,184.37236829998437,118.64406779661016,-23.72881355932205,52498.0,51858.0,377.1280138361065,156.37015207838562
1790039309.215342,184.48615489999065,125.42372881355931,-23.72881355932205,52547.0,51868.0,442.95889168589633,92.28310243456173
1790039309.3270204,184.5978318999987,132.20338983050846,-23.72881355932205,52600.0,51885.0,478.1979252935391,159.3993084311797
1790039309.4410934,184.71190529997693,138.9830508474576,-23.72881355932205,52651.0,51904.0,452.4464888752409,166.2048326480477
1790039309.55382,184.82463160000043,145.76271186440675,-23.72881355932205,52704.0,51916.0,464.63910547322826,111.51338531357479
1790039309.6672997,184.93811149999965,152.5423728813559,-23.72881355932205,52746.0,51936.0,378.3373275314329,175.32705422188351
1790039309.7803526,185.05116350000026,159.32203389830505,-23.72881355932205,52797.0,51959.0,444.5119444105378,194.4739756796103
1790039309.8924294,185.16324010002427,166.1016949152542,-23.72881355932205,52839.0,51988.0,383.44741663711267,252.514152419562
1790039310.004926,185.2757367999875,172.88135593220335,-23.72881355932205,52885.0,52021.0,400.4071117282568,297.9773854721911
1790039310.118219,185.38902950001648,179.66101694915255,-23.72881355932205,52924.0,52056.0,341.8411750129291,304.88537230882866
1790039310.229625,185.50043549999828,186.4406779661017,-23.72881355932205,52956.0,52085.0,291.8168896541458,263.5765454940672
1790039310.3410714,185.61188119999133,193.22033898305085,-23.72881355932205,52992.0,52117.0,338.49857086843497,272.6794043106837
1790039310.4538906,185.72470059996704,200.0,-23.72881355932205,53016.0,52141.0,194.96217727333203,213.53000368031604
1790039310.5668702,185.8376799999969,-200.0,-16.9491525423729,53052.0,52171.0,324.10018214606663,268.5401509210266
1790039310.6849234,185.9557327000075,-193.22033898305085,-16.9491525423729,53076.0,52222.0,208.59331919996637,426.2559131477574
1790039310.80541,186.07621899998048,-186.4406779661017,-16.9491525423729,53104.0,52264.0,223.56780239192543,339.8230596357266
1790039310.9235175,186.19432609999785,-179.66101694915255,-16.9491525423729,53117.0,52303.0,108.65372602741719,335.015655251203
1790039311.037927,186.30873509997036,-172.8813559322034,-16.9491525423729,53135.0,52352.0,166.75513947551042,435.4161975193883
1790039311.1542795,186.42508740001358,-166.10169491525426,-16.9491525423729,53146.0,52394.0,101.54833514180986,341.5716727497241
1790039311.268044,186.53885150002316,-159.32203389830508,-16.9491525423729,53166.0,52436.0,174.97651632970909,377.58090365884595
1790039311.3818378,186.65264460002072,-152.54237288135593,-16.9491525423729,53187.0,52474.0,193.24560598632587,340.48035340447893
1790039311.4972532,186.76806029997533,-145.76271186440678,-16.9491525423729,53204.0,52516.0,156.6329445164484,377.76180736319907
1790039311.6110542,186.88185980002163,-138.98305084745763,-16.9491525423729,53219.0,52551.0,137.9793748241422,303.5546246131129
1790039311.7254477,186.99625329999253,-132.20338983050848,-16.9491525423729,53236.0,52596.0,138.1107371350786,395.917446453892
1790039311.8388598,187.10966620000545,-125.42372881355932,-16.9491525423729,53246.0,52661.0,92.92194927688806,557.5316956613283
1790039311.9529696,187.22377510002116,-118.64406779661017,-16.9491525423729,53256.0,52720.0,82.57115571377018,513.7760799967923
1790039312.067152,187.33795700001065,-111.86440677966102,-16.9491525423729,53268.0,52776.0,110.3766972638491,505.8931957926417
1790039312.183558,187.4543632999994,-105.08474576271186,-16.9491525423729,53280.0,52826.0,108.73593564410638,434.9437425764255
1790039312.3000443,187.57084920001216,-98.30508474576271,-16.9491525423729,53287.0,52861.0,63.0186094013352,315.093047006676
1790039312.4191992,187.6900041999761,-91.52542372881356,-16.9491525423729,53306.0,52923.0,149.92305424163158,511.50218505968417
1790039312.5370035,187.80780780001078,-84.74576271186442,-16.9491525423729,53321.0,52966.0,137.7082952538542,367.22212067694454
1790039312.651496,187.9222992999712,-77.96610169491527,-16.9491525423729,53333.0,52997.0,110.01594315736472,275.03985789341175
1790039312.7631757,188.03397950000362,-71.18644067796612,-16.9491525423729,53352.0,53038.0,180.4138884831775,351.3323091514509
1790039312.8788414,188.1496451999992,-64.40677966101697,-16.9491525423729,53375.0,53075.0,201.17136600225632,329.18950800369214
1790039312.9944544,188.2652575999964,-57.62711864406779,-16.9491525423729,53397.0,53120.0,195.02917081596036,390.0583416319207
1790039313.1108544,188.38165719999233,-50.847457627118644,-16.9491525423729,53405.0,53167.0,63.03886976218264,405.2498770426027
1790039313.2249682,188.49577089998638,-44.067796610169495,-16.9491525423729,53433.0,53209.0,249.2522432015632,360.0310179578135
1790039313.340745,188.6115475000115,-37.288135593220346,-16.9491525423729,53457.0,53262.0,207.7957747591671,451.72994512862414
1790039313.4602377,188.73103989998344,-30.508474576271198,-16.9491525423729,53487.0,53307.0,254.38060948713257,394.7285319627919
1790039313.5772974,188.84809980000136,-23.72881355932205,-16.9491525423729,53522.0,53346.0,279.51271024503205,342.62848352616834
1790039313.6965854,188.96738709998317,-16.9491525423729,-16.9491525423729,53553.0,53386.0,256.54722248987133,302.35922650591976
1790039313.811673,189.08247399999527,-10.169491525423723,-16.9491525423729,53588.0,53411.0,291.99291546794376,218.9946866009578
1790039313.9264948,189.19729560002452,-3.3898305084745743,-16.9491525423729,53617.0,53438.0,255.98408511878347,246.84179636454118
1790039314.0416024,189.3124030000181,3.3898305084745743,-16.9491525423729,53648.0,53479.0,273.4962945376977,355.545182899007
1790039314.1583428,189.42914349999046,10.169491525423723,-16.9491525423729,53679.0,53496.0,269.4161483199986,143.6886124373326
1790039314.2785823,189.54938240000047,16.94915254237287,-16.9491525423729,53729.0,53523.0,421.83747145109385,228.49529703600916
1790039314.4000616,189.6708617999684,23.72881355932202,-16.9491525423729,53781.0,53544.0,449.6142950144202,183.516038781396
1790039314.5155213,189.7863203000161,30.50847457627117,-16.9491525423729,53840.0,53556.0,507.55992374938756,90.63570066953349
1790039314.6302774,189.9010768000153,37.28813559322032,-16.9491525423729,53892.0,53570.0,469.611097634587,101.28866811726387
1790039314.7455685,190.01636760000838,44.06779661016947,-16.9491525423729,53935.0,53591.0,381.18610602430897,181.51719334490903
1790039314.8595202,190.1303185999859,50.847457627118644,-16.9491525423729,53989.0,53609.0,451.1447105862297,147.31255855876887
1790039314.9735763,190.2443750000093,57.627118644067764,-16.9491525423729,54039.0,53624.0,440.46961410925167,110.11740352731292
1790039315.088089,190.3588873000117,64.40677966101691,-16.9491525423729,54084.0,53641.0,394.42448891112923,155.9352630578883
1790039315.2021801,190.4729786000098,71.18644067796606,-16.9491525423729,54131.0,53656.0,395.8733425593413,138.0953520555842
1790039315.3158815,190.58667970000533,77.96610169491527,-16.9491525423729,54197.0,53673.0,598.891773820494,147.41951355581392
1790039315.430319,190.70111710001947,84.74576271186442,-16.9491525423729,54258.0,53696.0,558.360579978673,192.22249474675627
1790039315.5451257,190.8159231999889,91.52542372881356,-16.9491525423729,54308.0,53708.0,437.83675818999205,109.45918954749801
1790039315.6567986,190.9275962000247,98.30508474576271,-16.9491525423729,54348.0,53725.0,375.3514226378408,150.14056905513633
1790039315.769235,191.04003209999064,105.08474576271186,-16.9491525423729,54402.0,53740.0,475.31927939720526,139.79978805800155
1790039315.8833468,191.1541432000231,111.86440677966101,-16.9491525423729,54466.0,53753.0,541.6864442381366,119.35464025586059
1790039315.995735,191.26653169997735,118.64406779661016,-16.9491525423729,54507.0,53764.0,345.9877575518642,102.86122521812179
1790039316.1095052,191.3803017999744,125.42372881355931,-16.9491525423729,54551.0,53780.0,371.57523741948677,148.6300949677947
1790039316.2233083,191.49410459998762,132.20338983050846,-16.9491525423729,54611.0,53799.0,520.077788842561,157.880757327206
1790039316.3421106,191.61290680000093,138.9830508474576,-16.9491525423729,54666.0,53815.0,494.8161264538156,134.94985266922245
1790039316.455481,191.72627649997594,145.76271186440675,-16.9491525423729,54714.0,53835.0,415.5604292476818,175.45884790457674
1790039316.5713627,191.84215769998264,152.5423728813559,-16.9491525423729,54759.0,53857.0,377.2744588217042,184.03632137644107
1790039316.6854534,191.9562480999739,159.32203389830505,-16.9491525423729,54811.0,53879.0,465.25607216497923,204.71267175259086
1790039316.7981913,192.06898589996854,166.1016949152542,-16.9491525423729,54849.0,53901.0,346.06348105607697,196.4144081669626
1790039316.9105942,192.18138839997118,172.88135593220335,-16.9491525423729,54895.0,53920.0,419.51196767469577,167.8047870698783
1790039317.0230544,192.29384779999964,179.66101694915255,-16.9491525423729,54932.0,53939.0,327.16976662072653,177.60644473696584
1790039317.136058,192.40685199998552,186.4406779661017,-16.9491525423729,54961.0,53956.0,260.14954885753025,120.78371911242476
1790039317.2484453,192.51923899998656,193.22033898305085,-16.9491525423729,54997.0,53987.0,308.6350476147033,280.5773160133666
1790039317.3625698,192.6333627999993,200.0,-16.9491525423729,55033.0,54009.0,321.08324317071356,192.64994590242813
1790039317.4760973,192.7468904000125,-200.0,-10.169491525423723,55056.0,54048.0,193.73212013193958,322.886866886566
1790039317.5914497,192.8622422000044,-193.22033898305085,-10.169491525423723,55090.0,54088.0,289.9937651066197,353.42990122369275
1790039317.705506,192.97629839996807,-186.4406779661017,-10.169491525423723,55114.0,54121.0,193.423241293668,285.52954667160515
1790039317.8196344,193.09042650001356,-179.66101694915255,-10.169491525423723,55142.0,54158.0,256.87767025067166,321.09708781333956
1790039317.9327188,193.20351079996908,-172.8813559322034,-10.169491525423723,55167.0,54201.0,213.06081304069963,352.01351719767763
1790039318.0474846,193.31827519997023,-166.10169491525426,-10.169491525423723,55186.0,54241.0,173.2759273045033,355.6716402566121
1790039318.1701343,193.44092510000337,-159.32203389830508,-10.169491525423723,55193.0,54299.0,59.72859326574611,486.3614023067898
1790039318.2868555,193.55764620000264,-152.54237288135593,-10.169491525423723,55213.0,54348.0,164.67847901937094,411.69619754842734
1790039318.4036744,193.67446469998686,-145.76271186440678,-10.169491525423723,55222.0,54396.0,82.54298424121409,431.0578065930069
1790039318.521206,193.79199549998157,-138.98305084745763,-10.169491525423723,55239.0,54455.0,125.34335123463373,465.5610188714967
1790039318.6362636,193.90705340000568,-132.20338983050848,-10.169491525423723,55253.0,54493.0,119.43183518908836,303.1731200953782
1790039318.752807,194.02359639998758,-125.42372881355932,-10.169491525423723,55267.0,54542.0,126.42670276093463,415.40202335735665
1790039318.8710997,194.14188950002426,-118.64406779661017,-10.169491525423723,55278.0,54586.0,97.73173523432291,373.1575345310511
1790039318.9876766,194.25846569996793,-111.86440677966102,-10.169491525423723,55288.0,54627.0,75.41819387129662,339.3818724208348
1790039319.1024182,194.3732068000245,-105.08474576271186,-10.169491525423723,55304.0,54675.0,127.74247118862591,419.7252624769137
1790039319.2199585,194.49074729997665,-98.30508474576271,-10.169491525423723,55318.0,54732.0,115.66536048817605,444.8667711083694
1790039319.3340518,194.6048402999877,-91.52542372881356,-10.169491525423723,55328.0,54773.0,73.40500108651605,357.84938029676573
1790039319.449488,194.72027579997666,-84.74576271186442,-10.169491525423723,55346.0,54821.0,163.1073028202037,407.76825705050925
1790039319.5687554,194.83954249997623,-77.96610169491527,-10.169491525423723,55361.0,54864.0,134.66211930599664,332.1665609547917
1790039319.6848395,194.9556266000145,-71.18644067796612,-10.169491525423723,55382.0,54914.0,186.16132553837204,418.8629824613371
1790039319.801718,195.07250429998385,-64.40677966101697,-10.169491525423723,55402.0,54957.0,171.44656685008516,360.9401407370214
1790039319.9219933,195.19277949997922,-57.62711864406779,-10.169491525423723,55423.0,55018.0,166.8715967224588,474.2666433164619
1790039320.0386877,195.3094742000103,-50.847457627118644,-10.169491525423723,55448.0,55053.0,208.60523813937692,281.1635818400298
1790039320.1563444,195.42712990002474,-44.067796610169495,-10.169491525423723,55480.0,55095.0,263.5714291780751,336.2807889513372
1790039320.2721808,195.54296659998363,-37.288135593220346,-10.169491525423723,55523.0,55141.0,380.6482076476409,398.7743127737191
1790039320.3883157,195.6591014000005,-30.508474576271198,-10.169491525423723,55550.0,55181.0,225.2938281925034,360.4701251080055
1790039320.504181,195.77496650000103,-23.72881355932205,-10.169491525423723,55573.0,55218.0,199.41318138151286,335.37671414163526
1790039320.623606,195.89439139998285,-16.9491525423729,-10.169491525423723,55617.0,55250.0,391.7019716524215,275.97184366420606
1790039320.7468266,196.01761119998991,-10.169491525423723,-10.169491525423723,55654.0,55286.0,324.79765112414884,306.2377853456261
1790039320.8660138,196.13679710001452,-3.3898305084745743,-10.169491525423723,55687.0,55322.0,298.22717511214034,316.30154936136097
1790039320.9848342,196.25561829999788,3.3898305084745743,-10.169491525423723,55730.0,55347.0,355.1290848964267,221.9556780602667
1790039321.1044178,196.37520209996728,10.169491525423723,-10.169491525423723,55782.0,55382.0,452.35584247874675,257.22194964477757
1790039321.220169,196.49095269996906,16.94915254237287,-10.169491525423723,55819.0,55405.0,308.33629199633293,168.1834319979998
1790039321.3380795,196.60886239999672,23.72881355932202,-10.169491525423723,55867.0,55428.0,399.10494048726224,195.11797090488375
1790039321.4610841,196.731867399998,30.50847457627117,-10.169491525423723,55931.0,55454.0,506.8545637856058,223.35963827840257
1790039321.5801246,196.8509077000199,37.28813559322032,-10.169491525423723,55979.0,55475.0,411.12835056003786,187.68902960349556
1790039321.6982336,196.9690159999882,44.06779661016947,-10.169491525423723,56025.0,55490.0,385.8408952098394,125.622617045064
1790039321.8153262,197.08610790001694,50.847457627118644,-10.169491525423723,56061.0,55507.0,310.69267110439023,146.2083158138307
1790039321.9282153,197.19899720000103,57.627118644067764,-10.169491525423723,56125.0,55521.0,590.8463829222811,131.29919620495136
1790039322.040885,197.31166680000024,64.40677966101691,-10.169491525423723,56176.0,55543.0,465.49494931424664,180.49804157083034
1790039322.1593935,197.43017549999058,71.18644067796606,-10.169491525423723,56237.0,55559.0,531.6801626022774,141.78137669394064
1790039322.2800436,197.55082449998008,77.96610169491527,-10.169491525423723,56289.0,55574.0,454.85972130580325,127.3607219656249
1790039322.4011712,197.67195089999586,84.74576271186442,-10.169491525423723,56348.0,55589.0,494.3529009419529,132.41595560945166
1790039322.5251675,197.79594809998525,91.52542372881356,-10.169491525423723,56411.0,55603.0,497.7703320454626,102.98696525078536
1790039322.6429162,197.9136956000002,98.30508474576271,-10.169491525423723,56471.0,55624.0,499.0162250846379,187.1310844067392
1790039322.7615342,198.03231380000943,105.08474576271186,-10.169491525423723,56533.0,55633.0,499.8336918184901,63.6151971405351
1790039322.8718734,198.14265280001564,111.86440677966101,-10.169491525423723,56582.0,55650.0,430.4094820112383,162.59913764869003
1790039322.9860215,198.25680099998135,118.64406779661016,-10.169491525423723,56628.0,55670.0,405.3050748828838,165.8066215429979
1790039323.1048937,198.37567259999923,125.42372881355931,-10.169491525423723,56685.0,55687.0,492.21031581133343,154.95509942208645
1790039323.2148266,198.48560539999744,132.20338983050846,-10.169491525423723,56735.0,55703.0,459.2725696623922,153.09085655413074
1790039323.335075,198.60585360002005,138.9830508474576,-10.169491525423723,56786.0,55721.0,425.87327914932916,139.0606625793728
1790039323.4502475,198.72102639998775,145.76271186440675,-10.169491525423723,56837.0,55741.0,445.1631658856766,172.61428881281338
1790039323.5701041,198.84088169998722,152.5423728813559,-10.169491525423723,56884.0,55763.0,393.6363318377712,187.87188564984535
1790039323.6885266,198.9593034000136,159.32203389830505,-10.169491525423723,56930.0,55781.0,366.1564291728117,151.8209584375073
1790039323.808079,199.0788555999752,166.1016949152542,-10.169491525423723,56963.0,55808.0,282.14539838149426,211.60904878612072
1790039323.9265037,199.1972808999708,172.88135593220335,-10.169491525423723,56990.0,55841.0,231.08030031326828,266.6311157460788
1790039324.0411286,199.31190480000805,179.66101694915255,-10.169491525423723,57026.0,55871.0,304.1589590021938,267.2912063958673
1790039324.1598248,199.4306015999755,186.4406779661017,-10.169491525423723,57058.0,55904.0,289.25060765819546,289.25060765819546
1790039324.2755556,199.54633209999884,193.22033898305085,-10.169491525423723,57079.0,55934.0,190.31858430672565,262.8209021378592
1790039324.3904247,199.6612009999808,200.0,-10.169491525423723,57100.0,55970.0,173.20752989031573,319.06650242952895
1790039324.5041144,199.77489060000516,-200.0,-3.3898305084745743,57124.0,56012.0,221.65146974640857,350.94816043181356
1790039324.6246269,199.89540259999922,-193.22033898305085,-3.3898305084745743,57136.0,56053.0,111.16659147020262,342.76365703312473
1790039324.7394118,200.0101870999788,-186.4406779661017,-3.3898305084745743,57161.0,56088.0,223.74826818826836,298.3310242510245
1790039324.8520925,200.12286750000203,-179.66101694915255,-3.3898305084745743,57178.0,56119.0,157.99344608377365,260.2244994320978
1790039324.9669707,200.23774479998974,-172.8813559322034,-3.3898305084745743,57204.0,56166.0,227.78939502225722,410.02091104006297
1790039325.0860565,200.35683060000883,-166.10169491525426,-3.3898305084745743,57234.0,56223.0,256.58403477493187,477.77716820159725
1790039325.1988604,200.4696332999738,-159.32203389830508,-3.3898305084745743,57253.0,56278.0,176.58566957537448,483.28709567997225
1790039325.3156645,200.58643849997316,-152.54237288135593,-3.3898305084745743,57269.0,56326.0,136.1204756622303,399.28672860920886
1790039325.4290645,200.6998378999997,-145.76271186440678,-3.3898305084745743,57284.0,56362.0,129.18740204900416,313.7408335475816
1790039325.5496612,200.82043419999536,-138.98305084745763,-3.3898305084745743,57293.0,56417.0,77.95690544241755,459.0795542720145
1790039325.6673484,200.93807350000134,-132.20338983050848,-3.3898305084745743,57305.0,56461.0,90.80606729407273,381.38548263510546
1790039325.7889822,201.0597535999841,-125.42372881355932,-3.3898305084745743,57317.0,56499.0,91.5076340420182,301.97519233866007
1790039325.9060411,201.1768138000043,-118.64406779661017,-3.3898305084745743,57324.0,56544.0,62.69755329803393,403.0556997730753
1790039326.0194519,201.29022429999895,-111.86440677966102,-3.3898305084745743,57341.0,56599.0,157.01951105720747,489.5314168254115
1790039326.1357484,201.4065204000217,-105.08474576271186,-3.3898305084745743,57361.0,56647.0,161.98762412671223,404.96906031678054
1790039326.254903,201.52567349997116,-98.30508474576271,-3.3898305084745743,57380.0,56707.0,145.71975544255875,473.58920518831593
1790039326.3750088,201.64577920001466,-91.52542372881356,-3.3898305084745743,57394.0,56744.0,123.62729555275487,300.23771777097613
1790039326.4908497,201.7616207000101,-84.74576271186442,-3.3898305084745743,57412.0,56772.0,154.01382686401973,253.66983248191488
1790039326.6098392,201.8806096999906,-77.96610169491527,-3.3898305084745743,57422.0,56799.0,79.21872726896878,202.44785857625354
1790039326.7301328,202.0009027000051,-71.18644067796612,-3.3898305084745743,57433.0,56828.0,91.6040324293349,238.17048431627074
1790039326.8469043,202.11767419998068,-64.40677966101697,-3.3898305084745743,57452.0,56866.0,162.68215881449345,343.44011305281947
1790039326.9613876,202.23215759999584,-57.62711864406779,-3.3898305084745743,57470.0,56900.0,165.23842534449216,302.93711313156894
1790039327.081692,202.3524620999815,-50.847457627118644,-3.3898305084745743,57497.0,56939.0,234.31377739677345,329.7749459658293
1790039327.1942368,202.46500630001538,-44.067796610169495,-3.3898305084745743,57520.0,56974.0,196.59681545772568,318.29960597917494
1790039327.3136048,202.58437280001817,-37.288135593220346,-3.3898305084745743,57547.0,57005.0,236.59057214319273,254.11579970935514
1790039327.4330518,202.70382009999594,-30.508474576271198,-3.3898305084745743,57581.0,57038.0,265.3275291356672,274.1717801068561
1790039327.5534673,202.8242358000134,-23.72881355932205,-3.3898305084745743,57621.0,57066.0,316.0009725738707,219.44511984296574
1790039327.6711648,202.9419321999885,-16.9491525423729,-3.3898305084745743,57661.0,57107.0,351.1758383016754,341.93436887268393
1790039327.7874072,203.05817450000905,-10.169491525423723,-3.3898305084745743,57691.0,57131.0,272.5258514351826,208.93648610030664
1790039327.902973,203.17373969999608,-3.3898305084745743,-3.3898305084745743,57725.0,57157.0,299.7207147617711,227.06114754679626
1790039328.025057,203.29582389997086,3.3898305084745743,-3.3898305084745743,57770.0,57189.0,378.06468674428436,266.3637565698367
1790039328.139549,203.41031619999558,10.169491525423723,-3.3898305084745743,57815.0,57209.0,387.82810724341505,138.51003830121965
1790039328.2597632,203.53052959998604,16.94915254237287,-3.3898305084745743,57855.0,57232.0,341.5825519856811,197.7583195706575
1790039328.3731103,203.6438759000157,23.72881355932202,-3.3898305084745743,57896.0,57261.0,370.74798411019447,268.792288479891
1790039328.4905803,203.76134690002073,30.50847457627117,-3.3898305084745743,57935.0,57280.0,339.412994176571,160.77457618890202
1790039328.6071525,203.8779165999731,37.28813559322032,-3.3898305084745743,57982.0,57306.0,401.53385938724193,219.0184687566774
1790039328.7290065,203.99977150000632,44.06779661016947,-3.3898305084745743,58049.0,57327.0,612.9272764097943,182.96336609247592
1790039328.8485098,204.11927419999847,50.847457627118644,-3.3898305084745743,58108.0,57343.0,510.1439485713316,123.13819448273522
1790039328.9682305,204.23899579996942,57.627118644067764,-3.3898305084745743,58160.0,57360.0,431.74980086956873,152.91138780797226
1790039329.082569,204.35333329997957,64.40677966101691,-3.3898305084745743,58212.0,57375.0,439.61760589392236,137.38050184185073
1790039329.1995683,204.47033270000247,71.18644067796606,-3.3898305084745743,58271.0,57387.0,517.2676653656562,99.82358454424943
1790039329.3102312,204.5809960999759,77.96610169491527,-3.3898305084745743,58320.0,57402.0,411.81783090786195,143.65738287483555
1790039329.4274054,204.6981690999819,84.74576271186442,-3.3898305084745743,58366.0,57418.0,392.79997632498487,142.83635502726722
1790039329.545261,204.81602389999898,91.52542372881356,-3.3898305084745743,58407.0,57433.0,354.564351224396,124.0975229285386
1790039329.6632993,204.93406300002243,98.30508474576271,-3.3898305084745743,58474.0,57450.0,545.9255301984991,127.38262371298315
1790039329.7774708,205.04823369998485,105.08474576271186,-3.3898305084745743,58530.0,57463.0,495.33013771522457,119.24614426477629
1790039329.890802,205.16156520001823,111.86440677966101,-3.3898305084745743,58593.0,57485.0,574.5731014971078,194.61346986192362
1790039330.004977,205.2757399000111,118.64406779661016,-3.3898305084745743,58641.0,57506.0,422.19032336716515,156.02685863569147
1790039330.1183743,205.38913690001937,125.42372881355931,-3.3898305084745743,58703.0,57525.0,544.639181124667,166.16110610583058
1790039330.2307498,205.501511999988,132.20338983050846,-3.3898305084745743,58751.0,57548.0,428.9336243723435,205.14216817807733
1790039330.3425026,205.61326459998963,138.9830508474576,-3.3898305084745743,58794.0,57572.0,384.4891453064584,206.31124870102647
1790039330.4555604,205.7263223999762,145.76271186440675,-3.3898305084745743,58838.0,57597.0,361.3875055664237,222.3923111177992
1790039330.5680287,205.83879000000888,152.5423728813559,-3.3898305084745743,58876.0,57621.0,326.0311666599359,204.9338761862454
1790039330.681087,205.95184829999926,159.32203389830505,-3.3898305084745743,58910.0,57651.0,296.35803752462226,240.7909054887556
1790039330.7949011,206.0656623999821,166.1016949152542,-3.3898305084745743,58952.0,57681.0,349.64101998515173,257.63022525221703
1790039330.9077568,206.17851789999986,172.88135593220335,-3.3898305084745743,58988.0,57717.0,287.53276485800893,324.63376677517135
1790039331.0222838,206.29304409999168,179.66101694915255,-3.3898305084745743,59025.0,57755.0,302.12337809252557,329.5891397373006
1790039331.136543,206.4073034999892,186.4406779661017,-3.3898305084745743,59053.0,57786.0,240.16412446155442,277.11245130179356
1790039331.2491436,206.51990399998613,193.22033898305085,-3.3898305084745743,59074.0,57818.0,187.34538159420552,281.0180723913083
1790039331.362289,206.63304849999258,200.0,-3.3898305084745743,59100.0,57857.0,213.50641596393262,352.7497307230191
1790039331.4760401,206.74679940001806,-200.0,3.3898305084745743,59119.0,57897.0,167.20357594874991,334.40715189749983
1790039331.5905352,206.86129329999676,-193.22033898305085,3.3898305084745743,59135.0,57928.0,128.09849676425137,283.6466714065566
1790039331.7028968,206.97365559998434,-186.4406779661017,3.3898305084745743,59150.0,57974.0,140.34352354413636,430.38680553535147
1790039331.815688,207.0864453999675,-179.66101694915255,3.3898305084745743,59171.0,58020.0,185.94808885558336,427.68060436784174
1790039331.9287336,207.19949209998595,-172.8813559322034,3.3898305084745743,59187.0,58075.0,121.59942534681605,505.10530528677435
1790039332.040836,207.31159379996825,-166.10169491525426,3.3898305084745743,59205.0,58121.0,158.8603916268531,401.82334352674604
1790039332.1552653,207.42602309997892,-159.32203389830508,3.3898305084745743,59215.0,58157.0,91.47691303530783,320.1691956235774
1790039332.268114,207.5388702999917,-152.54237288135593,3.3898305084745743,59224.0,58199.0,64.99451260381959,380.6821452509433
1790039332.38347,207.65422720002243,-145.76271186440678,3.3898305084745743,59236.0,58237.0,91.50587559653151,311.11997702820713
1790039332.4945323,207.76528930000495,-138.98305084745763,3.3898305084745743,59250.0,58285.0,122.74491624857522,434.32816518726617
1790039332.6072533,207.8780099999858,-132.20338983050848,3.3898305084745743,59264.0,58328.0,130.04323943385523,362.2633098514539
1790039332.7206604,207.991417000012,-125.42372881355932,3.3898305084745743,59277.0,58368.0,101.5731839467975,350.8891809071186
1790039332.834773,208.10552909999387,-118.64406779661017,3.3898305084745743,59292.0,58421.0,137.6148051562741,477.0646578750835
1790039332.9485304,208.21928640000988,-111.86440677966102,3.3898305084745743,59306.0,58471.0,110.43856071806165,441.7542428722466
1790039333.062289,208.3330448999768,-105.08474576271186,3.3898305084745743,59321.0,58516.0,138.44241213280074,387.63875397184205
1790039333.1805484,208.45130309998058,-98.30508474576271,3.3898305084745743,59336.0,58562.0,133.89091457317141,383.82062177642473
1790039333.296218,208.56697240000358,-91.52542372881356,3.3898305084745743,59347.0,58610.0,91.75423077693651,440.42030772929525
1790039333.4093688,208.68012360000284,-84.74576271186442,3.3898305084745743,59367.0,58643.0,186.82230206625016,298.9156833060003
1790039333.5220923,208.7928455999936,-77.96610169491527,3.3898305084745743,59379.0,58673.0,111.55142937033001,269.58262097829754
1790039333.6352644,208.90601809998043,-71.18644067796612,3.3898305084745743,59400.0,58714.0,195.01287085504987,352.8804329758045
1790039333.7478607,209.01861440000357,-64.40677966101697,3.3898305084745743,59418.0,58741.0,139.8973153486649,214.50921686795283
1790039333.8606486,209.13140229997225,-57.62711864406779,3.3898305084745743,59446.0,58796.0,261.15017988943015,503.64677550104386
1790039333.9737303,209.2444832000183,-50.847457627118644,3.3898305084745743,59469.0,58828.0,203.901752676335,268.7795830733507
1790039334.0878437,209.3585960000055,-44.067796610169495,3.3898305084745743,59498.0,58855.0,266.0484557803023,220.1780323699053
1790039334.2016828,209.4724344999995,-37.288135593220346,3.3898305084745743,59534.0,58894.0,304.4134415630747,350.5366902847527
1790039334.3157425,209.58649439999135,-30.508474576271198,3.3898305084745743,59572.0,58926.0,331.3022664295036,285.2880627587392
1790039334.4301386,209.70089029998053,-23.72881355932205,3.3898305084745743,59596.0,58952.0,211.76141298631669,220.9684309422435
1790039334.5442042,209.81495640001958,-16.9491525423729,3.3898305084745743,59632.0,58971.0,304.1740981450723,165.9131444427667
1790039334.6562822,209.92703389999224,-10.169491525423723,3.3898305084745743,59664.0,58993.0,271.2810641302761,187.09038905536283
1790039334.7693813,210.04013320000377,-3.3898305084745743,3.3898305084745743,59699.0,59021.0,305.5957356910806,240.77239781721502
1790039334.8808799,210.15163009997923,3.3898305084745743,3.3898305084745743,59738.0,59038.0,357.82049662834294,150.66126173824966
1790039334.991164,210.26191449997714,10.169491525423723,3.3898305084745743,59793.0,59063.0,470.1854447453878,211.1036690693578
1790039335.1042333,210.3749836999923,16.94915254237287,3.3898305084745743,59835.0,59081.0,379.6883407087161,166.69244226236316
1790039335.216995,210.4877453999943,23.72881355932202,3.3898305084745743,59880.0,59099.0,418.2680912487501,167.30723649950005
1790039335.3293874,210.60013759997673,30.50847457627117,3.3898305084745743,59922.0,59118.0,391.43648799415126,177.07841123544938
1790039335.4400902,210.71084010001505,37.28813559322032,3.3898305084745743,59959.0,59134.0,303.03030300197423,142.04545453217543
1790039335.5519464,210.8226963999914,44.06779661016947,3.3898305084745743,60010.0,59154.0,459.08262185705775,168.6425957842253
1790039335.6629188,210.93366829998558,50.847457627118644,3.3898305084745743,60063.0,59160.0,462.3797458724056,56.617928066008844
1790039335.7756565,211.04640529997414,57.627118644067764,3.3898305084745743,60114.0,59171.0,455.2287197187831,102.19420238584927
1790039335.8890579,211.15980680001667,64.40677966101691,3.3898305084745743,60160.0,59184.0,378.5895599893423,120.04059219174269
1790039336.0021455,211.2728943999973,71.18644067796606,3.3898305084745743,60214.0,59204.0,491.0667545693673,176.04279880788638
1790039336.115243,211.38599139999133,77.96610169491527,3.3898305084745743,60271.0,59217.0,490.871185378877,111.14064574616083
1790039336.2300098,211.50075810001,84.74576271186442,3.3898305084745743,60326.0,59237.0,474.4841580395459,164.2445162444582
1790039336.3472972,211.61804530001245,91.52542372881356,3.3898305084745743,60377.0,59255.0,447.8625311707917,161.23051122148502
1790039336.4627283,211.73347530001774,98.30508474576271,3.3898305084745743,60439.0,59277.0,537.3489980045791,203.82203372587486
1790039336.5787492,211.8494949999731,105.08474576271186,3.3898305084745743,60480.0,59292.0,345.50894403587216,112.05695482244504
1790039336.6975882,211.96833429997787,111.86440677966101,3.3898305084745743,60528.0,59309.0,420.50222584003086,146.26164377044552
1790039336.8114474,212.08219300000928,118.64406779661016,3.3898305084745743,60566.0,59327.0,331.20716735454255,165.60358367727127
1790039336.9264572,212.19720280001638,125.42372881355931,3.3898305084745743,60603.0,59344.0,310.305331411093,136.8994109166587
1790039337.0408766,212.3116219000076,132.20338983050846,3.3898305084745743,60646.0,59366.0,397.29359914905143,194.02710656116466
1790039337.1546504,212.4253959999769,138.9830508474576,3.3898305084745743,60687.0,59388.0,361.25527863156435,194.5220731093039
1790039337.2677307,212.53847590001533,145.76271186440675,3.3898305084745743,60723.0,59412.0,314.84280086325,212.9818947016103
1790039337.3794925,212.6502376999706,152.5423728813559,3.3898305084745743,60760.0,59435.0,337.6499375813732,206.34162852195027
1790039337.4933157,212.76405990001513,159.32203389830505,3.3898305084745743,60788.0,59464.0,220.797058945358,239.19681385747117
1790039337.6063738,212.87711800000397,166.1016949152542,3.3898305084745743,60828.0,59495.0,362.265665379423,287.954759660567
1790039337.7197402,212.99048470001435,172.88135593220335,3.3898305084745743,60864.0,59525.0,305.61979228208884,268.574968975169
1790039337.8331432,213.10388730000705,179.66101694915255,3.3898305084745743,60899.0,59557.0,277.0177744003568,286.251700213702
1790039337.9462557,213.21699950000038,186.4406779661017,3.3898305084745743,60932.0,59590.0,287.0737186289272,287.0737186289272
1790039338.0583081,213.32905210001627,193.22033898305085,3.3898305084745743,60962.0,59627.0,261.7218681432435,327.1523351790544
1790039338.172725,213.4434687999892,200.0,3.3898305084745743,60987.0,59663.0,228.81640599208637,311.19031214923746
1790039338.2867444,213.55748780001886,-200.0,10.169491525423723,61002.0,59708.0,128.54426372934552,413.1779905586106
1790039338.4050229,213.675765699998,-193.22033898305085,10.169491525423723,61018.0,59745.0,125.29332060707043,313.23330151767607
1790039338.5194533,213.79019530001096,-186.4406779661017,10.169491525423723,61034.0,59793.0,139.12733769355432,408.106857234426
1790039338.6335647,213.90430679998826,-179.66101694915255,10.169491525423723,61052.0,59833.0,158.51407049848376,335.67685517325975
1790039338.7486827,214.0194244000013,-172.8813559322034,10.169491525423723,61066.0,59895.0,128.94906514049356,552.6388506021153
1790039338.8621576,214.13289880001685,-166.10169491525426,10.169491525423723,61080.0,59933.0,121.23393770245005,335.72475056063087
1790039338.9747863,214.24552719999338,-159.32203389830508,10.169491525423723,61094.0,59991.0,121.3098477656876,513.2339713163706
1790039339.0875812,214.35832160001155,-152.54237288135593,10.169491525423723,61101.0,60047.0,65.06150637529035,492.60854827005556
1790039339.2023644,214.47310449997894,-145.76271186440678,10.169491525423723,61115.0,60095.0,128.4607557198176,422.0853402222578
1790039339.315119,214.58585979999043,-138.98305084745763,10.169491525423723,61128.0,60149.0,121.13655912199046,484.54623648796183
1790039339.4285161,214.6992564999964,-132.20338983050848,10.169491525423723,61140.0,60210.0,92.31300385998588,553.8780231599153
1790039339.5417016,214.81244120001793,-125.42372881355932,10.169491525423723,61151.0,60246.0,101.78945869528096,296.1147889317264
1790039339.6560585,214.92679810000118,-118.64406779661017,10.169491525423723,61163.0,60293.0,110.50273218531319,395.96812366403896
1790039339.7688522,215.0395916000125,-111.86440677966102,10.169491525423723,61174.0,60339.0,92.84654511305466,399.240143986135
1790039339.882217,215.15295610000612,-105.08474576271186,10.169491525423723,61188.0,60397.0,111.13796947088215,527.9053549866902
1790039339.9949663,215.26570529997116,-98.30508474576271,10.169491525423723,61210.0,60439.0,176.5541645083934,390.2776268080275
1790039340.1086602,215.37939870002447,-91.52542372881356,10.169491525423723,61221.0,60485.0,101.54102347609103,396.93309177017403
1790039340.2210987,215.4918372000102,-84.74576271186442,10.169491525423723,61240.0,60534.0,158.43621587617943,428.70976060613253
1790039340.3339398,215.604678099975,-77.96610169491527,10.169491525423723,61266.0,60592.0,241.3577674022542,464.14955269664273
1790039340.4503148,215.72105280001415,-71.18644067796612,10.169491525423723,61289.0,60638.0,189.49323190576328,397.0334382787421
1790039340.564452,215.83518960000947,-64.40677966101697,10.169491525423723,61316.0,60680.0,248.38320928286223,358.7757467419121
1790039340.679203,215.94994069996756,-57.62711864406779,10.169491525423723,61339.0,60726.0,201.2182851861682,393.290284682056
1790039340.793501,216.0642379000201,-50.847457627118644,10.169491525423723,61369.0,60765.0,223.23255621362546,344.15019082933924
1790039340.9077346,216.1784711999935,-44.067796610169495,10.169491525423723,61408.0,60812.0,335.4644646425239,410.01212345197365
1790039341.0207794,216.29151539999293,-37.288135593220346,10.169491525423723,61433.0,60843.0,233.1745881317396,261.1555387075484
1790039341.1335478,216.40428409999004,-30.508474576271198,10.169491525423723,61470.0,60869.0,334.4382182121237,222.9588121414158
1790039341.2459354,216.5166712999926,-23.72881355932205,10.169491525423723,61504.0,60902.0,298.2481648956004,279.6076545896253
1790039341.358422,216.62915729999077,-16.9491525423729,10.169491525423723,61534.0,60920.0,251.50835155656773,167.67223437104516
1790039341.4718559,216.74259069998516,-10.169491525423723,10.169491525423723,61571.0,60948.0,332.294298236986,258.45112085098907
1790039341.587417,216.8581509999931,-3.3898305084745743,10.169491525423723,61617.0,60963.0,408.65253632767536,136.2175121092251
1790039341.7007086,216.9714423000114,3.3898305084745743,10.169491525423723,61644.0,60992.0,214.6924298377838,270.69915066503177
1790039341.8147922,217.08552620001137,10.169491525423723,10.169491525423723,61678.0,61017.0,304.70773458999844,203.13848972666563
1790039341.9278955,217.19862879998982,16.94915254237287,10.169491525423723,61731.0,61036.0,490.9248375998335,175.99192291314785
1790039342.0412855,217.3120193000068,23.72881355932202,10.169491525423723,61770.0,61056.0,333.55014093487927,185.3056338527107
1790039342.155093,217.42582659999607,30.50847457627117,10.169491525423723,61836.0,61072.0,592.6293574816515,138.89750565976206
1790039342.2694752,217.5402092000004,37.28813559322032,10.169491525423723,61889.0,61086.0,486.6515162356365,128.54945711884739
1790039342.3816063,217.65233979996992,44.06779661016947,10.169491525423723,61933.0,61101.0,411.2956747256643,140.21443456556736
1790039342.4943163,217.76504899997963,50.847457627118644,10.169491525423723,61993.0,61122.0,548.2593695633678,157.97303868775003
1790039342.6084414,217.8791743000038,57.627118644067764,10.169491525423723,62047.0,61135.0,458.6209269004742,119.24144099412331
1790039342.7245302,217.9952625000151,64.40677966101691,10.169491525423723,62098.0,61152.0,460.9961131278028,144.62623156950676
1790039342.843404,218.1141357999877,71.18644067796606,10.169491525423723,62156.0,61167.0,514.2496779296898,135.32886261307627
1790039342.9581938,218.22892379999394,77.96610169491527,10.169491525423723,62208.0,61177.0,461.66815459038787,83.10026782626981
1790039343.0784256,218.34915500000352,84.74576271186442,10.169491525423723,62257.0,61195.0,432.53311644881603,128.83965170815796
1790039343.1920989,218.46283019997645,91.52542372881356,10.169491525423723,62303.0,61208.0,415.42193934540086,110.77918382544024
1790039343.3058257,218.57655679999152,98.30508474576271,10.169491525423723,62339.0,61225.0,331.4746202087007,147.32205342608918
1790039343.418354,218.6890834000078,105.08474576271186,10.169491525423723,62385.0,61243.0,400.3247286730452,139.64816116501575
1790039343.5310707,218.80180000001565,111.86440677966101,10.169491525423723,62431.0,61264.0,419.25830415603315,195.65387527281547
1790039343.647204,218.91793320002034,118.64406779661016,10.169491525423723,62480.0,61283.0,420.9485984753313,155.5679603061007
1790039343.7608495,219.03157920000376,125.42372881355931,10.169491525423723,62527.0,61310.0,424.7523508746001,230.843668953587
1790039343.8723059,219.14303510001628,132.20338983050846,10.169491525423723,62568.0,61326.0,376.3073150844533,150.52292603378132
1790039343.986465,219.25719410000602,138.9830508474576,10.169491525423723,62616.0,61341.0,412.91601300240393,119.28684820069446
1790039344.100474,219.37120290001621,145.76271186440675,10.169491525423723,62659.0,61368.0,386.65773064888793,230.15341110052856
1790039344.2129078,219.48363670002436,152.5423728813559,10.169491525423723,62694.0,61402.0,318.8664858070924,318.8664858070924
1790039344.3249116,219.59564030001638,159.32203389830505,10.169491525423723,62725.0,61432.0,280.61825812802124,252.5564323152191
1790039344.4376924,219.7084210999892,166.1016949152542,10.169491525423723,62766.0,61459.0,362.35284067023525,250.8596589255475
1790039344.5523398,219.82306730002165,172.88135593220335,10.169491525423723,62795.0,61486.0,246.52108537854005,246.52108537854005
1790039344.6672525,219.93798039999092,179.66101694915255,10.169491525423723,62820.0,61526.0,182.5328810733338,319.4325418783342
1790039344.7848065,220.05553359998157,186.4406779661017,10.169491525423723,62833.0,61547.0,109.48455583354756,191.59797270870823
1790039344.8994453,220.17017140000826,193.22033898305085,10.169491525423723,62862.0,61587.0,249.77081214056736,342.2785203407775
1790039345.015648,220.28637470002286,200.0,10.169491525423723,62883.0,61637.0,176.21161714707605,454.4404863266698
1790039345.1284323,220.39915850001853,-200.0,16.94915254237287,62901.0,61675.0,167.1672396948918,325.04741051784515
1790039345.2421389,220.51286469999468,-193.22033898305085,16.94915254237287,62919.0,61722.0,166.21895291211638,397.0786097345003
1790039345.3555355,220.62626170000294,-186.4406779661017,16.94915254237287,62933.0,61769.0,120.42612323199272,416.85965734151324
1790039345.4707408,220.74146569997538,-179.66101694915255,16.94915254237287,62950.0,61816.0,145.34923331391764,417.8790457775132
1790039345.5834978,220.85422320000362,-172.8813559322034,16.94915254237287,62967.0,61850.0,149.08073096314166,270.2088248706943
1790039345.6962068,220.96693120000418,-166.10169491525426,16.94915254237287,62982.0,61881.0,130.019930217731,278.6141361808522
1790039345.807946,221.078670900024,-159.32203389830508,16.94915254237287,62995.0,61933.0,121.87119151577357,449.98593790439475
1790039345.9209807,221.19170540000778,-152.54237288135593,16.94915254237287,63009.0,61979.0,129.68618721917042,398.3218607445948
1790039346.0337496,221.30447339999955,-145.76271186440678,16.94915254237287,63018.0,62029.0,55.75674447070968,455.3467465107957
1790039346.14478,221.41550429997733,-138.98305084745763,16.94915254237287,63027.0,62080.0,75.49349149691776,481.2710082928507
1790039346.2578514,221.52857520000543,-132.20338983050848,16.94915254237287,63039.0,62135.0,111.16411990412233,500.2385395685505
1790039346.3709416,221.64166540000588,-125.42372881355932,16.94915254237287,63047.0,62182.0,74.10707917793486,435.37909017036736
1790039346.4823387,221.75306169997202,-118.64406779661017,16.94915254237287,63061.0,62212.0,112.94202685171445,263.5313959873337
1790039346.5947292,221.86545260000275,-111.86440677966102,16.94915254237287,63078.0,62257.0,158.51333147540356,410.2697991128092
1790039346.7081542,221.97887749999063,-105.08474576271186,16.94915254237287,63095.0,62301.0,147.82553261384857,369.5638315346214
1790039346.8233066,222.09402919997228,-98.30508474576271,16.94915254237287,63107.0,62356.0,109.10548950345519,481.8825786402604
1790039346.9374106,222.20813300000736,-91.52542372881356,16.94915254237287,63128.0,62396.0,183.5207538775488,367.0415077550976
1790039347.0552337,222.32595590001438,-84.74576271186442,16.94915254237287,63151.0,62437.0,208.25750040126135,344.0776093586057
1790039347.1700318,222.44075389998034,-77.96610169491527,16.94915254237287,63175.0,62466.0,214.3650693377706,242.32573055574068
1790039347.2837071,222.55442810000386,-71.18644067796612,16.94915254237287,63201.0,62505.0,244.9913404977187,348.6415230159843
1790039347.4001703,222.67089140001917,-64.40677966101697,16.94915254237287,63227.0,62534.0,238.0030445269256,256.3109710289968
1790039347.513665,222.78438480000477,-57.62711864406779,16.94915254237287,63258.0,62572.0,269.0703620228276,352.5749571333604
1790039347.626493,222.8972121999832,-50.847457627118644,16.94915254237287,63286.0,62608.0,251.6278927095998,316.864753782459
1790039347.7401972,223.0109158999985,-44.067796610169495,16.94915254237287,63325.0,62646.0,334.4997463625327,334.4997463625327
1790039347.853926,223.12464549997821,-37.288135593220346,16.94915254237287,63358.0,62672.0,278.90864907377136,232.42387422814278
1790039347.9673347,223.2380536000128,-30.508474576271198,16.94915254237287,63397.0,62699.0,352.0448246875064,231.60843729441208
1790039348.0820768,223.35279570001876,-23.72881355932205,16.94915254237287,63434.0,62727.0,313.14326755877033,248.67259482608233
1790039348.1951919,223.4659109999775,-16.9491525423729,16.94915254237287,63476.0,62747.0,379.6943181436968,175.95590353000586
1790039348.307968,223.57868709997274,-10.169491525423723,16.94915254237287,63513.0,62765.0,334.4969491126173,167.24847455630865
1790039348.4206307,223.6913495999761,-3.3898305084745743,16.94915254237287,63557.0,62783.0,399.79656844027176,167.35670306802075
1790039348.5331857,223.80390449997503,3.3898305084745743,16.94915254237287,63609.0,62805.0,456.22391840287406,186.21384424607103
1790039348.6464982,223.9172163999756,10.169491525423723,16.94915254237287,63650.0,62826.0,378.79732768867706,194.018143450298
1790039348.7618861,224.03260450001108,16.94915254237287,16.94915254237287,63689.0,62852.0,317.4531190119154,217.6821387510277
1790039348.8747654,224.14548269996885,23.72881355932202,16.94915254237287,63729.0,62867.0,353.94174664143543,130.39959086789727
1790039348.9907374,224.26145469996845,30.50847457627117,16.94915254237287,63782.0,62882.0,473.8697295491994,136.69319121611522
1790039349.1076503,224.37836769997375,37.28813559322032,16.94915254237287,63825.0,62896.0,384.5005977307027,109.85731363734362
1790039349.2204528,224.4911685999832,44.06779661016947,16.94915254237287,63884.0,62915.0,520.1164318561888,157.8924882420573
1790039349.3354602,224.60617669997737,50.847457627118644,16.94915254237287,63921.0,62933.0,318.07865521097114,130.97356391039986
1790039349.449333,224.7200479999883,57.627118644067764,16.94915254237287,63966.0,62944.0,368.02353874198724,101.20647315404649
1790039349.562752,224.83346709999023,64.40677966101691,16.94915254237287,64018.0,62957.0,445.95366719620284,120.7791181989716
1790039349.6764743,224.94718989997637,71.18644067796606,16.94915254237287,64070.0,62967.0,463.1293464558476,83.36328236205257
1790039349.790597,225.06131129997084,77.96610169491527,16.94915254237287,64131.0,62977.0,559.472371683589,73.37342579456904
1790039349.9053595,225.17607330001192,84.74576271186442,16.94915254237287,64178.0,62991.0,393.27230005980164,118.89627676226561
1790039350.0195115,225.2902255000081,91.52542372881356,16.94915254237287,64245.0,63005.0,579.4131737943123,119.56144856073111
1790039350.1334853,225.40419979998842,98.30508474576271,16.94915254237287,64289.0,63019.0,405.234524901633,119.72838235730066
1790039350.2469826,225.51769639999839,105.08474576271186,16.94915254237287,64343.0,63034.0,454.2155375172548,129.7758678620728
1790039350.3586535,225.62936700001592,111.86440677966101,16.94915254237287,64390.0,63048.0,404.86096794656555,131.81519886632367
1790039350.471761,225.74247489997651,118.64406779661016,16.94915254237287,64447.0,63072.0,518.6779637472148,222.2905558916635
1790039350.5841367,225.85485030000564,125.42372881355931,16.94915254237287,64490.0,63088.0,382.11443483231943,139.79796396304368
1790039350.6986585,225.9693699000054,132.20338983050846,16.94915254237287,64520.0,63114.0,246.80682248272632,237.66582905744013
1790039350.8116913,226.0824045999907,138.9830508474576,16.94915254237287,64550.0,63130.0,250.06645292886185,138.92580718270102
1790039350.924596,226.1953088999726,145.76271186440675,16.94915254237287,64590.0,63162.0,371.1322223237521,296.90577785900166
1790039351.0405066,226.31121949997032,152.5423728813559,16.94915254237287,64631.0,63207.0,340.712992571057,377.5468296057658
1790039351.160485,226.431197399972,159.32203389830505,16.94915254237287,64666.0,63235.0,295.0503954778792,232.46394795226843
1790039351.277369,226.54808059998322,166.1016949152542,16.94915254237287,64693.0,63264.0,215.51317729008838,260.4117558921901
1790039351.3926082,226.66331979999086,172.88135593220335,16.94915254237287,64726.0,63291.0,287.6357455581479,231.96431093399022
1790039351.5043566,226.77506780001568,179.66101694915255,16.94915254237287,64750.0,63325.0,215.9111497204418,300.3981213501799
1790039351.6161005,226.8868116000085,186.4406779661017,16.94915254237287,64775.0,63364.0,225.11959474862266,365.81934146651184
1790039351.7292633,226.99997389997588,193.22033898305085,16.94915254237287,64789.0,63404.0,120.32858960791081,342.4736781148231
1790039351.840906,227.1116166000138,200.0,16.94915254237287,64807.0,63445.0,150.18947339907749,337.92631514792436
1790039351.9526498,227.2233597000013,-200.0,23.72881355932202,64819.0,63495.0,112.57172931010122,459.6678946829133
1790039352.064442,227.33515180001268,-193.22033898305085,23.72881355932202,64831.0,63530.0,103.12699806103342,318.75617582501235
1790039352.178188,227.44889709999552,-186.4406779661017,23.72881355932202,64848.0,63572.0,156.4495882930454,377.3195952949918
1790039352.2923439,227.5630519000115,-179.66101694915255,23.72881355932202,64861.0,63618.0,101.24531741676535,414.1853894322218
1790039352.4054062,227.67611479997868,-172.8813559322034,23.72881355932202,64878.0,63675.0,111.52696208073188,520.4591563767488
1790039352.518133,227.78884190000826,-166.10169491525426,23.72881355932202,64894.0,63718.0,139.7353227017267,381.94321538471957
1790039352.631513,227.90222170000197,-159.32203389830508,23.72881355932202,64901.0,63771.0,64.82489869037991,472.2956904584822
1790039352.7460175,228.01672600000165,-152.54237288135593,23.72881355932202,64917.0,63821.0,137.2018147335062,448.1925947961203
1790039352.858752,228.1294601999689,-145.76271186440678,23.72881355932202,64934.0,63865.0,148.57254280356446,390.0029248593567
1790039352.9725094,228.2432174999849,-138.98305084745763,23.72881355932202,64951.0,63917.0,156.5487087810171,469.64612634305126
1790039353.085856,228.35656380001456,-132.20338983050848,23.72881355932202,64963.0,63965.0,101.5714957073615,443.22107217757747
1790039353.199026,228.46973349998007,-125.42372881355932,23.72881355932202,64976.0,64005.0,120.35153762635315,361.05461287905945
1790039353.3156295,228.58633680001367,-118.64406779661017,23.72881355932202,64990.0,64047.0,127.43294526173855,382.29883578521566
1790039353.4294183,228.70012509997468,-111.86440677966102,23.72881355932202,65013.0,64106.0,194.73727161324769,528.5725943788152
1790039353.544019,228.81472419999773,-105.08474576271186,23.72881355932202,65031.0,64151.0,166.29742474748286,415.74356186870716
1790039353.6604633,228.93116909998935,-98.30508474576271,23.72881355932202,65051.0,64183.0,177.78376623623345,280.71120984668437
1790039353.772196,229.04290130001027,-91.52542372881356,23.72881355932202,65078.0,64222.0,234.52091597923126,356.4717922884315
1790039353.8873518,229.15805690002162,-84.74576271186442,23.72881355932202,65093.0,64264.0,136.7853081345573,373.87984223445665
1790039354.0007107,229.2714152999688,-77.96610169491527,23.72881355932202,65112.0,64304.0,158.0007881392074,353.1782323111695
1790039354.1151173,229.38582209998276,-71.18644067796612,23.72881355932202,65148.0,64339.0,321.1955080787196,321.1955080787196
1790039354.227214,229.4979187999852,-64.40677966101697,23.72881355932202,65180.0,64386.0,299.22174294805137,402.07921708644403
1790039354.3399634,229.61066750000464,-57.62711864406779,23.72881355932202,65207.0,64421.0,241.54948422181513,278.7109433328636
1790039354.4543915,229.7250955000054,-50.847457627118644,23.72881355932202,65237.0,64455.0,246.96710677421183,283.5548262963173
1790039354.5668366,229.83753989997786,-44.067796610169495,23.72881355932202,65276.0,64484.0,335.47759432188633,260.9270178059116
1790039354.6812763,229.95197940000799,-37.288135593220346,23.72881355932202,65325.0,64513.0,403.68342790249835,238.54020739693087
1790039354.7963638,230.0670672999695,-30.508474576271198,23.72881355932202,65370.0,64546.0,364.915891389509,273.68691854213176
1790039354.908721,230.1794240999734,-23.72881355932205,23.72881355932202,65398.0,64576.0,242.37384675207355,261.0179888099254
1790039355.0211833,230.29188590002013,-16.9491525423729,23.72881355932202,65442.0,64599.0,400.78217762283253,205.05134669075153
1790039355.1340292,230.40472649998264,-10.169491525423723,23.72881355932202,65489.0,64628.0,436.10221136047153,269.0843431798654
1790039355.2473426,230.51804489997448,-3.3898305084745743,23.72881355932202,65536.0,64644.0,434.09111462961187,138.53971743498252
1790039355.360086,230.63078790000873,3.3898305084745743,23.72881355932202,65563.0,64668.0,241.60043564306466,213.72346229963412
1790039355.4724612,230.74316309997812,10.169491525423723,23.72881355932202,65613.0,64684.0,447.67558438834686,149.22519479611563
1790039355.5852792,230.8559810000006,16.94915254237287,23.72881355932202,65664.0,64704.0,455.1530289159734,185.77674649631567
1790039355.7014902,230.97219170001335,23.72881355932202,23.72881355932202,65720.0,64718.0,470.93642980224354,126.79057725445018
1790039355.816813,231.08751350000966,30.50847457627117,23.72881355932202,65765.0,64726.0,381.8935190101101,63.648919835018354
1790039355.935666,231.20636730000842,37.28813559322032,23.72881355932202,65818.0,64745.0,451.80423501635136,126.50518580457839
1790039356.051602,231.3223021000158,44.06779661016947,23.72881355932202,65882.0,64763.0,552.1281372435,153.87177595310655
1790039356.1665454,231.43724579998525,50.847457627118644,23.72881355932202,65925.0,64782.0,354.1165584406102,139.78285201603035
1790039356.2786634,231.54936270002509,57.627118644067764,23.72881355932202,65973.0,64797.0,392.42507487993913,121.46490412950496
1790039356.3924527,231.66315129998839,64.40677966101691,23.72881355932202,66024.0,64810.0,444.7215720305053,120.44542575826185
1790039356.506164,231.77686260000337,71.18644067796606,23.72881355932202,66073.0,64826.0,443.32422983448794,138.5388218232775
1790039356.6223488,231.8930468999897,77.96610169491527,23.72881355932202,66118.0,64845.0,379.23592994711663,162.52968426304997
1790039356.738059,232.00875619996805,84.74576271186442,23.72881355932202,66162.0,64861.0,380.9105757913256,145.10879077764784
1790039356.852186,232.12288460001582,91.52542372881356,23.72881355932202,66216.0,64882.0,478.52569902930946,184.04834578050364
1790039356.9655888,232.23628680000547,98.30508474576271,23.72881355932202,66265.0,64899.0,433.83427343313207,147.68826329638537
1790039357.0837512,232.35444889997598,105.08474576271186,23.72881355932202,66295.0,64922.0,257.31324155659706,204.07601916557698
1790039357.1978264,232.4685239000246,111.86440677966101,23.72881355932202,66331.0,64955.0,321.14629040542525,284.4438572162338
1790039357.3126974,232.58339410001645,118.64406779661016,23.72881355932202,66372.0,64979.0,374.78073043673254,210.24284878158167
1790039357.4310107,232.70170779997716,125.42372881355931,23.72881355932202,66404.0,65001.0,268.0979522354986,196.605164972699
1790039357.548921,232.81961740000406,132.20338983050846,23.72881355932202,66436.0,65026.0,288.9147151237175,232.99573800299797
1790039357.664477,232.93517349998,138.9830508474576,23.72881355932202,66474.0,65044.0,326.00722638724733,144.89210061655436
1790039357.7791455,233.0498413000023,145.76271186440675,23.72881355932202,66515.0,65075.0,375.12328750092973,274.48045426897295
1790039357.8935833,233.164279300021,152.5423728813559,23.72881355932202,66548.0,65109.0,302.0188586978412,302.0188586978412
1790039358.0128336,233.28352789999917,159.32203389830505,23.72881355932202,66576.0,65147.0,230.7494928193636,295.3593508087854
1790039358.1285415,233.39923659997294,166.1016949152542,23.72881355932202,66605.0,65187.0,237.6143519046386,338.14350078737033
1790039358.2437606,233.51445419999072,172.88135593220335,23.72881355932202,66634.0,65219.0,263.4612815942498,263.4612815942498
1790039358.3587205,233.62941529997624,179.66101694915255,23.72881355932202,66663.0,65256.0,255.48727344328606,319.35909180410755
1790039358.4783745,233.74906840000767,186.4406779661017,23.72881355932202,66681.0,65301.0,157.370250588163,388.7970896884027
1790039358.5961406,233.86683419998735,193.22033898305085,23.72881355932202,66700.0,65344.0,169.19419038436934,338.38838076873867
1790039358.7132747,233.98396839998895,200.0,23.72881355932202,66726.0,65386.0,224.53967123065053,368.24506081826684
1790039358.8269773,234.09767079999438,-200.0,30.50847457627117,66737.0,65435.0,92.04992422556494,451.04462870526817
1790039358.9401052,234.21079869999085,-193.22033898305085,30.50847457627117,66752.0,65481.0,120.31990285206349,425.7473485534554
1790039359.05997,234.33066199999303,-186.4406779661017,30.50847457627117,66767.0,65534.0,134.65196501804976,457.8166810613692
1790039359.1777484,234.44844030000968,-179.66101694915255,30.50847457627117,66783.0,65588.0,133.61445816465965,463.1967883041535
1790039359.2962844,234.5669769999804,-172.8813559322034,30.50847457627117,66796.0,65635.0,106.11430630861226,397.928648657296
1790039359.4096372,234.68032899999525,-166.10169491525426,30.50847457627117,66807.0,65694.0,92.83611547358467,510.59863510471564
1790039359.5275211,234.7982117999927,-159.32203389830508,30.50847457627117,66824.0,65750.0,144.98623988139798,489.32855959971823
1790039359.647662,234.91835260001244,-152.54237288135593,30.50847457627117,66836.0,65794.0,104.89593016627884,384.6184106096891
1790039359.762798,235.03348869999172,-145.76271186440678,30.50847457627117,66849.0,65842.0,119.28849002040671,412.9216962244848
1790039359.8846357,235.15532550000353,-138.98305084745763,30.50847457627117,66863.0,65892.0,94.54427937746513,421.1517899541629
1790039359.9990752,235.26976579998154,-132.20338983050848,30.50847457627117,66878.0,65946.0,138.47129530737098,461.5709843579033
1790039360.1150434,235.38573259999976,-125.42372881355932,30.50847457627117,66895.0,66003.0,157.89146162458593,510.8253170207192
1790039360.2336056,235.5042942999862,-118.64406779661017,30.50847457627117,66914.0,66061.0,169.48729203534265,508.46187610602794
1790039360.3520637,235.62275199999567,-111.86440677966102,30.50847457627117,66927.0,66102.0,117.14730102645741,360.45323392756126
1790039360.4680808,235.73877029999858,-105.08474576271186,30.50847457627117,66945.0,66145.0,155.40399093555874,347.37362679713135
1790039360.5864134,235.85710069997003,-98.30508474576271,30.50847457627117,66964.0,66191.0,164.23657373232945,401.4671802345831
1790039360.7106228,235.98131020000437,-91.52542372881356,30.50847457627117,66985.0,66235.0,165.70759757783722,366.30100517206125
1790039360.8322759,236.10296440002276,-84.74576271186442,30.50847457627117,67010.0,66267.0,218.25540593715388,261.90648712458466
1790039360.950381,236.22106840001652,-77.96610169491527,30.50847457627117,67038.0,66309.0,240.45954494861334,356.23636288683457
1790039361.0674083,236.33809689996997,-71.18644067796612,30.50847457627117,67079.0,66355.0,352.8939110224345,398.1367201278748
1790039361.1816654,236.4523526999983,-64.40677966101697,30.50847457627117,67111.0,66382.0,291.5490282839079,225.71537673592866
1790039361.3052,236.57588720001513,-57.62711864406779,30.50847457627117,67155.0,66426.0,377.8168086259134,359.3867204002591
1790039361.423856,236.6945428000181,-50.847457627118644,30.50847457627117,67191.0,66466.0,301.2579290788647,345.56056570810955
1790039361.5435395,236.8142256999854,-44.067796610169495,30.50847457627117,67236.0,66500.0,358.3789445468324,277.7436820237951
1790039361.6633534,236.9340403000242,-37.288135593220346,30.50847457627117,67275.0,66538.0,325.52713387595463,316.7291032306586
1790039361.777506,237.04819210001733,-30.508474576271198,30.50847457627117,67316.0,66567.0,360.6959766846568,249.7125992432239
1790039361.8922436,237.16292989999056,-23.72881355932205,30.50847457627117,67358.0,66593.0,371.65809701588057,241.57776306032235
1790039362.0059917,237.2766772999894,-16.9491525423729,30.50847457627117,67405.0,66610.0,404.93430873854385,156.4518920126192
1790039362.1220958,237.39278140000533,-10.169491525423723,30.50847457627117,67452.0,66629.0,417.88701790515995,154.43650661712434
1790039362.2501023,237.5207874000189,-3.3898305084745743,30.50847457627117,67497.0,66651.0,359.6644607334312,184.44331319663138
1790039362.3648953,237.63557969999965,3.3898305084745743,30.50847457627117,67531.0,66664.0,291.85869297471595,118.56759402097836
1790039362.4833372,237.7540219000075,10.169491525423723,30.50847457627117,67592.0,66683.0,532.4544285311463,124.23936665726745
1790039362.6002007,237.87088509998284,16.94915254237287,30.50847457627117,67636.0,66701.0,366.96492268240064,152.1561874536783
1790039362.713296,237.98398010001983,23.72881355932202,30.50847457627117,67688.0,66712.0,436.44805565826726,92.8612884379292
1790039362.829031,238.09971480001695,30.50847457627117,30.50847457627117,67722.0,66735.0,274.4422875551635,210.405753792292
1790039362.9492183,238.21990219998406,37.28813559322032,30.50847457627117,67779.0,66749.0,501.92637486261896,120.8341272817416
1790039363.0636156,238.33429879997857,44.06779661016947,30.50847457627117,67828.0,66766.0,393.3172651186553,146.35061027670895
1790039363.1737669,238.44444950000616,50.847457627118644,30.50847457627117,67878.0,66785.0,478.14677972382515,181.69577629505355
1790039363.2910128,238.56169579998823,57.627118644067764,30.50847457627117,67922.0,66793.0,396.1515676831894,63.02411304050741
1790039363.4110057,238.6816881999839,64.40677966101691,30.50847457627117,67985.0,66814.0,554.5998979260477,166.37996937781432
1790039363.5215013,238.7921830000123,71.18644067796606,30.50847457627117,68034.0,66829.0,445.9342655988208,132.8314833698615
1790039363.6389453,238.9096268999856,77.96610169491527,30.50847457627117,68076.0,66843.0,366.9682070152449,98.45488480896813
1790039363.75747,239.02815049997298,84.74576271186442,30.50847457627117,68127.0,66865.0,434.63644437226026,195.14289339162704
1790039363.8731387,239.14381799998228,91.52542372881356,30.50847457627117,68174.0,66878.0,373.0891692605587,109.1968300274806
1790039363.9936197,239.26429949997691,98.30508474576271,30.50847457627117,68204.0,66901.0,248.42582312474923,177.447016517678
1790039364.1147113,239.38539239997044,105.08474576271186,30.50847457627117,68251.0,66928.0,368.06235316330066,219.0847340257742
1790039364.2316926,239.50237220001873,111.86440677966101,30.50847457627117,68302.0,66956.0,441.4613106098087,257.5190978557218
1790039364.355008,239.62568679999094,118.64406779661016,30.50847457627117,68341.0,66989.0,307.28223782959185,263.3847752825073
1790039364.4703796,239.74105949996738,125.42372881355931,30.50847457627117,68380.0,67010.0,340.6822483652411,184.1525666839141
1790039364.5851514,239.8558310000226,132.20338983050846,30.50847457627117,68417.0,67049.0,297.1931039259757,352.91681091209614
1790039364.7019854,239.972663499997,138.9830508474576,30.50847457627117,68445.0,67082.0,250.66381153978588,286.472927474041
1790039364.8181188,240.0887977000093,145.76271186440675,30.50847457627117,68469.0,67121.0,218.82735897065595,310.00542520842924
1790039364.931826,240.2025047999923,152.5423728813559,30.50847457627117,68502.0,67160.0,305.55498985227575,342.59195831921824
1790039365.049424,240.32010279997485,159.32203389830505,30.50847457627117,68530.0,67197.0,240.68504312918023,320.913390838907
1790039365.1692948,240.4399719000212,166.1016949152542,30.50847457627117,68563.0,67232.0,276.0877628356432,294.4936136913528
1790039365.2863748,240.55705180001678,172.88135593220335,30.50847457627117,68580.0,67271.0,152.50808517174895,340.90042567802703
1790039365.402801,240.6734782999847,179.66101694915255,30.50847457627117,68601.0,67297.0,172.69273412215085,218.13819047008528
1790039365.5205975,240.79127480002353,186.4406779661017,30.50847457627117,68621.0,67346.0,178.63155718679042,392.9894258109389
1790039365.6361058,240.90678179997485,193.22033898305085,30.50847457627117,68641.0,67392.0,177.2310355709328,419.75771582589346
1790039365.75795,241.02862609998556,200.0,30.50847457627117,68666.0,67444.0,207.65375628280697,415.30751256561393
1790039365.8690317,241.13970709999558,-200.0,37.28813559322032,68685.0,67495.0,152.90885196696212,487.39696564469176
1790039365.9905252,241.26120060001267,-193.22033898305085,37.28813559322032,68698.0,67548.0,106.2385959453018,424.9543837812072
1790039366.109746,241.38042010000208,-186.4406779661017,37.28813559322032,68713.0,67595.0,125.91909695053026,395.74573327309514
1790039366.2247608,241.495436600002,-179.66101694915255,37.28813559322032,68723.0,67639.0,92.31121432600787,387.70710016923306
1790039366.3442373,241.61491260002367,-172.8813559322034,37.28813559322032,68737.0,67702.0,113.9724028845505,543.5606906801639
1790039366.4600527,241.73072809999576,-166.10169491525426,37.28813559322032,68751.0,67759.0,117.82961476569757,480.3822755832286
1790039366.5788176,241.84949200000847,-159.32203389830508,37.28813559322032,68765.0,67804.0,123.27144814153867,387.4245513019787
1790039366.6941102,241.96478360000765,-152.54237288135593,37.28813559322032,68777.0,67852.0,100.21975457814224,400.879018312569
1790039366.8115451,242.0822187999729,-145.76271186440678,37.28813559322032,68794.0,67913.0,136.34504387769297,527.2008363270795
1790039366.9257984,242.19647149997763,-138.98305084745763,37.28813559322032,68810.0,67955.0,110.56117162973285,377.75066973492056
1790039367.0463243,242.3169977000216,-132.20338983050848,37.28813559322032,68823.0,67996.0,96.89060431443323,290.6718129432997
1790039367.165708,242.4363814999815,-125.42372881355932,37.28813559322032,68843.0,68046.0,167.9972342427684,424.41406545541486
1790039367.286879,242.55755119997775,-118.64406779661017,37.28813559322032,68859.0,68100.0,146.78993352490238,449.5441714200135
1790039367.4114852,242.68215710000368,-111.86440677966102,37.28813559322032,68876.0,68148.0,141.05491439869448,396.71694674632823
1790039367.5288403,242.79951260000234,-105.08474576271186,37.28813559322032,68906.0,68200.0,250.85267517339332,430.03315744010285
1790039367.644974,242.9156459000078,-98.30508474576271,37.28813559322032,68922.0,68238.0,126.86445438762053,335.2846294529971
1790039367.7573242,243.02799620002043,-91.52542372881356,37.28813559322032,68951.0,68273.0,263.0202046328521,300.5945195804024
1790039367.876868,243.14753929997096,-84.74576271186442,37.28813559322032,68985.0,68313.0,304.41765365103936,350.54154056786354
1790039367.9900346,243.26070599997183,-77.96610169491527,37.28813559322032,69028.0,68344.0,380.79139596700304,287.9154457311487
1790039368.1058211,243.37649240001338,-71.18644067796612,37.28813559322032,69060.0,68382.0,280.92789572385186,299.0522760931326
1790039368.223993,243.4946643000003,-64.40677966101697,37.28813559322032,69090.0,68416.0,257.3105019693452,283.92882975927745
1790039368.3402345,243.6109056000132,-57.62711864406779,37.28813559322032,69123.0,68444.0,272.2014291209872,244.9812862088885
1790039368.4599159,243.7305862000212,-50.847457627118644,37.28813559322032,69153.0,68466.0,265.1094079376051,182.83407443972766
1790039368.57702,243.84768970002187,-44.067796610169495,37.28813559322032,69186.0,68498.0,287.40793963630307,287.40793963630307
1790039368.6911025,243.9617719000089,-37.288135593220346,37.28813559322032,69229.0,68517.0,389.18438085924,166.79330608253142
1790039368.8069327,244.07760229997803,-30.508474576271198,37.28813559322032,69274.0,68538.0,397.483567488161,180.674348858255
1790039368.9265068,244.19717639998998,-23.72881355932205,37.28813559322032,69331.0,68556.0,498.01726882024167,142.29064823435476
1790039369.0395546,244.31022340001073,-16.9491525423729,37.28813559322032,69371.0,68583.0,347.06197960569745,215.7412305657038
1790039369.1574607,244.42812860000413,-10.169491525423723,37.28813559322032,69409.0,68602.0,328.81289671087814,168.84986587855903
1790039369.271294,244.54196250002133,-3.3898305084745743,37.28813559322032,69470.0,68617.0,547.6278433222747,129.94558994087873
1790039369.391405,244.66207299998496,3.3898305084745743,37.28813559322032,69513.0,68633.0,361.6429171619883,132.3083843275567
1790039369.5056844,244.7763526000199,10.169491525423723,37.28813559322032,69571.0,68648.0,497.9813311264832,119.88439453044965
1790039369.623372,244.89403869997477,16.94915254237287,37.28813559322032,69613.0,68666.0,356.479868311433,160.41594074014483
1790039369.7436776,245.01434469997184,23.72881355932202,37.28813559322032,69650.0,68680.0,309.1307508130302,114.81999315912552
1790039369.8595254,245.13019200001145,30.50847457627117,37.28813559322032,69703.0,68696.0,451.81362512807823,144.58036004098503
1790039369.979393,245.25005909998436,37.28813559322032,37.28813559322032,69762.0,68719.0,500.9394893024729,182.15981429180835
1790039370.0968242,245.36748989997432,44.06779661016947,37.28813559322032,69802.0,68736.0,357.04658201876725,151.74479735797607
1790039370.2156208,245.48628710000776,50.847457627118644,37.28813559322032,69857.0,68755.0,462.4063627260449,168.95617099605485
1790039370.331737,245.60240289999638,57.627118644067764,37.28813559322032,69908.0,68769.0,441.55441575661735,126.15840450189067
1790039370.456221,245.7268864000216,64.40677966101691,37.28813559322032,69956.0,68780.0,393.2377095985287,96.12477345741812
1790039370.57473,245.84539349999977,71.18644067796606,37.28813559322032,70009.0,68796.0,462.26331217677955,133.34518620484025
1790039370.6967447,245.9674079999677,77.96610169491527,37.28813559322032,70061.0,68811.0,432.8700757111351,121.20362119911782
1790039370.815768,246.08643339999253,84.74576271186442,37.28813559322032,70104.0,68835.0,381.562881686355,190.7814408431775
1790039370.9325354,246.20319839997683,91.52542372881356,37.28813559322032,70137.0,68852.0,290.3067512234299,159.2004764773648
1790039371.0495102,246.32017299998552,98.30508474576271,37.28813559322032,70180.0,68877.0,361.4335902949722,216.86015417698331
1790039371.16457,246.4352345999796,105.08474576271186,37.28813559322032,70226.0,68905.0,393.54440749347884,256.26147464691644
1790039371.2832842,246.55394640000304,111.86440677966101,37.28813559322032,70257.0,68930.0,240.32684453528336,222.5248560511883
1790039371.4016664,246.67232870002044,118.64406779661016,37.28813559322032,70288.0,68955.0,268.9227493442412,215.13819947539295
1790039371.5214038,246.79206720000366,125.42372881355931,37.28813559322032,70334.0,68986.0,388.38482225319103,264.8078333544484
1790039371.6369371,246.9075999999768,132.20338983050846,37.28813559322032,70373.0,69008.0,318.0704933750918,181.75456764290962
1790039371.761528,247.03218929999275,138.9830508474576,37.28813559322032,70405.0,69034.0,293.52735485172013,229.31824597790634
1790039371.8783743,247.14903630001936,145.76271186440675,37.28813559322032,70429.0,69069.0,180.5808744652126,297.95844286760075
1790039372.0002115,247.2708726999699,152.5423728813559,37.28813559322032,70447.0,69109.0,141.06100800804433,308.57095501759693
1790039372.1159236,247.38658539997414,159.32203389830505,37.28813559322032,70474.0,69152.0,229.3958904396586,367.0334247034537
1790039372.2343986,247.50506060000043,166.1016949152542,37.28813559322032,70501.0,69193.0,233.70576439233335,341.5699633426411
1790039372.3499875,247.62064739997732,172.88135593220335,37.28813559322032,70515.0,69228.0,109.21998727190716,282.15163378576017
1790039372.4702263,247.74088599998504,179.66101694915255,37.28813559322032,70539.0,69262.0,201.98134919033708,289.79932709917927
1790039372.5878112,247.85847169999033,186.4406779661017,37.28813559322032,70556.0,69305.0,153.47614438895474,370.1483482321849
1790039372.7046783,247.9753384999931,193.22033898305085,37.28813559322032,70575.0,69344.0,170.18882903855592,340.37765807711185
1790039372.8204565,248.09111619996838,200.0,37.28813559322032,70590.0,69384.0,127.38610090569385,345.7622738868833
1790039372.938947,248.20960679999553,-200.0,44.06779661016947,70607.0,69432.0,133.10592925191716,408.191516372546
1790039373.0593235,248.32998280000174,-193.22033898305085,44.06779661016947,70619.0,69477.0,104.42682728053735,374.19613108859215
1790039373.1769116,248.4475707000238,-186.4406779661017,44.06779661016947,70634.0,69526.0,134.10662192098803,420.2007486857625
1790039373.2955594,248.56621730001643,-179.66101694915255,44.06779661016947,70648.0,69576.0,119.17334037136222,421.69028131405094
1790039373.415593,248.68625099997735,-172.8813559322034,44.06779661016947,70661.0,69645.0,119.51748035419936,606.7810541059353
1790039373.5286689,248.7993271999876,-166.10169491525426,44.06779661016947,70671.0,69694.0,92.918150278533,408.83986122554523
1790039373.6417637,248.91242160002002,-159.32203389830508,44.06779661016947,70684.0,69745.0,120.36624673708666,453.6881607782497
1790039373.7581675,249.0288251999882,-152.54237288135593,44.06779661016947,70699.0,69799.0,126.23188801729646,468.86129834995825
1790039373.8737764,249.14443360001314,-145.76271186440678,44.06779661016947,70713.0,69852.0,118.79425659873743,420.3489079647632
1790039373.991813,249.26247000001604,-138.98305084745763,44.06779661016947,70732.0,69906.0,167.12238459630353,492.0825768668937
1790039374.1062844,249.3769414999988,-132.20338983050848,44.06779661016947,70749.0,69962.0,155.52782485358006,484.8808657199849
1790039374.2251203,249.49577659997158,-125.42372881355932,44.06779661016947,70767.0,70014.0,158.2414799869498,448.35085996302445
1790039374.34393,249.61458639998455,-118.64406779661017,44.06779661016947,70788.0,70062.0,167.0511774728647,404.43969282904084
1790039374.4645388,249.73519500001566,-111.86440677966102,44.06779661016947,70805.0,70093.0,138.57601023878019,259.8300191977129
1790039374.5769398,249.84759550000308,-105.08474576271186,44.06779661016947,70828.0,70127.0,214.89663471858213,308.32995416144394
1790039374.6954603,249.96611510001821,-98.30508474576271,44.06779661016947,70856.0,70158.0,257.9408947779209,257.9408947779209
1790039374.8111846,250.08183889999054,-91.52542372881356,44.06779661016947,70890.0,70200.0,308.1041355980191,371.53733998584664
1790039374.9228904,250.1935445999843,-84.74576271186442,44.06779661016947,70916.0,70231.0,237.1043676413944,294.00941587532907
1790039375.04217,250.31282479997026,-77.96610169491527,44.06779661016947,70950.0,70262.0,298.80548113464323,254.86349861484277
1790039375.1555688,250.42622319998918,-71.18644067796612,44.06779661016947,70983.0,70291.0,278.5908503494085,250.73176531446768
1790039375.2777812,250.5484327999875,-64.40677966101697,44.06779661016947,71028.0,70323.0,383.1151359982922,276.19928409179204
1790039375.3907459,250.66139949997887,-57.62711864406779,44.06779661016947,71070.0,70352.0,382.9524512035048,270.86880694882046
1790039375.505861,250.77651439997135,-50.847457627118644,44.06779661016947,71122.0,70379.0,465.26988384246425,237.19641137066805
1790039375.6207774,250.89142970001558,-44.067796610169495,44.06779661016947,71155.0,70405.0,285.2072214819141,239.20605672676666
1790039375.748298,251.01895080000395,-37.288135593220346,44.06779661016947,71222.0,70426.0,557.2557439121987,182.70680128268808
1790039375.8659337,251.1365849999711,-30.508474576271198,44.06779661016947,71270.0,70444.0,390.97383585981567,142.17230394902387
1790039375.9859672,251.2566186999902,-23.72881355932205,44.06779661016947,71320.0,70475.0,441.2073549273438,255.90026585785938
1790039376.1027417,251.3733940999955,-16.9491525423729,44.06779661016947,71379.0,70497.0,512.0185117219975,188.63839905547275
1790039376.225368,251.4960195000167,-10.169491525423723,44.06779661016947,71427.0,70516.0,374.8364449535578,156.90827928288468
1790039376.3421228,251.61277369997697,-3.3898305084745743,44.06779661016947,71482.0,70531.0,469.21965078456,110.40462371401412
1790039376.460239,251.73088930000085,3.3898305084745743,44.06779661016947,71542.0,70548.0,496.9759899647857,133.1185687405676
1790039376.578858,251.84950810001465,10.169491525423723,44.06779661016947,71605.0,70562.0,514.0731971350161,124.08663379121079
1790039376.6992366,251.96988689998398,16.94915254237287,44.06779661016947,71658.0,70582.0,456.38295465835455,157.97871507404582
1790039376.8146765,252.0853264000034,23.72881355932202,44.06779661016947,71721.0,70592.0,559.661815181807,93.27696919696784
1790039376.933913,252.20456260000356,30.50847457627117,44.06779661016947,71775.0,70611.0,471.4663148260755,163.19987820902614
1790039377.0476182,252.31826759997057,37.28813559322032,44.06779661016947,71823.0,70630.0,398.38865672715696,166.7673446764843
1790039377.159713,252.43036260001827,44.06779661016947,44.06779661016947,71899.0,70646.0,663.7300505085828,149.57296912869475
1790039377.277791,252.54844059998868,50.847457627118644,44.06779661016947,71940.0,70657.0,345.2891930666268,97.38925958289474
1790039377.3905878,252.66123700002208,57.627118644067764,44.06779661016947,71990.0,70678.0,459.7097260071217,178.25479171704717
1790039377.507415,252.77806370001053,64.40677966101691,44.06779661016947,72044.0,70696.0,457.9918225752326,161.6441726736115
1790039377.6249146,252.89556340000127,71.18644067796606,44.06779661016947,72082.0,70717.0,311.62244898138454,178.06997084650547
1790039377.7375178,253.0081649000058,77.96610169491527,44.06779661016947,72124.0,70734.0,382.8130033918524,140.05353782628745
1790039377.8527858,253.1234339000075,84.74576271186442,44.06779661016947,72166.0,70759.0,373.5953724560583,227.80205637564532
1790039377.9671755,253.23782290000236,91.52542372881356,44.06779661016947,72208.0,70786.0,381.37264395263105,251.14783870051315
1790039378.0887535,253.35940030001802,98.30508474576271,44.06779661016947,72246.0,70810.0,343.394180354509,198.80715704734732
1790039378.1991315,253.46977799996966,105.08474576271186,44.06779661016947,72289.0,70839.0,390.8119165485089,276.4279409733356
1790039378.3189237,253.58957050001482,111.86440677966101,44.06779661016947,72319.0,70865.0,246.35331108617893,219.95831346980262
1790039378.4347513,253.7053966000094,118.64406779661016,44.06779661016947,72351.0,70894.0,266.52035631696685,257.3299992025887
1790039378.5528753,253.82352139998693,125.42372881355931,44.06779661016947,72369.0,70919.0,128.40726384153035,220.12673801405202
1790039378.6656437,253.9362898999825,132.20338983050846,44.06779661016947,72386.0,70946.0,157.91932920488424,250.81305226658085
1790039378.7867756,254.05742099997588,138.9830508474576,44.06779661016947,72405.0,70978.0,146.9942274520665,268.04829711847424
1790039378.9029677,254.1736131000216,145.76271186440675,44.06779661016947,72424.0,71000.0,175.61713247084148,203.34615338729014
1790039379.0261729,254.29681789997267,152.5423728813559,44.06779661016947,72437.0,71026.0,117.37534283252654,225.7218131394741
1790039379.1402607,254.41090540000005,159.32203389830505,44.06779661016947,72473.0,71072.0,322.1560523498903,395.7917214584366
1790039379.255375,254.52601939998567,166.1016949152542,44.06779661016947,72496.0,71107.0,209.13349629445295,309.1538640874522
1790039379.3747065,254.6453504000092,172.88135593220335,44.06779661016947,72517.0,71143.0,166.41951906810414,297.80334991134424
1790039379.4903562,254.76100040000165,179.66101694915255,44.06779661016947,72538.0,71188.0,163.5948700795024,381.721363518839
1790039379.6101902,254.880833800009,186.4406779661017,44.06779661016947,72551.0,71241.0,101.91658775005503,444.7269283638765
1790039379.7256496,254.9962930000038,193.22033898305085,44.06779661016947,72564.0,71292.0,117.7748525643946,452.9802021707485
1790039379.8425438,255.11318659997778,200.0,44.06779661016947,72580.0,71347.0,134.18952213124214,456.2443752462233
1790039379.967738,255.2383805999998,-200.0,50.847457627118644,72595.0,71397.0,117.88907815793713,412.61177355277994
1790039380.086049,255.35669059999054,-193.22033898305085,50.847457627118644,72616.0,71454.0,170.36034794035697,484.1820415146987
1790039380.2036781,255.47431989997858,-186.4406779661017,50.847457627118644,72629.0,71500.0,100.28755173540816,373.7990564683395
1790039380.3178387,255.58848029997898,-179.66101694915255,50.847457627118644,72637.0,71553.0,64.23373739635116,467.9886581734156
1790039380.4345887,255.70523059996776,-172.8813559322034,50.847457627118644,72654.0,71604.0,125.73826320710742,440.08392122487595
1790039380.558864,255.8295044999686,-166.10169491525426,50.847457627118644,72674.0,71665.0,167.69134907690122,485.4223262752403
1790039380.6764421,255.94708239997271,-159.32203389830508,50.847457627118644,72692.0,71717.0,152.09356798391997,447.3340234821176
1790039380.7944598,256.06510080001317,-152.54237288135593,50.847457627118644,72715.0,71779.0,205.39987332978507,500.10403941165055
1790039380.9116175,256.1822580000153,-145.76271186440678,50.847457627118644,72739.0,71827.0,205.6312566811087,411.2625133622174
1790039381.0275786,256.2982190999901,-138.98305084745763,50.847457627118644,72759.0,71870.0,183.3674702264676,357.5665669416118
1790039381.1432326,256.413870999997,-132.20338983050848,50.847457627118644,72773.0,71915.0,128.21886590134892,412.1320689686215
1790039381.2589555,256.52959509997163,-125.42372881355932,50.847457627118644,72793.0,71956.0,181.84694665227968,354.60154597194537
1790039381.3737583,256.64439690002473,-118.64406779661017,50.847457627118644,72807.0,71999.0,109.36701105652509,382.78453869783783
1790039381.495669,256.76630770001793,-111.86440677966102,50.847457627118644,72835.0,72030.0,241.2063072560022,258.43532920285946
1790039381.6264708,256.8971079000039,-105.08474576271186,50.847457627118644,72877.0,72082.0,326.5320530885573,414.7839593287079
1790039381.74287,257.0135067999945,-98.30508474576271,50.847457627118644,72908.0,72111.0,274.7544610102217,256.43749694287357
1790039381.8621945,257.13283149997005,-91.52542372881356,50.847457627118644,72935.0,72145.0,239.79345796654184,284.1996538862718
1790039381.9817603,257.2523981999839,-84.74576271186442,50.847457627118644,72965.0,72183.0,251.72091712122923,332.63121191019576
1790039382.101439,257.3720753000234,-77.96610169491527,50.847457627118644,73001.0,72212.0,306.78887696072223,234.60325885231703
1790039382.2238603,257.4944966000039,-71.18644067796612,50.847457627118644,73037.0,72250.0,315.0703717806267,296.53682049941335
1790039382.3439653,257.6146020999877,-64.40677966101697,50.847457627118644,73077.0,72274.0,350.25410925753,210.152465554518
1790039382.4624608,257.73309749999316,-57.62711864406779,50.847457627118644,73118.0,72307.0,344.9886420220908,274.2217410944824
1790039382.5786526,257.84928939997917,-50.847457627118644,50.847457627118644,73168.0,72331.0,441.3185879769267,180.13003590894968
1790039382.6940362,257.96467209997354,-44.067796610169495,50.847457627118644,73212.0,72352.0,374.1982118413577,164.2821417840107
1790039382.813766,258.08440029999474,-37.288135593220346,50.847457627118644,73252.0,72375.0,354.9142427447068,200.20803436880897
1790039382.9274435,258.1980777999852,-30.508474576271198,50.847457627118644,73305.0,72398.0,495.7190450854749,215.12335918803626
1790039383.0453298,258.3159652000177,-23.72881355932205,50.847457627118644,73369.0,72415.0,538.7510135794477,143.66693695451937
1790039383.1661425,258.43677700002445,-16.9491525423729,50.847457627118644,73414.0,72432.0,371.00312011744006,144.78170541168393
1790039383.28728,258.5579141000053,-10.169491525423723,50.847457627118644,73461.0,72452.0,408.80140338048136,154.43608572151518
1790039383.401628,258.6722619999782,-3.3898305084745743,50.847457627118644,73518.0,72463.0,517.2359648498175,101.59992166692842
1790039383.5150497,258.7856835999992,3.3898305084745743,50.847457627118644,73574.0,72476.0,500.2274182854561,120.42511921686906
1790039383.632511,258.90314459998626,10.169491525423723,50.847457627118644,73627.0,72491.0,428.78582146738677,133.99556920855835
1790039383.7516632,259.02229689998785,16.94915254237287,50.847457627118644,73675.0,72500.0,422.31171640874794,71.88284534616986
1790039383.868916,259.1395487000118,23.72881355932202,50.847457627118644,73723.0,72519.0,393.2493388945868,151.93724457290853
1790039383.9849832,259.2556160999811,30.50847457627117,50.847457627118644,73775.0,72548.0,469.466613527661,252.78971497643286
1790039384.1037765,259.37440939998487,37.28813559322032,50.847457627118644,73823.0,72565.0,397.0081466671478,132.33604888904927
1790039384.2189474,259.48957969999174,44.06779661016947,50.847457627118644,73886.0,72585.0,558.7315304853437,167.61945914560312
1790039384.334632,259.6052643000148,50.847457627118644,50.847457627118644,73927.0,72603.0,362.6137926759462,163.1762067041758
1790039384.4509048,259.721536499972,57.627118644067764,50.847457627118644,73983.0,72615.0,485.995237182121,107.9989415960269
1790039384.5687273,259.83935949997976,64.40677966101691,50.847457627118644,74026.0,72634.0,374.97924218094977,169.63346670090584
1790039384.6833916,259.9540229999693,71.18644067796606,50.847457627118644,74087.0,72665.0,521.6610432794196,270.14589741255656
1790039384.7974577,260.0680890000076,77.96610169491527,50.847457627118644,74129.0,72684.0,386.7994554412297,165.77119518909845
1790039384.911254,260.18188519997057,84.74576271186442,50.847457627118644,74166.0,72702.0,322.0508196388865,147.22323183491955
1790039385.0287066,260.299337000004,91.52542372881356,50.847457627118644,74206.0,72726.0,311.5126162881229,213.60865116899856
1790039385.1493034,260.419934000005,98.30508474576271,50.847457627118644,74250.0,72750.0,337.6860195069699,181.8309335806761
1790039385.2653854,260.536015300022,105.08474576271186,50.847457627118644,74292.0,72774.0,361.67182803978636,198.9195054218825
1790039385.383907,260.6545363999903,111.86440677966101,50.847457627118644,74340.0,72810.0,407.68259302773106,324.29297172660426
1790039385.5010402,260.77166919998126,118.64406779661016,50.847457627118644,74375.0,72837.0,313.3143374817921,223.79595534413724
1790039385.6160214,260.8866500000004,125.42372881355931,50.847457627118644,74405.0,72862.0,246.56295801557013,200.90315097564974
1790039385.7396672,261.0102964999969,132.20338983050846,50.847457627118644,74420.0,72900.0,96.22130200358956,314.9060792844749
1790039385.8558128,261.1264408999705,138.9830508474576,50.847457627118644,74449.0,72930.0,239.52868117691895,267.1666059281019
1790039385.9746084,261.24523589998716,145.76271186440675,50.847457627118644,74474.0,72966.0,221.21329298115305,309.69861017361427
1790039386.0897877,261.3604156000074,152.5423728813559,50.847457627118644,74493.0,73005.0,173.80454493719924,356.7566975026721
1790039386.2056894,261.47631729999557,159.32203389830505,50.847457627118644,74514.0,73064.0,162.86733372411328,515.7465567930254
1790039386.3200698,261.5906962999725,166.1016949152542,50.847457627118644,74538.0,73113.0,222.20926002111938,425.90108170714547
1790039386.4445014,261.71512639999855,172.88135593220335,50.847457627118644,74563.0,73153.0,208.81072305858805,326.83417522213784
1790039386.5576184,261.828245599987,179.66101694915255,50.847457627118644,74578.0,73191.0,132.3847024454226,340.41780628822954
1790039386.6720445,261.9426716999733,186.4406779661017,50.847457627118644,74597.0,73238.0,166.8144827786063,398.5012644155595
1790039386.786842,262.05746839998756,193.22033898305085,50.847457627118644,74623.0,73280.0,242.54387490673668,354.487201786769
1790039386.9065635,262.177188200003,200.0,50.847457627118644,74637.0,73322.0,122.55159421455545,358.90109734262666
1790039387.0208697,262.29149490001146,-200.0,57.627118644067764,74650.0,73367.0,111.95283054648291,401.16430945823043
1790039387.140067,262.4106931000133,-193.22033898305085,57.627118644067764,74659.0,73413.0,70.82071469964077,380.6613415105691
1790039387.2541819,262.52480630000355,-186.4406779661017,57.627118644067764,74669.0,73466.0,92.06644988739664,460.33224943698326
1790039387.3718047,262.64242869999725,-179.66101694915255,57.627118644067764,74691.0,73511.0,188.1851957350469,385.3315912670008
1790039387.4856637,262.7562883999781,-172.8813559322034,57.627118644067764,74707.0,73558.0,140.44391507349013,421.3317452204704
1790039387.5984504,262.869074199989,-166.10169491525426,57.627118644067764,74718.0,73604.0,103.10950136409977,412.4380054563991
1790039387.71904,262.98966319998726,-159.32203389830508,57.627118644067764,74731.0,73650.0,120.49432328841489,407.82694036078885
1790039387.8325918,263.10321359999944,-152.54237288135593,57.627118644067764,74745.0,73686.0,112.38417405523555,327.78717432777034
1790039387.9567378,263.22736050002277,-145.76271186440678,57.627118644067764,74764.0,73739.0,155.54545468199524,449.35353574798626
1790039388.0808094,263.3514331000042,-138.98305084745763,57.627118644067764,74786.0,73785.0,199.5928306133911,353.8236542691933
1790039388.195691,263.4663130000117,-132.20338983050848,57.627118644067764,74806.0,73827.0,166.72254956005025,361.2321907134422
1790039388.3127873,263.58340940001654,-125.42372881355932,57.627118644067764,74824.0,73884.0,162.10871015505288,477.32009101210014
1790039388.43063,263.7012514999951,-118.64406779661017,57.627118644067764,74844.0,73922.0,161.12385679137537,322.24771358275075
1790039388.5446994,263.81532210001023,-111.86440677966102,57.627118644067764,74871.0,73959.0,249.99768517174624,314.8118998459027
1790039388.6660838,263.9367036999902,-105.08474576271186,57.627118644067764,74908.0,73995.0,309.41072728856255,318.5110427970497
1790039388.785228,264.05584909999743,-98.30508474576271,57.627118644067764,74934.0,74022.0,223.58779712438343,232.53130900935878
1790039388.9009147,264.17153509997297,-91.52542372881356,57.627118644067764,74975.0,74052.0,354.2334072224351,272.4872363249501
1790039389.0179334,264.2885540999705,-84.74576271186442,57.627118644067764,75014.0,74084.0,333.23996598701564,279.2010525837158
1790039389.1358743,264.40649409999605,-77.96610169491527,57.627118644067764,75041.0,74110.0,230.07864084613323,193.26605831075193
1790039389.2472003,264.51781960000517,-71.18644067796612,57.627118644067764,75069.0,74143.0,258.2432193243693,306.06603771777105
1790039389.3600926,264.6307117000106,-64.40677966101697,57.627118644067764,75103.0,74169.0,308.6370682164942,243.1685992008742
1790039389.4821558,264.7527747999993,-57.62711864406779,57.627118644067764,75151.0,74199.0,360.710053311286,255.13637917139744
1790039389.6008837,264.8715035999776,-50.847457627118644,57.627118644067764,75205.0,74223.0,456.2443425270742,200.74751071191264
1790039389.7163823,264.98700169997755,-44.067796610169495,57.627118644067764,75265.0,74237.0,525.7185120967652,126.89757188542606
1790039389.8317614,265.10238070000196,-37.288135593220346,57.627118644067764,75313.0,74262.0,400.51265633975765,218.4614489125951
1790039389.958673,265.22929139999906,-30.508474576271198,57.627118644067764,75366.0,74294.0,417.8331174671218,261.1456984169511
1790039390.0785763,265.34919480001554,-23.72881355932205,57.627118644067764,75432.0,74313.0,588.6337623797889,158.83768191200653
1790039390.1915233,265.4621409000247,-16.9491525423729,57.627118644067764,75468.0,74331.0,333.9189281310836,166.9594640655418
1790039390.310158,265.58077629999025,-10.169491525423723,57.627118644067764,75522.0,74348.0,442.28608842037335,141.53154829451947
1790039390.4286537,265.69927169999573,-3.3898305084745743,57.627118644067764,75578.0,74358.0,486.60551955781403,88.47373082869346
1790039390.5481746,265.8187920000055,3.3898305084745743,57.627118644067764,75634.0,74376.0,454.5410840750636,157.34114448752203
1790039390.6616073,265.93222409999,10.169491525423723,57.627118644067764,75676.0,74387.0,379.9740692258557,83.40894202518784
1790039390.7767603,266.04737649997696,16.94915254237287,57.627118644067764,75731.0,74409.0,499.79826309625014,199.91930523850007
1790039390.892032,266.1626483,23.72881355932202,57.627118644067764,75792.0,74426.0,541.9705682738352,156.16101119754572
1790039391.0073085,266.2779245999991,30.50847457627117,57.627118644067764,75835.0,74441.0,384.6682236273687,119.06397397989984
1790039391.1249607,266.3955767999869,37.28813559322032,57.627118644067764,75878.0,74456.0,374.36892094431414,124.78964031477139
1790039391.2471795,266.5177948999917,44.06779661016947,57.627118644067764,75935.0,74479.0,483.8212018019406,164.31663457424398
1790039391.3638182,266.6344323999947,50.847457627118644,57.627118644067764,75988.0,74496.0,452.115947827214,153.71942226125276
1790039391.480053,266.7506670000148,57.627118644067764,57.627118644067764,76038.0,74509.0,433.55733775256743,99.35688990163003
1790039391.5986924,266.86930740001844,64.40677966101691,57.627118644067764,76070.0,74537.0,276.22684817537703,240.58467421726388
1790039391.7138674,266.984481099993,71.18644067796606,57.627118644067764,76122.0,74566.0,448.8503020372788,256.48588687844506
1790039391.830047,267.1006597999949,77.96610169491527,57.627118644067764,76175.0,74594.0,482.16621806581827,245.63184693919044
1790039391.9478867,267.2184996000142,84.74576271186442,57.627118644067764,76217.0,74611.0,342.4784081229312,153.21402468657448
1790039392.0729887,267.34360239998205,91.52542372881356,57.627118644067764,76240.0,74635.0,176.46065305735416,193.26642953900694
1790039392.190507,267.46111979999114,98.30508474576271,57.627118644067764,76273.0,74665.0,277.6061395599042,223.87591899992273
1790039392.313576,267.58418760000495,105.08474576271186,57.627118644067764,76316.0,74689.0,315.36953427075633,210.24635618050425
1790039392.430538,267.7011505999835,111.86440677966101,57.627118644067764,76351.0,74714.0,315.3317919765112,216.22751449817915
1790039392.554405,267.82501759997103,118.64406779661016,57.627118644067764,76384.0,74756.0,253.58527312259002,346.56653993420633
1790039392.6715858,267.9421983999782,125.42372881355931,57.627118644067764,76411.0,74785.0,216.52418424915766,197.6959943144483
1790039392.7895517,268.060163200018,132.20338983050846,57.627118644067764,76437.0,74820.0,221.44097848211828,301.15973073568085
1790039392.911927,268.1825375999906,138.9830508474576,57.627118644067764,76464.0,74868.0,223.81224565818536,395.9755115490972
1790039393.034619,268.30523100000573,145.76271186440675,57.627118644067764,76486.0,74915.0,181.02777222652546,370.675914559076
1790039393.1493895,268.4199989999761,152.5423728813559,57.627118644067764,76508.0,74955.0,193.3176531779009,349.81289622667776
1790039393.2723002,268.5429098000168,159.32203389830505,57.627118644067764,76528.0,74994.0,163.50036108666683,336.08407556703736
1790039393.3886359,268.6592462999979,166.1016949152542,57.627118644067764,76543.0,75047.0,127.36419796270803,454.8721355811001
1790039393.5058262,268.77643650001846,172.88135593220335,57.627118644067764,76560.0,75093.0,143.5862275682467,403.8362650356938
1790039393.638125,268.9087345000007,179.66101694915255,57.627118644067764,76583.0,75147.0,173.3991515059252,409.85253992309595
1790039393.7542915,269.0249006000231,186.4406779661017,57.627118644067764,76593.0,75196.0,82.2853381213043,420.56950595333313
1790039393.8687365,269.1393445999711,193.22033898305085,57.627118644067764,76613.0,75240.0,184.10205142464778,358.9990002780632
1790039393.9899442,269.26055329997325,200.0,57.627118644067764,76623.0,75301.0,90.37816028437524,515.1555136209389
1790039394.1040926,269.37470179999946,-200.0,64.40677966101691,76636.0,75350.0,111.25089583892972,426.46176738256395
1790039394.223881,269.4944882999989,-193.22033898305085,64.40677966101691,76647.0,75401.0,101.81753557739508,407.2701423095803
1790039394.339491,269.6100972999702,-186.4406779661017,64.40677966101691,76662.0,75450.0,137.6360188151868,422.0837910332395
1790039394.4516692,269.72227730002487,-179.66101694915255,64.40677966101691,76672.0,75498.0,95.21388369854887,428.4624766434699
1790039394.5644174,269.83502519998,-172.8813559322034,64.40677966101691,76688.0,75551.0,148.7269439066368,474.06713370240476
1790039394.6800663,269.95067449996714,-166.10169491525426,64.40677966101691,76709.0,75597.0,184.88491837527786,379.01408266931963
1790039394.7969053,270.0675124999834,-159.32203389830508,64.40677966101691,76720.0,75637.0,99.22191971434773,342.766631740474
1790039394.91314,270.183746900002,-152.54237288135593,64.40677966101691,76737.0,75675.0,156.97876818474083,332.42562674415706
1790039395.028647,270.2992535000085,-145.76271186440678,64.40677966101691,76748.0,75737.0,101.9331152039035,518.932222856236
1790039395.1423697,270.41297599999234,-138.98305084745763,64.40677966101691,76761.0,75776.0,101.55321020702246,341.58807069634827
1790039395.2551322,270.52573769999435,-132.20338983050848,64.40677966101691,76783.0,75816.0,204.91516970999618,344.6300581486299
1790039395.3691845,270.639789799985,-125.42372881355932,64.40677966101691,76809.0,75850.0,239.272097488157,285.2859623897257
1790039395.4829726,270.75357830000576,-118.64406779661017,64.40677966101691,76830.0,75884.0,148.68313206096266,315.95165562954566
1790039395.5949786,270.86558400001377,-111.86440677966102,64.40677966101691,76859.0,75920.0,252.48888583236837,317.9489673444639
1790039395.7067237,270.9773288000142,-105.08474576271186,64.40677966101691,76879.0,75953.0,168.82354379052714,290.7516587503523
1790039395.820971,271.091575599974,-98.30508474576271,64.40677966101691,76914.0,75980.0,302.55493889476674,229.20828704148994
1790039395.9349136,271.20551830000477,-91.52542372881356,64.40677966101691,76951.0,75996.0,294.5893148784726,147.2946574392363
1790039396.0463336,271.31693779997295,-84.74576271186442,64.40677966101691,76986.0,76016.0,319.9298412242907,188.19402424958278
1790039396.1584203,271.42902450001566,-77.96610169491527,64.40677966101691,77037.0,76045.0,429.88605216500366,252.32442192293692
1790039396.2701154,271.5407188999816,-71.18644067796612,64.40677966101691,77077.0,76063.0,375.3577629893061,150.14310519572243
1790039396.3822627,271.652865800017,-64.40677966101697,64.40677966101691,77118.0,76090.0,373.83561883666164,233.64726177291354
1790039396.4972858,271.76788900000975,-57.62711864406779,64.40677966101691,77162.0,76119.0,406.2177159675589,258.50218288844655
1790039396.6114728,271.8820756999776,-50.847457627118644,64.40677966101691,77204.0,76144.0,348.6961516814727,220.22914843040382
1790039396.7238905,271.994493199978,-44.067796610169495,64.40677966101691,77262.0,76162.0,512.8869851099871,149.2034865774508
1790039396.8375964,272.1081991000101,-37.288135593220346,64.40677966101691,77308.0,76185.0,405.00661820314883,211.7080049698278
1790039396.9504218,272.22102200001245,-30.508474576271198,64.40677966101691,77350.0,76200.0,390.0405919950109,139.30021142678962
1790039397.0642052,272.33480620000046,-23.72881355932205,64.40677966101691,77402.0,76212.0,478.2422754875637,101.16663519929233
1790039397.1812963,272.45189849997405,-16.9491525423729,64.40677966101691,77464.0,76226.0,499.68202029004516,127.19178698292059
1790039397.300341,272.57094210002106,-10.169491525423723,64.40677966101691,77504.0,76239.0,331.47854664898284,107.50655566994038
1790039397.4149063,272.6855065000127,-3.3898305084745743,64.40677966101691,77553.0,76253.0,425.43588694892895,120.23188109426253
1790039397.5300677,272.80066700000316,3.3898305084745743,64.40677966101691,77601.0,76264.0,423.2395306169528,82.80773425114293
1790039397.6447604,272.91536059998907,10.169491525423723,64.40677966101691,77645.0,76276.0,394.8714465205242,110.19668274991373
1790039397.7592175,273.02981699997326,16.94915254237287,64.40677966101691,77702.0,76290.0,493.96584142266016,128.0652181466156
1790039397.8746781,273.1452775999787,23.72881355932202,64.40677966101691,77748.0,76307.0,394.13020958938597,155.81892007022236
1790039397.9889076,273.25950619997457,30.50847457627117,64.40677966101691,77805.0,76323.0,496.1944642609988,147.0205820032589
1790039398.1049242,273.37552280002274,37.28813559322032,64.40677966101691,77858.0,76334.0,472.7431740195421,90.91214884991194
1790039398.2189686,273.489567600016,44.06779661016947,64.40677966101691,77901.0,76356.0,368.325142786212,193.3706999627613
1790039398.3320203,273.6026191000128,50.847457627118644,64.40677966101691,77957.0,76379.0,500.7237310536402,203.99855709592748
1790039398.4451547,273.71575360000134,57.627118644067764,64.40677966101691,78001.0,76388.0,389.08198881451295,83.37471188882421
1790039398.558236,273.82883429998765,64.40677966101691,64.40677966101691,78050.0,76411.0,444.4086450349327,203.68729564101082
1790039398.671926,273.9425242000143,71.18644067796606,64.40677966101691,78098.0,76431.0,423.7623834753693,184.24451455450838
1790039398.7847335,274.0553315000143,77.96610169491527,64.40677966101691,78127.0,76458.0,269.32574766595854,241.46446342465248
1790039398.8996508,274.170248600014,84.74576271186442,64.40677966101691,78163.0,76486.0,318.6644499817874,245.8268614145217
1790039399.015688,274.28628549998393,91.52542372881356,64.40677966101691,78208.0,76515.0,379.2684634757497,252.84564231716644
1790039399.131245,274.40184200002113,98.30508474576271,64.40677966101691,78243.0,76542.0,315.2327900767446,231.78881623290044
1790039399.2452772,274.51587429997744,105.08474576271186,64.40677966101691,78286.0,76573.0,375.3894667295278,262.77262671066944
1790039399.3592672,274.6298627000069,111.86440677966101,64.40677966101691,78308.0,76604.0,203.10717046285345,267.73217924648867
1790039399.4758027,274.7463972999831,118.64406779661016,64.40677966101691,78344.0,76641.0,324.21666938346453,296.4266691505961
1790039399.590132,274.8607278999989,125.42372881355931,64.40677966101691,78369.0,76678.0,221.69282797593812,323.30204079824307
1790039399.7036712,274.97426639997866,132.20338983050846,64.40677966101691,78390.0,76709.0,175.26672826177673,267.5123747153434
1790039399.8183804,275.0889752000221,138.9830508474576,64.40677966101691,78420.0,76750.0,256.2581911668167,375.2352084942673
1790039399.933462,275.2040563999908,145.76271186440675,64.40677966101691,78445.0,76786.0,218.84471882598964,310.03001833681867
1790039400.0489435,275.31953699997393,152.5423728813559,64.40677966101691,78470.0,76823.0,218.28262505361198,318.3288282031842
1790039400.1653771,275.43597109999973,159.32203389830505,64.40677966101691,78494.0,76876.0,218.60631191404087,437.21262382808175
1790039400.278278,275.54887200001394,166.1016949152542,64.40677966101691,78503.0,76913.0,74.24228784563715,315.52972334395787
1790039400.3916376,275.6622310000239,172.88135593220335,64.40677966101691,78516.0,76964.0,111.5561997038407,427.6320988647227
1790039400.5052946,275.77588869998,179.66101694915255,64.40677966101691,78529.0,77000.0,110.81908228583941,323.2223233336983
1790039400.6181052,275.88869870000053,186.4406779661017,64.40677966101691,78550.0,77035.0,185.68981447619635,315.67268460953375
1790039400.7311585,276.00175200001104,193.22033898305085,64.40677966101691,78559.0,77076.0,64.81361454908294,361.1044239163192
1790039400.845408,276.1160012999899,200.0,64.40677966101691,78573.0,77129.0,119.11721318550718,458.14312763656613
1790039400.9596229,276.230215699994,-200.0,71.18644067796606,78586.0,77180.0,119.3272513386251,458.9509666870196
1790039401.0730064,276.3435991000151,-193.22033898305085,71.18644067796606,78596.0,77214.0,64.89040012571459,315.1819434677566
1790039401.188171,276.45876359997783,-186.4406779661017,71.18644067796606,78607.0,77274.0,102.25053425675203,539.1391806265108
1790039401.3031478,276.5737403000239,-179.66101694915255,71.18644067796606,78618.0,77310.0,102.14684814811275,334.2987757574599
1790039401.416388,276.6869799999986,-172.8813559322034,71.18644067796606,78628.0,77351.0,93.74030372965973,365.5871845456729
1790039401.5298932,276.8004848000128,-166.10169491525426,71.18644067796606,78653.0,77396.0,224.21943605361068,392.3840130938187
1790039401.6442597,276.91485070000635,-159.32203389830508,71.18644067796606,78673.0,77443.0,164.92593449001228,375.66462856058354
1790039401.7574012,277.0279920999892,-152.54237288135593,71.18644067796606,78695.0,77483.0,194.4620900946856,333.36358301946103
1790039401.8719006,277.1424901999999,-145.76271186440678,71.18644067796606,78714.0,77518.0,164.51111407517809,301.60370913782646
1790039401.9866803,277.25726959999884,-138.98305084745763,71.18644067796606,78743.0,77564.0,229.3035226133771,376.0577770859385
1790039402.1010644,277.37165350001305,-132.20338983050848,71.18644067796606,78764.0,77611.0,183.57280413271903,422.2174495052538
1790039402.215126,277.4857152000186,-125.42372881355932,71.18644067796606,78782.0,77646.0,156.99007548337684,304.7454406442021
1790039402.3288906,277.599479699973,-118.64406779661017,71.18644067796606,78810.0,77684.0,258.76951401242883,323.461892515536
1790039402.4433367,277.71392569999443,-111.86440677966102,71.18644067796606,78836.0,77722.0,229.42199423336615,330.3676716960473
1790039402.5563724,277.82696079998277,-105.08474576271186,71.18644067796606,78871.0,77746.0,288.107034448961,213.75683201051942
1790039402.6693263,277.93991459999233,-98.30508474576271,71.18644067796606,78906.0,77786.0,297.77940319539624,335.0018285948207
1790039402.7838936,278.05448220000835,-91.52542372881356,71.18644067796606,78931.0,77831.0,220.39215104857857,385.6862643350125
1790039402.8959563,278.16654479998397,-84.74576271186442,71.18644067796606,78973.0,77869.0,392.71127875037826,345.95993604199987
1790039403.0093777,278.2799660000019,-77.96610169491527,71.18644067796606,79018.0,77887.0,387.96101547739875,166.2690066331709
1790039403.121437,278.3920255000121,-71.18644067796612,71.18644067796606,79050.0,77905.0,280.63742110397914,159.0278719589215
1790039403.2353623,278.50594950001687,-64.40677966101697,71.18644067796606,79092.0,77934.0,377.0718257522997,266.70934016626074
1790039403.3525658,278.62315310002305,-57.62711864406779,71.18644067796606,79139.0,77954.0,411.1798000296614,151.95775218487486
1790039403.4698062,278.7403917000047,-50.847457627118644,71.18644067796606,79188.0,77980.0,420.89352033288895,219.596619304116
1790039403.5864737,278.8570592000033,-44.067796610169495,71.18644067796606,79236.0,78003.0,416.3085641443185,166.5234256577274
1790039403.7058806,278.9764662000234,-37.288135593220346,71.18644067796606,79298.0,78021.0,535.2129286525684,154.21389469650276
1790039403.820362,279.0909472000203,-30.508474576271198,71.18644067796606,79347.0,78039.0,421.73319517155875,155.8579199547065
1790039403.9374819,279.208067199972,-23.72881355932205,71.18644067796606,79400.0,78053.0,467.0420966786436,116.7605241696609
1790039404.0522695,279.32285409996985,-16.9491525423729,71.18644067796606,79458.0,78072.0,521.2429359938214,146.3138065947569
1790039404.1662786,279.4368637999869,-10.169491525423723,71.18644067796606,79514.0,78085.0,481.6125873166197,120.40314682915492
1790039404.2804067,279.5509912999696,-3.3898305084745743,71.18644067796606,79576.0,78101.0,533.718592279509,147.2327151115887
1790039404.3952024,279.66578619997017,3.3898305084745743,71.18644067796606,79625.0,78114.0,429.7626157294521,118.87051073367823
1790039404.5092866,279.7798706999747,10.169491525423723,71.18644067796606,79673.0,78135.0,414.2113140714022,193.29861323332105
1790039404.6240819,279.894665299973,16.94915254237287,71.18644067796606,79731.0,78160.0,495.7266526734804,211.142833546112
1790039404.738544,280.0091274000006,23.72881355932202,71.18644067796606,79784.0,78174.0,416.69946245408545,129.63983276349325
1790039404.8526173,280.12320089997957,30.50847457627117,71.18644067796606,79830.0,78191.0,423.28081267852514,147.2281087577479
1790039404.9662914,280.2368751000031,37.28813559322032,71.18644067796606,79873.0,78214.0,387.77761884855545,203.12160987305285
1790039405.0811212,280.3517045999761,44.06779661016947,71.18644067796606,79918.0,78224.0,382.85467367204296,91.15587468381975
1790039405.1928465,280.4634298000019,50.847457627118644,71.18644067796606,79961.0,78239.0,384.7225727782736,131.3686833877032
1790039405.3072984,280.57788110000547,57.627118644067764,71.18644067796606,80002.0,78273.0,366.05197392838033,283.69027979449476
1790039405.4245086,280.6950915000052,64.40677966101691,71.18644067796606,80040.0,78287.0,333.72357953576517,117.25423064770128
1790039405.5405416,280.81112399999984,71.18644067796606,71.18644067796606,80072.0,78313.0,284.67031969240946,229.5728384616205
1790039405.6536224,280.9242042999831,77.96610169491527,71.18644067796606,80111.0,78336.0,353.77171866198773,204.8152055411508
1790039405.7680867,281.0386675000191,84.74576271186442,71.18644067796606,80140.0,78371.0,240.49912827851412,323.74882652876903
1790039405.888983,281.1595632000244,91.52542372881356,71.18644067796606,80173.0,78397.0,292.25105466429295,200.92260008170143
1790039406.0035958,281.27417519997107,98.30508474576271,71.18644067796606,80197.0,78419.0,220.72720418934603,202.3332705069005
1790039406.1178415,281.3884213999845,105.08474576271186,71.18644067796606,80225.0,78448.0,248.4536063417867,257.65559176185286
1790039406.2320597,281.50264020002214,111.86440677966101,71.18644067796606,80254.0,78491.0,259.1961401197997,379.537205175421
1790039406.345974,281.6165541000082,118.64406779661016,71.18644067796606,80287.0,78524.0,285.34163216144196,285.34163216144196
1790039406.460126,281.73070479999296,125.42372881355931,71.18644067796606,80311.0,78575.0,210.95537095006637,431.08271455013556
1790039406.574226,281.84480600000825,132.20338983050846,71.18644067796606,80324.0,78624.0,120.38631039292032,416.7218436678011
1790039406.687677,281.95825650001643,138.9830508474576,71.18644067796606,80346.0,78653.0,202.96850663538802,258.32355389958474
1790039406.8009932,282.0715722999885,145.76271186440675,71.18644067796606,80368.0,78696.0,184.68516725716785,387.8388512400525
1790039406.9141004,282.18467970000347,152.5423728813559,71.18644067796606,80388.0,78729.0,176.0388842040316,287.22133738552526
1790039407.0282688,282.2988473000005,159.32203389830505,71.18644067796606,80410.0,78794.0,202.009628555794,587.6643739804916
1790039407.140971,282.4115497000166,166.1016949152542,71.18644067796606,80431.0,78840.0,185.79797437709948,418.04544234847384
1790039407.254522,282.5250999999698,172.88135593220335,71.18644067796606,80445.0,78889.0,110.63282898906014,424.09251112473055
1790039407.366865,282.63744249998126,179.66101694915255,71.18644067796606,80466.0,78941.0,168.21659569290955,467.2683213691932
1790039407.4812193,282.75179750000825,186.4406779661017,71.18644067796606,80485.0,78977.0,165.76325690524965,322.3174439824299
1790039407.5944152,282.86499279999407,193.22033898305085,71.18644067796606,80500.0,79019.0,138.85353268583543,361.0191849831721
1790039407.7073798,282.9779572999687,200.0,71.18644067796606,80512.0,79065.0,111.32789121779906,398.9249435304466
1790039407.8207815,283.091358900012,-200.0,77.96610169491527,80525.0,79121.0,110.90983032180634,480.6092647278275
1790039407.9333243,283.2039013999747,-193.22033898305085,77.96610169491527,80542.0,79166.0,158.28751525585045,409.68533360337767
1790039408.051772,283.32234850001987,-186.4406779661017,77.96610169491527,80549.0,79224.0,63.41148346428021,498.2330843622017
1790039408.1668842,283.4374593999819,-179.66101694915255,77.96610169491527,80572.0,79277.0,195.74670375080885,466.0635803590687
1790039408.2840314,283.5546065000235,-172.8813559322034,77.96610169491527,80586.0,79330.0,120.41374161364458,463.1297754370945
1790039408.3974485,283.66802290000487,-166.10169491525426,77.96610169491527,80616.0,79380.0,252.7240375405527,439.9270283113325
1790039408.5111775,283.7817516999785,-159.32203389830508,77.96610169491527,80646.0,79422.0,249.50630094700642,378.8799384750838
1790039408.6250994,283.8956735000247,-152.54237288135593,77.96610169491527,80669.0,79461.0,212.12448202732946,322.79812482419703
1790039408.7407844,284.0113585999934,-145.76271186440678,77.96610169491527,80690.0,79507.0,183.01560293560092,411.7851066051021
1790039408.8551621,284.12573670002166,-138.98305084745763,77.96610169491527,80716.0,79552.0,229.53595177214444,376.4389609063169
1790039408.9686317,284.2392046999885,-132.20338983050848,77.96610169491527,80739.0,79592.0,212.47466463758573,360.2831269941671
1790039409.0823245,284.3528982999851,-125.42372881355932,77.96610169491527,80769.0,79629.0,268.6891858865087,333.54519627290733
1790039409.1971247,284.467698100023,-118.64406779661017,77.96610169491527,80800.0,79678.0,264.53795713168256,428.73393052376144
1790039409.3101978,284.5807712000096,-111.86440677966102,77.96610169491527,80835.0,79715.0,305.66565178848236,342.71603382344995
1790039409.4243917,284.69496509997407,-105.08474576271186,77.96610169491527,80877.0,79750.0,357.4364655971016,320.77631527945016
1790039409.5374706,284.8080437000026,-98.30508474576271,77.96610169491527,80908.0,79787.0,286.73941217924454,332.9877044662195
1790039409.6507716,284.92134449997684,-91.52542372881356,77.96610169491527,80941.0,79815.0,295.5516701676737,258.6077113967145
1790039409.7638628,285.03443559998414,-84.74576271186442,77.96610169491527,80992.0,79840.0,454.04634065614295,222.3900444030088
1790039409.8776515,285.1482241000049,-77.96610169491527,77.96610169491527,81031.0,79867.0,343.68634252401694,222.93168163720017
1790039409.9964316,285.26700390002225,-71.18644067796612,77.96610169491527,81072.0,79884.0,338.33957177642384,133.55509412227258
1790039410.1143093,285.3848807999748,-64.40677966101697,77.96610169491527,81126.0,79911.0,436.4263228935861,236.39759156735914
1790039410.2290804,285.49965060001705,-57.62711864406779,77.96610169491527,81178.0,79926.0,453.8873601221255,129.68210289203586
1790039410.3465855,285.61715629999526,-50.847457627118644,77.96610169491527,81216.0,79945.0,320.16685274618663,173.80486291935847
1790039410.4606683,285.7312388999853,-44.067796610169495,77.96610169491527,81267.0,79959.0,450.8782001546471,128.82234290132774
1790039410.5751173,285.8456865000189,-37.288135593220346,77.96610169491527,81328.0,79982.0,522.8935645296805,210.99214007337986
1790039410.688916,285.9594853000017,-30.508474576271198,77.96610169491527,81381.0,79994.0,442.85672090334083,101.48799854034894
1790039410.8029506,286.07351949997246,-23.72881355932205,77.96610169491527,81440.0,80003.0,506.3500906426616,82.85728755970827
1790039410.9170015,286.1875712000183,-16.9491525423729,77.96610169491527,81483.0,80017.0,353.2796905962391,120.85884151976602
1790039411.0327816,286.30334980000043,-10.169491525423723,77.96610169491527,81531.0,80035.0,427.7175535749224,154.70634916539746
1790039411.1479661,286.41853500000434,-3.3898305084745743,77.96610169491527,81587.0,80046.0,497.2242914331735,92.07857248762473
1790039411.2624378,286.5330066999886,3.3898305084745743,77.96610169491527,81649.0,80065.0,533.6331495063886,156.40971623463113
1790039411.3754501,286.6460185999749,10.169491525423723,77.96610169491527,81699.0,80074.0,416.85656783657663,83.37131356731533
1790039411.4885275,286.7590960999951,16.94915254237287,77.96610169491527,81747.0,80092.0,426.02533187540075,157.44414438873505
1790039411.6010234,286.87159170000814,23.72881355932202,77.96610169491527,81796.0,80116.0,437.7394761651404,223.52654102049723
1790039411.715065,286.98563309997553,30.50847457627117,77.96610169491527,81845.0,80132.0,422.2426407322081,137.68781763006785
1790039411.8280954,287.09866359998705,37.28813559322032,77.96610169491527,81893.0,80153.0,409.09758656379427,195.2511208599927
1790039411.9408915,287.2114593000151,44.06779661016947,77.96610169491527,81929.0,80184.0,307.6349397657987,270.3458561578231
1790039412.0556662,287.3262338999775,50.847457627118644,77.96610169491527,81973.0,80205.0,386.3898764811625,193.19493824058125
1790039412.1715288,287.4420952000073,57.627118644067764,77.96610169491527,82017.0,80232.0,377.9226788755869,239.6582841650063
1790039412.2857556,287.556322599994,64.40677966101691,77.96610169491527,82049.0,80268.0,287.7716541111057,306.33756727956415
1790039412.4017148,287.6722814000095,71.18644067796606,77.96610169491527,82093.0,80291.0,392.24146376587663,214.79889682417053
1790039412.5161016,287.7866676999838,77.96610169491527,77.96610169491527,82129.0,80321.0,334.4683580473332,260.14205625903696
1790039412.629586,287.90015170001425,84.74576271186442,77.96610169491527,82165.0,80350.0,310.22501646495397,244.41970994208495
1790039412.7437541,288.0143200000166,91.52542372881356,77.96610169491527,82187.0,80385.0,201.6197396552752,320.75867672430144
1790039412.8571012,288.1276651999797,98.30508474576271,77.96610169491527,82219.0,80421.0,286.0491081846271,295.276498771228
1790039412.971178,288.2417427999899,105.08474576271186,77.96610169491527,82248.0,80452.0,250.2416686440482,278.04629849338687
1790039413.0852737,288.3558388000238,111.86440677966101,77.96610169491527,82275.0,80496.0,239.41685417761875,368.3336218117211
1790039413.1969588,288.4675227999687,118.64406779661016,77.96610169491527,82300.0,80535.0,215.80863968400578,365.9363890294011
1790039413.3094044,288.57996800000547,125.42372881355931,77.96610169491527,82318.0,80573.0,167.79915561773606,316.95396061127923
1790039413.4255717,288.6961341999704,132.20338983050846,77.96610169491527,82340.0,80619.0,189.93369508570507,397.95631351290587
1790039413.5389795,288.8095420000027,138.9830508474576,77.96610169491527,82352.0,80673.0,111.15413183741938,472.40506030903236
1790039413.6540873,288.92465120001,145.76271186440675,77.96610169491527,82370.0,80712.0,129.36909467654584,332.6633863111179
1790039413.7674792,289.0380428999779,152.5423728813559,77.96610169491527,82387.0,80752.0,138.47602516551436,341.5741954082688
1790039413.88093,289.1514924999792,159.32203389830505,77.96610169491527,82407.0,80786.0,166.18810648799078,313.9108678106493
1790039413.9943128,289.2648756999988,166.1016949152542,77.96610169491527,82424.0,80850.0,138.95489250648055,555.8195700259222
1790039414.1071074,289.3776696000132,172.88135593220335,77.96610169491527,82435.0,80892.0,92.87896938652123,343.65218673012856
1790039414.2212176,289.4917801999836,179.66101694915255,77.96610169491527,82446.0,80929.0,101.03440867612437,321.4731185149412
1790039414.3332145,289.60377679998055,186.4406779661017,77.96610169491527,82460.0,80972.0,121.5308777757953,373.9411623870625
1790039414.448297,289.7188590000151,193.22033898305085,77.96610169491527,82474.0,81026.0,118.2641730677298,473.0566922709192
1790039414.5668561,289.8374178999802,200.0,77.96610169491527,82492.0,81083.0,162.15719518324588,477.46285248400176
1790039414.6820676,289.9526274999953,-200.0,84.74576271186442,82510.0,81132.0,165.06038453645814,421.82098270428196
1790039414.8018088,290.0723685999983,-193.22033898305085,84.74576271186442,82524.0,81177.0,110.43520670857035,386.5232234799962
1790039414.9182937,290.18885279999813,-186.4406779661017,84.74576271186442,82542.0,81220.0,167.7309818255621,382.0539030471137
1790039415.0327373,290.3032979000127,-179.66101694915255,84.74576271186442,82566.0,81272.0,193.93948350200162,443.2902480045752
1790039415.1454632,290.4160224000225,-172.8813559322034,84.74576271186442,82575.0,81323.0,74.31104373275261,473.7329037962978
1790039415.2599277,290.5304865000071,-166.10169491525426,84.74576271186442,82590.0,81368.0,110.77417305507143,406.1719678685953
1790039415.372721,290.6432803000207,-159.32203389830508,84.74576271186442,82618.0,81412.0,261.64703065212484,401.8150827871917
1790039415.4871469,290.75770469999406,-152.54237288135593,84.74576271186442,82635.0,81457.0,156.01783743091917,394.63335350173674
1790039415.6008365,290.87139529996784,-145.76271186440678,84.74576271186442,82651.0,81491.0,148.1879393273761,314.89937107067425
1790039415.7156057,290.98616470000707,-138.98305084745763,84.74576271186442,82677.0,81533.0,228.79399936412577,356.91863900803617
1790039415.828096,291.09865449997596,-132.20338983050848,84.74576271186442,82704.0,81559.0,232.85120714462815,232.85120714462815
1790039415.9404302,291.21098859998165,-125.42372881355932,84.74576271186442,82732.0,81587.0,243.20567530634182,261.9138041760604
1790039416.0548382,291.32539660000475,-118.64406779661017,84.74576271186442,82764.0,81619.0,292.7587942242116,283.610081904705
1790039416.169943,291.44050079997396,-111.86440677966102,84.74576271186442,82801.0,81646.0,336.4529493390215,227.33307387771723
1790039416.2861505,291.55670750001445,-105.08474576271186,84.74576271186442,82832.0,81670.0,279.20105273008596,207.1491681545799
1790039416.3988874,291.6694451000076,-98.30508474576271,84.74576271186442,82872.0,81696.0,372.6049650669585,214.24785491350116
1790039416.5147438,291.78529999998864,-91.52542372881356,84.74576271186442,82904.0,81727.0,282.2762391086829,254.9591837110684
1790039416.6341422,291.9046987000038,-84.74576271186442,84.74576271186442,82950.0,81753.0,384.6358141237081,228.94988935935004
1790039416.7485373,292.0190934999846,-77.96610169491527,84.74576271186442,82990.0,81774.0,342.92631081164154,176.09729474111322
1790039416.8633838,292.13393890002044,-71.18644067796612,84.74576271186442,83034.0,81797.0,399.91629666196724,213.90871681919177
1790039416.9767985,292.2473537999904,-64.40677966101697,84.74576271186442,83093.0,81818.0,519.1304193335573,185.40372119055618
1790039417.0902336,292.36078849999467,-57.62711864406779,84.74576271186442,83144.0,81836.0,464.4289241280668,157.9058342035427
1790039417.2033405,292.4738947000005,-50.847457627118644,84.74576271186442,83186.0,81849.0,372.8171554721891,121.16557552846145
1790039417.3194597,292.5900138000143,-44.067796610169495,84.74576271186442,83233.0,81866.0,406.51875410624336,135.5062513687478
1790039417.43286,292.70341459999327,-37.288135593220346,84.74576271186442,83275.0,81882.0,371.7904033278957,148.71616133115828
1790039417.5448997,292.8154543999699,-30.508474576271198,84.74576271186442,83321.0,81899.0,402.3181006074199,149.69975836555162
1790039417.6573737,292.92792799999006,-23.72881355932205,84.74576271186442,83370.0,81911.0,447.1188778235305,83.83478959191197
1790039417.7703724,293.0409265999915,-16.9491525423729,84.74576271186442,83414.0,81925.0,407.6652180883203,129.71166030082918
1790039417.882095,293.15264919999754,-10.169491525423723,84.74576271186442,83459.0,81942.0,393.9544871162364,140.69803111294158
1790039417.994853,293.2654068999691,-3.3898305084745743,84.74576271186442,83498.0,81950.0,353.10800089487736,74.33852650418471
1790039418.107654,293.37820749997627,3.3898305084745743,84.74576271186442,83548.0,81959.0,464.22841508111827,83.56111471460129
1790039418.2203271,293.49088029999984,10.169491525423723,84.74576271186442,83600.0,81970.0,455.33024460557067,102.21699368696484
1790039418.3327873,293.6033401999739,16.94915254237287,84.74576271186442,83641.0,81981.0,354.2076607347019,102.53379652846634
1790039418.4475384,293.71809109998867,23.72881355932202,84.74576271186442,83674.0,81992.0,273.670190904306,100.34573666491221
1790039418.5627413,293.8332938000094,30.50847457627117,84.74576271186442,83725.0,82014.0,456.99202372869615,182.79680949147846
1790039418.6791952,293.9497473000083,37.28813559322032,84.74576271186442,83762.0,82030.0,332.12967074539324,129.1615386232085
1790039418.7978096,294.0683611999848,44.06779661016947,84.74576271186442,83811.0,82055.0,420.2114393767595,228.37578226997798
1790039418.9110618,294.1816121999873,50.847457627118644,84.74576271186442,83856.0,82079.0,408.69289800770804,222.9233989132953
1790039419.0249827,294.2955329999677,57.627118644067764,84.74576271186442,83888.0,82114.0,277.6839309082702,314.7084550293729
1790039419.1398075,294.41035690001445,64.40677966101691,84.74576271186442,83928.0,82129.0,321.5957027452764,137.8267297479756
1790039419.2547092,294.5252560999943,71.18644067796606,84.74576271186442,83959.0,82159.0,239.63950843738382,267.29022094938966
1790039419.3684835,294.63903319998644,77.96610169491527,84.74576271186442,83991.0,82191.0,276.08293533461955,294.48846435692747
1790039419.4825087,294.7530589000089,84.74576271186442,84.74576271186442,84014.0,82226.0,212.78190130936997,323.79854547078037
1790039419.5947769,294.8653263999731,91.52542372881356,84.74576271186442,84040.0,82260.0,214.76820903234903,308.14569122032685
1790039419.7087703,294.9793197999825,98.30508474576271,84.74576271186442,84060.0,82286.0,156.36957674378132,229.9552599173255
1790039419.8212078,295.09175590000814,105.08474576271186,84.74576271186442,84099.0,82315.0,354.0093423074029,270.1650243924917
1790039419.9346297,295.2051769000245,111.86440677966101,84.74576271186442,84118.0,82352.0,157.45551883197226,342.69730569311605
1790039420.0483508,295.31889970001066,118.64406779661016,84.74576271186442,84138.0,82393.0,165.78707412684795,368.4157202818843
1790039420.1637132,295.43426219996763,125.42372881355931,84.74576271186442,84152.0,82447.0,117.91960780664097,471.6784312265639
1790039420.278046,295.54859439999564,132.20338983050846,84.74576271186442,84167.0,82487.0,119.13456984824067,339.0753141834542
1790039420.3929648,295.6635132000083,138.9830508474576,84.74576271186442,84176.0,82536.0,82.57365569617649,431.2179797466995
1790039420.5065844,295.77713250002125,145.76271186440675,84.74576271186442,84195.0,82580.0,176.29549346735752,371.14840729970007
1790039420.624984,295.8955311999889,152.5423728813559,84.74576271186442,84214.0,82624.0,153.47822272817555,388.20962219479696
1790039420.7409847,296.01153179997345,159.32203389830505,84.74576271186442,84226.0,82683.0,91.95664424028114,514.9572077455744
1790039420.8608856,296.13143160002073,166.1016949152542,84.74576271186442,84241.0,82733.0,139.25637099060327,417.7691129718098
1790039420.9757793,296.24632520001614,172.88135593220335,84.74576271186442,84261.0,82791.0,183.80291921924135,514.6481738138758
1790039421.091835,296.36238080001203,179.66101694915255,84.74576271186442,84272.0,82850.0,99.67469804553713,489.31215404172775
1790039421.2073119,296.47785680001834,186.4406779661017,84.74576271186442,84282.0,82891.0,90.86745712347644,372.5565742062534
1790039421.3204012,296.5909462000127,193.22033898305085,84.74576271186442,84295.0,82937.0,111.80533948653954,400.6357998267667
1790039421.4343948,296.7049404999707,200.0,84.74576271186442,84305.0,82980.0,83.898248204641,354.2370479751509
1790039421.5491726,296.8197172000073,-200.0,91.52542372881356,84322.0,83034.0,145.9185664959591,492.475161923862
1790039421.663008,296.9335525999777,-193.22033898305085,91.52542372881356,84332.0,83076.0,74.06049632766396,379.5600436792777
1790039421.77769,297.0482343999902,-186.4406779661017,91.52542372881356,84348.0,83130.0,146.53772572692444,485.4062164704372
1790039421.8907716,297.16131629998563,-179.66101694915255,91.52542372881356,84367.0,83174.0,166.77800645569442,389.1486817299537
1790039422.004928,297.2754724000115,-172.8813559322034,91.52542372881356,84384.0,83227.0,155.9338327185721,467.8014981557163
1790039422.116931,297.38747509999666,-166.10169491525426,91.52542372881356,84402.0,83271.0,168.3588287720857,374.13073060463483
1790039422.229706,297.50024999998277,-159.32203389830508,91.52542372881356,84436.0,83304.0,306.57434766707246,297.28421591958545
1790039422.3424394,297.61298309999984,-152.54237288135593,91.52542372881356,84464.0,83347.0,232.28803715704058,399.5354239101098
1790039422.4555817,297.72612489998573,-145.76271186440678,91.52542372881356,84490.0,83392.0,240.75589954434372,398.17321847718387
1790039422.5713573,297.841900600004,-138.98305084745763,91.52542372881356,84510.0,83421.0,171.6241971829549,261.95272201608907
1790039422.6851563,297.9556989999837,-132.20338983050848,91.52542372881356,84536.0,83463.0,202.98891958639595,359.8439938122474
1790039422.8039622,298.07450480002444,-125.42372881355932,91.52542372881356,84569.0,83498.0,276.5854367951514,276.5854367951514
1790039422.9188197,298.18936169997323,-118.64406779661017,91.52542372881356,84604.0,83531.0,277.35891438492007,295.849508677248
1790039423.0334244,298.3039661999792,-111.86440677966102,91.52542372881356,84634.0,83565.0,279.10845320628596,297.7156834200383
1790039423.147872,298.4184138000128,-105.08474576271186,91.52542372881356,84666.0,83593.0,269.881922041834,241.96310252026495
1790039423.262023,298.5325643999968,-98.30508474576271,91.52542372881356,84706.0,83627.0,358.0257907323928,284.58460288985066
1790039423.3754327,298.64597399998456,-91.52542372881356,91.52542372881356,84750.0,83646.0,369.2421306665131,175.39001206659373
1790039423.4885085,298.75904929998796,-84.74576271186442,91.52542372881356,84781.0,83668.0,277.9507249948479,203.83053166288846
1790039423.5998774,298.8704179999768,-77.96610169491527,91.52542372881356,84819.0,83693.0,329.4278872004422,216.48118301743347
1790039423.7133534,298.983893800003,-71.18644067796612,91.52542372881356,84859.0,83723.0,350.8801088355357,258.5432380893421
1790039423.826433,299.096972099971,-64.40677966101697,91.52542372881356,84924.0,83743.0,574.058659688408,185.18021280271225
1790039423.9405499,299.2110885999864,-57.62711864406779,91.52542372881356,84962.0,83757.0,312.87441409277653,128.83064109702562
1790039424.0553284,299.3258664999739,-50.847457627118644,91.52542372881356,85012.0,83774.0,449.61429525456003,155.98863304750043
1790039424.1687934,299.43933289998677,-44.067796610169495,91.52542372881356,85058.0,83787.0,398.07516776119377,101.83318245053793
1790039424.281451,299.55198940000264,-37.288135593220346,91.52542372881356,85113.0,83797.0,456.9667852306785,93.25852759809764
1790039424.3948605,299.66539949999424,-30.508474576271198,91.52542372881356,85163.0,83815.0,443.2853353655119,156.9968896086188
1790039424.5072865,299.7778251999989,-23.72881355932205,91.52542372881356,85209.0,83832.0,410.3987583238683,121.25417859568837
1790039424.6220737,299.89261239999905,-16.9491525423729,91.52542372881356,85255.0,83843.0,401.42982013696184,100.35745503424046
1790039424.7351446,300.0056830999674,-10.169491525423723,91.52542372881356,85305.0,83857.0,463.1169063453734,120.4103956497971
1790039424.8478873,300.11842539999634,-3.3898305084745743,91.52542372881356,85345.0,83870.0,372.84460874735737,121.17449784289114
1790039424.966157,300.236694799969,3.3898305084745743,91.52542372881356,85390.0,83885.0,375.54957657737975,125.18319219245993
1790039425.087931,300.3584685000242,10.169491525423723,91.52542372881356,85438.0,83901.0,394.12732763285646,122.6173908191109
1790039425.2017636,300.4722998000216,16.94915254237287,91.52542372881356,85484.0,83914.0,391.06618620246076,121.04429572933309
1790039425.317498,300.5880337000126,23.72881355932202,91.52542372881356,85532.0,83936.0,426.862256157988,176.31267102177765
1790039425.4316206,300.7021558000124,30.50847457627117,91.52542372881356,85586.0,83954.0,445.202938325487,157.67604065694331
1790039425.5468166,300.8173513999791,37.28813559322032,91.52542372881356,85633.0,83977.0,422.19109835131115,201.9174818201923
1790039425.660166,300.93070129997795,44.06779661016947,91.52542372881356,85668.0,84001.0,296.286968652115,203.69729094832906
1790039425.7728646,301.0434001000249,50.847457627118644,91.52542372881356,85707.0,84024.0,354.38075221645977,214.49361318364672
1790039425.8857112,301.156245799968,57.627118644067764,91.52542372881356,85746.0,84048.0,352.6881800981535,213.46916163835607
1790039426.0025327,301.2730666999705,64.40677966101691,91.52542372881356,85781.0,84078.0,306.1394465996594,261.11893974676826
1790039426.1161418,301.3866760000237,71.18644067796606,91.52542372881356,85811.0,84101.0,250.89602408589016,167.2640160572601
1790039426.228904,301.4994385999744,77.96610169491527,91.52542372881356,85844.0,84128.0,279.74323287988176,251.7689095918936
1790039426.342721,301.6132553999778,84.74576271186442,91.52542372881356,85878.0,84155.0,285.233463519334,239.22806617750595
1790039426.4555023,301.7260367000126,91.52542372881356,91.52542372881356,85904.0,84182.0,222.79488762243398,250.6442485752382
1790039426.5705974,301.84113080002135,98.30508474576271,91.52542372881356,85936.0,84210.0,291.0130619981048,236.4481128734601
1790039426.6850736,301.95560759998625,105.08474576271186,91.52542372881356,85957.0,84236.0,192.04934028816587,237.77537369011011
1790039426.7997637,302.0702971999999,111.86440677966101,91.52542372881356,85979.0,84269.0,200.6316248911322,282.7081987102317
1790039426.9151587,302.18569209997077,118.64406779661016,91.52542372881356,86000.0,84316.0,192.1621629117075,420.92664256850213
1790039427.0307343,302.3012673999765,125.42372881355931,91.52542372881356,86025.0,84365.0,227.1255086371055,426.9959562377583
1790039427.1474574,302.41799009998795,132.20338983050846,91.52542372881356,86044.0,84408.0,155.96816785611938,348.6347281489727
1790039427.269328,302.5398601000197,138.9830508474576,91.52542372881356,86075.0,84457.0,246.75843144467498,414.201652782133
1790039427.3859258,302.65645690000383,145.76271186440675,91.52542372881356,86088.0,84509.0,119.68825808015157,469.54624323751773
1790039427.5050037,302.77553410001565,152.5423728813559,91.52542372881356,86100.0,84554.0,110.83791617619086,378.69621360198545
1790039427.6184566,302.88898659998085,159.32203389830505,91.52542372881356,86121.0,84601.0,194.71632608731147,417.249270187096
1790039427.7342122,303.00474309996935,166.1016949152542,91.52542372881356,86128.0,84641.0,63.83215424115801,337.3985295604066
1790039427.8476305,303.118160300015,172.88135593220335,91.52542372881356,86145.0,84680.0,157.46572805630882,351.98221565527854
1790039427.9631054,303.23363540001446,179.66101694915255,91.52542372881356,86157.0,84724.0,109.12245542384416,391.02213193544156
1790039428.07698,303.34750919998623,186.4406779661017,91.52542372881356,86167.0,84770.0,92.54092390926836,397.92597280985393
1790039428.1912763,303.46180559997447,193.22033898305085,91.52542372881356,86184.0,84820.0,156.98413165589554,424.78059153948203
1790039428.3050961,303.57562529999996,200.0,91.52542372881356,86193.0,84866.0,83.32847250791976,388.8662050369589
1790039428.4177134,303.6882431000122,-200.0,98.30508474576271,86217.0,84917.0,206.43979560082676,459.7977265654778
1790039428.5319269,303.8024565000087,-193.22033898305085,98.30508474576271,86238.0,84960.0,174.2296071418999,366.79917293031554
1790039428.643902,303.91443110001273,-186.4406779661017,98.30508474576271,86254.0,85001.0,149.65467185247138,374.1366796311784
1790039428.7556562,304.02618529996835,-179.66101694915255,98.30508474576271,86283.0,85050.0,272.0557469721404,412.7742367853165
1790039428.8690178,304.1395465999958,-172.8813559322034,98.30508474576271,86296.0,85082.0,120.11212932446561,277.18183690261293
1790039428.9801445,304.25067310000304,-166.10169491525426,98.30508474576271,86323.0,85113.0,254.72923699666538,292.46690173691206
1790039429.0928924,304.36342060001334,-159.32203389830508,98.30508474576271,86353.0,85151.0,250.9093139495518,343.8386894864228
1790039429.2042572,304.4747854999732,-152.54237288135593,98.30508474576271,86379.0,85188.0,235.2303563875861,338.731713198124
1790039429.3186424,304.5891704999958,-145.76271186440678,98.30508474576271,86406.0,85228.0,247.10181603734128,329.4690880497884
1790039429.432948,304.7034760999959,-138.98305084745763,98.30508474576271,86439.0,85265.0,256.5451070983981,311.51905861948336
1790039429.5517347,304.8222611999954,-132.20338983050848,98.30508474576271,86476.0,85314.0,323.3760458929192,350.3240497173291
1790039429.6685421,304.93906770000467,-125.42372881355932,98.30508474576271,86508.0,85354.0,277.02519259516924,350.8985772872143
1790039429.7878308,305.05835720000323,-118.64406779661017,98.30508474576271,86551.0,85387.0,386.15860452918747,275.8275746637053
1790039429.902438,305.17296280001756,-111.86440677966102,98.30508474576271,86608.0,85429.0,493.76800781982644,365.75407986653806
1790039430.017141,305.2876664000214,-105.08474576271186,98.30508474576271,86654.0,85454.0,379.1851404451586,212.71361537167434
1790039430.132954,305.40347919997294,-98.30508474576271,98.30508474576271,86689.0,85471.0,309.20390898291413,154.60195449145706
1790039430.2470548,305.5175788999768,-91.52542372881356,98.30508474576271,86743.0,85501.0,490.95667078067487,268.6366689177277
1790039430.3601513,305.63067530002445,-84.74576271186442,98.30508474576271,86800.0,85519.0,529.5527602427501,148.64638884007022
1790039430.4740748,305.7445986000239,-77.96610169491527,98.30508474576271,86851.0,85543.0,433.37743946289885,212.0783214392909
1790039430.5893772,305.85990139999194,-71.18644067796612,98.30508474576271,86901.0,85563.0,431.58147980603997,174.46910885776083
1790039430.7024505,305.97297459997935,-64.40677966101697,98.30508474576271,86956.0,85584.0,501.6382203763164,185.7919334727098
1790039430.8185887,306.0891129000229,-57.62711864406779,98.30508474576271,87012.0,85604.0,471.34580105020547,172.22250422988276
1790039430.9330254,306.2035487999674,-50.847457627118644,98.30508474576271,87057.0,85619.0,402.35708083697466,109.7337493191749
1790039431.0474284,306.3179519000114,-44.067796610169495,98.30508474576271,87104.0,85630.0,393.29927781942547,91.46494833009895
1790039431.1611538,306.43167700001504,-37.288135593220346,98.30508474576271,87141.0,85646.0,331.50941765511743,147.33751895782996
1790039431.2740805,306.54460319998907,-30.508474576271198,98.30508474576271,87188.0,85666.0,426.77196179659603,166.9977241812767
1790039431.3894863,306.66000919998623,-23.72881355932205,98.30508474576271,87236.0,85680.0,417.68098071171295,118.04027715765801
1790039431.5051324,306.77565540000796,-16.9491525423729,98.30508474576271,87284.0,85693.0,401.45399344849415,118.6114071552369
1790039431.622936,306.89345889998367,-10.169491525423723,98.30508474576271,87350.0,85711.0,553.6188978723068,163.36295347051674
1790039431.7363832,307.00690530001884,-3.3898305084745743,98.30508474576271,87406.0,85732.0,480.0972012530325,193.88540819834006
1790039431.8529797,307.12349979998544,3.3898305084745743,98.30508474576271,87442.0,85748.0,292.72906731007174,128.0689669481564
1790039431.970399,307.2409197000088,10.169491525423723,98.30508474576271,87485.0,85768.0,399.9397300475919,176.71755513730807
1790039432.0839102,307.3544302000082,16.94915254237287,98.30508474576271,87548.0,85780.0,538.4079835370223,111.39475521455634
1790039432.1992128,307.4697335999808,23.72881355932202,98.30508474576271,87590.0,85802.0,385.4699843943407,183.55713542587654
1790039432.3112702,307.58179099997506,30.50847457627117,98.30508474576271,87624.0,85824.0,308.574153655162,196.36537050783036
1790039432.4243524,307.69487299997127,37.28813559322032,98.30508474576271,87677.0,85840.0,481.9478104940367,139.0234068732798
1790039432.5392015,307.80972109996947,44.06779661016947,98.30508474576271,87722.0,85863.0,382.98594079200547,191.49297039600273
1790039432.6537988,307.9243172999704,50.847457627118644,98.30508474576271,87759.0,85885.0,311.7890180008724,183.40530470639553
1790039432.7694063,308.0399247999885,57.627118644067764,98.30508474576271,87802.0,85910.0,376.3912705229928,220.32659737931283
1790039432.882859,308.15337780001573,64.40677966101691,98.30508474576271,87838.0,85943.0,315.8043350886108,287.93924669843926
1790039432.9982927,308.2688117999933,71.18644067796606,98.30508474576271,87865.0,85969.0,227.3093034729147,236.4016756118313
1790039433.1106286,308.3811476000119,77.96610169491527,98.30508474576271,87893.0,86005.0,242.4018668263796,316.9870566191118
1790039433.2241173,308.4946359000169,84.74576271186442,98.30508474576271,87917.0,86039.0,221.50724608786197,304.5724633708102
1790039433.337833,308.6083515000064,91.52542372881356,98.30508474576271,87950.0,86088.0,285.4743293402192,405.18937067644015
1790039433.4515116,308.72202970000217,98.30508474576271,98.30508474576271,87977.0,86131.0,241.263254461268,399.012305455174
1790039433.5679266,308.8384445999982,105.08474576271186,98.30508474576271,88012.0,86163.0,309.47240416017746,273.063886023686
1790039433.685689,308.9562070000102,111.86440677966101,98.30508474576271,88036.0,86202.0,208.82437324053265,335.9348612999873
1790039433.803503,309.07402070000535,118.64406779661016,98.30508474576271,88063.0,86247.0,221.34871462361662,387.3602505913291
1790039433.9247699,309.19528679997893,125.42372881355931,98.30508474576271,88091.0,86287.0,229.13666584844637,317.26615271323345
1790039434.0388806,309.3093974000076,132.20338983050846,98.30508474576271,88107.0,86335.0,130.88503528686496,420.70189913635164
1790039434.1513896,309.4219058000017,138.9830508474576,98.30508474576271,88121.0,86367.0,132.1626241955063,292.64581071862114
1790039434.2648432,309.5353597999783,145.76271186440675,98.30508474576271,88137.0,86413.0,129.36622562758689,406.5795662581302
1790039434.3755567,309.6460724999779,152.5423728813559,98.30508474576271,88149.0,86463.0,94.65251166473269,435.40155365777036
1790039434.4879262,309.7584418000188,159.32203389830505,98.30508474576271,88161.0,86515.0,93.19586323847757,484.61848884008333
1790039434.5997326,309.87024810002185,166.1016949152542,98.30508474576271,88170.0,86571.0,65.60966374223358,524.8773099378686
1790039434.7114315,309.98194620001595,172.88135593220335,98.30508474576271,88183.0,86608.0,121.92239731318243,328.2526081508758
1790039434.8242474,310.0947609000141,179.66101694915255,98.30508474576271,88197.0,86649.0,120.76744929191203,371.5921516674216
1790039434.9390051,310.20951880002394,186.4406779661017,98.30508474576271,88211.0,86695.0,110.40096711212456,414.0036266704671
1790039435.053781,310.32429419999244,193.22033898305085,98.30508474576271,88229.0,86742.0,146.78239230531707,412.82547835870423
1790039435.1667905,310.43730400002096,200.0,98.30508474576271,88252.0,86789.0,213.79975145397557,418.303861540387
1790039435.2809134,310.55142689996865,-200.0,105.08474576271186,88281.0,86837.0,257.7988763429077,432.73382814702364
1790039435.395768,310.66628170001786,-193.22033898305085,105.08474576271186,88294.0,86892.0,109.31779320781214,501.03988553580564
1790039435.5091703,310.77968350000447,-186.4406779661017,105.08474576271186,88309.0,86932.0,138.40970934585647,359.86524429922684
1790039435.6219103,310.89242330001434,-179.66101694915255,105.08474576271186,88327.0,86976.0,167.10066418594212,399.1849199997506
1790039435.7340662,311.0045792000019,-172.8813559322034,105.08474576271186,88346.0,87013.0,168.02016239045233,326.70587131476844
1790039435.8513498,311.1218626999762,-166.10169491525426,105.08474576271186,88365.0,87047.0,165.75577721131498,303.88559155407745
1790039435.971123,311.24163469998166,-159.32203389830508,105.08474576271186,88389.0,87091.0,195.4474948137075,364.2430585164549
1790039436.0880623,311.35857310000574,-152.54237288135593,105.08474576271186,88422.0,87126.0,274.4458023473662,292.742189170524
1790039436.2060301,311.4765407000086,-145.76271186440678,105.08474576271186,88449.0,87165.0,222.20802571445,324.0533708335729
1790039436.321257,311.5917683999869,-138.98305084745763,105.08474576271186,88480.0,87200.0,276.93594378193643,276.93594378193643
1790039436.4361362,311.70664639997995,-132.20338983050848,105.08474576271186,88526.0,87238.0,411.41164464916085,319.9868347271251
1790039436.5498538,311.82036409998545,-125.42372881355932,105.08474576271186,88567.0,87272.0,362.43466872291873,288.0890956515508
1790039436.6637096,311.9342190999887,-118.64406779661017,105.08474576271186,88623.0,87300.0,499.8977061124174,259.20621798421644
1790039436.7801614,312.0506704999716,-111.86440677966102,105.08474576271186,88662.0,87326.0,345.55129986771993,227.336381491921
1790039436.8935227,312.16403159999754,-105.08474576271186,105.08474576271186,88703.0,87358.0,370.45509464350687,259.3185662504548
1790039437.0086625,312.2791674999753,-98.30508474576271,105.08474576271186,88750.0,87374.0,391.9616861766205,136.73082075928622
1790039437.1239595,312.39446879999014,-91.52542372881356,105.08474576271186,88793.0,87406.0,384.11694701659985,283.51488946463326
1790039437.2364695,312.50697869999567,-84.74576271186442,105.08474576271186,88853.0,87423.0,523.439822380099,158.9013746511015
1790039437.3485026,312.61901159997797,-77.96610169491527,105.08474576271186,88903.0,87440.0,439.5612618722865,158.9902436559334
1790039437.4615836,312.73209240002325,-71.18644067796612,105.08474576271186,88954.0,87459.0,463.3392113996545,157.53533187588255
1790039437.575784,312.846292799979,-64.40677966101697,105.08474576271186,89010.0,87478.0,476.7619793365955,155.86449324465622
1790039437.6898024,312.9603114000056,-57.62711864406779,105.08474576271186,89053.0,87497.0,385.30660763427164,174.30537012026574
1790039437.8059506,313.0764590000035,-50.847457627118644,105.08474576271186,89104.0,87517.0,451.78463975626613,162.6424703122558
1790039437.92037,313.190878399997,-44.067796610169495,105.08474576271186,89149.0,87535.0,405.18638583059754,138.13172244224916
1790039438.0407767,313.3112844999996,-37.288135593220346,105.08474576271186,89223.0,87556.0,619.3089927115902,176.94542648902578
1790039438.1561828,313.4266895999899,-30.508474576271198,105.08474576271186,89282.0,87564.0,489.06614191093234,64.59364138446276
1790039438.2718358,313.5423418999999,-23.72881355932205,105.08474576271186,89337.0,87581.0,467.9392778873541,128.45391942005799
1790039438.3899868,313.6604923999985,-16.9491525423729,105.08474576271186,89404.0,87598.0,604.0067017766405,139.38616194845548
1790039438.5030935,313.7735987000051,-10.169491525423723,105.08474576271186,89451.0,87610.0,399.4504305093385,102.18499385122612
1790039438.6174822,313.88798739999766,-3.3898305084745743,105.08474576271186,89513.0,87634.0,533.9981916206791,193.3441728281769
1790039438.7333019,314.00380700000096,3.3898305084745743,105.08474576271186,89555.0,87649.0,355.81636603108393,118.60545534369464
1790039438.847416,314.1179209999973,10.169491525423723,105.08474576271186,89600.0,87660.0,405.03383415016987,101.25845853754247
1790039438.961486,314.23199050000403,16.94915254237287,105.08474576271186,89642.0,87681.0,386.65701872001273,193.32850936000636
1790039439.0759113,314.34641529998044,23.72881355932202,105.08474576271186,89685.0,87700.0,376.2555234207132,174.36231573155
1790039439.190022,314.46052630001213,30.50847457627117,105.08474576271186,89728.0,87728.0,351.1388449542902,240.25289391609329
1790039439.3037455,314.57425020000665,37.28813559322032,105.08474576271186,89775.0,87754.0,386.7079278285265,220.97595875915803
1790039439.4164534,314.6869575000019,44.06779661016947,105.08474576271186,89810.0,87776.0,297.5830675175095,195.2888880583656
1790039439.5289595,314.79946389998076,50.847457627118644,105.08474576271186,89838.0,87804.0,223.52612465048122,242.15330170468798
1790039439.6416128,314.91211689997,57.627118644067764,105.08474576271186,89865.0,87830.0,222.99983090835514,241.58315015071807
1790039439.7544358,315.02493949997006,64.40677966101691,105.08474576271186,89898.0,87861.0,287.8836280605454,287.8836280605454
1790039439.867174,315.1376773000229,71.18644067796606,105.08474576271186,89929.0,87899.0,260.10653218893617,353.0017222564134
1790039439.9798732,315.25037660001544,77.96610169491527,105.08474576271186,89959.0,87924.0,241.76038748966698,232.46191104775673
1790039440.0924995,315.3630025999737,84.74576271186442,105.08474576271186,89980.0,87957.0,186.14278636355908,288.52131886351657
1790039440.207483,315.4779858000111,91.52542372881356,105.08474576271186,90004.0,87992.0,200.51294858485713,309.883647812961
1790039440.3215463,315.5920483000227,98.30508474576271,105.08474576271186,90020.0,88030.0,140.2342285888084,327.213200040553
1790039440.4388487,315.70934930001386,105.08474576271186,105.08474576271186,90034.0,88069.0,119.63847097503623,349.71245361933666
1790039440.5592089,315.82971000002,111.86440677966101,105.08474576271186,90056.0,88107.0,202.85116538769185,322.71776311678246
1790039440.674001,315.94450099999085,118.64406779661016,105.08474576271186,90078.0,88141.0,192.68052554784177,302.7836830037513
1790039440.7884786,316.0589792000246,125.42372881355931,105.08474576271186,90095.0,88177.0,155.9218189874338,321.0155096800108
1790039440.9032123,316.17371210001875,132.20338983050846,105.08474576271186,90107.0,88231.0,109.75281836227823,475.595546236539
1790039441.0165765,316.2870773000177,138.9830508474576,105.08474576271186,90123.0,88275.0,130.56315618850428,401.0154082932632
1790039441.129644,316.40014440001687,145.76271186440675,105.08474576271186,90142.0,88325.0,166.87557011842418,445.0015203157978
1790039441.2420495,316.5125496999826,152.5423728813559,105.08474576271186,90152.0,88386.0,93.23896306142869,550.1098820624293
1790039441.3542278,316.6247268000152,159.32203389830505,105.08474576271186,90164.0,88442.0,102.80143251215115,495.3159930130919
1790039441.4672496,316.737749300024,166.1016949152542,105.08474576271186,90178.0,88496.0,120.7893303915793,492.4488085195156
1790039441.5807238,316.85122209996916,172.88135593220335,105.08474576271186,90198.0,88551.0,175.35488597421156,443.00181719800815
1790039441.695795,316.96629429998575,179.66101694915255,105.08474576271186,90207.0,88593.0,82.0648239374883,382.9691783749454
1790039441.809963,317.08046219998505,186.4406779661017,105.08474576271186,90220.0,88653.0,119.54352764729865,533.3480464264094
1790039441.9233027,317.1938016000204,193.22033898305085,105.08474576271186,90233.0,88689.0,120.08328238106847,286.35244260100944
1790039442.0370345,317.30753310001455,200.0,105.08474576271186,90243.0,88735.0,92.02891550186952,404.92722820822587
1790039442.1531515,317.42364980001,-200.0,111.86440677966101,90257.0,88783.0,108.17291441067063,414.6628385742374
1790039442.269313,317.53981089999434,-193.22033898305085,111.86440677966101,90279.0,88835.0,198.19123471342698,450.4346243486977
1790039442.383899,317.6543952000211,-186.4406779661017,111.86440677966101,90301.0,88883.0,195.9445085184523,391.8890170369046
1790039442.5023057,317.77280219999375,-179.66101694915255,111.86440677966101,90324.0,88928.0,183.06786961493975,393.5959196721205
1790039442.6183465,317.88884349999717,-172.8813559322034,111.86440677966101,90352.0,88975.0,251.8818842469035,410.4741817356946
1790039442.7327695,318.00326650001807,-166.10169491525426,111.86440677966101,90377.0,89018.0,228.93248775635612,384.6065794306783
1790039442.8462741,318.1167691000155,-159.32203389830508,111.86440677966101,90393.0,89054.0,147.7301265963526,313.92651901724923
1790039442.9606516,318.2311473999871,-152.54237288135593,111.86440677966101,90420.0,89092.0,231.6052186416449,333.51151484396865
1790039443.0737891,318.34428389999084,-145.76271186440678,111.86440677966101,90457.0,89116.0,314.826183433275,212.97065349898014
1790039443.187265,318.457759300014,-138.98305084745763,111.86440677966101,90500.0,89146.0,389.0142380101169,277.86731286436924
1790039443.3012686,318.57176329998765,-132.20338983050848,111.86440677966101,90546.0,89176.0,409.03597660059177,269.5918936685718
1790039443.4160948,318.6865887999884,-125.42372881355932,111.86440677966101,90580.0,89204.0,302.7220213160536,256.8550483893788
1790039443.5301468,318.80064139998285,-118.64406779661017,111.86440677966101,90624.0,89230.0,406.48491243927714,240.19563007775469
1790039443.6442807,318.9147751000128,-111.86440677966102,111.86440677966101,90671.0,89255.0,412.8126023365615,220.1667212461661
1790039443.7583368,319.0288310999749,-105.08474576271186,111.86440677966101,90717.0,89278.0,394.6011224763689,211.06571667340663
1790039443.871049,319.14154310000595,-98.30508474576271,111.86440677966101,90757.0,89299.0,334.5084492170215,176.54612597565026
1790039443.9828725,319.2533666000236,-91.52542372881356,111.86440677966101,90804.0,89312.0,421.85272080106506,121.86856378697435
1790039444.096912,319.3674057999742,-84.74576271186442,111.86440677966101,90853.0,89332.0,422.28334110665554,183.60145265506762
1790039444.21239,319.48288359999424,-77.96610169491527,111.86440677966101,90898.0,89351.0,401.3225403300542,173.29836968797795
1790039444.3303032,319.6007966999896,-71.18644067796612,111.86440677966101,90956.0,89367.0,493.3589402966507,143.5226008135711
1790039444.4517233,319.72221600002376,-64.40677966101697,111.86440677966101,90998.0,89388.0,354.80053998492514,159.66024299321631
1790039444.5648594,319.8353512000176,-57.62711864406779,111.86440677966101,91066.0,89401.0,587.392870892371,121.20805272382258
1790039444.6821167,319.9526076000184,-50.847457627118644,111.86440677966101,91120.0,89412.0,476.2628751420435,100.74791589543229
1790039444.7964013,320.0668918999727,-44.067796610169495,111.86440677966101,91178.0,89427.0,491.4351203206238,129.81305065073082
1790039444.9108918,320.1813821999822,-37.288135593220346,111.86440677966101,91233.0,89437.0,458.6756199690303,91.73512399380607
1790039445.023883,320.2943741999916,-30.508474576271198,111.86440677966101,91286.0,89449.0,467.72728500291805,93.54545700058361
1790039445.1352606,320.4057519999915,-23.72881355932205,111.86440677966101,91326.0,89468.0,357.6723064335115,178.83615321675575
1790039445.2484012,320.51889130001655,-16.9491525423729,111.86440677966101,91374.0,89489.0,389.00270820101997,175.97741561474712
1790039445.3621206,320.63261159998365,-10.169491525423723,111.86440677966101,91425.0,89507.0,451.1364035075147,165.72357679867886
1790039445.4738383,320.74432890000753,-3.3898305084745743,111.86440677966101,91473.0,89527.0,441.02385092417353,178.2862376076446
1790039445.5872781,320.85776819998864,3.3898305084745743,111.86440677966101,91516.0,89554.0,378.5203547966151,230.80509438817992
1790039445.7010546,320.9715436999686,10.169491525423723,111.86440677966101,91565.0,89576.0,441.88641311783846,193.3253057390543
1790039445.8154957,321.0859854000155,16.94915254237287,111.86440677966101,91606.0,89598.0,359.13652532689866,193.38120594525313
1790039445.9286025,321.19909160002135,23.72881355932202,111.86440677966101,91658.0,89617.0,462.99425790202963,175.93781800277128
1790039446.0412924,321.3117815000005,30.50847457627117,111.86440677966101,91692.0,89639.0,306.5880191722184,195.1014667459572
1790039446.1544018,321.424890699971,37.28813559322032,111.86440677966101,91732.0,89662.0,370.57246953085684,203.81485824197125
1790039446.2682269,321.53871360002086,44.06779661016947,111.86440677966101,91773.0,89696.0,358.7701359135525,294.3754961341969
1790039446.3819551,321.65244370000437,50.847457627118644,111.86440677966101,91803.0,89719.0,266.8138742655894,211.61100372788124
1790039446.4971387,321.7676269999938,57.627118644067764,111.86440677966101,91832.0,89754.0,245.2939893655769,299.80376478014955
1790039446.6105137,321.8810017000069,64.40677966101691,111.86440677966101,91869.0,89786.0,315.6873395313951,278.5476525277016
1790039446.727691,321.99817759997677,71.18644067796606,111.86440677966101,91882.0,89809.0,107.56042203829614,206.15747557340094
1790039446.842793,322.1132791999844,77.96610169491527,111.86440677966101,91908.0,89845.0,231.58912746885198,333.48834355514686
1790039446.9615965,322.2320824000053,84.74576271186442,111.86440677966101,91933.0,89881.0,185.47817202027235,315.312892434463
1790039447.0739594,322.344445499999,91.52542372881356,111.86440677966101,91958.0,89914.0,215.0489376482812,289.8485681346399
1790039447.188128,322.4586135999998,98.30508474576271,111.86440677966101,91978.0,89955.0,165.1088342020401,348.5630944265291
1790039447.3029025,322.57338730001356,105.08474576271186,111.86440677966101,92000.0,89994.0,201.1680549634655,347.47209493689496
1790039447.419316,322.6898008999997,111.86440677966101,111.86440677966101,92031.0,90027.0,254.56720839909684,263.6588944133503
1790039447.533493,322.8039776000078,118.64406779661016,111.86440677966101,92052.0,90078.0,185.20662108750918,444.495890610022
1790039447.6475058,322.91799089999404,125.42372881355931,111.86440677966101,92072.0,90113.0,185.42847415189283,305.95698235062315
1790039447.7623427,323.0328274000203,132.20338983050846,111.86440677966101,92086.0,90170.0,127.63905131884945,501.4391301811943
1790039447.8754025,323.1458873000229,138.9830508474576,111.86440677966101,92103.0,90217.0,148.2387384488318,435.45129419344346
1790039447.9898515,323.26033630000893,145.76271186440675,111.86440677966101,92113.0,90260.0,82.26187243831282,383.8887380454599
1790039448.1021867,323.3726714000222,152.5423728813559,111.86440677966101,92128.0,90309.0,130.4526894692635,419.31221615120415
1790039448.216365,323.4868491999805,159.32203389830505,111.86440677966101,92140.0,90351.0,100.8566396466409,375.9202023192979
1790039448.3293726,323.59985679999227,166.1016949152542,111.86440677966101,92153.0,90399.0,120.44810400720664,426.2009834101158
1790039448.442828,323.71331169997575,172.88135593220335,111.86440677966101,92164.0,90453.0,101.5402736155953,461.54669825270594
1790039448.5589144,323.82939799997257,179.66101694915255,111.86440677966101,92179.0,90509.0,135.56123701099887,506.0952848410624
1790039448.6724424,323.94292589998804,186.4406779661017,111.86440677966101,92196.0,90552.0,148.55571354996817,399.24348016553944
1790039448.7882197,324.05870120000327,193.22033898305085,111.86440677966101,92216.0,90609.0,174.50067545271588,477.58079597585396
1790039448.906365,324.17684630001895,200.0,111.86440677966101,92231.0,90655.0,138.8635591691502,407.33310689617394
1790039449.0208476,324.29132800002117,-200.0,118.64406779661016,92255.0,90702.0,211.70488705952795,395.7960931982479
1790039449.1375916,324.40807279996807,-193.22033898305085,118.64406779661016,92278.0,90748.0,190.34963601899912,389.7635404198553
1790039449.252342,324.52282259997446,-186.4406779661017,118.64406779661016,92303.0,90786.0,211.0455747784592,339.50809855665176
1790039449.3668067,324.637287999969,-179.66101694915255,118.64406779661016,92336.0,90822.0,286.2974352328106,323.23903977897965
1790039449.4815333,324.75201399996877,-172.8813559322034,118.64406779661016,92364.0,90857.0,247.02223834820364,292.76709730157467
1790039449.5956557,324.8661353000207,-166.10169491525426,118.64406779661016,92394.0,90891.0,248.58719617904003,303.8287953299378
1790039449.7104447,324.9809248999809,-159.32203389830508,118.64406779661016,92421.0,90935.0,247.81896359576456,385.49616559341155
1790039449.82412,325.09459769999376,-152.54237288135593,118.64406779661016,92461.0,90966.0,332.6366444118787,267.95729688734673
1790039449.937959,325.20843890000833,-145.76271186440678,118.64406779661016,92500.0,90998.0,331.17913570979664,294.38145396426364
1790039450.0517848,325.3222648000228,-138.98305084745763,118.64406779661016,92530.0,91019.0,266.7211145151959,193.1428760282453
1790039450.1654289,325.43590899999253,-132.20338983050848,118.64406779661016,92573.0,91043.0,368.1156620074781,220.86939720448683
1790039450.2778928,325.5483722999925,-125.42372881355932,118.64406779661016,92613.0,91069.0,363.3098083204944,232.89090276954772
1790039450.3903048,325.66078430000925,-118.64406779661017,118.64406779661016,92657.0,91099.0,391.1962222049955,279.4258730035682
1790039450.5050101,325.7754894999671,-111.86440677966102,118.64406779661016,92711.0,91119.0,457.30675591532565,173.77656724782375
1790039450.6174955,325.8879744000151,-105.08474576271186,118.64406779661016,92765.0,91142.0,493.7420523170273,214.2654189300307
1790039450.7323802,326.00285879999865,-98.30508474576271,118.64406779661016,92809.0,91167.0,368.66461391874066,202.76553765530736
1790039450.8481119,326.11859019997064,-91.52542372881356,118.64406779661016,92856.0,91180.0,417.6834162242587,111.38224432646898
1790039450.96066,326.23113789997296,-84.74576271186442,118.64406779661016,92905.0,91200.0,448.6534786040587,177.5920019474399
1790039451.0752323,326.3457086000126,-77.96610169491527,118.64406779661016,92969.0,91220.0,557.4187794677906,185.80625982259684
1790039451.1923828,326.4628591000219,-71.18644067796612,118.64406779661016,93020.0,91235.0,450.4931061205159,110.3248423152284
1790039451.3065097,326.576985599997,-64.40677966101697,118.64406779661016,93077.0,91252.0,487.73619541344726,156.44368532129442
1790039451.421624,326.6920996999834,-57.62711864406779,118.64406779661016,93121.0,91270.0,364.70228902029254,164.11603005913165
1790039451.5381045,326.80857990001095,-50.847457627118644,118.64406779661016,93180.0,91281.0,514.8274832478673,99.3526722057288
1790039451.655879,326.9263539999956,-44.067796610169495,118.64406779661016,93241.0,91294.0,499.90403622561854,107.12229347691826
1790039451.7706206,327.04109539999627,-37.288135593220346,118.64406779661016,93300.0,91308.0,523.4904873931931,119.39256730020195
1790039451.8847487,327.1552245999919,-30.508474576271198,118.64406779661016,93339.0,91323.0,352.24160075587423,139.04273714047667
1790039451.997862,327.268336899986,-23.72881355932205,118.64406779661016,93388.0,91345.0,435.2009006283507,175.93227897741838
1790039452.1112068,327.3816816000035,-16.9491525423729,118.64406779661016,93444.0,91363.0,485.29962119326296,149.32296036715783
1790039452.2235928,327.49406779999845,-10.169491525423723,118.64406779661016,93495.0,91377.0,475.54309832893597,111.89249372445552
1790039452.3370721,327.6075470999931,-3.3898305084745743,118.64406779661016,93553.0,91402.0,470.76329193147,230.76631957425
1790039452.450796,327.7212702999823,3.3898305084745743,118.64406779661016,93596.0,91426.0,368.235287610502,220.9411725663012
1790039452.5632334,327.8337076000171,10.169491525423723,118.64406779661016,93638.0,91444.0,372.82341029316535,167.77053463192442
1790039452.677967,327.94844090001425,16.94915254237287,118.64406779661016,93678.0,91462.0,340.6367697608687,156.50878610634507
1790039452.7964742,328.0669476999901,23.72881355932202,118.64406779661016,93714.0,91490.0,316.57219249194645,253.25775399355717
1790039452.9109433,328.18141570000444,30.50847457627117,118.64406779661016,93767.0,91516.0,451.57169995032797,202.74647752871869
1790039453.0303936,328.30086620000657,37.28813559322032,118.64406779661016,93810.0,91547.0,397.4327692580252,258.7934311447606
1790039453.1452682,328.41573970002355,44.06779661016947,118.64406779661016,93853.0,91581.0,337.6657984220551,301.1613877818329
1790039453.2606852,328.5311568999896,50.847457627118644,118.64406779661016,93878.0,91620.0,227.89467249268296,346.39990218887806
1790039453.374804,328.6452758000232,57.627118644067764,118.64406779661016,93906.0,91651.0,258.51220686024,258.51220686024
1790039453.4882116,328.7586836999981,64.40677966101691,118.64406779661016,93921.0,91676.0,130.05906543219638,232.2483311289221
1790039453.6012495,328.8717206000001,71.18644067796606,118.64406779661016,93949.0,91713.0,260.34959372080795,325.4369921510099
1790039453.7170696,328.9875402000034,77.96610169491527,118.64406779661016,93970.0,91764.0,190.90076075590702,445.4351084304497
1790039453.8304477,329.10091889998876,84.74576271186442,118.64406779661016,93998.0,91806.0,250.02708632192994,388.9310231674466
1790039453.943212,329.213682600006,91.52542372881356,118.64406779661016,94016.0,91842.0,157.88339665026876,315.76679330053753
1790039454.0566628,329.32713320001494,98.30508474576271,118.64406779661016,94039.0,91889.0,203.16006243277306,397.08557657314736
1790039454.1693504,329.4398210999789,105.08474576271186,118.64406779661016,94053.0,91935.0,102.27553775897377,427.6977033557085
1790039454.282112,329.5525822999771,111.86440677966101,118.64406779661016,94074.0,91974.0,185.82058828156033,334.4770589068086
1790039454.3949156,329.6653856000048,118.64406779661016,118.64406779661016,94086.0,92011.0,102.1686693098368,343.6582513149056
1790039454.507912,329.778381799988,125.42372881355931,118.64406779661016,94100.0,92050.0,120.441631684121,352.06015415358445
1790039454.6207302,329.891199900012,132.20338983050846,118.64406779661016,94116.0,92101.0,148.60110633014563,464.37845728170504
1790039454.7337759,330.0042452000198,138.9830508474576,118.64406779661016,94135.0,92151.0,157.4877553338139,444.6713091778275
1790039454.8529687,330.12343709997367,145.76271186440675,118.64406779661016,94150.0,92195.0,124.74827580343661,365.3342362814929
1790039454.9677045,330.2381733999937,152.5423728813559,118.64406779661016,94168.0,92251.0,138.703437254782,490.0854783002297
1790039455.0842705,330.3547376000206,159.32203389830505,118.64406779661016,94182.0,92313.0,128.47289777030073,550.5981333012888
1790039455.198318,330.4687848999747,166.1016949152542,118.64406779661016,94200.0,92351.0,166.2657813765433,323.2945748988342
1790039455.3124185,330.5828854999854,172.88135593220335,118.64406779661016,94218.0,92398.0,165.94847850486354,433.30991609603257
1790039455.42751,330.69797669997206,179.66101694915255,118.64406779661016,94231.0,92448.0,119.69442933478791,414.32687077426584
1790039455.541962,330.81242839997867,186.4406779661017,118.64406779661016,94248.0,92482.0,156.0155464762356,266.1441675182843
1790039455.6565363,330.92700229998445,193.22033898305085,118.64406779661016,94259.0,92521.0,101.21587875249313,331.2519668263412
1790039455.768447,331.03891329996986,200.0,118.64406779661016,94283.0,92565.0,189.52280056382978,416.9501612404255
1790039455.8804936,331.15095999999903,-200.0,125.42372881355931,94307.0,92604.0,225.225225255618,365.99099104037924
1790039455.993289,331.2637552000233,-193.22033898305085,125.42372881355931,94325.0,92631.0,157.96070861278608,250.87877250266027
1790039456.1060433,331.37650929996744,-186.4406779661017,125.42372881355931,94345.0,92663.0,176.5577738310398,288.0679467769597
1790039456.2178469,331.48831270000665,-179.66101694915255,125.42372881355931,94366.0,92702.0,196.79025722603586,365.467620562638
1790039456.3298292,331.6002947000088,-172.8813559322034,125.42372881355931,94394.0,92731.0,252.37395086364722,261.7211342289675
1790039456.442863,331.71332849998726,-166.10169491525426,125.42372881355931,94421.0,92763.0,240.8971008088746,287.2234663490428
1790039456.5550258,331.8254909000243,-159.32203389830508,125.42372881355931,94452.0,92803.0,280.2640833828648,373.6854445104864
1790039456.669282,331.93974719999824,-152.54237288135593,125.42372881355931,94485.0,92835.0,285.6908512111399,285.6908512111399
1790039456.7864006,332.0568651999929,-145.76271186440678,125.42372881355931,94510.0,92866.0,217.78722734295428,272.23403417869287
1790039456.9014034,332.1718663999927,-138.98305084745763,125.42372881355931,94551.0,92891.0,323.05972627452985,221.5266694453919
1790039457.020463,332.29092649999075,-132.20338983050848,125.42372881355931,94581.0,92913.0,231.57282415096213,203.7840852528467
1790039457.1346326,332.4050949999946,-125.42372881355932,125.42372881355931,94621.0,92938.0,358.12770837464626,211.20352032350934
1790039457.249422,332.5198844000115,-118.64406779661017,125.42372881355931,94660.0,92959.0,313.1674958862207,184.21617405071808
1790039457.3634694,332.6339315000223,-111.86440677966102,125.42372881355931,94702.0,92985.0,377.54578661332573,230.21084549593033
1790039457.4762664,332.746728099999,-105.08474576271186,125.42372881355931,94758.0,93002.0,475.23423907853794,149.09309461287467
1790039457.5903878,332.86084909999045,-98.30508474576271,125.42372881355931,94807.0,93021.0,435.190020636656,175.9278806829035
1790039457.7038982,332.97436009999365,-91.52542372881356,125.42372881355931,94862.0,93037.0,482.62817037835737,148.50097550103303
1790039457.817884,333.08834509999724,-84.74576271186442,125.42372881355931,94909.0,93052.0,432.58964732530177,138.0605257421176
1790039457.9330378,333.2034977999865,-77.96610169491527,125.42372881355931,94959.0,93066.0,446.7505281190066,91.17357716714422
1790039458.0467455,333.3172058999771,-71.18644067796612,125.42372881355931,95006.0,93079.0,432.42765802183504,110.40706162259617
1790039458.1604526,333.4309136000229,-64.40677966101697,125.42372881355931,95051.0,93089.0,407.55948750703635,74.10172500127933
1790039458.273902,333.5443628000212,-57.62711864406779,125.42372881355931,95106.0,93106.0,498.4069436552059,147.67613145339433
1790039458.3870306,333.657491400023,-50.847457627118644,125.42372881355931,95161.0,93114.0,481.76429500880687,74.11758384750875
1790039458.500023,333.77048349997494,-44.067796610169495,125.42372881355931,95218.0,93127.0,518.7077505182149,120.41429922744274
1790039458.613117,333.88357720000204,-37.288135593220346,125.42372881355931,95284.0,93147.0,583.5364904160174,175.98719552229093
1790039458.7319984,334.0024585999781,-30.508474576271198,125.42372881355931,95330.0,93161.0,402.64420943805055,116.3194382821035
1790039458.8450997,334.1155582999927,-23.72881355932205,125.42372881355931,95362.0,93176.0,299.5665646437926,140.42182717677778
1790039458.9636433,334.2341015000129,-16.9491525423729,125.42372881355931,95393.0,93195.0,246.9323230820999,173.76719031703328
1790039459.0776873,334.3481451999978,-10.169491525423723,125.42372881355931,95420.0,93210.0,221.55775404652914,120.01045010853662
1790039459.1920652,334.4625239999732,-3.3898305084745743,125.42372881355931,95459.0,93232.0,342.85703691263177,194.59453446392615
1790039459.3044975,334.57495570002357,3.3898305084745743,125.42372881355931,95501.0,93256.0,344.85265461265686,214.36786638084075
1790039459.4176288,334.68808689998696,10.169491525423723,125.42372881355931,95539.0,93275.0,351.6600669025605,157.3216088774613
1790039459.5313587,334.8018164000241,16.94915254237287,125.42372881355931,95574.0,93297.0,295.5519433001127,184.71996456257048
1790039459.6451259,334.9155830999953,23.72881355932202,125.42372881355931,95618.0,93325.0,395.8522053419865,239.35249625329416
1790039459.7592103,335.029667099996,30.50847457627117,125.42372881355931,95663.0,93353.0,395.8004650346369,257.73053537139145
1790039459.871665,335.14212209999096,37.28813559322032,125.42372881355931,95695.0,93389.0,289.7886879620993,327.18077673140243
1790039459.985419,335.2558753999765,44.06779661016947,125.42372881355931,95726.0,93418.0,276.0387337351313,248.43486036161815
1790039460.0998936,335.3703500999836,50.847457627118644,125.42372881355931,95766.0,93458.0,357.73449486941684,357.73449486941684
1790039460.2115657,335.48202250001486,57.627118644067764,125.42372881355931,95790.0,93499.0,216.4591795712376,367.0394784034029
1790039460.3246229,335.5950790999923,64.40677966101691,125.42372881355931,95819.0,93533.0,259.4000078572313,296.45715183683575
1790039460.4373906,335.7078469999833,71.18644067796606,125.42372881355931,95838.0,93566.0,157.91272814444937,297.2474882719047
1790039460.5501342,335.82059000001755,77.96610169491527,125.42372881355931,95860.0,93606.0,195.0284463107071,343.621548261722
1790039460.665896,335.9363514999859,84.74576271186442,125.42372881355931,95880.0,93640.0,172.24467445958757,308.2273121908409
1790039460.782007,336.05246259999694,91.52542372881356,125.42372881355931,95895.0,93685.0,136.26961035492195,390.63954968410957
1790039460.903901,336.1743563999771,98.30508474576271,125.42372881355931,95913.0,93741.0,148.6116610959869,437.09312087054974
1790039461.0200398,336.2904935000115,105.08474576271186,125.42372881355931,95938.0,93774.0,203.1339881289455,286.23425599987775
1790039461.1386933,336.4091469999985,111.86440677966101,125.42372881355931,95953.0,93808.0,136.70502603717173,300.75105728177783
1790039461.253972,336.5244261000189,118.64406779661016,125.42372881355931,95966.0,93844.0,111.84066433547993,316.8818822838598
1790039461.3660045,336.6364583999966,125.42372881355931,125.42372881355931,95983.0,93892.0,158.97834906063457,420.82504163109155
1790039461.4791558,336.7496092999936,132.20338983050846,125.42372881355931,96001.0,93927.0,166.675000468649,305.57083419252314
1790039461.5918918,336.8623448999715,138.9830508474576,125.42372881355931,96011.0,93960.0,92.90563293510255,297.29802539232816
1790039461.703584,336.9740370999789,145.76271186440675,125.42372881355931,96021.0,94023.0,65.67121612240479,572.2777404952418
1790039461.8166907,337.0871433999855,152.5423728813559,125.42372881355931,96027.0,94077.0,55.56574262221016,453.786898081383
1790039461.928856,337.1993082999834,159.32203389830505,125.42372881355931,96051.0,94111.0,205.51029140258842,317.60681398581846
1790039462.0428953,337.3133462999831,166.1016949152542,125.42372881355931,96069.0,94161.0,165.20627379843705,440.55006346249877
1790039462.1579795,337.42843129998073,172.88135593220335,125.42372881355931,96082.0,94202.0,118.9462097608969,356.8386292826907
1790039462.2724836,337.5429353999789,179.66101694915255,125.42372881355931,96090.0,94232.0,73.16847865395303,246.94361545709148
1790039462.385219,337.6556702000089,186.4406779661017,125.42372881355931,96099.0,94266.0,83.57360747691702,306.43656074869574
1790039462.4989872,337.76943849999225,193.22033898305085,125.42372881355931,96108.0,94302.0,73.81422068406671,322.93721549279184
1790039462.6116357,337.88208670000313,200.0,125.42372881355931,96121.0,94349.0,102.55090721256322,428.84924834344616
1790039462.7251146,337.995565499994,-200.0,132.20338983050846,96147.0,94390.0,230.6739092631388,369.078254821022
1790039462.8412092,338.11165969999274,-193.22033898305085,132.20338983050846,96178.0,94425.0,261.30740202609996,315.371002445293
1790039462.9549456,338.2253959000227,-186.4406779661017,132.20338983050846,96201.0,94460.0,193.32405991513508,322.20676652522513
1790039463.071108,338.34155720000854,-179.66101694915255,132.20338983050846,96234.0,94503.0,273.0942119797131,327.71305437565576
1790039463.187867,338.4583166000084,-172.8813559322034,132.20338983050846,96263.0,94540.0,250.17767246391776,315.0385505101187
1790039463.3006792,338.5711277999799,-166.10169491525426,132.20338983050846,96296.0,94580.0,306.7809751680755,353.26294110263234
1790039463.414718,338.6851669999887,-159.32203389830508,132.20338983050846,96332.0,94631.0,314.2317404742252,452.8633906834422
1790039463.5285673,338.79901610000525,-152.54237288135593,132.20338983050846,96369.0,94658.0,340.4866198848794,220.8561858712731
1790039463.6409698,338.911417299998,-145.76271186440678,132.20338983050846,96407.0,94692.0,344.7899902643141,298.19674833670405
1790039463.7543666,339.0248139000032,-138.98305084745763,132.20338983050846,96447.0,94719.0,333.6901964567271,250.26764734254533
1790039463.8694665,339.13991420000093,-132.20338983050848,132.20338983050846,96494.0,94740.0,411.6641845255504,182.9618597891335
1790039463.9836073,339.25405460002366,-125.42372881355932,132.20338983050846,96539.0,94757.0,368.1197271603513,138.04489768513176
1790039464.0979743,339.36842150002485,-118.64406779661017,132.20338983050846,96576.0,94775.0,322.27708095945286,156.53458218030568
1790039464.2117515,339.4821988000185,-111.86440677966102,132.20338983050846,96619.0,94794.0,395.8110304925739,174.89324603160242
1790039464.3245234,339.594970599981,-105.08474576271186,132.20338983050846,96660.0,94812.0,371.69263252092355,167.2616846344156
1790039464.4389741,339.70942099997774,-98.30508474576271,132.20338983050846,96724.0,94831.0,576.2212688121393,173.78101757826425
1790039464.5524275,339.8228739000042,-91.52542372881356,132.20338983050846,96776.0,94847.0,444.2926444683335,120.32925787684033
1790039464.6668153,339.9372614999884,-84.74576271186442,132.20338983050846,96836.0,94860.0,550.4738663850296,119.26933771675643
1790039464.7822723,340.0527183000231,-77.96610169491527,132.20338983050846,96883.0,94874.0,416.8815266600077,117.81434449087173
1790039464.8970404,340.16748659999575,-71.18644067796612,132.20338983050846,96954.0,94888.0,593.3244607936944,118.66489215873887
1790039465.0122073,340.2826527999714,-64.40677966101697,132.20338983050846,97004.0,94908.0,411.31725725482175,164.5269029019287
1790039465.128545,340.3989906000206,-57.62711864406779,132.20338983050846,97041.0,94923.0,308.6402942989515,127.08718000545062
1790039465.2455082,340.5159529999946,-50.847457627118644,132.20338983050846,97092.0,94942.0,395.56250803459756,161.82102601415355
1790039465.3605351,340.63097800000105,-44.067796610169495,132.20338983050846,97146.0,94961.0,466.63214189405045,155.5440472980168
1790039465.4811034,340.7515464000171,-37.288135593220346,132.20338983050846,97200.0,94979.0,459.80224843469944,147.13671949910383
1790039465.6005704,340.8710139999748,-30.508474576271198,132.20338983050846,97241.0,94998.0,370.0743108358358,166.5334398761261
1790039465.7140381,340.98448069998994,-23.72881355932205,132.20338983050846,97304.0,95019.0,555.4984624843582,175.9078464533801
1790039465.827449,341.0978921999922,-16.9491525423729,132.20338983050846,97357.0,95039.0,472.14921388459527,175.8987267413198
1790039465.9408169,341.2112601000117,-10.169491525423723,132.20338983050846,97407.0,95056.0,435.433543560332,148.23269568011304
1790039466.0543487,341.32479039998725,-3.3898305084745743,132.20338983050846,97453.0,95070.0,416.21422627838473,120.23966536931114
1790039466.1703994,341.4408414000063,3.3898305084745743,132.20338983050846,97498.0,95088.0,400.08656425872596,154.57889982723503
1790039466.2848976,341.5553390000132,10.169491525423723,132.20338983050846,97547.0,95109.0,414.24258049868286,174.90242287722165
1790039466.3989186,341.6693605000037,16.94915254237287,132.20338983050846,97585.0,95137.0,349.7159939105606,248.48241672592462
1790039466.512716,341.78315799997654,23.72881355932202,132.20338983050846,97617.0,95158.0,286.11880753241945,175.36314010051512
1790039466.626719,341.89716079999926,30.50847457627117,132.20338983050846,97646.0,95184.0,248.62748418688807,211.7937828258676
1790039466.7404995,342.0109413000173,37.28813559322032,132.20338983050846,97691.0,95213.0,414.09734605116546,266.86273412186216
1790039466.854322,342.1247632000013,44.06779661016947,132.20338983050846,97727.0,95242.0,322.1086151396043,266.8899954013864
1790039466.9666631,342.2371043000021,50.847457627118644,132.20338983050846,97746.0,95270.0,177.18756707334921,251.79285847265416
1790039467.0807934,342.3512342000031,57.627118644067764,132.20338983050846,97776.0,95311.0,275.3948473071421,367.1931297428561
1790039467.1951857,342.46562650002306,64.40677966101691,132.20338983050846,97800.0,95355.0,219.61249375275142,393.4723846403463
1790039467.3093126,342.5797530999989,71.18644067796606,132.20338983050846,97816.0,95404.0,146.807442758426,431.2468631028764
1790039467.422495,342.6929353000014,77.96610169491527,132.20338983050846,97836.0,95444.0,176.88865880772403,363.0872470263809
1790039467.5432677,342.8137078,84.74576271186442,132.20338983050846,97849.0,95503.0,106.13664383720571,486.45961758719284
1790039467.6586208,342.92906019999646,91.52542372881356,132.20338983050846,97874.0,95544.0,230.6011402686642,359.73777881911616
1790039467.7755911,343.0460293000215,98.30508474576271,132.20338983050846,97900.0,95589.0,219.68626967436077,384.45097193013135
1790039467.8937037,343.1641412000172,105.08474576271186,132.20338983050846,97917.0,95632.0,157.7050026335467,361.79382957107777
1790039468.0074143,343.27785299997777,111.86440677966101,132.20338983050846,97931.0,95682.0,101.60536474131013,434.13201298559784
1790039468.1225986,343.39303620002465,118.64406779661016,132.20338983050846,97948.0,95738.0,154.93984687216425,501.2759751746491
1790039468.2366667,343.50710350001464,125.42372881355931,132.20338983050846,97956.0,95786.0,73.63993938045195,432.6346438601552
1790039468.3507397,343.62117769999895,132.20338983050846,132.20338983050846,97976.0,95839.0,185.44566763632713,463.6141690908178
1790039468.464939,343.7353756999946,138.9830508474576,132.20338983050846,97990.0,95883.0,128.39277917440538,394.34925032138796
1790039468.576555,343.8469918000046,145.76271186440675,132.20338983050846,98012.0,95933.0,197.63980431150392,432.92528563472285
1790039468.6907012,343.96113810001407,152.5423728813559,132.20338983050846,98027.0,95977.0,138.02457385086444,377.26716852569615
1790039468.8044982,344.0749340999755,159.32203389830505,132.20338983050846,98048.0,96023.0,193.3005704484825,405.01071903491567
1790039468.919241,344.189676399983,166.1016949152542,132.20338983050846,98067.0,96071.0,165.72052524231052,432.71470479936636
1790039469.0337138,344.3041495999787,172.88135593220335,132.20338983050846,98079.0,96124.0,110.44262639808989,460.1776099920412
1790039469.1477826,344.4182138000033,179.66101694915255,132.20338983050846,98100.0,96161.0,184.1320521491215,322.23109126096267
1790039469.2605026,344.53092589997686,186.4406779661017,132.20338983050846,98116.0,96214.0,139.7625340752886,447.2401090409236
1790039469.3739014,344.6443369999761,193.22033898305085,132.20338983050846,98142.0,96253.0,230.88993288154333,341.7171006646841
1790039469.488387,344.75882220000494,200.0,132.20338983050846,98160.0,96285.0,155.4417884396998,274.3090384229996
1790039469.6021352,344.87257040000986,-200.0,138.9830508474576,98183.0,96320.0,211.63242209249722,266.8408800296704
1790039469.7212667,344.99170150002465,-193.22033898305085,138.9830508474576,98217.0,96352.0,284.71169382313377,284.71169382313377
1790039469.8354704,345.10590409999713,-186.4406779661017,138.9830508474576,98244.0,96387.0,223.70509696955176,316.9155540401983
1790039469.9501343,345.22056849999353,-179.66101694915255,138.9830508474576,98282.0,96419.0,342.93139607934813,287.3208994178322
1790039470.0663064,345.3367389999912,-172.8813559322034,138.9830508474576,98316.0,96455.0,270.5639906650933,315.6579891092755
1790039470.1803982,345.45083129999693,-166.10169491525426,138.9830508474576,98351.0,96481.0,295.90914839615965,240.42618307187973
1790039470.295882,345.56631429999834,-159.32203389830508,138.9830508474576,98381.0,96504.0,264.4166330410184,209.70974344632492
1790039470.4093091,345.6797409999999,-152.54237288135593,138.9830508474576,98417.0,96525.0,315.08205104825953,166.80814467260797
1790039470.5230281,345.79346050001914,-145.76271186440678,138.9830508474576,98461.0,96560.0,390.4089533533427,288.1589893798482
1790039470.6367912,345.90722270001424,-138.98305084745763,138.9830508474576,98505.0,96584.0,387.97176683931,221.6981524796057
1790039470.7508988,346.0213305000216,-132.20338983050848,138.9830508474576,98565.0,96602.0,535.7670707577167,147.7978126228184
1790039470.8663106,346.13674220000394,-125.42372881355932,138.9830508474576,98619.0,96625.0,483.6468065914371,200.75905179267198
1790039470.9790933,346.24952489999123,-118.64406779661017,138.9830508474576,98667.0,96644.0,436.7668473599106,176.56532127315535
1790039471.091958,346.3623897000216,-111.86440677966102,138.9830508474576,98707.0,96672.0,363.15554219577575,204.85697252069403
1790039471.2059174,346.4763488000026,-105.08474576271186,138.9830508474576,98767.0,96686.0,524.4880721093198,101.21699637197399
1790039471.3207185,346.5911499999929,-98.30508474576271,138.9830508474576,98814.0,96708.0,410.22761253629596,173.20721418199165
1790039471.4355047,346.70593569998164,-91.52542372881356,138.9830508474576,98854.0,96723.0,355.7605385669584,136.8309763719071
1790039471.5500984,346.8205291000195,-84.74576271186442,138.9830508474576,98898.0,96743.0,383.4138807039382,164.3202345874021
1790039471.668246,346.93867629999295,-77.96610169491527,138.9830508474576,98959.0,96764.0,471.4170085528228,186.78787131338262
1790039471.7850997,347.05552870000247,-71.18644067796612,138.9830508474576,99010.0,96785.0,411.4372232125278,192.00403749917965
1790039471.9009554,347.17138459999114,-64.40677966101697,138.9830508474576,99063.0,96804.0,456.68398960895234,149.12130272945382
1790039472.0147057,347.2851351000136,-57.62711864406779,138.9830508474576,99106.0,96820.0,377.6859458786696,147.3896374160662
1790039472.128223,347.3986511999974,-50.847457627118644,138.9830508474576,99159.0,96828.0,461.5573500953612,64.61802901335057
1790039472.2418988,347.5123274999787,-44.067796610169495,138.9830508474576,99214.0,96838.0,480.2967492469997,92.36475947057687
1790039472.3539867,347.62441509997007,-37.288135593220346,138.9830508474576,99248.0,96846.0,308.5173217616657,74.79207800282803
1790039472.4660437,347.7364722000202,-30.508474576271198,138.9830508474576,99296.0,96860.0,430.105918298745,112.20154390402044
1790039472.5774436,347.84787190001225,-23.72881355932205,138.9830508474576,99335.0,96879.0,348.1052255489372,169.3484881048884
1790039472.6888711,347.95929879997857,-16.9491525423729,138.9830508474576,99390.0,96904.0,470.23638767774406,225.71346608531715
1790039472.8020031,348.0724307000055,-10.169491525423723,138.9830508474576,99428.0,96922.0,342.52123398900477,157.37462102197517
1790039472.9174597,348.1878859999706,-3.3898305084745743,138.9830508474576,99462.0,96947.0,271.6554684912827,217.32437479302618
1790039473.0314744,348.3019009999698,3.3898305084745743,138.9830508474576,99508.0,96963.0,406.81639344818825,147.93323398115936
1790039473.1455545,348.41598130000057,10.169491525423723,138.9830508474576,99535.0,96980.0,247.84034672454231,156.04762571545257
1790039473.2579803,348.52840730000753,16.94915254237287,138.9830508474576,99568.0,97011.0,289.0510268792582,251.75412018516036
1790039473.3696983,348.6401245999732,23.72881355932202,138.9830508474576,99599.0,97030.0,272.13054750267906,178.29242767416903
1790039473.4824986,348.7529246999766,30.50847457627117,138.9830508474576,99635.0,97061.0,325.27064838585903,288.0968599989037
1790039473.5979211,348.86834699998144,37.28813559322032,138.9830508474576,99662.0,97104.0,244.84510378732338,371.8018242696392
1790039473.7136438,348.98406960000284,44.06779661016947,138.9830508474576,99689.0,97132.0,246.68347767929518,237.54705258006203
1790039473.8291006,349.0995259999763,50.847457627118644,138.9830508474576,99717.0,97169.0,236.72949096619357,327.7792951839603
1790039473.9437847,349.2142099000048,57.627118644067764,138.9830508474576,99746.0,97199.0,266.649257817468,275.8440598111738
1790039474.0577593,349.32818329997826,64.40677966101691,138.9830508474576,99766.0,97251.0,156.87258805914752,461.38996487984565
1790039474.1739268,349.44435090001207,71.18644067796606,138.9830508474576,99786.0,97292.0,165.83213179797687,368.51584843994857
1790039474.286895,349.55731890001334,77.96610169491527,138.9830508474576,99799.0,97346.0,120.87985660814152,492.8178769408847
1790039474.4020712,349.67249500000617,84.74576271186442,138.9830508474576,99818.0,97388.0,164.12291346469905,346.48170620325357
1790039474.5155337,349.785956799984,91.52542372881356,138.9830508474576,99837.0,97428.0,166.01138285652073,332.02276571304145
1790039474.6282544,349.89867710002,98.30508474576271,138.9830508474576,99852.0,97474.0,139.7629248264747,419.28877447942403
1790039474.741638,350.01206089998595,105.08474576271186,138.9830508474576,99867.0,97515.0,129.70312806033118,361.315856739494
1790039474.8540788,350.1245008999831,111.86440677966101,138.9830508474576,99882.0,97569.0,130.4153823076092,484.3999914282628
1790039474.966423,350.236845300009,118.64406779661016,138.9830508474576,99897.0,97616.0,130.92163220235778,420.8195320790072
1790039475.0819879,350.3524089999846,125.42372881355931,138.9830508474576,99915.0,97662.0,163.5112032620871,408.7780081552177
1790039475.1957145,350.466136300005,132.20338983050846,138.9830508474576,99923.0,97708.0,65.06628396968908,408.98807066661715
1790039475.3084433,350.5788651999901,138.9830508474576,138.9830508474576,99933.0,97753.0,83.85822371027923,391.3383773146364
1790039475.4208908,350.6913119999808,145.76271186440675,138.9830508474576,99947.0,97799.0,121.04857865878783,400.39145248675976
1790039475.535292,350.80571320001036,152.5423728813559,138.9830508474576,99959.0,97853.0,109.74639438454129,457.27664326892204
1790039475.6490524,350.9194729999872,159.32203389830505,138.9830508474576,99971.0,97901.0,110.42402826640115,423.2921083545378
1790039475.7624452,351.03286610002397,166.1016949152542,138.9830508474576,99985.0,97941.0,129.6836644729626,370.52475563703604
1790039475.876235,351.1466558999964,172.88135593220335,138.9830508474576,99994.0,97978.0,82.79006188818427,321.9613517873833
1790039475.9903216,351.2607423000154,179.66101694915255,138.9830508474576,100007.0,98022.0,91.7383219561658,385.3009522158964
1790039476.1063943,351.37681430001976,186.4406779661017,138.9830508474576,100034.0,98065.0,227.31385039589728,390.97982268094336
1790039476.2213411,351.4917604000075,193.22033898305085,138.9830508474576,100057.0,98098.0,202.15980180717435,284.8615389101093
1790039476.3392365,351.6096554999822,200.0,138.9830508474576,100081.0,98147.0,173.06459128352864,382.56383336358965
1790039476.4548893,351.7253076999914,-200.0,145.76271186440675,100114.0,98193.0,287.95181741861455,408.70580536835615
1790039476.5692923,351.83971089997794,-193.22033898305085,145.76271186440675,100145.0,98232.0,272.0817821393038,337.7566950694806
1790039476.68411,351.95452720002504,-186.4406779661017,145.76271186440675,100175.0,98266.0,266.79767363080833,312.79727253267185
1790039476.7974427,352.06785990000935,-179.66101694915255,145.76271186440675,100204.0,98302.0,250.95222433843713,297.42485847518475
1790039476.9112587,352.18167540000286,-172.8813559322034,145.76271186440675,100246.0,98336.0,378.49274964449324,313.87203629055534
1790039477.0263479,352.29676389996894,-166.10169491525426,145.76271186440675,100285.0,98367.0,351.4788936698179,277.483337107751
1790039477.1427898,352.41320700000506,-159.32203389830508,145.76271186440675,100330.0,98398.0,360.27434890864924,270.20576168148693
1790039477.2559457,352.5263625999796,-152.54237288135593,145.76271186440675,100372.0,98425.0,371.3730776837083,232.10817355231768
1790039477.3699923,352.64040909998585,-145.76271186440678,145.76271186440675,100419.0,98448.0,414.12135412967297,193.2566319271807
1790039477.4836934,352.75411019998137,-138.98305084745763,145.76271186440675,100461.0,98471.0,387.7847795820543,203.12536073345703
1790039477.597078,352.86749470001087,-132.20338983050848,145.76271186440675,100515.0,98495.0,471.4216783417478,221.84549569023426
1790039477.7108982,352.98131469998043,-125.42372881355932,145.76271186440675,100568.0,98519.0,469.31421238964674,220.85374700689258
1790039477.8250048,353.09542049997253,-118.64406779661017,145.76271186440675,100614.0,98536.0,412.8542632322305,146.79262692701528
1790039477.9363854,353.20680089999223,-111.86440677966102,145.76271186440675,100668.0,98553.0,479.7173619783432,159.90578732611442
1790039478.0491402,353.31955610000296,-105.08474576271186,145.76271186440675,100711.0,98580.0,399.3550880926978,241.47051838163125
1790039478.1611936,353.43160890002036,-98.30508474576271,145.76271186440675,100784.0,98601.0,626.3655001950922,196.32351498652145
1790039478.2752805,353.54569579998497,-91.52542372881356,145.76271186440675,100822.0,98618.0,330.36979394692196,156.00795825271314
1790039478.3898735,353.6602885000175,-84.74576271186442,145.76271186440675,100876.0,98636.0,470.49967068746025,166.05870730145656
1790039478.5031545,353.7735684000072,-77.96610169491527,145.76271186440675,100931.0,98654.0,501.8834570553838,158.00034759150972
1790039478.621446,353.8918589000241,-71.18644067796612,145.76271186440675,100998.0,98671.0,570.6911438317097,156.4798297603075
1790039478.7357438,354.0061571999686,-64.40677966101697,145.76271186440675,101043.0,98687.0,401.12651245412036,130.59932963622524
1790039478.8485935,354.11900619999506,-57.62711864406779,145.76271186440675,101093.0,98703.0,446.9947979722424,148.99826599074746
1790039478.9646323,354.23504549998324,-50.847457627118644,145.76271186440675,101144.0,98722.0,444.34449219174496,154.16033402570744
1790039479.0777209,354.34813369996846,-44.067796610169495,145.76271186440675,101187.0,98745.0,379.7424975531955,194.50225484431965
1790039479.190809,354.4612219000119,-37.288135593220346,145.76271186440675,101222.0,98759.0,314.9054959243553,129.66696891002866
1790039479.3047426,354.5751540000201,-30.508474576271198,145.76271186440675,101273.0,98774.0,441.0244631496536,137.82014473426676
1790039479.4201875,354.69059840001864,-23.72881355932205,145.76271186440675,101336.0,98795.0,550.1634445083512,174.21842409431122
1790039479.534512,354.8049233999918,-16.9491525423729,145.76271186440675,101363.0,98816.0,230.75673434244965,166.14484872656377
1790039479.6489174,354.9193285999936,-10.169491525423723,145.76271186440675,101409.0,98839.0,414.26050375512165,202.5273573913928
1790039479.762373,355.0327841999824,-3.3898305084745743,145.76271186440675,101450.0,98852.0,370.2150856986569,120.31990285206349
1790039479.875772,355.14618310000515,3.3898305084745743,145.76271186440675,101481.0,98883.0,286.15974537922574,286.15974537922574
1790039479.9894838,355.25989490002394,10.169491525423723,145.76271186440675,101526.0,98906.0,396.1424932363104,211.89017080081717
1790039480.1019115,355.3723224999849,16.94915254237287,145.76271186440675,101566.0,98947.0,363.63805892844067,372.9621117214776
1790039480.2173789,355.48778949998086,23.72881355932202,145.76271186440675,101586.0,98978.0,172.11329773693333,271.757838532
1790039480.3325841,355.6029935000115,30.50847457627117,145.76271186440675,101610.0,99014.0,211.46391870724338,303.404752927784
1790039480.454733,355.72514250001404,37.28813559322032,145.76271186440675,101630.0,99051.0,158.19794962406178,316.39589924812356
1790039480.5722442,355.8426526999683,44.06779661016947,145.76271186440675,101662.0,99092.0,247.8619610843413,348.8427600446285
1790039480.6876423,355.9580509000225,50.847457627118644,145.76271186440675,101692.0,99130.0,277.8575331699296,333.4290398039155
1790039480.802093,356.0725011000177,57.627118644067764,145.76271186440675,101719.0,99172.0,247.95392101627974,348.97218513402333
1790039480.9157856,356.186194000009,64.40677966101691,145.76271186440675,101733.0,99217.0,129.86049272701814,389.5814781810545
1790039481.0299454,356.3003525999957,71.18644067796606,145.76271186440675,101756.0,99256.0,201.90728958971545,348.74895474587214
1790039481.143705,356.4141128999763,77.96610169491527,145.76271186440675,101774.0,99292.0,167.29961682263973,325.30481048846616
1790039481.2577734,356.5281806999701,84.74576271186442,145.76271186440675,101799.0,99328.0,220.27098835054898,293.6946511340653
1790039481.371648,356.64205460000085,91.52542372881356,145.76271186440675,101816.0,99367.0,156.847693462671,341.3743916540487
1790039481.4863336,356.75674019998405,98.30508474576271,145.76271186440675,101833.0,99413.0,147.3349411173954,405.1710880728374
1790039481.6022074,356.8726134999888,105.08474576271186,145.76271186440675,101848.0,99464.0,136.82024277499715,428.7034273616578
1790039481.7172132,356.98762009997154,111.86440677966101,145.76271186440675,101862.0,99515.0,129.02417172752348,423.93656424757717
1790039481.8306944,357.1011003999738,118.64406779661016,145.76271186440675,101879.0,99552.0,148.25096290995643,324.2989813655297
1790039481.9453652,357.2157720999676,125.42372881355931,145.76271186440675,101893.0,99594.0,110.13104677658235,357.9259020238926
1790039482.0602198,357.3306261000107,132.20338983050846,145.76271186440675,101910.0,99639.0,154.90511603165743,391.8188229036041
1790039482.1776319,357.4480378999724,138.9830508474576,145.76271186440675,101928.0,99692.0,135.94061385108353,425.9472567333951
1790039482.2933743,357.5637796000228,145.76271186440675,145.76271186440675,101936.0,99746.0,64.20056990734267,458.5754993381619
1790039482.4075484,357.67795370001113,152.5423728813559,145.76271186440675,101947.0,99796.0,92.78942645135504,436.1103043213687
1790039482.5212767,357.7916817999794,159.32203389830505,145.76271186440675,101971.0,99844.0,213.73657060693947,436.7660355880937
1790039482.6351395,357.9055441999808,166.1016949152542,145.76271186440675,101989.0,99893.0,156.45534763537808,432.5530199331041
1790039482.7495017,358.0199055999983,172.88135593220335,145.76271186440675,101999.0,99945.0,92.16717280125677,451.6191467261582
1790039482.8650203,358.13542389997747,179.66101694915255,145.76271186440675,102027.0,99982.0,255.31301825198176,328.25959489540514
1790039482.9797573,358.25016029999824,186.4406779661017,145.76271186440675,102044.0,100032.0,146.3542247655625,439.0626742966875
1790039483.0914903,358.3618941999739,193.22033898305085,145.76271186440675,102068.0,100062.0,216.3502466003954,263.38290890482915
1790039483.2041917,358.4745953999809,200.0,145.76271186440675,102098.0,100105.0,278.8034129021649,371.7378838695532
1790039483.316625,358.58702869998524,-200.0,152.5423728813559,102138.0,100137.0,335.53825475283645,279.61521229403036
1790039483.429691,358.700094299973,-193.22033898305085,152.5423728813559,102165.0,100169.0,222.2660579871796,296.35474398290614
1790039483.5437894,358.8141923000221,-186.4406779661017,152.5423728813559,102201.0,100205.0,330.60401357451127,321.4205687529971
1790039483.6559217,358.9263243000023,-179.66101694915255,152.5423728813559,102238.0,100232.0,327.11808969123297,233.65577835088067
1790039483.768252,359.0386538999737,-172.8813559322034,152.5423728813559,102273.0,100262.0,316.9643023068131,279.6743843883645
1790039483.8809786,359.1513810000033,-166.10169491525426,152.5423728813559,102300.0,100288.0,250.9354314626513,223.05371685569006
1790039483.9932332,359.2636348999804,-159.32203389830508,152.5423728813559,102334.0,100318.0,317.3995640293717,280.0584388494456
1790039484.1078928,359.3782943999977,-152.54237288135593,152.5423728813559,102377.0,100341.0,384.2733391520544,201.28603479393325
1790039484.2215872,359.4919882999966,-145.76271186440678,152.5423728813559,102424.0,100371.0,405.4036622784883,267.19786831991274
1790039484.3344026,359.60480339999776,-138.98305084745763,152.5423728813559,102468.0,100390.0,399.34618676362095,176.455291825786
1790039484.4469938,359.7173945999821,-132.20338983050848,152.5423728813559,102520.0,100417.0,455.70755107326244,241.80400669193517
1790039484.5627484,359.83314910001354,-125.42372881355932,152.5423728813559,102562.0,100435.0,352.8208022959694,153.79368305208922
1790039484.6797535,359.9501536000171,-118.64406779661017,152.5423728813559,102614.0,100454.0,452.8399534036394,157.10773893595652
1790039484.8011222,360.07152270001825,-111.86440677966102,152.5423728813559,102671.0,100471.0,476.5951323205715,152.8701367820701
1790039484.9189663,360.18936499999836,-105.08474576271186,152.5423728813559,102731.0,100487.0,517.2732310713087,138.55532975124342
1790039485.0375946,360.3079925000202,-98.30508474576271,152.5423728813559,102808.0,100501.0,626.633971229195,110.58246551103441
1790039485.15477,360.42516769998474,-91.52542372881356,152.5423728813559,102862.0,100525.0,453.3859137547842,212.81379625224565
1790039485.2674954,360.5378931000014,-84.74576271186442,152.5423728813559,102918.0,100536.0,503.22905296168267,93.19056536327456
1790039485.3825295,360.6529266000143,-77.96610169491527,152.5423728813559,102971.0,100557.0,474.6569689943281,191.6883913246325
1790039485.4983668,360.7687646999839,-71.18644067796612,152.5423728813559,103023.0,100570.0,428.9832002001519,109.52762558301751
1790039485.6134987,360.8838960999856,-64.40677966101697,152.5423728813559,103074.0,100580.0,463.8543751934869,90.95183827323272
1790039485.728214,360.9986112000188,-57.62711864406779,152.5423728813559,103129.0,100601.0,477.1478303778847,174.3424764842271
1790039485.842011,361.11240839998936,-50.847457627118644,152.5423728813559,103174.0,100619.0,395.7399971720719,156.45534771919122
1790039485.955774,361.2261714999913,-44.067796610169495,152.5423728813559,103214.0,100641.0,358.87842210832696,193.2422272890991
1790039486.06883,361.33922730002087,-37.288135593220346,152.5423728813559,103263.0,100658.0,417.0713802823535,157.56029921777798
1790039486.1836276,361.4540245999815,-30.508474576271198,152.5423728813559,103302.0,100669.0,355.6236409290871,82.06699406055857
1790039486.298039,361.56843609997304,-23.72881355932205,152.5423728813559,103348.0,100689.0,411.5109676521583,182.89376340095924
1790039486.4119368,361.68233310000505,-16.9491525423729,152.5423728813559,103379.0,100714.0,266.5794002294189,220.61743467262258
1790039486.5306983,361.80109419999644,-10.169491525423723,152.5423728813559,103420.0,100738.0,312.37114699347535,196.34757811018451
1790039486.6471465,361.91754120000405,-3.3898305084745743,152.5423728813559,103448.0,100765.0,240.882817021466,231.61809328987115
1790039486.7601976,362.0305919999955,3.3898305084745743,152.5423728813559,103487.0,100798.0,335.5610860387683,288.9553796444949
1790039486.878018,362.1484120999812,10.169491525423723,152.5423728813559,103515.0,100822.0,249.43187426602242,204.89046814708985
1790039486.9938276,362.2642217000248,16.94915254237287,152.5423728813559,103544.0,100849.0,253.78640251409107,244.7226024243021
1790039487.107287,362.37768079998204,23.72881355932202,152.5423728813559,103574.0,100877.0,240.9203155279968,240.9203155279968
1790039487.220623,362.4910174999968,30.50847457627117,152.5423728813559,103604.0,100916.0,268.7477005738315,333.6178351951011
1790039487.3334348,362.6038274000166,37.28813559322032,152.5423728813559,103629.0,100953.0,204.2421086082564,315.6468951218508
1790039487.4472115,362.7176056000171,44.06779661016947,152.5423728813559,103656.0,100978.0,240.6694312388891,222.15639806666687
1790039487.561605,362.8319981999812,50.847457627118644,152.5423728813559,103672.0,101009.0,128.53116422577284,284.60472078563987
1790039487.6757042,362.9460976999835,57.627118644067764,152.5423728813559,103698.0,101043.0,238.71366386563253,293.80143245000926
1790039487.792473,363.0628662999952,64.40677966101691,152.5423728813559,103719.0,101077.0,187.9880977314741,286.4580536860558
1790039487.9083278,363.1787211999763,71.18644067796606,152.5423728813559,103731.0,101117.0,108.48261750014446,361.6087250004815
1790039488.0210166,363.2914090999984,77.96610169491527,152.5423728813559,103748.0,101172.0,149.20487787505667,494.2411579611252
1790039488.1368284,363.4072193999891,84.74576271186442,152.5423728813559,103763.0,101217.0,138.89750565976206,351.87368100473054
1790039488.2516124,363.5220034000231,91.52542372881356,152.5423728813559,103777.0,101267.0,111.43468441070326,427.1662902410292
1790039488.3660178,363.63640820002183,98.30508474576271,152.5423728813559,103794.0,101313.0,156.6151955774844,414.56963535216454
1790039488.48286,363.7532506000134,105.08474576271186,152.5423728813559,103802.0,101372.0,63.27243212667672,506.17945701341375
1790039488.5986733,363.8690632000216,111.86440677966101,152.5423728813559,103814.0,101410.0,99.69999365229395,326.2908883165984
1790039488.714772,363.98516300000483,118.64406779661016,152.5423728813559,103822.0,101455.0,73.00449068415156,392.39913742731466
1790039488.8289056,364.09929589997046,125.42372881355931,152.5423728813559,103846.0,101497.0,220.06356160815182,366.77260268025304
1790039488.9426,364.21299029997317,132.20338983050846,152.5423728813559,103861.0,101547.0,128.99861140561705,442.2809533906871
1790039489.0546596,364.32504959998187,138.9830508474576,152.5423728813559,103881.0,101589.0,187.11209327894665,383.5797912218406
1790039489.167111,364.43750060000457,145.76271186440675,152.5423728813559,103897.0,101653.0,139.793013163932,559.172052655728
1790039489.280464,364.5508533999673,152.5423728813559,152.5423728813559,103917.0,101703.0,184.6689669647625,443.20552071543
1790039489.3940647,364.6644537000102,159.32203389830505,152.5423728813559,103940.0,101742.0,184.45624144977612,322.7984225371082
1790039489.5081275,364.7785166000249,166.1016949152542,152.5423728813559,103963.0,101778.0,211.54658017588957,321.9187089633102
1790039489.6266408,364.897029499989,172.88135593220335,152.5423728813559,103986.0,101818.0,203.2227596115536,318.0877976528665
1790039489.74244,365.0128289000131,179.66101694915255,152.5423728813559,103999.0,101853.0,117.30713353362037,279.73239534940245
1790039489.8561513,365.1265397000243,186.4406779661017,152.5423728813559,104018.0,101888.0,147.6555527970737,322.99652174359875
1790039489.9757478,365.2461355999694,193.22033898305085,152.5423728813559,104048.0,101934.0,246.6864720420437,361.21947691870685
1790039490.0926073,365.3629948999733,200.0,152.5423728813559,104075.0,101980.0,201.8939488042052,385.43390226257355
1790039490.2096,365.479986499995,-200.0,159.32203389830505,104113.0,102006.0,311.77186368615446,229.24401741629006
1790039490.329427,365.5998127000057,-193.22033898305085,159.32203389830505,104149.0,102040.0,301.11494660810365,291.99025125634296
1790039490.444182,365.7145679999958,-186.4406779661017,159.32203389830505,104186.0,102077.0,324.3617948953848,324.3617948953848
1790039490.5573237,365.82770929997787,-179.66101694915255,159.32203389830505,104229.0,102106.0,371.45412218418556,250.73153247432526
1790039490.6726801,365.9430660000071,-172.8813559322034,159.32203389830505,104276.0,102129.0,420.99251738541386,210.49625869270693
1790039490.787874,366.0582585000084,-166.10169491525426,159.32203389830505,104312.0,102153.0,328.07561768988415,209.603866857426
1790039490.9022305,366.17261609999696,-159.32203389830508,159.32203389830505,104359.0,102180.0,415.507094190286,240.07076553216527
1790039491.0170438,366.2874287000159,-152.54237288135593,159.32203389830505,104402.0,102208.0,367.00816785353607,256.9057174974753
1790039491.1307957,366.4011810999946,-145.76271186440678,159.32203389830505,104452.0,102226.0,424.5986621220237,147.68649117287782
1790039491.246359,366.51674370002,-138.98305084745763,159.32203389830505,104517.0,102251.0,581.3731671540875,208.93098194600017
1790039491.3615263,366.6319108000025,-132.20338983050848,159.32203389830505,104565.0,102270.0,413.04184203100397,156.03802921171263
1790039491.4757233,366.7461076999898,-125.42372881355932,159.32203389830505,104617.0,102285.0,449.98218438535275,128.56633839581508
1790039491.5884762,366.85886029998073,-118.64406779661017,159.32203389830505,104682.0,102300.0,594.8856562548439,139.42632568472902
1790039491.701599,366.9719827999943,-111.86440677966102,159.32203389830505,104742.0,102322.0,527.846202485623,175.94873416187434
1790039491.8153517,367.08573609997984,-105.08474576271186,159.32203389830505,104782.0,102338.0,368.1563193520149,138.0586197570056
1790039491.9296784,367.2000620000181,-98.30508474576271,159.32203389830505,104833.0,102350.0,443.54298443511834,110.88574610877959
1790039492.0442855,367.31466899998486,-91.52542372881356,159.32203389830505,104892.0,102366.0,521.1785950984273,137.15226186800717
1790039492.1607091,367.43109249998815,-84.74576271186442,159.32203389830505,104948.0,102379.0,483.0574437729711,100.25720531137137
1790039492.2765703,367.5469537000172,-77.96610169491527,159.32203389830505,104997.0,102402.0,426.3653442126289,199.57526750378375
1790039492.39786,367.6682405999745,-71.18644067796612,159.32203389830505,105047.0,102421.0,395.45177727939665,166.96852818463415
1790039492.512789,367.7831710000173,-64.40677966101697,159.32203389830505,105101.0,102440.0,490.77164111433166,166.67716113316925
1790039492.6255867,367.895967199991,-57.62711864406779,159.32203389830505,105168.0,102459.0,595.0919789716712,167.36961908578252
1790039492.7392926,368.00967439997476,-50.847457627118644,159.32203389830505,105220.0,102473.0,444.92768539916574,129.77057490809
1790039492.852032,368.1224129999755,-44.067796610169495,159.32203389830505,105265.0,102489.0,372.78692699808505,139.79509762428188
1790039492.9675758,368.23795560002327,-37.288135593220346,159.32203389830505,105310.0,102506.0,399.6860647504678,136.25661298311402
1790039493.0815616,368.3519422999816,-30.508474576271198,159.32203389830505,105352.0,102524.0,378.9674890452205,157.1328613114329
1790039493.194334,368.46471450000536,-23.72881355932205,159.32203389830505,105393.0,102550.0,371.80353536044,232.37720960027497
1790039493.3074417,368.5778213000158,-16.9491525423729,159.32203389830505,105437.0,102574.0,379.521747029481,212.90244345556252
1790039493.420493,368.6908725000103,-10.169491525423723,159.32203389830505,105474.0,102608.0,316.92707508576,298.2843059630683
1790039493.5355833,368.80596309999237,-3.3898305084745743,159.32203389830505,105515.0,102640.0,345.48972271886277,281.8468790601249
1790039493.6485875,368.9189663999714,3.3898305084745743,159.32203389830505,105552.0,102676.0,324.50855493554735,296.6935359410719
1790039493.7630901,369.03346950002015,10.169491525423723,159.32203389830505,105579.0,102704.0,221.98420579071131,249.73223151455022
1790039493.8752377,369.1456165999989,16.94915254237287,159.32203389830505,105604.0,102744.0,205.68436797914987,355.2729992367134
1790039493.9879203,369.25829979998525,23.72881355932202,159.32203389830505,105626.0,102777.0,204.58607596094393,278.98101267401444
1790039494.1013875,369.37176629999885,30.50847457627117,159.32203389830505,105644.0,102809.0,166.2433618010539,295.54375431298473
1790039494.2166636,369.48704229999566,37.28813559322032,159.32203389830505,105669.0,102845.0,209.43476287758594,327.8109331996997
1790039494.3314648,369.6018429999822,44.06779661016947,159.32203389830505,105692.0,102891.0,194.1329330091431,388.2658660182862
1790039494.446825,369.7172030999791,50.847457627118644,159.32203389830505,105719.0,102938.0,237.73015262471847,429.7429682062218
1790039494.565437,369.83581469999626,57.627118644067764,159.32203389830505,105736.0,102982.0,155.08401906540112,392.27134234189697
1790039494.679623,369.95000000001164,64.40677966101691,159.32203389830505,105754.0,103028.0,168.321988725745,392.75130702673835
1790039494.7920556,370.0624325000099,71.18644067796606,159.32203389830505,105769.0,103070.0,121.9739894903955,337.77412474263366
1790039494.9045713,370.1749476999976,77.96610169491527,159.32203389830505,105784.0,103118.0,130.36012917122156,437.63757650338664
1790039495.0168407,370.28721689997474,84.74576271186442,159.32203389830505,105799.0,103157.0,130.9662125921912,308.7060725387364
1790039495.129396,370.39977060002275,91.52542372881356,159.32203389830505,105808.0,103192.0,83.75622472543435,307.1061573265926
1790039495.2434342,370.5138094999711,98.30508474576271,159.32203389830505,105816.0,103233.0,64.61188561588591,350.7502362005235
1790039495.3564742,370.6268495999975,105.08474576271186,159.32203389830505,105840.0,103275.0,222.97372632155538,371.6228772025923
1790039495.4699554,370.7403306000051,111.86440677966101,159.32203389830505,105854.0,103330.0,129.17512457296064,507.4737036794882
1790039495.5829415,370.8533161000232,118.64406779661016,159.32203389830505,105865.0,103379.0,92.65865477889287,416.9639465050179
1790039495.696398,370.9667723000166,125.42372881355931,159.32203389830505,105885.0,103425.0,175.47051496981825,387.882190985914
1790039495.8098302,371.08020399999805,132.20338983050846,159.32203389830505,105903.0,103472.0,166.66296309539044,416.6574077384761
1790039495.9221914,371.1925658999826,138.9830508474576,159.32203389830505,105923.0,103512.0,187.11979606048064,336.81563290886515
1790039496.0353522,371.3057262999937,145.76271186440675,159.32203389830505,105939.0,103566.0,148.18395929450955,463.0748727953423
1790039496.1496825,371.4200555999996,152.5423728813559,159.32203389830505,105951.0,103611.0,109.79218170758918,411.7206814034594
1790039496.2639093,371.5342830999871,159.32203389830505,159.32203389830505,105969.0,103673.0,137.51362535076166,531.7193513562785
1790039496.3762467,371.64662030001637,166.1016949152542,159.32203389830505,105992.0,103727.0,195.79963167376388,466.18959922324734
1790039496.4908996,371.7612728999811,172.88135593220335,159.32203389830505,106016.0,103775.0,202.70127084517634,442.2573182076575
1790039496.610872,371.8812442999915,179.66101694915255,159.32203389830505,106047.0,103819.0,257.23541122674754,354.8074637610311
1790039496.7290618,371.9994330999907,186.4406779661017,159.32203389830505,106072.0,103869.0,211.65988280185098,432.52236920378243
1790039496.8501346,372.1205056000035,193.22033898305085,159.32203389830505,106102.0,103906.0,239.54324633990183,331.675264162941
1790039496.9651072,372.2354782000184,200.0,159.32203389830505,106131.0,103939.0,258.0366909651262,304.114671494613
1790039497.0784721,372.3488435000181,-200.0,166.1016949152542,106163.0,103968.0,277.77031905436536,259.25229778407436
1790039497.1925085,372.4628797000041,-193.22033898305085,166.1016949152542,106205.0,104012.0,359.0426267374044,377.4550691341944
1790039497.3100982,372.58046809997177,-186.4406779661017,166.1016949152542,106243.0,104041.0,329.05882945927715,257.9109744410551
1790039497.4251828,372.6955527999671,-179.66101694915255,166.1016949152542,106281.0,104078.0,330.71669064418364,293.9703916837188
1790039497.538651,372.8090203999891,-172.8813559322034,166.1016949152542,106326.0,104102.0,399.44338022594826,222.94514245169205
1790039497.6516418,372.92201229999773,-166.10169491525426,166.1016949152542,106371.0,104131.0,410.16462513083763,261.0138523559876
1790039497.764768,373.03513669996755,-159.32203389830508,166.1016949152542,106412.0,104150.0,379.58885904693045,175.90703224126045
1790039497.8832815,373.15365120000206,-152.54237288135593,166.1016949152542,106455.0,104169.0,373.5603122887437,127.5571798059125
1790039497.996306,373.2666754000238,-145.76271186440678,166.1016949152542,106495.0,104187.0,342.6385949538553,148.16804106112662
1790039498.110375,373.3807440000237,-138.98305084745763,166.1016949152542,106540.0,104207.0,413.5554278229616,174.61229174747268
1790039498.223511,373.4938799000229,-132.20338983050848,166.1016949152542,106582.0,104225.0,370.2620343895487,157.36136461555822
1790039498.3362179,373.6065825999831,-125.42372881355932,166.1016949152542,106635.0,104240.0,483.4101987166431,139.44524962980088
1790039498.4495797,373.71994879998965,-118.64406779661017,166.1016949152542,106693.0,104265.0,489.42202050881366,221.62506589078353
1790039498.5702384,373.840606999991,-111.86440677966102,166.1016949152542,106744.0,104281.0,432.81761668544186,138.50163733934139
1790039498.686249,373.9566169999889,-105.08474576271186,166.1016949152542,106814.0,104296.0,598.8328204547597,136.09836828517265
1790039498.8009968,374.07136459997855,-98.30508474576271,166.1016949152542,106873.0,104309.0,530.0097073646723,102.28257510546308
1790039498.914514,374.1848806000198,-91.52542372881356,166.1016949152542,106920.0,104325.0,401.9856219464843,140.22754253947124
1790039499.0301275,374.3004933000193,-84.74576271186442,166.1016949152542,106975.0,104342.0,464.45549438751766,154.81849812917255
1790039499.1454227,374.4157886999892,-77.96610169491527,166.1016949152542,107017.0,104365.0,358.57815488105473,193.08054493595256
1790039499.2601252,374.53049179998925,-71.18644067796612,166.1016949152542,107074.0,104380.0,497.3905420429658,138.16403945637938
1790039499.3730817,374.6434470000095,-64.40677966101697,166.1016949152542,107137.0,104395.0,556.5712980712963,139.14282451782407
1790039499.4869852,374.75735129998066,-57.62711864406779,166.1016949152542,107188.0,104416.0,444.95449414918045,176.12782060071726
1790039499.5986774,374.8690435999888,-50.847457627118644,166.1016949152542,107232.0,104433.0,394.2344156326411,140.7980055830861
1790039499.711804,374.9821697999723,-44.067796610169495,166.1016949152542,107280.0,104450.0,444.50988616617997,157.4305846838554
1790039499.8255541,375.0959193999879,-37.288135593220346,166.1016949152542,107319.0,104473.0,340.7421733175271,193.39420647751538
1790039499.9389765,375.20934130001115,-30.508474576271198,166.1016949152542,107348.0,104507.0,258.5993519987621,295.54211657001383
1790039500.0510967,375.32146190002095,-23.72881355932205,166.1016949152542,107393.0,104528.0,411.5118571052934,196.4033863457082
1790039500.163167,375.4335313999909,-16.9491525423729,166.1016949152542,107429.0,104558.0,308.4824253687379,252.39471166533102
1790039500.2758589,375.5462234999868,-10.169491525423723,166.1016949152542,107472.0,104592.0,380.9693720354324,297.34194890570336
1790039500.3917377,375.6621009000228,-3.3898305084745743,166.1016949152542,107504.0,104623.0,270.9168095862716,279.947369905814
1790039500.506414,375.77677779999794,3.3898305084745743,166.1016949152542,107540.0,104663.0,322.6273295741796,341.0631769784185
1790039500.6188905,375.88925409998046,10.169491525423723,166.1016949152542,107569.0,104694.0,242.15262510656277,288.7204376270556
1790039500.7340786,376.0044423000072,16.94915254237287,166.1016949152542,107587.0,104740.0,145.32415008332018,408.724172109338
1790039500.8503947,376.12075780000305,23.72881355932202,166.1016949152542,107618.0,104770.0,282.29423262247224,245.86917034860488
1790039500.965685,376.2360478999908,30.50847457627117,166.1016949152542,107638.0,104807.0,181.55987171078345,335.8857626649494
1790039501.0848048,376.35516719997395,37.28813559322032,166.1016949152542,107657.0,104847.0,161.6764046588702,314.3707868366921
1790039501.1976078,376.46796829998493,44.06779661016947,166.1016949152542,107675.0,104883.0,139.6359411331224,316.5081332350774
1790039501.314391,376.58475209999597,50.847457627118644,166.1016949152542,107690.0,104935.0,137.12192064396052,447.93160743693767
1790039501.427346,376.6977075000177,57.627118644067764,166.1016949152542,107705.0,104982.0,130.1792754258152,427.73190497053565
1790039501.5408216,376.81118289998267,64.40677966101691,166.1016949152542,107722.0,105033.0,147.71539678333798,443.1461903500139
1790039501.652925,376.9232863999787,71.18644067796606,166.1016949152542,107742.0,105071.0,186.87013079000815,317.67922234301386
1790039501.7663212,377.036681699974,77.96610169491527,166.1016949152542,107757.0,105116.0,138.91654354755087,388.9663219331424
1790039501.8797202,377.1500801999937,84.74576271186442,166.1016949152542,107776.0,105163.0,166.36828203007238,425.16338741018495
1790039501.9941745,377.26453430001857,91.52542372881356,166.1016949152542,107787.0,105212.0,92.30184180922018,452.2790248651789
1790039502.1075284,377.37788859999273,98.30508474576271,166.1016949152542,107804.0,105250.0,148.35323278827624,333.79477377362156
1790039502.2199676,377.49032729998,105.08474576271186,166.1016949152542,107817.0,105295.0,121.24366149716687,391.71029099084683
1790039502.3340313,377.60439100000076,111.86440677966101,166.1016949152542,107828.0,105349.0,91.82896673187165,468.3277303325454
1790039502.4502003,377.7205594999832,118.64406779661016,166.1016949152542,107839.0,105398.0,90.38902534733761,406.75061406301927
1790039502.563331,377.83369030000176,125.42372881355931,166.1016949152542,107846.0,105452.0,64.79711560313396,481.3500016232809
1790039502.6770175,377.9473762999987,132.20338983050846,166.1016949152542,107857.0,105496.0,101.2585517499328,395.8288841133737
1790039502.791531,378.06188980001025,138.9830508474576,166.1016949152542,107868.0,105544.0,82.23413703610407,429.4449378552102
1790039502.912187,378.182544899988,145.76271186440675,166.1016949152542,107891.0,105620.0,177.2966341360074,638.2678828896267
1790039503.025252,378.2956097999704,152.5423728813559,166.1016949152542,107915.0,105674.0,206.7729416456931,451.1409635906031
1790039503.1415076,378.41186529997503,159.32203389830505,166.1016949152542,107944.0,105719.0,269.02792782732143,380.3498289972476
1790039503.2557197,378.52607590000844,166.1016949152542,166.1016949152542,107971.0,105759.0,240.78800661837624,361.18200992756437
1790039503.37008,378.6404362000176,172.88135593220335,166.1016949152542,107996.0,105796.0,221.6481944782644,341.7076331539909
1790039503.4861865,378.7565425999928,179.66101694915255,166.1016949152542,108033.0,105837.0,338.0619365168128,356.3355547069108
1790039503.600312,378.87066850002157,186.4406779661017,166.1016949152542,108067.0,105878.0,287.2570013781359,361.3878404434613
1790039503.714076,378.9844321999699,193.22033898305085,166.1016949152542,108088.0,105914.0,184.1771562783689,322.31002348714554
1790039503.8285248,379.0988806000096,200.0,166.1016949152542,108122.0,105946.0,274.3938410859128,292.68676382497364
1790039503.9422772,379.2126331999898,-200.0,172.88135593220335,108151.0,105976.0,259.3197672285048,268.58118748666567
1790039504.0556474,379.32600310002454,-193.22033898305085,172.88135593220335,108191.0,106005.0,360.2521765597651,258.6425882993185
1790039504.1687942,379.43914929998573,-186.4406779661017,172.88135593220335,108228.0,106030.0,333.39723457415937,222.26482304943957
1790039504.2821739,379.5525291999802,-179.66101694915255,172.88135593220335,108266.0,106062.0,350.94816043181356,267.82885927691035
1790039504.39566,379.66601420001825,-172.8813559322034,172.88135593220335,108309.0,106087.0,378.2954376737317,212.21451381697148
1790039504.5118418,379.7821963999886,-166.10169491525426,172.88135593220335,108369.0,106120.0,505.43523393338114,261.7432461440724
1790039504.6273782,379.8977326999884,-159.32203389830508,172.88135593220335,108426.0,106137.0,511.99344670645536,155.42658203588823
1790039504.7404633,380.01081750000594,-152.54237288135593,172.88135593220335,108476.0,106162.0,454.3102920103499,231.790965311403
1790039504.8601167,380.1304707999807,-145.76271186440678,172.88135593220335,108522.0,106176.0,403.41088397942946,125.50560834915584
1790039504.9741106,380.24446359998547,-138.98305084745763,172.88135593220335,108584.0,106199.0,556.7334594465203,194.85671080628214
1790039505.0893385,380.35969179996755,-132.20338983050848,172.88135593220335,108653.0,106219.0,575.8950754912057,176.48397474730498
1790039505.2031188,380.47347189998254,-125.42372881355932,172.88135593220335,108696.0,106237.0,379.7769691001194,166.7313522878573
1790039505.3178432,380.588195600023,-118.64406779661017,172.88135593220335,108747.0,106264.0,428.82233531146284,246.34474581722333
1790039505.4306061,380.70095879997825,-111.86440677966102,172.88135593220335,108801.0,106276.0,473.8372174113782,111.49110997914781
1790039505.5440035,380.8143558999873,-105.08474576271186,172.88135593220335,108847.0,106294.0,387.82918161629175,147.74445013953974
1790039505.6570926,380.92744449997554,-98.30508474576271,172.88135593220335,108898.0,106314.0,444.67872408964354,166.75452153361633
1790039505.768832,381.0391835999908,-91.52542372881356,172.88135593220335,108944.0,106334.0,403.3283027445454,178.21483144526425
1790039505.8812802,381.15163129998837,-84.74576271186442,172.88135593220335,109015.0,106360.0,633.5511943082213,223.60630387348988
1790039505.9946525,381.26500369998394,-77.96610169491527,172.88135593220335,109075.0,106383.0,517.379804110775,212.495276688354
1790039506.1087859,381.3791368000093,-71.18644067796612,172.88135593220335,109119.0,106402.0,394.66341637992105,174.38616072601164
1790039506.2215977,381.49194789998,-64.40677966101697,172.88135593220335,109171.0,106426.0,455.17374619854814,204.36372278302161
1790039506.3375087,381.6078574999701,-57.62711864406779,172.88135593220335,109221.0,106445.0,434.34275803389886,153.82972680367251
1790039506.4514618,381.7218119999743,-50.847457627118644,172.88135593220335,109268.0,106469.0,409.21553366601614,213.90811987087207
1790039506.5645282,381.8348782999674,-44.067796610169495,172.88135593220335,109296.0,106485.0,259.24341660722575,148.139095204129
1790039506.676967,381.94731590000447,-37.288135593220346,172.88135593220335,109332.0,106516.0,325.90973053305663,279.3511975997628
1790039506.7866905,382.0570398999844,-30.508474576271198,172.88135593220335,109369.0,106546.0,345.46789310132533,287.8899109177711
1790039506.9004517,382.1708009999711,-23.72881355932205,172.88135593220335,109420.0,106577.0,455.30316674357965,288.04894222552997
1790039507.0167103,382.2870591999963,-16.9491525423729,172.88135593220335,109452.0,106605.0,267.1594684081743,239.52228202112178
1790039507.1309645,382.40131340001244,-10.169491525423723,172.88135593220335,109489.0,106645.0,333.01481089803167,360.7660451395343
1790039507.244364,382.5147123999777,-3.3898305084745743,172.88135593220335,109525.0,106674.0,326.36801802592544,261.09441442074035
1790039507.3585064,382.6288542000111,3.3898305084745743,172.88135593220335,109557.0,106724.0,278.4853367838084,427.0108497351729
1790039507.474347,382.74469419999514,10.169491525423723,172.88135593220335,109584.0,106748.0,236.20924151823812,218.03929986298903
1790039507.5893576,382.85970420000376,16.94915254237287,172.88135593220335,109612.0,106781.0,229.73739185789486,266.49537455515804
1790039507.7037802,382.9741269000224,23.72881355932202,172.88135593220335,109638.0,106822.0,228.75882776918493,366.0141244306959
1790039507.8184805,383.0888255999889,30.50847457627117,172.88135593220335,109655.0,106872.0,146.5868622883524,439.7605868650571
1790039507.9340906,383.2044356999686,37.28813559322032,172.88135593220335,109676.0,106914.0,173.80836070735577,384.20795524783904
1790039508.0470889,383.31743509997614,44.06779661016947,172.88135593220335,109693.0,106949.0,149.32616562280538,317.3181019484614
1790039508.1591535,383.4294991000206,50.847457627118644,172.88135593220335,109720.0,106994.0,215.23408109432964,421.1101586628189
1790039508.2730138,383.5433592000045,57.627118644067764,172.88135593220335,109733.0,107034.0,119.64078319608652,358.9223495882596
1790039508.3876843,383.6580300999922,64.40677966101691,172.88135593220335,109749.0,107081.0,146.357170036636,411.62954072803876
1790039508.5010839,383.7714292000164,71.18644067796606,172.88135593220335,109762.0,107140.0,120.05056900876822,526.375571807676
1790039508.616252,383.886597100005,77.96610169491527,172.88135593220335,109775.0,107192.0,118.58511538998074,465.2185296068475
1790039508.7304084,384.0007533999742,84.74576271186442,172.88135593220335,109784.0,107246.0,82.60427409244122,468.09088652383355
1790039508.8434236,384.11376829998335,91.52542372881356,172.88135593220335,109796.0,107313.0,101.8778873384438,592.7440717873094
1790039508.9572122,384.2275568000041,98.30508474576271,172.88135593220335,109808.0,107363.0,101.1818965527045,441.5210031390742
1790039509.0736806,384.3440249999985,105.08474576271186,172.88135593220335,109821.0,107418.0,117.83580939520262,462.27894455041024
1790039509.1896067,384.4599506999948,111.86440677966101,172.88135593220335,109839.0,107468.0,128.94728359496327,414.473411555239
1790039509.3054016,384.5757436999702,118.64406779661016,172.88135593220335,109854.0,107532.0,128.76819428066057,570.2591461000682
1790039509.426277,384.69661889999406,125.42372881355931,172.88135593220335,109866.0,107576.0,100.69654545577701,357.01502479775485
1790039509.5412195,384.81156250002095,132.20338983050846,172.88135593220335,109886.0,107616.0,183.56606453395878,339.5972193878237
1790039509.6556916,384.9260331999976,138.9830508474576,172.88135593220335,109906.0,107664.0,182.83708296174115,420.52529081200464
1790039509.7715566,385.04189779999433,145.76271186440675,172.88135593220335,109925.0,107710.0,172.6343640053026,381.6128046433004
1790039509.8863692,385.1567106000148,152.5423728813559,172.88135593220335,109945.0,107764.0,174.7097518860814,459.76250496337207
1790039510.0018344,385.2721751999925,159.32203389830505,172.88135593220335,109961.0,107818.0,146.67326694848305,476.6881175825699
1790039510.1178186,385.3881600999739,166.1016949152542,172.88135593220335,109995.0,107855.0,312.40639292982434,321.5948162512897
1790039510.2308645,385.5012055999832,172.88135593220335,172.88135593220335,110022.0,107895.0,222.35110339741382,352.05591371257185
1790039510.3446236,385.6149645000114,179.66101694915255,172.88135593220335,110046.0,107938.0,193.82528032739918,378.4207854011127
1790039510.4591675,385.7295083000208,186.4406779661017,172.88135593220335,110073.0,107972.0,246.69835367217266,301.52021004376655
1790039510.57181,385.84215069998754,193.22033898305085,172.88135593220335,110110.0,108002.0,347.12677546777866,253.3087280440547
1790039510.685227,385.95556769997347,200.0,172.88135593220335,110151.0,108049.0,369.53549387482724,397.2506559154393
1790039510.798638,386.0689787999727,-200.0,179.66101694915255,110185.0,108079.0,304.67960157845636,276.98145598041486
1790039510.91214,386.1824797000154,-193.22033898305085,179.66101694915255,110221.0,108113.0,323.17248259982273,304.7054835941186
1790039511.0271802,386.2975202000234,-186.4406779661017,179.66101694915255,110258.0,108139.0,314.8028638526368,231.47269400929179
1790039511.1426613,386.4130009000073,-179.66101694915255,179.66101694915255,110308.0,108163.0,420.1085889903007,210.05429449515034
1790039511.2614684,386.5318072999944,-172.8813559322034,179.66101694915255,110355.0,108186.0,388.5913124884458,194.2956562442229
1790039511.378165,386.64850229996955,-166.10169491525426,179.66101694915255,110415.0,108210.0,459.46169473023014,192.97391178669665
1790039511.4940324,386.76437109999824,-159.32203389830508,179.66101694915255,110474.0,108233.0,503.7590689104859,195.90630457630007
1790039511.6071944,386.8775319000124,-152.54237288135593,179.66101694915255,110528.0,108255.0,490.74664788744195,185.1874142971479
1790039511.723342,386.99367870000424,-145.76271186440678,179.66101694915255,110581.0,108273.0,461.08321998994967,153.69440666331656
1790039511.8377852,387.10812240000814,-138.98305084745763,179.66101694915255,110638.0,108281.0,476.807881366798,73.35505867181507
1790039511.9515014,387.2218376999954,-132.20338983050848,179.66101694915255,110690.0,108298.0,472.30006406631134,157.43335468877044
1790039512.0642967,387.3346332000219,-125.42372881355932,179.66101694915255,110747.0,108315.0,523.6057361399452,149.6016388971272
1790039512.1762557,387.44659279996995,-118.64406779661017,179.66101694915255,110799.0,108326.0,450.3063489855105,93.81382270531469
1790039512.2890294,387.55936620000284,-111.86440677966102,179.66101694915255,110851.0,108355.0,474.0111755599288,260.2414297191766
1790039512.403208,387.6735446000239,-105.08474576271186,179.66101694915255,110905.0,108376.0,469.37252258851976,184.06765591706656
1790039512.515871,387.78620729997056,-98.30508474576271,179.66101694915255,110956.0,108391.0,427.27619772530807,130.0405819163981
1790039512.6323211,387.9026574000018,-91.52542372881356,179.66101694915255,111012.0,108412.0,502.8794338892653,179.59979781759472
1790039512.7488244,388.01916039997013,-84.74576271186442,179.66101694915255,111073.0,108432.0,538.6344539435013,179.5448179811671
1790039512.863384,388.13371839997126,-77.96610169491527,179.66101694915255,111113.0,108444.0,330.45955909521,91.79432197089167
1790039512.981425,388.2517591000069,-71.18644067796612,179.66101694915255,111159.0,108462.0,382.2629969832009,167.82277916335647
1790039513.094858,388.3651925000013,-64.40677966101697,179.66101694915255,111210.0,108483.0,472.6870313311686,194.6358364304812
1790039513.2096007,388.47993430000497,-57.62711864406779,179.66101694915255,111263.0,108500.0,447.1790305802672,136.89153997355118
1790039513.3244188,388.594751800003,-50.847457627118644,179.66101694915255,111315.0,108521.0,448.21186328826246,192.0907985521125
1790039513.4386582,388.7089911000221,-44.067796610169495,179.66101694915255,111355.0,108550.0,359.5991300449261,248.9532438772565
1790039513.5529583,388.823290899978,-37.288135593220346,179.66101694915255,111391.0,108572.0,294.52993484852976,193.28526974434766
1790039513.666048,388.93638129998,-30.508474576271198,179.66101694915255,111448.0,108594.0,492.2100789890266,176.45266982625483
1790039513.7855282,389.0558605999686,-23.72881355932205,179.66101694915255,111490.0,108622.0,359.6005451824293,236.81011512013635
1790039513.8982956,389.1686283000163,-16.9491525423729,179.66101694915255,111529.0,108650.0,317.87257232647335,261.77741250415454
1790039514.0112975,389.28163049998693,-10.169491525423723,179.66101694915255,111558.0,108691.0,269.6119447635652,362.58158088893254
1790039514.126181,389.39651350001805,-3.3898305084745743,179.66101694915255,111591.0,108728.0,255.17015741364452,309.84947685942547
1790039514.2392201,389.5095524999779,3.3898305084745743,179.66101694915255,111611.0,108764.0,175.90263511418053,314.77313652011253
1790039514.353167,389.6234990999801,10.169491525423723,179.66101694915255,111636.0,108802.0,211.47850145066505,340.2045458119394
1790039514.4681692,389.73850129998755,16.94915254237287,179.66101694915255,111660.0,108835.0,218.67283816406288,282.45241596191454
1790039514.584948,389.85527980001643,23.72881355932202,179.66101694915255,111690.0,108869.0,244.68600895019242,280.9357880539246
1790039514.703014,389.973344500002,30.50847457627117,179.66101694915255,111715.0,108914.0,204.70737971195226,373.8134759957389
1790039514.818171,390.0885010000202,37.28813559322032,179.66101694915255,111731.0,108960.0,149.4038320713708,382.8473196828877
1790039514.9310164,390.20134670002153,44.06779661016947,179.66101694915255,111752.0,108996.0,196.23123884030014,327.05206473383356
1790039515.0450335,390.31536339997547,50.847457627118644,179.66101694915255,111770.0,109038.0,128.762746345381,367.89356098680287
1790039515.1594338,390.42976369999815,57.627118644067764,179.66101694915255,111784.0,109098.0,119.76676808144501,534.3440422095239
1790039515.2743127,390.5446418999927,64.40677966101691,179.66101694915255,111798.0,109152.0,118.48125259554712,483.0389528895382
1790039515.3882582,390.65858769998886,71.18644067796606,179.66101694915255,111814.0,109198.0,147.3459314066929,414.41043208132373
1790039515.5007315,390.7710608000052,77.96610169491527,179.66101694915255,111827.0,109236.0,121.08037220116589,344.6133670340875
1790039515.6145594,390.8848884999752,84.74576271186442,179.66101694915255,111840.0,109285.0,119.51110759294882,450.4649440041917
1790039515.729227,390.99955589999445,91.52542372881356,179.66101694915255,111853.0,109324.0,100.65673947878112,356.8738945156785
1790039515.841276,391.1116043999791,98.30508474576271,179.66101694915255,111864.0,109367.0,102.93264457648588,383.6580388759929
1790039515.953658,391.2239869000041,105.08474576271186,179.66101694915255,111881.0,109410.0,149.20863472688362,382.3471264876393
1790039516.0687988,391.3391268000123,111.86440677966101,179.66101694915255,111907.0,109460.0,228.34345043586694,429.2856868194299
1790039516.1818862,391.45221419999143,118.64406779661016,179.66101694915255,111919.0,109498.0,101.97393730394619,352.2736015954505
1790039516.2980416,391.56836959999055,125.42372881355931,179.66101694915255,111939.0,109543.0,181.85223777643765,381.8896993305191
1790039516.4123406,391.68266819999553,132.20338983050846,179.66101694915255,111962.0,109578.0,192.3172025604537,311.3707089074012
1790039516.5275996,391.7979269999778,138.9830508474576,179.66101694915255,111978.0,109611.0,147.7635524653596,295.5271049307192
1790039516.6405694,391.9108964999905,145.76271186440675,179.66101694915255,112002.0,109644.0,214.79989996556478,298.8520347346988
1790039516.7551572,392.02548279997427,152.5423728813559,179.66101694915255,112022.0,109681.0,184.11425391117675,322.1999443445593
1790039516.8769965,392.1473227000097,159.32203389830505,179.66101694915255,112040.0,109722.0,156.38669459153365,340.37104116980856
1790039516.9911168,392.2614426999935,166.1016949152542,179.66101694915255,112074.0,109763.0,275.7943567353087,349.3395185313911
1790039517.1052134,392.3755385999684,172.88135593220335,179.66101694915255,112101.0,109788.0,247.70096801795862,220.17863823818544
1790039517.2190657,392.489390600007,179.66101694915255,179.66101694915255,112129.0,109827.0,239.73850059546203,341.1663277704652
1790039517.333813,392.6041375999921,186.4406779661017,179.66101694915255,112157.0,109861.0,256.04447864987594,301.76670698021087
1790039517.4474754,392.71780029998627,193.22033898305085,179.66101694915255,112186.0,109889.0,267.86769929829154,240.15724764674417
1790039517.562256,392.832579799986,200.0,179.66101694915255,112232.0,109916.0,419.86624521142403,246.44323088496628
1790039517.6776931,392.9480169999879,-200.0,186.4406779661017,112273.0,109936.0,364.90124386908207,145.96049754763283
1790039517.7912118,393.0615351999877,-193.22033898305085,186.4406779661017,112325.0,109967.0,470.74504159958514,267.67855306643077
1790039517.904755,393.1750776999979,-186.4406779661017,186.4406779661017,112369.0,109998.0,398.36208322490825,287.19126930167806
1790039518.0203495,393.29067269997904,-179.66101694915255,186.4406779661017,112410.0,110024.0,340.6841305152845,230.19198007789493
1790039518.1320264,393.40234959998634,-172.8813559322034,186.4406779661017,112454.0,110046.0,393.97702933499534,196.98851466749767
1790039518.2448156,393.5151388000231,-166.10169491525426,186.4406779661017,112510.0,110070.0,510.9187991450893,222.9463850814935
1790039518.3585367,393.62885979999555,-159.32203389830508,186.4406779661017,112552.0,110092.0,386.64954362510275,202.53071332743477
1790039518.4738657,393.7441878999816,-152.54237288135593,186.4406779661017,112601.0,110106.0,390.3058908961521,117.99945538720878
1790039518.5943437,393.86466630001087,-145.76271186440678,186.4406779661017,112649.0,110123.0,375.48309932710606,143.0411806960404
1790039518.7093875,393.9797082999721,-138.98305084745763,186.4406779661017,112707.0,110147.0,517.3062017886573,212.46504716319856
1790039518.8319726,394.1022930999752,-132.20338983050848,186.4406779661017,112759.0,110165.0,429.8164593186757,164.61055888800345
1790039518.9508018,394.2211220000172,-125.42372881355932,186.4406779661017,112810.0,110184.0,444.11547011948636,166.54330129480738
1790039519.0662043,394.3365239999839,-118.64406779661017,186.4406779661017,112865.0,110203.0,446.9546878063597,145.94438785513785
1790039519.1820114,394.4523315000115,-111.86440677966102,186.4406779661017,112908.0,110222.0,363.5580334323921,172.69006588038627
1790039519.294397,394.5647173000034,-105.08474576271186,186.4406779661017,112964.0,110237.0,504.5385107594497,140.14958632206935
1790039519.4079232,394.67824209999526,-98.30508474576271,186.4406779661017,113016.0,110255.0,462.6446805956946,166.55208501445006
1790039519.5246654,394.79498439998133,-91.52542372881356,186.4406779661017,113091.0,110275.0,668.219222917748,180.59978997776972
1790039519.6382241,394.90854189998936,-84.74576271186442,186.4406779661017,113134.0,110299.0,397.4379117994093,212.5830691020096
1790039519.7517622,395.0220811999752,-77.96610169491527,186.4406779661017,113176.0,110316.0,353.1270327826774,157.97788308698728
1790039519.8641682,395.1344873000053,-71.18644067796612,186.4406779661017,113221.0,110334.0,394.1803958334981,159.54920783736827
1790039519.9776165,395.2479352999944,-64.40677966101697,186.4406779661017,113264.0,110353.0,387.74504105831346,175.40847095495133
1790039520.0921166,395.3624352000188,-57.62711864406779,186.4406779661017,113310.0,110379.0,387.6469827330261,239.97194169187333
1790039520.2054079,395.47572619997663,-50.847457627118644,186.4406779661017,113352.0,110406.0,380.25282175959705,241.1359357499884
1790039520.3195515,395.5898700999678,-44.067796610169495,186.4406779661017,113396.0,110434.0,403.80902035385503,256.96937658881683
1790039520.43392,395.7042377999751,-37.288135593220346,186.4406779661017,113428.0,110460.0,283.6674356262059,219.61349854932067
1790039520.5511937,395.8215118999942,-30.508474576271198,186.4406779661017,113466.0,110489.0,332.07801868176097,260.2773659938127
1790039520.6662848,395.93660259997705,-23.72881355932205,186.4406779661017,113512.0,110530.0,413.9643989833715,358.76914578558865
1790039520.786119,396.0564349999768,-16.9491525423729,186.4406779661017,113547.0,110570.0,305.52076014989177,350.45028370134645
1790039520.8989353,396.16925159998937,-10.169491525423723,186.4406779661017,113572.0,110599.0,223.4680565939309,242.09039464342513
1790039521.0126576,396.28297369997017,-3.3898305084745743,186.4406779661017,113594.0,110632.0,194.58497804763454,305.7763940748543
1790039521.129457,396.3997722999775,3.3898305084745743,186.4406779661017,113614.0,110666.0,179.57657635454078,278.34369334953817
1790039521.2444775,396.5147935000132,10.169491525423723,186.4406779661017,113636.0,110703.0,201.68646550783762,339.1999647177269
1790039521.357956,396.6282713999972,16.94915254237287,186.4406779661017,113662.0,110737.0,212.50528958460282,295.6595333350996
1790039521.4720678,396.74238349997904,23.72881355932202,186.4406779661017,113681.0,110783.0,165.691846282183,386.61430799176037
1790039521.5848582,396.85517340002116,30.50847457627117,186.4406779661017,113699.0,110836.0,167.09647595452594,464.15687765146095
1790039521.69757,396.96788519999245,37.28813559322032,186.4406779661017,113722.0,110882.0,186.45323985369282,391.55180369275496
1790039521.8099167,397.0802315999754,44.06779661016947,186.4406779661017,113740.0,110929.0,130.45633622197167,391.36900866591503
1790039521.9223216,397.1926362999948,50.847457627118644,186.4406779661017,113750.0,110968.0,93.22418648568046,354.2519086455858
1790039522.034532,397.3048463999876,57.627118644067764,186.4406779661017,113760.0,111024.0,84.03620279790444,504.21721678742665
1790039522.1485262,397.4188402,64.40677966101691,186.4406779661017,113776.0,111059.0,146.74523649673196,311.83362755555544
1790039522.2639337,397.5342478000093,71.18644067796606,186.4406779661017,113797.0,111102.0,181.31692289125002,371.69969192706253
1790039522.3803036,397.6506175000104,77.96610169491527,186.4406779661017,113810.0,111147.0,117.3978142421088,388.3158471085137
1790039522.494147,397.76446059998125,84.74576271186442,186.4406779661017,113826.0,111191.0,147.79876831973715,378.73434381932645
1790039522.6094322,397.87974489998305,91.52542372881356,186.4406779661017,113842.0,111244.0,148.6727702813227,473.8944552717161
1790039522.7268667,397.99717849999433,98.30508474576271,186.4406779661017,113854.0,111280.0,91.74985320525869,302.77451557735367
1790039522.8411765,398.1114890999743,105.08474576271186,186.4406779661017,113861.0,111326.0,64.98914216307682,417.7873424769224
1790039522.954294,398.22460610000417,111.86440677966101,186.4406779661017,113885.0,111378.0,213.15045645443809,454.103146359455
1790039523.068503,398.33881340001244,118.64406779661016,186.4406779661017,113903.0,111420.0,165.55179791454015,358.6955621481703
1790039523.1835806,398.4538921000203,125.42372881355931,186.4406779661017,113927.0,111476.0,202.5290352912489,460.2932620255657
1790039523.2984273,398.56873780000024,132.20338983050846,186.4406779661017,113944.0,111530.0,127.90796478554175,456.8141599483634
1790039523.4124322,398.6827427999815,138.9830508474576,186.4406779661017,113960.0,111572.0,138.88220190755774,361.0937249596501
1790039523.527842,398.7981524000061,145.76271186440675,186.4406779661017,113987.0,111619.0,238.11551717789285,402.9647213779725
1790039523.6423926,398.91270220000297,152.5423728813559,186.4406779661017,114018.0,111653.0,284.1708582435534,284.1708582435534
1790039523.7560487,399.02635870000813,159.32203389830505,186.4406779661017,114040.0,111679.0,195.33775297848837,223.24314626112957
1790039523.8701231,399.14043339999625,166.1016949152542,186.4406779661017,114067.0,111714.0,238.54983720446464,311.94978711353065
1790039523.983691,399.25400060001994,172.88135593220335,186.4406779661017,114103.0,111751.0,304.46483850534685,341.36966741508587
1790039524.0992565,399.3695663000108,179.66101694915255,186.4406779661017,114137.0,111787.0,299.43053753943957,317.57784284486013
1790039524.2162662,399.48657589999493,186.4406779661017,186.4406779661017,114167.0,111817.0,257.6077076633092,257.6077076633092
1790039524.331622,399.6019309000112,193.22033898305085,186.4406779661017,114200.0,111842.0,285.3763054286394,230.14218179728985
1790039524.4457128,399.7160212000017,200.0,186.4406779661017,114231.0,111881.0,279.5417379144876,335.4500854973851
1790039524.5632617,399.8335688000079,-200.0,193.22033898305085,114280.0,111899.0,410.090462073603,158.44404216480115
1790039524.6763275,399.9466353000025,-193.22033898305085,193.22033898305085,114324.0,111919.0,399.36918245940655,185.7531081206542
1790039524.788363,400.0586703000008,-186.4406779661017,193.22033898305085,114356.0,111942.0,290.9997531613964,197.12886504481693
1790039524.902792,400.17309990001377,-179.66101694915255,193.22033898305085,114407.0,111955.0,433.8310698208751,110.76537952873406
1790039525.0165486,400.28685570001835,-172.8813559322034,193.22033898305085,114453.0,111974.0,414.2269465840619,174.89582189104837
1790039525.1289473,400.3992542999913,-166.10169491525426,193.22033898305085,114501.0,111992.0,437.854883715668,167.6891044017452
1790039525.2423472,400.51265440002317,-159.32203389830508,193.22033898305085,114553.0,112010.0,452.68223462236523,147.81460722362945
1790039525.3547163,400.62502320000203,-152.54237288135593,193.22033898305085,114610.0,112036.0,503.3449133074943,233.0300524571733
1790039525.4688878,400.73919420002494,-145.76271186440678,193.22033898305085,114670.0,112055.0,523.0115925403982,146.8102715902872
1790039525.5832942,400.8536004999769,-138.98305084745763,193.22033898305085,114727.0,112073.0,512.2585296221812,164.65452737855824
1790039525.6990492,400.96935530001065,-132.20338983050848,193.22033898305085,114777.0,112089.0,429.6094118069197,146.25001253001523
1790039525.8163502,401.0866554999957,-125.42372881355932,193.22033898305085,114834.0,112108.0,479.715284493632,126.71724496058204
1790039525.9330263,401.2033315000008,-118.64406779661017,193.22033898305085,114887.0,112128.0,447.91113446936885,155.3977405301892
1790039526.04907,401.319373300008,-111.86440677966102,193.22033898305085,114953.0,112151.0,568.5616581872486,201.74768516321723
1790039526.1720436,401.44234840001445,-105.08474576271186,193.22033898305085,115023.0,112179.0,588.0061445612585,229.68990021924157
1790039526.2886548,401.5589580999804,-98.30508474576271,193.22033898305085,115075.0,112191.0,450.7176990140891,110.37984465651162
1790039526.406862,401.6771646999987,-91.52542372881356,193.22033898305085,115137.0,112205.0,542.3621616971529,110.31094814179382
1790039526.5210807,401.79138469998725,-84.74576271186442,193.22033898305085,115186.0,112224.0,433.0408313552717,156.6317900646727
1790039526.635007,401.90530939999735,-77.96610169491527,193.22033898305085,115231.0,112249.0,395.26999698455717,202.23116124791298
1790039526.749293,402.01959550002357,-71.18644067796612,193.22033898305085,115279.0,112270.0,417.40756508331236,157.6873023648069
1790039526.864137,402.1344390999875,-64.40677966101697,193.22033898305085,115324.0,112287.0,384.0533724434459,146.30604664512225
1790039526.9791665,402.2494692999753,-57.62711864406779,193.22033898305085,115358.0,112313.0,283.75286031393364,192.21967956750342
1790039527.0919068,402.36220949998824,-50.847457627118644,193.22033898305085,115394.0,112343.0,334.57933163567185,250.93449872675387
1790039527.204679,402.4749812000082,-44.067796610169495,193.22033898305085,115433.0,112385.0,353.097501315745,371.6815803323631
1790039527.3187346,402.5890367999673,-37.288135593220346,193.22033898305085,115466.0,112420.0,293.73347169309625,312.09181367391477
1790039527.430904,402.7012052999926,-30.508474576271198,193.22033898305085,115496.0,112455.0,280.2371180976997,326.9433044473163
1790039527.5440078,402.8143089999794,-23.72881355932205,193.22033898305085,115525.0,112478.0,260.3549194509685,204.56457956861811
1790039527.6570597,402.92736089997925,-16.9491525423729,193.22033898305085,115553.0,112514.0,240.72469254857944,324.0524707384723
1790039527.7701185,403.04041939997114,-10.169491525423723,193.22033898305085,115589.0,112560.0,333.287660568338,416.6095757104225
1790039527.8828714,403.15317210002104,-3.3898305084745743,193.22033898305085,115607.0,112599.0,148.5819248326178,334.3093308733901
1790039527.9962382,403.2665393999778,3.3898305084745743,193.22033898305085,115643.0,112645.0,313.89695695584106,396.98732791474015
1790039528.1144187,403.3847194999689,10.169491525423723,193.22033898305085,115663.0,112683.0,141.5964288766676,318.5919649725021
1790039528.2292533,403.4995538999792,16.94915254237287,193.22033898305085,115688.0,112724.0,230.4423571691352,377.92546575738174
1790039528.3441746,403.6144731999957,23.72881355932202,193.22033898305085,115710.0,112759.0,184.41287088260773,313.5018805004332
1790039528.4656668,403.7359647999983,30.50847457627117,193.22033898305085,115734.0,112804.0,182.1384142221067,382.49066986642407
1790039528.5796347,403.8499337999965,37.28813559322032,193.22033898305085,115753.0,112842.0,165.88439887077826,331.7687977415565
1790039528.6937525,403.96405140002025,44.06779661016947,193.22033898305085,115769.0,112886.0,137.96934870811216,367.9182632216324
1790039528.80844,404.07873860001564,50.847457627118644,193.22033898305085,115792.0,112943.0,200.69147332982442,492.60634362775085
1790039528.9219906,404.1922880000202,57.627118644067764,193.22033898305085,115808.0,112985.0,129.22377130120017,378.4410445249434
1790039529.0359683,404.30626609997125,64.40677966101691,193.22033898305085,115828.0,113035.0,175.46127841522286,461.74020635584964
1790039529.1497674,404.4200652000145,71.18644067796606,193.22033898305085,115839.0,113093.0,101.24699483057721,497.03070189556087
1790039529.2614968,404.53179450001335,77.96610169491527,193.22033898305085,115858.0,113136.0,159.53393570039273,384.7583155127119
1790039529.3752525,404.6455499000149,84.74576271186442,193.22033898305085,115868.0,113177.0,82.81230590788309,358.8533256008267
1790039529.488673,404.7589698000229,91.52542372881356,193.22033898305085,115885.0,113226.0,156.9713757764889,424.74607563049943
1790039529.6011395,404.8714354999829,98.30508474576271,193.22033898305085,115898.0,113269.0,111.79002849602448,391.2650997360857
1790039529.7145085,404.98480510001536,105.08474576271186,193.22033898305085,115913.0,113315.0,120.43917682234051,426.16939490982026
1790039529.8276095,405.09790629998315,111.86440677966101,193.22033898305085,115927.0,113365.0,120.36212339462993,435.15536919596974
1790039529.9421034,405.2123995000147,118.64406779661016,193.22033898305085,115949.0,113401.0,201.0086981358263,310.6498062099134
1790039530.0554688,405.3257647000137,125.42372881355931,193.22033898305085,115972.0,113457.0,214.33750136013055,512.54619890466
1790039530.171816,405.44211220002035,132.20338983050846,193.22033898305085,115988.0,113505.0,145.65966070211198,382.35660934304394
1790039530.2893372,405.5596325999941,138.9830508474576,193.22033898305085,116008.0,113555.0,171.35085807543095,432.8863782958255
1790039530.4051588,405.6754537000088,145.76271186440675,193.22033898305085,116037.0,113592.0,264.1293250173643,327.8846793319005
1790039530.5206742,405.79096760001266,152.5423728813559,193.22033898305085,116057.0,113640.0,174.21091631269752,412.60480179323093
1790039530.635962,405.9062554999837,159.32203389830505,193.22033898305085,116089.0,113689.0,285.3555529610686,432.63583836032984
1790039530.751611,406.0219040000229,166.1016949152542,193.22033898305085,116115.0,113728.0,238.28377033393485,357.4256555009023
1790039530.864641,406.1349344999762,172.88135593220335,193.22033898305085,116155.0,113759.0,353.1211260559162,250.90185272394046
1790039530.9778059,406.24809930002084,179.66101694915255,193.22033898305085,116186.0,113787.0,277.69729695377936,259.1841438235274
1790039531.0911043,406.36139779997757,186.4406779661017,193.22033898305085,116229.0,113814.0,380.106874848287,241.04338405013323
1790039531.2028553,406.4731483000214,193.22033898305085,193.22033898305085,116272.0,113839.0,365.83066545477124,225.1265633567823
1790039531.3156605,406.58595320000313,200.0,193.22033898305085,116308.0,113864.0,325.17122597213546,222.97455495232148
1790039531.4284685,406.6987610000069,-200.0,200.0,116351.0,113890.0,399.1215613602228,241.3293161712975
1790039531.542225,406.8125173000153,-193.22033898305085,200.0,116405.0,113913.0,469.12599058985677,211.56662320719033
1790039531.6555517,406.9258438000106,-186.4406779661017,200.0,116445.0,113939.0,370.53230672111545,240.84599936872505
1790039531.7697196,407.0400112000061,-179.66101694915255,200.0,116490.0,113963.0,385.02156119978565,210.84514065702547
1790039531.884231,407.15452310000546,-172.8813559322034,200.0,116551.0,113984.0,513.0770513558596,192.40389425844734
1790039532.000439,407.2707308999961,-166.10169491525426,200.0,116613.0,114003.0,516.1365100164759,172.0455033388253
1790039532.118197,407.38848829997005,-159.32203389830508,200.0,116662.0,114017.0,429.5113681080182,125.2741490315053
1790039532.2327554,407.5030380000244,-152.54237288135593,200.0,116729.0,114032.0,605.4593806787292,111.77711643299615
1790039532.3479936,407.6182842999697,-145.76271186440678,200.0,116791.0,114042.0,566.2177766019416,92.82258632818716
1790039532.461628,407.7319177999743,-138.98305084745763,200.0,116836.0,114057.0,411.8161276455969,131.03240425087174
1790039532.5750568,407.84534699999494,-132.20338983050848,200.0,116882.0,114076.0,424.90732863619013,175.50520095842634
1790039532.6882243,407.9585141999996,-125.42372881355932,200.0,116939.0,114099.0,500.27098025578766,194.54982565502854
1790039532.8032584,408.07354750001105,-118.64406779661017,200.0,116998.0,114117.0,500.1423133104164,154.5894422959469
1790039532.9146378,408.1849271999672,-111.86440677966102,200.0,117057.0,114129.0,536.4019287945508,112.92672185148439
1790039533.027771,408.29805979999946,-105.08474576271186,200.0,117109.0,114155.0,462.99983146731705,240.75991236300487
1790039533.1406674,408.4109549999703,-98.30508474576271,200.0,117146.0,114174.0,306.191469912184,167.01352904300944
1790039533.259114,408.5294025000185,-91.52542372881356,200.0,117192.0,114195.0,389.39259185605874,168.14680102875263
1790039533.3725924,408.6428794999956,-84.74576271186442,200.0,117230.0,114211.0,294.92435192747575,119.81301797053702
1790039533.4875364,408.75782449997496,-77.96610169491527,200.0,117280.0,114235.0,423.93578284215226,202.7518961418989
1790039533.6009429,408.8712300999905,-71.18644067796612,200.0,117335.0,114255.0,480.24973002371684,184.71143462450647
1790039533.7140713,408.9843584999908,-64.40677966101697,200.0,117384.0,114277.0,435.2004978818705,203.71087134896067
1790039533.8271554,409.09744240000146,-57.62711864406779,200.0,117431.0,114309.0,426.1622880908361,277.93192701576265
1790039533.9419227,409.2122092000209,-50.847457627118644,200.0,117476.0,114336.0,392.2244690470096,246.2804805644014
1790039534.055327,409.32561369996984,-44.067796610169495,200.0,117498.0,114372.0,193.9794326382607,323.29905439710114
1790039534.1683793,409.4386657999712,-37.288135593220346,200.0,117532.0,114405.0,305.82116676091135,278.0192425099194
1790039534.2811265,409.5514124999754,-30.508474576271198,200.0,117559.0,114452.0,241.76061229191453,399.834858790474
1790039534.3956764,409.66596239997307,-23.72881355932205,200.0,117588.0,114478.0,255.86805975588297,228.45362478203836
1790039534.5079715,409.77825739997206,-16.9491525423729,200.0,117622.0,114512.0,298.3535544414266,317.0006515940157
1790039534.6220732,409.8923576999805,-10.169491525423723,200.0,117643.0,114547.0,175.3268923393867,304.5151287999874
1790039534.737983,410.0082670999691,-3.3898305084745743,200.0,117667.0,114594.0,214.36207246230802,419.4040548175592
1790039534.8520436,410.12232819997007,3.3898305084745743,200.0,117682.0,114641.0,130.07078636532344,408.79390000530225
1790039534.965089,410.2353730999748,10.169491525423723,200.0,117701.0,114682.0,166.68626769511317,351.89323180079447
1790039535.0781894,410.34847239998635,16.94915254237287,200.0,117722.0,114709.0,185.307350790589,240.89955602776573
1790039535.1916854,410.4619689999963,23.72881355932202,200.0,117734.0,114751.0,111.07305830600302,388.7557040710106
1790039535.308212,410.57849460002035,30.50847457627117,200.0,117747.0,114792.0,117.07429535475465,351.22288606426395
1790039535.4204626,410.6907453999738,37.28813559322032,200.0,117763.0,114837.0,150.14902291691166,422.29412695381404
1790039535.5339077,410.8041907000006,44.06779661016947,200.0,117778.0,114885.0,130.12204520763927,436.8382946256461
1790039535.6477199,410.9180024000234,50.847457627118644,200.0,117793.0,114929.0,120.03826449131503,397.0496440866574
1790039535.7614524,411.0317344000214,57.627118644067764,200.0,117812.0,114979.0,166.26793153372532,434.14404344917165
1790039535.8751419,411.14542449999135,64.40677966101691,200.0,117823.0,115028.0,92.3901042761323,452.71151095304833
1790039535.98892,411.25920199998654,71.18644067796606,200.0,117833.0,115073.0,92.09341220428307,396.0016724784172
1790039536.1020703,411.3723523999797,77.96610169491527,200.0,117839.0,115105.0,55.5264555937537,286.8866872343941
1790039536.2158139,411.4860956000048,84.74576271186442,200.0,117852.0,115159.0,119.64331566712274,460.16659871970285
1790039536.3295057,411.59978699998464,91.52542372881356,200.0,117868.0,115219.0,147.37741890988636,525.0320548664702
1790039536.4434469,411.71372820000397,98.30508474576271,200.0,117880.0,115272.0,101.08696051560382,477.865631528309
1790039536.5626295,411.8329107000027,105.08474576271186,200.0,117908.0,115317.0,225.4685687909718,387.8059383204715
1790039536.6786754,411.9489561999799,111.86440677966101,200.0,117926.0,115362.0,167.45494526033283,381.4251530929804
1790039536.7931979,412.06347729999106,118.64406779661016,200.0,117943.0,115411.0,139.20209357394359,426.886420293427
1790039536.9081376,412.1784171999898,125.42372881355931,200.0,117967.0,115460.0,221.5332128971932,406.1442236448542
1790039537.020927,412.29120620002504,132.20338983050846,200.0,117992.0,115504.0,232.6098545812905,409.39334406307125
1790039537.1357212,412.4060006000218,138.9830508474576,200.0,118015.0,115562.0,182.92705229826396,521.3420990500523
1790039537.2497852,412.5200639999821,145.76271186440675,200.0,118041.0,115600.0,220.25158230695823,339.5545227232273
1790039537.366019,412.6362967999885,152.5423728813559,200.0,118065.0,115637.0,199.2046302174783,335.0259690021226
1790039537.480757,412.75103450001916,159.32203389830505,200.0,118101.0,115673.0,304.69394892896156,295.4607989614173
1790039537.598869,412.8691468000179,166.1016949152542,200.0,118144.0,115714.0,341.4165191773797,332.4318739358697
1790039537.7115812,412.9818593999953,172.88135593220335,200.0,118172.0,115742.0,242.32166524039306,251.6417292881005
1790039537.8256836,413.09596090001287,179.66101694915255,200.0,118205.0,115779.0,285.3219351740038,312.93373535213317
1790039537.9391522,413.20942979998654,186.4406779661017,200.0,118237.0,115813.0,269.28923432542274,306.4325769909983
1790039538.0531447,413.3234221999883,193.22033898305085,200.0,118281.0,115837.0,385.5103192964112,183.57634252210056
1790039538.1676025,413.4378794999793,200.0,200.0,118335.0,115866.0,448.14955385454414,256.0854593454538
