Unix_Timestamp,Elapsed_Time_s,EOM0_Target_V,EOM1_Target_V,Raw_Count0,Raw_Count1,Rate0_Hz,Rate1_Hz
1790040189.5762827,0.1133644999936223,-200.0,-200.0,101.0,57.0,727.1859393077096,475.4677295473486
1790040189.689821,0.22690230002626777,-193.22033898305085,-200.0,187.0,101.0,729.1589750658778,406.11385953036233
1790040189.8014565,0.33853770000860095,-186.4406779661017,-200.0,258.0,149.0,628.3280287693259,393.8772717658461
1790040189.913966,0.4510467000072822,-179.66101694915255,-200.0,326.0,195.0,614.7203165011197,419.1274885234907
1790040190.02494,0.5620211000205018,-172.8813559322034,-200.0,419.0,249.0,849.280942213491,471.8227456741617
1790040190.1373825,0.6744634000351653,-166.10169491525426,-200.0,502.0,295.0,717.5700281478461,419.3591073591308
1790040190.2513032,0.7883838000125252,-159.32203389830508,-200.0,599.0,325.0,845.1019909636694,238.8331713592979
1790040190.3744028,0.9114826000295579,-152.54237288135593,-200.0,701.0,366.0,855.8199284750108,335.2696627015506
1790040190.4895155,1.0265952000045218,-145.76271186440678,-200.0,792.0,407.0,820.9127994552991,378.17331210862096
1790040190.6046116,1.1416911000269465,-138.98305084745763,-200.0,880.0,443.0,778.3456819250403,296.51264073334863
1790040190.7177582,1.2548367000417784,-132.20338983050848,-200.0,1000.0,470.0,1091.9273259143872,249.84777796346145
1790040190.8314154,1.3684938999940641,-125.42372881355932,-200.0,1105.0,501.0,919.7503854392749,278.71223801190143
1790040190.9437983,1.4808772000251338,-118.64406779661017,-200.0,1209.0,529.0,916.4814219569568,252.49998360038603
1790040191.0572624,1.5943407000158913,-111.86440677966102,-200.0,1313.0,545.0,923.3814968830093,147.74103950128148
1790040191.1707363,1.707814400026109,-105.08474576271186,-200.0,1436.0,564.0,1088.6773861778238,175.29551133371737
1790040191.284392,1.8214705000282265,-98.30508474576271,-200.0,1524.0,580.0,776.8814869685609,129.4802478280935
1790040191.3978999,1.9349775000009686,-91.52542372881356,-200.0,1632.0,596.0,950.7519709690188,138.4590248984008
1790040191.5149817,2.052059100009501,-84.74576271186442,-200.0,1734.0,619.0,868.8159560690158,197.05104158266337
1790040191.6287358,2.1658131000003777,-77.96610169491527,-200.0,1826.0,639.0,829.373076628786,175.08987173274372
1790040191.7404683,2.277545100019779,-71.18644067796612,-200.0,1920.0,656.0,825.6236037528533,150.11338250051878
1790040191.8532796,2.3903566999942996,-64.40677966101697,-200.0,2019.0,675.0,885.2649969957497,167.73442048340522
1790040191.9653118,2.5023881000233814,-57.62711864406779,-200.0,2114.0,695.0,794.5477202511471,177.604784526727
1790040192.0776963,2.6147728000069037,-50.847457627118644,-200.0,2212.0,725.0,866.8839158332398,260.99730799280337
1790040192.1915233,2.728599900030531,-44.067796610169495,-200.0,2307.0,743.0,846.4697152641768,156.4128821683805
1790040192.3042755,2.841351500013843,-37.288135593220346,-200.0,2387.0,772.0,687.1512012309757,260.0031572225314
1790040192.422441,2.9595160000026226,-30.508474576271198,-200.0,2478.0,805.0,746.452756163362,273.0924717670837
1790040192.540965,3.078040099993814,-23.72881355932205,-200.0,2571.0,849.0,742.6694546207491,380.17603034157395
1790040192.6559882,3.193063400045503,-16.9491525423729,-200.0,2672.0,893.0,838.753320930785,373.79224084958895
1790040192.7762039,3.3132784999907017,-10.169491525423723,-200.0,2767.0,945.0,810.3257599921816,405.1628799960908
1790040192.8919754,3.429049100028351,-3.3898305084745743,-200.0,2850.0,994.0,702.361210917921,419.5924117171996
1790040193.008102,3.545176000043284,3.3898305084745743,-200.0,2916.0,1051.0,582.1304153917258,500.2683257272644
1790040193.1231437,3.6602184000075795,10.169491525423723,-200.0,2979.0,1097.0,564.0665926745424,409.4031721024905
1790040193.2368689,3.7739413999952376,16.94915254237287,-200.0,3044.0,1144.0,582.6029219423928,406.89727881690925
1790040193.3528287,3.889901500020642,23.72881355932202,-200.0,3101.0,1211.0,477.9600663806284,588.2585432376965
1790040193.4682157,4.0052893999964,30.50847457627117,-200.0,3145.0,1272.0,401.4426388546131,510.9269949058712
1790040193.5813105,4.1183836000273,37.28813559322032,-200.0,3187.0,1349.0,388.97208567384905,676.07052986169
1790040193.698418,4.235490899998695,44.06779661016947,-200.0,3231.0,1416.0,382.2633448583763,609.8010501312193
1790040193.8124857,4.349558699992485,50.847457627118644,-200.0,3269.0,1499.0,330.99217662180155,735.5381702706701
1790040193.9280164,4.4650888000032865,57.627118644067764,-200.0,3318.0,1577.0,437.52626284840284,683.6347857006294
1790040194.0420532,4.579125399992336,64.40677966101691,-200.0,3344.0,1658.0,239.36285285207637,708.8822949849954
1790040194.1620574,4.699128600012045,71.18644067796606,-200.0,3368.0,1755.0,194.2766110039457,758.6039096344547
1790040194.288643,4.825714000035077,77.96610169491527,-200.0,3390.0,1842.0,184.2496389717835,710.6771788911649
1790040194.4066515,4.943723000003956,84.74576271186442,-200.0,3416.0,1950.0,230.67477687927473,887.2106803049029
1790040194.5222158,5.0592871000408195,91.52542372881356,-200.0,3433.0,2035.0,144.9673234498675,742.9575326805709
1790040194.6416755,5.17874500004109,98.30508474576271,-200.0,3455.0,2120.0,194.1124762376324,767.2064537011186
1790040194.7652423,5.3023111000075005,105.08474576271186,-200.0,3479.0,2228.0,203.76667124063087,841.6449464286927
1790040194.884309,5.421379700012039,111.86440677966101,-200.0,3499.0,2328.0,151.6440895318735,838.5026127056534
1790040195.0018795,5.5389497000142,118.64406779661016,-200.0,3517.0,2435.0,151.2421876702028,925.2463245706525
1790040195.1196122,5.656681800028309,125.42372881355931,-200.0,3537.0,2522.0,178.47167569155008,696.0395351970453
1790040195.2381299,5.775199600029737,132.20338983050846,-200.0,3564.0,2615.0,193.86571933948954,756.9994755161019
1790040195.3537083,5.890777799999341,138.9830508474576,-200.0,3589.0,2717.0,217.24686658775977,868.9874663510391
1790040195.4670236,6.004093300027307,145.76271186440675,-200.0,3603.0,2797.0,120.35120330236043,694.3338652059256
1790040195.587646,6.124715200043283,152.5423728813559,-200.0,3632.0,2922.0,251.7072696874687,1050.226883868404
1790040195.7016647,6.238733600010164,159.32203389830505,-200.0,3667.0,3006.0,303.6331080597987,736.0802619631484
1790040195.81775,6.354818599997088,166.1016949152542,-200.0,3707.0,3078.0,354.0809223636797,642.9364116603658
1790040195.930816,6.467884300043806,172.88135593220335,-200.0,3742.0,3153.0,324.2728412338562,657.8106207886797
1790040196.0445988,6.58166640001582,179.66101694915255,-200.0,3788.0,3229.0,423.34469915688516,662.6264856368638
1790040196.1619592,6.6990267999935895,186.4406779661017,-200.0,3844.0,3296.0,466.348473373293,564.9991119714896
1790040196.2863798,6.823446700000204,193.22033898305085,-200.0,3899.0,3360.0,423.29224094628074,522.3606377634953
1790040196.4028065,6.939873900031671,200.0,-200.0,3957.0,3421.0,504.4735999568832,522.4905142410577
1790040196.5195968,7.05666400003247,-200.0,-193.22033898305085,4030.0,3483.0,646.3567026969936,547.6077620071751
1790040196.638182,7.1752484000171535,-193.22033898305085,-193.22033898305085,4084.0,3530.0,431.6918179608089,378.83159535336296
1790040196.7582126,7.295279600017238,-186.4406779661017,-193.22033898305085,4137.0,3583.0,445.5549654152104,472.2882633401231
1790040196.8730772,7.410143600020092,-179.66101694915255,-193.22033898305085,4214.0,3629.0,668.5551059225453,402.9647213779725
1790040196.9929292,7.529994500044268,-172.8813559322034,-193.22033898305085,4297.0,3668.0,687.2131656423207,334.7961576206178
1790040197.1110637,7.64812950004125,-166.10169491525426,-193.22033898305085,4372.0,3699.0,642.7813864397785,258.89805842713304
1790040197.232635,7.769700800010469,-159.32203389830508,-193.22033898305085,4467.0,3724.0,798.9285767425015,197.5844867212638
1790040197.3521225,7.8891875999979675,-152.54237288135593,-193.22033898305085,4558.0,3754.0,778.5558247287962,265.6249284368834
1790040197.4662898,8.003354500047863,-145.76271186440678,-193.22033898305085,4650.0,3777.0,800.8195975734989,211.71092809414338
1790040197.5837317,8.120795399998315,-138.98305084745763,-193.22033898305085,4776.0,3797.0,1096.0282450380196,170.69292340756044
1790040197.7001364,8.237201100040693,-132.20338983050848,-193.22033898305085,4871.0,3824.0,792.7399432370828,216.2018027010226
1790040197.8199542,8.357017800037283,-125.42372881355932,-193.22033898305085,4982.0,3845.0,908.9876150201565,174.80531058079933
1790040197.9393334,8.476396100013517,-118.64406779661017,-193.22033898305085,5109.0,3860.0,1071.2178294015284,118.01552357813448
1790040198.058343,8.59540620003827,-111.86440677966102,-193.22033898305085,5245.0,3882.0,1164.4616879336204,185.25526853489416
1790040198.1720822,8.709145800035913,-105.08474576271186,-193.22033898305085,5357.0,3895.0,990.6004056141476,101.83742487622078
1790040198.2901583,8.827221799991094,-98.30508474576271,-193.22033898305085,5480.0,3909.0,1071.5854503473697,123.9850934286213
1790040198.4039798,8.941040900012013,-91.52542372881356,-193.22033898305085,5595.0,3926.0,996.939028211829,147.6946708461969
1790040198.5289829,9.066044400038663,-84.74576271186442,-193.22033898305085,5704.0,3949.0,872.1514124264107,193.81142498364684
1790040198.6458232,9.182885300018825,-77.96610169491527,-193.22033898305085,5815.0,3974.0,947.9408918141321,198.61618685629435
1790040198.7608461,9.29790890001459,-71.18644067796612,-193.22033898305085,5924.0,3994.0,909.4566960171068,183.72862545800135
1790040198.8822694,9.419332200021017,-64.40677966101697,-193.22033898305085,6044.0,4022.0,1014.1299160936694,220.4630252377542
1790040198.9964771,9.533539300027769,-57.62711864406779,-193.22033898305085,6144.0,4040.0,891.5162576564175,156.2451173212278
1790040199.1064453,9.643506499996874,-50.847457627118644,-193.22033898305085,6229.0,4072.0,781.6983442672222,295.5201057595596
1790040199.2224066,9.759468300035223,-44.067796610169495,-193.22033898305085,6323.0,4100.0,823.6196001543105,244.370650595235
1790040199.3414924,9.87855349999154,-37.288135593220346,-193.22033898305085,6417.0,4147.0,822.5751593956611,406.6663709371808
1790040199.4572666,9.994326899992302,-30.508474576271198,-193.22033898305085,6522.0,4194.0,906.5079029063941,412.04904677563366
1790040199.573035,10.110095900017768,-23.72881355932205,-193.22033898305085,6603.0,4231.0,720.6306522148118,337.5105586322536
1790040199.6900961,10.22715660004178,-16.9491525423729,-193.22033898305085,6679.0,4290.0,642.9375098585633,500.06250766777146
1790040199.803929,10.340988900046796,-10.169491525423723,-193.22033898305085,6751.0,4357.0,598.4649833269291,589.257829737284
1790040199.917662,10.454721300047822,-3.3898305084745743,-193.22033898305085,6812.0,4425.0,508.07281511560234,609.6873781387228
1790040200.036028,10.573086999997031,3.3898305084745743,-193.22033898305085,6869.0,4486.0,497.70876220376675,506.59641867169114
1790040200.166534,10.70359260000987,10.169491525423723,-193.22033898305085,6934.0,4555.0,492.9978145924191,517.243608752702
1790040200.2848861,10.821943100017961,16.94915254237287,-193.22033898305085,6971.0,4618.0,319.5474477298049,538.6656976016711
1790040200.4130092,10.950066999997944,23.72881355932202,-193.22033898305085,7019.0,4702.0,385.3375558356163,683.0983944358652
1790040200.5253437,11.062401900009718,30.50847457627117,-193.22033898305085,7050.0,4778.0,264.54626524986384,699.157986731783
1790040200.642267,11.179326000041328,37.28813559322032,-193.22033898305085,7090.0,4851.0,339.9391866284214,626.203764841829
1790040200.75925,11.296307700045872,44.06779661016947,-193.22033898305085,7119.0,4929.0,235.27069708338797,615.323361602707
1790040200.8730383,11.410096000006888,50.847457627118644,-193.22033898305085,7140.0,5025.0,193.41059312309264,838.112570200068
1790040200.9877894,11.524847000022419,57.627118644067764,-193.22033898305085,7162.0,5138.0,191.6161545536875,958.0807727684376
1790040201.1016219,11.638679300027434,64.40677966101691,-193.22033898305085,7186.0,5228.0,202.37365904657625,809.494636186305
1790040201.2166553,11.753712700039614,71.18644067796606,-193.22033898305085,7207.0,5320.0,186.91466500321212,822.4245260141333
1790040201.3352523,11.872309200000018,77.96610169491527,-193.22033898305085,7229.0,5404.0,189.76652388020017,750.0295943836483
1790040201.4506755,11.987732200010214,84.74576271186442,-193.22033898305085,7251.0,5500.0,181.79322649544477,799.890196579957
1790040201.563008,12.100064600002952,91.52542372881356,-193.22033898305085,7260.0,5585.0,84.21517537882812,786.008303535729
1790040201.6764588,12.21351530001266,98.30508474576271,-193.22033898305085,7273.0,5678.0,110.86853486069849,813.0359223117889
1790040201.791029,12.32808390003629,105.08474576271186,-193.22033898305085,7287.0,5780.0,128.18329481818444,915.5949629870316
1790040201.9132533,12.450307800027076,111.86440677966101,-193.22033898305085,7306.0,5876.0,165.2937138889612,782.970223684553
1790040202.0345135,12.571568300016224,118.64406779661016,-193.22033898305085,7326.0,5973.0,166.02789623256004,803.9245501787118
1790040202.1524243,12.689480000000913,125.42372881355931,-193.22033898305085,7351.0,6058.0,224.1157512495091,717.1704039984292
1790040202.269971,12.807025699992664,132.20338983050846,-193.22033898305085,7375.0,6152.0,187.7177189940857,786.6266319752162
1790040202.3841107,12.9211648000055,138.9830508474576,-193.22033898305085,7413.0,6241.0,312.7345508954006,763.4402271858308
1790040202.5019348,13.038989300024696,145.76271186440675,-193.22033898305085,7441.0,6324.0,240.98127577074962,696.1681300043878
1790040202.6255813,13.162634500011336,152.5423728813559,-193.22033898305085,7476.0,6404.0,300.2629444747987,634.8416540324316
1790040202.7476742,13.284726999991108,159.32203389830505,-193.22033898305085,7523.0,6494.0,366.26649011570674,705.0629934727356
1790040202.863306,13.400358700018842,166.1016949152542,-193.22033898305085,7573.0,6574.0,446.0900209045018,700.9986042785029
1790040202.9842978,13.521351100003812,172.88135593220335,-193.22033898305085,7623.0,6666.0,417.6749602047913,774.4389887130505
1790040203.1083326,13.645384500036016,179.66101694915255,-193.22033898305085,7685.0,6753.0,511.9916988447141,725.321573363345
1790040203.2247388,13.761791000026278,186.4406779661017,-193.22033898305085,7770.0,6827.0,667.3012204482857,658.0331479420595
1790040203.3353791,13.872431399999186,193.22033898305085,-193.22033898305085,7852.0,6884.0,752.9338210990144,524.1944324107062
1790040203.450802,13.987855200015474,200.0,-193.22033898305085,7929.0,6936.0,686.2155761608907,466.62659178940567
1790040203.571344,14.108396800002083,-200.0,-186.4406779661017,8030.0,6977.0,800.6732621060142,339.41583937102774
1790040203.6903136,14.227364199992735,-193.22033898305085,-186.4406779661017,8130.0,7020.0,879.673264419998,350.0740542079584
1790040203.8066835,14.343734800000675,-186.4406779661017,-186.4406779661017,8215.0,7074.0,727.4406997750816,454.650437359426
1790040203.9247868,14.461838399991393,-179.66101694915255,-186.4406779661017,8313.0,7115.0,816.2656909072582,354.89812648141657
1790040204.043918,14.58096900000237,-172.8813559322034,-186.4406779661017,8414.0,7147.0,823.1144707329969,274.3714902443323
1790040204.1644242,14.701475900015794,-166.10169491525426,-186.4406779661017,8520.0,7175.0,884.310909572638,238.7639455846123
1790040204.2810547,14.818104700010736,-159.32203389830508,-186.4406779661017,8606.0,7207.0,747.1566538878628,285.9488428459722
1790040204.3984268,14.935477200022433,-152.54237288135593,-186.4406779661017,8702.0,7224.0,853.9019231838053,136.26094518890508
1790040204.514657,15.051707500009798,-145.76271186440678,-186.4406779661017,8809.0,7255.0,947.7706180360695,252.7388314762852
1790040204.6293983,15.166448800009675,-138.98305084745763,-186.4406779661017,8917.0,7278.0,947.4925158161784,209.54161407473177
1790040204.7439094,15.280958000046667,-132.20338983050848,-186.4406779661017,9007.0,7293.0,734.6364561543993,128.56137982701986
1790040204.8595254,15.396574500016868,-125.42372881355932,-186.4406779661017,9059.0,7306.0,457.8817474816292,109.89161939559101
1790040204.9754405,15.512489500048105,-118.64406779661017,-186.4406779661017,9156.0,7323.0,848.4053139488583,153.43500358649567
1790040205.0925112,15.629560800036415,-111.86440677966102,-186.4406779661017,9243.0,7338.0,727.953130597528,134.80613529583852
1790040205.2111433,15.74819260003278,-105.08474576271186,-186.4406779661017,9336.0,7358.0,759.5616444513493,158.97801860609636
1790040205.3316112,15.868658500025049,-98.30508474576271,-186.4406779661017,9435.0,7375.0,865.3931114012009,127.53161641701908
1790040205.450697,15.987745299993549,-91.52542372881356,-186.4406779661017,9529.0,7400.0,735.0316994316214,212.53928658263752
1790040205.5652785,16.102325899992138,-84.74576271186442,-186.4406779661017,9641.0,7423.0,1006.7157090998005,210.49510281177646
1790040205.6813748,16.218422100006137,-77.96610169491527,-186.4406779661017,9743.0,7446.0,862.5738297445312,199.75393951978617
1790040205.7956827,16.33273070002906,-71.18644067796612,-186.4406779661017,9839.0,7467.0,807.474275709637,192.6927248852543
1790040205.9121134,16.44916070002364,-64.40677966101697,-186.4406779661017,9933.0,7498.0,769.6516170110986,268.91442040146813
1790040206.029259,16.566305999993347,-57.62711864406779,-186.4406779661017,10012.0,7527.0,660.5768619839018,249.94800183174664
1790040206.1416,16.678646699991077,-50.847457627118644,-186.4406779661017,10113.0,7559.0,904.811920346208,279.83873825140455
1790040206.2560616,16.79310860001715,-44.067796610169495,-186.4406779661017,10205.0,7597.0,791.9085366568454,349.91307433674564
1790040206.3713357,16.908381000044756,-37.288135593220346,-186.4406779661017,10282.0,7639.0,655.9605404275917,364.4225224597732
1790040206.4890046,17.026050699991174,-30.508474576271198,-186.4406779661017,10365.0,7676.0,719.3099659290933,332.68085924220566
1790040206.6064966,17.143542400037404,-23.72881355932205,-186.4406779661017,10430.0,7727.0,578.40296715036,427.12834497257353
1790040206.723286,17.26033150003059,-16.9491525423729,-186.4406779661017,10502.0,7782.0,617.9069432563792,483.5793468962968
1790040206.8408206,17.377866099996027,-10.169491525423723,-186.4406779661017,10563.0,7845.0,527.1481285366424,545.0175566226303
1790040206.9602776,17.49732290004613,-3.3898305084745743,-186.4406779661017,10629.0,7926.0,569.3649899585049,690.7050697857273
1790040207.0794609,17.61650580004789,3.3898305084745743,-186.4406779661017,10685.0,7996.0,491.0121612678787,611.4491064845282
1790040207.1948893,17.731934100040235,10.169491525423723,-186.4406779661017,10722.0,8074.0,308.121446968808,652.4924759339464
1790040207.313644,17.85068760003196,16.94915254237287,-186.4406779661017,10764.0,8159.0,353.3447169438478,680.188580116907
1790040207.430919,17.967963100003544,23.72881355932202,-186.4406779661017,10803.0,8257.0,318.39514290754033,873.3123919749677
1790040207.5511234,18.08816740004113,30.50847457627117,-186.4406779661017,10840.0,8349.0,326.59373324669696,767.9366160125037
1790040207.6661825,18.203225500008557,37.28813559322032,-186.4406779661017,10876.0,8438.0,320.40689831041914,805.5944871804824
1790040207.7768261,18.313868500001263,44.06779661016947,-186.4406779661017,10899.0,8519.0,218.69770276476902,741.6704702457384
1790040207.8954601,18.432501300005242,50.847457627118644,-186.4406779661017,10922.0,8610.0,197.32906150635748,789.3162460254299
1790040208.013373,18.550416000012774,57.627118644067764,-186.4406779661017,10941.0,8699.0,168.8323113288796,773.0742676638171
1790040208.1359863,18.6730279000476,64.40677966101691,-186.4406779661017,10960.0,8813.0,145.64971611439182,1001.3417982864438
1790040208.2540445,18.79108570003882,71.18644067796606,-186.4406779661017,10979.0,8901.0,170.78667043554765,737.0793145113109
1790040208.370736,18.907778099994175,77.96610169491527,-186.4406779661017,10998.0,9005.0,162.08783537807642,882.4782148361938
1790040208.4864142,19.023456300026737,84.74576271186442,-186.4406779661017,11017.0,9115.0,162.80575824386545,967.7897851163114
1790040208.603769,19.14081030001398,91.52542372881356,-186.4406779661017,11039.0,9216.0,180.47072176474785,866.2594644707897
1790040208.716427,19.253467300033662,98.30508474576271,-186.4406779661017,11062.0,9322.0,196.40706018432266,944.6244323150756
1790040208.836174,19.373214600025676,105.08474576271186,-186.4406779661017,11085.0,9414.0,194.95682149518467,770.9656122764121
1790040208.9528313,19.48987119999947,111.86440677966101,-186.4406779661017,11109.0,9520.0,211.50747812907355,910.4017536860123
1790040209.0727339,19.609773300006054,118.64406779661016,-186.4406779661017,11131.0,9612.0,177.79247532739353,746.7283963750529
1790040209.1906855,19.72772610001266,125.42372881355931,-186.4406779661017,11163.0,9706.0,277.9184802813761,806.8601040427047
1790040209.304104,19.841144800011534,132.20338983050846,-186.4406779661017,11189.0,9783.0,240.8428760724783,694.7390655936874
1790040209.4239962,19.961035699991044,138.9830508474576,-186.4406779661017,11235.0,9860.0,413.59267735795135,615.7935418440609
1790040209.5414994,20.078538400004618,145.76271186440675,-186.4406779661017,11279.0,9939.0,357.53103360354936,697.1855155269212
1790040209.6579359,20.19497539999429,152.5423728813559,-186.4406779661017,11325.0,10029.0,405.402118426311,738.7327491323889
1790040209.7740471,20.3110858,159.32203389830505,-186.4406779661017,11367.0,10109.0,352.390426951944,677.6738979845077
1790040209.8909295,20.42796850000741,166.1016949152542,-186.4406779661017,11427.0,10168.0,541.1172450308097,496.02414127824227
1790040210.0076513,20.544689400005154,172.88135593220335,-186.4406779661017,11499.0,10247.0,645.9031546347686,691.3892922851045
1790040210.1234982,20.660535900038667,179.66101694915255,-186.4406779661017,11564.0,10311.0,566.4863049276212,584.76005669948
1790040210.242673,20.77971090003848,186.4406779661017,-186.4406779661017,11643.0,10377.0,629.9531173398536,567.8450635176146
1790040210.3607886,20.897826400003396,193.22033898305085,-186.4406779661017,11708.0,10437.0,560.7207127663431,507.31874012192947
1790040210.4799926,21.01703049999196,200.0,-186.4406779661017,11791.0,10506.0,712.1943498897857,589.0990301557487
1790040210.596168,21.133204200014006,-200.0,-179.66101694915255,11888.0,10548.0,835.8059257040641,354.309033722375
1790040210.7176926,21.25472870003432,-193.22033898305085,-179.66101694915255,11975.0,10588.0,738.6320187453781,330.21196132146315
1790040210.835434,21.372470300004352,-186.4406779661017,-179.66101694915255,12060.0,10626.0,708.8395932869358,299.89367408293435
1790040210.9545553,21.491592700011097,-179.66101694915255,-179.66101694915255,12142.0,10660.0,692.5410664836982,292.99814351233385
1790040211.0693653,21.606400699994992,-172.8813559322034,-179.66101694915255,12251.0,10698.0,966.907810518858,340.71989513521663
1790040211.1901386,21.727174900006503,-166.10169491525426,-179.66101694915255,12372.0,10727.0,1040.7173895265232,244.34234362796633
1790040211.3057024,21.842737700033467,-159.32203389830508,-179.66101694915255,12475.0,10749.0,896.8699239746956,190.24513538857178
1790040211.4265604,21.963596799992956,-152.54237288135593,-179.66101694915255,12586.0,10771.0,903.621785659337,173.77342031910328
1790040211.5428138,22.079849000030663,-145.76271186440678,-179.66101694915255,12675.0,10788.0,767.7362891872044,135.48287456244785
1790040211.6650834,22.202117400011048,-138.98305084745763,-179.66101694915255,12786.0,10809.0,919.5866547986628,117.2022207096335
1790040211.7841785,22.321212300041225,-132.20338983050848,-179.66101694915255,12891.0,10823.0,887.6193959735637,124.26671543629891
1790040211.9018004,22.438835000037216,-125.42372881355932,-179.66101694915255,13004.0,10848.0,962.6448800651528,206.92366580839735
1790040212.0179217,22.55495640001027,-118.64406779661017,-179.66101694915255,13119.0,10872.0,994.509020954372,211.79358779583848
1790040212.1299717,22.667006200004835,-111.86440677966102,-179.66101694915255,13199.0,10898.0,729.5446895574984,224.4752890946149
1790040212.2439625,22.780995800043456,-105.08474576271186,-179.66101694915255,13289.0,10911.0,811.2804865401777,101.41006081752221
1790040212.3636425,22.900676000048406,-98.30508474576271,-179.66101694915255,13426.0,10936.0,1157.1801272220998,219.16290288297344
1790040212.4763637,23.013397100032307,-91.52542372881356,-179.66101694915255,13504.0,10955.0,682.5638595587416,177.65360728241217
1790040212.5938914,23.130924400000367,-84.74576271186442,-179.66101694915255,13605.0,10984.0,919.4437270311355,250.7573800994006
1790040212.713005,23.250038099999074,-77.96610169491527,-179.66101694915255,13706.0,11002.0,853.4127267979668,158.36524827178766
1790040212.8342626,23.371295000019018,-71.18644067796612,-179.66101694915255,13805.0,11025.0,835.036405477823,189.389700211465
1790040212.9513714,23.488404100004118,-64.40677966101697,-179.66101694915255,13897.0,11061.0,734.9921491181566,312.37166337521654
1790040213.0685055,23.60553830000572,-57.62711864406779,-179.66101694915255,13973.0,11105.0,655.6346410727505,368.2331545751064
1790040213.190736,23.72776810004143,-50.847457627118644,-179.66101694915255,14064.0,11154.0,760.6193458177557,394.05580566462044
1790040213.308874,23.845905800000764,-44.067796610169495,-179.66101694915255,14125.0,11197.0,521.7217523635862,380.237887315834
1790040213.426024,23.963055500003975,-37.288135593220346,-179.66101694915255,14200.0,11256.0,651.5710451611599,517.686583826675
1790040213.540321,24.077351100044325,-30.508474576271198,-179.66101694915255,14262.0,11314.0,541.9561311589379,523.5847368823637
1790040213.6694975,24.206527700007427,-23.72881355932205,-179.66101694915255,14330.0,11397.0,552.1632087373301,674.8661440122924
1790040213.7862012,24.32323139999062,-16.9491525423729,-179.66101694915255,14387.0,11468.0,459.4627710302275,603.6079540985342
1790040213.9000337,24.437063099991065,-10.169491525423723,-179.66101694915255,14435.0,11527.0,433.6049359410793,544.3125791600783
1790040214.0181398,24.555169700004626,-3.3898305084745743,-179.66101694915255,14473.0,11599.0,310.4119255022515,603.0860266900886
1790040214.1391256,24.67615440004738,3.3898305084745743,-179.66101694915255,14521.0,11679.0,397.9793753874253,675.6394047274895
1790040214.2581046,24.795134700019844,10.169491525423723,-179.66101694915255,14561.0,11755.0,312.6800702264297,670.0287219137779
1790040214.3752594,24.912289200001396,16.94915254237287,-179.66101694915255,14597.0,11843.0,313.47569296572607,761.2981114881919
1790040214.4914908,25.02851900004316,23.72881355932202,-179.66101694915255,14631.0,11947.0,306.3566213570578,844.8015922270382
1790040214.6104734,25.147501200030092,30.50847457627117,-179.66101694915255,14665.0,12036.0,303.7035264119893,736.250973119974
1790040214.7250302,25.26205880002817,37.28813559322032,-179.66101694915255,14687.0,12126.0,184.8135047380194,803.9387456103843
1790040214.8451703,25.382198800041806,44.06779661016947,-179.66101694915255,14711.0,12234.0,201.89535855361223,904.1400839574809
1790040214.9619308,25.49895929999184,50.847457627118644,-179.66101694915255,14724.0,12327.0,107.55569815779148,806.6677361834361
1790040215.089088,25.62611489999108,57.627118644067764,-179.66101694915255,14746.0,12437.0,164.11977101612712,920.8942707016022
1790040215.2071257,25.744153300009202,64.40677966101691,-179.66101694915255,14760.0,12532.0,116.55189293757383,780.0011296591479
1790040215.3213332,25.858359900012147,71.18644067796606,-179.66101694915255,14786.0,12631.0,219.88794875337942,888.7137928782419
1790040215.4406977,25.977724900003523,77.96610169491527,-179.66101694915255,14806.0,12746.0,175.87365235608578,967.3050879584717
1790040215.5603323,26.09735960001126,84.74576271186442,-179.66101694915255,14821.0,12846.0,131.44473542567766,858.7722714477607
1790040215.680463,26.21748920000391,91.52542372881356,-179.66101694915255,14848.0,12932.0,193.25040739264253,708.584827106356
1790040215.7971165,26.334141900006216,98.30508474576271,-179.66101694915255,14875.0,13036.0,243.48058191880156,901.7799330325984
1790040215.914973,26.451999200042337,105.08474576271186,-179.66101694915255,14910.0,13145.0,288.7966745040851,911.5145039035187
1790040216.0287423,26.56576920003863,111.86440677966101,-179.66101694915255,14944.0,13261.0,314.10023673063114,1016.2066482461596
1790040216.1489632,26.68598920002114,118.64406779661016,-179.66101694915255,14969.0,13356.0,199.34054529950708,788.301247320778
1790040216.2627869,26.799811200005934,125.42372881355931,-179.66101694915255,15018.0,13445.0,423.01262245811665,790.8496854651746
1790040216.3831232,26.920148200006224,132.20338983050846,-179.66101694915255,15062.0,13520.0,371.3813529133096,627.8113346867852
1790040216.4984677,27.035492499999236,138.9830508474576,-179.66101694915255,15104.0,13606.0,366.1736138854015,714.038547076533
1790040216.6148024,27.151827300025616,145.76271186440675,-179.66101694915255,15149.0,13702.0,398.40674364544645,870.9356721551619
1790040216.731117,27.268140500003938,152.5423728813559,-179.66101694915255,15220.0,13785.0,615.6955277390202,670.0216037159926
1790040216.8502948,27.387317900022026,159.32203389830505,-179.66101694915255,15283.0,13864.0,514.4165229561394,647.455278893072
1790040216.9725585,27.509582600032445,166.1016949152542,-179.66101694915255,15365.0,13935.0,695.335342959854,599.726733302874
1790040217.086787,27.62381020002067,172.88135593220335,-179.66101694915255,15439.0,14015.0,614.3542493404481,687.7099806049791
1790040217.2096474,27.74667010002304,179.66101694915255,-179.66101694915255,15522.0,14081.0,704.6442458232092,567.3758862472594
1790040217.3278008,27.864823600044474,186.4406779661017,-179.66101694915255,15608.0,14138.0,716.3157018674225,483.51309876051016
1790040217.4430995,27.980122700042557,193.22033898305085,-179.66101694915255,15696.0,14189.0,765.3270406558139,446.44077371589145
1790040217.5626535,28.099677000020165,200.0,-179.66101694915255,15802.0,14248.0,895.6123137340396,479.4692184636778
1790040217.6795287,28.216551600024104,-200.0,-172.8813559322034,15921.0,14290.0,1056.770061738674,383.42984540960737
1790040217.792629,28.3296515000402,-193.22033898305085,-172.8813559322034,16024.0,14320.0,892.8247581047298,241.80670532003097
1790040217.9081085,28.44513070001267,-186.4406779661017,-172.8813559322034,16115.0,14345.0,778.9953854400612,217.39406105304033
1790040218.0207317,28.557753000000957,-179.66101694915255,-172.8813559322034,16209.0,14372.0,848.9613749912625,223.9019010965967
1790040218.1373417,28.67436310002813,-172.8813559322034,-172.8813559322034,16311.0,14396.0,840.0949969482933,217.10320145854772
1790040218.2601438,28.797165399999358,-166.10169491525426,-172.8813559322034,16434.0,14421.0,996.1982919291759,215.39422528198398
1790040218.3786752,28.91569640004309,-159.32203389830508,-172.8813559322034,16563.0,14449.0,1114.4613746610617,238.81315171308466
1790040218.4976113,29.034631000016816,-152.54237288135593,-172.8813559322034,16682.0,14472.0,1028.0878881662761,202.10274724636196
1790040218.617005,29.15402620000532,-145.76271186440678,-172.8813559322034,16799.0,14489.0,953.9041425841174,142.63987178827924
1790040218.7305918,29.2676110000466,-138.98305084745763,-172.8813559322034,16903.0,14507.0,914.0303661802694,156.95470934408667
1790040218.849903,29.38692360004643,-132.20338983050848,-172.8813559322034,17006.0,14527.0,872.4582905852338,170.89389197030354
1790040218.9696121,29.50663140002871,-125.42372881355932,-172.8813559322034,17132.0,14543.0,1050.500169777631,131.31252122220388
1790040219.0844865,29.621506800001953,-118.64406779661017,-172.8813559322034,17240.0,14563.0,909.1969407110188,174.49234215666016
1790040219.1986823,29.73570090002613,-111.86440677966102,-172.8813559322034,17357.0,14582.0,1037.4606671678707,175.99779175169238
1790040219.3188784,29.855896799999755,-105.08474576271186,-172.8813559322034,17465.0,14617.0,915.1417235869857,299.18094809574535
1790040219.4365141,29.97353200003272,-98.30508474576271,-172.8813559322034,17575.0,14641.0,941.675321392087,206.27173706683809
1790040219.5467877,30.083806600014213,-91.52542372881356,-172.8813559322034,17644.0,14657.0,630.7038083796571,152.89789294052292
1790040219.662577,30.199594800011255,-84.74576271186442,-172.8813559322034,17734.0,14689.0,806.1810922940964,287.25992943812633
1790040219.7865617,30.32357880001655,-77.96610169491527,-172.8813559322034,17816.0,14727.0,676.4467395525382,316.2608132972906
1790040219.9066358,30.443652699992526,-71.18644067796612,-172.8813559322034,17912.0,14769.0,782.975818479631,351.8992442605083
1790040220.0230353,30.560052899993025,-64.40677966101697,-172.8813559322034,18002.0,14817.0,791.1723355342166,427.41493988630094
1790040220.1371446,30.674161900009494,-57.62711864406779,-172.8813559322034,18074.0,14877.0,623.8503493071901,532.1076508796621
1790040220.2543924,30.79140919999918,-50.847457627118644,-172.8813559322034,18160.0,14932.0,698.5672936274543,496.3504454721386
1790040220.3749976,30.912012699991465,-44.067796610169495,-172.8813559322034,18219.0,15008.0,492.0405726341905,644.1258405393039
1790040220.4947243,31.03174070001114,-37.288135593220346,-172.8813559322034,18287.0,15080.0,547.2980248665134,617.9171248492894
1790040220.6125906,31.149606999999378,-30.508474576271198,-172.8813559322034,18346.0,15147.0,463.7519853769958,570.7716743101487
1790040220.7371173,31.274132999998983,-23.72881355932205,-172.8813559322034,18414.0,15236.0,549.4368701803553,721.1358921117163
1790040220.851536,31.38855200004764,-16.9491525423729,-172.8813559322034,18459.0,15313.0,399.6783983043612,687.8186389423892
1790040220.970357,31.507372500025667,-10.169491525423723,-172.8813559322034,18498.0,15396.0,316.322782816187,702.9395173693043
1790040221.0920408,31.629054000019096,-3.3898305084745743,-172.8813559322034,18537.0,15468.0,328.3833859047025,604.9167635086625
1790040221.2154517,31.752466700039804,3.3898305084745743,-172.8813559322034,18568.0,15549.0,266.8071276620583,662.7144783864029
1790040221.3298538,31.866867600008845,10.169491525423723,-172.8813559322034,18610.0,15622.0,334.40249242097565,603.7822779823172
1790040221.4469383,31.983953499991912,16.94915254237287,-172.8813559322034,18632.0,15732.0,203.6882384635663,944.3727419674437
1790040221.5634391,32.10045240004547,23.72881355932202,-172.8813559322034,18646.0,15760.0,125.71094029463171,251.42188058926342
1790040221.685354,32.222367500013206,30.50847457627117,-172.8813559322034,18660.0,15812.0,113.79382480955813,437.66855695983895
1790040221.802663,32.339677300013136,37.28813559322032,-172.8813559322034,18683.0,15915.0,208.80389869196503,871.5293162795062
1790040221.916937,32.45394989999477,44.06779661016947,-172.8813559322034,18709.0,15994.0,230.73181671383594,664.5076321358475
1790040222.0367937,32.5738066000049,50.847457627118644,-172.8813559322034,18731.0,16060.0,167.02048634432393,518.6425628586901
1790040222.1533813,32.690394500037655,57.627118644067764,-172.8813559322034,18750.0,16152.0,172.13263277142147,824.4247148525975
1790040222.2691169,32.8061294000363,64.40677966101691,-172.8813559322034,18775.0,16244.0,218.6541110990348,801.731740696461
1790040222.3858175,32.922829499992076,71.18644067796606,-172.8813559322034,18795.0,16356.0,176.4018843427138,993.4211381405461
1790040222.5042682,33.04127940000035,77.96610169491527,-172.8813559322034,18815.0,16441.0,177.59702349422554,728.1477963263246
1790040222.6265209,33.163533300044946,84.74576271186442,-172.8813559322034,18838.0,16550.0,180.3999725078709,859.0474881327186
1790040222.743801,33.280811900040135,91.52542372881356,-172.8813559322034,18865.0,16656.0,221.90190265399184,887.6076106159674
1790040222.8625493,33.39955930004362,98.30508474576271,-172.8813559322034,18899.0,16739.0,276.01287831023336,676.6767339218625
1790040222.980741,33.51775130000897,105.08474576271186,-172.8813559322034,18939.0,16846.0,338.2546416455973,925.7495455563716
1790040223.0981734,33.63518500002101,111.86440677966101,-172.8813559322034,18973.0,16918.0,308.1041355980191,616.2082711960383
1790040223.2165418,33.753552700043656,118.64406779661016,-172.8813559322034,19010.0,17023.0,307.272583340899,875.2612980013487
1790040223.3326716,33.86968280002475,125.42372881355931,-172.8813559322034,19053.0,17107.0,360.6661141960096,712.3155755371189
1790040223.4457734,33.98278370004846,132.20338983050846,-172.8813559322034,19104.0,17162.0,444.59428909855416,481.64381319010033
1790040223.55958,34.096590500033926,138.9830508474576,-172.8813559322034,19148.0,17225.0,404.7529029988141,561.1347064301741
1790040223.673709,34.21071840001969,145.76271186440675,-172.8813559322034,19202.0,17303.0,468.8491909697537,675.1428349964453
1790040223.7907987,34.32780880003702,152.5423728813559,-172.8813559322034,19275.0,17378.0,660.606455437943,632.6935066166216
1790040223.9068658,34.44387550000101,159.32203389830505,-172.8813559322034,19344.0,17450.0,576.7178984345921,585.7291155976326
1790040224.0227156,34.559724499995355,166.1016949152542,-172.8813559322034,19421.0,17502.0,668.4234908979224,448.6678226575096
1790040224.1368446,34.67385409999406,172.88135593220335,-172.8813559322034,19502.0,17566.0,687.8089980363253,550.2471984290603
1790040224.2496817,34.786689800035674,179.66101694915255,-172.8813559322034,19561.0,17606.0,525.6730257912827,356.70669607265614
1790040224.364406,34.90141350001795,186.4406779661017,-172.8813559322034,19649.0,17651.0,761.2234601444111,403.5401475464348
1790040224.477822,35.01482949999627,193.22033898305085,-172.8813559322034,19737.0,17688.0,761.972020829465,334.52430182757
1790040224.5946925,35.13170040003024,200.0,-172.8813559322034,19810.0,17725.0,645.990195529476,314.0230117157175
1790040224.710646,35.247653700003866,-200.0,-166.10169491525426,19905.0,17750.0,859.2196090003108,219.3752193192283
1790040224.8300772,35.367083200020716,-193.22033898305085,-166.10169491525426,20018.0,17781.0,933.0895564269073,228.87102327452442
1790040224.946691,35.48369780002395,-186.4406779661017,-166.10169491525426,20109.0,17805.0,776.536537343548,200.98592731244773
1790040225.065839,35.60284549999051,-179.66101694915255,-166.10169491525426,20235.0,17824.0,1091.7660425669178,168.64678706318244
1790040225.1848967,35.72190360003151,-172.8813559322034,-166.10169491525426,20354.0,17847.0,1010.6671322495159,192.94554342945304
1790040225.303565,35.84057160001248,-166.10169491525426,-166.10169491525426,20490.0,17877.0,1152.4008661728733,258.13779402272365
1790040225.4244435,35.96144919999642,-159.32203389830508,-166.10169491525426,20613.0,17891.0,1033.8934604360074,121.63452475717736
1790040225.5424752,36.07948140002554,-152.54237288135593,-166.10169491525426,20737.0,17909.0,1045.418520608918,160.83361855521815
1790040225.6607866,36.19779310002923,-145.76271186440678,-166.10169491525426,20854.0,17928.0,989.5339116757797,159.03223580503604
1790040225.7761703,36.31317560002208,-138.98305084745763,-166.10169491525426,20957.0,17948.0,910.5700629837171,183.9535480775186
1790040225.8929996,36.430004800029565,-132.20338983050848,-166.10169491525426,21074.0,17969.0,1009.811697688999,183.60212685254527
1790040226.0080163,36.54502140003024,-125.42372881355932,-166.10169491525426,21196.0,17990.0,1040.918126422459,191.74807591992666
1790040226.1187854,36.655789600044955,-118.64406779661017,-166.10169491525426,21300.0,18014.0,914.304870950887,219.05220866531667
1790040226.239697,36.77670059999218,-111.86440677966102,-166.10169491525426,21413.0,18036.0,929.2832791885437,182.38269965382634
1790040226.3595781,36.89658120000968,-105.08474576271186,-166.10169491525426,21527.0,18059.0,948.2739157295057,198.68596329570596
1790040226.4739423,37.01094530004775,-98.30508474576271,-166.10169491525426,21633.0,18087.0,895.1378329427154,258.3903022927426
1790040226.5944984,37.13150150002912,-91.52542372881356,-166.10169491525426,21730.0,18113.0,804.6204667686641,229.89156193390403
1790040226.7102218,37.24722419999307,-84.74576271186442,-166.10169491525426,21820.0,18148.0,715.8038477935573,312.0170618587301
1790040226.8215132,37.358515200030524,-77.96610169491527,-166.10169491525426,21908.0,18196.0,793.5518244748627,444.0111398847446
1790040226.937534,37.47453680000035,-71.18644067796612,-166.10169491525426,21989.0,18246.0,660.7159410028775,422.1240734185051
1790040227.0624151,37.599417500023264,-64.40677966101697,-166.10169491525426,22061.0,18281.0,615.3803483917478,277.3545232188159
1790040227.1800985,37.71710040001199,-57.62711864406779,-166.10169491525426,22151.0,18336.0,755.7032553597337,497.6582413344588
1790040227.297962,37.83496370003559,-50.847457627118644,-166.10169491525426,22230.0,18397.0,689.7546356444052,537.4711446579781
1790040227.4186878,37.955690500035416,-44.067796610169495,-166.10169491525426,22293.0,18445.0,521.3515169091534,408.3920215788368
1790040227.5338883,38.0708905000356,-37.288135593220346,-166.10169491525426,22352.0,18527.0,443.08278551113204,683.0859609963285
1790040227.6534414,38.19044259999646,-30.508474576271198,-166.10169491525426,22400.0,18587.0,430.0312310953504,492.7441189634223
1790040227.7723732,38.30937279999489,-23.72881355932205,-166.10169491525426,22449.0,18658.0,415.31762078307213,583.2119781209097
1790040227.894807,38.43180780002149,-16.9491525423729,-166.10169491525426,22478.0,18713.0,199.66179035745097,442.7283177491304
1790040228.0169115,38.55391240003519,-10.169491525423723,-166.10169491525426,22501.0,18783.0,189.06060945276,601.5564846224182
1790040228.1333127,38.670312500034925,-3.3898305084745743,-166.10169491525426,22548.0,18878.0,368.4401533164068,838.2013487948255
1790040228.251959,38.788958900026046,3.3898305084745743,-166.10169491525426,22578.0,18994.0,258.1014943619423,979.0056682694362
1790040228.363557,38.90055710001616,10.169491525423723,-166.10169491525426,22603.0,19084.0,227.6735275639203,825.316537419211
1790040228.4825163,39.01951690000715,16.94915254237287,-166.10169491525426,22626.0,19205.0,190.42765526005,1070.0220628898048
1790040228.5974467,39.134438700042665,23.72881355932202,-166.10169491525426,22654.0,19309.0,249.67680732243093,915.4816268489134
1790040228.7167463,39.25374600000214,30.50847457627117,-166.10169491525426,22678.0,19405.0,203.00751205954927,803.2036346703906
1790040228.8304937,39.367493300000206,37.28813559322032,-166.10169491525426,22695.0,19513.0,147.85695209904438,951.8291291375982
1790040228.9460974,39.4830969000468,44.06779661016947,-166.10169491525426,22716.0,19628.0,190.07191052543294,986.5637260605805
1790040229.0590868,39.59608540002955,50.847457627118644,-166.10169491525426,22737.0,19734.0,187.1518391284922,973.1895634681596
1790040229.1717746,39.70877309999196,57.627118644067764,-166.10169491525426,22751.0,19833.0,130.49269375870568,894.807042916839
1790040229.2869015,39.8239000000176,64.40677966101691,-166.10169491525426,22766.0,19931.0,136.35781021139985,836.327902629919
1790040229.406149,39.943145200028084,71.18644067796606,-166.10169491525426,22786.0,20041.0,175.28376248338785,955.2965055344637
1790040229.5200963,40.057094599993434,77.96610169491527,-166.10169491525426,22808.0,20140.0,193.46048293417218,875.178375178398
1790040229.6360965,40.173093700024765,84.74576271186442,-166.10169491525426,22840.0,20253.0,269.630745365024,1032.0349219144023
1790040229.754721,40.291717000014614,91.52542372881356,-166.10169491525426,22881.0,20357.0,365.1022775611976,908.3032271034672
1790040229.873669,40.410666200041305,98.30508474576271,-166.10169491525426,22915.0,20445.0,276.3827384175883,757.823637596613
1790040230.0003424,40.53733840002678,105.08474576271186,-166.10169491525426,22947.0,20540.0,256.5598633486382,728.2989669251665
1790040230.1281786,40.66517460002797,111.86440677966101,-166.10169491525426,22991.0,20632.0,362.8167278054906,725.6334556109812
1790040230.2427104,40.77970600000117,118.64406779661016,-166.10169491525426,23034.0,20725.0,376.0708848112996,807.1765332535211
1790040230.361136,40.898131699999794,125.42372881355931,-166.10169491525426,23088.0,20796.0,472.168769194571,596.892595019552
1790040230.4781115,41.0151073000161,132.20338983050846,-166.10169491525426,23139.0,20880.0,447.0308657741428,724.1900025541113
1790040230.5942252,41.13121920003323,138.9830508474576,-166.10169491525426,23201.0,20945.0,561.1424490535074,579.540562137229
1790040230.7139242,41.25091830000747,145.76271186440675,-166.10169491525426,23289.0,21007.0,732.8698298221553,503.29614819111873
1790040230.8294587,41.36645289999433,152.5423728813559,-166.10169491525426,23350.0,21068.0,513.7176368915132,522.8911661217187
1790040230.952908,41.48990240000421,159.32203389830505,-166.10169491525426,23417.0,21140.0,517.8523220070738,560.2992336469978
1790040231.0712945,41.60828829999082,166.1016949152542,-166.10169491525426,23498.0,21194.0,684.3434657742365,471.04160631213676
1790040231.1879654,41.724958700011484,172.88135593220335,-166.10169491525426,23579.0,21244.0,696.308299975917,425.0193519333519
1790040231.299121,41.83611460000975,179.66101694915255,-166.10169491525426,23663.0,21282.0,780.4313501824487,352.1458531311049
1790040231.4161544,41.95314810000127,186.4406779661017,-166.10169491525426,23767.0,21321.0,901.3036460244479,342.4953854892902
1790040231.531529,42.068522400048096,193.22033898305085,-166.10169491525426,23884.0,21360.0,989.066238885118,348.0047877558749
1790040231.6486373,42.1856302000233,200.0,-166.10169491525426,23983.0,21390.0,824.0530333029756,250.79874926612302
1790040231.7627554,42.29974829999264,-200.0,-159.32203389830508,24080.0,21418.0,837.7059741652185,257.75568435852875
1790040231.8818238,42.418816499994136,-193.22033898305085,-159.32203389830508,24172.0,21437.0,765.7345243028166,167.22937887073005
1790040232.0031083,42.540100800048094,-186.4406779661017,-159.32203389830508,24287.0,21463.0,963.6671211982567,227.77586501049703
1790040232.123719,42.660710100026336,-179.66101694915255,-159.32203389830508,24399.0,21490.0,918.6874903370425,225.33844102606702
1790040232.240264,42.77725550002651,-172.8813559322034,-159.32203389830508,24512.0,21505.0,905.9554219046263,109.81277841268198
1790040232.360685,42.89767740003299,-166.10169491525426,-159.32203389830508,24620.0,21524.0,864.0524775482877,169.24739250945842
1790040232.4824154,43.01940520002972,-159.32203389830508,-159.32203389830508,24746.0,21549.0,1014.6291883575136,211.74870017895935
1790040232.5956225,43.13261309999507,-152.54237288135593,-159.32203389830508,24873.0,21568.0,1112.5924723645273,132.00249672121512
1790040232.7173965,43.254387599998154,-145.76271186440678,-159.32203389830508,24989.0,21586.0,956.5024068105231,155.10849840170647
1790040232.8309407,43.36793130001752,-138.98305084745763,-159.32203389830508,25118.0,21604.0,1082.987379241086,148.1008381868152
1790040232.9513142,43.48830329999328,-132.20338983050848,-159.32203389830508,25238.0,21630.0,997.7235429832918,219.68224799632114
1790040233.0662847,43.603274299995974,-125.42372881355932,-159.32203389830508,25353.0,21657.0,963.2081986514015,229.33528539319084
1790040233.1877224,43.72471229999792,-118.64406779661017,-159.32203389830508,25478.0,21690.0,1049.1632706098437,268.79389577607566
1790040233.3027205,43.839709600026254,-111.86440677966102,-159.32203389830508,25594.0,21717.0,1060.2166164236864,239.70114806100736
1790040233.42405,43.961039300018456,-105.08474576271186,-159.32203389830508,25700.0,21753.0,889.5351634225284,326.76801921643903
1790040233.539773,44.07676240004366,-98.30508474576271,-159.32203389830508,25782.0,21790.0,702.9171059739854,246.4774267700988
1790040233.6540027,44.1909910000395,-91.52542372881356,-159.32203389830508,25872.0,21829.0,770.1504360317875,320.8960150132448
1790040233.7740777,44.31106620002538,-84.74576271186442,-159.32203389830508,25954.0,21870.0,711.7773266014481,314.2912870707693
1790040233.8889067,44.42589440004667,-77.96610169491527,-159.32203389830508,26037.0,21908.0,731.6760869340386,329.2542391203174
1790040233.9997003,44.536688500025775,-71.18644067796612,-159.32203389830508,26116.0,21960.0,733.0080174851565,437.90089356256107
1790040234.115029,44.65201690001413,-64.40677966101697,-159.32203389830508,26191.0,22017.0,645.551965255341,500.0754660428698
1790040234.2349539,44.771941800019704,-57.62711864406779,-159.32203389830508,26261.0,22085.0,565.1104513810881,620.6950859431623
1790040234.3483324,44.885320400004275,-50.847457627118644,-159.32203389830508,26326.0,22134.0,585.1206599316049,427.2309580452988
1790040234.4674463,45.00443349999841,-44.067796610169495,-159.32203389830508,26381.0,22218.0,448.1487502230857,694.1912013259563
1790040234.5822175,45.11920449999161,-37.288135593220346,-159.32203389830508,26430.0,22291.0,419.46270479055215,620.0753027338598
1790040234.7057736,45.242760199995246,-30.508474576271198,-159.32203389830508,26487.0,22378.0,447.5209869212507,692.3909608970293
1790040234.818891,45.355877900030464,-23.72881355932205,-159.32203389830508,26540.0,22465.0,459.6187414868851,750.3979452847103
1790040234.932673,45.469659800000954,-16.9491525423729,-159.32203389830508,26575.0,22560.0,294.6007054987181,846.9770283088146
1790040235.0432253,45.58021079999162,-10.169491525423723,-159.32203389830508,26604.0,22635.0,237.1187604248856,673.4172796066752
1790040235.1587083,45.69569449999835,-3.3898305084745743,-159.32203389830508,26635.0,22723.0,273.02934234198443,755.3811804794902
1790040235.2790232,45.8160091000027,3.3898305084745743,-159.32203389830508,26662.0,22807.0,228.39998492708156,712.6079529724944
1790040235.3968565,45.933840800018515,10.169491525423723,-159.32203389830508,26694.0,22900.0,266.87138660206614,765.0313082592563
1790040235.5133843,46.05036590003874,16.94915254237287,-159.32203389830508,26722.0,23004.0,243.17751952549588,918.67062931854
1790040235.6331387,46.170123799995054,23.72881355932202,-159.32203389830508,26741.0,23098.0,157.37704917392048,804.3715846667047
1790040235.7499287,46.286914099997375,30.50847457627117,-159.32203389830508,26758.0,23214.0,153.58734869656854,993.8004915660317
1790040235.866078,46.403061699995305,37.28813559322032,-159.32203389830508,26782.0,23323.0,220.15743095286828,935.6690815496902
1790040235.9862816,46.52326370001538,44.06779661016947,-159.32203389830508,26804.0,23425.0,166.30604510656272,840.2831752752643
1790040236.107115,46.64409910002723,50.847457627118644,-159.32203389830508,26818.0,23535.0,113.84674128604091,875.7441637387763
1790040236.2259889,46.76297290000366,57.627118644067764,-159.32203389830508,26832.0,23626.0,116.00286259058265,776.3268496446685
1790040236.3454635,46.88244570000097,64.40677966101691,-159.32203389830508,26863.0,23726.0,270.4961710629048,829.5215912595746
1790040236.4645627,47.001545100007206,71.18644067796606,-159.32203389830508,26891.0,23836.0,229.09043173164778,916.3617269265911
1790040236.580828,47.1178113000351,77.96610169491527,-159.32203389830508,26912.0,23937.0,155.15238241737023,876.1546301216201
1790040236.7054212,47.242403400014155,84.74576271186442,-159.32203389830508,26949.0,24046.0,317.1431742260333,872.1437291215916
1790040236.820853,47.357834100024775,91.52542372881356,-159.32203389830508,26981.0,24137.0,283.4702982724889,813.8340821371455
1790040236.9396257,47.47660779999569,98.30508474576271,-159.32203389830508,27021.0,24235.0,335.46276628154857,788.7908288241817
1790040237.0606637,47.59764500003075,105.08474576271186,-159.32203389830508,27054.0,24300.0,268.2022834491657,501.79782064682615
1790040237.1769216,47.71390309999697,111.86440677966101,-159.32203389830508,27075.0,24341.0,174.7333706194196,367.8597276198307
1790040237.294583,47.83156310004415,118.64406779661016,-159.32203389830508,27124.0,24415.0,441.41002586333644,657.6108548576237
1790040237.4105163,47.947496800043155,125.42372881355931,-159.32203389830508,27174.0,24501.0,438.1944927100835,730.324154516806
1790040237.5273168,48.06429800001206,132.20338983050846,-159.32203389830508,27226.0,24568.0,450.98797953947195,577.2646138105241
1790040237.6482537,48.18523320002714,138.9830508474576,-159.32203389830508,27298.0,24647.0,613.3676819311827,666.7040020991117
1790040237.763771,48.30075090000173,145.76271186440675,-159.32203389830508,27375.0,24706.0,672.5365169716077,518.0348846943465
1790040237.880818,48.41779600002337,152.5423728813559,-159.32203389830508,27472.0,24755.0,810.657443049084,396.3214166017744
1790040238.0014822,48.538462900032755,159.32203389830505,-159.32203389830508,27564.0,24808.0,745.3625874515478,440.03333476055235
1790040238.1315615,48.66854159999639,166.1016949152542,-159.32203389830508,27646.0,24848.0,636.6876887223458,279.09597313856256
1790040238.2481189,48.785097200016025,172.88135593220335,-159.32203389830508,27669.0,24874.0,175.58645873051597,231.03481411909996
1790040238.3692863,48.90626560000237,179.66101694915255,-159.32203389830508,27696.0,24888.0,217.5068667086188,121.80384535682651
1790040238.4877434,49.02472290000878,186.4406779661017,-159.32203389830508,27776.0,24928.0,710.1755734544392,346.21059205903913
1790040238.6021984,49.13917550002225,193.22033898305085,-159.32203389830508,27855.0,24960.0,696.6022309021705,293.30620248512446
1790040238.718667,49.25564470002428,200.0,-159.32203389830508,27951.0,25000.0,855.4825968462336,354.9342689042884
1790040238.8331625,49.37013980001211,-200.0,-152.54237288135593,28053.0,25027.0,901.3261572615734,250.88460047487095
1790040238.9479103,49.48488770000404,-193.22033898305085,-152.54237288135593,28159.0,25050.0,944.4322016464185,175.92364540472502
1790040239.067086,49.60406240000157,-186.4406779661017,-152.54237288135593,28268.0,25078.0,929.4050479956917,238.98986948460646
1790040239.1852465,49.72222240001429,-179.66101694915255,-152.54237288135593,28383.0,25096.0,990.6256470379191,151.71744143823986
1790040239.3026307,49.83960840001237,-172.8813559322034,-152.54237288135593,28511.0,25114.0,1082.1105485489043,144.28140647318725
1790040239.420722,49.95769870001823,-166.10169491525426,-152.54237288135593,28648.0,25129.0,1131.6470901040072,124.74849812170157
1790040239.5395129,50.076489500002936,-159.32203389830508,-152.54237288135593,28754.0,25151.0,849.6473066299098,196.7604289037686
1790040239.6558459,50.19282110000495,-152.54237288135593,-152.54237288135593,28866.0,25177.0,964.4561516057555,227.46607349192345
1790040239.7759807,50.31295670004329,-145.76271186440678,-152.54237288135593,28971.0,25193.0,862.0900872471233,145.19411995741024
1790040239.8893719,50.42634800000815,-138.98305084745763,-152.54237288135593,29092.0,25217.0,1073.4091568049353,212.83112591821995
1790040240.0046594,50.54163500003051,-132.20338983050848,-152.54237288135593,29192.0,25243.0,862.4540178169444,236.04004698147952
1790040240.1189601,50.655935499991756,-125.42372881355932,-152.54237288135593,29290.0,25275.0,871.1406842883973,287.29107673340764
1790040240.2350628,50.77203819999704,-118.64406779661017,-152.54237288135593,29390.0,25316.0,838.1406254321333,351.47832679412045
1790040240.3511944,50.888169300043955,-111.86440677966102,-152.54237288135593,29494.0,25350.0,900.7824193801749,306.2660225892595
1790040240.4663386,51.003313400025945,-105.08474576271186,-152.54237288135593,29572.0,25399.0,699.9223724844966,427.2253442437836
1790040240.5858092,51.12278390000574,-98.30508474576271,-152.54237288135593,29627.0,25426.0,480.85918180996373,236.05814379761856
1790040240.7172055,51.254179600044154,-91.52542372881356,-152.54237288135593,29732.0,25466.0,830.6344370308968,303.5010442997508
1790040240.8426912,51.37966490001418,-84.74576271186442,-152.54237288135593,29820.0,25515.0,754.8316046222741,372.868623970039
1790040240.9580073,51.49498110002605,-77.96610169491527,-152.54237288135593,29906.0,25551.0,735.388911852741,299.60289001407966
1790040241.068675,51.605647600023076,-71.18644067796612,-152.54237288135593,29982.0,25601.0,693.4476797007229,474.96416417857733
1790040241.1914227,51.728395999991335,-64.40677966101697,-152.54237288135593,30057.0,25671.0,617.5063037459528,591.7768744232048
1790040241.3063488,51.84332089999225,-57.62711864406779,-152.54237288135593,30113.0,25721.0,466.0718007529146,438.6558124733314
1790040241.4301171,51.96708990004845,-50.847457627118644,-152.54237288135593,30175.0,25807.0,531.1992554769181,686.8955889787734
1790040241.5472903,52.08426259999396,-44.067796610169495,-152.54237288135593,30228.0,25862.0,449.113184643204,494.9410606272044
1790040241.6704762,52.207448600034695,-37.288135593220346,-152.54237288135593,30281.0,25952.0,417.2432145369995,715.2740820634277
1790040241.7861023,52.32307460001903,-30.508474576271198,-152.54237288135593,30319.0,26034.0,298.581736732924,741.9303761242354
1790040241.9055429,52.44251369999256,-23.72881355932205,-152.54237288135593,30351.0,26121.0,261.15185985316424,738.4293968261886
1790040242.0234587,52.56042900000466,-16.9491525423729,-152.54237288135593,30391.0,26229.0,322.78976440267917,932.5037638299619
1790040242.13973,52.67670170002384,-10.169491525423723,-152.54237288135593,30418.0,26341.0,238.49185087221238,990.6584574691899
1790040242.2565167,52.79348560003564,-3.3898305084745743,-152.54237288135593,30446.0,26458.0,247.0801079349114,1024.9248921744475
1790040242.3795664,52.91653149999911,3.3898305084745743,-152.54237288135593,30463.0,26570.0,125.90811227820481,953.3042786778365
1790040242.499862,53.03683140000794,10.169491525423723,-152.54237288135593,30485.0,26656.0,175.60387979324705,693.6353251833259
1790040242.6144187,53.151387999998406,16.94915254237287,-152.54237288135593,30506.0,26753.0,197.57676796710643,827.9407419573984
1790040242.7315571,53.26852650003275,23.72881355932202,-152.54237288135593,30528.0,26867.0,188.15231740420546,976.6001236694474
1790040242.8511465,53.38811540004099,30.50847457627117,-152.54237288135593,30549.0,26972.0,174.83724032266122,892.5901216472705
1790040242.9704018,53.50736990000587,37.28813559322032,-152.54237288135593,30568.0,27086.0,159.10969286192451,972.3370119339831
1790040243.0934036,53.630372400046326,44.06779661016947,-152.54237288135593,30586.0,27214.0,146.92524356601254,1063.047350507032
1790040243.218393,53.75536120001925,50.847457627118644,-152.54237288135593,30613.0,27317.0,210.77944400094458,861.4464233082083
1790040243.3294647,53.86643340002047,57.627118644067764,-152.54237288135593,30649.0,27423.0,322.82291555057344,949.4791633840395
1790040243.447363,53.98433170001954,64.40677966101691,-152.54237288135593,30688.0,27536.0,321.04961827084657,972.0668997645076
1790040243.5651248,54.10209300002316,71.18644067796606,-152.54237288135593,30723.0,27660.0,304.8158128318375,1053.0000806918022
1790040243.689682,54.22664920001989,77.96610169491527,-152.54237288135593,30750.0,27772.0,228.07977875157553,886.0022174580434
1790040243.8043213,54.34128849999979,84.74576271186442,-152.54237288135593,30785.0,27858.0,313.2459745779865,737.0493519482035
1790040243.9229035,54.45987120002974,91.52542372881356,-152.54237288135593,30817.0,27938.0,230.82488824385678,701.3525450486417
1790040244.0455303,54.58249760000035,98.30508474576271,-152.54237288135593,30862.0,28047.0,337.3063407207614,890.8346947240622
1790040244.1612127,54.698179800005164,105.08474576271186,-152.54237288135593,30912.0,28134.0,421.19805571927947,748.7965435009413
1790040244.2805874,54.81755340000382,111.86440677966101,-152.54237288135593,30972.0,28203.0,473.8766709716683,544.0806222267303
1790040244.403542,54.9405077000265,118.64406779661016,-152.54237288135593,31050.0,28291.0,637.7996255163785,689.513108666355
1790040244.5241926,55.06115810002666,125.42372881355931,-152.54237288135593,31111.0,28369.0,492.69115092840946,671.8515694478311
1790040244.6402953,55.177260700031184,132.20338983050846,-152.54237288135593,31171.0,28436.0,507.54474334932695,580.0511352563736
1790040244.7564418,55.2934073000215,138.9830508474576,-152.54237288135593,31242.0,28510.0,619.9017638571314,629.0179662667952
1790040244.8826368,55.41960110003129,145.76271186440675,-152.54237288135593,31316.0,28580.0,620.9506939091798,547.8976710963351
1790040244.9990962,55.53606020001462,152.5423728813559,-152.54237288135593,31407.0,28641.0,770.8037666911621,525.9602172716164
1790040245.1155999,55.652565099997446,159.32203389830505,-152.54237288135593,31497.0,28696.0,776.8686890638982,493.54010834647653
1790040245.2354026,55.772367500001565,166.1016949152542,-152.54237288135593,31596.0,28739.0,845.0644710295861,378.5184609820021
1790040245.3516324,55.88859680003952,172.88135593220335,-152.54237288135593,31685.0,28797.0,750.7660595587566,509.7794231571804
1790040245.471025,56.007989200006705,179.66101694915255,-152.54237288135593,31778.0,28842.0,785.9462216435874,388.55768261031284
1790040245.5877938,56.12475820002146,186.4406779661017,-152.54237288135593,31878.0,28881.0,844.490641836156,341.3898339337652
1790040245.7013717,56.238335700007156,193.22033898305085,-152.54237288135593,31967.0,28909.0,765.2894224235698,248.94957114983598
1790040245.816009,56.35297290002927,200.0,-152.54237288135593,32070.0,28934.0,877.7968225515968,203.27926416984346
1790040245.9373088,56.474271500017494,-200.0,-145.76271186440678,32197.0,28964.0,1055.7248286641259,238.68561343710675
1790040246.0530338,56.58999649999896,-193.22033898305085,-145.76271186440678,32319.0,28983.0,1048.882483711135,164.1729104939168
1790040246.1688685,56.70583120000083,-186.4406779661017,-145.76271186440678,32463.0,28999.0,1259.2655668623274,135.89196764701376
1790040246.2815778,56.818539900006726,-179.66101694915255,-145.76271186440678,32590.0,29029.0,1109.1537808386054,279.61860021141314
1790040246.4017694,56.93873200000962,-172.8813559322034,-145.76271186440678,32712.0,29050.0,993.9664495005078,156.9420709737644
1790040246.5216923,57.05865409999387,-166.10169491525426,-145.76271186440678,32810.0,29062.0,822.9474317583848,73.15088282296755
1790040246.647114,57.18407479999587,-159.32203389830508,-145.76271186440678,32947.0,29083.0,1128.247741586085,179.0869431089024
1790040246.7651386,57.30209940002533,-152.54237288135593,-145.76271186440678,33071.0,29105.0,1065.2254862192315,200.29880937455636
1790040246.8780434,57.41500470001483,-145.76271186440678,-145.76271186440678,33185.0,29129.0,981.1470264893243,214.91792008813772
1790040246.994433,57.531394299992826,-138.98305084745763,-145.76271186440678,33298.0,29149.0,980.0994843545251,170.84302938289886
1790040247.1122496,57.649208799994085,-132.20338983050848,-145.76271186440678,33414.0,29177.0,996.2116537598097,255.90758078233642
1790040247.2311294,57.76809000002686,-125.42372881355932,-145.76271186440678,33524.0,29204.0,913.0490826892789,241.6894630648091
1790040247.3482833,57.885241400043014,-118.64406779661017,-145.76271186440678,33639.0,29243.0,981.8930003805008,339.1994001314457
1790040247.465397,58.0023570000194,-111.86440677966102,-145.76271186440678,33717.0,29287.0,665.3214416380117,355.44570169701996
1790040247.584419,58.121377900009975,-105.08474576271186,-145.76271186440678,33811.0,29311.0,811.4746113670915,207.3768451271456
1790040247.7022703,58.239228999998886,-98.30508474576271,-145.76271186440678,33911.0,29356.0,834.5994416616036,367.94168933468546
1790040247.8196619,58.35662070004037,-91.52542372881356,-145.76271186440678,33957.0,29382.0,404.5060172810692,233.71458776239552
1790040247.940844,58.477802800014615,-84.74576271186442,-145.76271186440678,34033.0,29433.0,649.7669500678527,389.8601700407116
1790040248.0636814,58.60063900001114,-77.96610169491527,-145.76271186440678,34110.0,29503.0,628.8850497347248,530.0602562049824
1790040248.1804905,58.71744820004096,-71.18644067796612,-145.76271186440678,34192.0,29578.0,684.5613402300187,612.5022517847536
1790040248.2986631,58.83562070003245,-64.40677966101697,-145.76271186440678,34268.0,29646.0,649.5031745979505,560.5301369817929
1790040248.425654,58.96261210000375,-57.62711864406779,-145.76271186440678,34309.0,29711.0,320.97685095003607,498.35879489610863
1790040248.5458164,59.08277390000876,-50.847457627118644,-145.76271186440678,34374.0,29786.0,503.68182411441063,638.5965984307705
1790040248.6639156,59.20087230001809,-44.067796610169495,-145.76271186440678,34426.0,29870.0,402.3997658883449,722.4904887540738
1790040248.7830625,59.320020300045144,-37.288135593220346,-145.76271186440678,34479.0,29951.0,451.3937445593085,663.8143302342772
1790040248.9061446,59.443101400043815,-30.508474576271198,-145.76271186440678,34511.0,30018.0,249.13511464626507,549.8154254262402
1790040249.026158,59.56311480002478,-23.72881355932205,-145.76271186440678,34543.0,30111.0,271.9679875642751,725.2479668380671
1790040249.137727,59.67468240001472,-16.9491525423729,-145.76271186440678,34580.0,30191.0,312.15650953467417,709.4466125788049
1790040249.2559254,59.79288100003032,-10.169491525423723,-145.76271186440678,34612.0,30299.0,252.03246174951917,873.11245677512
1790040249.3765883,59.91354450001381,-3.3898305084745743,-145.76271186440678,34646.0,30388.0,288.66845121788714,752.2874789314635
1790040249.4924796,60.02943360002246,3.3898305084745743,-145.76271186440678,34678.0,30502.0,274.3950959675406,1006.1153518809823
1790040249.6108706,60.14782620000187,10.169491525423723,-145.76271186440678,34699.0,30619.0,171.4021780700915,992.3283993531614
1790040249.730827,60.26778170000762,16.94915254237287,-145.76271186440678,34722.0,30739.0,201.05685977847475,970.3178884961173
1790040249.8594444,60.396398000011686,23.72881355932202,-145.76271186440678,34749.0,30870.0,228.83860741705524,1089.271771305183
1790040249.978966,60.515920000034384,30.50847457627117,-145.76271186440678,34761.0,30976.0,106.95101378006865,891.2584481672387
1790040250.0970273,60.633982400002424,37.28813559322032,-145.76271186440678,34781.0,31089.0,179.1947704334561,958.6920218189903
1790040250.2097087,60.74666210002033,44.06779661016947,-145.76271186440678,34806.0,31193.0,204.6279398639102,902.2231893999676
1790040250.3326976,60.86965100001544,50.847457627118644,-145.76271186440678,34840.0,31304.0,283.2392299880322,955.9324012096087
1790040250.4499106,60.98686390003422,57.627118644067764,-145.76271186440678,34866.0,31397.0,226.11788155291958,814.0243735905105
1790040250.568463,61.105417000013404,64.40677966101691,-145.76271186440678,34902.0,31487.0,266.9751713375677,756.4296521231086
1790040250.686631,61.22358360001817,71.18644067796606,-145.76271186440678,34941.0,31582.0,295.024808839339,804.6131150163792
1790040250.8133838,61.350337300042156,77.96610169491527,-145.76271186440678,34988.0,31705.0,373.1087507377722,963.1411937649468
1790040250.927027,61.46397969999816,84.74576271186442,-145.76271186440678,35030.0,31802.0,352.5451376325794,857.5422266738418
1790040251.0440917,61.58104469999671,91.52542372881356,-145.76271186440678,35082.0,31890.0,434.17617777953245,741.7176370400346
1790040251.164117,61.7010689000017,98.30508474576271,-145.76271186440678,35140.0,31973.0,483.22753024019624,689.0466634906502
1790040251.2781632,61.81511490000412,105.08474576271186,-145.76271186440678,35192.0,32042.0,442.62109137034975,599.3827278973486
1790040251.3928905,61.929842000012286,111.86440677966101,-145.76271186440678,35274.0,32115.0,720.5031485551012,620.1799253385682
1790040251.506689,62.04364089999581,118.64406779661016,-145.76271186440678,35341.0,32184.0,598.4853714443545,616.9003059503347
1790040251.6233575,62.16030920000048,125.42372881355931,-145.76271186440678,35413.0,32255.0,618.4175498915491,591.5298303310469
1790040251.739985,62.276936000038404,132.20338983050846,-145.76271186440678,35476.0,32312.0,530.3653081798416,492.48207188128146
1790040251.8580642,62.395014100009575,138.9830508474576,-145.76271186440678,35563.0,32366.0,761.3131126579093,474.7011173043434
1790040251.9783514,62.51530210004421,145.76271186440675,-145.76271186440678,35632.0,32418.0,552.137561026079,368.09170735071933
1790040252.1052465,62.6421960000298,152.5423728813559,-145.76271186440678,35717.0,32464.0,648.6724385714205,369.496958679923
1790040252.2196903,62.756639900035225,159.32203389830505,-145.76271186440678,35810.0,32502.0,788.9749013263489,302.7461830670874
1790040252.344511,62.88145889999578,166.1016949152542,-145.76271186440678,35908.0,32552.0,854.437646620377,418.3184311578929
1790040252.467339,63.004286600044,172.88135593220335,-145.76271186440678,36004.0,32599.0,811.2917387198595,387.617164055044
1790040252.588842,63.12579130002996,179.66101694915255,-145.76271186440678,36114.0,32633.0,915.0725524214139,252.73432400210478
1790040252.7092323,63.24618080002256,186.4406779661017,-145.76271186440678,36216.0,32669.0,838.0207238842412,303.8976251448347
1790040252.8195636,63.356511700025294,193.22033898305085,-145.76271186440678,36327.0,32701.0,1019.8508730992962,305.0021302726867
1790040252.9363885,63.47333730000537,200.0,-145.76271186440678,36435.0,32718.0,942.8159669204517,152.6463946442636
1790040253.0562234,63.593171900021844,-200.0,-138.98305084745763,36543.0,32741.0,904.0059752984752,193.0886549181209
1790040253.1730623,63.71001010003965,-193.22033898305085,-138.98305084745763,36648.0,32759.0,853.2237333935868,145.2295716414616
1790040253.2891512,63.8260983999935,-186.4406779661017,-138.98305084745763,36755.0,32775.0,867.9849185882596,135.62264352941557
1790040253.405355,63.94230230001267,-179.66101694915255,-138.98305084745763,36884.0,32793.0,1114.1364898675808,144.92832388521376
1790040253.5247617,64.0617096000351,-172.8813559322034,-138.98305084745763,36999.0,32820.0,955.5980068581016,201.6399464012508
1790040253.6388874,64.17583449999802,-166.10169491525426,-138.98305084745763,37110.0,32834.0,973.2762220964178,128.54591612594197
1790040253.7574975,64.29444299999159,-159.32203389830508,-138.98305084745763,37219.0,32854.0,863.7382417376759,167.45945503077388
1790040253.8734367,64.41038360004313,-152.54237288135593,-138.98305084745763,37325.0,32870.0,933.0320798701008,146.357973312957
1790040253.9920092,64.52895520004677,-145.76271186440678,-138.98305084745763,37431.0,32888.0,879.9661353283282,148.20482279213948
1790040254.1081085,64.64505430002464,-138.98305084745763,-138.98305084745763,37542.0,32920.0,978.3982352291677,289.89577340123486
1790040254.230413,64.76735880004708,-132.20338983050848,-138.98305084745763,37641.0,32956.0,795.9521125051941,308.1104951633009
1790040254.3447227,64.88166800001636,-125.42372881355932,-138.98305084745763,37740.0,32987.0,842.9609977905376,259.3726147047808
1790040254.4630897,65.00003450002987,-118.64406779661017,-138.98305084745763,37839.0,33033.0,821.422704228253,388.63009662411974
1790040254.5800822,65.11702720000176,-111.86440677966102,-138.98305084745763,37927.0,33072.0,748.7177082585946,324.7450300880651
1790040254.6995971,65.23654250003165,-105.08474576271186,-138.98305084745763,38020.0,33114.0,780.1898404263887,350.647119292759
1790040254.8097863,65.34672960004536,-98.30508474576271,-138.98305084745763,38105.0,33154.0,783.2132565400442,362.95248473806924
1790040254.9267926,65.46373570000287,-91.52542372881356,-138.98305084745763,38178.0,33210.0,578.2765011351182,460.81408684204735
1790040255.0452893,65.58223300002282,-84.74576271186442,-138.98305084745763,38258.0,33261.0,646.6626451348947,425.20283515719103
1790040255.161449,65.69839330000104,-77.96610169491527,-138.98305084745763,38315.0,33318.0,481.7327836545509,472.643485849748
1790040255.2799718,65.8169149000314,-71.18644067796612,-138.98305084745763,38381.0,33396.0,591.1767329751816,654.8419196032781
1790040255.3960152,65.93295800004853,-64.40677966101697,-138.98305084745763,38443.0,33470.0,511.57296813432447,630.3309785940784
1790040255.517354,66.05429689999437,-57.62711864406779,-138.98305084745763,38508.0,33534.0,543.5035792271053,534.8765382869925
1790040255.633636,66.17057850002311,-50.847457627118644,-138.98305084745763,38560.0,33620.0,383.4138805002028,684.6676437503622
1790040255.7493813,66.28632230003132,-44.067796610169495,-138.98305084745763,38601.0,33723.0,326.36986943593956,888.4513112422799
1790040255.8711936,66.40813580004033,-37.288135593220346,-138.98305084745763,38651.0,33823.0,403.0096055445626,797.2581327077216
1790040255.986103,66.5230458000442,-30.508474576271198,-138.98305084745763,38691.0,33929.0,333.8690694522541,945.9623634480533
1790040256.1069462,66.64388819999294,-23.72881355932205,-138.98305084745763,38716.0,34019.0,201.89642181377982,772.4732660701142
1790040256.2180316,66.75497360003646,-16.9491525423729,-138.98305084745763,38734.0,34108.0,151.52046049694042,823.8925039521134
1790040256.33256,66.86950200004503,-10.169491525423723,-138.98305084745763,38754.0,34221.0,173.68300287094306,996.391963838568
1790040256.4509583,66.98789930000203,-3.3898305084745743,-138.98305084745763,38777.0,34336.0,208.36353094724532,996.5212349650863
1790040256.566423,67.10336370003643,3.3898305084745743,-138.98305084745763,38797.0,34438.0,163.8053810143684,855.4281008528128
1790040256.6805167,67.21745709999232,10.169491525423723,-138.98305084745763,38816.0,34532.0,174.8576750142888,837.4762329631726
1790040256.8012302,67.33817090000957,16.94915254237287,-138.98305084745763,38838.0,34636.0,173.54422429120075,867.7211214560037
1790040256.91529,67.45223019999685,23.72881355932202,-138.98305084745763,38858.0,34756.0,174.6442313346992,1029.4817847098059
1790040257.031232,67.56817210000008,30.50847457627117,-138.98305084745763,38884.0,34853.0,242.93934174841561,840.9438752829772
1790040257.1466808,67.68362070003059,37.28813559322032,-138.98305084745763,38903.0,34944.0,163.21023651757952,797.9167118637222
1790040257.258852,67.7957912000129,44.06779661016947,-138.98305084745763,38923.0,35045.0,186.843420467226,924.8749313127687
1790040257.3721817,67.90912100003334,50.847457627118644,-138.98305084745763,38948.0,35146.0,231.4632644353672,898.0774660092247
1790040257.487637,68.02457609999692,57.627118644067764,-138.98305084745763,38973.0,35241.0,229.32476698337229,788.8771984228007
1790040257.6048796,68.14181760000065,64.40677966101691,-138.98305084745763,39002.0,35341.0,257.8622665998976,856.4710997782314
1790040257.72484,68.26177710003685,71.18644067796606,-138.98305084745763,39051.0,35448.0,405.22921864120633,863.3144223225701
1790040257.8437524,68.38069100002758,77.96610169491527,-138.98305084745763,39102.0,35542.0,428.9061285416614,822.0700797048511
1790040257.9578934,68.49483189999592,84.74576271186442,-138.98305084745763,39141.0,35611.0,339.26621291047667,605.1775689754448
1790040258.07364,68.61057780002011,91.52542372881356,-138.98305084745763,39196.0,35703.0,456.1219779580811,830.1419998837076
1790040258.1928592,68.7297957999981,98.30508474576271,-138.98305084745763,39246.0,35782.0,412.0786385616695,648.8046649694371
1790040258.310713,68.84764960000757,105.08474576271186,-138.98305084745763,39319.0,35849.0,642.8204101856962,589.2520426702216
1790040258.429187,68.9661229000194,111.86440677966101,-138.98305084745763,39399.0,35917.0,672.6343774105991,598.9210209820402
1790040258.5520582,69.08899390004808,118.64406779661016,-138.98305084745763,39478.0,35978.0,663.8441645215942,515.3527066680797
1790040258.6640043,69.20094010001048,125.42372881355931,-138.98305084745763,39556.0,36043.0,690.2733859046708,576.8037882217112
1790040258.784475,69.32141050003702,132.20338983050846,-138.98305084745763,39629.0,36105.0,571.5089594356167,527.5467317867232
1790040258.9015799,69.43851629999699,138.9830508474576,-138.98305084745763,39719.0,36161.0,759.2863430704274,451.9561565895401
1790040259.0182476,69.555183199991,145.76271186440675,-138.98305084745763,39834.0,36218.0,1030.9607549092707,483.5479646919588
1790040259.1388474,69.67578109999886,152.5423728813559,-138.98305084745763,39941.0,36262.0,887.7273469478192,372.8454857180841
1790040259.257506,69.79444140003761,159.32203389830505,-138.98305084745763,40018.0,36295.0,684.0375727897369,273.6150291158948
1790040259.3769705,69.91390480002156,166.1016949152542,-138.98305084745763,40123.0,36353.0,918.6006126542908,463.6745949588325
1790040259.4967809,70.033716200036,172.88135593220335,-138.98305084745763,40265.0,36393.0,1185.0400546051894,307.2326067494935
1790040259.617585,70.15451880003093,179.66101694915255,-138.98305084745763,40380.0,36433.0,942.8309042820258,344.4959073338171
1790040259.7368279,70.27376100001857,186.4406779661017,-138.98305084745763,40513.0,36467.0,1103.7858970598793,291.39947682380813
1790040259.8573272,70.3942609000369,193.22033898305085,-138.98305084745763,40655.0,36490.0,1150.9127793609446,202.06865591833377
1790040259.9742794,70.51121339999372,200.0,-138.98305084745763,40766.0,36511.0,955.6626619879779,180.31370980905245
1790040260.0891275,70.62606120004784,-200.0,-132.20338983050848,40876.0,36533.0,920.4528262117204,164.04109774070264
1790040260.2064996,70.74343289999524,-193.22033898305085,-132.20338983050848,41000.0,36560.0,1094.7441243442079,248.38732233019846
1790040260.3227031,70.85963520000223,-186.4406779661017,-132.20338983050848,41139.0,36591.0,1215.2943445508286,279.06759023019026
1790040260.4340866,70.97101949999342,-179.66101694915255,-132.20338983050848,41198.0,36604.0,468.94933342120487,124.41512927501353
1790040260.555671,71.09260380000342,-172.8813559322034,-132.20338983050848,41245.0,36616.0,387.6807131629522,103.38152351012057
1790040260.6737983,71.21073059999617,-166.10169491525426,-132.20338983050848,41287.0,36631.0,319.18638470568226,118.55494289068199
1790040260.7942758,71.33120740001323,-159.32203389830508,-132.20338983050848,41322.0,36647.0,306.371476216643,140.05553198475107
1790040260.9135754,71.45050600002287,-152.54237288135593,-132.20338983050848,41363.0,36661.0,352.3403327374033,123.31911645809116
1790040261.032632,71.56956289999653,-145.76271186440678,-132.20338983050848,41399.0,36681.0,302.1872865867323,164.82942904730854
1790040261.1555746,71.69250530004501,-138.98305084745763,-132.20338983050848,41437.0,36699.0,305.13360374429885,161.5413196293347
1790040261.2745035,71.81143330002669,-132.20338983050848,-132.20338983050848,41530.0,36732.0,770.9198403370177,274.69557529250056
1790040261.3912923,71.92822340002749,-125.42372881355932,-132.20338983050848,41652.0,36778.0,1029.964680332535,355.4745356899899
1790040261.513404,72.05033380002715,-118.64406779661017,-132.20338983050848,41766.0,36818.0,938.0665661688539,324.3781583948373
1790040261.6341841,72.17111440002918,-111.86440677966102,-132.20338983050848,41867.0,36872.0,836.8105011547973,431.61804796405335
1790040261.7491293,72.28605940000853,-105.08474576271186,-132.20338983050848,41948.0,36929.0,673.5048646552102,509.67935703637534
1790040261.8683264,72.40525640000124,-98.30508474576271,-132.20338983050848,42019.0,36991.0,598.5425489197596,545.7299710738985
1790040261.989708,72.52663710003253,-91.52542372881356,-132.20338983050848,42088.0,37058.0,578.9237204366095,509.79850008596964
1790040262.1098535,72.64678220002679,-84.74576271186442,-132.20338983050848,42158.0,37140.0,608.4912686235476,653.901064789484
1790040262.2219071,72.75883579999208,-77.96610169491527,-132.20338983050848,42216.0,37219.0,508.7308579185558,697.1496941846875
1790040262.3404357,72.87736460001906,-71.18644067796612,-132.20338983050848,42285.0,37306.0,596.5290910994582,721.1769608814345
1790040262.457451,72.99437990004662,-64.40677966101697,-132.20338983050848,42332.0,37395.0,412.2802143693142,797.6725886710644
1790040262.5756562,73.11258469999302,-57.62711864406779,-132.20338983050848,42376.0,37479.0,359.2380836986135,736.8986332279252
1790040262.6917949,73.2287226000335,-50.847457627118644,-132.20338983050848,42412.0,37570.0,306.2922333808517,783.7477736510028
1790040262.806217,73.34314480004832,-44.067796610169495,-132.20338983050848,42450.0,37652.0,338.6175982353694,732.1461583467448
1790040262.92149,73.45841780002229,-37.288135593220346,-132.20338983050848,42490.0,37740.0,345.26810076591596,772.3102253974437
1790040263.0360153,73.57294300000649,-30.508474576271198,-132.20338983050848,42528.0,37841.0,340.2605476248138,864.4457155873648
1790040263.1559875,73.6929149000207,-23.72881355932205,-132.20338983050848,42545.0,37928.0,149.08309243161477,689.5093024962183
1790040263.2720988,73.80902440001955,-16.9491525423729,-132.20338983050848,42554.0,37989.0,63.08488700569025,531.7154761908178
1790040263.3937933,73.93071909999708,-10.169491525423723,-132.20338983050848,42570.0,38104.0,124.1636689958421,957.8340179679248
1790040263.5151267,74.05205250001745,-3.3898305084745743,-132.20338983050848,42589.0,38204.0,164.85614125801933,832.9573453036766
1790040263.6340077,74.17093340004794,3.3898305084745743,-132.20338983050848,42615.0,38315.0,229.4577912723707,899.4745417876932
1790040263.7515337,74.28845900000306,10.169491525423723,-132.20338983050848,42644.0,38427.0,254.1988197398265,971.402632577194
1790040263.8700063,74.40693050000118,16.94915254237287,-132.20338983050848,42676.0,38539.0,280.53206983258167,932.0904255727713
1790040263.985888,74.52281270001549,23.72881355932202,-132.20338983050848,42700.0,38643.0,211.89719851349912,893.6534024264962
1790040264.1100633,74.64698740001768,30.50847457627117,-132.20338983050848,42725.0,38761.0,195.77383859952272,927.7977568412164
1790040264.2231965,74.76012150000315,37.28813559322032,-132.20338983050848,42750.0,38874.0,213.60000520160028,1012.2782855206275
1790040264.3382576,74.87518160004402,44.06779661016947,-132.20338983050848,42774.0,38981.0,201.16272056883068,896.0884825338821
1790040264.4550266,74.99195070000133,50.847457627118644,-132.20338983050848,42808.0,39103.0,296.41499539651363,1006.0145298305918
1790040264.5690773,75.10600160004105,57.627118644067764,-132.20338983050848,42843.0,39202.0,322.336738696541,847.285141716622
1790040264.6863058,75.22322919999715,64.40677966101691,-132.20338983050848,42888.0,39306.0,390.7595365221037,890.56824602712
1790040264.8039558,75.3408784000203,71.18644067796606,-132.20338983050848,42938.0,39420.0,430.16611579773473,958.9119664657837
1790040264.9249392,75.46186250000028,77.96610169491527,-132.20338983050848,42998.0,39507.0,502.4329013406617,744.9867157809812
1790040265.041503,75.57842640002491,84.74576271186442,-132.20338983050848,43058.0,39579.0,507.0475077017518,561.3740263840823
1790040265.1552176,75.69214009999996,91.52542372881356,-132.20338983050848,43107.0,39654.0,408.72543239688963,636.8512551300373
1790040265.2709901,75.80791200004751,98.30508474576271,-132.20338983050848,43174.0,39737.0,582.0213602650496,718.4326165771705
1790040265.3880813,75.92500350001501,105.08474576271186,-132.20338983050848,43242.0,39819.0,557.423123057141,692.2835560548364
1790040265.5086873,76.04560930002481,111.86440677966101,-132.20338983050848,43321.0,39886.0,651.5535210533648,538.6175774041149
1790040265.6276112,76.16453250002814,118.64406779661016,-132.20338983050848,43399.0,39954.0,583.1413825947153,564.9182143886304
1790040265.7454605,76.28238029999193,125.42372881355931,-132.20338983050848,43472.0,40008.0,644.7689980912272,465.66649862144186
1790040265.8654504,76.40237200004049,132.20338983050846,-132.20338983050848,43555.0,40058.0,708.8264845072704,398.71489753533956
1790040265.9780445,76.51496600004612,138.9830508474576,-132.20338983050848,43644.0,40103.0,800.2210839749912,409.4154383127862
1790040266.0971394,76.63405940000666,145.76271186440675,-132.20338983050848,43738.0,40155.0,842.6081285506175,476.2567683112186
1790040266.2124617,76.74938250001287,152.5423728813559,-132.20338983050848,43853.0,40192.0,985.378083691646,328.45936123054867
1790040266.3294015,76.86632210004609,159.32203389830505,-132.20338983050848,43979.0,40250.0,1105.6378541530446,494.3909103936378
1790040266.4496841,76.98660500004189,166.1016949152542,-132.20338983050848,44090.0,40277.0,897.5831255595301,211.19602954341883
1790040266.5643902,77.10130909999134,172.88135593220335,-132.20338983050848,44228.0,40296.0,1094.5739485488912,165.56580734352974
1790040266.6833026,77.22022090002429,179.66101694915255,-132.20338983050848,44352.0,40326.0,1056.9303541792408,239.80772741881933
1790040266.801553,77.33847230003448,186.4406779661017,-132.20338983050848,44486.0,40354.0,1155.0532679968087,252.66790237430192
1790040266.9240232,77.46094260003883,193.22033898305085,-132.20338983050848,44616.0,40377.0,1127.0568785350042,210.75047322199265
1790040267.0476234,77.58454200002598,200.0,-132.20338983050848,44760.0,40402.0,1232.0431956421166,215.83238463803502
1790040267.1649616,77.70187910000095,-200.0,-125.42372881355932,44889.0,40418.0,1080.3588950650283,126.04187109091997
1790040267.2827806,77.81969810003648,-193.22033898305085,-125.42372881355932,45053.0,40437.0,1410.2560652230227,170.66793146011102
1790040267.4021344,77.93905300000915,-186.4406779661017,-125.42372881355932,45162.0,40457.0,906.7053526809849,168.89609510724227
1790040267.5254662,78.0623845999944,-179.66101694915255,-125.42372881355932,45285.0,40481.0,1016.1204520449052,187.8542012183858
1790040267.6469436,78.18386140000075,-172.8813559322034,-125.42372881355932,45411.0,40507.0,1082.910569684538,220.2529972239738
1790040267.7637467,78.30066410003928,-166.10169491525426,-125.42372881355932,45546.0,40530.0,1162.8562251057956,205.73610136487153
1790040267.881474,78.41838430002099,-159.32203389830508,-125.42372881355932,45683.0,40561.0,1109.8458668647365,270.69411386944796
1790040267.993876,78.53079330001492,-152.54237288135593,-125.42372881355932,45798.0,40589.0,1072.0841412813018,242.3842406375117
1790040268.1072724,78.64418920001481,-145.76271186440678,-125.42372881355932,45897.0,40618.0,830.8369761265312,267.7141367518823
1790040268.229253,78.76616960001411,-138.98305084745763,-125.42372881355932,46013.0,40673.0,981.7189256336094,458.7471615110324
1790040268.3440328,78.88094920001458,-132.20338983050848,-125.42372881355932,46112.0,40709.0,831.6935568905695,310.7426476294436
1790040268.4587414,78.99565749999601,-125.42372881355932,-125.42372881355932,46189.0,40754.0,640.2189182494826,402.42332004253194
1790040268.5741742,79.11109020002186,-118.64406779661017,-125.42372881355932,46272.0,40806.0,718.1426469376578,463.61107587114617
1790040268.688071,79.22498689999338,-111.86440677966102,-125.42372881355932,46372.0,40857.0,882.5597909173564,450.47322661406736
1790040268.8056068,79.34252040000865,-105.08474576271186,-125.42372881355932,46460.0,40921.0,742.3646420066173,549.8997348197164
1790040268.9270785,79.46399250003742,-98.30508474576271,-125.42372881355932,46520.0,40980.0,488.6655766691967,453.7608926213969
1790040269.0474632,79.58437719999347,-91.52542372881356,-125.42372881355932,46590.0,41048.0,606.1282199170639,562.2058851404652
1790040269.1767354,79.71364990004804,-84.74576271186442,-125.42372881355932,46654.0,41141.0,512.9524701879826,723.1788923961722
1790040269.2977114,79.83462600002531,-77.96610169491527,-125.42372881355932,46723.0,41239.0,524.2436474856831,803.8402594780474
1790040269.4128401,79.94975279999198,-71.18644067796612,-125.42372881355932,46771.0,41326.0,411.341696057581,767.8378326408179
1790040269.5335205,80.0704323000391,-64.40677966101697,-125.42372881355932,46811.0,41399.0,348.3070535544161,609.5373437202281
1790040269.6572068,80.19412040000316,-57.62711864406779,-125.42372881355932,46871.0,41504.0,473.4689520353038,843.6355872629049
1790040269.7771559,80.31406840001,-50.847457627118644,-125.42372881355932,46900.0,41570.0,221.4416404480389,562.8308361387654
1790040269.8911536,80.42806619999465,-44.067796610169495,-125.42372881355932,46914.0,41603.0,129.70913649354247,287.2130879499869
1790040270.006014,80.54292610002449,-37.288135593220346,-125.42372881355932,46946.0,41674.0,265.0749978499004,603.2741330377044
1790040270.1243896,80.66130209999392,-30.508474576271198,-125.42372881355932,46968.0,41776.0,199.47556055467294,852.3046678245116
1790040270.242524,80.77943550003693,-23.72881355932205,-125.42372881355932,46994.0,41876.0,226.58801944661667,861.0344738971434
1790040270.3590164,80.8959276000387,-16.9491525423729,-125.42372881355932,47016.0,41973.0,182.3263751847898,856.9339633685121
1790040270.4734285,81.01033800002187,-10.169491525423723,-125.42372881355932,47045.0,42074.0,260.02223194687167,910.0778118140507
1790040270.5921602,81.12907170003746,-3.3898305084745743,-125.42372881355932,47071.0,42195.0,223.59179654661637,1010.6349203907059
1790040270.7094142,81.24632570001995,3.3898305084745743,-125.42372881355932,47091.0,42325.0,179.83104875166256,1087.9778449475587
1790040270.8279243,81.36483510001563,10.169491525423723,-125.42372881355932,47126.0,42433.0,291.57228532073515,911.1633916272973
1790040270.9447434,81.48165380000137,16.94915254237287,-125.42372881355932,47145.0,42545.0,170.5810529509898,942.6847663081015
1790040271.0578365,81.5947461000178,23.72881355932202,-125.42372881355932,47171.0,42629.0,232.89697752330108,745.2703280745634
1790040271.1796696,81.71657940000296,30.50847457627117,-125.42372881355932,47204.0,42733.0,296.0676828848701,861.2878047559858
1790040271.2962883,81.83319800003665,37.28813559322032,-125.42372881355932,47243.0,42832.0,325.0303135848581,839.6616434275502
1790040271.414401,81.95131040003616,44.06779661016947,-125.42372881355932,47278.0,42924.0,302.34746130583636,782.5463704386352
1790040271.5300763,82.06698609999148,50.847457627118644,-125.42372881355932,47313.0,43022.0,303.82403974192323,856.2313847272382
1790040271.6526108,82.18952010001522,57.627118644067764,-125.42372881355932,47353.0,43117.0,323.9674632645679,744.2495777699534
1790040271.768771,82.30567860003794,64.40677966101691,-125.42372881355932,47398.0,43224.0,396.059210864865,945.1412986547915
1790040271.888488,82.42539660003968,71.18644067796606,-125.42372881355932,47446.0,43323.0,387.3242846790588,783.4513940099143
1790040272.0135303,82.55043800000567,77.96610169491527,-125.42372881355932,47504.0,43416.0,474.91192919022643,754.7707446058956
1790040272.131632,82.6685403000447,84.74576271186442,-125.42372881355932,47559.0,43505.0,481.363512011322,799.2450765471007
1790040272.247506,82.7844127000426,91.52542372881356,-125.42372881355932,47617.0,43590.0,505.75431005658726,749.6001381195847
1790040272.364403,82.9013104000478,98.30508474576271,-125.42372881355932,47692.0,43663.0,649.7831348023226,622.7088375188924
1790040272.4790313,83.01593809999758,105.08474576271186,-125.42372881355932,47769.0,43739.0,676.6871225360501,640.1094402368041
1790040272.599238,83.13614550000057,111.86440677966101,-125.42372881355932,47860.0,43803.0,755.3413420388297,503.5608946925531
1790040272.7145612,83.25146780000068,118.64406779661016,-125.42372881355932,47922.0,43854.0,508.19648325725547,426.5220484480537
1790040272.8304307,83.3673373000347,125.42372881355931,-125.42372881355932,48008.0,43900.0,730.7871492796014,392.79809273778574
1790040272.9476383,83.48454430000857,132.20338983050846,-125.42372881355932,48097.0,43955.0,767.1899615338032,463.8823023227647
1790040273.0670762,83.60398230003193,138.9830508474576,-125.42372881355932,48177.0,44002.0,671.4397140823094,358.71436779739815
1790040273.1861308,83.7230358000379,145.76271186440675,-125.42372881355932,48280.0,44045.0,877.7296294734249,359.8691480841042
1790040273.3038547,83.84076089999871,152.5423728813559,-125.42372881355932,48395.0,44084.0,957.0550608783644,330.94427338784567
1790040273.418395,83.95530000003055,159.32203389830505,-125.42372881355932,48516.0,44122.0,1011.6375442366347,343.39990033720625
1790040273.535283,84.07218860002467,166.1016949152542,-125.42372881355932,48675.0,44154.0,1344.154550173056,278.100941415115
1790040273.649055,84.18595990003087,172.88135593220335,-125.42372881355932,48800.0,44186.0,1104.8136733763138,285.41019895554774
1790040273.764182,84.30108699999982,179.66101694915255,-125.42372881355932,48911.0,44212.0,1000.4483826105939,236.46961770795855
1790040273.8824859,84.41938999999547,186.4406779661017,-125.42372881355932,49024.0,44236.0,895.049666553057,186.09943561994254
1790040273.999468,84.53637220000383,193.22033898305085,-125.42372881355932,49163.0,44262.0,1140.7680869098378,215.57822114831583
1790040274.118261,84.65516540000681,200.0,-125.42372881355932,49312.0,44281.0,1351.4558911976574,167.76693821764022
1790040274.231437,84.76834120001877,-200.0,-118.64406779661017,49458.0,44300.0,1328.285230687769,176.48545023124203
1790040274.3471859,84.88408920000074,-193.22033898305085,-118.64406779661017,49582.0,44316.0,1047.9453042677735,144.54417989900324
1790040274.463321,85.00022400001762,-186.4406779661017,-118.64406779661017,49710.0,44336.0,1111.3841884788726,144.57030094034116
1790040274.5802627,85.11716470000101,-179.66101694915255,-118.64406779661017,49862.0,44367.0,1301.2231495997594,272.9838775384111
1790040274.6945586,85.23146100004669,-172.8813559322034,-118.64406779661017,49993.0,44386.0,1130.6160548743615,168.19081808048352
1790040274.8114865,85.34838919999311,-166.10169491525426,-118.64406779661017,50129.0,44413.0,1157.968438528427,242.3654871338568
1790040274.9291632,85.46606599999359,-159.32203389830508,-118.64406779661017,50242.0,44448.0,934.7208745650661,267.0631070185903
1790040275.043684,85.58058490004623,-152.54237288135593,-118.64406779661017,50341.0,44478.0,903.2279693138137,270.03722793918143
1790040275.1609347,85.69783600000665,-145.76271186440678,-118.64406779661017,50453.0,44529.0,965.4695746595409,442.1309267132477
1790040275.278538,85.8154394000303,-138.98305084745763,-118.64406779661017,50556.0,44575.0,871.6460722981394,368.42772128065684
1790040275.3964868,85.93338790000416,-132.20338983050848,-118.64406779661017,50655.0,44605.0,846.4418044061149,245.74116902113013
1790040275.5102239,86.04712440003641,-125.42372881355932,-118.64406779661017,50729.0,44653.0,648.0101462888495,435.0925267939418
1790040275.6273453,86.16424589999951,-118.64406779661017,-118.64406779661017,50828.0,44724.0,834.6968209666501,619.29118974945
1790040275.7487972,86.28569770004833,-111.86440677966102,-118.64406779661017,50913.0,44794.0,697.8884136455954,603.1134438912553
1790040275.8640597,86.40095899999142,-105.08474576271186,-118.64406779661017,50996.0,44856.0,735.6051272609424,514.9235890826596
1790040275.983781,86.52068030001828,-98.30508474576271,-118.64406779661017,51044.0,44915.0,402.52308778043977,494.0056077305397
1790040276.1006212,86.63751910004066,-91.52542372881356,-118.64406779661017,51089.0,44998.0,396.59683853302187,739.112289993359
1790040276.2146754,86.7515754000051,-84.74576271186442,-118.64406779661017,51139.0,45091.0,452.39886810942625,840.1693264889345
1790040276.3285105,86.86540920002153,-77.96610169491527,-118.64406779661017,51200.0,45194.0,535.2844759012964,895.2171407314785
1790040276.4407156,86.9776132000261,-71.18644067796612,-118.64406779661017,51252.0,45282.0,411.860072325592,795.63877608353
1790040276.561169,87.0980674000457,-64.40677966101697,-118.64406779661017,51299.0,45392.0,376.7719233663391,920.0244640340837
1790040276.681991,87.21888900001068,-57.62711864406779,-118.64406779661017,51348.0,45492.0,406.9813757969897,848.5994644277658
1790040276.7977004,87.33459830004722,-50.847457627118644,-118.64406779661017,51393.0,45604.0,367.12202031927404,982.0514043540581
1790040276.9148726,87.45177000004333,-44.067796610169495,-118.64406779661017,51427.0,45695.0,277.7011362318348,788.3129028516602
1790040277.0341713,87.57106909999857,-37.288135593220346,-118.64406779661017,51460.0,45832.0,265.6934021157237,1186.7638627835659
1790040277.1497705,87.68666770000709,-30.508474576271198,-118.64406779661017,51487.0,45943.0,236.34838106380468,936.3032019066109
1790040277.2718627,87.80875880003441,-23.72881355932205,-118.64406779661017,51504.0,46061.0,145.13735434778346,988.7482264942748
1790040277.3890908,87.9259877000004,-16.9491525423729,-118.64406779661017,51520.0,46190.0,134.46643712210104,1138.4825009671222
1790040277.5037792,88.04067519999808,-10.169491525423723,-118.64406779661017,51537.0,46290.0,146.0536309137654,885.4501374147028
1790040277.6216784,88.15857510000933,-3.3898305084745743,-118.64406779661017,51557.0,46415.0,151.84699543569286,1080.7933204540493
1790040277.7460546,88.28295030002482,3.3898305084745743,-118.64406779661017,51578.0,46522.0,165.9945344614575,829.9726723072876
1790040277.8607285,88.39762430003611,10.169491525423723,-118.64406779661017,51608.0,46649.0,240.2031749644376,1117.8686219498827
1790040277.9780033,88.51489750004839,16.94915254237287,-118.64406779661017,51632.0,46751.0,198.93155668885908,877.1073181281514
1790040278.098265,88.6351594000007,23.72881355932202,-118.64406779661017,51659.0,46872.0,230.6197373054735,1011.1788481855377
1790040278.2174358,88.75433090003207,30.50847457627117,-118.64406779661017,51686.0,46989.0,238.3278915066454,962.1385249712722
1790040278.3408134,88.87770800001454,37.28813559322032,-118.64406779661017,51726.0,47097.0,368.3892548012952,920.973137003238
1790040278.456827,88.99372050003149,44.06779661016947,-118.64406779661017,51773.0,47193.0,381.05122947060437,825.6109971863095
1790040278.5747557,89.1116500000353,50.847457627118644,-118.64406779661017,51817.0,47313.0,360.304529421103,972.8222294369781
1790040278.692373,89.22926759999245,57.627118644067764,-118.64406779661017,51861.0,47417.0,384.51392519892585,876.3340620812729
1790040278.8044262,89.34131930000149,64.40677966101691,-118.64406779661017,51924.0,47503.0,571.3980970494696,752.3408277818016
1790040278.9242477,89.46114110003691,71.18644067796606,-118.64406779661017,51968.0,47598.0,390.5903241290008,781.1806482580016
1790040279.0375218,89.57441570004448,77.96610169491527,-118.64406779661017,52036.0,47680.0,572.8006099361227,723.0433928701876
1790040279.1550267,89.69192040001508,84.74576271186442,-118.64406779661017,52106.0,47758.0,647.4850756097625,693.7340095818884
1790040279.2743351,89.81122780003352,91.52542372881356,-118.64406779661017,52176.0,47847.0,586.5302883839427,735.3514063321072
1790040279.3896523,89.92654559999937,98.30508474576271,-118.64406779661017,52258.0,47910.0,708.7133579968665,536.0780528437837
1790040279.5135086,90.05040130001726,105.08474576271186,-118.64406779661017,52347.0,47994.0,736.7120176723121,745.920917893216
1790040279.625227,90.16211969999131,111.86440677966101,-118.64406779661017,52424.0,48057.0,684.9919207964815,544.2401562492594
1790040279.7400324,90.27692500001285,118.64406779661016,-118.64406779661017,52512.0,48108.0,748.0687057580257,456.1394547305035
1790040279.868253,90.40514410001924,125.42372881355931,-118.64406779661017,52598.0,48157.0,682.0662056768571,373.51244596589794
1790040279.9847784,90.52167010004632,132.20338983050846,-118.64406779661017,52712.0,48217.0,867.6242805040227,465.77724532321224
1790040280.102463,90.63935350003885,138.9830508474576,-118.64406779661017,52824.0,48261.0,969.190510930002,367.93343470490817
1790040280.2195475,90.7564379000105,145.76271186440675,-118.64406779661017,52938.0,48292.0,963.5601548397105,263.6155140599208
1790040280.3333037,90.87019440002041,152.5423728813559,-118.64406779661017,53035.0,48332.0,857.6507160553406,348.71512630821536
1790040280.453524,90.99041450000368,159.32203389830505,-118.64406779661017,53165.0,48369.0,1087.4855841113515,298.1815311273061
1790040280.5690827,91.10597330000019,166.1016949152542,-118.64406779661017,53294.0,48398.0,1113.4462550414773,222.68925100829549
1790040280.6839063,91.2207968000439,172.88135593220335,-118.64406779661017,53398.0,48420.0,866.1908390170656,182.3559661088559
1790040280.7977254,91.33461550000357,179.66101694915255,-118.64406779661017,53528.0,48442.0,1138.2480973173692,194.3350410054045
1790040280.9149494,91.45183880004333,186.4406779661017,-118.64406779661017,53675.0,48465.0,1247.7289536337319,206.45874772356714
1790040281.0323677,91.56925709999632,193.22033898305085,-118.64406779661017,53834.0,48491.0,1326.7780669331573,221.1296778221929
1790040281.1494658,91.68635500001255,200.0,-118.64406779661017,53959.0,48512.0,1018.0015099860678,171.1683954843831
1790040281.2679718,91.8048606000375,-200.0,-111.86440677966102,54106.0,48543.0,1257.1556056905426,265.5962547233541
1790040281.390416,91.92730440001469,-193.22033898305085,-111.86440677966102,54240.0,48564.0,1100.0419392942208,180.47563066545808
1790040281.509025,92.04591360001359,-186.4406779661017,-111.86440677966102,54398.0,48594.0,1256.0021546921478,271.07960173211825
1790040281.6196904,92.15657839999767,-179.66101694915255,-111.86440677966102,54536.0,48630.0,1253.75532979125,341.93327176125
1790040281.7418256,92.2787137000123,-172.8813559322034,-111.86440677966102,54673.0,48665.0,1077.783181127575,293.1570252667004
1790040281.8573496,92.39423680002801,-166.10169491525426,-111.86440677966102,54798.0,48697.0,971.1842309386044,274.8634615863975
1790040281.9733758,92.51026310003363,-159.32203389830508,-111.86440677966102,54928.0,48726.0,1122.3242972942764,244.37706473343118
1790040282.0908208,92.62770790001377,-152.54237288135593,-111.86440677966102,55032.0,48766.0,897.2182644104059,340.94294047595423
1790040282.2142963,92.75118280004244,-145.76271186440678,-111.86440677966102,55161.0,48799.0,986.8900824914554,288.20683824971707
1790040282.328691,92.865577700024,-138.98305084745763,-111.86440677966102,55273.0,48848.0,922.0362988597223,405.6959714982778
1790040282.4487007,92.9855869000312,-132.20338983050848,-111.86440677966102,55369.0,48896.0,760.9910729862969,393.6160722342915
1790040282.577564,93.1144498999929,-125.42372881355932,-111.86440677966102,55449.0,48957.0,647.1866440255887,487.60637563571754
1790040282.6944118,93.23129600001266,-118.64406779661017,-111.86440677966102,55554.0,49026.0,906.2953996654404,598.1549637791907
1790040282.8100111,93.34689720004098,-111.86440677966102,-111.86440677966102,55630.0,49103.0,670.8923695182668,689.2729823817809
1790040282.928465,93.46535040001618,-105.08474576271186,-111.86440677966102,55703.0,49174.0,627.3054579728207,591.9643054109716
1790040283.050743,93.58762830001069,-98.30508474576271,-111.86440677966102,55771.0,49269.0,556.5058963011156,779.1082548215619
1790040283.174144,93.71102859999519,-91.52542372881356,-111.86440677966102,55818.0,49361.0,389.05436258282776,778.1087251656555
1790040283.2932658,93.83014949999051,-84.74576271186442,-111.86440677966102,55885.0,49430.0,569.6595747357346,569.6595747357346
1790040283.4103255,93.94720890000463,-77.96610169491527,-111.86440677966102,55935.0,49537.0,431.03525696833145,924.9298222445445
1790040283.531319,94.06820270000026,-71.18644067796612,-111.86440677966102,55972.0,49631.0,294.13927491444736,787.2551181533738
1790040283.6502752,94.18715860001976,-64.40677966101697,-111.86440677966102,56027.0,49721.0,455.469228815507,774.2976889863619
1790040283.7708426,94.30772610002896,-57.62711864406779,-111.86440677966102,56060.0,49830.0,280.2238989731162,893.2136779768078
1790040283.8901002,94.42698290001135,-50.847457627118644,-111.86440677966102,56083.0,49929.0,185.63092859607198,839.758962696516
1790040284.0065775,94.54346080002142,-44.067796610169495,-111.86440677966102,56114.0,50023.0,272.44615788457,835.5015508460148
1790040284.122809,94.6596903000027,-37.288135593220346,-111.86440677966102,56139.0,50147.0,218.39445499375356,1037.3736612203295
1790040284.2448037,94.78168479999295,-30.508474576271198,-111.86440677966102,56162.0,50266.0,199.67489305525498,1007.4505967787865
1790040284.357648,94.89452960004564,-23.72881355932205,-111.86440677966102,56181.0,50406.0,141.8223797685732,1257.491767281349
1790040284.4766366,95.01351930003148,-16.9491525423729,-111.86440677966102,56198.0,50530.0,133.38479021283092,1058.1860023551253
1790040284.5955055,95.13238720002118,-10.169491525423723,-111.86440677966102,56222.0,50656.0,205.20856657817347,1054.0258192424365
1790040284.707877,95.2447590000229,-3.3898305084745743,-111.86440677966102,56250.0,50795.0,261.8320010635564,1206.2974334713847
1790040284.821037,95.35791810002411,3.3898305084745743,-111.86440677966102,56276.0,50888.0,231.44226493511178,796.1613913767845
1790040284.9412658,95.47814780002227,10.169491525423723,-111.86440677966102,56297.0,51003.0,183.00701438844132,958.6081706061211
1790040285.06165,95.59853160002967,16.94915254237287,-111.86440677966102,56326.0,51123.0,254.7804276003138,1010.3361784150375
1790040285.176805,95.71368620003341,23.72881355932202,-111.86440677966102,56358.0,51225.0,285.9087563888381,866.9491322758317
1790040285.2910194,95.82789780001622,30.50847457627117,-111.86440677966102,56397.0,51342.0,339.13467492929357,999.0724207376486
1790040285.4094286,95.94630870001856,37.28813559322032,-111.86440677966102,56440.0,51443.0,327.19995530124055,840.1079933410231
1790040285.5265472,96.06342710001627,44.06779661016947,-111.86440677966102,56482.0,51553.0,362.72131666661653,952.1434562498684
1790040285.6447442,96.18162320001284,50.847457627118644,-111.86440677966102,56528.0,51642.0,396.1399387896555,764.6422074311955
1790040285.7683759,96.30525480001234,57.627118644067764,-111.86440677966102,56594.0,51735.0,502.17166404609526,794.3442685820052
1790040285.8844037,96.42128300003242,64.40677966101691,-111.86440677966102,56656.0,51808.0,527.784198192821,636.9809288534046
1790040286.001111,96.53799030004302,71.18644067796606,-111.86440677966102,56735.0,51889.0,644.9699953252929,680.8016617322536
1790040286.1167753,96.65365440002643,77.96610169491527,-111.86440677966102,56804.0,51971.0,590.0492283452384,717.1367544503665
1790040286.2331376,96.770015600021,84.74576271186442,-111.86440677966102,56881.0,52035.0,683.5528858916126,544.9948684811505
1790040286.357063,96.89393960003508,91.52542372881356,-111.86440677966102,56971.0,52111.0,740.8246688021026,627.5220723970751
1790040286.4717615,97.00863900000695,98.30508474576271,-111.86440677966102,57052.0,52171.0,730.9339579175892,555.1397148741183
1790040286.5943735,97.13125120004406,105.08474576271186,-111.86440677966102,57119.0,52231.0,532.2199063515778,480.7147541240058
1790040286.709074,97.2459499000106,111.86440677966101,-111.86440677966102,57228.0,52283.0,894.5088226270315,451.8652815332427
1790040286.8272269,97.36410290002823,118.64406779661016,-111.86440677966102,57327.0,52339.0,843.6122398053993,475.6537096775124
1790040286.9424815,97.47935800004052,125.42372881355931,-111.86440677966102,57451.0,52386.0,1065.8826713580752,417.084523574899
1790040287.0583918,97.5952682000352,132.20338983050846,-111.86440677966102,57578.0,52436.0,1086.686537914081,410.9318840851567
1790040287.1813545,97.71823150001,138.9830508474576,-111.86440677966102,57704.0,52492.0,1038.158076917627,461.40358974116754
1790040287.2948568,97.83173199999146,145.76271186440675,-111.86440677966102,57826.0,52528.0,1079.3995219648805,322.89729289547705
1790040287.408988,97.94586470001377,152.5423728813559,-111.86440677966102,57961.0,52564.0,1198.1086601487302,306.49291306130306
1790040287.5320537,98.06892970000627,159.32203389830505,-111.86440677966102,58104.0,52600.0,1180.6597662068098,265.2206721189211
1790040287.6563537,98.1932295000297,166.1016949152542,-111.86440677966102,58250.0,52629.0,1205.255971921979,246.32968769208327
1790040287.7745318,98.31140700000105,172.88135593220335,-111.86440677966102,58357.0,52652.0,905.1874408606203,188.20728968389136
1790040287.8902879,98.42716270004166,179.66101694915255,-111.86440677966102,58492.0,52671.0,1169.2874416147988,163.15638720206496
1790040288.0099785,98.54685210000025,186.4406779661017,-111.86440677966102,58612.0,52694.0,1015.4070510912453,175.07018122262852
1790040288.125991,98.66286500002025,193.22033898305085,-111.86440677966102,58732.0,52722.0,1022.3390202647753,237.32870113289428
1790040288.241965,98.77883910003584,200.0,-111.86440677966102,58859.0,52742.0,1115.9600435352259,172.384071765604
1790040288.3612802,98.89815300004557,-200.0,-105.08474576271186,59002.0,52775.0,1194.8806005399297,283.23095716502036
1790040288.4793582,99.01623260002816,-193.22033898305085,-105.08474576271186,59129.0,52796.0,1064.4682340973582,165.17610529096936
1790040288.5997438,99.13661800004775,-186.4406779661017,-105.08474576271186,59240.0,52819.0,925.7803628955902,183.40931717742825
1790040288.7212746,99.25814750004793,-179.66101694915255,-105.08474576271186,59372.0,52848.0,1099.4898714194687,253.05719262829044
1790040288.8369813,99.3738536000019,-172.8813559322034,-105.08474576271186,59495.0,52884.0,1051.8103486416585,301.8238391754324
1790040288.9599533,99.49682659999235,-166.10169491525426,-105.08474576271186,59604.0,52918.0,881.1394242162207,290.861557508267
1790040289.084511,99.62138240004424,-159.32203389830508,-105.08474576271186,59703.0,52952.0,750.6095536657282,286.7497171307276
1790040289.204962,99.7418341000448,-152.54237288135593,-105.08474576271186,59822.0,52996.0,896.3491962292934,363.8645252019904
1790040289.323404,99.86027609999292,-145.76271186440678,-105.08474576271186,59915.0,53051.0,780.6733662643087,470.1782774091859
1790040289.4487088,99.98558060004143,-138.98305084745763,-105.08474576271186,60013.0,53107.0,782.1125857789958,457.6190661472848
1790040289.563671,100.10054300003685,-132.20338983050848,-105.08474576271186,60119.0,53175.0,894.66611252074,531.2080043091894
1790040289.677495,100.21436670003459,-125.42372881355932,-105.08474576271186,60178.0,53228.0,506.0412120037771,478.43896407629836
1790040289.7915695,100.32844080001814,-118.64406779661017,-105.08474576271186,60201.0,53260.0,211.66631085860627,285.289375505078
1790040289.9085622,100.44543270004215,-111.86440677966102,-105.08474576271186,60250.0,53304.0,429.5286639375995,357.94055328133294
1790040290.0253174,100.56218680000165,-105.08474576271186,-105.08474576271186,60314.0,53384.0,579.8808942298025,653.5165633383488
1790040290.1389554,100.67582560004666,-98.30508474576271,-105.08474576271186,60354.0,53458.0,314.751573069207,685.047541385921
1790040290.2514205,100.78829080000287,-91.52542372881356,-105.08474576271186,60408.0,53542.0,493.5535387551644,763.6111354325185
1790040290.366278,100.90314790001139,-84.74576271186442,-105.08474576271186,60466.0,53623.0,495.33013771522457,697.1313049325383
1790040290.4819765,101.01884700002847,-77.96610169491527,-105.08474576271186,60505.0,53698.0,326.0131310231306,633.9144214338651
1790040290.600059,101.13692880002782,-71.18644067796612,-105.08474576271186,60545.0,53801.0,346.0660704991246,860.4886077275529
1790040290.7129674,101.24983670003712,-64.40677966101697,-105.08474576271186,60579.0,53893.0,278.5130005479069,826.2552349587904
1790040290.824612,101.36148070002673,-57.62711864406779,-105.08474576271186,60608.0,54003.0,253.92048527132826,996.8730162503998
1790040290.9462693,101.48313690000214,-50.847457627118644,-105.08474576271186,60633.0,54128.0,189.8242141357191,1061.289924486066
1790040291.0600896,101.59695790003752,-44.067796610169495,-105.08474576271186,60662.0,54231.0,230.97974217537245,840.7662615183557
1790040291.1746693,101.71153720002621,-37.288135593220346,-105.08474576271186,60690.0,54351.0,249.11517987979298,1061.0461365250442
1790040291.294828,101.83169530000305,-30.508474576271198,-105.08474576271186,60711.0,54462.0,174.8218128104682,909.0734266144347
1790040291.412008,101.94887530000415,-23.72881355932205,-105.08474576271186,60737.0,54568.0,232.7198777605516,868.2241593374425
1790040291.5308452,102.06771170004504,-16.9491525423729,-105.08474576271186,60759.0,54682.0,200.79973062199696,976.6168716615306
1790040291.6449971,102.18186280003283,-10.169491525423723,-105.08474576271186,60789.0,54811.0,267.60642657403037,1125.792553173507
1790040291.7600193,102.29688670003088,-3.3898305084745743,-105.08474576271186,60814.0,54925.0,220.19176863327112,1000.0376158761063
1790040291.874497,102.41136359999655,3.3898305084745743,-105.08474576271186,60846.0,55034.0,292.46741043404234,950.5190839106375
1790040291.9921052,102.52897070004838,10.169491525423723,-105.08474576271186,60864.0,55136.0,163.82267474891808,901.0247111190494
1790040292.1091163,102.6459817000432,16.94915254237287,-105.08474576271186,60893.0,55240.0,253.10894630222194,903.9605225079355
1790040292.2253218,102.76218710001558,23.72881355932202,-105.08474576271186,60921.0,55341.0,218.14513011641853,818.0442379365695
1790040292.3492103,102.88607589999447,30.50847457627117,-105.08474576271186,60963.0,55441.0,338.38743153761874,812.129835690285
1790040292.467058,103.00392220000504,37.28813559322032,-105.08474576271186,61005.0,55540.0,379.5386107469559,823.8764964994897
1790040292.5908241,103.1276887000422,44.06779661016947,-105.08474576271186,61055.0,55627.0,412.43273905811463,714.8834143673987
1790040292.7099836,103.24684850004269,50.847457627118644,-105.08474576271186,61098.0,55693.0,372.63675097362784,541.2105192712214
1790040292.8304183,103.3672835000325,57.627118644067764,-105.08474576271186,61159.0,55813.0,524.3064081129655,1004.9206155498506
1790040292.9478488,103.48471310001332,64.40677966101691,-105.08474576271186,61221.0,55890.0,519.9844364765771,645.4979211433371
1790040293.0698278,103.60669220000273,71.18644067796606,-105.08474576271186,61307.0,55973.0,749.2888608580276,685.3251776140497
1790040293.1842399,103.72110429999884,77.96610169491527,-105.08474576271186,61391.0,56038.0,756.8855817987358,544.5884064161636
1790040293.2987432,103.8356061000377,84.74576271186442,-105.08474576271186,61480.0,56129.0,777.1663055390792,813.7388375644475
1790040293.413008,103.94987140002195,91.52542372881356,-105.08474576271186,61581.0,56200.0,829.9084244686973,636.2631254260012
1790040293.5336745,104.07053670001915,98.30508474576271,-105.08474576271186,61678.0,56253.0,898.6548895771998,472.4886532828576
1790040293.6528983,104.1897605000413,105.08474576271186,-105.08474576271186,61801.0,56298.0,1011.5234513524468,360.6301000473941
1790040293.7730505,104.30991370003903,111.86440677966101,-105.08474576271186,61831.0,56321.0,239.16282378314935,168.29976488443845
1790040293.890048,104.42691000003833,118.64406779661016,-105.08474576271186,61863.0,56339.0,268.03351851965954,160.82011111179574
1790040294.004614,104.54147550003836,125.42372881355931,-105.08474576271186,61966.0,56377.0,909.2165800205427,333.99792735448506
1790040294.131246,104.66810750000877,132.20338983050846,-105.08474576271186,62073.0,56415.0,953.0274355299046,323.66969508562795
1790040294.2514033,104.78826450003544,138.9830508474576,-105.08474576271186,62191.0,56454.0,948.4716434887264,324.93935934335997
1790040294.3688068,104.90566779999062,145.76271186440675,-105.08474576271186,62308.0,56480.0,1013.1357984594599,224.14508815474775
1790040294.4857864,105.0226466000313,152.5423728813559,-105.08474576271186,62448.0,56509.0,1167.4639737525756,248.20100229385469
1790040294.6018934,105.13875340000959,159.32203389830505,-105.08474576271186,62617.0,56531.0,1423.6117489418314,202.06102243045348
1790040294.7206497,105.25750970002264,166.1016949152542,-105.08474576271186,62729.0,56554.0,946.6322662895532,196.4708477204733
1790040294.848708,105.38556790002622,172.88135593220335,-105.08474576271186,62855.0,56579.0,984.038889432842,205.00810196517543
1790040294.9654956,105.50235510000493,179.66101694915255,-105.08474576271186,63008.0,56599.0,1277.2988412238835,173.3476998803842
1790040295.083601,105.62045980000403,186.4406779661017,-105.08474576271186,63143.0,56627.0,1143.8437082010073,241.27953219864997
1790040295.1955287,105.73238860000856,193.22033898305085,-105.08474576271186,63268.0,56644.0,1139.392958264296,160.08000240076888
1790040295.3137991,105.85065920004854,200.0,-105.08474576271186,63409.0,56682.0,1188.2108200788055,328.08806226056566
1790040295.4288905,105.96574910002528,-200.0,-98.30508474576271,63532.0,56706.0,976.2622291690997,218.97470560802236
1790040295.5403454,106.07720340002561,-193.22033898305085,-98.30508474576271,63645.0,56729.0,1032.0191030239582,217.76549880322057
1790040295.6577833,106.19464210001752,-186.4406779661017,-98.30508474576271,63734.0,56758.0,802.6059785631958,258.3099701122929
1790040295.7796452,106.31650390004506,-179.66101694915255,-98.30508474576271,63870.0,56791.0,1211.7122241026727,288.9467611321758
1790040295.8929904,106.4298492000089,-172.8813559322034,-98.30508474576271,63980.0,56823.0,954.259471540116,296.46896203188066
1790040296.0068505,106.54370870004641,-166.10169491525426,-98.30508474576271,64097.0,56865.0,993.4441880217312,386.33940645289545
1790040296.1206274,106.65748560003703,-159.32203389830508,-98.30508474576271,64197.0,56907.0,830.3601826958186,378.2751943392063
1790040296.2370608,106.77391920000082,-152.54237288135593,-98.30508474576271,64300.0,56961.0,863.477013145522,463.55081758338554
1790040296.357227,106.89408360002562,-145.76271186440678,-98.30508474576271,64405.0,57011.0,884.949293389989,401.4202980325723
1790040296.4687529,107.00560960004805,-138.98305084745763,-98.30508474576271,64492.0,57068.0,785.3148024460734,510.9277027962405
1790040296.5911295,107.12798670004122,-132.20338983050848,-98.30508474576271,64587.0,57138.0,795.3578766062362,570.5828245218652
1790040296.7039933,107.24084969999967,-125.42372881355932,-98.30508474576271,64667.0,57201.0,681.7931347910012,523.0193910725488
1790040296.8197248,107.35658020002302,-118.64406779661017,-98.30508474576271,64740.0,57275.0,609.9887013647808,637.301628291562
1790040296.9375217,107.47437770001125,-111.86440677966102,-98.30508474576271,64803.0,57341.0,545.9125912502608,554.8619779920683
1790040297.0554314,107.59228760004044,-105.08474576271186,-98.30508474576271,64855.0,57418.0,435.7620099511611,666.9826682925935
1790040297.1718113,107.70866659999592,-98.30508474576271,-98.30508474576271,64902.0,57506.0,438.6325117933063,793.2715638815115
1790040297.2906857,107.82754000002751,-91.52542372881356,-98.30508474576271,64954.0,57597.0,436.6057539196422,773.156022566033
1790040297.4084327,107.94528730004095,-84.74576271186442,-98.30508474576271,64997.0,57679.0,349.22673144112093,662.6353365805885
1790040297.5251815,108.0620361000183,-77.96610169491527,-98.30508474576271,65026.0,57761.0,242.55207908151942,682.7391855627955
1790040297.6440933,108.18094710004516,-71.18644067796612,-98.30508474576271,65060.0,57854.0,290.0983977544448,806.8361687545497
1790040297.7628725,108.29972629999975,-64.40677966101697,-98.30508474576271,65082.0,57950.0,194.77955376982703,805.6790633206482
1790040297.8783453,108.41519930004142,-57.62711864406779,-98.30508474576271,65107.0,58066.0,210.20787727838535,1023.6209676164851
1790040297.9963827,108.53323669999372,-50.847457627118644,-98.30508474576271,65130.0,58161.0,205.8475009587605,805.4902211429759
1790040298.1154103,108.65226340002846,-44.067796610169495,-98.30508474576271,65162.0,58278.0,240.01979232850988,997.0052912107334
1790040298.230773,108.76762630004669,-37.288135593220346,-98.30508474576271,65191.0,58378.0,247.30506177379442,870.1474395744618
1790040298.3487465,108.88559840002563,-30.508474576271198,-98.30508474576271,65212.0,58491.0,159.5651318349526,966.2555205561018
1790040298.4647572,109.00161070004106,-23.72881355932205,-98.30508474576271,65237.0,58599.0,219.79954283436658,906.6731141917621
1790040298.580202,109.11705460003577,-16.9491525423729,-98.30508474576271,65262.0,58710.0,226.44824976335266,951.0826490060812
1790040298.7011812,109.23803370003588,-10.169491525423723,-98.30508474576271,65291.0,58806.0,255.46946922565252,757.5991156346937
1790040298.821597,109.35844919999363,-3.3898305084745743,-98.30508474576271,65332.0,58926.0,349.80452374326114,1012.5920424147033
1790040298.9427018,109.47955370001728,3.3898305084745743,-98.30508474576271,65364.0,59037.0,274.5316948040572,869.3503668795146
1790040299.0616307,109.59848169999896,10.169491525423723,-98.30508474576271,65395.0,59128.0,254.93295263001278,738.426483480037
1790040299.1766996,109.7135508999927,16.94915254237287,-98.30508474576271,65418.0,59217.0,210.58337089726442,778.2428924464119
1790040299.2992935,109.83614470000612,23.72881355932202,-98.30508474576271,65448.0,59291.0,255.37065764252628,629.9142888515648
1790040299.4136517,109.9505027999985,30.50847457627117,-98.30508474576271,65483.0,59408.0,295.5262859903614,988.1660187802709
1790040299.5315962,110.06844619999174,37.28813559322032,-98.30508474576271,65543.0,59514.0,518.9046817334173,885.7166119242812
1790040299.6473079,110.1841578000458,44.06779661016947,-98.30508474576271,65605.0,59597.0,545.4396697831874,718.1622318811967
1790040299.7627592,110.29960910003865,50.847457627118644,-98.30508474576271,65689.0,59697.0,674.862906992419,902.8571323276956
1790040299.8842828,110.42113259999314,57.627118644067764,-98.30508474576271,65771.0,59781.0,680.4590254330584,689.072430818287
1790040300.0025375,110.53938760003075,64.40677966101691,-98.30508474576271,65843.0,59876.0,624.1356836342592,820.2926127764549
1790040300.125061,110.66191000002436,71.18644067796606,-98.30508474576271,65939.0,59957.0,740.3097804973456,661.9240390329207
1790040300.2473445,110.7841924999957,77.96610169491527,-98.30508474576271,66027.0,60031.0,740.0775455664443,622.7481785863982
1790040300.3669896,110.90383840003051,84.74576271186442,-98.30508474576271,66136.0,60123.0,918.409068460096,759.4536527650794
1790040300.4848323,111.02168090001214,91.52542372881356,-98.30508474576271,66249.0,60173.0,949.7746728575725,417.19074415239163
1790040300.5985553,111.13540400000056,98.30508474576271,-98.30508474576271,66336.0,60223.0,754.8559327642629,423.45576716044013
1790040300.722488,111.25933580001583,105.08474576271186,-98.30508474576271,66443.0,60280.0,864.459526196375,449.1799498863517
1790040300.849106,111.38595379999606,111.86440677966101,-98.30508474576271,66563.0,60321.0,959.6408809044055,346.53698477103535
1790040300.9648502,111.50169710000046,118.64406779661016,-98.30508474576271,66664.0,60369.0,861.5685988644028,435.31887100517196
1790040301.0823295,111.61917700001504,125.42372881355931,-98.30508474576271,66772.0,60415.0,918.9512063620201,387.40099876045946
1790040301.195452,111.73229890002403,132.20338983050846,-98.30508474576271,66903.0,60452.0,1120.3133174694385,333.3163589165271
1790040301.3133957,111.85024320002412,138.9830508474576,-98.30508474576271,67032.0,60490.0,1116.2316024083282,336.6412769167974
1790040301.4334087,111.970255799999,145.76271186440675,-98.30508474576271,67182.0,60526.0,1225.7340192720333,310.8745701052258
1790040301.5542665,112.0911128000007,152.5423728813559,-98.30508474576271,67316.0,60556.0,1113.859032181036,253.561405699748
1790040301.6739454,112.21079100004863,159.32203389830505,-98.30508474576271,67466.0,60580.0,1222.5745308326323,193.50100487998495
1790040301.7902648,112.327110800019,166.1016949152542,-98.30508474576271,67595.0,60604.0,1143.5853037297163,199.67362446074412
1790040301.9033678,112.44021369999973,172.88135593220335,-98.30508474576271,67705.0,60619.0,991.0857853097438,129.67477564800384
1790040302.0211556,112.55800120002823,179.66101694915255,-98.30508474576271,67821.0,60644.0,1002.8434604205728,212.99330132826324
1790040302.139586,112.67643190000672,186.4406779661017,-98.30508474576271,67950.0,60666.0,1104.5099927423366,188.57487680966722
1790040302.2575088,112.79435270000249,193.22033898305085,-98.30508474576271,68063.0,60686.0,969.7001041467132,175.46954265511954
1790040302.3696182,112.90646170004038,200.0,-98.30508474576271,68120.0,60703.0,468.6808696318737,149.97787828219958
1790040302.4836812,113.02052459999686,-200.0,-91.52542372881356,68156.0,60718.0,315.00615196189364,120.44352869131228
1790040302.6028917,113.13973490003264,-193.22033898305085,-91.52542372881356,68203.0,60736.0,404.72650163535377,158.37123977035583
1790040302.7282178,113.26506170001812,-186.4406779661017,-91.52542372881356,68329.0,60765.0,1040.6293866248425,236.89124248370396
1790040302.8435473,113.3803916000179,-179.66101694915255,-91.52542372881356,68436.0,60801.0,877.9807906723115,320.0971632659469
1790040302.9617772,113.49861990002682,-172.8813559322034,-91.52542372881356,68553.0,60850.0,999.2282742243266,419.31900793342277
1790040303.0735173,113.61035980004817,-166.10169491525426,-91.52542372881356,68647.0,60900.0,823.7949866357555,463.9764867258853
1790040303.1897066,113.72655020002276,-159.32203389830508,-91.52542372881356,68750.0,60945.0,835.9160415561877,345.26966933842533
1790040303.3087604,113.84560220001731,-152.54237288135593,-91.52542372881356,68833.0,60999.0,691.8661697459381,440.2784716565061
1790040303.422976,113.95981810003286,-145.76271186440678,-91.52542372881356,68932.0,61057.0,859.4604643259204,532.4918094193202
1790040303.5423164,114.07915890001459,-138.98305084745763,-91.52542372881356,69023.0,61118.0,745.5205180803711,508.7081182195473
1790040303.662241,114.19908260001102,-132.20338983050848,-91.52542372881356,69090.0,61196.0,555.6437529253993,652.660916134596
1790040303.7756026,114.31244340003468,-125.42372881355932,-91.52542372881356,69169.0,61270.0,692.2331443932978,626.7516307344724
1790040303.8886464,114.42548780003563,-118.64406779661017,-91.52542372881356,69230.0,61346.0,553.9323562977208,666.5965643582742
1790040304.0168223,114.55366309999954,-111.86440677966102,-91.52542372881356,69294.0,61441.0,482.6677289443869,736.272806864319
1790040304.1351686,114.672008500027,-105.08474576271186,-91.52542372881356,69346.0,61546.0,383.88277309373905,886.5864045260164
1790040304.2593951,114.7962349000154,-98.30508474576271,-91.52542372881356,69398.0,61647.0,431.6492418436384,818.3350209952312
1790040304.3783126,114.91515240003355,-91.52542372881356,-91.52542372881356,69437.0,61749.0,317.3618067046462,872.7449684377771
1790040304.5008256,115.0376654000138,-84.74576271186442,-91.52542372881356,69471.0,61844.0,258.32383992007453,774.9715197602236
1790040304.6160345,115.15287280001212,-77.96610169491527,-91.52542372881356,69508.0,61930.0,293.1858120029387,742.1265866324386
1790040304.7333128,115.27015140000731,-71.18644067796612,-91.52542372881356,69530.0,62039.0,154.75071020498385,946.7102271363717
1790040304.8523433,115.38918160001049,-64.40677966101697,-91.52542372881356,69561.0,62156.0,262.01117974382254,1029.9749824412336
1790040304.9639595,115.50079830002505,-57.62711864406779,-91.52542372881356,69583.0,62278.0,200.44575327130926,1078.5890533170452
1790040305.087861,115.62469940003939,-50.847457627118644,-91.52542372881356,69608.0,62399.0,204.4098008432123,979.4636290403923
1790040305.2089856,115.74582440004451,-44.067796610169495,-91.52542372881356,69633.0,62517.0,204.15735378442557,985.2811421770103
1790040305.3237998,115.86063740000827,-37.288135593220346,-91.52542372881356,69646.0,62646.0,118.86714129470147,1152.0969079332604
1790040305.441398,115.97823649999918,-30.508474576271198,-91.52542372881356,69668.0,62768.0,187.19030027206375,1051.8312110525487
1790040305.5594053,116.09624250000343,-23.72881355932205,-91.52542372881356,69697.0,62895.0,256.09974713471183,1097.5703448630509
1790040305.6738865,116.21072309999727,-16.9491525423729,-91.52542372881356,69724.0,62977.0,239.4400050991868,709.110784332207
1790040305.784196,116.32103340001777,-10.169491525423723,-91.52542372881356,69745.0,63065.0,200.1624174451347,819.7127571562659
1790040305.8990364,116.43587400001707,-3.3898305084745743,-91.52542372881356,69766.0,63174.0,174.0441540968346,952.6627382142526
1790040306.0172515,116.55408850003732,3.3898305084745743,-91.52542372881356,69796.0,63275.0,263.40265371127276,844.7050619016678
1790040306.1381319,116.67496740003116,10.169491525423723,-91.52542372881356,69835.0,63385.0,336.94843535821497,913.30760110253
1790040306.2540658,116.79090270004235,16.94915254237287,-91.52542372881356,69869.0,63502.0,311.30200222096795,933.9060066629038
1790040306.3727481,116.90958490001503,23.72881355932202,-91.52542372881356,69894.0,63618.0,218.71369013710472,947.7593239274538
1790040306.4918306,117.02866579999682,30.50847457627117,-91.52542372881356,69940.0,63709.0,398.0219195218078,778.3539759537574
1790040306.6093788,117.14621279999847,37.28813559322032,-91.52542372881356,69990.0,63785.0,423.1611398560187,621.2365670226658
1790040306.7316957,117.26853080000728,44.06779661016947,-91.52542372881356,70053.0,63867.0,534.8613113472119,672.8900368561698
1790040306.8502529,117.38708790001692,50.847457627118644,-91.52542372881356,70112.0,63944.0,516.7119406068487,655.1169246979688
1790040306.9657176,117.50255269999616,57.627118644067764,-91.52542372881356,70166.0,64009.0,466.02793428387395,584.8193685130967
1790040307.0832045,117.62003980000736,64.40677966101691,-91.52542372881356,70233.0,64068.0,587.7271879556077,516.4875288094735
1790040307.1973336,117.73416809999617,71.18644067796606,-91.52542372881356,70298.0,64136.0,577.7309479058594,541.0496178800905
1790040307.3145506,117.85138540004846,77.96610169491527,-91.52542372881356,70376.0,64187.0,669.0347520948528,446.02316806323523
1790040307.4288616,117.96569610002916,84.74576271186442,-91.52542372881356,70467.0,64246.0,800.4437809573541,539.8341778549598
1790040307.5422966,118.07913060003193,91.52542372881356,-91.52542372881356,70571.0,64299.0,895.5527037029109,480.0901092015605
1790040307.656803,118.19363640004303,98.30508474576271,-91.52542372881356,70657.0,64347.0,749.6930371098377,393.1317145819881
1790040307.7745798,118.31141339999158,105.08474576271186,-91.52542372881356,70752.0,64376.0,818.575980120911,240.23425503548475
1790040307.8909802,118.42781339999055,111.86440677966101,-91.52542372881356,70864.0,64416.0,991.2276353696092,342.42409221859225
1790040308.0056138,118.54244600003585,118.64406779661016,-91.52542372881356,70991.0,64450.0,1097.9004269035638,304.4597822505681
1790040308.1231313,118.65996310004266,125.42372881355931,-91.52542372881356,71122.0,64484.0,1127.163752275535,277.31806603604434
1790040308.2401004,118.77693240001099,132.20338983050846,-91.52542372881356,71247.0,64515.0,1081.2854030961705,245.33366288736642
1790040308.3627968,118.89962959999684,138.9830508474576,-91.52542372881356,71343.0,64542.0,799.1213063053385,221.0335528078596
1790040308.4846659,119.02149610000197,145.76271186440675,-91.52542372881356,71492.0,64567.0,1164.9506400599175,209.32706813576644
1790040308.6042717,119.14110290003009,152.5423728813559,-91.52542372881356,71615.0,64586.0,1015.3162666545956,158.91906782419755
1790040308.723913,119.2607444000314,159.32203389830505,-91.52542372881356,71752.0,64612.0,1178.3099519858072,211.04058841536843
1790040308.8442817,119.38111220003339,166.1016949152542,-91.52542372881356,71885.0,64634.0,1074.038822476235,192.10450483314773
1790040308.9683328,119.50516240001889,172.88135593220335,-91.52542372881356,71956.0,64651.0,591.4968235173677,118.29936470347354
1790040309.0851138,119.62194300000556,179.66101694915255,-91.52542372881356,72085.0,64679.0,1071.147816595434,245.09314447522644
1790040309.200864,119.73769480001647,186.4406779661017,-91.52542372881356,72207.0,64703.0,1042.6114371368078,193.75964760949526
1790040309.3264356,119.86326559999725,193.22033898305085,-91.52542372881356,72357.0,64727.0,1222.8354328120377,203.80590546867293
1790040309.4480128,119.98484190000454,200.0,-91.52542372881356,72494.0,64760.0,1127.5813559773808,277.4208098039588
1790040309.5653067,120.10213469999144,-200.0,-84.74576271186442,72599.0,64788.0,879.8841425729959,224.46024045229487
1790040309.6868124,120.22364189999644,-193.22033898305085,-84.74576271186442,72729.0,64819.0,1077.5665416157035,252.0115298939952
1790040309.8022237,120.33905150002101,-186.4406779661017,-84.74576271186442,72845.0,64854.0,1058.8045169513794,297.2082854600363
1790040309.920297,120.45712530001765,-179.66101694915255,-84.74576271186442,72941.0,64902.0,812.3875711857379,410.65745356641696
1790040310.0370839,120.57391170004848,-172.8813559322034,-84.74576271186442,73035.0,64948.0,815.8144731194693,353.51960501843666
1790040310.160903,120.69773100002203,-166.10169491525426,-84.74576271186442,73135.0,64998.0,801.7611454713448,400.8805727356724
1790040310.2786157,120.8154438000056,-159.32203389830508,-84.74576271186442,73207.0,65061.0,602.9902835056122,520.7643357548469
1790040310.3995767,120.93640270002652,-152.54237288135593,-84.74576271186442,73303.0,65121.0,778.5193100581268,536.9098690056047
1790040310.5173817,121.05420790001517,-145.76271186440678,-84.74576271186442,73388.0,65187.0,746.4785783327931,537.1004405077414
1790040310.6369722,121.17379990004702,-138.98305084745763,-84.74576271186442,73458.0,65262.0,566.9722704658927,602.408037370011
1790040310.7523987,121.28922590002185,-132.20338983050848,-84.74576271186442,73523.0,65352.0,565.5685515897918,802.7424603209948
1790040310.8682396,121.40506700001424,-125.42372881355932,-84.74576271186442,73579.0,65428.0,484.0562819874857,657.5858925113014
1790040310.9911094,121.52793630002998,-118.64406779661017,-84.74576271186442,73625.0,65512.0,385.6509159742571,672.6469464667275
1790040311.1126373,121.64946270000655,-111.86440677966102,-84.74576271186442,73678.0,65611.0,414.85671027276004,829.7134205455201
1790040311.2261245,121.76294990000315,-105.08474576271186,-84.74576271186442,73724.0,65700.0,397.9974249466428,823.7621120988654
1790040311.345881,121.88270690001082,-98.30508474576271,-84.74576271186442,73761.0,65802.0,317.9706407556515,803.7591196878969
1790040311.4658422,122.00266640004702,-91.52542372881356,-84.74576271186442,73794.0,65908.0,284.9692946035757,863.8131742670888
1790040311.5859437,122.12276860000566,-84.74576271186442,-84.74576271186442,73829.0,66015.0,290.4691781522363,906.6159196872829
1790040311.7045631,122.24138710001716,-77.96610169491527,-84.74576271186442,73859.0,66137.0,267.4793282938211,989.6735146871381
1790040311.8232627,122.36008800001582,-71.18644067796612,-84.74576271186442,73885.0,66228.0,196.5408805011235,786.163522004494
1790040311.9370844,122.47390810004435,-64.40677966101697,-84.74576271186442,73911.0,66334.0,222.0906130298785,925.3775542911604
1790040312.0561466,122.59297120000701,-57.62711864406779,-84.74576271186442,73937.0,66442.0,194.71904254642138,893.9374225994799
1790040312.172668,122.70949189999374,-50.847457627118644,-84.74576271186442,73961.0,66527.0,208.0397409664478,732.6616964470553
1790040312.2931178,122.82994210004108,-44.067796610169495,-84.74576271186442,73987.0,66643.0,208.71979106090794,974.0256916175704
1790040312.406598,122.94342080003116,-37.288135593220346,-84.74576271186442,74005.0,66744.0,157.20042686823692,887.7200576088674
1790040312.5247962,123.06161890004296,-30.508474576271198,-84.74576271186442,74028.0,66858.0,204.5737350980575,969.5016141603594
1790040312.6418767,123.17870010004845,-23.72881355932205,-84.74576271186442,74044.0,66975.0,134.33204730087274,1029.879029306691
1790040312.756041,123.29286420001881,-16.9491525423729,-84.74576271186442,74068.0,67093.0,201.67463289293264,1063.3753370718266
1790040312.8731685,123.40999150002608,-10.169491525423723,-84.74576271186442,74101.0,67197.0,268.4299531859597,832.132854876475
1790040312.9886043,123.52542700001504,-3.3898305084745743,-84.74576271186442,74125.0,67286.0,207.55793935251415,726.4527877337996
1790040313.1056848,123.64250710001215,3.3898305084745743,-84.74576271186442,74139.0,67330.0,119.75551453262545,396.1143942232996
1790040313.2194297,123.75625189999118,10.169491525423723,-84.74576271186442,74173.0,67419.0,303.7927139280491,782.4963843601266
1790040313.3348403,123.87166170001728,16.94915254237287,-84.74576271186442,74208.0,67513.0,308.3027749989247,807.0278522030676
1790040313.4512599,123.9880814999924,23.72881355932202,-84.74576271186442,74256.0,67602.0,379.07197764413604,758.1439552882721
1790040313.5669942,124.10381460003555,30.50847457627117,-84.74576271186442,74309.0,67671.0,466.55188884377793,585.4768801176821
1790040313.6884365,124.2252562000067,37.28813559322032,-84.74576271186442,74367.0,67746.0,497.2060509546577,636.7726617489476
1790040313.8253715,124.36219120002352,44.06779661016947,-84.74576271186442,74431.0,67843.0,466.3704831039734,703.3784335338615
1790040313.946634,124.48345450003399,50.847457627118644,-84.74576271186442,74506.0,67921.0,563.181588178873,618.576498491549
1790040314.0613399,124.59815930004697,57.627118644067764,-84.74576271186442,74574.0,67991.0,593.5319628710429,584.4007019037961
1790040314.1795917,124.71641079999972,64.40677966101691,-84.74576271186442,74646.0,68064.0,616.507938203957,634.3777335142166
1790040314.296134,124.83295350003755,71.18644067796606,-84.74576271186442,74727.0,68124.0,706.3944090943871,525.2676375317237
1790040314.4111626,124.94798120000632,77.96610169491527,-84.74576271186442,74779.0,68167.0,444.8955191150731,380.01492257745826
1790040314.5265834,125.06340250000358,84.74576271186442,-84.74576271186442,74863.0,68216.0,720.6727251737682,437.8770988397579
1790040314.6434531,125.1802717000246,91.52542372881356,-84.74576271186442,74991.0,68267.0,1138.581652197545,451.81811595140675
1790040314.7609098,125.29772820003564,98.30508474576271,-84.74576271186442,75093.0,68313.0,868.3656196683502,393.8978068598702
1790040314.8815565,125.41837329999544,105.08474576271186,-84.74576271186442,75209.0,68359.0,994.1409527805471,373.9429271926828
1790040315.0019588,125.5387756000273,111.86440677966101,-84.74576271186442,75324.0,68386.0,995.6638382890777,228.3632656626325
1790040315.1180797,125.65489689999959,118.64406779661016,-84.74576271186442,75420.0,68425.0,809.2446655662562,318.2422842114491
1790040315.2424846,125.77930160000687,125.42372881355931,-84.74576271186442,75542.0,68452.0,955.2882086335358,223.76120202226963
1790040315.357472,125.89428820001194,132.20338983050846,-84.74576271186442,75658.0,68477.0,1000.1981698115634,224.34351472408898
1790040315.4749482,126.01176470000064,138.9830508474576,-84.74576271186442,75776.0,68503.0,1017.7933700487259,207.1614823992982
1790040315.593077,126.12989390001167,145.76271186440675,-84.74576271186442,75886.0,68526.0,928.1396777819346,205.2616595094663
1790040315.7129264,126.24974220001604,152.5423728813559,-84.74576271186442,76014.0,68552.0,1095.4682305826807,219.09364611653615
1790040315.8360608,126.37287750001997,159.32203389830505,-84.74576271186442,76169.0,68581.0,1347.8254934213983,254.9940122689132
1790040315.951324,126.48813910002355,166.1016949152542,-84.74576271186442,76303.0,68594.0,1180.6332552248673,118.06332552248674
1790040316.0697112,126.60652750002919,172.88135593220335,-84.74576271186442,76458.0,68619.0,1304.2205283376827,212.9339638102339
1790040316.1900027,126.72681910003303,179.66101694915255,-84.74576271186442,76585.0,68648.0,1121.795591111045,233.33348295109738
1790040316.3167,126.85351430001901,186.4406779661017,-84.74576271186442,76722.0,68675.0,1201.8125518028446,209.40673251110172
1790040316.4356687,126.97248300001957,193.22033898305085,-84.74576271186442,76832.0,68703.0,961.2346525604714,249.20898399715927
1790040316.550736,127.0875503999996,200.0,-84.74576271186442,76970.0,68728.0,1147.9000315943515,220.3968060661155
1790040316.6815014,127.21831600001315,-200.0,-77.96610169491527,77118.0,68760.0,1159.3663098885127,228.2217145449828
1790040316.8023765,127.33919000002788,-193.22033898305085,-77.96610169491527,77239.0,68800.0,1022.174745524736,331.5161336836982
1790040316.920873,127.4576866000425,-186.4406779661017,-77.96610169491527,77353.0,68848.0,981.6739328518831,401.5938816212249
1790040317.042318,127.57913220004411,-179.66101694915255,-77.96610169491527,77442.0,68891.0,719.2405512655769,355.2875012275741
1790040317.1595993,127.69641340000089,-172.8813559322034,-77.96610169491527,77556.0,68954.0,1000.3164636440627,545.6271619876705
1790040317.275696,127.81250860000728,-166.10169491525426,-77.96610169491527,77632.0,68998.0,659.1263829940517,375.3358569827239
1790040317.390036,127.92684880003799,-159.32203389830508,-77.96610169491527,77722.0,69055.0,752.7334783450793,486.5228579547464
1790040317.5010304,128.03784360003192,-152.54237288135593,-77.96610169491527,77788.0,69121.0,600.7632553357028,619.8351047114393
1790040317.6159043,128.15271620004205,-145.76271186440678,-77.96610169491527,77858.0,69186.0,624.286202155132,596.7441638247585
1790040317.7421913,128.27900239999872,-138.98305084745763,-77.96610169491527,77932.0,69271.0,623.2937335662687,667.8147145352877
1790040317.8587823,128.39559470000677,-132.20338983050848,-77.96610169491527,77992.0,69339.0,513.6205756799108,586.9949436341838
1790040317.9784677,128.5152791000437,-125.42372881355932,-77.96610169491527,78064.0,69429.0,625.5720995632159,800.364303852938
1790040318.0939274,128.63073800003622,-118.64406779661017,-77.96610169491527,78109.0,69529.0,399.8175379568889,881.4159359504141
1790040318.207945,128.74475730000995,-111.86440677966102,-77.96610169491527,78148.0,69612.0,331.42152221175843,764.1107317659986
1790040318.322748,128.85955980001017,-105.08474576271186,-77.96610169491527,78188.0,69698.0,364.6095397692713,765.6800335154697
1790040318.4426632,128.97947399999248,-98.30508474576271,-77.96610169491527,78221.0,69785.0,268.7285248716322,759.8530703266842
1790040318.5570455,129.0938562999945,-91.52542372881356,-77.96610169491527,78253.0,69875.0,256.83431519450215,807.193562039864
1790040318.6721096,129.20892040000763,-84.74576271186442,-77.96610169491527,78286.0,69987.0,291.0043288356296,991.2334950963634
1790040318.7855935,129.32240420003654,-77.96610169491527,-77.96610169491527,78312.0,70084.0,230.71627251268572,895.1791373492206
1790040318.8998773,129.4366871000384,-71.18644067796612,-77.96610169491527,78329.0,70189.0,155.65484908974528,943.085262131986
1790040319.0191946,129.5560044000158,-64.40677966101697,-77.96610169491527,78356.0,70283.0,243.7887777206824,750.119316063638
1790040319.1396956,129.67650510004023,-57.62711864406779,-77.96610169491527,78376.0,70375.0,171.45878940911427,830.2215066125533
1790040319.2544663,129.79127550002886,-50.847457627118644,-77.96610169491527,78397.0,70486.0,182.60287618534815,967.7952437823452
1790040319.3683534,129.90516080003,-44.067796610169495,-77.96610169491527,78414.0,70600.0,156.68072793901183,1004.5999614913112
1790040319.4880564,130.02486560004763,-37.288135593220346,-77.96610169491527,78434.0,70713.0,176.46783740909484,899.9859707863837
1790040319.6104918,130.14729980000993,-30.508474576271198,-77.96610169491527,78464.0,70826.0,223.1667707340126,909.8337576078975
1790040319.7309656,130.26777340000262,-23.72881355932205,-77.96610169491527,78489.0,70941.0,204.6964485503409,961.1833236276877
1790040319.8467193,130.38352680002572,-16.9491525423729,-77.96610169491527,78513.0,71041.0,219.19229472741264,803.7050806671797
1790040319.9623835,130.49919130001217,-10.169491525423723,-77.96610169491527,78551.0,71147.0,302.03820880414327,887.8092804242999
1790040320.0801184,130.6169262000476,-3.3898305084745743,-77.96610169491527,78583.0,71265.0,276.0799848467439,988.5444618705991
1790040320.1979356,130.73474179999903,3.3898305084745743,-77.96610169491527,78630.0,71354.0,413.3772555314213,753.26522119059
1790040320.3145754,130.85138150001876,10.169491525423723,-77.96610169491527,78659.0,71438.0,249.69897399312092,693.6082610920025
1790040320.4313016,130.96810800000094,16.94915254237287,-77.96610169491527,78697.0,71539.0,319.855827194108,831.6251507046808
1790040320.5468113,131.08361820003483,23.72881355932202,-77.96610169491527,78755.0,71626.0,518.1154053155681,745.3590041381856
1790040320.6707442,131.20754970004782,30.50847457627117,-77.96610169491527,78807.0,71712.0,478.66577432419433,699.5884393968994
1790040320.7882426,131.3250480000279,37.28813559322032,-77.96610169491527,78878.0,71796.0,624.9094333563286,697.3627009918449
1790040320.908037,131.44484130002093,44.06779661016947,-77.96610169491527,78953.0,71890.0,608.6926604894834,767.4820501823921
1790040321.0271587,131.56396410003072,50.847457627118644,-77.96610169491527,79024.0,71962.0,620.0891158479313,602.3722839665619
1790040321.1487107,131.68551500001922,57.627118644067764,-77.96610169491527,79123.0,72036.0,766.7556650025176,593.3228360138529
1790040321.266897,131.8037011999986,64.40677966101691,-77.96610169491527,79221.0,72107.0,832.9526830278356,591.1277105358834
1790040321.3841422,131.9209467000328,71.18644067796606,-77.96610169491527,79310.0,72162.0,755.3331918808781,467.5872140214959
1790040321.499052,132.03585710003972,77.96610169491527,-77.96610169491527,79382.0,72218.0,629.2875918302005,492.4859414323309
1790040321.6139164,132.1507195000304,84.74576271186442,-77.96610169491527,79480.0,72255.0,845.1086722043153,322.8505039881654
1790040321.733369,132.27017279999563,91.52542372881356,-77.96610169491527,79589.0,72301.0,911.2633028399283,398.12474395919196
1790040321.851184,132.38798800000222,98.30508474576271,-77.96610169491527,79694.0,72338.0,878.7519570917921,313.83998467564004
1790040321.9659631,132.5027650000411,105.08474576271186,-77.96610169491527,79819.0,72365.0,1060.9264453170513,237.79385843313221
1790040322.0869033,132.6237061000429,111.86440677966101,-77.96610169491527,79939.0,72401.0,943.1746032914068,296.9253380732207
1790040322.207683,132.7444855000358,118.64406779661016,-77.96610169491527,80048.0,72435.0,851.6851200709452,286.791928187155
1790040322.324505,132.86130829999456,125.42372881355931,-77.96610169491527,80168.0,72462.0,1012.3909419566329,244.0585306502597
1790040322.4402127,132.9770150000113,132.20338983050846,-77.96610169491527,80302.0,72486.0,1180.2119029395344,184.40810983430225
1790040322.5550652,133.0918670000392,138.9830508474576,-77.96610169491527,80417.0,72508.0,1002.8581458487703,200.57162916975406
1790040322.6701152,133.2069174000062,145.76271186440675,-77.96610169491527,80530.0,72532.0,978.8199820991074,201.2527065998165
1790040322.7863634,133.3231655000127,152.5423728813559,-77.96610169491527,80660.0,72550.0,1124.891785699331,161.98441714070364
1790040322.906471,133.44327240000712,159.32203389830505,-77.96610169491527,80799.0,72566.0,1166.2682667376716,135.61258915554322
1790040323.0257013,133.56250170001294,166.1016949152542,-77.96610169491527,80908.0,72591.0,940.080829150343,210.85925139820776
1790040323.1416135,133.67841440002667,172.88135593220335,-77.96610169491527,81048.0,72608.0,1218.2389321894195,153.40786553496392
1790040323.2611694,133.79796830000123,179.66101694915255,-77.96610169491527,81170.0,72636.0,1022.2414409874119,253.29876413847376
1790040323.380792,133.91759080003249,186.4406779661017,-77.96610169491527,81284.0,72661.0,945.1913836324782,214.005596294146
1790040323.4995134,134.03631410002708,193.22033898305085,-77.96610169491527,81415.0,72688.0,1081.1960351244309,223.38761056289894
1790040323.6179898,134.15478959999746,200.0,-77.96610169491527,81519.0,72724.0,859.5328395388934,274.69606212067725
1790040323.7348382,134.2716381000355,-200.0,-71.18644067796612,81625.0,72757.0,895.8481508113744,271.46913660950736
1790040323.8523285,134.38912820001133,-193.22033898305085,-71.18644067796612,81730.0,72789.0,854.2164034515677,249.14645100670725
1790040323.9653897,134.50218920002226,-186.4406779661017,-71.18644067796612,81839.0,72829.0,984.9735775986308,353.10373536554687
1790040324.080167,134.61696660000598,-179.66101694915255,-71.18644067796612,81933.0,72863.0,811.679428633806,291.83979456496394
1790040324.1963181,134.73311740002828,-172.8813559322034,-71.18644067796612,82012.0,72919.0,693.5181273013776,495.3700909295555
1790040324.3182015,134.85499990003882,-166.10169491525426,-71.18644067796612,82114.0,72977.0,809.8604189079375,469.3509245943729
1790040324.4353259,134.972124300024,-159.32203389830508,-71.18644067796612,82189.0,73032.0,652.3654682359306,477.788793637583
1790040324.5538127,135.09061100002145,-152.54237288135593,-71.18644067796612,82252.0,73091.0,529.2834914563715,511.64070840782585
1790040324.6707067,135.20750380004756,-145.76271186440678,-71.18644067796612,82306.0,73161.0,465.1670397837796,617.2408797130922
1790040324.799031,135.33582870004466,-138.98305084745763,-71.18644067796612,82361.0,73232.0,418.62022769814223,558.160303597523
1790040324.911972,135.4487696000142,-132.20338983050848,-71.18644067796612,82409.0,73323.0,381.53376581717663,790.9846364502442
1790040325.026437,135.5632340000011,-125.42372881355932,-71.18644067796612,82448.0,73391.0,364.7897453493005,617.3364921295855
1790040325.1426704,135.67946720001055,-118.64406779661017,-71.18644067796612,82500.0,73480.0,441.24268368017874,765.4209818941875
1790040325.2580202,135.79481700004544,-111.86440677966102,-71.18644067796612,82536.0,73577.0,327.20788051411506,863.4652402455815
1790040325.3714385,135.90823430003366,-105.08474576271186,-71.18644067796612,82571.0,73681.0,315.9082083561228,901.2675356042328
1790040325.4945755,136.03137169999536,-98.30508474576271,-71.18644067796612,82605.0,73780.0,261.9238656788999,820.6947791272197
1790040325.6100664,136.14686070004245,-91.52542372881356,-71.18644067796612,82626.0,73881.0,185.5647337703474,890.7107220976676
1790040325.7297082,136.2665044000023,-84.74576271186442,-71.18644067796612,82654.0,74006.0,231.70881689652566,1033.7777984614222
1790040325.8461401,136.38293510000221,-77.96610169491527,-71.18644067796612,82673.0,74116.0,174.907897149974,948.1849161288063
1790040325.9628878,136.4996828000294,-71.18644067796612,-71.18644067796612,82700.0,74217.0,226.5518804349089,869.9592208700502
1790040326.0804384,136.61723269999493,-64.40677966101697,-71.18644067796612,82728.0,74335.0,222.34693408427165,996.114264697537
1790040326.1951656,136.73196100001223,-57.62711864406779,-71.18644067796612,82756.0,74469.0,237.84650118061325,1161.7886788437647
1790040326.315098,136.85189089999767,-50.847457627118644,-71.18644067796612,82778.0,74556.0,188.38169362312632,708.6739902965228
1790040326.4316108,136.9684046000475,-44.067796610169495,-71.18644067796612,82797.0,74665.0,153.89016225177085,923.3409735106251
1790040326.5439785,137.0807718000142,-37.288135593220346,-71.18644067796612,82823.0,74778.0,235.20202905226193,978.4404408574097
1790040326.6590016,137.1957948000054,-30.508474576271198,-71.18644067796612,82852.0,74886.0,237.94684816320213,942.6355908003776
1790040326.7734253,137.31021810002858,-23.72881355932205,-71.18644067796612,82878.0,74992.0,240.21737826081085,970.1086429763515
1790040326.8887038,137.4254964000429,-16.9491525423729,-71.18644067796612,82918.0,75105.0,356.2401863997769,1004.7800129224477
1790040327.0065098,137.54330240003765,-10.169491525423723,-71.18644067796612,82956.0,75183.0,325.3881383193483,659.8148360364562
1790040327.1215818,137.65837360004662,-3.3898305084745743,-71.18644067796612,83002.0,75266.0,382.5910157321774,728.7447918708141
1790040327.2363796,137.77317140001105,3.3898305084745743,-71.18644067796612,83017.0,75312.0,129.296571272933,397.1251831954371
1790040327.3480887,137.88488140003756,10.169491525423723,-71.18644067796612,83057.0,75408.0,367.66854771663793,839.0384806866865
1790040327.4662645,138.003055600042,16.94915254237287,-71.18644067796612,83105.0,75491.0,403.76974125535884,669.8907070827544
1790040327.5931592,138.12994980002986,23.72881355932202,-71.18644067796612,83159.0,75576.0,474.08414533760936,652.9838228234996
1790040327.7059317,138.2427233000053,30.50847457627117,-71.18644067796612,83230.0,75658.0,629.8555279362247,695.6613293623974
1790040327.824807,138.3615984999924,37.28813559322032,-71.18644067796612,83307.0,75720.0,638.4948546333416,540.9470296199144
1790040327.948237,138.48502810002537,44.06779661016947,-71.18644067796612,83345.0,75747.0,259.18918219136236,185.1351301366874
1790040328.0653899,138.6021798000438,50.847457627118644,-71.18644067796612,83374.0,75776.0,250.05001007196572,232.1892950668253
1790040328.183814,138.72060490003787,57.627118644067764,-71.18644067796612,83450.0,75849.0,673.2795715254298,620.1259211418433
1790040328.2991507,138.83594150003046,64.40677966101691,-71.18644067796612,83553.0,75897.0,874.7503314532784,410.0392178687242
1790040328.4200187,138.9568072000402,71.18644067796606,-71.18644067796612,83664.0,75953.0,947.7486494195272,464.93329971523974
1790040328.5388875,139.0756764000398,77.96610169491527,-71.18644067796612,83779.0,75996.0,990.7414766512164,365.9495544387376
1790040328.6581767,139.19496560003608,84.74576271186442,-71.18644067796612,83878.0,76035.0,832.4337678785763,322.2324262755779
1790040328.777399,139.31418780004606,91.52542372881356,-71.18644067796612,83993.0,76072.0,990.7199616916502,309.59998802864067
1790040328.893147,139.42993630003184,98.30508474576271,-71.18644067796612,84121.0,76109.0,1096.6892887860233,340.9874259250661
1790040329.009902,139.54668960004346,105.08474576271186,-71.18644067796612,84254.0,76150.0,1148.2207134800522,364.51451221588957
1790040329.1284065,139.66519400000107,111.86440677966101,-71.18644067796612,84372.0,76187.0,1006.9820393327481,302.98574634790646
1790040329.2474427,139.7842307999963,118.64406779661016,-71.18644067796612,84488.0,76215.0,962.803117449659,247.32557145495826
1790040329.359933,139.8967211000272,125.42372881355931,-71.18644067796612,84617.0,76241.0,1094.1962708338285,224.45051709411868
1790040329.4727058,140.009493199992,132.20338983050846,-71.18644067796612,84735.0,76257.0,1041.3373748357913,139.46482698693634
1790040329.5867674,140.1235549999983,138.9830508474576,-71.18644067796612,84851.0,76276.0,1037.1625432599697,174.39016214105683
1790040329.701932,140.23871960001998,145.76271186440675,-71.18644067796612,84983.0,76299.0,1145.7628598921144,181.86712061779593
1790040329.8160815,140.3528687999933,152.5423728813559,-71.18644067796612,85119.0,76314.0,1200.8576503500242,137.50278439122414
1790040329.9355958,140.47238260001177,159.32203389830505,-71.18644067796612,85240.0,76338.0,1049.405445876425,196.76352110182967
1790040330.0509279,140.5877147000283,166.1016949152542,-71.18644067796612,85395.0,76354.0,1355.032034522576,127.3184461967521
1790040330.1678305,140.70461670000805,172.88135593220335,-71.18644067796612,85503.0,76386.0,942.4258576114746,260.2890463879311
1790040330.2819877,140.81877340003848,179.66101694915255,-71.18644067796612,85627.0,76412.0,1065.3613057752982,240.86429521876306
1790040330.3985744,140.9353598000016,186.4406779661017,-71.18644067796612,85757.0,76441.0,1110.235559636016,252.7365501610443
1790040330.5215535,141.05833800003165,193.22033898305085,-71.18644067796612,85868.0,76476.0,922.2531469927845,283.06779759184474
1790040330.6447163,141.18150010000682,200.0,-71.18644067796612,85987.0,76511.0,972.7389898119061,286.61059521243664
1790040330.7622726,141.29905730002793,-200.0,-64.40677966101697,86089.0,76548.0,844.6045664708155,317.86193361804885
1790040330.8841472,141.4209322000388,-193.22033898305085,-64.40677966101697,86184.0,76594.0,775.6521080558555,370.5893405155754
1790040331.0020943,141.53887910000049,-186.4406779661017,-64.40677966101697,86279.0,76648.0,815.289875551348,460.8160166159793
1790040331.12325,141.66003329999512,-179.66101694915255,-64.40677966101697,86375.0,76701.0,774.4112900830199,414.21999236998744
1790040331.2404547,141.77723850001348,-172.8813559322034,-64.40677966101697,86459.0,76766.0,727.2588432269066,527.2626613395073
1790040331.356275,141.89305790001526,-166.10169491525426,-64.40677966101697,86544.0,76821.0,710.3715152632103,464.47368305671444
1790040331.474105,142.01088890002575,-159.32203389830508,-64.40677966101697,86620.0,76901.0,646.0980166924529,690.9659345183178
1790040331.590229,142.12701130000642,-152.54237288135593,-64.40677966101697,86700.0,76970.0,697.4625045555189,615.9409131139647
1790040331.7026193,142.23940150003182,-145.76271186440678,-64.40677966101697,86765.0,77036.0,584.6238275119347,603.482660657481
1790040331.8206532,142.35743670002557,-138.98305084745763,-64.40677966101697,86825.0,77129.0,486.9387692305294,784.5124615380752
1790040331.938811,142.47559400001774,-132.20338983050848,-64.40677966101697,86869.0,77227.0,370.34828994662735,803.9267757378009
1790040332.0539901,142.59077090001665,-125.42372881355932,-64.40677966101697,86912.0,77328.0,389.1465183441291,908.0085428029679
1790040332.1724684,142.70924910000758,-118.64406779661017,-64.40677966101697,86949.0,77413.0,313.8343564173778,717.3356718111493
1790040332.2910106,142.8277915000217,-111.86440677966102,-64.40677966101697,86990.0,77496.0,337.8237216643513,693.4276392057736
1790040332.4159324,142.95271450001746,-105.08474576271186,-64.40677966101697,87017.0,77598.0,193.8928801151233,809.2920213500798
1790040332.531602,143.068381900026,-98.30508474576271,-64.40677966101697,87046.0,77710.0,250.02083507623885,972.3032475187066
1790040332.649728,143.18650940002408,-91.52542372881356,-64.40677966101697,87083.0,77820.0,304.40500918964403,913.2150275689321
1790040332.7692623,143.30604260001564,-84.74576271186442,-64.40677966101697,87113.0,77922.0,264.76927119551715,856.0873101988388
1790040332.8912518,143.42803300003288,-77.96610169491527,-64.40677966101697,87138.0,78022.0,195.06710755347893,833.4685504557735
1790040333.0102522,143.54703240003437,-71.18644067796612,-64.40677966101697,87170.0,78151.0,282.2035178777703,1092.4007143655624
1790040333.1345417,143.67132120003225,-64.40677966101697,-64.40677966101697,87195.0,78266.0,195.01678922724503,930.7619485845785
1790040333.2545116,143.79129050002666,-57.62711864406779,-64.40677966101697,87222.0,78386.0,237.96702123191727,995.9360518224686
1790040333.3707602,143.9075400000438,-50.847457627118644,-64.40677966101697,87254.0,78499.0,283.185193937181,950.040650627962
1790040333.4909642,144.0277443000232,-44.067796610169495,-64.40677966101697,87279.0,78613.0,209.93523043021042,940.1447275787684
1790040333.6055336,144.14231160003692,-37.288135593220346,-64.40677966101697,87305.0,78727.0,229.45042045269287,991.2258163556332
1790040333.7212532,144.2580311000347,-30.508474576271198,-64.40677966101697,87328.0,78845.0,204.04169502319962,1057.306965120216
1790040333.8369823,144.37376099999528,-23.72881355932205,-64.40677966101697,87359.0,78941.0,257.22149342054024,863.529299340385
1790040333.956156,144.49293450004188,-16.9491525423729,-64.40677966101697,87395.0,79041.0,300.0334448798291,847.1532561312822
1790040334.072135,144.60891150002135,-10.169491525423723,-64.40677966101697,87431.0,79135.0,302.19724870150526,833.331807025363
1790040334.1844158,144.7211932000355,-3.3898305084745743,-64.40677966101697,87477.0,79225.0,416.48366644237154,766.7085677689113
1790040334.299509,144.8362873000442,3.3898305084745743,-64.40677966101697,87540.0,79316.0,528.8945099876947,775.1040232578285
1790040334.420021,144.95679700002074,10.169491525423723,-64.40677966101697,87593.0,79405.0,443.77706810112556,796.9873876101847
1790040334.5390902,145.07586570002604,16.94915254237287,-64.40677966101697,87659.0,79481.0,567.5157528763154,647.3226556245473
1790040334.6537857,145.19056240003556,23.72881355932202,-64.40677966101697,87726.0,79558.0,571.7067846136079,645.4754019831056
1790040334.7723851,145.30916150001576,30.50847457627117,-64.40677966101697,87808.0,79615.0,718.7171451706879,479.14476344712523
1790040334.8861852,145.42296130000614,37.28813559322032,-64.40677966101697,87883.0,79682.0,662.4685788684451,598.0619114784574
1790040334.9999456,145.53672219999135,44.06779661016947,-64.40677966101697,87974.0,79737.0,821.6615840974076,461.60763151539754
1790040335.1177342,145.65451020002365,50.847457627118644,-64.40677966101697,88052.0,79807.0,659.4977481032241,597.1128259853516
1790040335.2373297,145.77410560002318,57.627118644067764,-64.40677966101697,88162.0,79866.0,927.1629609340065,485.65678906067006
1790040335.3591561,145.89593170001172,64.40677966101691,-64.40677966101697,88262.0,79905.0,762.2887676168341,322.85171334360035
1790040335.4749982,146.01177320000716,71.18644067796606,-64.40677966101697,88359.0,79954.0,821.2862965133185,442.2310827379407
1790040335.5900333,146.12680810003076,77.96610169491527,-64.40677966101697,88469.0,79992.0,976.0930188546599,346.6498571633372
1790040335.706902,146.2436760000419,84.74576271186442,-64.40677966101697,88585.0,80022.0,943.1064307627104,251.49504820338942
1790040335.8223028,146.3590772000025,91.52542372881356,-64.40677966101697,88705.0,80059.0,1076.3054993279936,301.0006904900321
1790040335.9431448,146.47991910000565,98.30508474576271,-64.40677966101697,88837.0,80082.0,1134.1621630542827,184.41661187874516
1790040336.060172,146.5969455000013,105.08474576271186,-64.40677966101697,88978.0,80110.0,1262.6611731780474,239.62912775641774
1790040336.1753755,146.71214870002586,111.86440677966101,-64.40677966101697,89097.0,80139.0,1022.822643755165,255.70566093879125
1790040336.290568,146.82734150002943,118.64406779661016,-64.40677966101697,89246.0,80160.0,1318.6529371789122,172.7890055613747
1790040336.4117799,146.94855269999243,125.42372881355931,-64.40677966101697,89372.0,80187.0,1068.5347780130894,208.4945908318223
1790040336.5318885,147.06866099999752,132.20338983050846,-64.40677966101697,89497.0,80210.0,1010.599874484146,193.3321499013149
1790040336.6552286,147.19200189999538,138.9830508474576,-64.40677966101697,89634.0,80229.0,1047.8603726324766,155.88005543293042
1790040336.7736855,147.31045770004857,145.76271186440675,-64.40677966101697,89792.0,80252.0,1336.9591906645808,190.9941700949401
1790040336.889091,147.42586280003889,152.5423728813559,-64.40677966101697,89935.0,80271.0,1227.4066260538484,154.5623158734476
1790040337.0086057,147.54537690000143,159.32203389830505,-64.40677966101697,90026.0,80289.0,747.3558986903713,158.26360207560805
1790040337.1282287,147.66500000003725,166.1016949152542,-64.40677966101697,90168.0,80310.0,1171.7019014544103,158.5761971893187
1790040337.2451565,147.78192780003883,172.88135593220335,-64.40677966101697,90293.0,80332.0,1039.1248417270454,179.15945547018026
1790040337.3629847,147.899756000028,179.66101694915255,-64.40677966101697,90421.0,80362.0,991.2262579356799,268.65010729097867
1790040337.4811468,148.01791769999545,186.4406779661017,-64.40677966101697,90523.0,80391.0,888.3643309123403,253.81838026066865
1790040337.595433,148.13220340001862,193.22033898305085,-64.40677966101697,90597.0,80415.0,659.6275849448801,210.71436741294784
1790040337.7117603,148.2485310000484,200.0,-64.40677966101697,90678.0,80449.0,720.4020563880227,297.1658482600594
1790040337.8337088,148.3704788000323,-200.0,-57.62711864406779,90783.0,80510.0,890.1318085823516,501.239270852198
1790040337.9512494,148.4880194000434,-193.22033898305085,-57.62711864406779,90860.0,80553.0,616.459467735663,384.1703929367175
1790040338.0690775,148.605847000028,-186.4406779661017,-57.62711864406779,90961.0,80612.0,890.4923874029085,495.7380301005883
1790040338.1894267,148.72619610000402,-179.66101694915255,-57.62711864406779,91044.0,80671.0,686.8804907780725,494.5539533602122
1790040338.3103957,148.84716490004212,-172.8813559322034,-57.62711864406779,91117.0,80730.0,618.5929885868482,479.1917517222063
1790040338.431913,148.96868200000608,-166.10169491525426,-57.62711864406779,91186.0,80809.0,530.5917626160045,638.5087312836665
1790040338.5507517,149.08752060000552,-159.32203389830508,-57.62711864406779,91245.0,80900.0,489.2446240659746,791.6867553067589
1790040338.6700304,149.20679910003673,-152.54237288135593,-57.62711864406779,91308.0,80966.0,512.4820299781115,547.8256182524641
1790040338.7968423,149.33361070003593,-145.76271186440678,-57.62711864406779,91358.0,81056.0,402.8730101389978,683.1324954530833
1790040338.9136052,149.45037219999358,-138.98305084745763,-57.62711864406779,91408.0,81139.0,423.5669020176993,657.8805073891925
1790040339.0354903,149.57225640001707,-132.20338983050848,-57.62711864406779,91454.0,81236.0,400.3986578221476,818.2059529409103
1790040339.1539671,149.69073440000648,-125.42372881355932,-57.62711864406779,91490.0,81316.0,276.15794799307963,677.0323886281951
1790040339.2701817,149.806949299993,-118.64406779661017,-57.62711864406779,91524.0,81409.0,291.49950982151705,783.404932645327
1790040339.3892372,149.92600370000582,-111.86440677966102,-57.62711864406779,91548.0,81494.0,206.33679043078453,759.6945465860704
1790040339.5034025,150.0401686000405,-105.08474576271186,-57.62711864406779,91569.0,81602.0,193.17787719100616,929.0935998234106
1790040339.6191545,150.1559203999932,-98.30508474576271,-57.62711864406779,91586.0,81693.0,145.36983447618684,745.0204016904576
1790040339.7387264,150.27549160004128,-91.52542372881356,-57.62711864406779,91612.0,81787.0,219.69214986467466,799.6794255074158
1790040339.8523915,150.38915760000236,-84.74576271186442,-57.62711864406779,91633.0,81911.0,176.0857074668899,1075.049582429433
1790040339.9712973,150.50806280004326,-77.96610169491527,-57.62711864406779,91653.0,82038.0,164.33913752862964,1040.814537681321
1790040340.08677,150.62353480001912,-71.18644067796612,-57.62711864406779,91672.0,82123.0,154.5453139864925,736.362966641523
1790040340.2022734,150.73903769999743,-64.40677966101697,-57.62711864406779,91696.0,82238.0,219.60525960582953,1006.5241065267187
1790040340.3155205,150.8522859000368,-57.62711864406779,-57.62711864406779,91720.0,82334.0,215.17045239771997,851.3265725301094
1790040340.4269042,150.96366910001962,-50.847457627118644,-57.62711864406779,91742.0,82456.0,200.80494099152602,1099.6461054297854
1790040340.5427752,151.07953940000152,-44.067796610169495,-57.62711864406779,91761.0,82558.0,162.60265419683756,903.3480788713198
1790040340.6605139,151.1972773000016,-37.288135593220346,-57.62711864406779,91792.0,82655.0,276.8531972783459,830.5595918350377
1790040340.776301,151.3130647999933,-30.508474576271198,-57.62711864406779,91819.0,82747.0,244.89329445398215,780.0304934460172
1790040340.891098,151.42786240001442,-23.72881355932205,-57.62711864406779,91851.0,82815.0,264.33902489479874,592.4840213159282
1790040341.018637,151.55540050001582,-16.9491525423729,-57.62711864406779,91894.0,82931.0,325.59960920168425,897.5989226641026
1790040341.1359,151.67266290000407,-10.169491525423723,-57.62711864406779,91951.0,83044.0,473.39475085315723,891.096001605943
1790040341.2479167,151.78468000004068,-3.3898305084745743,-57.62711864406779,91995.0,83145.0,365.77405292246783,947.2610088504937
1790040341.3619952,151.89875809999648,3.3898305084745743,-57.62711864406779,92053.0,83240.0,532.3474501643043,826.0563881859895
1790040341.4811816,152.01794440002413,10.169491525423723,-57.62711864406779,92114.0,83346.0,518.7926025110617,896.8956856970896
1790040341.5991457,152.13590799999656,16.94915254237287,-57.62711864406779,92181.0,83420.0,558.4027200714862,638.1745372245557
1790040341.7170327,152.25379280000925,23.72881355932202,-57.62711864406779,92250.0,83488.0,575.7846893208133,566.6452498077845
1790040341.8354614,152.372221800033,30.50847457627117,-57.62711864406779,92328.0,83573.0,654.0181349866026,734.65050779317
1790040341.9575245,152.49428650003392,37.28813559322032,-57.62711864406779,92403.0,83648.0,633.6316030603853,633.6316030603853
1790040342.0711756,152.6079369999934,44.06779661016947,-57.62711864406779,92499.0,83699.0,857.2834989486468,442.46890268317253
1790040342.190529,152.72728910000296,50.847457627118644,-57.62711864406779,92592.0,83757.0,802.7490504071314,483.47385990429507
1790040342.3082986,152.84505870001158,57.627118644067764,-57.62711864406779,92695.0,83803.0,880.8759144028205,404.4838382461931
1790040342.4268403,152.96360120002646,64.40677966101691,-57.62711864406779,92795.0,83844.0,769.326680203713,353.7134161856152
1790040342.545624,153.08238480001455,71.18644067796606,-57.62711864406779,92892.0,83887.0,787.2469531625485,371.5097981216521
1790040342.6648905,153.20164959999966,77.96610169491527,-57.62711864406779,93020.0,83921.0,1031.315862225797,290.8839611406094
1790040342.7803025,153.31706150004175,84.74576271186442,-57.62711864406779,93126.0,83953.0,913.9781998824054,265.0536779658976
1790040342.8977509,153.43451059999643,91.52542372881356,-57.62711864406779,93240.0,83989.0,999.4921499587136,306.1507486360024
1790040343.0144637,153.55122270004358,98.30508474576271,-57.62711864406779,93374.0,84014.0,1123.5450092518188,215.7206417763492
1790040343.128563,153.66532220004592,105.08474576271186,-57.62711864406779,93493.0,84032.0,1022.5224514469321,158.02619704179858
1790040343.2479231,153.7846814999939,111.86440677966101,-57.62711864406779,93595.0,84048.0,861.6679957675814,140.68048910491123
1790040343.3682644,153.90502330003073,118.64406779661016,-57.62711864406779,93705.0,84074.0,919.5659998166145,218.94428567062252
1790040343.4834816,154.0202404000447,125.42372881355931,-57.62711864406779,93832.0,84100.0,1107.8532016630893,221.57064033261784
1790040343.5979183,154.1346743000322,132.20338983050846,-57.62711864406779,93965.0,84121.0,1174.4983373824612,174.3395969552091
1790040343.7133582,154.25011610001093,138.9830508474576,-57.62711864406779,94075.0,84152.0,941.8150327784933,246.88355228174098
1790040343.829438,154.36619600001723,145.76271186440675,-57.62711864406779,94206.0,84167.0,1137.4876812853877,127.39862030396341
1790040343.9462402,154.4829973000451,152.5423728813559,-57.62711864406779,94338.0,84189.0,1172.122596940067,198.35920871293445
1790040344.0662198,154.60297530004755,159.32203389830505,-57.62711864406779,94467.0,84212.0,1093.1163485910836,180.6803881968733
1790040344.1775026,154.71425860002637,166.1016949152542,-57.62711864406779,94592.0,84242.0,1128.8571276593132,267.86440317339634
1790040344.2931874,154.8299446000019,172.88135593220335,-57.62711864406779,94710.0,84268.0,1065.0125923162611,229.5285759302287
1790040344.4093528,154.9461078000022,179.66101694915255,-57.62711864406779,94839.0,84295.0,1149.7141014075496,241.0690857790023
1790040344.529912,155.06666750001023,186.4406779661017,-57.62711864406779,94923.0,84327.0,661.437984094916,280.8846233827726
1790040344.6460793,155.18283400003565,193.22033898305085,-57.62711864406779,95027.0,84365.0,898.8886469773183,335.9482822036442
1790040344.7660072,155.30276350001805,200.0,-57.62711864406779,95116.0,84421.0,667.4869731291254,465.48433652425854
1790040344.887999,155.42475510004442,-200.0,-50.847457627118644,95229.0,84469.0,863.2715919251712,397.10493228557874
1790040345.0032454,155.53999930003192,-193.22033898305085,-50.847457627118644,95335.0,84538.0,837.5070631783153,552.2024592384497
1790040345.1160614,155.65281649999088,-186.4406779661017,-50.847457627118644,95407.0,84597.0,592.3312841401165,507.712529262957
1790040345.231041,155.76779539999552,-179.66101694915255,-50.847457627118644,95494.0,84652.0,743.8638120440227,495.90920802934846
1790040345.3462057,155.88295960001415,-172.8813559322034,-50.847457627118644,95574.0,84721.0,727.3672850623811,563.7096459233454
1790040345.4624877,155.99924100004137,-166.10169491525426,-50.847457627118644,95640.0,84801.0,553.6756805714725,698.9020885902195
1790040345.581109,156.11786290002055,-159.32203389830508,-50.847457627118644,95695.0,84891.0,454.74405063375076,740.0736510313983
1790040345.7017436,156.23849800002063,-152.54237288135593,-50.847457627118644,95757.0,84956.0,521.0300763788091,538.3977455914361
1790040345.8211439,156.3578972000396,-145.76271186440678,-50.847457627118644,95808.0,85051.0,446.1421641397556,803.0558954515601
1790040345.934926,156.47167890000856,-138.98305084745763,-50.847457627118644,95864.0,85139.0,487.6998418542994,782.1601237285934
1790040346.0515358,156.5882891000365,-132.20338983050848,-50.847457627118644,95905.0,85240.0,344.03181746241455,887.2399502978059
1790040346.1697803,156.70653300004778,-125.42372881355932,-50.847457627118644,95943.0,85333.0,309.8271871216122,805.5506865161917
1790040346.2901735,156.82692600000883,-118.64406779661017,-50.847457627118644,95970.0,85428.0,201.39069424318143,823.8710219039241
1790040346.4057744,156.94252650003182,-111.86440677966102,-50.847457627118644,95996.0,85526.0,209.50076882023217,874.4379915974908
1790040346.5235937,157.06034570001066,-105.08474576271186,-50.847457627118644,96016.0,85645.0,178.00150595704838,1014.6085839551757
1790040346.6390424,157.17579410003964,-98.30508474576271,-50.847457627118644,96032.0,85754.0,135.9759812181854,897.4414760400236
1790040346.7551544,157.2919067000039,-91.52542372881356,-50.847457627118644,96053.0,85876.0,171.69026356494444,1039.1779110509797
1790040346.8729482,157.40969920001226,-84.74576271186442,-50.847457627118644,96079.0,85989.0,242.05591127481935,986.8433305819558
1790040346.9889143,157.52566550002666,-77.96610169491527,-50.847457627118644,96098.0,86084.0,178.5328359636028,845.6818545644342
1790040347.1008792,157.63763040001504,-71.18644067796612,-50.847457627118644,96119.0,86186.0,178.23990906949885,881.8184975017313
1790040347.2137206,157.7504704000312,-64.40677966101697,-50.847457627118644,96130.0,86279.0,102.08011435531671,816.6409148425337
1790040347.3287635,157.865512999997,-57.62711864406779,-50.847457627118644,96151.0,86382.0,183.07289686800152,906.2108394966076
1790040347.4432511,157.9800005000434,-50.847457627118644,-50.847457627118644,96184.0,86485.0,293.55051174334443,871.4780817380537
1790040347.556618,158.09336780000012,-44.067796610169495,-50.847457627118644,96202.0,86587.0,166.72702802471008,916.9986541359054
1790040347.6703117,158.20706159999827,-37.288135593220346,-50.847457627118644,96240.0,86701.0,341.62717947933453,1034.1147054509586
1790040347.7833946,158.32014419999905,-30.508474576271198,-50.847457627118644,96277.0,86785.0,324.3191151040092,741.3008345234497
1790040347.8951561,158.43190550000872,-23.72881355932205,-50.847457627118644,96319.0,86889.0,384.560189769096,919.1926487163757
1790040348.0082664,158.54501540004276,-16.9491525423729,-50.847457627118644,96372.0,86990.0,472.2349026678446,907.4317737538975
1790040348.1213825,158.65813140000682,-10.169491525423723,-50.847457627118644,96427.0,87073.0,490.84800010776377,703.8575095884914
1790040348.2340426,158.77079169999342,-3.3898305084745743,-50.847457627118644,96473.0,87163.0,409.078188693624,790.2646827035918
1790040348.348532,158.88528059999226,3.3898305084745743,-50.847457627118644,96527.0,87244.0,478.5270201209658,699.3856447921808
1790040348.465409,159.00215760001447,10.169491525423723,-50.847457627118644,96583.0,87327.0,501.19283908635026,719.8951688694849
1790040348.5806546,159.11740270000882,16.94915254237287,-50.847457627118644,96656.0,87404.0,639.502430861053,685.1811759225567
1790040348.6942325,159.230979999993,23.72881355932202,-50.847457627118644,96731.0,87474.0,654.7722607830418,589.2950347047376
1790040348.8103297,159.34707710001385,30.50847457627117,-50.847457627118644,96820.0,87537.0,770.6778438522862,557.1165136281587
1790040348.9235487,159.46029489999637,37.28813559322032,-50.847457627118644,96869.0,87572.0,407.602528386924,305.701896290193
1790040349.036587,159.57333270000527,44.06779661016947,-50.847457627118644,96980.0,87628.0,981.287318329717,504.6620494267116
1790040349.1509833,159.687729199999,50.847457627118644,-50.847457627118644,97084.0,87678.0,874.1146137836349,441.65791012225765
1790040349.266469,159.8032143000164,57.627118644067764,-50.847457627118644,97199.0,87727.0,972.8333999093466,427.3193438854139
1790040349.3809278,159.91767290001735,64.40677966101691,-50.847457627118644,97260.0,87757.0,485.90152155664316,256.7026906336983
1790040349.493206,160.0299520000117,71.18644067796606,-50.847457627118644,97365.0,87798.0,941.487493952945,357.7652477021191
1790040349.605696,160.1424418000388,77.96610169491527,-50.847457627118644,97479.0,87828.0,1015.3324517242672,270.13432201838305
1790040349.7191243,160.25586979999207,84.74576271186442,-50.847457627118644,97595.0,87856.0,1023.9701255372727,239.84885823395575
1790040349.833806,160.37055180000607,91.52542372881356,-50.847457627118644,97716.0,87899.0,1079.8908765124327,366.06470390251957
1790040349.946228,160.4829735000385,98.30508474576271,-50.847457627118644,97853.0,87926.0,1249.0888178721084,251.6820752428875
1790040350.060006,160.59675090003293,105.08474576271186,-50.847457627118644,97979.0,87940.0,1113.7005417266632,128.85791391878746
1790040350.1740675,160.71081220003543,111.86440677966101,-50.847457627118644,98096.0,87969.0,1018.7682815749565,266.1646861772409
1790040350.2878718,160.82461660000263,118.64406779661016,-50.847457627118644,98224.0,87992.0,1162.4446676928985,213.88981885549333
1790040350.4040034,160.94074759999057,125.42372881355931,-50.847457627118644,98360.0,88021.0,1209.47229160658,240.04793573871052
1790040350.5195742,161.05631860002177,132.20338983050846,-50.847457627118644,98514.0,88038.0,1370.4474874729617,137.04474874729615
1790040350.635782,161.17252469999949,138.9830508474576,-50.847457627118644,98620.0,88060.0,876.3897854870455,191.7102655752912
1790040350.753431,161.29017340001883,145.76271186440675,-50.847457627118644,98731.0,88071.0,1031.557288864267,92.93308908687091
1790040350.8718836,161.4086254000431,152.5423728813559,-50.847457627118644,98827.0,88094.0,814.2473154299582,182.97692481572096
1790040350.9867392,161.52348060003715,159.32203389830505,-50.847457627118644,98922.0,88114.0,816.605910865272,174.33159894876593
1790040351.1011024,161.63784400001168,166.1016949152542,-50.847457627118644,99020.0,88139.0,855.8949070432524,220.87610504341995
1790040351.2162151,161.75295719999122,172.88135593220335,-50.847457627118644,99140.0,88171.0,1034.0902020089397,274.53722177228485
1790040351.332822,161.8695629000431,179.66101694915255,-50.847457627118644,99252.0,88204.0,939.3742322911124,289.0382253203423
1790040351.447158,161.98389890004182,186.4406779661017,-50.847457627118644,99366.0,88245.0,1012.6218716701775,349.81482839515223
1790040351.5605302,162.09727090003435,193.22033898305085,-50.847457627118644,99468.0,88279.0,886.1138498960279,307.8079689112518
1790040351.6753082,162.21204990003025,200.0,-50.847457627118644,99575.0,88322.0,899.1345370762438,376.1685308176122
1790040351.7890744,162.32581529999152,-200.0,-44.067796610169495,99660.0,88378.0,754.4586666959207,496.83863416560627
1790040351.9027894,162.43953090003924,-193.22033898305085,-44.067796610169495,99747.0,88430.0,775.9628867318271,443.40736384675836
1790040352.014845,162.55158550001215,-186.4406779661017,-44.067796610169495,99826.0,88490.0,654.6712196665708,551.7943137189668
1790040352.1286554,162.6653960000258,-179.66101694915255,-44.067796610169495,99896.0,88565.0,616.7265445023305,653.5460396964995
1790040352.2410378,162.77777849999256,-172.8813559322034,-44.067796610169495,99946.0,88632.0,419.3919375362841,577.8288917166581
1790040352.3525066,162.88924710004358,-166.10169491525426,-44.067796610169495,100012.0,88709.0,592.38586691529,695.8183198687533
1790040352.4652178,163.0019575000042,-159.32203389830508,-44.067796610169495,100070.0,88773.0,521.7383200163903,568.3220985892822
1790040352.579594,163.11633330001496,-152.54237288135593,-44.067796610169495,100121.0,88857.0,466.639400247413,750.2829572605464
1790040352.6927679,163.2295071000117,-145.76271186440678,-44.067796610169495,100174.0,88952.0,453.49501210811866,860.715022980715
1790040352.8054795,163.34221870003967,-138.98305084745763,-44.067796610169495,100204.0,89050.0,260.05628363414786,863.7583706419911
1790040352.9179096,163.45464850001736,-132.20338983050848,-44.067796610169495,100230.0,89140.0,233.0144142485032,810.8901615847911
1790040353.030306,163.567044800031,-125.42372881355932,-44.067796610169495,100261.0,89235.0,279.50918193542435,847.844518537454
1790040353.145687,163.68242570001166,-118.64406779661017,-44.067796610169495,100285.0,89344.0,199.57001735123922,925.2791713557455
1790040353.260673,163.79741140000988,-111.86440677966102,-44.067796610169495,100317.0,89460.0,282.17603240499517,1010.3722450630472
1790040353.3807926,163.91753060003975,-105.08474576271186,-44.067796610169495,100337.0,89544.0,166.92276131185594,711.6180876979122
1790040353.49735,164.03408610000042,-98.30508474576271,-44.067796610169495,100368.0,89630.0,267.85235974110316,785.0845026894402
1790040353.6122437,164.14898100000573,-91.52542372881356,-44.067796610169495,100380.0,89743.0,110.99220561637952,961.9324486752892
1790040353.7277548,164.26449160004267,-84.74576271186442,-44.067796610169495,100394.0,89853.0,126.82549442722309,914.9553526535381
1790040353.8461766,164.38291220000247,-77.96610169491527,-44.067796610169495,100408.0,89958.0,124.3085337878876,879.0389175000623
1790040353.9617407,164.4984764000401,-71.18644067796612,-44.067796610169495,100434.0,90066.0,239.63884581385508,903.2541111445307
1790040354.078839,164.61557550000725,-64.40677966101697,-44.067796610169495,100462.0,90153.0,225.23719731559814,738.7780071951619
1790040354.1963127,164.73304820002522,-57.62711864406779,-44.067796610169495,100483.0,90260.0,178.54703782700574,910.5898929177292
1790040354.3139455,164.8506800000323,-50.847457627118644,-44.067796610169495,100511.0,90363.0,237.59242112447748,886.402494195166
1790040354.4333627,164.97009740001522,-44.067796610169495,-44.067796610169495,100545.0,90455.0,292.07080852219013,770.0048588312285
1790040354.5487535,165.08548770000925,-37.288135593220346,-44.067796610169495,100570.0,90556.0,220.38567482954102,890.725435769395
1790040354.6631784,165.19991260004463,-30.508474576271198,-44.067796610169495,100623.0,90665.0,460.3826886760195,911.5577235785186
1790040354.7857013,165.32243600004585,-23.72881355932205,-44.067796610169495,100667.0,90765.0,359.5751259773093,728.1396301040513
1790040354.905203,165.44193760002963,-16.9491525423729,-44.067796610169495,100708.0,90842.0,332.67848211085527,621.5834797334401
1790040355.0294688,165.5662029000232,-10.169491525423723,-44.067796610169495,100767.0,90922.0,482.9391166616184,635.4462061337084
1790040355.142907,165.67964030004805,-3.3898305084745743,-44.067796610169495,100826.0,90999.0,508.11975371501285,692.8905732477448
1790040355.2594411,165.79617330001201,3.3898305084745743,-44.067796610169495,100897.0,91071.0,580.1899577746277,598.3208939550849
1790040355.374781,165.91151440003887,10.169491525423723,-44.067796610169495,100966.0,91162.0,595.1399950923786,805.7279933558357
1790040355.4900916,166.026824200002,16.94915254237287,-44.067796610169495,101045.0,91251.0,680.9917054404284,744.550931281535
1790040355.6107807,166.14751340000657,23.72881355932202,-44.067796610169495,101121.0,91326.0,637.3563953413292,646.7292835081134
1790040355.7255242,166.26225660002092,30.50847457627117,-44.067796610169495,101243.0,91387.0,1106.77851554369,521.3750031900028
1790040355.8398368,166.37656840001,37.28813559322032,-44.067796610169495,101349.0,91443.0,944.0438624489866,476.6046684208476
1790040355.9595969,166.4963284000405,44.06779661016947,-44.067796610169495,101466.0,91498.0,996.3768914831185,423.239741514953
1790040356.077658,166.61438899999484,50.847457627118644,-44.067796610169495,101582.0,91547.0,1021.2017902741602,382.95067135281005
1790040356.1930714,166.72980289999396,57.627118644067764,-44.067796610169495,101700.0,91595.0,1053.1096954793313,375.4565001274138
1790040356.3050456,166.84177689999342,64.40677966101691,-44.067796610169495,101806.0,91630.0,935.9825381419384,327.5938883496785
1790040356.4229732,166.9597044000402,71.18644067796606,-44.067796610169495,101928.0,91666.0,1045.5829481210505,312.78122379689546
1790040356.5452273,167.08195800002431,77.96610169491527,-44.067796610169495,102064.0,91707.0,1112.0881392306053,310.35017838993633
1790040356.6691144,167.20584430004237,84.74576271186442,-44.067796610169495,102180.0,91734.0,868.4822423503157,214.88220429286162
1790040356.7879808,167.3247111000237,91.52542372881356,-44.067796610169495,102322.0,91757.0,1234.1510762477117,185.12266143715675
1790040356.9071212,167.4438511999906,98.30508474576271,-44.067796610169495,102470.0,91788.0,1234.5210895269074,264.5402334700516
1790040357.0249736,167.56170360004762,105.08474576271186,-44.067796610169495,102600.0,91810.0,1110.1740285072726,188.01334353752196
1790040357.145559,167.68228810001165,111.86440677966101,-44.067796610169495,102729.0,91830.0,1083.8702337460213,168.79946263257708
1790040357.2630491,167.7997782000457,118.64406779661016,-44.067796610169495,102878.0,91850.0,1275.2433068564474,170.63114669205984
1790040357.3810382,167.9177677000407,125.42372881355931,-44.067796610169495,103007.0,91881.0,1116.095344854979,258.93412000635516
1790040357.4965596,168.03328920004424,132.20338983050846,-44.067796610169495,103124.0,91901.0,987.9036683529869,173.79786758061806
1790040357.614312,168.15104090003297,138.9830508474576,-44.067796610169495,103233.0,91919.0,941.8569541198273,147.74226731291407
1790040357.7314203,168.26814880000893,145.76271186440675,-44.067796610169495,103366.0,91939.0,1156.839657911731,170.38723643661152
1790040357.8445323,168.38126049999846,152.5423728813559,-44.067796610169495,103488.0,91957.0,1074.494917572519,157.46908274769675
1790040357.961039,168.49776709999423,159.32203389830505,-44.067796610169495,103620.0,91988.0,1141.030467190932,269.53475602935407
1790040358.0826788,168.6194061000133,166.1016949152542,-44.067796610169495,103769.0,92028.0,1324.5959060348757,349.54614187031444
1790040358.2020137,168.7387415000121,172.88135593220335,-44.067796610169495,103883.0,92069.0,933.655028693686,360.5202586044926
1790040358.3174887,168.85421580000548,179.66101694915255,-44.067796610169495,104018.0,92109.0,1132.584920757767,344.30581591036116
1790040358.4378128,168.97453870001482,186.4406779661017,-44.067796610169495,104138.0,92153.0,981.4403550413074,373.46845368828514
1790040358.5525124,169.08923929999582,193.22033898305085,-44.067796610169495,104240.0,92201.0,891.9392596289418,422.9815045663023
1790040358.6692743,169.2060002000071,200.0,-44.067796610169495,104347.0,92256.0,906.669478886392,481.08992757237127
1790040358.7871292,169.3238547000219,-200.0,-37.288135593220346,104426.0,92314.0,660.4931383559839,517.6838111438792
1790040358.9058821,169.4426083000144,-193.22033898305085,-37.288135593220346,104504.0,92389.0,628.8160723423958,628.8160723423958
1790040359.0240073,169.560731900041,-186.4406779661017,-37.288135593220346,104586.0,92456.0,699.2022900725232,584.1436853770447
1790040359.146981,169.68370590003906,-179.66101694915255,-37.288135593220346,104669.0,92551.0,703.1173667395775,794.4313104719903
1790040359.2664595,169.80318400001852,-172.8813559322034,-37.288135593220346,104724.0,92628.0,395.73798973162206,659.5633162193701
1790040359.3840985,169.92082350002602,-166.10169491525426,-37.288135593220346,104773.0,92707.0,405.34003977686467,684.574289400927
1790040359.5020342,170.03875960002188,-159.32203389830508,-37.288135593220346,104814.0,92784.0,339.8640902349258,688.6719723181392
1790040359.6218896,170.15861410001526,-152.54237288135593,-37.288135593220346,104865.0,92896.0,415.24560404972254,922.7680089993834
1790040359.7404306,170.27715520001948,-145.76271186440678,-37.288135593220346,104909.0,93029.0,380.44747712121756,1105.9519683756325
1790040359.863862,170.4005860000034,-138.98305084745763,-37.288135593220346,104946.0,93137.0,261.96814127943486,878.8608610664911
1790040359.9777753,170.51449840003625,-132.20338983050848,-37.288135593220346,104985.0,93241.0,332.8987156422911,924.7186545619197
1790040360.0929775,170.62970049999421,-125.42372881355932,-37.288135593220346,105026.0,93338.0,310.7381034492528,859.0994624773459
1790040360.214777,170.75149980001152,-118.64406779661017,-37.288135593220346,105056.0,93447.0,217.754101641026,914.5672268923092
1790040360.331809,170.86853219999466,-111.86440677966102,-37.288135593220346,105081.0,93559.0,209.52290722044194,929.1885450645686
1790040360.4472873,170.9840102000162,-105.08474576271186,-37.288135593220346,105101.0,93665.0,185.28486162551278,898.6315788837369
1790040360.5622437,171.098965400015,-98.30508474576271,-37.288135593220346,105120.0,93796.0,174.08800787535728,1108.6657343641175
1790040360.6778915,171.21461369999452,-91.52542372881356,-37.288135593220346,105146.0,93904.0,220.26734943483356,890.2472039657857
1790040360.7943604,171.33108229999198,-84.74576271186442,-37.288135593220346,105162.0,94032.0,126.96247715189179,1061.0435590550958
1790040360.9119668,171.44868900004076,-77.96610169491527,-37.288135593220346,105187.0,94157.0,223.57100122966236,1064.197965853193
1790040361.028001,171.5647214000346,-71.18644067796612,-37.288135593220346,105215.0,94260.0,230.9272560625122,822.1010315825434
1790040361.1431046,171.67982449999545,-64.40677966101697,-37.288135593220346,105253.0,94363.0,322.12640247781195,920.3611499366056
1790040361.2590988,171.79581949999556,-57.62711864406779,-37.288135593220346,105277.0,94454.0,208.6692076098808,807.4591077077996
1790040361.3766074,171.91332890000194,-50.847457627118644,-37.288135593220346,105306.0,94552.0,253.1798943447582,859.0032129554296
1790040361.4937978,172.03051620000042,-44.067796610169495,-37.288135593220346,105339.0,94637.0,296.0716673357784,744.6651026930183
1790040361.609279,172.1459993000026,-37.288135593220346,-37.288135593220346,105382.0,94715.0,376.8008322313001,689.2698150572563
1790040361.7231686,172.25988730002427,-30.508474576271198,-37.288135593220346,105430.0,94796.0,423.2064327571993,699.2106280336336
1790040361.8417249,172.3784444000339,-23.72881355932205,-37.288135593220346,105481.0,94893.0,454.62487208311524,811.1933992071272
1790040361.960969,172.49768850003602,-16.9491525423729,-37.288135593220346,105545.0,94984.0,526.9629369473977,767.3319959058598
1790040362.0796869,172.61640600004466,-10.169491525423723,-37.288135593220346,105617.0,95063.0,636.3363993914706,680.5264271269893
1790040362.2034469,172.74016510002548,-3.3898305084745743,-37.288135593220346,105677.0,95154.0,460.0419491789993,758.2172866098322
1790040362.321319,172.85803679999663,3.3898305084745743,-37.288135593220346,105749.0,95230.0,658.6928240355792,631.2472897007633
1790040362.444806,172.98152400000254,10.169491525423723,-37.288135593220346,105852.0,95314.0,904.8930278250331,669.6208405905245
1790040362.5607443,173.0974625000381,16.94915254237287,-37.288135593220346,105939.0,95389.0,751.1074311343772,633.4640985470651
1790040362.6764975,173.21321570000146,23.72881355932202,-37.288135593220346,106025.0,95447.0,763.1659756263327,517.8626263178686
1790040362.7948356,173.33155300002545,30.50847457627117,-37.288135593220346,106099.0,95502.0,634.6340351203451,482.67940699293854
1790040362.9069211,173.44363920000615,37.28813559322032,-37.288135593220346,106191.0,95538.0,832.6238878617343,318.0810358123479
1790040363.0221033,173.55882050003856,44.06779661016947,-37.288135593220346,106308.0,95589.0,1021.7775461902384,410.5356212371493
1790040363.1387978,173.67551560001448,50.847457627118644,-37.288135593220346,106400.0,95634.0,801.6898542860732,333.28679335488437
1790040363.2587166,173.79543380002724,57.627118644067764,-37.288135593220346,106540.0,95673.0,1138.2041851428462,343.2679288526044
1790040363.3730965,173.90981310000643,64.40677966101691,-37.288135593220346,106666.0,95712.0,1052.0942164387716,356.79716905314865
1790040363.4889023,174.02561850001803,71.18644067796606,-37.288135593220346,106779.0,95741.0,975.6326706906093,243.90816767265233
1790040363.6006927,174.13740910001798,77.96610169491527,-37.288135593220346,106898.0,95769.0,1043.7618306067407,263.29127258548414
1790040363.7123363,174.24905260000378,84.74576271186442,-37.288135593220346,107028.0,95786.0,1191.8000397343628,159.5322887833399
1790040363.8272579,174.36397350003244,91.52542372881356,-37.288135593220346,107177.0,95805.0,1311.8923956486005,163.98654945607507
1790040363.9431036,174.47981950000394,98.30508474576271,-37.288135593220346,107322.0,95824.0,1174.2666295915717,154.74831552757146
1790040364.0572736,174.59398850001162,105.08474576271186,-37.288135593220346,107446.0,95843.0,1063.9843158567126,166.5366755253985
1790040364.1754963,174.71221180004068,111.86440677966101,-37.288135593220346,107593.0,95868.0,1241.628275006799,194.58353563539387
1790040364.2903378,174.82705240003997,118.64406779661016,-37.288135593220346,107643.0,95880.0,429.9725639982513,109.7802291059365
1790040364.404145,174.9408596000285,125.42372881355931,-37.288135593220346,107755.0,95901.0,1006.8698082250431,193.98409149289822
1790040364.5175009,175.05421460000798,132.20338983050846,-37.288135593220346,107888.0,95928.0,1194.403524670454,240.7324933444326
1790040364.6330214,175.16973439999856,138.9830508474576,-37.288135593220346,108025.0,95950.0,1171.4842428535949,192.19663359316792
1790040364.7480786,175.28479230002267,145.76271186440675,-37.288135593220346,108164.0,95979.0,1192.5511425732664,266.03063949711327
1790040364.861824,175.39853700000094,152.5423728813559,-37.288135593220346,108285.0,96010.0,1052.7394774982174,267.80214778463426
1790040364.9762816,175.51299439999275,159.32203389830505,-37.288135593220346,108400.0,96036.0,1018.6448720593842,229.42452073409552
1790040365.0901031,175.62681560002966,166.1016949152542,-37.288135593220346,108502.0,96071.0,916.3875081600675,305.4625027200225
1790040365.2034347,175.74014760000864,172.88135593220335,-37.288135593220346,108618.0,96105.0,1046.744070665342,268.6334340645568
1790040365.3158867,175.852600000042,179.66101694915255,-37.288135593220346,108706.0,96140.0,810.6861481080371,326.13810556070456
1790040365.4285479,175.9652608000324,186.4406779661017,-37.288135593220346,108817.0,96196.0,948.1756911055775,511.2712059883016
1790040365.542994,176.07970649999334,193.22033898305085,-37.288135593220346,108925.0,96234.0,970.1247339772593,320.32420461513277
1790040365.6562738,176.1929863000405,200.0,-37.288135593220346,109000.0,96275.0,684.3000302751727,369.8919082568501
1790040365.7730744,176.3097861999995,-200.0,-30.508474576271198,109040.0,96313.0,353.9906545882387,317.6839207843168
1790040365.8870215,176.4237334000063,-193.22033898305085,-30.508474576271198,109119.0,96379.0,686.1247950552078,584.1332714659201
1790040366.0024598,176.53917100001127,-186.4406779661017,-30.508474576271198,109182.0,96451.0,544.9782564972131,637.3474525136899
1790040366.11589,176.65260100003798,-179.66101694915255,-30.508474576271198,109258.0,96515.0,683.4594501466752,554.1563109297366
1790040366.227321,176.76403160003247,-172.8813559322034,-30.508474576271198,109308.0,96608.0,460.76492629492134,855.7062916905683
1790040366.3401804,176.87689030001638,-166.10169491525426,-30.508474576271198,109370.0,96712.0,519.3644092225105,927.4364450401974
1790040366.4555361,176.99224590003723,-159.32203389830508,-30.508474576271198,109414.0,96812.0,383.0191209345599,884.5917793012454
1790040366.5695994,177.1063085999922,-152.54237288135593,-30.508474576271198,109454.0,96920.0,360.01971801130446,978.515131005084
1790040366.6850488,177.22175860003335,-145.76271186440678,-30.508474576271198,109483.0,97017.0,256.28915276415825,805.4801944016402
1790040366.7981427,177.3348518999992,-138.98305084745763,-30.508474576271198,109511.0,97126.0,259.2919107844515,944.5633892862162
1790040366.9122324,177.44894160004333,-132.20338983050848,-30.508474576271198,109545.0,97254.0,285.2662730869845,1039.841576091266
1790040367.0249891,177.56169840000803,-125.42372881355932,-30.508474576271198,109564.0,97357.0,157.92842502095777,928.9907354173987
1790040367.1380596,177.67476850003004,-118.64406779661017,-30.508474576271198,109579.0,97464.0,139.33786648842113,938.2083010220356
1790040367.2504673,177.78717600001255,-111.86440677966102,-30.508474576271198,109597.0,97587.0,158.39709594160533,1099.4621953593783
1790040367.3645403,177.90124920004746,-105.08474576271186,-30.508474576271198,109615.0,97696.0,165.15352391300377,954.2203603862439
1790040367.4780576,178.014765000029,-98.30508474576271,-30.508474576271198,109632.0,97794.0,147.6848552517183,849.18791769738
1790040367.5907319,178.1274395000073,-91.52542372881356,-30.508474576271198,109650.0,97908.0,168.30042748487142,1019.152588658388
1790040367.703108,178.2398158000433,-84.74576271186442,-30.508474576271198,109672.0,98010.0,205.01847956186398,903.9451144318549
1790040367.814529,178.35123670002213,-77.96610169491527,-30.508474576271198,109697.0,98106.0,225.76145108817676,856.0121687093368
1790040367.9256773,178.46238420001464,-71.18644067796612,-30.508474576271198,109728.0,98204.0,273.45076010982166,905.2163093290649
1790040368.0379689,178.57467530004214,-64.40677966101697,-30.508474576271198,109758.0,98317.0,270.2221692050049,987.7086184734661
1790040368.152381,178.6890878000413,-57.62711864406779,-30.508474576271198,109789.0,98430.0,284.5637041863234,1009.7421761450184
1790040368.2654924,178.80219900002703,-50.847457627118644,-30.508474576271198,109829.0,98539.0,351.9401628422023,935.419906501643
1790040368.3775816,178.91428820003057,-44.067796610169495,-30.508474576271198,109862.0,98637.0,308.57617345969607,841.5713821628074
1790040368.4899745,179.0266809000168,-37.288135593220346,-30.508474576271198,109912.0,98710.0,438.20065489935496,652.6392732543584
1790040368.6027648,179.13947059999919,-30.508474576271198,-30.508474576271198,109962.0,98787.0,456.5380439576129,689.4656174053746
1790040368.7161577,179.25286340003368,-23.72881355932205,-30.508474576271198,110003.0,98882.0,378.6388579316615,858.8637509181591
1790040368.8288496,179.3655552000273,-16.9491525423729,-30.508474576271198,110054.0,98960.0,446.06100257698097,669.0915038654714
1790040368.943025,179.4797306000255,-10.169491525423723,-30.508474576271198,110118.0,99039.0,559.6212189286219,669.7106390457278
1790040369.057105,179.59381039999425,-3.3898305084745743,-30.508474576271198,110184.0,99102.0,586.9405722117131,568.5986793300971
1790040369.1711922,179.70789700001478,3.3898305084745743,-30.508474576271198,110253.0,99167.0,614.4968050196352,568.6388344957819
1790040369.284296,179.82100060000084,10.169491525423723,-30.508474576271198,110328.0,99223.0,685.0595906617397,462.87810179847276
1790040369.3981164,179.93482100003166,16.94915254237287,-30.508474576271198,110421.0,99276.0,830.6882066679285,461.49344814884915
1790040369.518339,180.05504280002788,23.72881355932202,-30.508474576271198,110511.0,99329.0,749.9303637055523,437.4593788282388
1790040369.6334162,180.17011890001595,30.50847457627117,-30.508474576271198,110605.0,99362.0,812.6837772777071,286.28633063191955
1790040369.7541678,180.29087010002695,37.28813559322032,-30.508474576271198,110688.0,99405.0,629.2293697970443,351.6281772395248
1790040369.870043,180.40674510004465,44.06779661016947,-30.508474576271198,110793.0,99448.0,955.4420777814119,380.32160377706685
1790040369.984443,180.52114480000455,50.847457627118644,-30.508474576271198,110888.0,99482.0,829.1835767110862,285.60767642270747
1790040370.0981796,180.63488240004517,57.627118644067764,-30.508474576271198,111004.0,99512.0,1046.6926828173657,259.3574789281968
1790040370.2106547,180.74735560000408,64.40677966101691,-30.508474576271198,111123.0,99542.0,1062.3209662140405,251.60233410332538
1790040370.3237636,180.8604648000328,71.18644067796606,-30.508474576271198,111233.0,99565.0,972.9203826873905,213.11589335057127
1790040370.4381444,180.9748456000234,77.96610169491527,-30.508474576271198,111359.0,99596.0,1110.3127869786467,266.1080233254608
1790040370.554322,181.0910230000154,84.74576271186442,-30.508474576271198,111486.0,99623.0,1072.012922100403,236.20623707297017
1790040370.6684127,181.20511350000743,91.52542372881356,-30.508474576271198,111629.0,99647.0,1253.3864645701815,213.53991618603095
1790040370.782766,181.31946720002452,98.30508474576271,-30.508474576271198,111762.0,99666.0,1165.7557864801545,174.404409000968
1790040370.896214,181.4329151000129,105.08474576271186,-30.508474576271198,111864.0,99687.0,858.7662024224057,184.68090374675393
1790040371.009829,181.54653029999463,111.86440677966101,-30.508474576271198,111905.0,99707.0,350.4203197934403,175.21015989672014
1790040371.1256297,181.6623306000256,118.64406779661016,-30.508474576271198,111945.0,99715.0,364.99547402165933,72.99909480433188
1790040371.2385304,181.775231000036,125.42372881355931,-30.508474576271198,112006.0,99735.0,557.0373779725434,157.8272570922206
1790040371.3558187,181.89251880004304,132.20338983050846,-30.508474576271198,112084.0,99753.0,601.1529576101002,143.5589152501732
1790040371.4708784,182.00757700001122,138.9830508474576,-30.508474576271198,112164.0,99780.0,720.0587126429938,240.01957088099792
1790040371.5875738,182.1242726999917,145.76271186440675,-30.508474576271198,112249.0,99806.0,743.7958131339108,232.4361916043471
1790040371.7010322,182.23773029999575,152.5423728813559,-30.508474576271198,112352.0,99834.0,919.5983119824294,250.79953963157166
1790040371.8157783,182.3524771000375,159.32203389830505,-30.508474576271198,112468.0,99869.0,1018.872081276958,293.72888829606
1790040371.9292219,182.46591990004526,166.1016949152542,-30.508474576271198,112561.0,99905.0,793.8207515024194,295.3751633497374
1790040372.045298,182.58199570002034,172.88135593220335,-30.508474576271198,112675.0,99940.0,1015.1456095207911,280.97780263521895
1790040372.159007,182.69570510002086,179.66101694915255,-30.508474576271198,112765.0,99989.0,790.7293035233151,418.6213959829316
1790040372.2726269,182.80932460003532,186.4406779661017,-30.508474576271198,112865.0,100035.0,885.3221880887957,387.3284572888481
1790040372.3859825,182.92268050002167,193.22033898305085,-30.508474576271198,112928.0,100085.0,527.8178528212396,444.47819184946496
1790040372.498973,183.03567080001812,200.0,-30.508474576271198,112990.0,100142.0,556.893130293508,501.2038172641571
1790040372.6124039,183.14910179999424,-200.0,-23.72881355932205,113057.0,100210.0,572.4230573002197,609.3535771260404
1790040372.7285123,183.26520980003988,-193.22033898305085,-23.72881355932205,113142.0,100284.0,667.4736483135811,640.4139058143818
1790040372.8437383,183.38043590000598,-186.4406779661017,-23.72881355932205,113176.0,100338.0,284.0747685619509,467.34881279546767
1790040372.9631803,183.49987719999626,-179.66101694915255,-23.72881355932205,113210.0,100381.0,289.84412534797127,368.89252317014524
1790040373.0780365,183.61473200004548,-172.8813559322034,-23.72881355932205,113263.0,100457.0,425.920799033072,648.1403463546748
1790040373.1979063,183.73460120003438,-166.10169491525426,-23.72881355932205,113305.0,100545.0,340.2233151342072,763.2036528686269
1790040373.3163111,183.85300600004848,-159.32203389830508,-23.72881355932205,113353.0,100667.0,387.7056685750896,1061.5750449079833
1790040373.4301028,183.96679760003462,-152.54237288135593,-23.72881355932205,113380.0,100750.0,240.18475752747105,757.5057737404856
1790040373.5435202,184.08021480002208,-145.76271186440678,-23.72881355932205,113410.0,100836.0,260.96908999569314,745.6259714162661
1790040373.6569436,184.19363769999472,-138.98305084745763,-23.72881355932205,113442.0,100944.0,277.9921920913231,954.4398595135426
1790040373.7710156,184.30770980002126,-132.20338983050848,-23.72881355932205,113467.0,101039.0,220.90029749129747,800.7635784059532
1790040373.8841224,184.42081740003778,-125.42372881355932,-23.72881355932205,113487.0,101145.0,157.9271045955501,938.2727978912095
1790040373.9965005,184.5331951000262,-118.64406779661017,-23.72881355932205,113504.0,101267.0,149.05309361509163,1108.582383762244
1790040374.1095693,184.64626360003604,-111.86440677966102,-23.72881355932205,113531.0,101394.0,242.51061916444098,1109.9524492526336
1790040374.222266,184.75895990000572,-105.08474576271186,-23.72881355932205,113549.0,101504.0,167.33321063580755,976.110395375544
1790040374.3347409,184.87143510003807,-98.30508474576271,-23.72881355932205,113569.0,101611.0,177.0416159522399,959.7519180568796
1790040374.4461174,184.98281110002426,-91.52542372881356,-23.72881355932205,113594.0,101727.0,225.7283265926766,1043.9935104911294
1790040374.5588083,185.095501600008,-84.74576271186442,-23.72881355932205,113611.0,101844.0,148.75044974395345,985.4717295536917
1790040374.6713853,185.20807870000135,-77.96610169491527,-23.72881355932205,113627.0,101908.0,130.34726370726128,586.5626866826758
1790040374.7851555,185.32184889999917,-71.18644067796612,-23.72881355932205,113645.0,101951.0,156.69892513709095,387.1385209269306
1790040374.9050815,185.44177460001083,-64.40677966101697,-23.72881355932205,113680.0,102053.0,286.8550467473947,860.565140242184
1790040375.0240905,185.56078280002112,-57.62711864406779,-23.72881355932205,113720.0,102156.0,322.3287897797793,859.5434394127449
1790040375.1399753,185.67666570004076,-50.847457627118644,-23.72881355932205,113757.0,102267.0,320.8071875476446,962.4215626429338
1790040375.2593813,185.79607209999813,-44.067796610169495,-23.72881355932205,113792.0,102360.0,312.0823603994248,789.3847939514862
1790040375.3721123,185.9088030999992,-37.288135593220346,-23.72881355932205,113837.0,102450.0,391.9179062762166,793.1671912732955
1790040375.4869423,186.02363240002887,-30.508474576271198,-23.72881355932205,113890.0,102520.0,458.49644325721465,605.2153050995233
1790040375.6013284,186.1380186000024,-23.72881355932205,-23.72881355932205,113954.0,102597.0,565.0779944916635,685.5044523341492
1790040375.7181609,186.25485070003197,-16.9491525423729,-23.72881355932205,114038.0,102664.0,738.5384685856475,540.3940014041324
1790040375.8322437,186.36893360002432,-10.169491525423723,-23.72881355932205,114129.0,102730.0,784.9032627554247,590.9859860746727
1790040375.947418,186.48410739999963,-3.3898305084745743,-23.72881355932205,114185.0,102818.0,485.9286968308271,733.4772782352106
1790040376.0612104,186.59790029999567,3.3898305084745743,-23.72881355932205,114289.0,102886.0,922.2199679551887,608.6651788504246
1790040376.1748762,186.71156630001497,10.169491525423723,-23.72881355932205,114350.0,102914.0,535.6517821083792,240.11976439341134
1790040376.2895665,186.82625640003243,16.94915254237287,-23.72881355932205,114402.0,102952.0,474.32315445398433,346.62076671637317
1790040376.4026933,186.93938290001824,23.72881355932202,-23.72881355932205,114508.0,103007.0,944.5353998235192,490.78800186908353
1790040376.5157957,187.05248509999365,30.50847457627117,-23.72881355932205,114617.0,103052.0,953.6789784390918,398.13782595030045
1790040376.6296275,187.16631669999333,37.28813559322032,-23.72881355932205,114718.0,103087.0,901.0210037738332,303.40503188302546
1790040376.7446702,187.28135940001812,44.06779661016947,-23.72881355932205,114827.0,103121.0,911.3170081891087,282.5082725386237
1790040376.863898,187.400587000011,50.847457627118644,-23.72881355932205,114933.0,103152.0,889.2178299780824,269.4599484782068
1790040376.979373,187.516060199996,57.627118644067764,-23.72881355932205,115045.0,103199.0,942.8987820913268,411.9460698457253
1790040377.096099,187.63278580002952,64.40677966101691,-23.72881355932205,115157.0,103230.0,966.1737955634305,276.0496558752659
1790040377.2152665,187.7519542000373,71.18644067796606,-23.72881355932205,115279.0,103258.0,1076.6937219023503,239.2652715338556
1790040377.3272803,187.86396750004496,77.96610169491527,-23.72881355932205,115390.0,103265.0,1028.4737634255387,65.448330399807
1790040377.4441593,187.98084540001582,84.74576271186442,-23.72881355932205,115516.0,103280.0,1068.5314781927675,134.68884178900433
1790040377.5578356,188.09452240000246,91.52542372881356,-23.72881355932205,115644.0,103302.0,1148.9747716869879,203.85036271865914
1790040377.6706183,188.2073050000472,98.30508474576271,-23.72881355932205,115780.0,103319.0,1170.3750213666517,157.90774097804032
1790040377.7831225,188.3198076999979,105.08474576271186,-23.72881355932205,115896.0,103346.0,1015.6948146731665,242.2758273532324
1790040377.8969212,188.43360660003964,111.86440677966101,-23.72881355932205,116015.0,103366.0,1061.349738945845,158.2714522989418
1790040378.0108805,188.5475666000275,118.64406779661016,-23.72881355932205,116155.0,103393.0,1225.0386858055658,239.48124684920836
1790040378.1229444,188.6596300000092,125.42372881355931,-23.72881355932205,116290.0,103406.0,1206.1880247000313,121.55383194651478
1790040378.2346978,188.77138370001921,132.20338983050846,-23.72881355932205,116388.0,103435.0,881.3447444606451,262.5282217542347
1790040378.3494844,188.88616990001174,138.9830508474576,-23.72881355932205,116515.0,103466.0,1084.8706136442381,264.38023357716725
1790040378.4632118,188.99989690002985,145.76271186440675,-23.72881355932205,116620.0,103495.0,939.2524654243723,239.41729510817333
1790040378.5769625,189.11364769999636,152.5423728813559,-23.72881355932205,116745.0,103524.0,1122.6608160635703,257.659859424426
1790040378.6915677,189.22825210000155,159.32203389830505,-23.72881355932205,116861.0,103566.0,989.5755545742297,375.6722012735502
1790040378.8113344,189.3480195000302,166.1016949152542,-23.72881355932205,116996.0,103611.0,1174.126521113871,382.4806091507307
1790040378.9264226,189.4631059000385,172.88135593220335,-23.72881355932205,117111.0,103665.0,914.0717189962522,480.11847866469816
1790040379.0476027,189.58428650000133,179.66101694915255,-23.72881355932205,117219.0,103714.0,892.190820623483,399.62713840426846
1790040379.1602907,189.69697470002575,186.4406779661017,-23.72881355932205,117303.0,103762.0,731.0188152519958,421.74162418384367
1790040379.2734168,189.81009990000166,193.22033898305085,-23.72881355932205,117377.0,103816.0,629.7252545815952,453.7726099190907
1790040379.386801,189.9234843000304,200.0,-23.72881355932205,117447.0,103889.0,629.9819527929182,648.5108337574158
1790040379.499203,190.03588630002923,-200.0,-16.9491525423729,117511.0,103973.0,587.2713136292842,745.741350640361
1790040379.6109674,190.14765040000202,-193.22033898305085,-16.9491525423729,117570.0,104042.0,553.3987592059137,637.815519084782
1790040379.7233467,190.26002919999883,-186.4406779661017,-16.9491525423729,117618.0,104118.0,419.4001459406442,671.0402335050308
1790040379.8358428,190.3725250000134,-179.66101694915255,-16.9491525423729,117662.0,104214.0,381.91119545750917,875.6012773903868
1790040379.9474912,190.4841735000373,-172.8813559322034,-16.9491525423729,117702.0,104300.0,347.05286448786677,797.2836076072615
1790040380.0600052,190.59668610000517,-166.10169491525426,-16.9491525423729,117745.0,104382.0,400.34485506462386,726.2069463962945
1790040380.1777756,190.71445730002597,-159.32203389830508,-16.9491525423729,117783.0,104505.0,339.57353240162973,1037.0759232806531
1790040380.289807,190.82648859999608,-152.54237288135593,-16.9491525423729,117826.0,104618.0,383.19153672064414,1018.7287195743954
1790040380.4021719,190.93885269999737,-145.76271186440678,-16.9491525423729,117852.0,104727.0,233.00681303817643,969.3083422388139
1790040380.516651,191.05333210004028,-138.98305084745763,-16.9491525423729,117883.0,104858.0,274.3983587134901,1106.7400468110766
1790040380.6287737,191.1654547000071,-132.20338983050848,-16.9491525423729,117905.0,104965.0,186.98788693258354,944.2888290095469
1790040380.740625,191.27730529999826,-125.42372881355932,-16.9491525423729,117927.0,105093.0,206.03032010543774,1123.8017460296603
1790040380.854854,191.39153459999943,-118.64406779661017,-16.9491525423729,117956.0,105211.0,257.33993219557937,1010.9783050540617
1790040380.972178,191.50885820004623,-111.86440677966102,-16.9491525423729,117971.0,105320.0,126.85203974857394,951.3902981143046
1790040381.0861712,191.6228495000396,-105.08474576271186,-16.9491525423729,118005.0,105443.0,316.0653215375283,1096.9325865125982
1790040381.207784,191.7444620000315,-98.30508474576271,-16.9491525423729,118024.0,105554.0,175.83068432602803,953.1873939779414
1790040381.322872,191.85954979999224,-91.52542372881356,-16.9491525423729,118042.0,105665.0,155.45642926735616,941.8830714433932
1790040381.4382963,191.97497460001614,-84.74576271186442,-16.9491525423729,118070.0,105762.0,255.4725877183007,830.2859100844773
1790040381.5513852,192.08806360000744,-77.96610169491527,-16.9491525423729,118095.0,105872.0,222.94410693743885,984.669805640355
1790040381.664387,192.20106540003326,-71.18644067796612,-16.9491525423729,118124.0,105968.0,269.5242431813254,864.3363660642505
1790040381.7785792,192.31525640003383,-64.40677966101697,-16.9491525423729,118175.0,106077.0,458.3938795368031,971.7950246180226
1790040381.8931625,192.42983900004765,-57.62711864406779,-16.9491525423729,118213.0,106175.0,338.8771808300198,842.6135307124817
1790040382.0068152,192.54349260003073,-50.847457627118644,-16.9491525423729,118230.0,106233.0,92.52602529301531,499.64053658228266
1790040382.1201408,192.65681850002147,-44.067796610169495,-16.9491525423729,118254.0,106273.0,212.98643096151255,351.8906250668468
1790040382.2339303,192.77060740004526,-37.288135593220346,-16.9491525423729,118278.0,106316.0,202.48113009224252,368.1475092586228
1790040382.3459804,192.88265770004364,-30.508474576271198,-16.9491525423729,118341.0,106378.0,570.3450493622955,570.3450493622955
1790040382.4594047,192.99608130002161,-23.72881355932205,-16.9491525423729,118407.0,106456.0,581.5499137688282,692.3213259152717
1790040382.572532,193.10920900001656,-16.9491525423729,-16.9491525423729,118469.0,106518.0,538.9578228984436,557.542575412183
1790040382.6944616,193.23113800003193,-10.169491525423723,-16.9491525423729,118565.0,106597.0,825.4447742048811,649.8182265017149
1790040382.8071158,193.34379120002268,-3.3898305084745743,-16.9491525423729,118654.0,106663.0,778.8205840303006,581.769592890104
1790040382.923899,193.4605745000299,3.3898305084745743,-16.9491525423729,118754.0,106726.0,865.0057330800291,570.5356962868277
1790040383.0383773,193.57505189999938,10.169491525423723,-16.9491525423729,118850.0,106775.0,825.6804983110638,412.8402491555319
1790040383.1537428,193.6904169000336,16.94915254237287,-16.9491525423729,118960.0,106823.0,951.2763564060697,420.7568499488385
1790040383.2682233,193.80489740002668,23.72881355932202,-16.9491525423729,119068.0,106862.0,939.1530125185345,359.0879165512044
1790040383.3816862,193.9183607000159,30.50847457627117,-16.9491525423729,119154.0,106899.0,733.5871484645368,325.00696450960487
1790040383.4957573,194.03243150003254,37.28813559322032,-16.9491525423729,119274.0,106929.0,1077.0217862629515,239.33817472510037
1790040383.6111617,194.1478360000183,44.06779661016947,-16.9491525423729,119387.0,106958.0,967.4436942539616,255.55116451991438
1790040383.7249746,194.26164899999276,50.847457627118644,-16.9491525423729,119489.0,106985.0,895.7048640029726,249.31991059876557
1790040383.8386412,194.37531520001357,57.627118644067764,-16.9491525423729,119605.0,107019.0,1003.91896846837,294.7285045044756
1790040383.9525406,194.48921400000108,64.40677966101691,-16.9491525423729,119752.0,107046.0,1314.8554761071473,248.25942555869216
1790040384.067856,194.6045298000099,71.18644067796606,-16.9491525423729,119871.0,107068.0,1024.7834353013213,199.51535908521302
1790040384.1819658,194.7186393000302,77.96610169491527,-16.9491525423729,120018.0,107094.0,1297.8621174237269,220.91270083808118
1790040384.296495,194.8331681000418,84.74576271186442,-16.9491525423729,120143.0,107115.0,1088.6512716225845,175.2913064477043
1790040384.4144545,194.95112770004198,91.52542372881356,-16.9491525423729,120266.0,107142.0,1034.6823748078946,231.9115667672867
1790040384.528724,195.06539599999087,98.30508474576271,-16.9491525423729,120395.0,107163.0,1131.299985452629,186.99173313266596
1790040384.64552,195.18219090002822,105.08474576271186,-16.9491525423729,120524.0,107188.0,1137.0758841613642,231.11298458564312
1790040384.7596223,195.2962930999929,111.86440677966101,-16.9491525423729,120643.0,107209.0,1003.5926776945104,193.35271772096073
1790040384.8743527,195.41102440003306,118.64406779661016,-16.9491525423729,120769.0,107235.0,1089.3535372034057,219.7015537216953
1790040384.9854543,195.5221260000253,125.42372881355931,-16.9491525423729,120891.0,107262.0,1066.246961799699,254.7669731733794
1790040385.096881,195.63355240004603,132.20338983050846,-16.9491525423729,121011.0,107291.0,1082.1451693818208,272.88878184411135
1790040385.208509,195.74517980002565,138.9830508474576,-16.9491525423729,121134.0,107324.0,1070.5381335769782,309.8926176143884
1790040385.321259,195.85792969999602,145.76271186440675,-16.9491525423729,121264.0,107346.0,1142.935727920746,195.1353681815908
1790040385.4347618,195.97143239999423,152.5423728813559,-16.9491525423729,121380.0,107381.0,1061.0735481149518,304.48197467646446
1790040385.5464244,196.08309470000677,159.32203389830505,-16.9491525423729,121456.0,107410.0,694.1780044655449,243.9003799473536
1790040385.6602187,196.1968884000089,166.1016949152542,-16.9491525423729,121541.0,107456.0,718.5079353048156,405.3121686334858
1790040385.7743697,196.31103939999593,172.88135593220335,-16.9491525423729,121636.0,107501.0,828.257952788979,404.9261102523897
1790040385.8884711,196.4251409000135,179.66101694915255,-16.9491525423729,121735.0,107563.0,874.0615338714126,542.8382157727721
1790040386.0021822,196.5388519000262,186.4406779661017,-16.9491525423729,121812.0,107641.0,681.5508784290698,699.9711724406664
1790040386.1159713,196.65264089999255,193.22033898305085,-16.9491525423729,121902.0,107717.0,782.0327513075999,671.6281275935859
1790040386.2321553,196.76882480003405,200.0,-16.9491525423729,121972.0,107777.0,549.158212503017,531.1530252078362
1790040386.3497677,196.88643630000297,-200.0,-10.169491525423723,122026.0,107860.0,445.4878759712148,730.6001165927922
1790040386.4660375,197.00270480004838,-193.22033898305085,-10.169491525423723,122085.0,107931.0,487.99980861883876,607.6978748838369
1790040386.5848658,197.1215328000253,-186.4406779661017,-10.169491525423723,122137.0,108023.0,434.9604555162769,740.358222155365
1790040386.7014735,197.23814040003344,-179.66101694915255,-10.169491525423723,122194.0,108114.0,511.26144614037,776.021837891633
1790040386.8170795,197.35374740004772,-172.8813559322034,-10.169491525423723,122239.0,108207.0,384.5319284674911,769.0638569349823
1790040386.9301856,197.46685290004825,-166.10169491525426,-10.169491525423723,122268.0,108301.0,268.50981672671224,842.5652869700281
1790040387.0436935,197.58035970001947,-159.32203389830508,-10.169491525423723,122294.0,108391.0,230.745446214555,784.534517129487
1790040387.1584117,197.6950776000158,-152.54237288135593,-10.169491525423723,122322.0,108494.0,246.9711729240838,914.708047866977
1790040387.2711172,197.80778430000646,-145.76271186440678,-10.169491525423723,122361.0,108627.0,354.1720065125482,1183.6801270287795
1790040387.3832908,197.91995660000248,-138.98305084745763,-10.169491525423723,122389.0,108737.0,252.18372427818557,1018.0750350489714
1790040387.496254,198.03292020002846,-132.20338983050848,-10.169491525423723,122408.0,108843.0,149.24050576161753,904.7705661798062
1790040387.6100717,198.14673760003643,-125.42372881355932,-10.169491525423723,122432.0,108938.0,202.3738452077008,846.2906254140216
1790040387.7234678,198.26013370003784,-118.64406779661017,-10.169491525423723,122452.0,109043.0,175.45366313455037,960.3779455785915
1790040387.837608,198.37427200004458,-111.86440677966102,-10.169491525423723,122474.0,109159.0,201.8285668812226,1009.142834406113
1790040387.9516249,198.48829070001375,-105.08474576271186,-10.169491525423723,122501.0,109264.0,229.47864295091892,936.2728632397492
1790040388.0706437,198.6073088000412,-98.30508474576271,-10.169491525423723,122534.0,109369.0,266.5979435593269,906.4330081017115
1790040388.1863322,198.7229973000358,-91.52542372881356,-10.169491525423723,122562.0,109487.0,242.0843086909138,1024.2028444615582
1790040388.3018277,198.838491100003,-84.74576271186442,-10.169491525423723,122589.0,109578.0,248.77868102550102,792.4061691923365
1790040388.4215863,198.9582496000221,-77.96610169491527,-10.169491525423723,122616.0,109689.0,203.12779875783772,886.37584912511
1790040388.5404556,199.07711850001942,-71.18644067796612,-10.169491525423723,122660.0,109790.0,404.52256227134905,864.2072921251547
1790040388.6566136,199.19327650003834,-64.40677966101697,-10.169491525423723,122700.0,109897.0,345.2809632986152,926.8067962225986
1790040388.771154,199.30781640001805,-57.62711864406779,-10.169491525423723,122753.0,109986.0,458.081846235732,751.2542278266004
1790040388.8875024,199.42416440002853,-50.847457627118644,-10.169491525423723,122808.0,110077.0,453.58673708195863,798.3126572642472
1790040389.0012422,199.53790430002846,-44.067796610169495,-10.169491525423723,122853.0,110158.0,398.2041916710903,703.8027573721596
1790040389.1169913,199.65365310001653,-37.288135593220346,-10.169491525423723,122912.0,110247.0,527.5484911902967,773.131409503021
1790040389.2319903,199.76865230000112,-30.508474576271198,-10.169491525423723,122975.0,110327.0,547.9351973519096,684.918996689887
1790040389.3458662,199.88252879999345,-23.72881355932205,-10.169491525423723,123040.0,110399.0,543.4697502046037,644.7946188868178
1790040389.4593644,199.99602479999885,-16.9491525423729,-10.169491525423723,123126.0,110462.0,738.2375685277302,507.5383283628146
1790040389.5723243,200.10898620000808,-10.169491525423723,-10.169491525423723,123215.0,110511.0,807.196856090283,436.07186478440576
1790040389.6850877,200.22174980002455,-3.3898305084745743,-10.169491525423723,123311.0,110570.0,874.2925439852145,530.1561170974173
1790040389.8007987,200.33746070001507,3.3898305084745743,-10.169491525423723,123406.0,110620.0,821.8277449388305,438.308130634043
1790040389.9190545,200.45571599999676,10.169491525423723,-10.169491525423723,123510.0,110676.0,836.5281586630318,471.6594937142627
1790040390.0320885,200.56874950003112,16.94915254237287,-10.169491525423723,123618.0,110717.0,960.2637277781889,372.917952535219
1790040390.1486666,200.68532660003984,23.72881355932202,-10.169491525423723,123713.0,110762.0,853.7989879194054,343.3756799241087
1790040390.262435,200.79909580003005,30.50847457627117,-10.169491525423723,123846.0,110806.0,1181.3665274011248,396.8653177988154
1790040390.3747828,200.91144300001906,37.28813559322032,-10.169491525423723,123956.0,110842.0,979.2967343370767,307.77897364879556
1790040390.4885275,201.0251874999958,44.06779661016947,-10.169491525423723,124080.0,110873.0,1076.8185805708204,257.7001731280596
1790040390.6019456,201.13860550004756,50.847457627118644,-10.169491525423723,124212.0,110906.0,1163.3285595755776,286.21575672097543
1790040390.715357,201.25201689999085,57.627118644067764,-10.169491525423723,124332.0,110922.0,1070.8209596306285,129.23701236921377
1790040390.8278706,201.36453000002075,64.40677966101691,-10.169491525423723,124460.0,110942.0,1173.563525582581,186.27992469564776
1790040390.9401813,201.47684030001983,71.18644067796606,-10.169491525423723,124642.0,110964.0,1612.4041414668395,177.08484790676272
1790040391.052245,201.58890370000154,77.96610169491527,-10.169491525423723,124784.0,110984.0,1290.1850572289295,168.28500746464297
1790040391.1643012,201.70095990004484,84.74576271186442,-10.169491525423723,124938.0,111004.0,1411.7440273836608,186.9859638918756
1790040391.278128,201.8147861000034,91.52542372881356,-10.169491525423723,125067.0,111021.0,1141.3055984831976,147.26523851396098
1790040391.3921547,201.92881240003044,98.30508474576271,-10.169491525423723,125210.0,111033.0,1252.9181017815035,110.55159721601503
1790040391.505662,202.04232000000775,105.08474576271186,-10.169491525423723,125358.0,111053.0,1338.2717099510903,175.35974130393598
1790040391.618336,202.15499370003818,111.86440677966101,-10.169491525423723,125479.0,111075.0,1040.9811987991511,176.59502479628458
1790040391.7315722,202.26822980004363,118.64406779661016,-10.169491525423723,125611.0,111103.0,1174.7631279069667,259.00289434169343
1790040391.8446984,202.3813559000264,125.42372881355931,-10.169491525423723,125724.0,111123.0,1005.6015735189466,167.60026225315775
1790040391.960757,202.49741360003827,132.20338983050846,-10.169491525423723,125845.0,111159.0,1021.8213598059898,328.4425799376396
1790040392.0744417,202.6110981000238,138.9830508474576,-10.169491525423723,125969.0,111195.0,1090.4373305586223,326.1992014491605
1790040392.1874845,202.72414120001486,145.76271186440675,-10.169491525423723,126112.0,111218.0,1284.3087259800461,214.0514543300077
1790040392.3022974,202.83895290002692,152.5423728813559,-10.169491525423723,126214.0,111267.0,884.7394309095675,428.6881778633987
1790040392.4157186,202.95237320003798,159.32203389830505,-10.169491525423723,126322.0,111322.0,946.1580420215907,500.9071987173127
1790040392.5311825,203.06783740001265,166.1016949152542,-10.169491525423723,126450.0,111377.0,1040.0140856656703,483.51532052877656
1790040392.6445775,203.1812329000095,172.88135593220335,-10.169491525423723,126569.0,111438.0,1046.9360902948747,565.1601903361714
1790040392.7584054,203.29506000003312,179.66101694915255,-10.169491525423723,126652.0,111496.0,717.3383439280361,478.22556261869073
1790040392.8751693,203.4118226999999,186.4406779661017,-10.169491525423723,126736.0,111568.0,723.0729877625294,614.61203959815
1790040392.9892983,203.52595290000318,193.22033898305085,-10.169491525423723,126821.0,111662.0,745.52546662848,819.1576114806755
1790040393.1022844,203.63893900002586,200.0,-10.169491525423723,126884.0,111742.0,539.2093516882386,715.8468979309375
1790040393.2154098,203.752064100001,-200.0,-3.3898305084745743,126943.0,111837.0,528.0520715527102,843.0305001981866
1790040393.3287988,203.86545280000428,-193.22033898305085,-3.3898305084745743,126996.0,111927.0,461.9428393601119,822.2582540609992
1790040393.4429946,203.97964880004292,-186.4406779661017,-3.3898305084745743,127062.0,112016.0,577.4471154241832,779.0953144611996
1790040393.563498,204.1001519000274,-179.66101694915255,-3.3898305084745743,127109.0,112121.0,379.10814374463206,872.8303774585715
1790040393.6775954,204.21424760000082,-172.8813559322034,-3.3898305084745743,127146.0,112238.0,313.65168971093215,1014.7554667118393
1790040393.7957878,204.33243970002513,-166.10169491525426,-3.3898305084745743,127180.0,112352.0,271.7954147875676,1012.2036136916311
1790040393.9105036,204.44715560000623,-159.32203389830508,-3.3898305084745743,127216.0,112477.0,293.8281399516973,1101.855524818865
1790040394.0239356,204.56058789999224,-152.54237288135593,-3.3898305084745743,127245.0,112568.0,260.1014580936787,771.015036491976
1790040394.139063,204.67571390001103,-145.76271186440678,-3.3898305084745743,127267.0,112692.0,173.1961619911549,1112.1016717326788
1790040394.2524178,204.78906989999814,-138.98305084745763,-3.3898305084745743,127286.0,112825.0,167.8534527239387,1137.6734017955844
1790040394.3649457,204.90159670001594,-132.20338983050848,-3.3898305084745743,127316.0,112934.0,260.82298962346624,978.0862110879984
1790040394.4789436,205.01559460000135,-125.42372881355932,-3.3898305084745743,127342.0,113045.0,211.73470561015935,985.0266739255239
1790040394.5930262,205.12967729999218,-118.64406779661017,-3.3898305084745743,127360.0,113160.0,156.56874981489543,994.6720576475709
1790040394.7068686,205.24351980001666,-111.86440677966102,-3.3898305084745743,127391.0,113279.0,276.0059727954521,1012.0219002499911
1790040394.8196056,205.3562568000052,-105.08474576271186,-3.3898305084745743,127416.0,113414.0,214.23089252413445,1229.499035355902
1790040394.932619,205.46927010000218,-98.30508474576271,-3.3898305084745743,127435.0,113539.0,175.96144413792103,1102.074308021716
1790040395.045132,205.58178270002827,-91.52542372881356,-3.3898305084745743,127466.0,113653.0,269.94171125950186,1005.3001660698691
1790040395.164612,205.7012627000222,-84.74576271186442,-3.3898305084745743,127500.0,113749.0,299.7887370733086,793.5584216646404
1790040395.2833948,205.82004459999735,-77.96610169491527,-3.3898305084745743,127538.0,113826.0,311.24501555791255,622.4900311158251
1790040395.3964565,205.9331050000037,-71.18644067796612,-3.3898305084745743,127583.0,113911.0,403.076504773232,731.1620319142347
1790040395.510582,206.04723020002712,-64.40677966101697,-3.3898305084745743,127632.0,114003.0,452.19888650684993,830.5693833799285
1790040395.624738,206.16138560004765,-57.62711864406779,-3.3898305084745743,127670.0,114090.0,349.58569500722314,781.9680019898412
1790040395.7412705,206.27791780000553,-50.847457627118644,-3.3898305084745743,127734.0,114180.0,531.1630671593339,783.2404549637635
1790040395.8545825,206.39123150001979,-44.067796610169495,-3.3898305084745743,127809.0,114258.0,689.6037575569623,661.6468484668151
1790040395.9665716,206.503220100014,-37.288135593220346,-3.3898305084745743,127890.0,114353.0,748.212473619709,804.3284091411872
1790040396.0779798,206.6146279000095,-30.508474576271198,-3.3898305084745743,127967.0,114451.0,705.9368349920624,847.1242019904748
1790040396.1900752,206.7267234000028,-23.72881355932205,-3.3898305084745743,128039.0,114535.0,617.6276550613157,767.3555714398166
1790040396.3024566,206.83910440001637,-16.9491525423729,-3.3898305084745743,128125.0,114593.0,773.8465956960276,531.436818731007
1790040396.4148865,206.95153429999482,-10.169491525423723,-3.3898305084745743,128204.0,114647.0,727.0632516835367,494.03015819522363
1790040396.5262926,207.06293980003102,-3.3898305084745743,-3.3898305084745743,128299.0,114686.0,837.2262786604794,329.2462893608627
1790040396.6390753,207.1757225000183,3.3898305084745743,-3.3898305084745743,128395.0,114727.0,838.4892658248298,354.02880112603924
1790040396.7521112,207.28875830001198,10.169491525423723,-3.3898305084745743,128501.0,114773.0,938.5282576990204,399.57143644611756
1790040396.8672447,207.40389190003043,16.94915254237287,-3.3898305084745743,128620.0,114818.0,1027.56885414378,400.11530603828606
1790040396.9817507,207.51839750004,23.72881355932202,-3.3898305084745743,128745.0,114872.0,1106.8885363100148,479.65169906767306
1790040397.1006894,207.63733550003963,30.50847457627117,-3.3898305084745743,128858.0,114903.0,916.4394101657947,275.8215700498994
1790040397.2149487,207.7515940000303,37.28813559322032,-3.3898305084745743,128987.0,114926.0,1108.1232822769098,193.9215743984592
1790040397.3293657,207.86601120000705,44.06779661016947,-3.3898305084745743,129111.0,114963.0,1119.3267022834364,305.27091880457357
1790040397.442975,207.97961939999368,50.847457627118644,-3.3898305084745743,129246.0,114986.0,1190.9652823609078,203.11035823209284
1790040397.5573893,208.09403290000046,57.627118644067764,-3.3898305084745743,129391.0,115008.0,1245.2197402017384,184.4769985484057
1790040397.672386,208.20903000002727,64.40677966101691,-3.3898305084745743,129535.0,115030.0,1260.9655684436352,193.28669297311197
1790040397.7874851,208.32412910001585,71.18644067796606,-3.3898305084745743,129667.0,115053.0,1144.2244584523296,210.53730035522864
1790040397.902588,208.43923240003642,77.96610169491527,-3.3898305084745743,129802.0,115070.0,1147.6449863924288,156.0797181493703
1790040398.0156956,208.55233890004456,84.74576271186442,-3.3898305084745743,129931.0,115089.0,1157.9885460801065,166.75035063553534
1790040398.1304579,208.66710170003353,91.52542372881356,-3.3898305084745743,130071.0,115110.0,1188.9551557463208,173.77036891676994
1790040398.2438672,208.78051100001903,98.30508474576271,-3.3898305084745743,130225.0,115136.0,1384.7094624588092,232.33380242597468
1790040398.3569245,208.89356769999722,105.08474576271186,-3.3898305084745743,130368.0,115165.0,1231.997094937637,268.63094551271786
1790040398.4707239,209.00736740004504,111.86440677966101,-3.3898305084745743,130526.0,115195.0,1344.4003879055695,257.83021137915034
1790040398.5844724,209.12111559999175,118.64406779661016,-3.3898305084745743,130678.0,115220.0,1353.3033024248882,211.74133303246552
1790040398.6965234,209.23316669999622,125.42372881355931,-3.3898305084745743,130797.0,115254.0,1065.7651909052313,299.16215885059125
1790040398.8089633,209.34560630004853,132.20338983050846,-3.3898305084745743,130917.0,115298.0,1052.5305906628114,391.2060602463547
1790040398.921676,209.45831820002059,138.9830508474576,-3.3898305084745743,131040.0,115333.0,1106.8483898123236,318.92241740355087
1790040399.040907,209.5775488000363,145.76271186440675,-3.3898305084745743,131116.0,115373.0,638.8092594636408,337.1493313835882
1790040399.155393,209.69203330000164,152.5423728813559,-3.3898305084745743,131224.0,115416.0,910.7711105445043,386.38774386736543
1790040399.270445,209.8070854000398,159.32203389830505,-3.3898305084745743,131326.0,115472.0,896.1962072563604,494.77498942278226
1790040399.3845458,209.92118589999154,166.1016949152542,-3.3898305084745743,131439.0,115519.0,1015.9110133705551,415.5999600152271
1790040399.4986227,210.03526299999794,172.88135593220335,-3.3898305084745743,131506.0,115579.0,579.9444174881827,506.30068193412774
1790040399.6117623,210.14840220002225,179.66101694915255,-3.3898305084745743,131581.0,115642.0,678.0221442245793,538.7025255482959
1790040399.726919,210.26355890004197,186.4406779661017,-3.3898305084745743,131653.0,115716.0,636.5225574640992,664.1974512668861
1790040399.8409643,210.3776036000345,193.22033898305085,-3.3898305084745743,131713.0,115777.0,478.38658616074963,542.7847804516198
1790040399.9549906,210.49163040000712,200.0,-3.3898305084745743,131772.0,115867.0,525.0755830131901,810.6430053536969
1790040400.0677054,210.60434530000202,-200.0,3.3898305084745743,131820.0,115968.0,421.34160777306465,926.9515371007423
1790040400.1821926,210.7188323000446,-193.22033898305085,3.3898305084745743,131871.0,116089.0,448.0999647464721,1051.6631825682507
1790040400.2953496,210.83198890002677,-186.4406779661017,3.3898305084745743,131901.0,116164.0,268.43152686245134,657.1944278356568
1790040400.4087424,210.9453813,-179.66101694915255,3.3898305084745743,131944.0,116261.0,397.2686394344482,822.2536955736254
1790040400.5234299,211.06006909999996,-172.8813559322034,3.3898305084745743,131975.0,116359.0,273.7513515121886,876.0043248390034
1790040400.6370382,211.17367750004632,-166.10169491525426,3.3898305084745743,132005.0,116462.0,248.92730769313062,931.1725213705997
1790040400.751982,211.28862080001272,-159.32203389830508,3.3898305084745743,132039.0,116584.0,303.01639051033715,1037.601579626306
1790040400.8654633,211.40210070001194,-152.54237288135593,3.3898305084745743,132063.0,116686.0,204.23566192391257,919.0604786576066
1790040400.9816015,211.51823929999955,-145.76271186440678,3.3898305084745743,132092.0,116812.0,252.07942174316298,1054.999061369534
1790040401.0951395,211.63177610002458,-138.98305084745763,3.3898305084745743,132114.0,116943.0,184.48771906025001,1162.272630079575
1790040401.208371,211.74500850000186,-132.20338983050848,3.3898305084745743,132139.0,117063.0,233.1284911857851,1044.4156405123172
1790040401.320837,211.85747400001856,-125.42372881355932,3.3898305084745743,132164.0,117190.0,232.94515361082284,1136.7723496208155
1790040401.4335587,211.9701958000078,-118.64406779661017,3.3898305084745743,132184.0,117308.0,185.77277765638297,1068.193471524202
1790040401.544957,212.08159360004356,-111.86440677966102,3.3898305084745743,132212.0,117427.0,244.5620222894532,1081.7166370495047
1790040401.6559777,212.19261440000264,-105.08474576271186,3.3898305084745743,132235.0,117536.0,207.64295980695118,981.5849009055875
1790040401.7663674,212.30300390004413,-98.30508474576271,3.3898305084745743,132266.0,117660.0,275.4977959848138,1120.991031938208
1790040401.8784535,212.41508960002102,-91.52542372881356,3.3898305084745743,132300.0,117771.0,299.21083151196416,925.6835099901391
1790040401.9905944,212.52722970000468,-84.74576271186442,3.3898305084745743,132344.0,117856.0,411.264535491203,775.7944646765875
1790040402.103961,212.6405963000143,-77.96610169491527,3.3898305084745743,132382.0,117958.0,342.590055030166,925.9190676490973
1790040402.2176738,212.75430890003918,-71.18644067796612,3.3898305084745743,132440.0,118071.0,488.1395893942591,1003.9097215844197
1790040402.3301237,212.8667582999915,-64.40677966101697,3.3898305084745743,132493.0,118164.0,484.74001151826263,866.9388667538159
1790040402.4429004,212.97953509999206,-57.62711864406779,3.3898305084745743,132509.0,118213.0,130.14599591382833,427.6225580025788
1790040402.556347,213.092981600028,-50.847457627118644,3.3898305084745743,132555.0,118287.0,424.48190134035184,682.8621891127399
1790040402.6710186,213.207653200021,-44.067796610169495,3.3898305084745743,132615.0,118358.0,529.4120332794581,611.5621763745464
1790040402.7854908,213.32212520000758,-37.288135593220346,3.3898305084745743,132692.0,118439.0,659.2627794690663,631.7934969911886
1790040402.9014711,213.43810560001293,-30.508474576271198,3.3898305084745743,132763.0,118493.0,573.761085934855,446.25862239377614
1790040403.0187764,213.55541020003147,-23.72881355932205,3.3898305084745743,132856.0,118537.0,786.6884989335252,384.19670878148906
1790040403.1363204,213.672953900008,-16.9491525423729,3.3898305084745743,132958.0,118602.0,852.3458804433035,556.267837762998
1790040403.2510633,213.78769550001016,-10.169491525423723,3.3898305084745743,133051.0,118654.0,803.1416683964422,461.5756714922082
1790040403.3692129,213.9058445999981,-3.3898305084745743,3.3898305084745743,133158.0,118719.0,955.6920742954737,575.2709573429065
1790040403.4826157,214.01924729999155,3.3898305084745743,3.3898305084745743,133284.0,118762.0,1112.8979309000235,380.24012639084134
1790040403.5970688,214.13370040000882,10.169491525423723,3.3898305084745743,133399.0,118807.0,991.0902818282856,394.60076035755816
1790040403.7121315,214.24876370001584,16.94915254237287,3.3898305084745743,133487.0,118851.0,787.209133419225,393.6045667096125
1790040403.8255973,214.3622280000127,23.72881355932202,3.3898305084745743,133623.0,118884.0,1172.158737645493,258.4286980635732
1790040403.9386847,214.4753152000485,30.50847457627117,3.3898305084745743,133700.0,118912.0,696.8712340188043,250.87364424676957
1790040404.0521133,214.58874510001624,37.28813559322032,3.3898305084745743,133849.0,118942.0,1300.7404930813134,278.7301056602814
1790040404.1658533,214.70248480001464,44.06779661016947,3.3898305084745743,134003.0,118975.0,1324.9395958967086,294.4310213103797
1790040404.2796094,214.81624070002,50.847457627118644,3.3898305084745743,134141.0,119003.0,1233.4292463459533,248.52678844284134
1790040404.3923533,214.92898409999907,57.627118644067764,3.3898305084745743,134281.0,119034.0,1235.863073779414,269.4739033052858
1790040404.50404,215.04067070002202,64.40677966101691,3.3898305084745743,134425.0,119057.0,1247.863151866901,206.41345369226934
1790040404.6171808,215.15381119999802,71.18644067796606,3.3898305084745743,134572.0,119076.0,1305.6740327891193,166.6817914198876
1790040404.7360768,215.2727071000263,77.96610169491527,3.3898305084745743,134711.0,119100.0,1143.1698750726646,207.03076477693924
1790040404.8553774,215.39200670004357,84.74576271186442,3.3898305084745743,134834.0,119127.0,1023.4186420528864,229.38693701185383
1790040404.9703727,215.50700119999237,91.52542372881356,3.3898305084745743,134999.0,119148.0,1360.5580695460847,175.85444436309936
1790040405.0891361,215.62576419999823,98.30508474576271,3.3898305084745743,135137.0,119174.0,1192.6124086124014,211.00065690834793
1790040405.2035773,215.74020610004663,105.08474576271186,3.3898305084745743,135269.0,119198.0,1127.212385034645,203.26780713739498
1790040405.3179996,215.85462699999334,111.86440677966101,3.3898305084745743,135368.0,119231.0,862.4296293147739,302.7678485892291
1790040405.433911,215.97053819999564,118.64406779661016,3.3898305084745743,135490.0,119261.0,1062.5525603410565,236.12279118690145
1790040405.547938,216.08456570003182,125.42372881355931,3.3898305084745743,135601.0,119293.0,950.5220953216925,286.079465582257
1790040405.6619866,216.19861379999202,132.20338983050846,3.3898305084745743,135724.0,119337.0,1062.0730930224493,378.65214620800367
1790040405.7750611,216.31168869999237,138.9830508474576,3.3898305084745743,135837.0,119386.0,1006.4581059233653,428.676600671063
1790040405.8881168,216.42474450002192,145.76271186440675,3.3898305084745743,135921.0,119433.0,732.0562812144813,389.19447862035713
1790040406.0008502,216.53747770003974,152.5423728813559,3.3898305084745743,136011.0,119483.0,790.0098147253933,464.71165572081964
1790040406.114281,216.65090820001205,159.32203389830505,3.3898305084745743,136097.0,119543.0,775.7479040551113,544.8705516577568
1790040406.228768,216.76539539999794,166.1016949152542,3.3898305084745743,136185.0,119617.0,752.030711828011,614.4641182009359
1790040406.3451598,216.8817864000448,172.88135593220335,3.3898305084745743,136254.0,119696.0,589.1758426741235,697.9467674755001
1790040406.462044,216.99867050000466,179.66101694915255,3.3898305084745743,136327.0,119765.0,605.665047611015,578.5457171209695
1790040406.57828,217.11490650003543,186.4406779661017,3.3898305084745743,136394.0,119842.0,564.7993367772766,665.0056707216322
1790040406.6932642,217.22989030001918,193.22033898305085,3.3898305084745743,136473.0,119926.0,672.4528315440879,718.511244663546
1790040406.8059814,217.34260740003083,200.0,3.3898305084745743,136522.0,120000.0,396.97917745283706,633.2763068890496
1790040406.9193938,217.45601930003613,-200.0,10.169491525423723,136557.0,120094.0,325.5626186204731,837.1610193097879
1790040407.0318468,217.5684719000128,-193.22033898305085,10.169491525423723,136592.0,120164.0,298.09424623594794,633.4502732513893
1790040407.1442,217.68082549999235,-186.4406779661017,10.169491525423723,136626.0,120270.0,298.390834186614,941.7960704015004
1790040407.2555854,217.79221030004555,-179.66101694915255,10.169491525423723,136653.0,120378.0,235.2513849603708,950.415595239898
1790040407.3671315,217.9037538000266,-172.8813559322034,10.169491525423723,136683.0,120478.0,282.0214166232186,855.4649637570965
1790040407.4805062,218.01712940004654,-166.10169491525426,10.169491525423723,136712.0,120607.0,258.3838642976863,1153.4993941860994
1790040407.5941885,218.13081220001914,-159.32203389830508,10.169491525423723,136743.0,120721.0,286.4286413646635,1016.3596951649351
1790040407.708624,218.24524760001805,-152.54237288135593,10.169491525423723,136764.0,120837.0,192.13069286165174,988.1007061456374
1790040407.8224316,218.3590547000058,-145.76271186440678,10.169491525423723,136782.0,120963.0,156.49279390849236,1123.0659327550627
1790040407.9364946,218.4731173000182,-138.98305084745763,10.169491525423723,136804.0,121076.0,184.08307303743067,984.8444407502541
1790040408.0505989,218.58722200000193,-132.20338983050848,10.169491525423723,136829.0,121207.0,220.90456733871613,1141.3402645833667
1790040408.164059,218.7006816000212,-125.42372881355932,10.169491525423723,136848.0,121311.0,175.43325089813914,932.5662284585292
1790040408.277478,218.81410030002007,-118.64406779661017,10.169491525423723,136869.0,121441.0,193.79880728640654,1116.6502705550092
1790040408.3912232,218.9278459000052,-111.86440677966102,10.169491525423723,136898.0,121538.0,248.54760749493542,846.9029588716318
1790040408.50369,219.04031250003027,-105.08474576271186,10.169491525423723,136921.0,121648.0,214.2696107964118,968.8712836011663
1790040408.6236396,219.16026190004777,-98.30508474576271,10.169491525423723,136959.0,121758.0,327.6714074888345,885.5983986184716
1790040408.7377295,219.27435010002228,-91.52542372881356,10.169491525423723,136998.0,121849.0,362.9848523239395,781.8135280823311
1790040408.854391,219.39101120003033,-84.74576271186442,10.169491525423723,137062.0,121952.0,546.5098397769566,907.7621067481651
1790040408.9695323,219.50615210004617,-77.96610169491527,10.169491525423723,137105.0,122047.0,386.50757275184793,846.6356355516668
1790040409.0836616,219.62028120004106,-71.18644067796612,10.169491525423723,137171.0,122126.0,591.0618519420384,674.1799248713875
1790040409.1976986,219.73431830003392,-64.40677966101697,10.169491525423723,137228.0,122209.0,497.20872560944235,727.3979504286286
1790040409.311799,219.84841840004083,-57.62711864406779,10.169491525423723,137287.0,122303.0,515.636682369117,828.7018109503665
1790040409.4245596,219.96117960003903,-50.847457627118644,10.169491525423723,137353.0,122378.0,579.8917845877318,654.7165309861488
1790040409.5376577,220.07427690003533,-44.067796610169495,10.169491525423723,137418.0,122440.0,566.6138138965006,548.0363118015334
1790040409.6503134,220.18693349999376,-37.288135593220346,10.169491525423723,137511.0,122516.0,851.2310106512135,664.1472720465512
1790040409.763746,220.30036530003417,-30.508474576271198,10.169491525423723,137584.0,122575.0,609.4965098549737,526.3833494202046
1790040409.8772073,220.41382670000894,-23.72881355932205,10.169491525423723,137686.0,122632.0,877.6054490485027,508.0873652386068
1790040409.9902902,220.52690950001124,-16.9491525423729,10.169491525423723,137795.0,122704.0,981.8815076131629,620.6232170762445
1790040410.1030421,220.63966089999303,-10.169491525423723,10.169491525423723,137904.0,122759.0,938.0261884052568,501.51895221667195
1790040410.217786,220.754405100015,-3.3898305084745743,10.169491525423723,138046.0,122813.0,1194.9632754418656,456.0928532220861
1790040410.333333,220.86995180003578,3.3898305084745743,10.169491525423723,138148.0,122846.0,899.1164138257789,272.4595193411451
1790040410.4517422,220.98836030001985,10.169491525423723,10.169491525423723,138239.0,122873.0,752.0782878058828,232.78613670182088
1790040410.5721073,221.10872449999442,16.94915254237287,10.169491525423723,138356.0,122900.0,974.1536480270047,241.30411464889107
1790040410.6887274,221.225344400038,23.72881355932202,10.169491525423723,138460.0,122930.0,868.5953796274275,240.24978585439484
1790040410.8031507,221.339767700003,30.50847457627117,10.169491525423723,138582.0,122959.0,1065.2803818232069,268.6359223728087
1790040410.9163,221.45291580003686,37.28813559322032,10.169491525423723,138722.0,122978.0,1192.7758788501446,158.41554640978484
1790040411.0293453,221.56596219999483,44.06779661016947,10.169491525423723,138871.0,122999.0,1273.4342099847192,176.6076641584647
1790040411.1436608,221.68027670000447,50.847457627118644,10.169491525423723,139000.0,123017.0,1117.1915633045835,137.35961843908814
1790040411.2588818,221.7954977999907,57.627118644067764,10.169491525423723,139133.0,123040.0,1170.8819944833426,210.39285838372564
1790040411.3716521,221.9082672999939,64.40677966101691,10.169491525423723,139263.0,123063.0,1142.4474009035598,213.62837577871446
1790040411.4857776,222.02239210001426,71.18644067796606,10.169491525423723,139412.0,123081.0,1329.5214186019405,158.0549938198111
1790040411.6005514,222.13716640003258,77.96610169491527,10.169491525423723,139579.0,123104.0,1431.6736081429626,184.7320784700597
1790040411.7152576,222.25187330000335,84.74576271186442,10.169491525423723,139704.0,123119.0,1101.5409634999548,137.69262043749436
1790040411.8314352,222.36805029999232,91.52542372881356,10.169491525423723,139828.0,123144.0,1062.8514500365825,216.17317627862693
1790040411.946291,222.4829039000324,98.30508474576271,10.169491525423723,139968.0,123172.0,1190.022848090485,238.004569618097
1790040412.0589411,222.595555900014,105.08474576271186,10.169491525423723,140105.0,123202.0,1235.6598427874972,260.13891427105204
1790040412.1733956,222.7100105000427,111.86440677966101,10.169491525423723,140213.0,123229.0,934.1951129948262,228.9693904399084
1790040412.2861316,222.82274630002212,118.64406779661016,10.169491525423723,140319.0,123264.0,956.6160681181002,306.488643183469
1790040412.4003763,222.93699050002033,125.42372881355931,10.169491525423723,140425.0,123298.0,859.8301233733881,314.34649671715266
1790040412.5127642,223.04937830002746,132.20338983050846,10.169491525423723,140517.0,123324.0,804.629426129728,224.54774682690083
1790040412.627444,223.16405770002166,138.9830508474576,10.169491525423723,140636.0,123379.0,1014.8397248754893,479.7424153956859
1790040412.7414987,223.27811210002983,145.76271186440675,10.169491525423723,140741.0,123435.0,906.7632385600537,486.0998804651834
1790040412.8559473,223.39256020000903,152.5423728813559,10.169491525423723,140830.0,123498.0,803.7961355358451,582.0592705604396
1790040412.9700515,223.50666360004107,159.32203389830505,10.169491525423723,140897.0,123563.0,602.0609007035414,574.2734745172241
1790040413.0834844,223.62009550002404,166.1016949152542,10.169491525423723,140980.0,123645.0,734.954823393333,725.6515977807592
1790040413.1972332,223.73384420003276,172.88135593220335,10.169491525423723,141051.0,123714.0,618.6141936641303,572.4489553309862
1790040413.3106978,223.84730860003037,179.66101694915255,10.169491525423723,141121.0,123797.0,622.4648491186302,733.9510907518177
1790040413.424491,223.96110240003327,186.4406779661017,10.169491525423723,141188.0,123865.0,535.2622462080333,609.0915215470724
1790040413.5385482,224.07515879999846,193.22033898305085,10.169491525423723,141231.0,123955.0,368.24172864049245,810.1318030090835
1790040413.6540291,224.19063960004132,200.0,10.169491525423723,141284.0,124037.0,445.1332401538947,717.6637953501568
1790040413.7691224,224.3057330000447,-200.0,16.94915254237287,141335.0,124142.0,457.35778910181216,905.568422421588
1790040413.8825083,224.41911820002133,-193.22033898305085,16.94915254237287,141362.0,124257.0,249.2124424273156,1043.000222010617
1790040413.9963224,224.53293320001103,-186.4406779661017,16.94915254237287,141398.0,124369.0,323.09193441225915,960.044605110713
1790040414.1107123,224.64732280001044,-179.66101694915255,16.94915254237287,141422.0,124481.0,210.4823890714406,979.2006795932236
1790040414.222367,224.75897740002256,-172.8813559322034,16.94915254237287,141445.0,124594.0,206.38769936108852,1003.7947196198396
1790040414.335217,224.87182719999691,-166.10169491525426,16.94915254237287,141474.0,124726.0,269.1872494310299,1197.4191440207883
1790040414.4509463,224.98755600000732,-159.32203389830508,16.94915254237287,141493.0,124844.0,162.63321245369826,1048.0807024793887
1790040414.564528,225.10113760002423,-152.54237288135593,16.94915254237287,141518.0,124946.0,222.73513178275303,872.3792661491161
1790040414.680895,225.21750430000247,-145.76271186440678,16.94915254237287,141543.0,125087.0,198.81631988287535,1220.009235644917
1790040414.7946744,225.33128209999995,-138.98305084745763,16.94915254237287,141565.0,125205.0,203.61980480821111,1027.354469714156
1790040414.9097452,225.4463526000036,-132.20338983050848,16.94915254237287,141591.0,125345.0,229.59813896712845,1221.4620993051235
1790040415.0230973,225.55970590002835,-125.42372881355932,16.94915254237287,141613.0,125475.0,194.5577563334217,1139.5525728100415
1790040415.1382558,225.67486309999367,-118.64406779661017,16.94915254237287,141644.0,125575.0,273.5279637281454,866.171885139127
1790040415.25206,225.7886669000145,-111.86440677966102,16.94915254237287,141663.0,125685.0,175.97431884058253,953.9660442410526
1790040415.3655267,225.9021334000281,-105.08474576271186,16.94915254237287,141700.0,125800.0,324.1665215462787,1009.5471671012681
1790040415.4802167,226.01682380004786,-98.30508474576271,16.94915254237287,141736.0,125899.0,284.58486414497077,862.9347493428146
1790040415.5936487,226.13025540002855,-91.52542372881356,16.94915254237287,141760.0,125961.0,203.80069780496942,490.97440834833543
1790040415.7092526,226.24580740003148,-84.74576271186442,16.94915254237287,141784.0,126041.0,208.89948120861558,708.4417188813919
1790040415.8214903,226.35809660004452,-77.96610169491527,16.94915254237287,141809.0,126099.0,215.07246532944797,504.95274468653
1790040415.9355748,226.47218129999237,-71.18644067796612,16.94915254237287,141832.0,126133.0,211.81055663865587,294.69294836682553
1790040416.04979,226.58639609999955,-64.40677966101697,16.94915254237287,141908.0,126234.0,688.1712533735883,908.3860544531366
1790040416.1631093,226.699715499999,-57.62711864406779,16.94915254237287,141976.0,126323.0,618.5999143167084,766.3252669893551
1790040416.277494,226.8141000000178,-50.847457627118644,16.94915254237287,142049.0,126399.0,659.3074525243798,668.4645004761072
1790040416.392321,226.92892670002766,-44.067796610169495,16.94915254237287,142126.0,126481.0,656.9786644554137,684.3527754743892
1790040416.5065548,227.04316080000717,-37.288135593220346,16.94915254237287,142195.0,126547.0,595.3874874880369,586.227679988221
1790040416.6230645,227.1596701000235,-30.508474576271198,16.94915254237287,142302.0,126619.0,905.1821679601295,615.523874212888
1790040416.7445047,227.2811095000361,-23.72881355932205,16.94915254237287,142394.0,126676.0,748.5919866584893,475.57608564186376
1790040416.857521,227.39412489999086,-16.9491525423729,16.94915254237287,142508.0,126731.0,969.7810627058848,475.5657134423089
1790040416.9746368,227.51124100002926,-10.169491525423723,16.94915254237287,142646.0,126787.0,1270.312246336697,482.1623124781624
1790040417.0881228,227.62472590000834,-3.3898305084745743,16.94915254237287,142789.0,126830.0,1246.390084981391,387.7658042164328
1790040417.2031882,227.73979140003212,3.3898305084745743,16.94915254237287,142920.0,126868.0,1126.3529975767924,347.9789748611228
1790040417.3169425,227.85354560002452,10.169491525423723,16.94915254237287,143050.0,126903.0,1121.002491122074,314.9924355219051
1790040417.4297264,227.96632930001942,16.94915254237287,16.94915254237287,143174.0,126936.0,1152.1893452353595,306.6310354255392
1790040417.542063,228.07866640004795,23.72881355932202,16.94915254237287,143319.0,126969.0,1300.6931104949538,280.7251317615008
1790040417.6538844,228.19048769999063,30.50847457627117,16.94915254237287,143457.0,127001.0,1237.7734701547377,281.31215230789496
1790040417.765896,228.3024992000428,37.28813559322032,16.94915254237287,143608.0,127024.0,1308.8197624712932,205.67167695977466
1790040417.8779776,228.41458010004135,44.06779661016947,16.94915254237287,143748.0,127051.0,1252.674787501031,243.05630205243887
1790040417.9904275,228.5270289000473,50.847457627118644,16.94915254237287,143883.0,127072.0,1239.2786092386232,186.35768559979297
1790040418.1037998,228.6404017000459,57.627118644067764,16.94915254237287,144027.0,127090.0,1311.5759508577487,166.25610644675686
1790040418.2168918,228.75349350000033,64.40677966101691,16.94915254237287,144156.0,127111.0,1166.6212976347072,194.43688293911785
1790040418.3296335,228.8662354000262,71.18644067796606,16.94915254237287,144290.0,127137.0,1217.066053571071,222.97393347866952
1790040418.4444616,228.9810628000414,77.96610169491527,16.94915254237287,144432.0,127158.0,1219.7817411929345,174.2545344561335
1790040418.563656,229.10025760001736,84.74576271186442,16.94915254237287,144585.0,127191.0,1268.4855343767636,273.0767469838866
1790040418.6766646,229.21326520002913,91.52542372881356,16.94915254237287,144731.0,127223.0,1230.6017083483912,279.68220644281615
1790040418.791522,229.32812130003003,98.30508474576271,16.94915254237287,144862.0,127252.0,1180.7878433185697,239.84753067408448
1790040418.9045625,229.44116180000128,105.08474576271186,16.94915254237287,144971.0,127281.0,910.4540565177468,250.83938291815474
1790040419.018002,229.55460020003375,111.86440677966101,16.94915254237287,145085.0,127327.0,1003.2904205616107,418.03767523400444
1790040419.1338534,229.6704519999912,118.64406779661016,16.94915254237287,145201.0,127364.0,1011.5637228144005,328.07472091277856
1790040419.2478359,229.78443460003473,125.42372881355931,16.94915254237287,145308.0,127414.0,957.2954196425837,423.4191279188351
1790040419.3626199,229.89921840000898,132.20338983050846,16.94915254237287,145413.0,127462.0,890.4866648838986,394.75182051554265
1790040419.476052,230.012650699995,138.9830508474576,16.94915254237287,145505.0,127511.0,805.7122216554886,426.00876087531583
1790040419.5904512,230.12705000001006,145.76271186440675,16.94915254237287,145613.0,127574.0,936.3717065537105,495.7261975872585
1790040419.7031803,230.23977889999514,152.5423728813559,16.94915254237287,145693.0,127627.0,696.9599535591033,483.22556780097824
1790040419.8156912,230.35228970000753,159.32203389830505,16.94915254237287,145786.0,127713.0,828.8638328043013,772.985372165809
1790040419.9291003,230.46569889999228,166.1016949152542,16.94915254237287,145866.0,127801.0,682.611486914658,802.5297211023682
1790040420.043365,230.5799630000256,172.88135593220335,16.94915254237287,145937.0,127879.0,615.2054924935846,697.8450362613796
1790040420.1602938,230.69689210003708,179.66101694915255,16.94915254237287,145990.0,127963.0,459.693861873736,712.0748056475518
1790040420.2809546,230.81755249999696,186.4406779661017,16.94915254237287,146067.0,128061.0,591.9013959914067,818.21663563518
1790040420.3942184,230.93081540003186,193.22033898305085,16.94915254237287,146121.0,128159.0,448.1520728773468,896.3041457546936
1790040420.5106938,231.0472900000168,200.0,16.94915254237287,146164.0,128252.0,334.6483774027177,818.029366984421
1790040420.6292286,231.1658242000267,-200.0,23.72881355932202,146203.0,128360.0,334.37640193258704,835.9410048314676
1790040420.7423465,231.27894170000218,-193.22033898305085,23.72881355932202,146221.0,128404.0,167.23821877843997,362.3494740199533
1790040420.8571477,231.39374260004843,-186.4406779661017,23.72881355932202,146247.0,128493.0,229.33086761456735,807.2446540032771
1790040420.970536,231.5071309999912,-179.66101694915255,23.72881355932202,146266.0,128608.0,177.54901988525927,943.8132109690098
1790040421.0834925,231.62008820002666,-172.8813559322034,23.72881355932202,146284.0,128724.0,159.12462737347104,1020.2696696299026
1790040421.197318,231.7339137000381,-166.10169491525426,23.72881355932202,146302.0,128854.0,156.48587942322695,1141.4264146164787
1790040421.310347,231.8469422000344,-159.32203389830508,23.72881355932202,146331.0,128978.0,259.57940723635875,1131.0245601012773
1790040421.4268868,231.9634818000486,-152.54237288135593,23.72881355932202,146355.0,129113.0,215.4265131014759,1157.917507920433
1790040421.541261,232.07785610004794,-145.76271186440678,23.72881355932202,146375.0,129229.0,183.0244795320917,997.4834134498997
1790040421.655058,232.19165260001319,-138.98305084745763,23.72881355932202,146397.0,129356.0,184.05393516874355,1095.120914254024
1790040421.767437,232.30403170001227,-132.20338983050848,23.72881355932202,146430.0,129459.0,279.79567466153753,913.9992038943559
1790040421.8805737,232.41716810001526,-125.42372881355932,23.72881355932202,146465.0,129588.0,296.19153223435757,1119.9742312611645
1790040422.0018578,232.53845200000796,-118.64406779661017,23.72881355932202,146507.0,129732.0,334.70857457196786,1180.2881313853604
1790040422.1201959,232.65678830002435,-111.86440677966102,23.72881355932202,146539.0,129839.0,270.7693639556987,947.6927738449453
1790040422.2364306,232.7730237999931,-105.08474576271186,23.72881355932202,146574.0,129934.0,296.80361061922946,816.209929202881
1790040422.3490934,232.88568609999493,-98.30508474576271,23.72881355932202,146620.0,130054.0,410.0801426975188,1025.200356743797
1790040422.4615233,232.99811550002778,-91.52542372881356,23.72881355932202,146681.0,130158.0,549.8837788147381,913.3662766753276
1790040422.5760913,233.11268270004075,-84.74576271186442,23.72881355932202,146744.0,130260.0,557.7372327923068,868.6071658240843
1790040422.6908503,233.22744119999697,-77.96610169491527,23.72881355932202,146807.0,130344.0,524.3375409614783,717.5145297367598
1790040422.805526,233.3421177000273,-71.18644067796612,23.72881355932202,146878.0,130438.0,626.2669241768524,810.4630783465147
1790040422.919927,233.45651799999177,-64.40677966101697,23.72881355932202,146948.0,130509.0,587.6039439012372,624.3291903950645
1790040423.0333478,233.56993950001197,-57.62711864406779,23.72881355932202,147030.0,130595.0,713.8016801188977,750.882286878321
1790040423.1464655,233.6830572000472,-50.847457627118644,23.72881355932202,147114.0,130651.0,713.0501133781814,472.2799452245098
1790040423.2605228,233.79711360001238,-44.067796610169495,23.72881355932202,147217.0,130735.0,880.9917766001682,724.9828161605551
1790040423.3729136,233.9095045000431,-37.288135593220346,23.72881355932202,147317.0,130798.0,895.2793596636288,550.2237731266052
1790040423.4846551,234.02124590001768,-30.508474576271198,23.72881355932202,147398.0,130838.0,741.0610683262962,337.6987146803375
1790040423.5964506,234.13304139999673,-23.72881355932205,23.72881355932202,147495.0,130881.0,844.0061028841831,384.4916690916834
1790040423.7094812,234.24607170000672,-16.9491525423729,23.72881355932202,147607.0,130932.0,1037.3424767841746,472.3613063927937
1790040423.8222923,234.3588824000326,-10.169491525423723,23.72881355932202,147733.0,130977.0,1086.6455900391898,399.36547326226633
1790040423.935805,234.47239529999206,-3.3898305084745743,23.72881355932202,147880.0,131008.0,1261.947909369863,287.6498911063658
1790040424.0491188,234.585706700047,3.3898305084745743,23.72881355932202,148017.0,131049.0,1188.0995463122613,364.849466977781
1790040424.164953,234.70154229999753,10.169491525423723,23.72881355932202,148145.0,131085.0,1126.467898990141,316.52816996417187
1790040424.2789657,234.81555490003666,16.94915254237287,23.72881355932202,148277.0,131119.0,1178.9541940731547,294.73854851828867
1790040424.3914583,234.92804740002612,23.72881355932202,23.72881355932202,148417.0,131145.0,1230.3562442412572,214.38025467840086
1790040424.5051968,235.04178460000549,30.50847457627117,23.72881355932202,148561.0,131164.0,1269.362375504521,165.5690055005897
1790040424.618945,235.1555323000066,37.28813559322032,23.72881355932202,148701.0,131183.0,1264.8212583087393,166.18089525224312
1790040424.7320414,235.26862849999452,44.06779661016947,23.72881355932202,148855.0,131196.0,1385.3725121205782,120.87142723199676
1790040424.8461008,235.38268840004457,50.847457627118644,23.72881355932202,148989.0,131213.0,1169.124436065411,147.2912675357998
1790040424.959574,235.49616060004337,57.627118644067764,23.72881355932202,149155.0,131223.0,1458.4599034570554,92.89553525204174
1790040425.0736673,235.61025450000307,64.40677966101691,23.72881355932202,149308.0,131247.0,1292.454833236188,212.3318654602309
1790040425.1880193,235.7246065000072,71.18644067796606,23.72881355932202,149437.0,131274.0,1129.0307778717438,247.8360244108706
1790040425.3011427,235.83772910002153,77.96610169491527,23.72881355932202,149560.0,131299.0,1083.3142753906457,222.2183129006453
1790040425.4149249,235.95151139999507,84.74576271186442,23.72881355932202,149691.0,131324.0,1172.073277294733,203.03631575184352
1790040425.529354,236.06594060000498,91.52542372881356,23.72881355932202,149830.0,131358.0,1189.0997967988992,292.70148844280595
1790040425.6450942,236.18168040004093,98.30508474576271,23.72881355932202,149967.0,131389.0,1184.4966563235498,271.25877625730146
1790040425.759904,236.29648880002787,105.08474576271186,23.72881355932202,150098.0,131429.0,1129.8583910524292,358.24778252881896
1790040425.8804677,236.4170521000051,111.86440677966101,23.72881355932202,150205.0,131466.0,926.1509259500278,320.9433901807027
1790040425.9939888,236.530573200027,118.64406779661016,23.72881355932202,150316.0,131512.0,919.7332959141291,380.89964780282116
1790040426.1076403,236.64422499999637,125.42372881355931,23.72881355932202,150422.0,131558.0,925.9173524879491,416.66280861957705
1790040426.2210925,236.75767630001064,132.20338983050846,23.72881355932202,150523.0,131620.0,925.6730800447709,564.6605788273102
1790040426.3352745,236.87185789999785,138.9830508474576,23.72881355932202,150617.0,131680.0,837.0325265431167,524.2950990434906
1790040426.4493394,236.98592380003538,145.76271186440675,23.72881355932202,150701.0,131745.0,731.3744840264396,583.2480062489329
1790040426.565761,237.1023444000166,152.5423728813559,23.72881355932202,150794.0,131814.0,827.8351283725389,588.6827579538054
1790040426.681532,237.2181150999968,159.32203389830505,23.72881355932202,150891.0,131889.0,842.7890334724194,652.481832365744
1790040426.795272,237.33185600000434,166.1016949152542,23.72881355932202,150958.0,131966.0,590.9854403453404,674.0927678939039
1790040426.910315,237.44689870002912,172.88135593220335,23.72881355932202,151033.0,132068.0,655.2811567086305,873.7082089448406
1790040427.0241933,237.5607766000321,179.66101694915255,23.72881355932202,151094.0,132164.0,524.2594146112577,855.3706238394205
1790040427.1371639,237.67374709999422,186.4406779661017,23.72881355932202,151140.0,132261.0,389.01351716729494,805.8137141322537
1790040427.2519898,237.78857309999876,193.22033898305085,23.72881355932202,151190.0,132361.0,440.32415188546224,889.8217236018717
1790040427.3724835,237.90906670002732,200.0,23.72881355932202,151217.0,132472.0,219.4578337906154,912.9445885689601
1790040427.4849503,238.02153110003565,-200.0,30.50847457627117,151252.0,132582.0,281.25149420496035,993.7552795241933
1790040427.6027806,238.1393614000408,-193.22033898305085,30.50847457627117,151278.0,132697.0,230.00751668681494,929.2303674147323
1790040427.716884,238.25346500001615,-186.4406779661017,30.50847457627117,151308.0,132813.0,258.44324852940457,1006.0826460608964
1790040427.8316214,238.3682020000415,-179.66101694915255,30.50847457627117,151337.0,132946.0,247.0337649712024,1189.4218313428264
1790040427.9484215,238.48500149999745,-172.8813559322034,30.50847457627117,151357.0,133072.0,172.19316081433547,1060.3473586988025
1790040428.060829,238.59740900003817,-166.10169491525426,30.50847457627117,151380.0,133199.0,187.0634407695072,1141.0869886939938
1790040428.1738987,238.71047970000654,-159.32203389830508,30.50847457627117,151404.0,133316.0,215.22803885131754,1066.7824534369652
1790040428.2884216,238.82500130002154,-152.54237288135593,30.50847457627117,151435.0,133446.0,274.1405920051164,1160.5285061549928
1790040428.4028022,238.93938230001368,-145.76271186440678,30.50847457627117,151461.0,133565.0,230.7473631336361,1042.9780813640352
1790040428.5155003,239.05207999999402,-138.98305084745763,30.50847457627117,151490.0,133686.0,260.1340804509078,1049.826824676878
1790040428.628562,239.16514170001028,-132.20338983050848,30.50847457627117,151516.0,133782.0,231.59620736435508,824.4824982171041
1790040428.740991,239.2775712000439,-125.42372881355932,30.50847457627117,151553.0,133888.0,326.27218185684535,941.528296215468
1790040428.8530626,239.38964200002374,-118.64406779661017,30.50847457627117,151581.0,134001.0,243.10766402534304,991.1312456417832
1790040428.9658368,239.50241610000376,-111.86440677966102,30.50847457627117,151620.0,134093.0,343.80226734481084,826.9838322618423
1790040429.0785263,239.61510520003503,-105.08474576271186,30.50847457627117,151660.0,134199.0,362.48620915417683,975.9244092612453
1790040429.1943538,239.73093300004257,-98.30508474576271,30.50847457627117,151719.0,134309.0,518.3085681200916,972.9652068219264
1790040429.3079264,239.8445055000484,-91.52542372881356,30.50847457627117,151783.0,134412.0,555.1335512935585,906.718133779479
1790040429.4224057,239.95898290001787,-84.74576271186442,30.50847457627117,151846.0,134500.0,539.8954835854157,744.6834256350562
1790040429.5397263,240.07630380004412,-77.96610169491527,30.50847457627117,151908.0,134592.0,520.0294930793435,807.9029624625516
1790040429.655948,240.1925247000181,-71.18644067796612,30.50847457627117,151981.0,134684.0,641.7496662933692,779.2674519276625
1790040429.770272,240.30684850004036,-64.40677966101697,30.50847457627117,152068.0,134751.0,736.6570688570766,607.7420818070883
1790040429.8850577,240.4216339000268,-57.62711864406779,30.50847457627117,152164.0,134816.0,828.3837402427002,589.0728819503646
1790040430.001185,240.53776120004477,-50.847457627118644,30.50847457627117,152269.0,134881.0,879.7723111944584,571.3985113943389
1790040430.1156602,240.65223589999368,-44.067796610169495,30.50847457627117,152376.0,134943.0,950.6712384039665,498.4101638234388
1790040430.2287083,240.7652840000228,-37.288135593220346,30.50847457627117,152479.0,135001.0,892.1244923100594,511.1129903859715
1790040430.3424964,240.87907200003974,-30.508474576271198,30.50847457627117,152592.0,135055.0,1024.8569358458067,461.64726839901203
1790040430.4555333,240.9921094000456,-23.72881355932205,30.50847457627117,152689.0,135095.0,855.5664362267187,325.48723117320816
1790040430.5689316,241.1055073000025,-16.9491525423729,30.50847457627117,152812.0,135137.0,1053.4029072077312,351.1343024025771
1790040430.6824203,241.21899510000367,-10.169491525423723,30.50847457627117,152934.0,135167.0,1092.7069217304356,250.0261600569641
1790040430.7964132,241.33298870001454,-3.3898305084745743,30.50847457627117,153065.0,135208.0,1156.7602999125002,376.4061293366072
1790040430.9095547,241.44613019999815,3.3898305084745743,30.50847457627117,153182.0,135237.0,1009.1041560501387,259.21941623306316
1790040431.0214524,241.55802749999566,10.169491525423723,30.50847457627117,153306.0,135264.0,1095.2348853991152,224.66356623571593
1790040431.1388035,241.67537820001598,16.94915254237287,30.50847457627117,153429.0,135291.0,1012.5640039442497,237.17715407703147
1790040431.252724,241.78929730004165,23.72881355932202,30.50847457627117,153580.0,135318.0,1319.3488507910288,230.6553934949351
1790040431.3720522,241.90862500004005,30.50847457627117,30.50847457627117,153723.0,135345.0,1159.0021086513325,222.5284048610558
1790040431.490911,242.02748470002552,37.28813559322032,30.50847457627117,153856.0,135360.0,1142.693901138762,110.58328075536406
1790040431.602219,242.13879290001933,44.06779661016947,30.50847457627117,153929.0,135373.0,668.0831285924951,122.3250798831329
1790040431.7163713,242.25294310000027,50.847457627118644,30.50847457627117,154066.0,135389.0,1165.248794639569,146.80299774986696
1790040431.8304765,242.36704889999237,57.627118644067764,30.50847457627117,154192.0,135416.0,1095.5362882785237,248.56705700437092
1790040431.944999,242.48157160001574,64.40677966101691,30.50847457627117,154342.0,135441.0,1288.1357182329114,220.8232659827848
1790040432.0591006,242.5956726000295,71.18644067796606,30.50847457627117,154478.0,135469.0,1186.5538612161638,248.34848258012732
1790040432.1740987,242.71067120000953,77.96610169491527,30.50847457627117,154610.0,135486.0,1149.094040165385,145.91670351306476
1790040432.286217,242.82278909999877,84.74576271186442,30.50847457627117,154744.0,135517.0,1196.6128376529625,271.10759603074933
1790040432.4003062,242.9368783000391,91.52542372881356,30.50847457627117,154890.0,135543.0,1205.4623085748792,230.05005888833574
1790040432.5130146,243.0495865000412,98.30508474576271,30.50847457627117,154994.0,135582.0,929.6496891338969,362.5633787622198
1790040432.6250525,243.16162410000106,105.08474576271186,30.50847457627117,155107.0,135627.0,991.7191449862062,402.30116258874403
1790040432.7375345,243.27410610002698,111.86440677966101,30.50847457627117,155209.0,135675.0,904.4027629766351,438.21577175156546
1790040432.851069,243.38764030003222,118.64406779661016,30.50847457627117,155313.0,135716.0,893.4803850592384,362.9764064303156
1790040432.9687588,243.5053295000107,125.42372881355931,30.50847457627117,155415.0,135776.0,841.6031285936602,519.2870367918329
1790040433.083549,243.62011840002378,132.20338983050846,30.50847457627117,155521.0,135849.0,848.4580194810313,645.5658843877412
1790040433.2020469,243.7386163000483,138.9830508474576,30.50847457627117,155614.0,135911.0,788.9271324482899,532.0671358372188
1790040433.316823,243.8533925000229,145.76271186440675,30.50847457627117,155713.0,136000.0,862.5214255402193,761.5880672323212
1790040433.42991,243.9664788999944,152.5423728813559,30.50847457627117,155805.0,136071.0,789.5409050473203,622.3440075078878
1790040433.544363,244.0809317000094,159.32203389830505,30.50847457627117,155876.0,136151.0,646.6154302248306,692.8022466694613
1790040433.659084,244.1956530000316,166.1016949152542,30.50847457627117,155937.0,136231.0,550.5905543902932,688.2381929878666
1790040433.7730145,244.30958320002537,172.88135593220335,30.50847457627117,156002.0,136336.0,569.5393805497498,936.9841421947497
1790040433.8869886,244.42355680000037,179.66101694915255,30.50847457627117,156057.0,136440.0,478.45437142292604,910.9035148244169
1790040434.0000749,244.53664230002323,186.4406779661017,30.50847457627117,156105.0,136541.0,381.023186560975,873.5653545544305
1790040434.1131108,244.64967920002528,193.22033898305085,30.50847457627117,156141.0,136648.0,316.09059154552955,976.1621209494294
1790040434.2255094,244.7620775999967,200.0,30.50847457627117,156175.0,136751.0,298.2909790158593,932.1593094245603
1790040434.3379252,244.87449310004013,-200.0,37.28813559322032,156207.0,136863.0,288.9408360954069,1034.5946066641989
1790040434.4496303,244.98619820002932,-193.22033898305085,37.28813559322032,156240.0,136967.0,300.1124484684603,909.7158594200201
1790040434.5630658,245.0996337000397,-186.4406779661017,37.28813559322032,156276.0,137083.0,332.3746786110071,1024.8219257172718
1790040434.6748693,245.21143670001766,-179.66101694915255,37.28813559322032,156296.0,137183.0,178.06251122598937,852.8257116613175
1790040434.7875302,245.3240974000073,-172.8813559322034,37.28813559322032,156311.0,137306.0,130.1324469779607,1087.535449744386
1790040434.9013202,245.43788720003795,-166.10169491525426,37.28813559322032,156334.0,137403.0,175.8936787782019,842.4381457271775
1790040435.019681,245.55624740000349,-159.32203389830508,37.28813559322032,156358.0,137501.0,205.00935920300523,828.9508872121517
1790040435.13335,245.66991470003268,-152.54237288135593,37.28813559322032,156382.0,137630.0,195.56441284127126,1108.1983394338704
1790040435.251418,245.78798320004717,-145.76271186440678,37.28813559322032,156409.0,137759.0,241.7001560763533,1096.9468621926803
1790040435.365892,245.9024568000459,-138.98305084745763,37.28813559322032,156445.0,137881.0,311.8476423225522,1054.7787902086322
1790040435.4796233,246.01618760003475,-132.20338983050848,37.28813559322032,156467.0,137997.0,203.74916995637477,1028.0071756889818
1790040435.5960517,246.13261620001867,-125.42372881355932,37.28813559322032,156499.0,138104.0,280.1474840100745,921.7755925492773
1790040435.7091923,246.24575629999163,-118.64406779661017,37.28813559322032,156529.0,138222.0,241.44831848768473,1012.2256428906783
1790040435.8215902,246.3581538000144,-111.86440677966102,37.28813559322032,156579.0,138323.0,430.10632045675055,925.6636027221371
1790040435.9353678,246.47193240001798,-105.08474576271186,37.28813559322032,156636.0,138444.0,510.77455732889143,1049.4095450575405
1790040436.0534692,246.59003350004787,-98.30508474576271,37.28813559322032,156693.0,138542.0,479.3817041850884,861.111579739881
1790040436.168967,246.70553080004174,-91.52542372881356,37.28813559322032,156767.0,138643.0,597.9295332285362,896.8942998428045
1790040436.281316,246.81788010004675,-84.74576271186442,37.28813559322032,156841.0,138721.0,635.5900516735916,682.3246142966498
1790040436.3938155,246.9303788000252,-77.96610169491527,37.28813559322032,156924.0,138801.0,754.4449381386846,707.8742629449387
1790040436.5085764,247.04514030000428,-71.18644067796612,37.28813559322032,157008.0,138872.0,747.0725824565832,636.3951628333857
1790040436.6250496,247.16161300003296,-64.40677966101697,37.28813559322032,157107.0,138948.0,813.1997858042408,648.7324133943944
1790040436.73938,247.2759417000343,-57.62711864406779,37.28813559322032,157197.0,139021.0,803.036400862669,627.6606351570287
1790040436.8590655,247.39562740002293,-50.847457627118644,37.28813559322032,157319.0,139094.0,963.2117924277402,592.7457184170709
1790040436.9737093,247.51027060003253,-44.067796610169495,37.28813559322032,157419.0,139150.0,896.9157197328694,508.56045964234863
1790040437.0888863,247.62544730002992,-37.288135593220346,37.28813559322032,157546.0,139199.0,1131.4287920242848,413.9373629357139
1790040437.2031915,247.73975320003228,-30.508474576271198,37.28813559322032,157695.0,139244.0,1260.7791985613462,398.6287171921903
1790040437.3160925,247.85265300003812,-23.72881355932205,37.28813559322032,157826.0,139283.0,1188.6642287866202,352.8846929210279
1790040437.4307814,247.9673422999913,-16.9491525423729,37.28813559322032,157947.0,139313.0,1049.6338712258575,248.59749581665045
1790040437.544875,248.08143530000234,-10.169491525423723,37.28813559322032,158079.0,139338.0,1178.5731711931433,230.19007249866078
1790040437.658664,248.19522420002613,-3.3898305084745743,37.28813559322032,158225.0,139369.0,1301.8116418727973,286.2139070784164
1790040437.7724173,248.30897740001092,3.3898305084745743,37.28813559322032,158376.0,139392.0,1338.8153976786195,203.13061206158363
1790040437.8861587,248.42271890002303,10.169491525423723,37.28813559322032,158516.0,139424.0,1232.091823178369,287.1792971318003
1790040437.9985142,248.53507480002008,16.94915254237287,37.28813559322032,158670.0,139450.0,1286.1856209767238,233.00464148129055
1790040438.1126359,248.64919600001303,23.72881355932202,37.28813559322032,158841.0,139473.0,1522.9735051810949,201.83986213243423
1790040438.2267056,248.7632657000213,30.50847457627117,37.28813559322032,158997.0,139493.0,1413.962234605281,183.6314590396469
1790040438.3398788,248.87643730000127,37.28813559322032,37.28813559322032,159151.0,139514.0,1402.5766536710144,195.06032931848543
1790040438.4587014,248.99526070000138,44.06779661016947,37.28813559322032,159308.0,139533.0,1316.1782227939916,156.4687397727123
1790040438.5724616,249.10901930002728,50.847457627118644,37.28813559322032,159429.0,139555.0,1068.4547930620881,193.42716081296425
1790040438.6865852,249.223142700037,57.627118644067764,37.28813559322032,159555.0,139575.0,1117.1152211638002,166.18242959461492
1790040438.8009772,249.3375354000018,64.40677966101691,37.28813559322032,159662.0,139597.0,939.5120062593348,193.42894246515718
1790040438.91434,249.45089830004144,71.18644067796606,37.28813559322032,159764.0,139623.0,936.4858597351823,241.0755678526212
1790040439.0271695,249.56372680002823,77.96610169491527,37.28813559322032,159914.0,139653.0,1346.7713252465421,260.0661869441599
1790040439.141316,249.67787220003083,84.74576271186442,37.28813559322032,160066.0,139685.0,1321.3482154350158,293.63293676333683
1790040439.2557843,249.79234040004667,91.52542372881356,37.28813559322032,160210.0,139726.0,1261.1350400528036,368.21461023439525
1790040439.3702688,249.90682510001352,98.30508474576271,37.28813559322032,160334.0,139764.0,1103.2281374194365,321.7748734140023
1790040439.484929,250.02148580003995,105.08474576271186,37.28813559322032,160443.0,139808.0,945.0234880141645,366.99941282103475
1790040439.5982401,250.13479700003518,111.86440677966101,37.28813559322032,160512.0,139843.0,591.5108944405738,314.24016267155486
1790040439.710346,250.24690289999126,118.64406779661016,37.28813559322032,160584.0,139896.0,654.8249372041736,467.7320980029811
1790040439.823135,250.35969160002423,125.42372881355931,37.28813559322032,160670.0,139960.0,761.6903208519794,575.9121938149112
1790040439.934858,250.4714144000318,132.20338983050846,37.28813559322032,160773.0,140031.0,918.8970232860066,646.9785163952496
1790040440.0492656,250.58582150004804,138.9830508474576,37.28813559322032,160852.0,140110.0,677.2649477522782,723.0260928706754
1790040440.1617105,250.6982664000243,145.76271186440675,37.28813559322032,160921.0,140180.0,605.6850531841657,633.6397479465118
1790040440.2754807,250.8120366000221,152.5423728813559,37.28813559322032,160985.0,140249.0,561.1775529882758,625.5749771016846
1790040440.3882184,250.9247740000137,159.32203389830505,37.28813559322032,161039.0,140319.0,492.54903438300323,631.9497044914004
1790040440.503688,251.0402436000295,166.1016949152542,37.28813559322032,161095.0,140407.0,485.48580639680904,778.6093121458258
1790040440.6171508,251.15370399999665,172.88135593220335,37.28813559322032,161151.0,140501.0,493.62524913968986,856.8589230349334
1790040440.7376382,251.2741912000347,179.66101694915255,37.28813559322032,161209.0,140618.0,508.6592295430445,961.8283613177568
1790040440.851358,251.38791099999798,186.4406779661017,37.28813559322032,161259.0,140726.0,462.02991929419903,970.262830517818
1790040440.9659686,251.50252159999218,193.22033898305085,37.28813559322032,161303.0,140816.0,395.29543275676673,772.2050314318233
1790040441.079946,251.61649810004747,200.0,37.28813559322032,161348.0,140943.0,405.31590228617307,1114.618731286976
1790040441.1949716,251.7315251000109,-200.0,44.06779661016947,161365.0,141037.0,146.9726391960846,753.2347758799335
1790040441.3098505,251.84640320000472,-193.22033898305085,44.06779661016947,161378.0,141075.0,109.36581494618814,309.86980901419975
1790040441.424563,251.96111560001737,-186.4406779661017,44.06779661016947,161403.0,141197.0,220.4127964193536,1056.1446495094026
1790040441.5365918,252.07314440002665,-179.66101694915255,44.06779661016947,161420.0,141309.0,149.61101137155214,1009.874326757977
1790040441.6493402,252.18589290004456,-172.8813559322034,44.06779661016947,161436.0,141429.0,148.7100794970007,1068.8536963846925
1790040441.7604835,252.29703600000357,-166.10169491525426,44.06779661016947,161455.0,141533.0,179.26912922979943,934.0865154605339
1790040441.8741636,252.41071620001458,-159.32203389830508,44.06779661016947,161481.0,141640.0,220.9763656827921,948.3569027219828
1790040441.9877636,252.52431599999545,-152.54237288135593,44.06779661016947,161510.0,141750.0,239.70446280963031,949.5984488227663
1790040442.104844,252.64139589999104,-145.76271186440678,44.06779661016947,161532.0,141874.0,178.87599685681454,1073.2559811408871
1790040442.219062,252.7556120000081,-138.98305084745763,44.06779661016947,161573.0,142001.0,341.13267099746923,1134.0356360186138
1790040442.334645,252.87119530001655,-132.20338983050848,44.06779661016947,161611.0,142111.0,344.9465331531988,941.6108067154886
1790040442.4534605,252.99001140001928,-125.42372881355932,44.06779661016947,161643.0,142238.0,297.07529372020815,1076.8979397357546
1790040442.5663357,253.10288500000024,-118.64406779661017,44.06779661016947,161691.0,142322.0,436.17222674297136,668.1787303296583
1790040442.6803463,253.21689550002338,-111.86440677966102,44.06779661016947,161751.0,142405.0,507.8105883790652,701.7019039419811
1790040442.7940962,253.33064520003973,-105.08474576271186,44.06779661016947,161814.0,142481.0,526.4869099384788,692.7459341295773
1790040442.907521,253.44406950002303,-98.30508474576271,44.06779661016947,161875.0,142565.0,546.3833129339225,731.5979952844048
1790040443.023024,253.55957219999982,-91.52542372881356,44.06779661016947,161941.0,142661.0,565.1896073750783,838.6684496533419
1790040443.1370902,253.67363880004268,-84.74576271186442,44.06779661016947,162007.0,142743.0,570.6055321100064,708.6552576204919
1790040443.2522268,253.78877550002653,-77.96610169491527,44.06779661016947,162091.0,142821.0,752.2004156613319,678.8150092553483
1790040443.365938,253.9024871000438,-71.18644067796612,44.06779661016947,162201.0,142905.0,997.1498131761023,747.8623598820767
1790040443.4793313,254.01588020002237,-64.40677966101697,44.06779661016947,162285.0,142964.0,748.0260426251532,526.3886966621449
1790040443.5917573,254.12830590002704,-57.62711864406779,44.06779661016947,162383.0,143015.0,904.0504255636337,447.3651590417981
1790040443.7047477,254.24129630002426,-50.847457627118644,44.06779661016947,162478.0,143074.0,825.1138702053395,528.4437146258915
1790040443.8237355,254.36028369999258,-44.067796610169495,44.06779661016947,162607.0,143128.0,1063.920333761286,443.3001390672025
1790040443.9374735,254.47402020002482,-37.288135593220346,44.06779661016947,162736.0,143175.0,1090.2574781691683,419.329799295834
1790040444.0518885,254.5884358000476,-30.508474576271198,44.06779661016947,162845.0,143214.0,964.7995193455102,339.97697348365597
1790040444.1646724,254.70121940004174,-23.72881355932205,44.06779661016947,162999.0,143244.0,1402.4320586894773,278.6288858323465
1790040444.2790964,254.8156422000029,-16.9491525423729,44.06779661016947,163134.0,143285.0,1142.4978112780655,365.59929960898097
1790040444.3938372,254.93038289999822,-10.169491525423723,44.06779661016947,163281.0,143317.0,1275.9469316741597,275.3842298577323
1790040444.5072649,255.04381050000666,-3.3898305084745743,44.06779661016947,163414.0,143348.0,1130.2072911906919,277.91982570262917
1790040444.620721,255.1572664999985,3.3898305084745743,44.06779661016947,163565.0,143381.0,1352.6684631054025,305.74013207176904
1790040444.7325082,255.26905350002926,10.169491525423723,44.06779661016947,163717.0,143408.0,1339.943722236135,235.90558490072803
1790040444.8471882,255.3837338000303,16.94915254237287,44.06779661016947,163828.0,143429.0,960.5541575457835,192.1108315091567
1790040444.9605842,255.49713000003248,23.72881355932202,44.06779661016947,163935.0,143443.0,981.8951501785311,129.6842651179192
1790040445.073674,255.6102190000238,30.50847457627117,44.06779661016947,164099.0,143462.0,1407.5664106347208,175.9458013293401
1790040445.1864622,255.72300769999856,37.28813559322032,44.06779661016947,164176.0,143479.0,705.8414883049458,157.88559606821156
1790040445.2984674,255.83501219999744,44.06779661016947,44.06779661016947,164216.0,143497.0,346.0262622824669,149.63297828431
1790040445.4115486,255.94809350004653,50.847457627118644,44.06779661016947,164270.0,143517.0,491.18735731879474,176.08603375579435
1790040445.5250807,256.0616252000327,57.627118644067764,44.06779661016947,164424.0,143548.0,1328.8447910357177,286.07075362574477
1790040445.638609,256.1751532999915,64.40677966101691,44.06779661016947,164562.0,143585.0,1207.2074891642396,331.7516764115467
1790040445.7586958,256.29524020000827,71.18644067796606,44.06779661016947,164702.0,143621.0,1189.6715363587064,308.43336127818316
1790040445.873054,256.40959650004515,77.96610169491527,44.06779661016947,164830.0,143650.0,1098.4456532839035,258.4578007726832
1790040445.9932456,256.5297888999921,84.74576271186442,44.06779661016947,164961.0,143687.0,1127.4842775949335,304.97525541502296
1790040446.1086626,256.6452058000141,91.52542372881356,44.06779661016947,165086.0,143735.0,1086.5783830957969,410.8909852042929
1790040446.2218518,256.75839400000405,98.30508474576271,44.06779661016947,165182.0,143777.0,835.2071358151944,371.20317147341973
1790040446.3352742,256.87181600002805,105.08474576271186,44.06779661016947,165237.0,143812.0,463.00883495283955,287.0654776707605
1790040446.4496315,256.9861740000197,111.86440677966101,44.06779661016947,165355.0,143869.0,1056.168720215897,518.8197222113179
1790040446.5634303,257.0999715999933,118.64406779661016,44.06779661016947,165459.0,143935.0,902.5021411804416,580.1799479017125
1790040446.677227,257.21376810001675,125.42372881355931,44.06779661016947,165566.0,144003.0,978.2676906714292,599.8811310721029
1790040446.792312,257.32885320001515,132.20338983050846,44.06779661016947,165658.0,144076.0,814.7489704234994,622.5048313348085
1790040446.9046803,257.4412210000446,138.9830508474576,44.06779661016947,165736.0,144152.0,683.2570208716996,683.2570208716996
1790040447.0195043,257.5560450000339,145.76271186440675,44.06779661016947,165797.0,144250.0,532.2053029560442,862.5396289287613
1790040447.133197,257.6697385000298,152.5423728813559,44.06779661016947,165859.0,144330.0,565.2853624257891,732.0908792071695
1790040447.244965,257.7815059000277,159.32203389830505,44.06779661016947,165902.0,144421.0,365.61974423468166,824.9881408372304
1790040447.3570137,257.89355470001465,166.1016949152542,44.06779661016947,165954.0,144506.0,467.584254135264,776.1898618645383
1790040447.4692602,258.0058010999928,172.88135593220335,44.06779661016947,165990.0,144615.0,326.5945981088738,951.7899716315751
1790040447.5873654,258.12390500004403,179.66101694915255,44.06779661016947,166032.0,144720.0,349.47990215660786,905.0633363542921
1790040447.7013535,258.2378926000092,186.4406779661017,44.06779661016947,166083.0,144850.0,428.9312245754865,1146.9247961474966
1790040447.8215756,258.3581143000047,193.22033898305085,44.06779661016947,166122.0,144967.0,340.6107426179743,985.009444868196
1790040447.9363244,258.4728624999989,200.0,44.06779661016947,166151.0,145091.0,266.2250391304146,1055.7199827585405
1790040448.0513988,258.5879367000307,-200.0,50.847457627118644,166173.0,145211.0,200.74787718166013,1058.4888069578444
1790040448.1655264,258.70206510002026,-193.22033898305085,50.847457627118644,166201.0,145350.0,251.7099965024167,1239.9047975859785
1790040448.2813084,258.81784650002373,-186.4406779661017,50.847457627118644,166224.0,145470.0,189.7589789907518,1030.1201716640815
1790040448.3950138,258.93155249999836,-179.66101694915255,50.847457627118644,166258.0,145572.0,305.78432744189143,908.0867905850108
1790040448.5095327,259.0460709000472,-172.8813559322034,50.847457627118644,166281.0,145708.0,211.09283676101842,1220.66727344415
1790040448.6255875,259.16212500003166,-166.10169491525426,50.847457627118644,166307.0,145854.0,225.28063208282816,1243.5490890972114
1790040448.7393966,259.27593440003693,-159.32203389830508,50.847457627118644,166348.0,145990.0,349.8476781502594,1206.053837833789
1790040448.8538444,259.39038220001385,-152.54237288135593,50.847457627118644,166376.0,146096.0,256.10091848319854,932.9390601887948
1790040448.9674916,259.5040292000049,-145.76271186440678,50.847457627118644,166413.0,146209.0,331.75870835047965,976.8450856986344
1790040449.0857506,259.62228790001245,-138.98305084745763,50.847457627118644,166448.0,146328.0,269.32133719933734,1023.4210813574819
1790040449.1999104,259.73644649999915,-132.20338983050848,50.847457627118644,166483.0,146443.0,279.40010932444653,1024.4670675229704
1790040449.3149693,259.8515056000324,-125.42372881355932,50.847457627118644,166539.0,146545.0,493.6422602251829,866.2024566215473
1790040449.4277475,259.9642833000398,-118.64406779661017,50.847457627118644,166600.0,146652.0,557.2075727498811,947.2528736747979
1790040449.5428498,260.0793848000467,-111.86440677966102,50.847457627118644,166666.0,146766.0,574.1841343961764,966.0875912062652
1790040449.6578035,260.1943374000257,-105.08474576271186,50.847457627118644,166744.0,146869.0,693.9771005287549,885.7339309380162
1790040449.7740405,260.3105748000089,-98.30508474576271,50.847457627118644,166802.0,146947.0,473.29824241571805,637.1322494057742
1790040449.8885243,260.42505830002483,-91.52542372881356,50.847457627118644,166883.0,147039.0,681.3036466819029,764.1649010080804
1790040450.0026,260.5391342000221,-84.74576271186442,50.847457627118644,166977.0,147141.0,785.0692752086073,932.8470211302276
1790040450.1160188,260.6525530000217,-77.96610169491527,50.847457627118644,167083.0,147205.0,930.0275196047559,558.0165117628535
1790040450.230078,260.76661190000596,-71.18644067796612,50.847457627118644,167181.0,147277.0,867.9689893987395,627.8924604161094
1790040450.3424919,260.879026300041,-64.40677966101697,50.847457627118644,167260.0,147332.0,661.9454108492496,484.80508963607014
1790040450.4539053,260.9904396000202,-57.62711864406779,50.847457627118644,167369.0,147385.0,978.7802328795743,479.9787680467143
1790040450.5673268,261.10386070003733,-50.847457627118644,50.847457627118644,167482.0,147432.0,987.5631645057093,406.10074054440383
1790040450.679381,261.21591450000415,-44.067796610169495,50.847457627118644,167601.0,147478.0,1103.2708243717022,430.08862644998555
1790040450.7931163,261.3296500000288,-37.288135593220346,50.847457627118644,167717.0,147509.0,1031.3189461794111,276.24614629805654
1790040450.9065375,261.4430709000444,-30.508474576271198,50.847457627118644,167837.0,147548.0,1053.2199425523547,351.07331418411826
1790040451.0217047,261.55823790002614,-23.72881355932205,50.847457627118644,167946.0,147587.0,972.3156061457228,339.39318327728057
1790040451.1425903,261.67912340001203,-16.9491525423729,50.847457627118644,168088.0,147624.0,1162.1109260948742,319.3587277817975
1790040451.2573302,261.7938625999959,-10.169491525423723,50.847457627118644,168236.0,147650.0,1306.4847645860737,230.0149233426186
1790040451.375058,261.9115891000256,-3.3898305084745743,50.847457627118644,168396.0,147668.0,1362.2617175191579,154.38966131883788
1790040451.492594,262.02912570000626,3.3898305084745743,50.847457627118644,168559.0,147690.0,1376.726529840039,174.38536044640492
1790040451.6077514,262.1442821000237,10.169491525423723,50.847457627118644,168697.0,147712.0,1191.153818368918,200.0410992680626
1790040451.7228596,262.2593900000211,16.94915254237287,50.847457627118644,168871.0,147738.0,1477.399886227197,227.9938096029625
1790040451.8363066,262.3728371000034,23.72881355932202,50.847457627118644,169044.0,147762.0,1495.1819848761988,213.59742641088556
1790040451.950035,262.48656530003063,30.50847457627117,50.847457627118644,169186.0,147775.0,1246.6294837004393,120.04580213411639
1790040452.063145,262.59967470000265,37.28813559322032,50.847457627118644,169326.0,147799.0,1267.0280177440131,195.64403215164907
1790040452.1776092,262.7141388000455,44.06779661016947,50.847457627118644,169456.0,147816.0,1172.0235215748407,138.42797498915442
1790040452.2917194,262.82824850000907,50.847457627118644,50.847457627118644,169612.0,147841.0,1365.6676686263681,221.45962193941105
1790040452.405485,262.94201490003616,57.627118644067764,50.847457627118644,169738.0,147877.0,1097.8599109357333,322.89997380462745
1790040452.5184639,263.054993800004,64.40677966101691,50.847457627118644,169876.0,147912.0,1259.4470101413015,305.60111275487463
1790040452.6312284,263.1677582000266,71.18644067796606,50.847457627118644,170000.0,147945.0,1114.560055035552,297.2160146761472
1790040452.746374,263.2829035000177,77.96610169491527,50.847457627118644,170098.0,147979.0,811.9756372380373,301.0696183017442
1790040452.859154,263.3956831000396,84.74576271186442,50.847457627118644,170224.0,148023.0,1141.826979004356,371.32584683068484
1790040452.9715128,263.5080417999998,91.52542372881356,50.847457627118644,170353.0,148071.0,1140.2263443821598,401.88305580682686
1790040453.0901303,263.6266590000014,98.30508474576271,50.847457627118644,170465.0,148118.0,956.9030362714407,407.56981174524327
1790040453.2049038,263.74143160000676,105.08474576271186,50.847457627118644,170524.0,148139.0,463.1529413548951,175.99811771486014
1790040453.3233576,263.8598844000371,111.86440677966101,50.847457627118644,170617.0,148191.0,848.8353423983948,470.5500267643276
1790040453.4383852,263.9749115000013,118.64406779661016,50.847457627118644,170694.0,148250.0,645.1018339862849,516.0814671890279
1790040453.552192,264.0887185000465,125.42372881355931,50.847457627118644,170773.0,148318.0,703.7089163534885,592.5969821924114
1790040453.6665742,264.2031009999919,132.20338983050846,50.847457627118644,170827.0,148361.0,413.19126900158176,376.46315620144117
1790040453.783156,264.3196820000303,138.9830508474576,50.847457627118644,170891.0,148444.0,528.5465246542655,719.9168180635684
1790040453.897176,264.43370200000936,145.76271186440675,50.847457627118644,170950.0,148515.0,489.41478908502773,637.1626499408852
1790040454.0128949,264.5494209000026,152.5423728813559,50.847457627118644,171004.0,148605.0,462.5724467990886,816.3043178807446
1790040454.1260304,264.662556700001,159.32203389830505,50.847457627118644,171052.0,148696.0,425.957083876095,805.6144847221797
1790040454.2387602,264.7752863999922,166.1016949152542,50.847457627118644,171092.0,148774.0,362.48991526841644,697.0959909008009
1790040454.3539054,264.89043160004076,172.88135593220335,50.847457627118644,171131.0,148857.0,345.2931992711895,717.8463879585255
1790040454.4686904,265.0052156000165,179.66101694915255,50.847457627118644,171163.0,148964.0,291.7727383433043,957.3792976889672
1790040454.5820994,265.1186250000028,186.4406779661017,50.847457627118644,171206.0,149082.0,378.4005288527983,1033.6794934515465
1790040454.6964695,265.2329947000253,193.22033898305085,50.847457627118644,171227.0,149171.0,173.8971261252403,777.9608274023908
1790040454.8102963,265.34682150004664,200.0,50.847457627118644,171257.0,149292.0,268.48520648235075,1064.6827153610461
1790040454.92344,265.4599632000318,-200.0,57.627118644067764,171284.0,149393.0,242.399833005713,885.6916975208744
1790040455.0442522,265.58077580004465,-193.22033898305085,57.627118644067764,171310.0,149511.0,231.2859591755989,943.6467134364435
1790040455.158331,265.6948543000035,-186.4406779661017,57.627118644067764,171342.0,149643.0,277.23742140801875,1164.3971699136787
1790040455.2735028,265.81002570001874,-179.66101694915255,57.627118644067764,171365.0,149762.0,191.3002128553727,1047.5964037318029
1790040455.388207,265.9247300000279,-172.8813559322034,57.627118644067764,171391.0,149882.0,220.1598544627198,1073.279290505759
1790040455.5016558,266.03817860002164,-166.10169491525426,57.627118644067764,171428.0,150006.0,325.2691371145455,1059.4480466016626
1790040455.616158,266.1526806000038,-159.32203389830508,57.627118644067764,171479.0,150121.0,451.2336173442174,1031.3911253582112
1790040455.7338643,266.27038729999913,-152.54237288135593,57.627118644067764,171507.0,150226.0,250.20798536012902,848.9199503290091
1790040455.8469107,266.3834337000153,-145.76271186440678,57.627118644067764,171542.0,150344.0,296.67758193405325,1029.1003623337472
1790040455.9600353,266.4965579000418,-138.98305084745763,57.627118644067764,171576.0,150447.0,305.5581018713806,907.4149691937969
1790040456.0731091,266.60963150003226,-132.20338983050848,57.627118644067764,171615.0,150526.0,352.0206913389285,704.041382677857
1790040456.186527,266.723049000022,-125.42372881355932,57.627118644067764,171661.0,150621.0,424.95757368418236,859.153355491934
1790040456.2992556,266.8357776000048,-118.64406779661017,57.627118644067764,171711.0,150699.0,445.95491041700853,696.8045475265758
1790040456.411713,266.9482345000142,-111.86440677966102,57.627118644067764,171761.0,150766.0,447.70022008218734,587.6065388578709
1790040456.525094,267.06161550001707,-105.08474576271186,57.627118644067764,171848.0,150853.0,748.0142992258656,803.422765835189
1790040456.6412208,267.1777422000305,-98.30508474576271,57.627118644067764,171939.0,150931.0,756.7083544905303,675.6324593665449
1790040456.7571216,267.2936427000095,-91.52542372881356,57.627118644067764,172028.0,151023.0,784.1049169705072,829.6924121432112
1790040456.8713582,267.40787749999436,-84.74576271186442,57.627118644067764,172132.0,151091.0,933.4367201266864,600.7266020617288
1790040456.9918432,267.5283623000141,-77.96610169491527,57.627118644067764,172228.0,151156.0,847.5513137885405,580.388399659544
1790040457.1061106,267.6426293000113,-71.18644067796612,57.627118644067764,172328.0,151218.0,914.9604346592337,554.5214755510507
1790040457.220204,267.7567232000292,-64.40677966101697,57.627118644067764,172446.0,151278.0,1022.0597662409072,538.9042403815693
1790040457.3343027,267.8708216000232,-57.62711864406779,57.627118644067764,172559.0,151315.0,997.76150368368,286.3945056869822
1790040457.4487429,267.9852622000035,-50.847457627118644,57.627118644067764,172682.0,151362.0,1065.4625713131782,431.69604182516696
1790040457.562479,268.0989978000289,-44.067796610169495,57.627118644067764,172803.0,151409.0,1062.4950340052224,397.280751845431
1790040457.6759782,268.21249669999816,-37.288135593220346,57.627118644067764,172956.0,151442.0,1370.2219299134574,259.23117592957306
1790040457.794048,268.33056670002406,-30.508474576271198,57.627118644067764,173101.0,151475.0,1191.4062323910855,281.93582598567673
1790040457.9068139,268.4433319999953,-23.72881355932205,57.627118644067764,173226.0,151508.0,1105.9150655912129,288.09552128846724
1790040458.0202866,268.55680449999636,-16.9491525423729,57.627118644067764,173358.0,151531.0,1153.678248795378,203.04737178798655
1790040458.1333427,268.66986100003123,-10.169491525423723,57.627118644067764,173449.0,151556.0,833.4761048343554,212.99944901322417
1790040458.2481012,268.78461900004186,-3.3898305084745743,57.627118644067764,173607.0,151573.0,1394.617505272748,145.84235349257497
1790040458.3635588,268.90007640002295,3.3898305084745743,57.627118644067764,173762.0,151590.0,1363.2229883960883,146.38636117004975
1790040458.4824185,269.01893610000843,10.169491525423723,57.627118644067764,173915.0,151613.0,1263.342947955465,204.62597044349081
1790040458.5987494,269.13526670000283,16.94915254237287,57.627118644067764,174068.0,151645.0,1253.7796421376925,283.70196281947784
1790040458.7148793,269.25139550003223,23.72881355932202,57.627118644067764,174239.0,151658.0,1451.9029911404825,108.8927243355362
1790040458.8301353,269.36665110004833,30.50847457627117,57.627118644067764,174376.0,151682.0,1181.4046899620857,221.51337936789108
1790040458.9489496,269.4854648000328,37.28813559322032,57.627118644067764,174494.0,151700.0,1009.9767340163273,146.90570676601126
1790040459.0637195,269.60023430001456,44.06779661016947,57.627118644067764,174613.0,151724.0,992.8259133765894,220.6279807503532
1790040459.1805356,269.7170502000372,50.847457627118644,57.627118644067764,174757.0,151759.0,1230.5647125138105,287.4311737258535
1790040459.2946277,269.83114290004596,57.627118644067764,57.627118644067764,174878.0,151794.0,1068.2373437352553,313.10404902585066
1790040459.4080064,269.94452140002977,64.40677966101691,57.627118644067764,175002.0,151832.0,1080.7405566699638,323.2984571234934
1790040459.5214581,270.0579720000387,71.18644067796606,57.627118644067764,175126.0,151875.0,1117.8758507164773,388.02302256274425
1790040459.635895,270.17240840004524,77.96610169491527,57.627118644067764,175246.0,151917.0,1025.5453176187182,360.32673321738747
1790040459.750646,270.2871604000102,84.74576271186442,57.627118644067764,175362.0,151970.0,1004.0743314710112,469.7962468350603
1790040459.8658235,270.40233740000986,91.52542372881356,57.627118644067764,175473.0,152032.0,972.3834026745197,527.0863304217023
1790040459.9802635,270.51677690004,98.30508474576271,57.627118644067764,175567.0,152090.0,804.829710176402,521.3101531824423
1790040460.0932815,270.62979490001453,105.08474576271186,57.627118644067764,175664.0,152143.0,883.2640978279223,474.1733577813057
1790040460.207019,270.7435325999977,111.86440677966101,57.627118644067764,175748.0,152213.0,729.6647512542434,609.5933364908868
1790040460.3198617,270.85637340001995,118.64406779661016,57.627118644067764,175844.0,152293.0,873.4841798262993,715.5136366662239
1790040460.434922,270.971435000014,125.42372881355931,57.627118644067764,175915.0,152362.0,626.9820357901633,590.6352511066756
1790040460.5483563,271.08486930001527,132.20338983050846,57.627118644067764,175977.0,152451.0,546.5437592442745,787.3935514536158
1790040460.6610513,271.19756430003326,138.9830508474576,57.627118644067764,176018.0,152519.0,334.7339469480291,604.3807375450525
1790040460.7743626,271.3108754000277,145.76271186440675,57.627118644067764,176080.0,152606.0,526.898637728243,730.2630242198454
1790040460.8928626,271.429375000007,152.5423728813559,57.627118644067764,176130.0,152701.0,430.0994337607922,815.3968431715018
1790040461.010087,271.5465991999954,159.32203389830505,57.627118644067764,176183.0,152821.0,379.6998020957315,1021.5732770670872
1790040461.1243887,271.66089920001104,166.1016949152542,57.627118644067764,176234.0,152926.0,459.4714055959029,928.1322393037238
1790040461.241726,271.7782373999944,172.88135593220335,57.627118644067764,176253.0,152972.0,166.42181088034982,416.05452720087453
1790040461.3547645,271.89127560000634,179.66101694915255,57.627118644067764,176287.0,153070.0,287.3411398710512,871.2924886412521
1790040461.46719,272.0037011000095,186.4406779661017,57.627118644067764,176316.0,153177.0,251.56623284404924,931.7267883112935
1790040461.5795968,272.1161073000403,193.22033898305085,57.627118644067764,176339.0,153294.0,195.7344796524682,1034.5965353059032
1790040461.6923432,272.2288536000415,200.0,57.627118644067764,176363.0,153431.0,185.86065099877467,1217.3872640419743
1790040461.804434,272.340944399999,-200.0,64.40677966101691,176393.0,153554.0,280.38038272151647,1102.829505371298
1790040461.916144,272.4526539000217,-193.22033898305085,64.40677966101691,176427.0,153683.0,318.9095544842568,1172.4615973685911
1790040462.0292032,272.5657131000189,-186.4406779661017,64.40677966101691,176466.0,153804.0,352.01645222811135,1102.367310924875
1790040462.1423595,272.6788691999973,-179.66101694915255,64.40677966101691,176497.0,153921.0,287.05192114954946,1046.3505512870674
1790040462.2554214,272.7919308000128,-172.8813559322034,64.40677966101691,176531.0,154023.0,287.28016130183767,898.9088918154274
1790040462.368784,272.9052932000486,-166.10169491525426,64.40677966101691,176559.0,154136.0,230.88758724042367,988.1988733890132
1790040462.4813113,273.01782020000974,-159.32203389830508,64.40677966101691,176598.0,154257.0,344.66472986451834,1099.2010303787342
1790040462.5933008,273.1298094000085,-152.54237288135593,64.40677966101691,176634.0,154375.0,299.31214331754705,1038.2389971327414
1790040462.7091196,273.24562760000117,-145.76271186440678,64.40677966101691,176673.0,154495.0,343.4782961391675,1039.4737909474807
1790040462.8221874,273.35869570000796,-138.98305084745763,64.40677966101691,176713.0,154618.0,351.94603012629096,1083.62330328358
1790040462.936428,273.47293630003696,-132.20338983050848,64.40677966101691,176763.0,154712.0,439.8161935292987,824.655362867435
1790040463.0564795,273.5929875000147,-125.42372881355932,64.40677966101691,176816.0,154804.0,442.096421237989,760.405844529341
1790040463.1738226,273.71033040003385,-118.64406779661017,64.40677966101691,176887.0,154896.0,620.2135690185025,808.9742204589163
1790040463.2881844,273.8246901000384,-111.86440677966102,64.40677966101691,176958.0,154982.0,621.3357419545906,778.98809439083
1790040463.4052079,273.9417133000097,-105.08474576271186,64.40677966101691,177051.0,155063.0,832.3482321981539,654.6559129648402
1790040463.518635,274.0551406000159,-98.30508474576271,64.40677966101691,177134.0,155152.0,765.0324203681253,793.0214113572031
1790040463.633066,274.1695711000357,-91.52542372881356,64.40677966101691,177226.0,155229.0,764.5175433481301,709.2512149133255
1790040463.74616,274.2826653000084,-84.74576271186442,64.40677966101691,177317.0,155285.0,780.4080417034129,473.8191681770721
1790040463.8595693,274.3960752999992,-77.96610169491527,64.40677966101691,177421.0,155334.0,916.9927084668379,453.86507792803087
1790040463.9729862,274.50949150003726,-71.18644067796612,64.40677966101691,177527.0,155395.0,923.4207199835779,498.64718879113207
1790040464.087376,274.62388190004276,-64.40677966101697,64.40677966101691,177644.0,155438.0,967.4432318555903,368.54980261165343
1790040464.201143,274.73764800000936,-57.62711864406779,64.40677966101691,177736.0,155499.0,828.4927876552224,515.5066234299162
1790040464.3142838,274.8507887000451,-50.847457627118644,64.40677966101691,177861.0,155535.0,1138.5536479158627,323.97868030126176
1790040464.4280202,274.96452510001836,-44.067796610169495,64.40677966101691,178003.0,155578.0,1269.8926849658544,395.6911989386358
1790040464.5407553,275.07725970004685,-37.288135593220346,64.40677966101691,178144.0,155614.0,1254.1246762654841,315.8536221705663
1790040464.6555257,275.19203040003777,-30.508474576271198,64.40677966101691,178276.0,155637.0,1167.9769906780807,209.87086551246762
1790040464.7735493,275.3100536999991,-23.72881355932205,64.40677966101691,178409.0,155665.0,1093.9937945303247,206.24473175571694
1790040464.8861244,275.4226284000324,-16.9491525423729,64.40677966101691,178579.0,155702.0,1520.8671366155147,335.897036307721
1790040465.0012462,275.53774960001465,-10.169491525423723,64.40677966101691,178759.0,155729.0,1555.5535107514604,239.3159247309939
1790040465.1176693,275.6541724000126,-3.3898305084745743,64.40677966101691,178900.0,155755.0,1230.9523900481697,238.84150851680906
1790040465.2314644,275.7679672000231,3.3898305084745743,64.40677966101691,179053.0,155771.0,1380.9471645012993,138.09471645012994
1790040465.3455765,275.8820787000004,10.169491525423723,64.40677966101691,179198.0,155796.0,1284.2775982018686,220.1618739774632
1790040465.4600976,275.99659940000856,16.94915254237287,64.40677966101691,179340.0,155814.0,1252.242839547568,137.10688024243447
1790040465.5762136,276.1127143999911,23.72881355932202,64.40677966101691,179474.0,155828.0,1137.9173943786468,117.40417561049532
1790040465.6899524,276.22645400004694,30.50847457627117,64.40677966101691,179614.0,155853.0,1245.624168591364,221.4442966384647
1790040465.8030138,276.3395146999974,37.28813559322032,64.40677966101691,179742.0,155875.0,1142.1206672769063,204.28174536660114
1790040465.9156759,276.4521767999977,44.06779661016947,64.40677966101691,179875.0,155900.0,1184.1160617590917,223.76996442691498
1790040466.0294042,276.5659053000272,50.847457627118644,64.40677966101691,180012.0,155934.0,1224.838998303115,294.6981048548848
1790040466.1415255,276.6780268000439,57.627118644067764,64.40677966101691,180132.0,155966.0,1047.5582071589438,280.59594834614563
1790040466.2546012,276.79110220004804,64.40677966101691,64.40677966101691,180248.0,156016.0,1000.4520557127988,453.90880305488093
1790040466.3693411,276.90584210003726,71.18644067796606,64.40677966101691,180364.0,156050.0,1004.0673854507459,310.3481009575033
1790040466.483517,277.020017700037,77.96610169491527,64.40677966101691,180472.0,156093.0,929.3380996329101,368.0546929239248
1790040466.597249,277.1337491000304,84.74576271186442,64.40677966101691,180568.0,156145.0,818.4394407921651,455.7219613501829
1790040466.711753,277.24825170001714,91.52542372881356,64.40677966101691,180669.0,156203.0,860.6536893178675,508.98874099443776
1790040466.8274362,277.36393620003946,98.30508474576271,64.40677966101691,180756.0,156254.0,768.7094023486075,449.97623552113606
1790040466.9399447,277.4764443000313,105.08474576271186,64.40677966101691,180839.0,156319.0,726.760437435147,577.6813733458861
1790040467.051949,277.58844830002636,111.86440677966101,64.40677966101691,180916.0,156383.0,711.0232936185996,561.3341791725786
1790040467.1643248,277.7008238999988,118.64406779661016,64.40677966101691,180978.0,156460.0,550.1519444735331,671.3718644422777
1790040467.2767913,277.81329030002235,125.42372881355931,64.40677966101691,181051.0,156542.0,642.7621258496931,726.6006640040008
1790040467.3898165,277.926315299992,132.20338983050846,64.40677966101691,181129.0,156634.0,694.7924839937722,843.0148805791102
1790040467.5032654,278.0397639000439,138.9830508474576,64.40677966101691,181191.0,156712.0,508.25545472766584,702.3166283509564
1790040467.6163356,278.15283360000467,145.76271186440675,64.40677966101691,181235.0,156791.0,398.25914462055664,713.1617240879735
1790040467.7298572,278.2663543000235,152.5423728813559,64.40677966101691,181289.0,156901.0,479.7185159228297,977.8877439965374
1790040467.8435695,278.38006650004536,159.32203389830505,64.40677966101691,181332.0,156993.0,343.9281803105721,817.991347765685
1790040467.959328,278.49582509999163,166.1016949152542,64.40677966101691,181375.0,157100.0,344.5911877486514,943.0916717331513
1790040468.0731206,278.6096175000421,172.88135593220335,64.40677966101691,181407.0,157210.0,276.2458919232427,920.8196397441424
1790040468.1848,278.7212969000102,179.66101694915255,64.40677966101691,181444.0,157309.0,337.97422005392957,873.1000684726513
1790040468.2972639,278.8337609000155,186.4406779661017,64.40677966101691,181462.0,157423.0,167.65427454084113,987.2973945182866
1790040468.4156215,278.9521180000156,193.22033898305085,64.40677966101691,181486.0,157548.0,195.96857012479114,1077.8271356863513
1790040468.530844,279.06733960000565,200.0,64.40677966101691,181513.0,157665.0,222.62666072042916,1029.6483058319848
1790040468.6449776,279.18147260003025,-200.0,71.18644067796606,181529.0,157777.0,137.66999956217722,982.0459968768641
1790040468.7591066,279.2956016000244,-193.22033898305085,71.18644067796606,181551.0,157901.0,202.47442150877322,1085.9991699106927
1790040468.8721402,279.40863459999673,-186.4406779661017,71.18644067796606,181576.0,158032.0,232.30681598320882,1152.2418072767157
1790040468.9870653,279.5235593999969,-179.66101694915255,71.18644067796606,181599.0,158152.0,210.20518773926077,1041.8865827076404
1790040469.1013806,279.63787440001033,-172.8813559322034,71.18644067796606,181636.0,158265.0,324.3344425945206,982.2700261434053
1790040469.2151084,279.7516031000414,-166.10169491525426,71.18644067796606,181665.0,158389.0,268.5834262212985,1065.0722074292873
1790040469.328501,279.8649950000108,-159.32203389830508,71.18644067796606,181724.0,158494.0,517.3372649888263,914.578379176675
1790040469.4436586,279.9801523000351,-152.54237288135593,71.18644067796606,181775.0,158594.0,436.5338845444227,845.784401304819
1790040469.559762,280.09625560004497,-145.76271186440678,71.18644067796606,181827.0,158697.0,415.5836645131371,858.2706114945222
1790040469.6735337,280.2100275999983,-138.98305084745763,71.18644067796606,181888.0,158806.0,543.2235622633153,975.9609762696851
1790040469.7849627,280.3214564000373,-132.20338983050848,71.18644067796606,181935.0,158918.0,422.9923607933564,1024.5814961439078
1790040469.9014757,280.4379693000228,-125.42372881355932,71.18644067796606,182006.0,159010.0,592.6032340623357,790.1376454164475
1790040470.0178876,280.55438049999066,-118.64406779661017,71.18644067796606,182078.0,159112.0,621.4206395422626,873.5913338492677
1790040470.1312933,280.6677847999963,-111.86440677966102,71.18644067796606,182166.0,159188.0,778.739665611362,695.3032728672875
1790040470.2491055,280.7855969000375,-105.08474576271186,71.18644067796606,182244.0,159259.0,627.4042694358762,599.3115409536729
1790040470.3628347,280.899327000021,-98.30508474576271,71.18644067796606,182328.0,159329.0,711.2296700842617,618.862180462929
1790040470.477236,281.0137279999908,-91.52542372881356,71.18644067796606,182425.0,159388.0,842.3581632058334,494.4276175338588
1790040470.5906522,281.1271438000258,-84.74576271186442,71.18644067796606,182524.0,159441.0,849.8743202150741,461.88821750819244
1790040470.7035484,281.2400384999928,-77.96610169491527,71.18644067796606,182645.0,159500.0,1021.2446747646668,492.05425238661223
1790040470.8171303,281.3536209000158,-71.18644067796612,71.18644067796606,182745.0,159559.0,911.8543865408167,511.75501285454
1790040470.9309902,281.4674803999951,-64.40677966101697,71.18644067796606,182847.0,159588.0,911.6315902586488,267.0435971464729
1790040471.0447423,281.581232800032,-57.62711864406779,71.18644067796606,182980.0,159619.0,1200.9947932290231,277.152644591313
1790040471.1591806,281.69567119999556,-50.847457627118644,71.18644067796606,183104.0,159655.0,1037.0911517595973,312.04512530819744
1790040471.2726383,281.80912839999655,-44.067796610169495,71.18644067796606,183209.0,159682.0,904.441175105568,239.95378115045685
1790040471.3864,281.9228898000438,-37.288135593220346,71.18644067796606,183288.0,159715.0,717.9623125187321,294.54864103332596
1790040471.4995282,282.03601820004405,-30.508474576271198,71.18644067796606,183417.0,159746.0,1147.3418217770816,286.8354554442704
1790040471.6125178,282.1490075000329,-23.72881355932205,71.18644067796606,183541.0,159762.0,1074.023356423037,138.88233057194444
1790040471.727928,282.26441740000155,-16.9491525423729,71.18644067796606,183701.0,159789.0,1408.6387971876447,237.82213459012183
1790040471.849857,282.38634610001463,-10.169491525423723,71.18644067796606,183862.0,159806.0,1352.6213627766963,149.31534524158334
1790040471.967706,282.50419380003586,-3.3898305084745743,71.18644067796606,184020.0,159839.0,1350.2565491238067,262.8016102321503
1790040472.0872004,282.62368810002226,3.3898305084745743,71.18644067796606,184179.0,159868.0,1324.8772660834404,246.70128402933028
1790040472.2067266,282.7432136000134,10.169491525423723,71.18644067796606,184335.0,159901.0,1412.1634342441282,258.4351382930431
1790040472.3231103,282.8595986000146,16.94915254237287,71.18644067796606,184482.0,159937.0,1288.0764940068739,308.41268166361766
1790040472.4355497,282.9720377000049,23.72881355932202,71.18644067796606,184613.0,159967.0,1174.8306519226544,261.0734782050343
1790040472.5493543,283.08584190002875,30.50847457627117,71.18644067796606,184762.0,160000.0,1315.0090352772024,294.2677561459474
1790040472.662464,283.19895140000153,37.28813559322032,71.18644067796606,184876.0,160026.0,1036.9199030878408,212.93890866982443
1790040472.7764711,283.31295809999574,44.06779661016947,71.18644067796606,185002.0,160064.0,1101.9101612069105,339.75563303879744
1790040472.8895926,283.4260792999994,50.847457627118644,71.18644067796606,185125.0,160096.0,1102.610406731581,277.9690101003986
1790040473.0023024,283.53878920001443,57.627118644067764,71.18644067796606,185258.0,160132.0,1170.6316398446475,306.59400091169334
1790040473.115044,283.65153050003573,64.40677966101691,71.18644067796606,185364.0,160161.0,929.2505782046122,260.19016189729143
1790040473.229138,283.7656241999939,71.18644067796606,71.18644067796606,185489.0,160213.0,1119.6954425548868,468.0694063139281
1790040473.3419058,283.87839230004465,77.96610169491527,71.18644067796606,185591.0,160268.0,901.0339597503433,492.31752439967215
1790040473.4559846,283.992470600002,84.74576271186442,71.18644067796606,185697.0,160317.0,936.9574602830054,431.7353003264829
1790040473.569399,284.10588470002403,91.52542372881356,71.18644067796606,185777.0,160378.0,702.3588165680022,517.5275490501069
1790040473.6821697,284.21865520003485,98.30508474576271,71.18644067796606,185865.0,160445.0,781.1119687564611,585.8339765673459
1790040473.7955549,284.3320401000092,105.08474576271186,71.18644067796606,185944.0,160517.0,683.7632111325063,609.8428639830461
1790040473.9103863,284.44687139999587,111.86440677966101,71.18644067796606,186030.0,160608.0,761.6775259166245,798.3848765632088
1790040474.0252283,284.56171179999365,118.64406779661016,71.18644067796606,186104.0,160688.0,657.8904696634588,704.2207844284911
1790040474.1400146,284.67649830004666,125.42372881355931,71.18644067796606,186166.0,160757.0,545.5665661025749,592.598166628659
1790040474.2537856,284.79026830004295,132.20338983050846,71.18644067796606,186215.0,160841.0,438.7766534701715,718.8468578128342
1790040474.3691735,284.9056567000225,138.9830508474576,71.18644067796606,186278.0,160921.0,571.4722879103902,709.7317124048394
1790040474.484328,285.0208106000209,145.76271186440675,71.18644067796606,186323.0,161000.0,393.1392626993714,703.9935634384092
1790040474.600353,285.13683640002273,152.5423728813559,71.18644067796606,186363.0,161109.0,334.4372777068664,958.1176064034552
1790040474.7142022,285.25068390002707,159.32203389830505,71.18644067796606,186405.0,161211.0,377.4269240463185,874.5257996195186
1790040474.8286095,285.3650916000479,166.1016949152542,71.18644067796606,186435.0,161328.0,266.1190121615253,1046.1230133246165
1790040474.9437313,285.4802132000332,172.88135593220335,71.18644067796606,186466.0,161443.0,274.51611958784474,979.1074931966463
1790040475.0591779,285.59566029999405,179.66101694915255,71.18644067796606,186507.0,161560.0,346.4839176737052,1002.9797616870414
1790040475.1732173,285.7096995000029,186.4406779661017,71.18644067796606,186534.0,161681.0,229.50919006360658,1046.561906690046
1790040475.2872949,285.82377720001386,193.22033898305085,71.18644067796606,186558.0,161811.0,220.24733778263302,1156.2985233588233
1790040475.4003685,285.93685019999975,200.0,71.18644067796606,186582.0,161931.0,222.38056553287305,1084.1052569727563
1790040475.5177383,286.0542201999924,-200.0,77.96610169491527,186616.0,162057.0,279.6291935890704,1073.4152915193347
1790040475.63033,286.1668112000334,-193.22033898305085,77.96610169491527,186642.0,162192.0,224.5027965106605,1234.7653808086327
1790040475.7454472,286.2819281000411,-186.4406779661017,77.96610169491527,186678.0,162322.0,313.4007390937641,1124.5555932188006
1790040475.858165,286.3946443000459,-179.66101694915255,77.96610169491527,186703.0,162426.0,232.7972169538269,921.8769791371545
1790040475.9723065,286.50878600002034,-172.8813559322034,77.96610169491527,186745.0,162540.0,360.2042633904916,942.0726888674395
1790040476.0874217,286.62390080001205,-166.10169491525426,77.96610169491527,186785.0,162647.0,338.441048979456,914.7055377823136
1790040476.2018383,286.7383175000432,-159.32203389830508,77.96610169491527,186826.0,162751.0,359.06047686785155,911.4612105107001
1790040476.3165405,286.85302010003943,-152.54237288135593,77.96610169491527,186883.0,162864.0,497.60183580667166,985.9888228021086
1790040476.429703,286.966181900003,-145.76271186440678,77.96610169491527,186909.0,162897.0,222.21399199637224,249.9907409959188
1790040476.5438654,287.0803436000133,-138.98305084745763,77.96610169491527,186965.0,163018.0,487.8322666046193,1076.912739485669
1790040476.658903,287.19538200000534,-132.20338983050848,77.96610169491527,186992.0,163065.0,192.15530536337374,393.46086336309867
1790040476.772505,287.30898299999535,-125.42372881355932,77.96610169491527,187060.0,163135.0,610.5553926422011,601.3045533597435
1790040476.8870623,287.4235406999942,-118.64406779661017,77.96610169491527,187137.0,163218.0,669.8575130061047,697.3859039515611
1790040477.0004976,287.5369761000038,-111.86440677966102,77.96610169491527,187233.0,163290.0,861.4931993627212,648.4357414558116
1790040477.1145656,287.6510438999976,-105.08474576271186,77.96610169491527,187333.0,163356.0,892.9639959883134,561.554677889558
1790040477.2277024,287.76418040000135,-98.30508474576271,77.96610169491527,187419.0,163414.0,750.1958847078381,500.13058980522544
1790040477.3411329,287.8776108000311,-91.52542372881356,77.96610169491527,187534.0,163479.0,1009.3873017250258,592.6677734899234
1790040477.4561112,287.99258890002966,-84.74576271186442,77.96610169491527,187623.0,163529.0,788.6391937737161,440.1707128039346
1790040477.5722163,288.10869210003875,-77.96610169491527,77.96610169491527,187742.0,163579.0,1019.6733223151963,455.21130460499836
1790040477.689186,288.22566170000937,-71.18644067796612,77.96610169491527,187845.0,163639.0,913.1535103113383,484.5304340427509
1790040477.8053713,288.34184690000257,-64.40677966101697,77.96610169491527,187957.0,163677.0,961.8863966669367,329.7896217143783
1790040477.9197035,288.4561796000344,-57.62711864406779,77.96610169491527,188083.0,163716.0,1081.2968910091338,351.1904432337358
1790040478.0311394,288.567615500011,-50.847457627118644,77.96610169491527,188220.0,163746.0,1250.7158703666366,272.71248301227416
1790040478.1438777,288.68035390001023,-44.067796610169495,77.96610169491527,188346.0,163771.0,1114.7443519132657,213.65933411670926
1790040478.2566006,288.79307630000403,-37.288135593220346,77.96610169491527,188452.0,163796.0,938.4271030986712,222.99257895413967
1790040478.3703873,288.90686280000955,-30.508474576271198,77.96610169491527,188587.0,163825.0,1177.6384854364924,248.40811802176012
1790040478.4838176,289.0202927000355,-23.72881355932205,77.96610169491527,188734.0,163853.0,1292.0969810768656,258.4193962153731
1790040478.5961838,289.13265889999457,-16.9491525423729,77.96610169491527,188895.0,163876.0,1453.9530274190765,205.04465771294667
1790040478.7085645,289.2450392000028,-10.169491525423723,77.96610169491527,189019.0,163893.0,1118.6787654628156,149.1571687283754
1790040478.8213086,289.35778320004465,-3.3898305084745743,77.96610169491527,189140.0,163913.0,1115.2509635824656,185.8751605970776
1790040478.9344232,289.470897399995,3.3898305084745743,77.96610169491527,189244.0,163936.0,935.5056823571763,213.03594746747578
1790040479.0482478,289.5847219999996,10.169491525423723,77.96610169491527,189342.0,163958.0,874.4155220811965,184.08747833288348
1790040479.1619291,289.6984032000182,16.94915254237287,77.96610169491527,189490.0,163987.0,1311.703163673331,267.88304046849714
1790040479.274766,289.8112397000077,23.72881355932202,77.96610169491527,189605.0,164010.0,985.1200406234253,213.7524616447055
1790040479.389,289.9254737000447,30.50847457627117,77.96610169491527,189728.0,164049.0,1072.288758743941,329.93500269044335
1790040479.5084026,290.04487600002903,37.28813559322032,77.96610169491527,189852.0,164077.0,998.2967117445729,220.86210436826835
1790040479.6224635,290.1589353000163,44.06779661016947,77.96610169491527,189968.0,164104.0,1025.5271585856624,254.029663135898
1790040479.7393043,290.27577619999647,50.847457627118644,77.96610169491527,190095.0,164143.0,1109.1579160858785,363.50553552394337
1790040479.8526495,290.3891207000124,57.627118644067764,77.96610169491527,190207.0,164176.0,995.6257601983447,269.8424957546915
1790040479.9676657,290.50413660000777,64.40677966101691,77.96610169491527,190303.0,164220.0,840.4743196850148,392.83038854843085
1790040480.0833824,290.6198527000379,71.18644067796606,77.96610169491527,190416.0,164268.0,993.4595721445137,437.48678406363905
1790040480.1969874,290.73345790000167,77.96610169491527,77.96610169491527,190515.0,164329.0,882.5223418361194,538.8031139631045
1790040480.311591,290.8480611999985,84.74576271186442,77.96610169491527,190610.0,164398.0,802.3691099792156,581.0259072263285
1790040480.4266298,290.96309930004645,91.52542372881356,77.96610169491527,190676.0,164464.0,568.5950294176369,586.9368045601412
1790040480.540656,291.0771266000229,98.30508474576271,77.96610169491527,190763.0,164529.0,745.4863563515089,552.2121158159325
1790040480.6544845,291.19095439999364,105.08474576271186,77.96610169491527,190840.0,164609.0,637.0367634140304,710.8960983026136
1790040480.7667787,291.3032487000455,111.86440677966101,77.96610169491527,190903.0,164689.0,570.3674473576712,691.921165647011
1790040480.8798504,291.416320600023,118.64406779661016,77.96610169491527,190951.0,164772.0,398.2975097508083,768.806821146909
1790040480.993313,291.52978320000693,125.42372881355931,77.96610169491527,190998.0,164855.0,387.64555179106765,729.1428236070082
1790040481.1073666,291.6438363000052,132.20338983050846,77.96610169491527,191055.0,164939.0,486.4130160896142,725.03072209584
1790040481.2197618,291.756231700012,138.9830508474576,77.96610169491527,191108.0,165052.0,456.9620974776222,979.2044945949048
1790040481.332748,291.8692175000324,145.76271186440675,77.96610169491527,191141.0,165144.0,287.43625397812525,806.675938583771
1790040481.450849,291.987318200001,152.5423728813559,77.96610169491527,191182.0,165246.0,341.87788134560606,854.6947033640151
1790040481.571031,292.10749890003353,159.32203389830505,77.96610169491527,191206.0,165355.0,186.07338205200472,912.6456357788803
1790040481.6868439,292.22331170004327,166.1016949152542,77.96610169491527,191242.0,165487.0,314.29186812928634,1164.7286877732377
1790040481.8031542,292.3396209999919,172.88135593220335,77.96610169491527,191262.0,165596.0,184.74095160909206,914.4677104650058
1790040481.917656,292.45412300003227,179.66101694915255,77.96610169491527,191290.0,165732.0,249.0963339382204,1171.6753485242218
1790040482.0320773,292.5685446000425,186.4406779661017,77.96610169491527,191313.0,165848.0,201.91062522337293,1018.7308818088362
1790040482.1468008,292.6832673000172,193.22033898305085,77.96610169491527,191337.0,165928.0,201.85708514334783,688.1491538977767
1790040482.2609541,292.7974201000179,200.0,77.96610169491527,191360.0,166060.0,193.33883275731316,1187.6528297949235
1790040482.3742976,292.91076360002626,-200.0,84.74576271186442,191384.0,166173.0,223.25269880967866,976.7305572923441
1790040482.4887495,293.02521610003896,-193.22033898305085,84.74576271186442,191400.0,166245.0,147.32313855275837,616.9156426896757
1790040482.6008668,293.1373319000122,-186.4406779661017,84.74576271186442,191425.0,166350.0,233.64616994884327,943.9305265933267
1790040482.715595,293.2520613000379,-179.66101694915255,84.74576271186442,191454.0,166454.0,265.2265170955313,914.5741968811423
1790040482.8287375,293.36520350002684,-172.8813559322034,84.74576271186442,191496.0,166557.0,342.6046472687066,916.698921070323
1790040482.941489,293.47795250004856,-166.10169491525426,84.74576271186442,191538.0,166663.0,380.8479905765947,901.0306118519436
1790040483.0547307,293.591196399997,-159.32203389830508,84.74576271186442,191578.0,166751.0,341.95111750950593,767.0795338726755
1790040483.1699219,293.7063873000443,-152.54237288135593,84.74576271186442,191631.0,166871.0,474.2967638006929,1030.6833521053518
1790040483.284746,293.8212113000336,-145.76271186440678,84.74576271186442,191693.0,166967.0,519.9970805727199,839.2935335559691
1790040483.3992546,293.9357200000086,-138.98305084745763,84.74576271186442,191758.0,167053.0,589.0284253443932,773.0998082645161
1790040483.5195951,294.0560601000325,-132.20338983050848,84.74576271186442,191807.0,167117.0,391.8306864443312,543.2198152978228
1790040483.634288,294.1707521000062,-125.42372881355932,84.74576271186442,191890.0,167202.0,728.2884759601102,765.1638418315082
1790040483.751218,294.28768210002454,-118.64406779661017,84.74576271186442,191958.0,167280.0,573.5148970794277,619.7660984568009
1790040483.8653886,294.4018525000429,-111.86440677966102,84.74576271186442,192030.0,167342.0,659.5123509815919,538.7565684074976
1790040483.9794564,294.5159199000336,-105.08474576271186,84.74576271186442,192139.0,167414.0,974.5450668969773,625.1798542357968
1790040484.0932348,294.6296980000334,-98.30508474576271,84.74576271186442,192242.0,167479.0,929.5442288861378,570.6113088211936
1790040484.20532,294.74178320000647,-91.52542372881356,84.74576271186442,192346.0,167536.0,869.8685937730537,514.438415672236
1790040484.317385,294.8538478999981,-84.74576271186442,84.74576271186442,192473.0,167584.0,1131.2820037675333,430.07415019261595
1790040484.4305153,294.96697680000216,-77.96610169491527,84.74576271186442,192582.0,167623.0,971.7498438280957,351.6808958615965
1790040484.546349,295.08281009999337,-71.18644067796612,84.74576271186442,192718.0,167668.0,1188.2933004484057,393.0508609175496
1790040484.6600595,295.19652170001063,-64.40677966101697,84.74576271186442,192861.0,167702.0,1264.3181725455854,286.0865937876872
1790040484.7744775,295.3109381000395,-57.62711864406779,84.74576271186442,192984.0,167748.0,1061.2331528794205,411.6852748239131
1790040484.8892627,295.42572320002364,-50.847457627118644,84.74576271186442,193141.0,167782.0,1363.5387878653648,313.24539721231355
1790040485.0046945,295.5411556000472,-44.067796610169495,84.74576271186442,193294.0,167805.0,1312.819316022689,209.6864185314017
1790040485.119501,295.6559610000113,-37.288135593220346,84.74576271186442,193440.0,167832.0,1292.8923924926341,238.40568939580487
1790040485.2326028,295.7690637999913,-30.508474576271198,84.74576271186442,193589.0,167858.0,1346.6537507942303,232.181681171419
1790040485.347352,295.88381309999386,-23.72881355932205,84.74576271186442,193710.0,167888.0,1052.0095210882653,237.8456308547382
1790040485.4620945,295.9985555000021,-16.9491525423729,84.74576271186442,193856.0,167906.0,1248.5577790651514,154.93052732925236
1790040485.5765226,296.1129828999983,-10.169491525423723,84.74576271186442,194006.0,167927.0,1262.1123916959764,182.91483937622846
1790040485.6918504,296.22830980003346,-3.3898305084745743,84.74576271186442,194147.0,167954.0,1197.4081556781346,235.85312157296588
1790040485.8076138,296.34407430002466,3.3898305084745743,84.74576271186442,194312.0,167973.0,1447.1806537857765,174.02805330335286
1790040485.926117,296.46257690002676,10.169491525423723,84.74576271186442,194461.0,167993.0,1254.3431634239864,170.23228646468388
1790040486.0394907,296.57595030002994,16.94915254237287,84.74576271186442,194588.0,168015.0,1112.307872031896,194.6538776055818
1790040486.153168,296.68962610000744,23.72881355932202,84.74576271186442,194726.0,168041.0,1179.4248862855227,204.30982282111415
1790040486.2707431,296.8072008000454,30.50847457627117,84.74576271186442,194845.0,168077.0,1050.9547093958831,322.6615335864554
1790040486.385729,296.92218640004285,37.28813559322032,84.74576271186442,194960.0,168112.0,1001.7866730055827,312.48391635036523
1790040486.4995384,297.0359960999922,44.06779661016947,84.74576271186442,195075.0,168146.0,977.9842823161358,304.46680487200456
1790040486.6145873,297.1510445000022,50.847457627118644,84.74576271186442,195194.0,168192.0,1027.5568731784292,403.6830573200972
1790040486.7296972,297.2661552000209,57.627118644067764,84.74576271186442,195243.0,168214.0,385.5067807732257,183.57465751105988
1790040486.8432295,297.37968640000327,64.40677966101691,84.74576271186442,195344.0,168267.0,885.657877899494,461.2801447393198
1790040486.9596014,297.4960578000173,71.18644067796606,84.74576271186442,195431.0,168321.0,735.2213696630986,462.91715867676584
1790040487.0719435,297.60840050003026,77.96610169491527,84.74576271186442,195511.0,168378.0,692.0557610401993,514.3657683406886
1790040487.1861985,297.7226554999943,84.74576271186442,84.74576271186442,195583.0,168452.0,632.8370911446117,669.5232993269079
1790040487.2997992,297.8362562000402,91.52542372881356,84.74576271186442,195663.0,168530.0,702.4062032705178,702.4062032705178
1790040487.4121823,297.9486390000093,98.30508474576271,84.74576271186442,195753.0,168608.0,801.7033400022987,652.5492302344292
1790040487.5259888,298.0624453999917,105.08474576271186,84.74576271186442,195820.0,168681.0,579.7069441795798,607.3120367595596
1790040487.6425877,298.17904390004696,111.86440677966101,84.74576271186442,195874.0,168765.0,475.7779641881821,745.0862458041344
1790040487.7598817,298.296337900043,118.64406779661016,84.74576271186442,195926.0,168849.0,431.6224598739243,746.3471701986608
1790040487.8794434,298.4158992000157,125.42372881355931,84.74576271186442,195976.0,168957.0,433.42234702735357,893.3807561176063
1790040487.9949741,298.53142840001965,132.20338983050846,84.74576271186442,196019.0,169047.0,370.5484394139012,833.7339886812778
1790040488.113397,298.6498505999916,138.9830508474576,84.74576271186442,196074.0,169158.0,444.4958908496152,944.5537680554322
1790040488.2282152,298.764668799995,145.76271186440675,84.74576271186442,196113.0,169286.0,324.1115870778444,1166.8017134802399
1790040488.342713,298.8791663000011,152.5423728813559,84.74576271186442,196142.0,169413.0,229.2688250978991,1146.3441254894956
1790040488.4575703,298.9940231000073,159.32203389830505,84.74576271186442,196185.0,169521.0,386.1046453889124,882.5249037460856
1790040488.5732043,299.1096571999951,166.1016949152542,84.74576271186442,196220.0,169638.0,300.8648497825383,1021.1170659286147
1790040488.6879537,299.2244075000053,172.88135593220335,84.74576271186442,196241.0,169754.0,193.32228029812376,1012.6405158473149
1790040488.8007665,299.33721960004186,179.66101694915255,84.74576271186442,196263.0,169877.0,195.19467882550242,1096.808195305204
1790040488.9134004,299.4498534000013,186.4406779661017,84.74576271186442,196294.0,169993.0,289.12866879864987,1007.2869751694899
1790040489.0268073,299.5632599000237,193.22033898305085,84.74576271186442,196328.0,170120.0,313.9958090830329,1098.9853317906152
1790040489.1403055,299.67675830004737,200.0,84.74576271186442,196357.0,170233.0,267.62321967248755,978.2090098373683
1790040489.2533052,299.7897578999982,-200.0,91.52542372881356,196391.0,170357.0,287.2487498938511,1084.1323786316316
1790040489.3661585,299.9026111999992,-193.22033898305085,91.52542372881356,196412.0,170490.0,176.43300740862497,1179.3153653102827
1790040489.477811,300.01426349999383,-186.4406779661017,91.52542372881356,196448.0,170609.0,328.2498374446716,1041.0209130388155
1790040489.590586,300.1270378000336,-179.66101694915255,91.52542372881356,196488.0,170720.0,371.53209620312987,956.6951477230594
1790040489.7061157,300.24256800004514,-172.8813559322034,91.52542372881356,196531.0,170814.0,380.2994042425538,823.9820425255333
1790040489.8205879,300.35703940002713,-166.10169491525426,91.52542372881356,196576.0,170907.0,378.1747075962524,839.3633753965603
1790040489.9359162,300.47236770001473,-159.32203389830508,91.52542372881356,196647.0,171023.0,603.9559113770543,1034.0457270546538
1790040490.054639,300.59109020000324,-152.54237288135593,91.52542372881356,196709.0,171150.0,553.5606200659324,1070.8221830783611
1790040490.1692176,300.70566820004024,-145.76271186440678,91.52542372881356,196779.0,171244.0,625.8265742587959,809.893213746677
1790040490.2822893,300.81873850000557,-138.98305084745763,91.52542372881356,196865.0,171318.0,783.5937848687317,662.3233181628566
1790040490.401281,300.9377298000036,-132.20338983050848,91.52542372881356,196946.0,171410.0,721.7651042933445,758.7786993853108
1790040490.515211,301.05165979999583,-125.42372881355932,91.52542372881356,197033.0,171483.0,769.7287031257338,649.1687857686911
1790040490.6296346,301.1660834000213,-118.64406779661017,91.52542372881356,197119.0,171541.0,773.3439391394993,515.5626260929995
1790040490.743398,301.27984730002936,-111.86440677966102,91.52542372881356,197202.0,171596.0,757.5610599654196,471.16602510044396
1790040490.8576715,301.3941196000087,-105.08474576271186,91.52542372881356,197309.0,171649.0,961.8291242934384,467.1741460853844
1790040490.9722018,301.50864940002793,-98.30508474576271,91.52542372881356,197417.0,171714.0,934.5932760721512,573.7107239254789
1790040491.0878518,301.6242991000181,-91.52542372881356,91.52542372881356,197540.0,171770.0,1081.7391432584013,504.2004481289159
1790040491.2028139,301.73926220001886,-84.74576271186442,91.52542372881356,197657.0,171818.0,1034.0296411119518,430.08312506426313
1790040491.3158784,301.8523264999967,-77.96610169491527,91.52542372881356,197768.0,171868.0,1000.6402243920755,444.7289886187002
1790040491.429676,301.9661240000278,-71.18644067796612,91.52542372881356,197913.0,171908.0,1288.3751748579396,349.70183317572645
1790040491.542756,302.079203900008,-64.40677966101697,91.52542372881356,198046.0,171943.0,1176.3627051160736,305.6690493608695
1790040491.6548767,302.19132440001704,-57.62711864406779,91.52542372881356,198184.0,171976.0,1224.680204242525,308.50722702292614
1790040491.7685838,302.30503099999623,-50.847457627118644,91.52542372881356,198335.0,172001.0,1345.1311774128046,230.33068106383638
1790040491.88169,302.4181372000021,-44.067796610169495,91.52542372881356,198475.0,172023.0,1250.0532433276935,185.19307308558422
1790040491.996438,302.53288499999326,-37.288135593220346,91.52542372881356,198622.0,172051.0,1285.7525842310727,227.97031635302707
1790040492.1102326,302.6466795000015,-30.508474576271198,91.52542372881356,198724.0,172072.0,883.1963616145531,165.5993178027287
1790040492.2286856,302.7651322000311,-23.72881355932205,91.52542372881356,198894.0,172108.0,1474.69951908037,321.752622344808
1790040492.343957,302.8804015000351,-16.9491525423729,91.52542372881356,199057.0,172129.0,1408.2782836940871,184.0886645351748
1790040492.4624808,302.9989255000255,-10.169491525423723,91.52542372881356,199206.0,172158.0,1205.639424490856,222.57958605985033
1790040492.5768073,303.11325140000554,-3.3898305084745743,91.52542372881356,199342.0,172183.0,1141.2337014046623,213.40142383989618
1790040492.690872,303.22731740004383,3.3898305084745743,91.52542372881356,199490.0,172204.0,1342.67713135053,185.19684570352138
1790040492.8051505,303.34159440000076,10.169491525423723,91.52542372881356,199649.0,172232.0,1419.277450064622,247.22897517254705
1790040492.919841,303.45628440001747,16.94915254237287,91.52542372881356,199773.0,172262.0,1045.54350813384,275.14302845627367
1790040493.033443,303.569887700025,23.72881355932202,91.52542372881356,199892.0,172297.0,1051.1422567589232,297.6686036839429
1790040493.1455076,303.68195230001584,30.50847457627117,91.52542372881356,200014.0,172341.0,1075.3251221904284,383.3767826939788
1790040493.2587898,303.79523380001774,37.28813559322032,91.52542372881356,200129.0,172395.0,1026.5820000852623,462.4243243627307
1790040493.3733578,303.9098020000383,44.06779661016947,91.52542372881356,200252.0,172445.0,1099.733955857764,439.8935823431056
1790040493.486195,304.02263920003315,50.847457627118644,91.52542372881356,200331.0,172496.0,696.6731534937708,436.5818428560964
1790040493.600055,304.136498900014,57.627118644067764,91.52542372881356,200416.0,172556.0,763.2871744016094,542.5776299963247
1790040493.7146509,304.2510944000096,64.40677966101691,91.52542372881356,200541.0,172627.0,1108.2047454068318,622.792749484831
1790040493.829817,304.3662605000427,71.18644067796606,91.52542372881356,200627.0,172689.0,709.0909091809626,545.4545455238174
1790040493.9442117,304.4806532000075,77.96610169491527,91.52542372881356,200706.0,172763.0,673.2870146943527,673.2870146943527
1790040494.06317,304.5996115000453,84.74576271186442,91.52542372881356,200734.0,172794.0,231.5702501132755,250.09587012233754
1790040494.1815746,304.71801539999433,91.52542372881356,91.52542372881356,200767.0,172834.0,304.29414367860477,350.3993169632418
1790040494.2966955,304.833136500034,98.30508474576271,91.52542372881356,200830.0,172914.0,533.7740959041209,671.8191207069108
1790040494.411491,304.9479324000422,105.08474576271186,91.52542372881356,200886.0,172994.0,486.46614463911703,706.7527007021134
1790040494.5254455,305.06188620004104,111.86440677966101,91.52542372881356,200933.0,173097.0,376.57933708734043,900.1164642575454
1790040494.6407945,305.17723460000707,118.64406779661016,91.52542372881356,200986.0,173192.0,456.88428672053755,858.9424590346106
1790040494.7554445,305.2918857000186,125.42372881355931,91.52542372881356,201039.0,173267.0,466.65220965713996,640.5030328627411
1790040494.8684995,305.404940300039,132.20338983050846,91.52542372881356,201077.0,173353.0,314.99943951222286,778.2339093831389
1790040494.9805598,305.5170001999941,138.9830508474576,91.52542372881356,201119.0,173471.0,373.9561946380629,1065.7751547184794
1790040495.0933588,305.6297992000473,145.76271186440675,91.52542372881356,201149.0,173580.0,269.3462593736302,1003.0826211155882
1790040495.2053847,305.7418248000322,152.5423728813559,91.52542372881356,201184.0,173699.0,308.5807902550666,1028.6026341835552
1790040495.3185096,305.85494960000506,159.32203389830505,91.52542372881356,201213.0,173807.0,268.55929974803325,953.8485473809458
1790040495.4316745,305.96811439999146,166.1016949152542,91.52542372881356,201237.0,173922.0,212.77796429680055,1008.3825264500548
1790040495.5444634,306.0809030000237,172.88135593220335,91.52542372881356,201266.0,174022.0,269.0668667789363,881.4259428965154
1790040495.658383,306.19482209999114,179.66101694915255,91.52542372881356,201306.0,174143.0,358.9699219254137,1049.2966948589017
1790040495.773125,306.30956409999635,186.4406779661017,91.52542372881356,201341.0,174263.0,319.31888360960363,1021.8204275507317
1790040495.8890686,306.42550760001177,193.22033898305085,91.52542372881356,201367.0,174398.0,190.98201138764455,1173.1752128098165
1790040496.0091949,306.54563300003065,200.0,91.52542372881356,201391.0,174509.0,193.78257424485224,889.6381817604581
1790040496.12641,306.6628469999996,-200.0,98.30508474576271,201420.0,174620.0,248.69916519634083,902.6858588607926
1790040496.2482648,306.7847017000313,-193.22033898305085,98.30508474576271,201446.0,174703.0,227.95784414981088,683.8735324494327
1790040496.3623006,306.89873780001653,-186.4406779661017,98.30508474576271,201483.0,174809.0,340.62579408021645,902.1980491854381
1790040496.4757075,307.01214500004426,-179.66101694915255,98.30508474576271,201522.0,174899.0,350.9209364750514,775.7199648395873
1790040496.5908759,307.1273117000237,-172.8813559322034,98.30508474576271,201574.0,175012.0,463.3562436128454,990.3104030156891
1790040496.7049065,307.24134320003213,-166.10169491525426,98.30508474576271,201638.0,175112.0,583.8420327913285,880.396716113908
1790040496.8183703,307.35480680002365,-159.32203389830508,98.30508474576271,201697.0,175212.0,527.8051456239747,879.6752427066244
1790040496.9322321,307.4686672000098,-152.54237288135593,98.30508474576271,201775.0,175284.0,682.4320772130699,636.3218017257002
1790040497.0472405,307.5836762000108,-145.76271186440678,98.30508474576271,201814.0,175339.0,339.4816206321425,458.7589468001926
1790040497.160682,307.69711730000563,-138.98305084745763,98.30508474576271,201863.0,175398.0,444.3222558209242,518.3759651244116
1790040497.2734265,307.8098622999969,-132.20338983050848,98.30508474576271,201944.0,175487.0,733.4645523359467,807.7394437117387
1790040497.38715,307.9235857000458,-125.42372881355932,98.30508474576271,202027.0,175568.0,708.4140266550511,745.2147553124563
1790040497.501344,308.03777960001025,-118.64406779661017,98.30508474576271,202103.0,175629.0,641.6284898791965,549.9672770393113
1790040497.6159902,308.15242570004193,-111.86440677966102,98.30508474576271,202203.0,175686.0,899.1749608669603,486.2884992443765
1790040497.7348611,308.271296299994,-105.08474576271186,98.30508474576271,202319.0,175754.0,1004.8874880105197,569.1398162183475
1790040497.848644,308.38507730001584,-98.30508474576271,98.30508474576271,202431.0,175810.0,941.1580528132446,512.5118109379055
1790040497.968509,308.50494150002487,-91.52542372881356,98.30508474576271,202567.0,175855.0,1193.4499789716028,394.7565315059917
1790040498.0833051,308.61973790003685,-84.74576271186442,98.30508474576271,202704.0,175899.0,1199.9405565101908,387.6731028725232
1790040498.1973646,308.733798500034,-77.96610169491527,98.30508474576271,202833.0,175934.0,1120.8166211286898,314.9402075898798
1790040498.31056,308.8469924000092,-71.18644067796612,98.30508474576271,202959.0,175967.0,1137.620652606375,277.4684518552134
1790040498.4239407,308.96037280000746,-64.40677966101697,98.30508474576271,203084.0,176017.0,1154.6752706940658,428.3472778381212
1790040498.5386367,309.075069500017,-57.62711864406779,98.30508474576271,203206.0,176038.0,1058.5371012061098,174.88873846013988
1790040498.6530561,309.1894885000074,-50.847457627118644,98.30508474576271,203383.0,176075.0,1569.563321719562,339.6131163954608
1790040498.7667499,309.3031828000094,-44.067796610169495,98.30508474576271,203520.0,176102.0,1199.7912926609604,251.1191077662475
1790040498.8788383,309.41527090000454,-37.288135593220346,98.30508474576271,203667.0,176120.0,1262.9924502552522,159.04349373584657
1790040498.992298,309.52873040002305,-30.508474576271198,98.30508474576271,203808.0,176134.0,1237.2009715942,129.25980300237907
1790040499.1064122,309.64284450002015,-23.72881355932205,98.30508474576271,203937.0,176162.0,1128.5791096102505,256.91231763485376
1790040499.2203467,309.7567784000421,-16.9491525423729,98.30508474576271,204080.0,176178.0,1221.8155628740017,146.98533087206033
1790040499.335714,309.8721458000364,-10.169491525423723,98.30508474576271,204238.0,176197.0,1391.2839721482878,164.7573124912446
1790040499.4562674,309.9926987999934,-3.3898305084745743,98.30508474576271,204382.0,176215.0,1226.6423204973999,140.18769377113142
1790040499.5708847,310.10731520003174,3.3898305084745743,98.30508474576271,204531.0,176240.0,1250.2033882249846,229.81679930606336
1790040499.6928847,310.2293146000011,10.169491525423723,98.30508474576271,204682.0,176275.0,1243.4774998086114,276.32833329080256
1790040499.811645,310.34807470004307,16.94915254237287,98.30508474576271,204786.0,176309.0,925.7334851134482,299.50200988964497
1790040499.9245281,310.4609575000359,23.72881355932202,98.30508474576271,204924.0,176346.0,1200.263499946577,316.34851936576445
1790040500.038477,310.5749064999982,30.50847457627117,98.30508474576271,205033.0,176391.0,955.5573080694486,398.9219829804494
1790040500.151482,310.68791179999243,37.28813559322032,98.30508474576271,205119.0,176433.0,802.6655964377222,391.9994773300504
1790040500.2645895,310.8010188000044,44.06779661016947,98.30508474576271,205227.0,176476.0,953.8971327092249,379.70662564153616
1790040500.3776958,310.9141249000095,50.847457627118644,98.30508474576271,205317.0,176531.0,787.6766598042838,491.13956434855345
1790040500.4907787,311.02720780001255,57.627118644067764,98.30508474576271,205405.0,176589.0,815.132565731634,518.7207236474035
1790040500.6024885,311.13891750003677,64.40677966101691,98.30508474576271,205440.0,176615.0,243.8580595329763,206.3414349894415
1790040500.714593,311.2510217000381,71.18644067796606,98.30508474576271,205506.0,176674.0,598.5548639709069,533.0879257240889
1790040500.8280253,311.3644535000203,77.96610169491527,98.30508474576271,205585.0,176724.0,710.961080917157,452.42977876546354
1790040500.941446,311.4778745000367,84.74576271186442,98.30508474576271,205656.0,176796.0,628.1029902590369,646.5766076195968
1790040501.05456,311.5909879000392,91.52542372881356,98.30508474576271,205717.0,176886.0,546.3372715715263,768.5761617023168
1790040501.1724575,311.70888540003216,98.30508474576271,98.30508474576271,205768.0,176954.0,452.04189988865426,567.2682665269386
1790040501.2844133,311.8208411000087,105.08474576271186,98.30508474576271,205812.0,177032.0,403.1460391886594,712.5371855427468
1790040501.4011898,311.937616900017,111.86440677966101,98.30508474576271,205863.0,177120.0,433.0898707656214,748.884568198887
1790040501.5153418,312.0517672999995,118.64406779661016,98.30508474576271,205895.0,177206.0,268.5528335560932,740.8354029133607
1790040501.6338153,312.17024180002045,125.42372881355931,98.30508474576271,205939.0,177326.0,382.4972968207685,1044.8706644860017
1790040501.746954,312.2833796000341,132.20338983050846,98.30508474576271,205980.0,177442.0,342.49586920036285,1027.4876076010885
1790040501.860718,312.3971439000452,138.9830508474576,98.30508474576271,206008.0,177528.0,258.464958214827,747.7022005500353
1790040501.9774804,312.5139046999975,145.76271186440675,98.30508474576271,206044.0,177642.0,314.46004065277066,979.3184123186286
1790040502.090682,312.627108100045,152.5423728813559,98.30508474576271,206074.0,177753.0,250.6160978536876,1011.7464691130351
1790040502.2056653,312.7420900000143,159.32203389830505,98.30508474576271,206109.0,177853.0,264.74347276246795,849.0049298934317
1790040502.323528,312.8599523000303,166.1016949152542,98.30508474576271,206135.0,177985.0,213.70641734636436,1121.958691068413
1790040502.4386683,312.97509260004153,172.88135593220335,98.30508474576271,206166.0,178112.0,256.8076968936406,1100.6044152584595
1790040502.5536983,313.09012250002706,179.66101694915255,98.30508474576271,206196.0,178245.0,276.31382619406213,1188.1494526344673
1790040502.6665099,313.2029346000054,186.4406779661017,98.30508474576271,206210.0,178364.0,130.4812614987962,1006.5697315621421
1790040502.7796173,313.31604180001887,193.22033898305085,98.30508474576271,206236.0,178482.0,203.66014304554855,1055.3298321451152
1790040502.8936403,313.43006430001697,200.0,98.30508474576271,206269.0,178590.0,284.66038637225245,936.6244970957985
1790040503.0082865,313.54471010004636,-200.0,105.08474576271186,206308.0,178701.0,329.2533357129674,960.3222291628215
1790040503.1222298,313.658653600025,-193.22033898305085,105.08474576271186,206353.0,178803.0,368.0550315874576,920.1375789686441
1790040503.2406588,313.77708210004494,-186.4406779661017,105.08474576271186,206403.0,178917.0,437.34575739595147,955.0203273748327
1790040503.3564236,313.8928470000392,-179.66101694915255,105.08474576271186,206452.0,179008.0,433.0563921005431,820.0429552542199
1790040503.4702153,314.00663700001314,-172.8813559322034,105.08474576271186,206510.0,179098.0,507.76558198390836,757.0323222305543
1790040503.5880263,314.1244474000414,-166.10169491525426,105.08474576271186,206569.0,179186.0,503.7872674521727,737.0221134948453
1790040503.7027767,314.2391989000025,-159.32203389830508,105.08474576271186,206633.0,179285.0,543.3586377338045,874.8995014357869
1790040503.819082,314.3555021000211,-152.54237288135593,105.08474576271186,206704.0,179375.0,613.653612407567,767.0670155094589
1790040503.9340923,314.4705130000366,-145.76271186440678,105.08474576271186,206788.0,179457.0,726.4301020368023,717.234784289501
1790040504.047499,314.5839195000008,-138.98305084745763,105.08474576271186,206858.0,179525.0,641.3193706843753,594.8469525188408
1790040504.1602478,314.6966688000248,-132.20338983050848,105.08474576271186,206946.0,179610.0,801.555390520686,754.9533329322741
1790040504.274496,314.8109163000481,-125.42372881355932,105.08474576271186,207039.0,179670.0,827.1511445322757,533.0529598096888
1790040504.3894548,314.9258741000085,-118.64406779661017,105.08474576271186,207140.0,179721.0,902.3517310424947,432.76052407140054
1790040504.5034885,315.03990870004054,-111.86440677966102,105.08474576271186,207237.0,179780.0,812.639499289508,517.134226820596
1790040504.6190057,315.1554260000121,-105.08474576271186,105.08474576271186,207371.0,179823.0,1151.8814668380176,371.867245199675
1790040504.7330387,315.2694588000304,-98.30508474576271,105.08474576271186,207501.0,179864.0,1111.2856107270115,358.1829654409376
1790040504.8457885,315.3822080999962,-91.52542372881356,105.08474576271186,207618.0,179903.0,1040.4995883818237,334.44629626558617
1790040504.95755,315.4939694000059,-84.74576271186442,105.08474576271186,207758.0,179953.0,1247.055823309845,440.68889996663694
1790040505.0706177,315.6070369000081,-77.96610169491527,105.08474576271186,207877.0,179990.0,1040.5672582598354,315.8864891145929
1790040505.183343,315.7197621000232,-71.18644067796612,105.08474576271186,208033.0,180011.0,1384.2566356783466,185.80625982259684
1790040505.2983983,315.83481710002525,-64.40677966101697,105.08474576271186,208128.0,180030.0,823.7126743142679,173.8948979107899
1790040505.4119368,315.948355600005,-57.62711864406779,105.08474576271186,208271.0,180054.0,1255.0351365857036,193.7921902080866
1790040505.5249798,316.06139750004513,-50.847457627118644,105.08474576271186,208423.0,180090.0,1346.2209055916956,336.5552263979239
1790040505.64079,316.17720780003583,-44.067796610169495,105.08474576271186,208579.0,180114.0,1385.5289808201328,203.2109171869528
1790040505.7565415,316.29295930004446,-37.288135593220346,105.08474576271186,208698.0,180135.0,1040.6699332867781,174.9799002871574
1790040505.8706589,316.4070764000062,-30.508474576271198,105.08474576271186,208859.0,180164.0,1441.0703205719922,247.82737997097954
1790040505.9837382,316.5201555000385,-23.72881355932205,105.08474576271186,208994.0,180182.0,1167.3000347280713,166.75714781829592
1790040506.098207,316.6346240999992,-16.9491525423729,105.08474576271186,209120.0,180221.0,1115.5581034598847,310.8932419478367
1790040506.2123654,316.74878210003953,-10.169491525423723,105.08474576271186,209269.0,180243.0,1265.5035648536564,183.4063137469067
1790040506.3243282,316.86074480001116,-3.3898305084745743,105.08474576271186,209414.0,180272.0,1281.3138610737517,252.5217098466518
1790040506.4364367,316.97285300004296,3.3898305084745743,105.08474576271186,209568.0,180312.0,1374.2209239825988,355.24078307033164
1790040506.5503066,317.08672080002725,10.169491525423723,105.08474576271186,209696.0,180339.0,1121.805039676384,239.0732051769343
1790040506.664355,317.2007703999989,16.94915254237287,105.08474576271186,209816.0,180371.0,1053.2487131073024,260.9819820088891
1790040506.7787397,317.3151551000192,23.72881355932202,105.08474576271186,209941.0,180401.0,1092.0947942059274,256.96348098963
1790040506.8915195,317.4279349000426,30.50847457627117,105.08474576271186,210053.0,180452.0,993.6914522091066,464.3418000977134
1790040507.0053697,317.5417841000017,37.28813559322032,105.08474576271186,210152.0,180509.0,855.2589228327054,487.4056226896063
1790040507.1204145,317.65682790003484,44.06779661016947,105.08474576271186,210263.0,180570.0,960.0877791005979,539.4778949231932
1790040507.2358115,317.7722269000369,50.847457627118644,105.08474576271186,210378.0,180624.0,1033.469920558004,480.47285780328264
1790040507.351029,317.88744200003566,57.627118644067764,105.08474576271186,210481.0,180693.0,863.1616244349061,590.584269350199
1790040507.4651413,318.001556000032,64.40677966101691,105.08474576271186,210568.0,180765.0,797.4627848562949,614.138006728411
1790040507.5792067,318.1156211000052,71.18644067796606,105.08474576271186,210647.0,180833.0,691.93617605147,581.2263878832348
1790040507.7008538,318.2372679000255,77.96610169491527,105.08474576271186,210726.0,180901.0,646.9046051213531,568.2270180119993
1790040507.8158946,318.3523071000236,84.74576271186442,105.08474576271186,210795.0,180985.0,548.500217321453,713.050282517889
1790040507.9362898,318.4727017999976,91.52542372881356,105.08474576271186,210861.0,181076.0,560.7473200208291,799.7543744559365
1790040508.0507479,318.5871599999955,98.30508474576271,105.08474576271186,210921.0,181182.0,527.3495505248148,952.9298895448408
1790040508.1652267,318.7016394000384,105.08474576271186,105.08474576271186,210981.0,181283.0,522.9098742873354,889.8641720328338
1790040508.27803,318.8144408999942,111.86440677966101,105.08474576271186,211032.0,181370.0,446.62546543466635,753.6804729209995
1790040508.3926854,318.9290968000423,118.64406779661016,105.08474576271186,211071.0,181468.0,339.39224949935846,871.4125324983528
1790040508.5058088,319.04222010000376,125.42372881355931,105.08474576271186,211116.0,181596.0,381.06284934828784,1133.8943322071004
1790040508.620285,319.1566958000185,132.20338983050846,105.08474576271186,211154.0,181712.0,348.64944217998305,1036.7733412194232
1790040508.734955,319.27136630000314,138.9830508474576,105.08474576271186,211184.0,181822.0,257.03424700071656,973.0582207884269
1790040508.8484006,319.384812000033,145.76271186440675,105.08474576271186,211213.0,181926.0,268.64114827437936,926.3487871530324
1790040508.9624553,319.4988663000404,152.5423728813559,105.08474576271186,211241.0,182040.0,229.5081364484129,1009.8358003730168
1790040509.0752535,319.61166460003005,159.32203389830505,105.08474576271186,211268.0,182150.0,222.85984904788404,975.0118395844927
1790040509.1886754,319.7250861999928,166.1016949152542,105.08474576271186,211298.0,182268.0,258.43871633700553,1042.9848195029153
1790040509.301801,319.83821180002997,172.88135593220335,105.08474576271186,211329.0,182402.0,277.6826457650076,1194.0353767895324
1790040509.4175699,319.9539802999934,179.66101694915255,105.08474576271186,211363.0,182522.0,255.14411542039647,1002.3518820087004
1790040509.5333092,320.0697195000248,186.4406779661017,105.08474576271186,211387.0,182632.0,219.43780030897952,960.0403763517854
1790040509.6480901,320.18449920002604,193.22033898305085,105.08474576271186,211423.0,182756.0,316.9007850381014,1071.8703023347546
1790040509.7639587,320.3003671000479,200.0,105.08474576271186,211458.0,182863.0,290.2920713266644,908.3332554414984
1790040509.876315,320.4127240999951,-200.0,111.86440677966101,211501.0,182985.0,402.2353056580689,1085.0998943333952
1790040509.9915955,320.52800310001476,-193.22033898305085,111.86440677966101,211543.0,183071.0,373.50280038346483,728.7859519677362
1790040510.107221,320.6436287999968,-186.4406779661017,111.86440677966101,211599.0,183181.0,466.8145218277399,951.9354954918617
1790040510.222001,320.75840900000185,-179.66101694915255,111.86440677966101,211653.0,183291.0,457.02293438460487,987.1695382707466
1790040510.3357213,320.8721289000241,-172.8813559322034,111.86440677966101,211711.0,183382.0,519.068346705209,778.6025200578135
1790040510.4515748,320.9879828999983,-166.10169491525426,111.86440677966101,211782.0,183488.0,616.2607651047279,915.3284893467281
1790040510.5669656,321.10337339999387,-159.32203389830508,111.86440677966101,211844.0,183576.0,527.6204770555914,709.5585725920023
1790040510.679382,321.2157891000388,-152.54237288135593,111.86440677966101,211943.0,183650.0,894.6077518670905,652.3181524030869
1790040510.7921162,321.32852360000834,-145.76271186440678,111.86440677966101,212032.0,183726.0,817.5004553253304,678.1537868039673
1790040510.9058468,321.4422540999949,-138.98305084745763,111.86440677966101,212119.0,183802.0,764.4830387793223,690.7979266078213
1790040511.0200522,321.5564590000431,-132.20338983050848,111.86440677966101,212223.0,183864.0,935.4047965950929,568.5793861656447
1790040511.1337097,321.6701161999954,-125.42372881355932,111.86440677966101,212323.0,183927.0,883.5662204149512,561.4327025553335
1790040511.2491615,321.7855680999928,-118.64406779661017,111.86440677966101,212423.0,183979.0,870.0796992089453,476.254151145949
1790040511.36383,321.9002364000189,-111.86440677966102,111.86440677966101,212544.0,184019.0,1056.3580813759907,330.68600808291876
1790040511.4801493,322.01655550004216,-105.08474576271186,111.86440677966101,212656.0,184060.0,947.8463640063384,331.2861078080406
1790040511.5938332,322.13023880001856,-98.30508474576271,111.86440677966101,212765.0,184108.0,1001.8557743025566,411.9780754141354
1790040511.7069721,322.2433774000383,-91.52542372881356,111.86440677966101,212900.0,184136.0,1208.0291187234934,260.1908871096755
1790040511.8203366,322.3567419000319,-84.74576271186442,111.86440677966101,213040.0,184173.0,1264.9286975719203,313.92391034631595
1790040511.9334092,322.469814400014,-77.96610169491527,111.86440677966101,213162.0,184198.0,1056.0405521624577,231.5878403865039
1790040512.0479126,322.58431750000454,-71.18644067796612,111.86440677966101,213292.0,184222.0,1124.840875825871,219.48114650260902
1790040512.1609774,322.69738190004136,-64.40677966101697,111.86440677966101,213413.0,184247.0,1037.5250578129162,231.59041469038308
1790040512.2740943,322.81049780000467,-57.62711864406779,111.86440677966101,213539.0,184271.0,1101.2339372208342,222.09760078403377
1790040512.388802,322.9252064000466,-50.847457627118644,111.86440677966101,213677.0,184290.0,1160.836686810121,156.62082282358773
1790040512.5032682,323.0396715000388,-44.067796610169495,111.86440677966101,213802.0,184315.0,1106.4081149780948,192.02124309537183
1790040512.616714,323.15311700000893,-37.288135593220346,111.86440677966101,213909.0,184336.0,972.6464041437781,185.26598174167202
1790040512.7308016,323.26720490003936,-30.508474576271198,111.86440677966101,214046.0,184356.0,1224.7138035910316,174.9591147987188
1790040512.8442442,323.3806472000433,-23.72881355932205,111.86440677966101,214133.0,184383.0,729.6829481599232,221.67583235238172
1790040512.9583654,323.49476790003246,-16.9491525423729,111.86440677966101,214167.0,184401.0,312.69054578331986,156.34527289165993
1790040513.072416,323.6088185000117,-10.169491525423723,111.86440677966101,214210.0,184413.0,377.30987263696795,101.22947802455238
1790040513.1851795,323.7215820000274,-3.3898305084745743,111.86440677966101,214246.0,184432.0,316.7059599808165,167.66786116631462
1790040513.298592,323.834994200035,3.3898305084745743,111.86440677966101,214380.0,184459.0,1209.2545819489276,249.23567719558048
1790040513.4122977,323.9487000000081,10.169491525423723,111.86440677966101,214492.0,184495.0,1003.3737290983328,331.38948850954114
1790040513.5250568,324.06145830004243,16.94915254237287,111.86440677966101,214593.0,184532.0,917.215670137472,346.29571219475986
1790040513.639547,324.17594720004126,23.72881355932202,111.86440677966101,214683.0,184579.0,792.2999632109695,410.13174566214894
1790040513.7577097,324.29410990001634,30.50847457627117,111.86440677966101,214803.0,184632.0,1073.5560213883944,477.1360095059531
1790040513.8725376,324.40893750003306,37.28813559322032,111.86440677966101,214906.0,184675.0,902.1540311243399,377.43178853161163
1790040513.9875882,324.5239875999978,44.06779661016947,111.86440677966101,215013.0,184721.0,911.6273929118908,395.95937267890207
1790040514.101677,324.63807670003735,50.847457627118644,111.86440677966101,215104.0,184775.0,794.5248004188925,471.1716839693432
1790040514.214404,324.7508039000095,57.627118644067764,111.86440677966101,215182.0,184835.0,692.0635278001726,551.7803802731106
1790040514.3285377,324.8649374000379,64.40677966101691,111.86440677966101,215258.0,184927.0,660.4959223122386,788.9256849840627
1790040514.4436603,324.980059500027,71.18644067796606,111.86440677966101,215331.0,185010.0,610.6168962904146,729.0948015407936
1790040514.5583909,325.094789499999,77.96610169491527,111.86440677966101,215399.0,185104.0,594.6706531776556,777.6462387707804
1790040514.6722085,325.20860750001157,84.74576271186442,111.86440677966101,215454.0,185185.0,461.3703807854688,710.5103864096219
1790040514.785924,325.32232269999804,91.52542372881356,111.86440677966101,215505.0,185267.0,443.1875153607827,729.4127856979549
1790040514.9000132,325.43641250004293,98.30508474576271,111.86440677966101,215569.0,185374.0,541.2417001761846,963.2267545508371
1790040515.0124006,325.5487992000417,105.08474576271186,111.86440677966101,215613.0,185481.0,373.08421249575525,914.0563206146004
1790040515.1253982,325.6617968000355,111.86440677966101,111.86440677966101,215652.0,185569.0,352.37225341693323,816.019955281319
1790040515.2399309,325.77632940001786,118.64406779661016,111.86440677966101,215685.0,185693.0,292.857123239633,1043.3035015411926
1790040515.35381,325.89020810002694,125.42372881355931,111.86440677966101,215723.0,185793.0,340.24646726670886,910.3891962001129
1790040515.4691253,326.0055230000289,132.20338983050846,111.86440677966101,215750.0,185916.0,238.7592600358233,1028.5014278466235
1790040515.5829256,326.11932240001624,138.9830508474576,111.86440677966101,215781.0,186044.0,260.1367390930613,1114.8717389702629
1790040515.6993854,326.23578109999653,145.76271186440675,111.86440677966101,215810.0,186175.0,269.73908786227827,1125.4630907357127
1790040515.8127635,326.3491603000439,152.5423728813559,111.86440677966101,215834.0,186262.0,222.58103104567093,769.7593990329453
1790040515.9242134,326.46060980000766,159.32203389830505,111.86440677966101,215866.0,186381.0,301.0200817328091,1081.7909187272828
1790040516.0369952,326.573391300044,166.1016949152542,111.86440677966101,215883.0,186494.0,149.08489823006778,1006.3230630529575
1790040516.150996,326.6873918999918,172.88135593220335,111.86440677966101,215913.0,186621.0,247.9158995950064,1101.848442644473
1790040516.264197,326.800592900021,179.66101694915255,111.86440677966101,215945.0,186730.0,277.8817261506981,963.32331732242
1790040516.3772652,326.91366030002246,186.4406779661017,111.86440677966101,215987.0,186842.0,370.306938253546,999.8287332845741
1790040516.4909992,327.02739460003795,193.22033898305085,111.86440677966101,216021.0,186958.0,286.27099706436206,1034.269408748663
1790040516.6020412,327.1384365000413,200.0,111.86440677966101,216056.0,187058.0,330.56258922718706,906.6859590231418
1790040516.7141275,327.2505224000197,-200.0,118.64406779661016,216109.0,187162.0,477.3068662973719,954.6137325947439
1790040516.8271923,327.36358689999906,-193.22033898305085,118.64406779661016,216161.0,187275.0,481.4048132094417,1027.6141205047697
1790040516.9392357,327.47563020000234,-186.4406779661017,118.64406779661016,216218.0,187370.0,523.7516703525438,860.4491727220362
1790040517.0533674,327.5897618000163,-179.66101694915255,118.64406779661016,216282.0,187448.0,577.8745591542609,687.9459037550724
1790040517.1668158,327.70320970000466,-172.8813559322034,118.64406779661016,216362.0,187530.0,710.6894147570367,673.7704841203075
1790040517.280909,327.8173027000157,-166.10169491525426,118.64406779661016,216435.0,187605.0,632.9619041446828,678.8287087928481
1790040517.3992941,327.935687899997,-159.32203389830508,118.64406779661016,216507.0,187694.0,593.1480614431118,754.9157145639605
1790040517.5124974,328.04889110004297,-152.54237288135593,118.64406779661016,216588.0,187771.0,717.7867557381595,680.49913206345
1790040517.62892,328.1653124000295,-145.76271186440678,118.64406779661016,216685.0,187838.0,878.2556574454275,570.4134682377519
1790040517.748762,328.285153200035,-138.98305084745763,118.64406779661016,216776.0,187914.0,803.9914944920773,656.1309897579022
1790040517.8672347,328.40362719999393,-132.20338983050848,118.64406779661016,216875.0,187977.0,826.2583028513775,519.8928647154735
1790040517.9810386,328.51743030000944,-125.42372881355932,118.64406779661016,216976.0,188031.0,892.6870521816887,469.3509243429497
1790040518.097157,328.63354820001405,-118.64406779661017,118.64406779661016,217091.0,188078.0,984.8682670814948,379.49052493048424
1790040518.2116673,328.7480585000012,-111.86440677966102,118.64406779661016,217190.0,188119.0,895.2526689999306,359.9469493917247
1790040518.3253744,328.86176500003785,-105.08474576271186,118.64406779661016,217318.0,188161.0,1102.2417187524306,361.23888261634283
1790040518.4390845,328.97547500004293,-98.30508474576271,118.64406779661016,217447.0,188199.0,1130.0973642011738,342.73444652002814
1790040518.5556366,329.09202680003364,-91.52542372881356,118.64406779661016,217615.0,188236.0,1445.441799750116,334.2584161922143
1790040518.6697001,329.2060904999962,-84.74576271186442,118.64406779661016,217749.0,188270.0,1195.5447883636323,296.5692498266375
1790040518.783093,329.31948370003374,-77.96610169491527,118.64406779661016,217916.0,188301.0,1487.2429653338,258.65095049283474
1790040518.8975117,329.4339021000196,-71.18644067796612,118.64406779661016,218046.0,188325.0,1107.23223981101,201.3149526929109
1790040519.0132654,329.5496555000427,-64.40677966101697,118.64406779661016,218203.0,188351.0,1382.7558590991994,216.90287985869793
1790040519.1274548,329.66384450002806,-57.62711864406779,118.64406779661016,218344.0,188374.0,1220.1319947255533,201.8263449921968
1790040519.242252,329.7786418000469,-50.847457627118644,118.64406779661016,218508.0,188405.0,1449.3097089096411,264.3395066564754
1790040519.355998,329.89238630002365,-44.067796610169495,118.64406779661016,218642.0,188431.0,1170.3141463266713,222.91698025269932
1790040519.4741476,330.0105356000131,-37.288135593220346,118.64406779661016,218788.0,188454.0,1250.0960721696883,212.97933081409505
1790040519.5909817,330.12736949999817,-30.508474576271198,118.64406779661016,218954.0,188481.0,1436.4428254828554,234.89002177707067
1790040519.7053907,330.2417787000304,-23.72881355932205,118.64406779661016,219092.0,188510.0,1216.5506181868334,267.2724842986225
1790040519.818782,330.355169699993,-16.9491525423729,118.64406779661016,219225.0,188540.0,1164.6350257082895,268.05091861539995
1790040519.9338949,330.47028130001854,-10.169491525423723,118.64406779661016,219352.0,188569.0,1144.2506436334997,256.3121441739039
1790040520.0489867,330.58537330001127,-3.3898305084745743,118.64406779661016,219472.0,188614.0,1061.5847261643753,375.21529114430507
1790040520.1637912,330.7001786000328,3.3898305084745743,118.64406779661016,219619.0,188658.0,1276.7321534254233,367.40493623753196
1790040520.2775373,330.81392470002174,10.169491525423723,118.64406779661016,219746.0,188706.0,1122.5554513819015,423.25861281612686
1790040520.392245,330.92863179999404,16.94915254237287,118.64406779661016,219852.0,188753.0,867.0248541677502,401.56940614085266
1790040520.506428,331.04281420004554,23.72881355932202,118.64406779661016,219967.0,188803.0,1027.4503544512318,431.1622023143562
1790040520.6206524,331.157039600017,30.50847457627117,118.64406779661016,220080.0,188851.0,955.5424679705953,404.2679672183288
1790040520.7347229,331.2711098000291,37.28813559322032,118.64406779661016,220165.0,188934.0,735.3346691929272,735.3346691929272
1790040520.8476665,331.3840528000146,44.06779661016947,118.64406779661016,220264.0,188998.0,880.373203503032,580.6716874168934
1790040520.9624667,331.49885170004563,50.847457627118644,118.64406779661016,220343.0,189068.0,695.7986579747809,604.2462029780992
1790040521.075251,331.6116357000428,57.627118644067764,118.64406779661016,220415.0,189137.0,642.7615270875026,614.8153737358721
1790040521.1891506,331.7255351000349,64.40677966101691,118.64406779661016,220486.0,189215.0,571.7879811350122,700.9013962300149
1790040521.3038156,331.8401998000336,71.18644067796606,118.64406779661016,220513.0,189263.0,220.7686244634329,367.94770743905485
1790040521.4195206,331.9559045000351,77.96610169491527,118.64406779661016,220557.0,189340.0,405.0293600089756,662.7753163783236
1790040521.5377939,332.07417720003286,84.74576271186442,118.64406779661016,220609.0,189433.0,461.0194738315204,771.3210427565822
1790040521.6517587,332.1881429000059,91.52542372881356,118.64406779661016,220664.0,189530.0,488.5143815439061,866.4217333042862
1790040521.7692442,332.30562860000646,98.30508474576271,118.64406779661016,220717.0,189638.0,455.53040714408303,911.0608142881661
1790040521.8833232,332.4197072000243,105.08474576271186,118.64406779661016,220753.0,189726.0,304.0320173474802,792.3258633904029
1790040521.9967434,332.5331274000346,111.86440677966101,118.64406779661016,220793.0,189828.0,360.17731811142795,895.8256373540644
1790040522.1129513,332.6493350000237,118.64406779661016,118.64406779661016,220830.0,189936.0,315.1486555787535,927.4374721317603
1790040522.2254965,332.7618804000085,125.42372881355931,118.64406779661016,220852.0,190040.0,204.71705320602874,930.5320600274033
1790040522.3423896,332.8787728000316,132.20338983050846,118.64406779661016,220881.0,190140.0,254.61790495803018,863.8821775361738
1790040522.4586945,332.9950768999988,138.9830508474576,118.64406779661016,220904.0,190273.0,209.56891663398198,1148.0731954731186
1790040522.57268,333.1090627000085,145.76271186440675,118.64406779661016,220937.0,190384.0,269.68641050975174,957.8517338794632
1790040522.6864054,333.2227879000129,152.5423728813559,118.64406779661016,220962.0,190477.0,213.97339294190593,809.3776167802529
1790040522.7982602,333.3346424000338,159.32203389830505,118.64406779661016,220991.0,190607.0,234.3017806849439,1190.2530458795152
1790040522.9116323,333.448014100024,166.1016949152542,118.64406779661016,221021.0,190697.0,267.65285980410295,793.7291704535467
1790040523.0254643,333.56184400001075,172.88135593220335,118.64406779661016,221044.0,190790.0,193.2160910416218,818.8681953668734
1790040523.1412354,333.6776155999978,179.66101694915255,118.64406779661016,221073.0,190894.0,246.83480074270224,905.0609360565749
1790040523.2552888,333.7916683999938,186.4406779661017,118.64406779661016,221109.0,191018.0,314.8008237085068,1074.0263397113763
1790040523.3707027,333.90708269999595,193.22033898305085,118.64406779661016,221146.0,191122.0,313.07665965548875,920.8137048690846
1790040523.4851537,334.02153389999876,200.0,118.64406779661016,221194.0,191236.0,414.41615673753296,948.5525365325753
1790040523.6005416,334.13692250003805,-200.0,125.42372881355931,221243.0,191316.0,429.06074044149557,702.9292981701097
1790040523.7133067,334.2496869000024,-193.22033898305085,125.42372881355931,221292.0,191405.0,427.31152326346273,798.8867608838651
1790040523.826722,334.36310180003056,-186.4406779661017,125.42372881355931,221350.0,191487.0,517.1843745010028,720.3639501978254
1790040523.9463425,334.48272110003745,-179.66101694915255,125.42372881355931,221412.0,191587.0,541.4185164407694,829.5928880947273
1790040524.0617933,334.5981730000349,-172.8813559322034,125.42372881355931,221483.0,191657.0,632.4246885792057,623.2591133824056
1790040524.1789255,334.7153051000205,-166.10169491525426,125.42372881355931,221566.0,191729.0,697.3519646241492,606.7867744132208
1790040524.296657,334.83303630002774,-159.32203389830508,125.42372881355931,221658.0,191812.0,765.5457576712942,693.4943922434077
1790040524.411565,334.9479425000027,-152.54237288135593,125.42372881355931,221757.0,191875.0,878.0824158807305,554.5783679246719
1790040524.531633,335.0680101000471,-145.76271186440678,125.42372881355931,221843.0,191953.0,731.8159741198892,658.6343767079003
1790040524.6477528,335.1841296000057,-138.98305084745763,125.42372881355931,221959.0,192011.0,1040.0302155983622,520.0151077991811
1790040524.761556,335.29793330002576,-132.20338983050848,125.42372881355931,222085.0,192072.0,1080.3084698002754,544.770937762532
1790040524.8753393,335.4117172000115,-125.42372881355932,125.42372881355931,222182.0,192128.0,868.6547771709198,489.7734381921144
1790040524.989436,335.52581250004005,-118.64406779661017,125.42372881355931,222295.0,192161.0,990.0545354774356,284.18232036852316
1790040525.1048179,335.6411945000291,-111.86440677966102,125.42372881355931,222428.0,192206.0,1131.51384700614,392.3798017843872
1790040525.219303,335.7556794999982,-105.08474576271186,125.42372881355931,222581.0,192248.0,1339.6879808729889,357.8618579044285
1790040525.334444,335.8708211000194,-98.30508474576271,125.42372881355931,222739.0,192273.0,1416.9407608756214,219.39727910332203
1790040525.4470909,335.9834676000173,-91.52542372881356,125.42372881355931,222865.0,192306.0,1133.6709567958353,260.18677696953597
1790040525.5612788,336.0976549999905,-84.74576271186442,125.42372881355931,223008.0,192339.0,1183.0293067440848,302.6354040508124
1790040525.6769643,336.2133405000204,-77.96610169491527,125.42372881355931,223152.0,192363.0,1243.1750144459204,199.63394392562225
1790040525.791394,336.32777020003414,-71.18644067796612,125.42372881355931,223279.0,192385.0,1096.299299106769,202.67718134746988
1790040525.9099832,336.4463585000485,-64.40677966101697,125.42372881355931,223429.0,192407.0,1307.2585980894742,179.07652028622934
1790040526.0252485,336.56162250001216,-57.62711864406779,125.42372881355931,223573.0,192418.0,1267.8451502986056,101.06012067597581
1790040526.1469824,336.6833568000002,-50.847457627118644,125.42372881355931,223669.0,192436.0,743.2630174810098,157.94339121471458
1790040526.264498,336.80087249999633,-44.067796610169495,125.42372881355931,223800.0,192466.0,1175.2836051185875,271.21929348890484
1790040526.378815,336.91518840001663,-37.288135593220346,125.42372881355931,223947.0,192492.0,1294.3834851416827,221.89431173857417
1790040526.4930136,337.0293867000146,-30.508474576271198,125.42372881355931,224095.0,192517.0,1245.562108028198,212.20687766406337
1790040526.6082397,337.1446122000343,-23.72881355932205,125.42372881355931,224237.0,192542.0,1224.4319867152128,219.3012513519784
1790040526.7224567,337.25883050000994,-16.9491525423729,125.42372881355931,224378.0,192575.0,1232.6799206969915,296.58464257371224
1790040526.8358698,337.3722436000244,-10.169491525423723,125.42372881355931,224520.0,192608.0,1247.152335911554,304.859459889491
1790040526.9486082,337.4849815000198,-3.3898305084745743,125.42372881355931,224650.0,192646.0,1134.1188505662406,325.36196532638047
1790040527.0620959,337.59846900001867,3.3898305084745743,125.42372881355931,224772.0,192687.0,1052.2779046724984,332.2982856860521
1790040527.1752346,337.71160770003917,10.169491525423723,125.42372881355931,224860.0,192738.0,759.5082089687083,463.11476156628555
1790040527.288735,337.8251078000176,16.94915254237287,125.42372881355931,224955.0,192786.0,802.0939260770762,396.4372278311985
1790040527.403334,337.9397064000368,23.72881355932202,125.42372881355931,225046.0,192828.0,759.1465726902843,365.85376997122137
1790040527.517785,338.0541576000396,30.50847457627117,125.42372881355931,225143.0,192886.0,869.065653856803,521.4393923140818
1790040527.6335785,338.16995020001195,37.28813559322032,125.42372881355931,225202.0,192926.0,478.9323965679416,343.3854918789015
1790040527.7481596,338.284530200006,44.06779661016947,125.42372881355931,225293.0,193000.0,783.5769645164979,645.2986766606454
1790040527.8631055,338.3994773000013,50.847457627118644,125.42372881355931,225373.0,193083.0,676.2371200019061,685.500642193713
1790040527.9774075,338.5137790000299,57.627118644067764,125.42372881355931,225447.0,193156.0,655.0208270338602,645.795181582679
1790040528.0909765,338.627347200003,64.40677966101691,125.42372881355931,225513.0,193238.0,543.3886465542279,655.8138837723441
1790040528.2033498,338.7397205000161,71.18644067796606,125.42372881355931,225585.0,193325.0,653.9892409630286,794.1297925979633
1790040528.3171835,338.85355380002875,77.96610169491527,125.42372881355931,225629.0,193430.0,395.813580911225,920.4966997935466
1790040528.4312532,338.96762340003625,84.74576271186442,125.42372881355931,225687.0,193532.0,486.5590362523634,927.2162766318623
1790040528.5451086,339.0814771000296,91.52542372881356,125.42372881355931,225726.0,193632.0,340.4994667084557,846.6473226264303
1790040528.6577787,339.1941482000402,98.30508474576271,125.42372881355931,225760.0,193750.0,298.2025839556968,1062.34670534217
1790040528.770532,339.3068999000243,105.08474576271186,125.42372881355931,225808.0,193866.0,445.85549441870165,1058.9067992444166
1790040528.88357,339.4199392000446,111.86440677966101,125.42372881355931,225839.0,193980.0,242.01625595821992,1014.6066115171527
1790040528.9974802,339.53384950000327,118.64406779661016,125.42372881355931,225864.0,194086.0,183.9895935550255,910.7484880973763
1790040529.1118622,339.6482307999977,125.42372881355931,125.42372881355931,225900.0,194230.0,330.3397819662856,1229.598077318952
1790040529.2276275,339.76399649999803,132.20338983050846,125.42372881355931,225929.0,194351.0,254.0113379751277,1070.476352895181
1790040529.3430269,339.8793951999978,138.9830508474576,125.42372881355931,225956.0,194484.0,226.5451055863253,1141.7873321550796
1790040529.4575047,339.99387320003007,145.76271186440675,125.42372881355931,225975.0,194612.0,155.38495708957416,1142.5364491880453
1790040529.576751,340.11311940004816,152.5423728813559,125.42372881355931,226004.0,194739.0,237.1393614929545,1053.9527177464645
1790040529.698129,340.23449719999917,159.32203389830505,125.42372881355931,226028.0,194870.0,170.65413530247642,1068.8337947891944
1790040529.8102949,340.3466619999963,166.1016949152542,125.42372881355931,226060.0,195005.0,300.0390050882322,1172.0273636259071
1790040529.9240582,340.4604240000481,172.88135593220335,125.42372881355931,226102.0,195113.0,384.4188477506822,928.2308762760375
1790040530.0396607,340.57602610002505,179.66101694915255,125.42372881355931,226135.0,195224.0,267.40211467348075,968.1800703694993
1790040530.155926,340.6922926999978,186.4406779661017,125.42372881355931,226175.0,195326.0,336.94133758673587,883.3326958354967
1790040530.2701724,340.80653699999675,193.22033898305085,125.42372881355931,226234.0,195449.0,494.9546703635856,1081.567613016724
1790040530.3919547,340.92831970000407,200.0,125.42372881355931,226276.0,195557.0,330.2845749812893,912.6284308693521
1790040530.506666,341.04303100000834,-200.0,132.20338983050846,226341.0,195669.0,557.9002865570993,994.9221776934938
1790040530.6217802,341.1581448999932,-193.22033898305085,132.20338983050846,226391.0,195736.0,432.0512137865404,560.7473200208291
1790040530.737286,341.27365059999283,-186.4406779661017,132.20338983050846,226456.0,195837.0,549.2121550733257,878.739448117321
1790040530.851969,341.388334200019,-179.66101694915255,132.20338983050846,226539.0,195930.0,734.9550118226948,817.637450652748
1790040530.9658003,341.50216510001337,-172.8813559322034,132.20338983050846,226604.0,196012.0,588.9032230710683,754.5322545598062
1790040531.079629,341.61599360004766,-166.10169491525426,132.20338983050846,226678.0,196093.0,653.0885567739437,708.2791390365305
1790040531.1939561,341.7303207000368,-159.32203389830508,132.20338983050846,226772.0,196175.0,781.0016298680949,725.8721030538765
1790040531.3085346,341.8448992000194,-152.54237288135593,132.20338983050846,226883.0,196236.0,968.2363669037225,548.0583208888995
1790040531.4256606,341.96202510001604,-145.76271186440678,132.20338983050846,226980.0,196297.0,821.7921210280994,505.7182283249842
1790040531.5396006,342.07596400001785,-138.98305084745763,132.20338983050846,227011.0,196316.0,250.49263560543227,166.9950904036215
1790040531.6586797,342.19504170003347,-132.20338983050848,132.20338983050846,227046.0,196328.0,313.5866005510429,110.67762372389751
1790040531.7784371,342.3147990000434,-125.42372881355932,132.20338983050846,227086.0,196354.0,338.6740089480479,201.37373505019065
1790040531.8924575,342.4288189000217,-118.64406779661017,132.20338983050846,227203.0,196392.0,1050.2620073968235,353.18545381486103
1790040532.0075624,342.5439245000016,-111.86440677966102,132.20338983050846,227331.0,196432.0,1159.6795969388727,349.7446403466442
1790040532.1216285,342.65798980003456,-105.08474576271186,132.20338983050846,227472.0,196462.0,1261.209343255881,266.97132083518653
1790040532.2362113,342.7725721000461,-98.30508474576271,132.20338983050846,227620.0,196484.0,1300.802283327755,192.3721686611469
1790040532.3515415,342.8879023999907,-91.52542372881356,132.20338983050846,227749.0,196503.0,1062.4919281891507,174.02885030684365
1790040532.4690356,343.0053959999932,-84.74576271186442,132.20338983050846,227781.0,196519.0,260.4405217618221,143.6913223513501
1790040532.5841556,343.1205165000283,-77.96610169491527,132.20338983050846,227861.0,196539.0,733.7854062750226,174.2740339903179
1790040532.6975436,343.233904600027,-71.18644067796612,132.20338983050846,227975.0,196564.0,1035.4921946989127,223.8902042592244
1790040532.8106227,343.3469836000004,-64.40677966101697,132.20338983050846,228120.0,196597.0,1296.0370889109072,305.4944566718567
1790040532.926735,343.46309520001523,-57.62711864406779,132.20338983050846,228276.0,196617.0,1324.080980236212,171.13971853393215
1790040533.0408669,343.57722760003526,-50.847457627118644,132.20338983050846,228338.0,196633.0,495.17161825900416,146.7175165211864
1790040533.155303,343.6916634000372,-44.067796610169495,132.20338983050846,228382.0,196646.0,402.28387525970993,118.85659950855067
1790040533.269381,343.80574139999226,-37.288135593220346,132.20338983050846,228452.0,196658.0,614.6518316582232,100.91298728717096
1790040533.384555,343.92091530002654,-30.508474576271198,132.20338983050846,228600.0,196687.0,1239.7340310583365,249.7971555117544
1790040533.4982245,344.0345844000112,-23.72881355932205,132.20338983050846,228730.0,196719.0,1144.1551808684449,297.6663885186198
1790040533.6123514,344.14871110004606,-16.9491525423729,132.20338983050846,228876.0,196747.0,1278.4442261811666,240.86630348340822
1790040533.7261078,344.26246689999243,-10.169491525423723,132.20338983050846,228984.0,196780.0,885.297995643768,260.9299355581632
1790040533.8388267,344.37518540001474,-3.3898305084745743,132.20338983050846,229096.0,196827.0,1013.0855333586001,408.9519584199853
1790040533.9522529,344.4886116000125,3.3898305084745743,132.20338983050846,229230.0,196870.0,1172.6132933469653,387.7933726029334
1790040534.064051,344.60040950000985,10.169491525423723,132.20338983050846,229326.0,196929.0,862.389776046698,534.3067090724107
1790040534.1773772,344.71373550000135,16.94915254237287,132.20338983050846,229420.0,196972.0,840.7382974392392,369.55529557768756
1790040534.2916174,344.8279745000182,23.72881355932202,132.20338983050846,229539.0,197032.0,1044.926332223873,494.9651047376241
1790040534.4042444,344.9406023999909,30.50847457627117,132.20338983050846,229583.0,197059.0,372.72509569970043,232.95318481231277
1790040534.5177257,345.0540832999977,37.28813559322032,132.20338983050846,229630.0,197102.0,406.24059399095506,378.54237167338994
1790040534.6308115,345.16716870001983,44.06779661016947,132.20338983050846,229707.0,197173.0,666.8568443237734,611.2854406301255
1790040534.7435095,345.27986670000246,50.847457627118644,132.20338983050846,229776.0,197239.0,604.1234679649368,576.2408463665552
1790040534.8569932,345.39335010002833,57.627118644067764,132.20338983050846,229858.0,197319.0,682.8855051248253,729.0264176332595
1790040534.9717429,345.50809930003015,64.40677966101691,132.20338983050846,229918.0,197412.0,519.8036054683015,838.9812579488374
1790040535.0855474,345.6219037999981,71.18644067796606,132.20338983050846,229966.0,197512.0,386.38205625368784,855.5602674188801
1790040535.1992285,345.7355845000129,77.96610169491527,132.20338983050846,230017.0,197608.0,423.3595049785063,846.7190099570126
1790040535.3116388,345.84799450001447,84.74576271186442,132.20338983050846,230059.0,197707.0,372.71259306632993,885.1924085325336
1790040535.4247205,345.9610765000107,91.52542372881356,132.20338983050846,230100.0,197822.0,370.53470940332096,991.1803476538835
1790040535.5381846,346.0745403000037,98.30508474576271,132.20338983050846,230132.0,197940.0,286.2712614249538,1025.0358070377379
1790040535.6525724,346.1889276000438,105.08474576271186,132.20338983050846,230158.0,198075.0,210.48778252733186,1171.4102679781947
1790040535.764669,346.30102410004474,111.86440677966101,132.20338983050846,230185.0,198176.0,243.15017888538316,916.4891357987519
1790040535.8789854,346.4153398000053,118.64406779661016,132.20338983050846,230218.0,198306.0,303.38801671429934,1121.6163042165006
1790040535.9942796,346.53063280001516,125.42372881355931,132.20338983050846,230245.0,198470.0,224.39175802601054,1458.5464271690685
1790040536.1120672,346.6484209000482,132.20338983050846,132.20338983050846,230271.0,198573.0,235.24728107861574,877.6533178702203
1790040536.226055,346.76240730000427,138.9830508474576,132.20338983050846,230304.0,198688.0,276.54255433359833,995.5531956009539
1790040536.3423173,346.8786700000055,145.76271186440675,132.20338983050846,230336.0,198794.0,282.14418658114096,919.2439627321045
1790040536.4573348,346.9936881000176,152.5423728813559,132.20338983050846,230360.0,198912.0,200.77224311761483,1049.4912708420775
1790040536.5698001,347.10615220002364,159.32203389830505,132.20338983050846,230391.0,199035.0,279.6889857588268,1109.4329768433463
1790040536.6832054,347.219558300043,166.1016949152542,132.20338983050846,230430.0,199145.0,352.1426955465749,1000.8266083955285
1790040536.7974296,347.33378220000304,172.88135593220335,132.20338983050846,230472.0,199251.0,375.8523138519827,935.0472198268837
1790040536.9107063,347.44705880002584,179.66101694915255,132.20338983050846,230515.0,199376.0,380.1220284779201,1075.4672025228958
1790040537.0264702,347.5628226000117,186.4406779661017,132.20338983050846,230552.0,199494.0,334.6808004277831,1022.1332553605267
1790040537.139609,347.67596150003374,193.22033898305085,132.20338983050846,230605.0,199615.0,462.95181770980855,1083.3072534409519
1790040537.253082,347.7894341000356,200.0,132.20338983050846,230656.0,199704.0,452.05037137556286,774.9434937866793
1790040537.370545,347.9068963000318,-200.0,138.9830508474576,230730.0,199800.0,673.286712847804,791.5668110507966
1790040537.483005,348.0193547999952,-193.22033898305085,138.9830508474576,230798.0,199890.0,617.2487354608979,785.5892996775065
1790040537.5967772,348.1331269000075,-186.4406779661017,138.9830508474576,230888.0,199995.0,804.3177998866938,942.9932826257789
1790040537.7117348,348.2480855000322,-179.66101694915255,138.9830508474576,230962.0,200068.0,622.324804139963,668.0839809149603
1790040537.8256068,348.36195640004007,-172.8813559322034,138.9830508474576,231036.0,200131.0,643.6905908187712,551.7347921303752
1790040537.9403899,348.47673910000594,-166.10169491525426,138.9830508474576,231091.0,200178.0,452.46779636555794,378.59550308138523
1790040538.0557492,348.59209890000056,-159.32203389830508,138.9830508474576,231112.0,200206.0,191.85318288449312,237.53251214270577
1790040538.1688466,348.7051963999984,-152.54237288135593,138.9830508474576,231143.0,200239.0,268.5739740400518,277.83514555867424
1790040538.2826831,348.81903220003005,-145.76271186440678,138.9830508474576,231247.0,200294.0,937.8629050364447,459.73671815511995
1790040538.3961282,348.9324775999994,-138.98305084745763,138.9830508474576,231348.0,200335.0,851.2599104957071,379.36582967743465
1790040538.508178,349.04452540003695,-132.20338983050848,138.9830508474576,231468.0,200381.0,1074.5604814067613,401.79218000426727
1790040538.6221561,349.1585051000002,-125.42372881355932,138.9830508474576,231599.0,200424.0,1132.1577914249222,386.59046536460755
1790040538.7371674,349.27351630001795,-118.64406779661017,138.9830508474576,231739.0,200465.0,1183.126074006711,354.93782220201325
1790040538.849756,349.38610470003914,-111.86440677966102,138.9830508474576,231872.0,200490.0,1191.1483604366215,215.71978181135665
1790040538.9639466,349.5002952000359,-105.08474576271186,138.9830508474576,232038.0,200528.0,1482.0075891234992,335.5488881034338
1790040539.0790653,349.615413099993,-98.30508474576271,138.9830508474576,232177.0,200560.0,1237.9988023728274,286.40270801162427
1790040539.1937423,349.73008860001573,-91.52542372881356,138.9830508474576,232273.0,200581.0,869.70427271287,177.68151808112398
1790040539.3084652,349.8448123999988,-84.74576271186442,138.9830508474576,232400.0,200601.0,1115.854260027391,184.43872066568449
1790040539.420561,349.9569082999951,-77.96610169491527,138.9830508474576,232532.0,200619.0,1206.9170379380837,159.05108251897227
1790040539.5347538,350.07109909999417,-71.18644067796612,138.9830508474576,232674.0,200634.0,1246.5844961202574,137.4909370720872
1790040539.6490555,350.1854025000357,-64.40677966101697,138.9830508474576,232800.0,200656.0,1081.0890722338015,194.0416283496567
1790040539.7657135,350.302058900008,-57.62711864406779,138.9830508474576,232968.0,200685.0,1480.7090530548728,251.27183930628144
1790040539.879719,350.41606390004745,-50.847457627118644,138.9830508474576,233129.0,200709.0,1449.7804418033436,213.74968052228783
1790040539.9938529,350.530198100023,-44.067796610169495,138.9830508474576,233285.0,200737.0,1278.7937084011814,240.93214795964286
1790040540.1082737,350.6446048000362,-37.288135593220346,138.9830508474576,233419.0,200769.0,1181.5715459629625,276.9308310850693
1790040540.2212584,350.7576040000422,-30.508474576271198,138.9830508474576,233559.0,200796.0,1203.2437213375276,242.5142384091141
1790040540.3353415,350.8716870000353,-23.72881355932205,138.9830508474576,233672.0,200834.0,973.6177153092835,312.2924747218456
1790040540.4508266,350.98717199999373,-16.9491525423729,138.9830508474576,233788.0,200880.0,988.2130659806421,417.04404619366545
1790040540.5663598,351.1027045000228,-10.169491525423723,138.9830508474576,233902.0,200925.0,1005.9869819003228,389.706668664089
1790040540.681318,351.21766300004674,-3.3898305084745743,138.9830508474576,233991.0,200963.0,757.449930500303,328.532499976035
1790040540.8015745,351.3379191000131,3.3898305084745743,138.9830508474576,234123.0,201016.0,1076.0261380074112,444.6389000030624
1790040540.915395,351.45173940004315,10.169491525423723,138.9830508474576,234224.0,201073.0,898.0092891530537,518.4383525007321
1790040541.0314517,351.5677956000436,16.94915254237287,138.9830508474576,234329.0,201126.0,908.2218847889782,431.1760463139594
1790040541.146613,351.6829549000249,23.72881355932202,138.9830508474576,234430.0,201196.0,867.3304024516729,620.8259722811974
1790040541.2607534,351.7970963999978,30.50847457627117,138.9830508474576,234526.0,201279.0,837.0017308064945,689.836591324034
1790040541.3748116,351.9111537000281,37.28813559322032,138.9830508474576,234611.0,201369.0,728.4509901095245,792.9972803723937
1790040541.4904025,352.02674440003466,44.06779661016947,138.9830508474576,234702.0,201458.0,767.629432412528,785.9063236604453
1790040541.6054442,352.14178550004726,50.847457627118644,138.9830508474576,234765.0,201549.0,542.7423391582073,818.7130200861093
1790040541.7204268,352.2567681000219,57.627118644067764,138.9830508474576,234814.0,201636.0,414.6869204619329,783.2975164280955
1790040541.834288,352.3706298000179,64.40677966101691,138.9830508474576,234876.0,201716.0,544.7623866767826,720.1943417082889
1790040541.9506893,352.4870309000253,71.18644067796606,138.9830508474576,234926.0,201811.0,439.92311228451103,825.9780883709187
1790040542.06439,352.60073140001623,77.96610169491527,138.9830508474576,234964.0,201909.0,322.1830386188832,856.0863597587468
1790040542.1795297,352.7158711000229,84.74576271186442,138.9830508474576,235005.0,202014.0,354.75282381839924,909.6226251753827
1790040542.2928023,352.82914370001527,91.52542372881356,138.9830508474576,235043.0,202111.0,332.86947359067983,859.912806775923
1790040542.4071562,352.9434975000331,98.30508474576271,138.9830508474576,235079.0,202231.0,302.4224033713056,1017.238993158028
1790040542.5294845,353.06582550000167,105.08474576271186,138.9830508474576,235130.0,202354.0,416.37607075771416,1032.2656754201664
1790040542.6440122,353.1803515999927,111.86440677966101,138.9830508474576,235165.0,202471.0,306.0917831153187,1048.1324694554853
1790040542.7632844,353.2996245000395,118.64406779661016,138.9830508474576,235188.0,202614.0,175.34582350558358,1208.9633094332341
1790040542.879374,353.41571359999944,125.42372881355931,138.9830508474576,235219.0,202732.0,269.7064756672518,1013.724339576912
1790040542.9934385,353.5297779000248,132.20338983050846,138.9830508474576,235240.0,202838.0,192.72703244161264,936.1027290021185
1790040543.1076214,353.6439597000135,138.9830508474576,138.9830508474576,235265.0,202936.0,210.98420455051,843.93681820204
1790040543.2226424,353.75898149999557,145.76271186440675,138.9830508474576,235290.0,203060.0,229.63441273512427,1083.8744281097865
1790040543.335415,353.8717533000163,152.5423728813559,138.9830508474576,235322.0,203175.0,297.482092841787,1013.298378742337
1790040543.449546,353.9858839000226,159.32203389830505,138.9830508474576,235354.0,203310.0,293.42857532642375,1164.5446583267442
1790040543.5632973,354.0996349999914,166.1016949152542,138.9830508474576,235388.0,203423.0,286.1499721349551,1024.6015131283875
1790040543.6770492,354.2133874000283,172.88135593220335,138.9830508474576,235436.0,203533.0,444.648241638447,981.9315336182372
1790040543.7918515,354.3281891000224,179.66101694915255,138.9830508474576,235477.0,203644.0,356.5046092924595,978.1023895972608
1790040543.9062011,354.4425390000106,186.4406779661017,138.9830508474576,235544.0,203760.0,585.388519617849,1061.0166918073514
1790040544.0217445,354.5580823000055,193.22033898305085,138.9830508474576,235578.0,203869.0,307.9673881859066,923.9021645577197
1790040544.1365218,354.67285930004437,200.0,138.9830508474576,235630.0,203961.0,446.5762636877865,783.786911778564
1790040544.255133,354.7914703999995,-200.0,145.76271186440675,235695.0,204041.0,584.6517227330306,674.5981416150354
1790040544.372331,354.90866820001975,-193.22033898305085,145.76271186440675,235783.0,204136.0,716.5279414249908,825.3676287300526
1790040544.4860826,355.02241930004675,-186.4406779661017,145.76271186440675,235853.0,204228.0,613.0251117321761,808.0785563742321
1790040544.6023169,355.13865310000256,-179.66101694915255,145.76271186440675,235928.0,204292.0,636.4567988410155,534.9926714895493
1790040544.7177675,355.25410379999084,-172.8813559322034,145.76271186440675,236017.0,204359.0,803.3159402428938,590.9450594890253
1790040544.830833,355.36716870003147,-166.10169491525426,145.76271186440675,236093.0,204419.0,685.3984203480782,527.9420264843304
1790040544.943966,355.48030170000857,-159.32203389830508,145.76271186440675,236199.0,204487.0,925.6773644504796,610.9470605373166
1790040545.0587063,355.595041499997,-152.54237288135593,145.76271186440675,236324.0,204554.0,1113.5654174403753,602.4206356644653
1790040545.1732488,355.70958349999273,-145.76271186440678,145.76271186440675,236460.0,204601.0,1151.4841348563455,420.38309685231656
1790040545.290051,355.82638470001984,-138.98305084745763,145.76271186440675,236598.0,204647.0,1148.0786407875003,370.63956119911427
1790040545.4050734,355.94140720000723,-132.20338983050848,145.76271186440675,236714.0,204681.0,1031.2306352781252,303.84474075159045
1790040545.521189,356.05752249999205,-125.42372881355932,145.76271186440675,236839.0,204711.0,1104.0518703938012,255.48307744649944
1790040545.6357195,356.17205290001584,-118.64406779661017,145.76271186440675,236977.0,204751.0,1182.7700654669352,320.9066069096336
1790040545.7507977,356.28713120002067,-111.86440677966102,145.76271186440675,237108.0,204785.0,1111.88781201029,273.4150357402352
1790040545.8648198,356.4011533000157,-105.08474576271186,145.76271186440675,237250.0,204817.0,1270.892599670924,294.69973325702585
1790040545.9775462,356.5138796000392,-98.30508474576271,145.76271186440675,237401.0,204831.0,1347.923129151266,120.84828054459626
1790040546.0911,356.6274313000031,-91.52542372881356,145.76271186440675,237530.0,204851.0,1134.604705885443,175.26414155954
1790040546.2054312,356.74176440003794,-84.74576271186442,145.76271186440675,237674.0,204878.0,1232.7130531250252,240.98149910714778
1790040546.3179374,356.854270300013,-77.96610169491527,145.76271186440675,237806.0,204893.0,1154.7537678161473,130.3754253985973
1790040546.4405184,356.9768510000431,-71.18644067796612,145.76271186440675,237958.0,204923.0,1209.369503466586,259.15060788569696
1790040546.555755,357.0920869000256,-64.40677966101697,145.76271186440675,238127.0,204949.0,1458.6901702498587,220.17964833960133
1790040546.6713712,357.20770299999276,-57.62711864406779,145.76271186440675,238285.0,204977.0,1332.4388723318157,240.57924083768896
1790040546.7850752,357.32140600000275,-50.847457627118644,145.76271186440675,238409.0,205009.0,1096.8000394514281,288.14238324571414
1790040546.8992052,357.4355352999992,-44.067796610169495,145.76271186440675,238552.0,205033.0,1299.0063980485688,211.89466067458923
1790040547.0156214,357.55195260001346,-37.288135593220346,145.76271186440675,238686.0,205061.0,1136.6746719943187,236.4283317748183
1790040547.12772,357.6640508000273,-30.508474576271198,145.76271186440675,238809.0,205091.0,1111.9354591504743,270.9758681963341
1790040547.2404544,357.77678430004744,-23.72881355932205,145.76271186440675,238939.0,205131.0,1127.722494509644,363.48080401550516
1790040547.3567302,357.89302950003184,-16.9491525423729,145.76271186440675,239060.0,205180.0,1039.5209449492495,419.45581989180243
1790040547.470037,358.00636709999526,-10.169491525423723,145.76271186440675,239167.0,205241.0,919.9067825974456,538.935286774261
1790040547.585455,358.121784500021,-3.3898305084745743,145.76271186440675,239276.0,205299.0,936.1027290021185,486.4063199716891
1790040547.698199,358.2345290000085,3.3898305084745743,145.76271186440675,239366.0,205349.0,820.5862716984971,447.59251183554386
1790040547.8122995,358.3486291000154,10.169491525423723,145.76271186440675,239467.0,205410.0,871.7363795532158,532.2180001482791
1790040547.9280849,358.46441410004627,16.94915254237287,145.76271186440675,239547.0,205467.0,677.6671624521235,496.95591913155727
1790040548.050874,358.58720310003264,23.72881355932202,145.76271186440675,239628.0,205531.0,676.5518408387528,529.0982345021015
1790040548.1653886,358.701717100048,30.50847457627117,145.76271186440675,239712.0,205609.0,697.5692965946371,669.6665247308516
1790040548.2798615,358.81618930003606,37.28813559322032,145.76271186440675,239782.0,205675.0,619.6646414564234,582.6697374888757
1790040548.3956594,358.93198670004494,44.06779661016947,145.76271186440675,239847.0,205752.0,575.0919463727698,693.7617130846112
1790040548.5090344,359.0453627000097,50.847457627118644,145.76271186440675,239885.0,205834.0,324.43425627632575,713.7553638079166
1790040548.6234794,359.1598070000182,57.627118644067764,145.76271186440675,239947.0,205923.0,521.2753506200289,804.7759799046061
1790040548.7359593,359.27228550001746,64.40677966101691,145.76271186440675,239986.0,205994.0,326.0463524948801,633.4614848471957
1790040548.8500478,359.38637429999653,71.18644067796606,145.76271186440675,240032.0,206102.0,388.82264512827226,953.5412487669535
1790040548.9651163,359.5014432000462,77.96610169491527,145.76271186440675,240072.0,206193.0,348.78448599580196,789.3543630431308
1790040549.078219,359.61454470001627,84.74576271186442,145.76271186440675,240115.0,206307.0,370.3707132832766,1009.2601936969287
1790040549.1946235,359.7309501999989,91.52542372881356,145.76271186440675,240147.0,206419.0,280.5386703881042,959.2612600367434
1790040549.307686,359.84401250001974,98.30508474576271,145.76271186440675,240180.0,206536.0,296.5981123781816,1047.3620843354538
1790040549.4208097,359.95713620004244,105.08474576271186,145.76271186440675,240211.0,206667.0,250.86711750616942,1198.5873391961427
1790040549.5349183,360.0712444999954,111.86440677966101,145.76271186440675,240235.0,206781.0,211.26618246278213,1019.5889675377747
1790040549.6480024,360.1843283000053,118.64406779661016,145.76271186440675,240272.0,206905.0,342.6754058685533,1065.0722074292873
1790040549.764124,360.30044970003655,125.42372881355931,145.76271186440675,240296.0,207035.0,198.72167761053478,1129.1004409689476
1790040549.8789382,360.4152637000079,132.20338983050846,145.76271186440675,240321.0,207144.0,201.79117181631185,926.4049251567043
1790040549.9927168,360.52904220001074,138.9830508474576,145.76271186440675,240346.0,207270.0,205.7270674906484,1112.7964105175984
1790040550.1084201,360.64474479999626,145.76271186440675,145.76271186440675,240371.0,207384.0,224.17503586114285,990.1064083867142
1790040550.2215288,360.7578537000227,152.5423728813559,145.76271186440675,240398.0,207499.0,240.83350628020608,1018.9109881085642
1790040550.3339489,360.8702733000391,159.32203389830505,145.76271186440675,240430.0,207601.0,288.9384122867644,913.4182065839648
1790040550.446728,360.9830520999967,166.1016949152542,145.76271186440675,240472.0,207719.0,371.45584673160147,1077.221955521644
1790040550.5587497,361.0950736000086,172.88135593220335,145.76271186440675,240509.0,207824.0,317.82918939568907,962.8354855222345
1790040550.6721675,361.2084909999976,179.66101694915255,145.76271186440675,240563.0,207911.0,480.24884268426246,775.7865920284239
1790040550.7863283,361.3226515999995,186.4406779661017,145.76271186440675,240621.0,208001.0,506.2387015571172,763.9602223498315
1790040550.900089,361.4364118000376,193.22033898305085,145.76271186440675,240677.0,208092.0,498.5376230876769,821.6638602741341
1790040551.0121603,361.548483200022,200.0,145.76271186440675,240757.0,208175.0,740.5241037493289,740.5241037493289
1790040551.126913,361.66323569999076,-200.0,152.5423728813559,240820.0,208262.0,547.2510211554585,766.151429617642
1790040551.2395995,361.77592189999996,-193.22033898305085,152.5423728813559,240903.0,208354.0,734.5256821365789,818.2058231394803
1790040551.354464,361.8907865000074,-186.4406779661017,152.5423728813559,240979.0,208416.0,647.1665953712264,510.44125832096734
1790040551.4684145,362.0047362000332,-179.66101694915255,152.5423728813559,241049.0,208477.0,639.5758407339079,546.8836899029068
1790040551.586127,362.1224479000084,-172.8813559322034,152.5423728813559,241147.0,208548.0,795.1610338976927,566.6664839270913
1790040551.7009516,362.2372716999962,-166.10169491525426,152.5423728813559,241249.0,208604.0,891.6744268282574,505.58859253148614
1790040551.815416,362.3517361000413,-159.32203389830508,152.5423728813559,241340.0,208660.0,807.0014332037979,510.17331984148143
1790040551.9294028,362.46572300000116,-152.54237288135593,152.5423728813559,241453.0,208705.0,993.2176108981241,395.4477524872161
1790040552.043136,362.5794557000045,-145.76271186440678,152.5423728813559,241577.0,208741.0,1079.692370860303,313.7567573440197
1790040552.1578996,362.6942194000003,-138.98305084745763,152.5423728813559,241714.0,208774.0,1201.2904240792616,284.2748331790619
1790040552.2715626,362.80788259999827,-132.20338983050848,152.5423728813559,241868.0,208801.0,1311.700739622823,221.69589965456163
1790040552.3861492,362.9224691000418,-125.42372881355932,152.5423728813559,241994.0,208843.0,1078.8295246110154,365.7049235969544
1790040552.4997559,363.03607560001547,-118.64406779661017,152.5423728813559,242144.0,208874.0,1293.7339841901169,240.26488277816455
1790040552.612525,363.1488445000141,-111.86440677966102,152.5423728813559,242275.0,208902.0,1152.25037296163,241.600884653245
1790040552.7288444,363.2651635000366,-105.08474576271186,152.5423728813559,242404.0,208917.0,1087.9494759027345,134.8697697400084
1790040552.8448143,363.38113400002476,-98.30508474576271,152.5423728813559,242438.0,208937.0,293.4417601320787,174.23104507842172
1790040552.9631631,363.4994823000161,-91.52542372881356,152.5423728813559,242559.0,208960.0,1066.3435976458989,197.1391525059645
1790040553.0842571,363.62057570001343,-84.74576271186442,152.5423728813559,242709.0,208985.0,1236.3974517865117,208.9685834005372
1790040553.201888,363.73820479999995,-77.96610169491527,152.5423728813559,242882.0,209008.0,1396.036175551481,202.05786751403014
1790040553.322201,363.8585177999921,-71.18644067796612,152.5423728813559,243028.0,209035.0,1258.253269343146,211.23959996271796
1790040553.4403594,363.9766763999942,-64.40677966101697,152.5423728813559,243161.0,209066.0,1157.2906070595754,259.2330959813449
1790040553.5538788,364.0901956000016,-57.62711864406779,152.5423728813559,243289.0,209104.0,1137.5396405520812,323.69014162051093
1790040553.6671138,364.20343100000173,-50.847457627118644,152.5423728813559,243427.0,209131.0,1180.6375437971199,204.51988947666644
1790040553.779908,364.3162249000161,-44.067796610169495,152.5423728813559,243542.0,209164.0,1013.1778185659142,297.4466990285253
1790040553.8944366,364.43075200001476,-37.288135593220346,152.5423728813559,243639.0,209189.0,813.5075155042086,219.37281316967423
1790040554.009984,364.54629920003936,-30.508474576271198,152.5423728813559,243767.0,209246.0,1100.7841248309467,486.1796551336681
1790040554.1254542,364.6617686999962,-23.72881355932205,152.5423728813559,243889.0,209288.0,1072.4981232076343,384.9993262796636
1790040554.2415476,364.77786210004706,-16.9491525423729,152.5423728813559,243983.0,209337.0,801.6185408331644,419.02787361733596
1790040554.3571093,364.8934250000166,-10.169491525423723,152.5423728813559,244078.0,209379.0,843.3303114503392,375.8319866246077
1790040554.4716072,365.00792290002573,-3.3898305084745743,152.5423728813559,244192.0,209431.0,1014.8988990155091,457.1616662232023
1790040554.5853214,365.1216368000023,3.3898305084745743,152.5423728813559,244293.0,209475.0,893.2254832675513,395.9659358814919
1790040554.700516,365.23683120001806,10.169491525423723,152.5423728813559,244392.0,209548.0,854.731164482412,636.5019309975409
1790040554.8152697,365.3515841999906,16.94915254237287,152.5423728813559,244470.0,209615.0,686.8905561714579,586.1466079329774
1790040554.9303207,365.46663580002496,23.72881355932202,152.5423728813559,244529.0,209690.0,529.0146280602736,656.7078141437879
1790040555.0471487,365.58346370002255,30.50847457627117,152.5423728813559,244602.0,209776.0,597.4575465693258,751.3481267462734
1790040555.1650019,365.7013165000244,37.28813559322032,152.5423728813559,244663.0,209856.0,523.5513821573517,665.5314179966334
1790040555.2875328,365.82384580001235,44.06779661016947,152.5423728813559,244719.0,209957.0,437.0760469036004,831.3015009735145
1790040555.4019468,365.938260600029,50.847457627118644,152.5423728813559,244781.0,210064.0,432.1793206657876,977.1010728096068
1790040555.5136817,366.0499953000108,57.627118644067764,152.5423728813559,244836.0,210137.0,497.07243118290984,675.2682083994247
1790040555.6267643,366.163077300007,64.40677966101691,152.5423728813559,244877.0,210216.0,372.1072154164171,716.3063896766029
1790040555.7401688,366.2764819000149,71.18644067796606,152.5423728813559,244913.0,210330.0,323.25635524306864,960.5331698651183
1790040555.8529344,366.38924720004434,77.96610169491527,152.5423728813559,244946.0,210426.0,298.23232104739435,876.0574430767208
1790040555.966013,366.5023254000116,84.74576271186442,152.5423728813559,244981.0,210541.0,305.63111441893125,1046.555028161795
1790040556.0794477,366.615758800006,91.52542372881356,152.5423728813559,245020.0,210651.0,350.6994146927565,959.8089244222808
1790040556.1949716,366.73128280002857,98.30508474576271,152.5423728813559,245046.0,210776.0,228.56766709367636,1051.4112686309113
1790040556.309391,366.845701800019,105.08474576271186,152.5423728813559,245069.0,210904.0,201.7865446511579,1109.8259955813685
1790040556.4242094,366.96052030002465,111.86440677966101,152.5423728813559,245093.0,211018.0,220.03995567725843,1008.5164635207678
1790040556.5391872,367.0754987000255,118.64406779661016,152.5423728813559,245123.0,211125.0,273.6736860929828,921.368076513042
1790040556.6533139,367.1896246999968,125.42372881355931,152.5423728813559,245145.0,211243.0,193.23226971082897,1021.3705684715245
1790040556.7672093,367.3035202000174,132.20338983050846,152.5423728813559,245175.0,211378.0,257.41019607088856,1204.3119887602286
1790040556.8808582,367.4171691000229,138.9830508474576,152.5423728813559,245214.0,211521.0,341.83738512158277,1238.0056650349215
1790040556.9963508,367.5326611000346,145.76271186440675,152.5423728813559,245253.0,211648.0,335.232986874159,1096.302470588466
1790040557.1137745,367.65008490002947,152.5423728813559,152.5423728813559,245297.0,211760.0,374.90962001711927,972.9797281396667
1790040557.231255,367.7675652000471,159.32203389830505,152.5423728813559,245332.0,211854.0,296.56336967141954,817.7959587908841
1790040557.3468277,367.8831362000201,166.1016949152542,152.5423728813559,245369.0,211954.0,341.4736340046527,858.2985935792623
1790040557.4679494,368.0042573999963,172.88135593220335,152.5423728813559,245419.0,212073.0,416.7569639938373,1028.0005111847986
1790040557.581731,368.1180390000227,179.66101694915255,152.5423728813559,245474.0,212175.0,470.6364387028217,885.9038846170761
1790040557.6959324,368.23223960003816,186.4406779661017,152.5423728813559,245529.0,212243.0,459.67289670546774,579.1878498488894
1790040557.8144348,368.3507421000395,193.22033898305085,152.5423728813559,245580.0,212312.0,446.4453129323104,607.1656255879421
1790040557.9300835,368.4663907000213,200.0,152.5423728813559,245662.0,212394.0,723.7189256344496,677.91393034113
1790040558.0462797,368.58258740004385,-200.0,159.32203389830505,245746.0,212475.0,747.9499786639161,693.2219314446052
1790040558.1605992,368.6969065000303,-193.22033898305085,159.32203389830505,245830.0,212543.0,765.2336821758944,608.4990725736028
1790040558.273448,368.80975529999705,-186.4406779661017,159.32203389830505,245915.0,212602.0,760.9601458786767,510.4000978454539
1790040558.3877664,368.9240732000326,-179.66101694915255,159.32203389830505,246020.0,212662.0,955.3326854371916,541.9675811614837
1790040558.500923,369.0372300000163,-172.8813559322034,159.32203389830505,246124.0,212728.0,888.3682066953209,573.7378001573948
1790040558.6154122,369.15171880001435,-166.10169491525426,159.32203389830505,246243.0,212790.0,1033.4508841562129,548.7349827378122
1790040558.7286825,369.2649892999907,-159.32203389830508,159.32203389830505,246338.0,212850.0,852.4296094445269,537.4012755193756
1790040558.840997,369.37730360002024,-152.54237288135593,159.32203389830505,246447.0,212896.0,979.8157948248604,401.2578969282761
1790040558.959326,369.4956320000347,-145.76271186440678,159.32203389830505,246599.0,212942.0,1273.734598822132,379.4103060321245
1790040559.0741732,369.61047940002754,-138.98305084745763,159.32203389830505,246727.0,212987.0,1101.1513971448276,351.6281772395248
1790040559.1927936,369.72909820004134,-132.20338983050848,159.32203389830505,246850.0,213034.0,1059.4520337407353,406.12327960061515
1790040559.310849,369.847153300012,-125.42372881355932,159.32203389830505,246984.0,213064.0,1138.2428305994765,268.3661958323969
1790040559.4259322,369.9622359999921,-118.64406779661017,159.32203389830505,247122.0,213092.0,1211.5136336708754,249.7012832756766
1790040559.5412374,370.07754170004046,-111.86440677966102,159.32203389830505,247290.0,213126.0,1396.277267784137,275.5810396942375
1790040559.653713,370.1900167000131,-105.08474576271186,159.32203389830505,247421.0,213155.0,1193.4464867646648,270.39021965761935
1790040559.7684734,370.30477660003817,-98.30508474576271,159.32203389830505,247562.0,213185.0,1184.1674065521595,266.20817666676453
1790040559.8835893,370.4198924000375,-91.52542372881356,159.32203389830505,247705.0,213209.0,1211.4681987977654,201.91136646629423
1790040559.9997966,370.5361006000312,-84.74576271186442,159.32203389830505,247861.0,213233.0,1309.698543548032,207.74528621796367
1790040560.1148653,370.65116880001733,-77.96610169491527,159.32203389830505,247998.0,213259.0,1167.1803475591078,218.8463151673327
1790040560.2285426,370.7648460000055,-71.18644067796612,159.32203389830505,248132.0,213277.0,1178.6892975076967,165.75318246201985
1790040560.3419957,370.87829890003195,-64.40677966101697,159.32203389830505,248244.0,213308.0,979.0004405858086,277.07559639221
1790040560.4543648,370.99066810001386,-57.62711864406779,159.32203389830505,248308.0,213324.0,531.7685034154855,139.9390798461804
1790040560.5768561,371.11315869999817,-50.847457627118644,159.32203389830505,248432.0,213348.0,1070.3613432242632,201.78943355867258
1790040560.6903973,371.22669899999164,-44.067796610169495,159.32203389830505,248572.0,213395.0,1244.9343253806906,371.6221866808031
1790040560.8091602,371.3454627000028,-37.288135593220346,159.32203389830505,248702.0,213441.0,1157.120114300647,373.26455300020865
1790040560.9218957,371.4581981000374,-30.508474576271198,159.32203389830505,248806.0,213472.0,950.8122450806317,279.65066031783283
1790040561.034397,371.57069870003033,-23.72881355932205,159.32203389830505,248914.0,213502.0,968.8676731580359,260.84898892716353
1790040561.1474519,371.68375379999634,-16.9491525423729,159.32203389830505,249019.0,213555.0,925.6722231683883,472.09283381587807
1790040561.260561,371.7968623000197,-10.169491525423723,159.32203389830505,249108.0,213615.0,796.2395273089788,536.998750975823
1790040561.3729148,371.9092157999985,-3.3898305084745743,159.32203389830505,249194.0,213679.0,764.4718242220068,578.0152817288345
1790040561.4857316,372.0220324000111,3.3898305084745743,159.32203389830505,249275.0,213748.0,733.4584235654963,612.7627336116805
1790040561.597051,372.13335130002815,10.169491525423723,159.32203389830505,249360.0,213814.0,734.3429607838391,546.0498939161881
1790040561.7115645,372.2478639000328,16.94915254237287,159.32203389830505,249427.0,213876.0,594.2205199418588,539.3693950241488
1790040561.8257139,372.36201310000615,23.72881355932202,159.32203389830505,249488.0,213946.0,525.9578661573173,618.2311760094782
1790040561.944471,372.4807707000291,30.50847457627117,159.32203389830505,249556.0,214049.0,566.1557406429001,866.9259778594408
1790040562.0589092,372.59520880004857,37.28813559322032,159.32203389830505,249605.0,214137.0,434.3615070869775,785.5474064338955
1790040562.1770048,372.7133043000358,44.06779661016947,159.32203389830505,249664.0,214243.0,486.62489353866385,911.3157097178614
1790040562.290542,372.8268409000011,50.847457627118644,159.32203389830505,249722.0,214316.0,498.11132769532975,636.4755853884768
1790040562.4072523,372.9435516000376,57.627118644067764,159.32203389830505,249762.0,214410.0,350.43548338330464,808.6972693460878
1790040562.5238023,373.06010070000775,64.40677966101691,159.32203389830505,249804.0,214517.0,372.4645159589469,908.4500389242608
1790040562.6412365,373.1775338000152,71.18644067796606,159.32203389830505,249848.0,214616.0,354.298149240352,895.0690086072052
1790040562.7557013,373.2919983000029,77.96610169491527,159.32203389830505,249884.0,214720.0,295.4591619789111,914.0767823722563
1790040562.8700745,373.40637250000145,84.74576271186442,159.32203389830505,249922.0,214822.0,341.876551017225,887.031051287935
1790040562.9841802,373.5204778999905,91.52542372881356,159.32203389830505,249943.0,214911.0,183.51721753271985,770.7723136374234
1790040563.0969217,373.6332192000118,98.30508474576271,159.32203389830505,249963.0,215030.0,167.22920717440067,1049.8278005948487
1790040563.2103689,373.7466658000485,105.08474576271186,159.32203389830505,249993.0,215135.0,239.97814352598076,932.2227883124638
1790040563.323732,373.8600288000307,111.86440677966101,159.32203389830505,250017.0,215262.0,203.21354508401885,1071.4896013520993
1790040563.4371448,373.9734415000421,118.64406779661016,159.32203389830505,250043.0,215356.0,230.87415415619486,840.3819211285494
1790040563.5502954,374.0865913000307,125.42372881355931,159.32203389830505,250075.0,215472.0,277.9121020653803,972.692357228831
1790040563.6626565,374.19895290001296,132.20338983050846,159.32203389830505,250102.0,215582.0,243.12289492290748,1000.5442214135039
1790040563.7751312,374.31142720003845,138.9830508474576,159.32203389830505,250130.0,215691.0,251.58404768416707,950.4286245846312
1790040563.8902564,374.42655190004734,145.76271186440675,159.32203389830505,250162.0,215812.0,263.6435538638283,1090.9388435744618
1790040564.0046074,374.5409031000454,152.5423728813559,159.32203389830505,250205.0,215926.0,367.4748049197792,992.181973283404
1790040564.1174245,374.65371899999445,159.32203389830505,159.32203389830505,250234.0,216032.0,269.3963014537958,928.9527636337784
1790040564.2315228,374.7678181999945,166.1016949152542,159.32203389830505,250288.0,216123.0,486.4174800108066,789.2811939797994
1790040564.3441956,374.88049030001275,172.88135593220335,159.32203389830505,250334.0,216201.0,409.17671783657556,678.8613727743185
1790040564.456366,374.99266109999735,179.66101694915255,159.32203389830505,250397.0,216281.0,542.0824187723698,729.0073907628422
1790040564.5781074,375.11440190003486,186.4406779661017,159.32203389830505,250468.0,216359.0,591.2560190523752,634.7307263356381
1790040564.694628,375.2309225000208,193.22033898305085,159.32203389830505,250543.0,216434.0,615.9328026782422,634.318856489533
1790040564.8100333,375.34632650000276,200.0,159.32203389830505,250607.0,216507.0,558.8496126731492,622.9798960946581
1790040564.9300022,375.46629509999184,-200.0,166.1016949152542,250696.0,216587.0,781.5666597086984,663.4228623108719
1790040565.047057,375.58335010003066,-193.22033898305085,166.1016949152542,250805.0,216667.0,958.088734176882,688.3355954280511
1790040565.1598604,375.6961532999994,-186.4406779661017,166.1016949152542,250904.0,216731.0,882.6199130806856,585.316363411402
1790040565.272723,375.80901430000085,-179.66101694915255,166.1016949152542,251011.0,216787.0,927.4046212712553,472.97635684834023
1790040565.3894222,375.92571380001027,-172.8813559322034,166.1016949152542,251126.0,216837.0,997.2014899251415,398.88059597005656
1790040565.5041797,376.0404712000163,-166.10169491525426,166.1016949152542,251226.0,216885.0,878.4475635168928,430.0732863051455
1790040565.6206658,376.1569569000276,-159.32203389830508,166.1016949152542,251339.0,216920.0,998.4043684193405,281.3685038272687
1790040565.734068,376.27035910001723,-152.54237288135593,166.1016949152542,251448.0,216962.0,963.1636224742371,379.70873578311273
1790040565.8474097,376.38370140001643,-145.76271186440678,166.1016949152542,251562.0,216999.0,1031.69919029597,334.605142798693
1790040565.9612582,376.49754920002306,-138.98305084745763,166.1016949152542,251692.0,217026.0,1140.9212573438742,239.22542492694137
1790040566.0750585,376.61134970001876,-132.20338983050848,166.1016949152542,251793.0,217068.0,904.5488655925327,378.43370907442693
1790040566.1891866,376.7254777000053,-125.42372881355932,166.1016949152542,251923.0,217099.0,1136.66988674862,265.83408641701595
1790040566.3027961,376.8390863999957,-118.64406779661017,166.1016949152542,252034.0,217118.0,992.0726901004041,176.1624402982026
1790040566.4152093,376.9514997000224,-111.86440677966102,166.1016949152542,252148.0,217143.0,1016.305644969633,233.0976249930351
1790040566.5269866,377.06327680003596,-105.08474576271186,166.1016949152542,252278.0,217166.0,1172.1966215259945,206.30660538857504
1790040566.6407256,377.1770159000298,-98.30508474576271,166.1016949152542,252406.0,217189.0,1132.2786880836359,193.3158735752549
1790040566.7540083,377.29029860004084,-91.52542372881356,166.1016949152542,252533.0,217209.0,1137.0948057163912,184.89346434412863
1790040566.8691864,377.40547600004356,-84.74576271186442,166.1016949152542,252677.0,217235.0,1242.8028724549508,241.14085584946804
1790040566.992094,377.52838239999255,-77.96610169491527,166.1016949152542,252815.0,217272.0,1101.2397911898458,298.7859898577101
1790040567.1082933,377.6445820000372,-71.18644067796612,166.1016949152542,252975.0,217297.0,1253.9942036738166,222.9323028753452
1790040567.2207112,377.75699870003155,-64.40677966101697,166.1016949152542,253097.0,217326.0,1095.8401160596452,252.88618062914887
1790040567.3358557,377.872142600012,-57.62711864406779,166.1016949152542,253224.0,217362.0,1106.7329607572678,329.2759222087739
1790040567.4505942,377.98688189999666,-50.847457627118644,166.1016949152542,253341.0,217399.0,1042.7843438772559,311.0058569458483
1790040567.5692453,378.1055319000152,-44.067796610169495,166.1016949152542,253461.0,217439.0,980.8747106381368,344.6316550890751
1790040567.684181,378.22046840004623,-37.288135593220346,166.1016949152542,253610.0,217491.0,1244.4013463717054,470.1071752959776
1790040567.7969089,378.3331965000252,-30.508474576271198,166.1016949152542,253733.0,217538.0,1076.0183577939624,411.69398037334213
1790040567.9148085,378.45109570003115,-23.72881355932205,166.1016949152542,253858.0,217596.0,1063.7420849505788,478.6839382277605
1790040568.0289361,378.5652236000169,-16.9491525423729,166.1016949152542,253941.0,217650.0,745.5494839896835,469.4200454749859
1790040568.1435246,378.67981180001516,-10.169491525423723,166.1016949152542,254048.0,217707.0,943.9737814820419,485.73408173347786
1790040568.2622879,378.7985746000195,-3.3898305084745743,166.1016949152542,254136.0,217799.0,739.8149933708587,775.044278769471
1790040568.3767934,378.9130788000184,3.3898305084745743,166.1016949152542,254211.0,217874.0,651.992848470547,651.992848470547
1790040568.496799,379.0330842999974,10.169491525423723,166.1016949152542,254285.0,217962.0,659.3671931832375,752.23581194144
1790040568.6108875,379.1471718000248,16.94915254237287,166.1016949152542,254355.0,218044.0,618.8393160351889,738.9126161614195
1790040568.7256393,379.2619238999905,23.72881355932202,166.1016949152542,254425.0,218138.0,617.3698386953339,810.8738179879012
1790040568.8390403,379.3753244000254,30.50847457627117,166.1016949152542,254468.0,218212.0,354.2060098999977,652.4847550789432
1790040568.9530237,379.4893074000138,37.28813559322032,166.1016949152542,254524.0,218296.0,508.49557414465,739.6299260285818
1790040569.070238,379.60652339999797,44.06779661016947,166.1016949152542,254565.0,218398.0,369.6744339223577,865.5791623547889
1790040569.1850793,379.72136379999574,50.847457627118644,166.1016949152542,254622.0,218503.0,510.64140205710964,930.096839461164
1790040569.297778,379.8340623000404,57.627118644067764,166.1016949152542,254670.0,218613.0,418.15537728446253,975.6958803304126
1790040569.4159822,379.9522665000404,64.40677966101691,166.1016949152542,254728.0,218741.0,503.95338165066784,1096.319637275137
1790040569.5279841,380.06426770001417,71.18644067796606,166.1016949152542,254761.0,218858.0,290.0766644420242,1048.0189166937648
1790040569.640785,380.1770684000221,77.96610169491527,166.1016949152542,254792.0,218970.0,278.70757722365624,966.186267708675
1790040569.7545333,380.29081730003236,84.74576271186442,166.1016949152542,254836.0,219107.0,387.7708163966801,1227.940918589487
1790040569.8685935,380.4048770000227,91.52542372881356,166.1016949152542,254853.0,219218.0,146.79545518792744,972.5198906200193
1790040569.984127,380.52041029999964,98.30508474576271,166.1016949152542,254878.0,219343.0,218.7148859286882,1066.235068902355
1790040570.100064,380.63634710002225,105.08474576271186,166.1016949152542,254913.0,219466.0,282.9675444886209,1031.4623395875535
1790040570.217626,380.7539088000194,111.86440677966101,166.1016949152542,254939.0,219561.0,215.8230682456001,773.3659945467336
1790040570.3307478,380.8670294000185,118.64406779661016,166.1016949152542,254972.0,219669.0,287.9684015941165,956.7982375546451
1790040570.4472203,380.9835011000396,125.42372881355931,166.1016949152542,255007.0,219786.0,304.798920424906,988.2874086504527
1790040570.5623977,381.09867959999247,132.20338983050846,166.1016949152542,255043.0,219898.0,320.1507452203724,969.5993998102707
1790040570.6789238,381.21520400000736,138.9830508474576,166.1016949152542,255075.0,220031.0,269.1657208253616,1139.4682181606972
1790040570.7950468,381.3313267999911,145.76271186440675,166.1016949152542,255126.0,220146.0,436.4989512003838,1009.4038246508875
1790040570.9091783,381.44545800000196,152.5423728813559,166.1016949152542,255172.0,220249.0,417.7501094272079,881.9168976796611
1790040571.023516,381.55979620001744,159.32203389830505,166.1016949152542,255214.0,220339.0,378.4040208699352,747.578675377189
1790040571.1365895,381.6728698000079,166.1016949152542,166.1016949152542,255268.0,220430.0,504.64554255864897,813.0400407889344
1790040571.2493567,381.7856369999936,172.88135593220335,166.1016949152542,255328.0,220522.0,521.7810995611308,819.941727881777
1790040571.3617258,381.89800580003066,179.66101694915255,166.1016949152542,255385.0,220627.0,531.0753622730462,941.0282735013625
1790040571.474504,382.01078360003885,186.4406779661017,166.1016949152542,255463.0,220718.0,715.120906321879,817.2810357964332
1790040571.5881937,382.12447340000654,193.22033898305085,166.1016949152542,255533.0,220806.0,626.1815724225958,745.8927553857391
1790040571.6999269,382.2362063000328,200.0,166.1016949152542,255605.0,220877.0,628.6581807634097,609.8922649197259
1790040571.810637,382.3469165000133,-200.0,172.88135593220335,255692.0,220941.0,776.5482432389874,568.2060316382834
1790040571.9240575,382.4603367000236,-193.22033898305085,172.88135593220335,255781.0,220998.0,812.5164464928861,498.5896376206346
1790040572.03785,382.57412880001357,-186.4406779661017,172.88135593220335,255906.0,221070.0,1095.171307284936,625.812175591392
1790040572.1539865,382.69026510004187,-179.66101694915255,172.88135593220335,256010.0,221109.0,896.1679673300844,347.4937016177878
1790040572.2692842,382.8055630000308,-172.8813559322034,172.88135593220335,256148.0,221167.0,1230.2652595994255,495.77853745051476
1790040572.382859,382.9191361000412,-166.10169491525426,172.88135593220335,256263.0,221216.0,1006.7883638360496,456.7836095182077
1790040572.4976635,383.03394090000074,-159.32203389830508,172.88135593220335,256411.0,221262.0,1324.542569593257,389.0264889714461
1790040572.6100106,383.14628839999205,-152.54237288135593,172.88135593220335,256549.0,221305.0,1206.7725191132756,392.90268064153156
1790040572.7232077,383.25948400003836,-145.76271186440678,172.88135593220335,256682.0,221341.0,1175.522112323279,314.7067072361535
1790040572.8369775,383.3732536000316,-138.98305084745763,172.88135593220335,256821.0,221367.0,1207.2539247774482,241.45078495548964
1790040572.9513419,383.48761720000766,-132.20338983050848,172.88135593220335,256954.0,221394.0,1147.5807161718624,247.87743469312227
1790040573.0647357,383.601012500003,-125.42372881355932,172.88135593220335,257073.0,221419.0,1018.9959372552329,222.32638631023264
1790040573.177188,383.71346360002644,-118.64406779661017,172.88135593220335,257203.0,221448.0,1173.5842941841468,242.16818768879222
1790040573.2899446,383.82622089999495,-111.86440677966102,172.88135593220335,257331.0,221466.0,1146.3347574844047,149.11671642073557
1790040573.405677,383.9419529000297,-105.08474576271186,172.88135593220335,257468.0,221493.0,1184.52878795116,244.13952118077344
1790040573.5224411,384.05871680000564,-98.30508474576271,172.88135593220335,257604.0,221524.0,1200.2963118422551,277.68049005305903
1790040573.6365237,384.17279929999495,-91.52542372881356,172.88135593220335,257734.0,221537.0,1119.7375776032316,119.31629925280336
1790040573.7542071,384.2904824000434,-84.74576271186442,172.88135593220335,257860.0,221564.0,1039.930671406344,231.0957047569653
1790040573.8709056,384.4071794000338,-77.96610169491527,172.88135593220335,258015.0,221590.0,1211.8969427943416,222.02692081728398
1790040573.9897456,384.5260198000469,-71.18644067796612,172.88135593220335,258160.0,221622.0,1218.721782627826,286.21496410198944
1790040574.1034424,384.6397163000074,-64.40677966101697,172.88135593220335,258262.0,221654.0,889.6920829513747,287.2964017863814
1790040574.218239,384.75451260001864,-57.62711864406779,172.88135593220335,258387.0,221694.0,1128.9509839540895,357.96006808300393
1790040574.3323407,384.8686144000385,-50.847457627118644,172.88135593220335,258476.0,221729.0,800.6220924886899,322.0893475529212
1790040574.4460819,384.9823552000453,-44.067796610169495,172.88135593220335,258595.0,221767.0,1058.909433824374,331.4846923276301
1790040574.5595112,385.09578400000464,-37.288135593220346,172.88135593220335,258709.0,221822.0,1006.5211486446053,498.6435048331072
1790040574.673947,385.2102198000066,-30.508474576271198,172.88135593220335,258825.0,221873.0,1033.6267124067851,429.9155352488398
1790040574.7881706,385.32444240001496,-23.72881355932205,172.88135593220335,258931.0,221924.0,919.5174001955814,432.17317809192326
1790040574.903137,385.43940980004845,-16.9491525423729,172.88135593220335,259035.0,221974.0,908.6970569050644,422.22287492558553
1790040575.0159376,385.5522101999959,-10.169491525423723,172.88135593220335,259144.0,222035.0,957.0027044739793,538.8947267911728
1790040575.1286592,385.6649316000403,-3.3898305084745743,172.88135593220335,259230.0,222098.0,724.9582685034205,539.071532989723
1790040575.241707,385.7779789000051,3.3898305084745743,172.88135593220335,259297.0,222168.0,546.5756572151707,639.2155991160471
1790040575.3548107,385.8910822000471,10.169491525423723,172.88135593220335,259369.0,222253.0,657.4786340477191,722.3004712073534
1790040575.467955,386.00422639999306,16.94915254237287,172.88135593220335,259428.0,222345.0,509.1154812437826,805.3281248765288
1790040575.581305,386.1175765999942,23.72881355932202,172.88135593220335,259499.0,222423.0,637.2238465634958,701.869744040952
1790040575.6945364,386.2308077000198,30.50847457627117,172.88135593220335,259548.0,222516.0,446.6383486199944,818.8369724699897
1790040575.8153992,386.3516701000044,37.28813559322032,172.88135593220335,259592.0,222622.0,354.4999336001402,841.937342300333
1790040575.9350257,386.47129549999954,44.06779661016947,172.88135593220335,259635.0,222728.0,368.1144638310027,897.8401556853723
1790040576.05306,386.58932900003856,50.847457627118644,172.88135593220335,259671.0,222845.0,306.31908408489494,974.6516311792111
1790040576.1684072,386.7046774000046,57.627118644067764,172.88135593220335,259709.0,222942.0,343.5928294963394,863.6252200853937
1790040576.2815232,386.81779240001924,64.40677966101691,172.88135593220335,259746.0,223061.0,334.357147325984,1049.5099346621164
1790040576.3952565,386.9315263000317,71.18644067796606,172.88135593220335,259781.0,223150.0,287.0875432342184,805.6972987540969
1790040576.508779,387.0450473999954,77.96610169491527,172.88135593220335,259819.0,223258.0,313.81902057780957,959.9170041203588
1790040576.6248827,387.1611505000037,84.74576271186442,172.88135593220335,259854.0,223355.0,310.02012401422706,866.2326994515169
1790040576.7400112,387.2762793000438,91.52542372881356,172.88135593220335,259874.0,223478.0,174.26428372426128,1073.101115565188
1790040576.853419,387.3896874000202,98.30508474576271,172.88135593220335,259897.0,223594.0,203.72916991999904,1027.9062664145406
1790040576.968739,387.50500750000356,105.08474576271186,172.88135593220335,259922.0,223712.0,210.01708451126797,995.2983570316612
1790040577.082193,387.6184609000338,111.86440677966101,172.88135593220335,259942.0,223829.0,166.13258122385764,987.5658994973759
1790040577.1956267,387.7318949000328,118.64406779661016,172.88135593220335,259974.0,223927.0,295.3290934519519,867.5292120151087
1790040577.3076868,387.84395510004833,125.42372881355931,172.88135593220335,260006.0,224032.0,289.84531606149625,934.9848905209556
1790040577.419765,387.95603270002175,132.20338983050846,172.88135593220335,260029.0,224147.0,215.11229329761602,972.6816740413942
1790040577.534197,388.07046449999325,138.9830508474576,172.88135593220335,260059.0,224222.0,251.628830607388,624.412283359074
1790040577.6492422,388.185509300034,145.76271186440675,172.88135593220335,260098.0,224333.0,352.755624840795,1021.1347034865119
1790040577.7620122,388.29827900003875,152.5423728813559,172.88135593220335,260143.0,224435.0,390.8852993686735,884.145320000571
1790040577.8772213,388.41348720004316,159.32203389830505,172.88135593220335,260195.0,224522.0,472.87417568895955,723.2193275242911
1790040577.9913163,388.52758140000515,166.1016949152542,172.88135593220335,260256.0,224612.0,534.597194952138,801.8957924282071
1790040578.1050267,388.6412922000163,172.88135593220335,172.88135593220335,260306.0,224703.0,435.571553380195,778.4683081688592
1790040578.218787,388.75505229999544,179.66101694915255,172.88135593220335,260365.0,224784.0,524.6913295476745,717.9986614862914
1790040578.332591,388.86885560001247,186.4406779661017,172.88135593220335,260437.0,224854.0,653.2610146479053,598.0558584804767
1790040578.4466982,388.98296330001904,193.22033898305085,172.88135593220335,260514.0,224930.0,646.4959916437978,683.438619737729
1790040578.5607939,389.0970581000438,200.0,172.88135593220335,260597.0,224990.0,724.686871216708,541.2218405289339
1790040578.6752,389.21146439999575,-200.0,179.66101694915255,260695.0,225048.0,859.6226900685735,489.89250079176776
1790040578.787717,389.32398059999105,-193.22033898305085,179.66101694915255,260773.0,225098.0,700.467819244854,457.6389752399713
1790040578.9013631,389.43762770004105,-186.4406779661017,179.66101694915255,260879.0,225144.0,963.708051952279,398.4562137879615
1790040579.0182385,389.5545022000442,-179.66101694915255,179.66101694915255,261010.0,225189.0,1082.964961098356,375.9051931085203
1790040579.1317942,389.6680583000416,-172.8813559322034,179.66101694915255,261139.0,225235.0,1105.4161708156507,368.4720569385503
1790040579.244988,389.7812518000137,-166.10169491525426,179.66101694915255,261278.0,225271.0,1241.5178394224697,333.5421061134993
1790040579.3635402,389.8998038000427,-159.32203389830508,179.66101694915255,261379.0,225312.0,863.2711926772168,347.0884176743449
1790040579.4785087,390.0147723000264,-152.54237288135593,179.66101694915255,261504.0,225358.0,1088.578669782415,409.3800125677458
1790040579.5934646,390.12972580001224,-145.76271186440678,179.66101694915255,261627.0,225385.0,1102.1753607420922,240.8114233554151
1790040579.710207,390.2464692000067,-138.98305084745763,179.66101694915255,261756.0,225427.0,1138.7570795799863,338.80375921388026
1790040579.8236012,390.35986329999287,-132.20338983050848,179.66101694915255,261903.0,225457.0,1301.6409903664712,249.25040241060086
1790040579.9374464,390.4737075000303,-125.42372881355932,179.66101694915255,262032.0,225492.0,1141.3791358250753,303.7541248566733
1790040580.0517309,390.58799090003595,-118.64406779661017,179.66101694915255,262176.0,225519.0,1230.607598422055,238.77460864905544
1790040580.1668842,390.7031460000435,-111.86440677966102,179.66101694915255,262306.0,225539.0,1140.7785074895837,174.79670679275878
1790040580.2823348,390.81859600002645,-105.08474576271186,179.66101694915255,262430.0,225564.0,1051.7401765775894,208.53469018348756
1790040580.4002502,390.936510700034,-98.30508474576271,179.66101694915255,262565.0,225581.0,1112.6807327086447,142.42313378670653
1790040580.5150504,391.05131020001136,-91.52542372881356,179.66101694915255,262722.0,225609.0,1385.055525549089,220.14127558396117
1790040580.6297665,391.1660267999978,-84.74576271186442,179.66101694915255,262877.0,225640.0,1334.3934859958135,285.2841245922084
1790040580.7424774,391.2787380000227,-77.96610169491527,179.66101694915255,262993.0,225662.0,1003.613006679766,195.1469735210656
1790040580.8552494,391.3915099000442,-71.18644067796612,179.66101694915255,263111.0,225705.0,1031.1174524327798,390.15254956915993
1790040580.969332,391.50559200003045,-64.40677966101697,179.66101694915255,263217.0,225736.0,945.4233707494005,275.3660303153594
1790040581.0831487,391.6194089000346,-57.62711864406779,179.66101694915255,263347.0,225761.0,1112.824800035379,229.92247934615267
1790040581.1987317,391.7349913000362,-50.847457627118644,179.66101694915255,263452.0,225811.0,922.6085215812116,434.1687160382172
1790040581.317231,391.8534903000109,-44.067796610169495,179.66101694915255,263549.0,225859.0,803.6294830720035,438.34335440291096
1790040581.4386501,391.9749082000344,-37.288135593220346,179.66101694915255,263649.0,225907.0,794.1618745868515,414.34532587140075
1790040581.5542216,392.0904789000051,-30.508474576271198,179.66101694915255,263726.0,225955.0,644.0234168247574,414.0150536730584
1790040581.6679175,392.20417490002,-23.72881355932205,179.66101694915255,263815.0,226002.0,792.0157358188189,409.9846161885651
1790040581.7812543,392.3175116000348,-16.9491525423729,179.66101694915255,263892.0,226060.0,650.0598056493951,520.0478445195162
1790040581.8966854,392.4329421000439,-10.169491525423723,179.66101694915255,263980.0,226119.0,793.3005316806292,528.8670211204194
1790040582.0118034,392.5480608000071,-3.3898305084745743,179.66101694915255,264051.0,226194.0,583.8324035748856,656.8114540217463
1790040582.1257014,392.6619578000391,3.3898305084745743,179.66101694915255,264098.0,226263.0,424.2481814971719,608.7039125828989
1790040582.2406518,392.77690769999754,10.169491525423723,179.66101694915255,264154.0,226344.0,497.66512102986894,709.6335985055539
1790040582.3554597,392.89171640004497,16.94915254237287,179.66101694915255,264225.0,226416.0,616.4700554872317,644.0731923000927
1790040582.4691093,393.00536609999835,23.72881355932202,179.66101694915255,264271.0,226500.0,406.64382053364125,720.8685909460004
1790040582.5812716,393.1175278000301,30.50847457627117,179.66101694915255,264314.0,226605.0,383.08520008239367,925.0106050769994
1790040582.6947007,393.23095709999325,37.28813559322032,179.66101694915255,264352.0,226716.0,323.1232538586392,978.6018545433072
1790040582.8071194,393.34337570000207,44.06779661016947,179.66101694915255,264386.0,226827.0,316.7543486833519,940.946741677016
1790040582.9188154,393.45507130003534,50.847457627118644,179.66101694915255,264423.0,226929.0,337.81374456187103,891.4529370382709
1790040583.0322223,393.5684777999995,57.627118644067764,179.66101694915255,264451.0,227045.0,249.23843806597606,1043.1090185724183
1790040583.1464577,393.6827133000479,64.40677966101691,179.66101694915255,264482.0,227141.0,275.10114543461486,816.1333981226907
1790040583.2612643,393.79751990002114,71.18644067796606,179.66101694915255,264509.0,227247.0,222.63698670570065,974.0368168374404
1790040583.378907,393.91516219999176,77.96610169491527,179.66101694915255,264541.0,227359.0,261.161972642239,972.6032084607521
1790040583.497187,394.03344030003063,84.74576271186442,179.66101694915255,264563.0,227431.0,171.21420601006176,612.7666320360106
1790040583.615559,394.15181320003467,91.52542372881356,179.66101694915255,264596.0,227539.0,296.9228586233209,890.7685758699627
1790040583.7337334,394.26998680003453,98.30508474576271,179.66101694915255,264629.0,227670.0,293.74695356332643,1119.910260460182
1790040583.846146,394.3823998000007,105.08474576271186,179.66101694915255,264652.0,227788.0,187.00746903177634,1047.2418265779474
1790040583.9588509,394.49510400003055,111.86440677966101,179.66101694915255,264675.0,227880.0,204.53947479057078,818.1578991622831
1790040584.0724008,394.6086540000397,118.64406779661016,179.66101694915255,264713.0,227979.0,341.2534885211647,866.9683221889048
1790040584.1857247,394.72197670000605,125.42372881355931,179.66101694915255,264761.0,228087.0,435.3980464004739,954.1701867925279
1790040584.3001926,394.83644500002265,132.20338983050846,179.66101694915255,264797.0,228192.0,321.00608808296994,935.503456698941
1790040584.4142518,394.9505046000122,138.9830508474576,179.66101694915255,264846.0,228282.0,432.93432764427723,773.7549685557295
1790040584.5291028,395.0653548000264,145.76271186440675,179.66101694915255,264874.0,228368.0,246.21804534191477,738.6541360257443
1790040584.6423929,395.1786454000394,152.5423728813559,179.66101694915255,264920.0,228475.0,407.86171995955965,945.4976235426155
1790040584.7565732,395.29282550001517,159.32203389830505,179.66101694915255,264984.0,228594.0,578.3403284661441,1055.7005995810566
1790040584.8716004,395.4078523000353,166.1016949152542,179.66101694915255,265044.0,228675.0,545.6311315001064,691.1327665668015
1790040584.9855196,395.52177120000124,172.88135593220335,179.66101694915255,265112.0,228755.0,616.0115184638039,707.9535361449687
1790040585.1016586,395.6379100000486,179.66101694915255,179.66101694915255,265186.0,228825.0,619.8578394973374,601.3546204078647
1790040585.2173204,395.75357160001295,186.4406779661017,179.66101694915255,265271.0,228905.0,723.1928874236679,723.1928874236679
1790040585.3392625,395.87551290000556,193.22033898305085,179.66101694915255,265365.0,228975.0,805.6183120850659,577.9435717131994
1790040585.4553688,395.99161820003064,200.0,179.66101694915255,265471.0,229040.0,949.2002761575135,571.3632730268528
1790040585.5739484,396.1101977000362,-200.0,186.4406779661017,265589.0,229098.0,1017.3891049176784,513.2773862647747
1790040585.6889937,396.22524260001956,-193.22033898305085,186.4406779661017,265677.0,229164.0,800.7001981755312,589.0208354394713
1790040585.8091812,396.34543000004487,-186.4406779661017,186.4406779661017,265802.0,229217.0,1052.081543429788,420.8326173719152
1790040585.9240177,396.46026600000914,-179.66101694915255,186.4406779661017,265944.0,229259.0,1279.8968716569536,359.107755356987
1790040586.040057,396.57630529999733,-172.8813559322034,186.4406779661017,266070.0,229296.0,1058.8327643888945,301.21966573132346
1790040586.152483,396.688731000002,-166.10169491525426,186.4406779661017,266183.0,229337.0,1028.7555888799127,364.74061787560544
1790040586.2648573,396.801105200022,-159.32203389830508,186.4406779661017,266302.0,229372.0,1044.7884820432755,282.3752654171015
1790040586.3792171,396.9154656000319,-152.54237288135593,186.4406779661017,266435.0,229404.0,1188.478940401935,294.8164813400149
1790040586.4935448,397.02979220001725,-145.76271186440678,186.4406779661017,266551.0,229431.0,1007.9296572088443,238.23791897663594
1790040586.6092863,397.1455343000125,-138.98305084745763,186.4406779661017,266678.0,229451.0,1098.9879320158261,163.48580806847
1790040586.722559,397.25880670000333,-132.20338983050848,186.4406779661017,266826.0,229482.0,1329.0568063747853,269.52900269139
1790040586.835848,397.3720958000049,-125.42372881355932,186.4406779661017,266961.0,229509.0,1192.7756630060978,240.40439719502746
1790040586.9559798,397.492227300012,-118.64406779661017,186.4406779661017,267106.0,229528.0,1186.14443750813,156.98970496431133
1790040587.0728426,397.60908980004024,-111.86440677966102,186.4406779661017,267230.0,229549.0,975.6265012254629,180.67157430101165
1790040587.1884172,397.72466440004064,-105.08474576271186,186.4406779661017,267358.0,229578.0,1127.4488509735313,249.5173686580766
1790040587.306443,397.8426882000058,-98.30508474576271,186.4406779661017,267492.0,229603.0,1166.0205349058997,207.89513413050923
1790040587.428854,397.9650991000235,-91.52542372881356,186.4406779661017,267620.0,229633.0,1104.477148481076,255.5814889047118
1790040587.5469785,398.0832247000071,-84.74576271186442,186.4406779661017,267736.0,229661.0,977.4314757093128,239.7473430985107
1790040587.659445,398.1956907000276,-77.96610169491527,186.4406779661017,267839.0,229687.0,884.7810214158808,232.83711089891602
1790040587.7745435,398.31078920001164,-71.18644067796612,186.4406779661017,267947.0,229726.0,945.555978215207,336.3997230188717
1790040587.8891056,398.4253502000356,-64.40677966101697,186.4406779661017,268049.0,229766.0,880.319629547611,330.11986108035416
1790040588.005861,398.5421057000058,-57.62711864406779,186.4406779661017,268157.0,229811.0,935.9628741173581,372.5677460078804
1790040588.1205025,398.6567476000055,-50.847457627118644,186.4406779661017,268252.0,229860.0,847.6895394621096,442.2728031976224
1790040588.233929,398.7701730999979,-44.067796610169495,186.4406779661017,268335.0,229909.0,756.772420772572,452.217666071415
1790040588.3460643,398.88230860000476,-37.288135593220346,186.4406779661017,268418.0,229965.0,702.9475056666006,496.7495706710645
1790040588.4621458,398.99838930001715,-30.508474576271198,186.4406779661017,268483.0,230025.0,567.4034803844789,522.3714581317425
1790040588.5765297,399.1127736000344,-23.72881355932205,186.4406779661017,268568.0,230108.0,727.648525674411,755.2807481683759
1790040588.6897655,399.22600850003073,-16.9491525423729,186.4406779661017,268651.0,230179.0,703.1398898867914,629.1251646355502
1790040588.8047721,399.34101540001575,-10.169491525423723,186.4406779661017,268733.0,230254.0,724.5014470033061,669.4760206486246
1790040588.9174838,399.4537268000422,-3.3898305084745743,186.4406779661017,268797.0,230332.0,566.6469732250459,687.4078035844819
1790040589.031283,399.56752590002725,3.3898305084745743,186.4406779661017,268851.0,230407.0,460.26233111180767,671.9830034232392
1790040589.1440506,399.6802932000137,10.169491525423723,186.4406779661017,268899.0,230483.0,390.37520648132045,678.5092874556284
1790040589.2575154,399.7937582000159,16.94915254237287,186.4406779661017,268944.0,230575.0,396.88546437662717,803.000823273641
1790040589.3715973,399.9078398999991,23.72881355932202,186.4406779661017,268988.0,230664.0,394.3525052613662,779.534022028282
1790040589.4846048,400.0208472000086,30.50847457627117,186.4406779661017,269028.0,230756.0,352.4242150377776,797.591644559181
1790040589.598048,400.1342901000171,37.28813559322032,186.4406779661017,269065.0,230830.0,323.331310275558,674.3767328604495
1790040589.7127886,400.2490306000109,44.06779661016947,186.4406779661017,269093.0,230946.0,239.35976790409586,1021.8820860521015
1790040589.8350317,400.3712728000246,50.847457627118644,186.4406779661017,269128.0,231056.0,276.3516402216552,889.5068419634526
1790040589.9511633,400.48740350001026,57.627118644067764,186.4406779661017,269165.0,231162.0,305.5275487939157,898.0658252427219
1790040590.0711384,400.607378100045,64.40677966101691,186.4406779661017,269194.0,231287.0,246.4142168594661,1003.9097723904175
1790040590.1864297,400.722670200048,71.18644067796606,186.4406779661017,269222.0,231382.0,248.02498613731566,771.6332902049821
1790040590.2998817,400.8361222000094,77.96610169491527,186.4406779661017,269253.0,231496.0,267.8206968227345,978.9308228693053
1790040590.4190564,400.95529559999704,84.74576271186442,186.4406779661017,269280.0,231618.0,219.40698683723377,1035.6009778717435
1790040590.5332754,401.06951420003315,91.52542372881356,186.4406779661017,269300.0,231746.0,183.908045953387,1121.8390803156606
1790040590.6520028,401.1882113000029,98.30508474576271,186.4406779661017,269328.0,231873.0,240.68590135047876,1069.7151171132389
1790040590.7665532,401.3027907999931,105.08474576271186,186.4406779661017,269359.0,231984.0,256.97079160582257,954.4629402501981
1790040590.8815882,401.41782680002507,111.86440677966101,186.4406779661017,269373.0,232054.0,110.40777269954687,625.6440452974322
1790040591.0000703,401.53630850004265,118.64406779661016,186.4406779661017,269407.0,232169.0,284.1756774450743,976.8538912174429
1790040591.1138377,401.6500757000176,125.42372881355931,186.4406779661017,269458.0,232265.0,452.20890209670677,839.8165324653125
1790040591.2258701,401.7621085999999,132.20338983050846,186.4406779661017,269494.0,232370.0,328.2590733139222,928.5042359450943
1790040591.3403656,401.8766038000467,138.9830508474576,186.4406779661017,269541.0,232456.0,420.28784220562636,776.6188388582226
1790040591.4535918,401.98982990003424,145.76271186440675,186.4406779661017,269599.0,232574.0,480.7612298590806,1026.2403175838067
1790040591.5682793,402.1045174000319,152.5423728813559,186.4406779661017,269663.0,232674.0,568.3917354719299,916.7608636644031
1790040591.685956,402.2221937000286,159.32203389830505,186.4406779661017,269733.0,232773.0,618.6733821985441,864.3231074832601
1790040591.80049,402.33672620001016,166.1016949152542,186.4406779661017,269816.0,232879.0,735.6551837829284,937.9603593232337
1790040591.921696,402.4579311000416,172.88135593220335,186.4406779661017,269899.0,232978.0,649.1547274911172,813.7291654466118
1790040592.037075,402.57331020000856,179.66101694915255,186.4406779661017,269976.0,233061.0,679.215010905803,670.0364296773462
1790040592.152318,402.6885525000398,186.4406779661017,186.4406779661017,270062.0,233133.0,729.0775254936491,601.4889585322605
1790040592.2666876,402.80292260000715,193.22033898305085,186.4406779661017,270138.0,233197.0,664.1950003780773,516.5961114051713
1790040592.379673,402.91590890003135,200.0,186.4406779661017,270224.0,233246.0,776.0360079574593,411.3925825316652
1790040592.493842,403.0300772000337,-200.0,193.22033898305085,270328.0,233304.0,901.7306787762635,506.07334012953567
1790040592.6092699,403.14550520002376,-193.22033898305085,193.22033898305085,270424.0,233341.0,812.2475986926117,328.5495904824047
1790040592.7261662,403.2624015000183,-186.4406779661017,193.22033898305085,270492.0,233357.0,545.5020230230185,134.13984172697175
1790040592.8390605,403.3752955000382,-179.66101694915255,193.22033898305085,270573.0,233394.0,744.5018539085075,325.71956108497204
1790040592.9531631,403.48939800000517,-172.8813559322034,193.22033898305085,270707.0,233427.0,1185.0681414749913,293.9703916837188
1790040593.0655825,403.6018171000178,-166.10169491525426,193.22033898305085,270837.0,233465.0,1184.7136495440998,345.15279553647
1790040593.1795287,403.7157635000185,-159.32203389830508,193.22033898305085,270922.0,233501.0,755.6886305275044,276.4714501929894
1790040593.2939491,403.8301837000181,-152.54237288135593,193.22033898305085,270953.0,233516.0,283.97484174042023,128.24670272148012
1790040593.4072216,403.9434540999937,-145.76271186440678,193.22033898305085,271057.0,233541.0,959.9478090639407,223.67715939353957
1790040593.5243752,404.06060830003116,-138.98305084745763,193.22033898305085,271198.0,233568.0,1254.7331323172398,195.18070947157062
1790040593.6375172,404.1737495000125,-132.20338983050848,193.22033898305085,271337.0,233596.0,1243.71529292293,250.59935006656056
1790040593.7512887,404.2875202000141,-125.42372881355932,193.22033898305085,271466.0,233610.0,1153.6612130761753,129.21005586453163
1790040593.868195,404.4044267000281,-118.64406779661017,193.22033898305085,271609.0,233637.0,1276.4027525008364,244.41754835122399
1790040593.9842618,404.5204933999921,-111.86440677966102,193.22033898305085,271732.0,233664.0,1050.94909868678,237.60588318135893
1790040594.098601,404.6348337000236,-105.08474576271186,193.22033898305085,271873.0,233697.0,1258.4046737674203,303.1193739731742
1790040594.2133327,404.74956419999944,-98.30508474576271,193.22033898305085,272004.0,233721.0,1171.2744479006942,202.89793585681315
1790040594.328893,404.8651237000013,-91.52542372881356,193.22033898305085,272125.0,233748.0,1052.3345952323427,244.9399488902867
1790040594.4442105,404.98044220003067,-84.74576271186442,193.22033898305085,272248.0,233775.0,1022.3716833405203,219.0796464301115
1790040594.5573025,405.0935340000433,-77.96610169491527,193.22033898305085,272354.0,233803.0,926.9026065149191,259.53272982417735
1790040594.6697557,405.205987000023,-71.18644067796612,193.22033898305085,272443.0,233842.0,792.0105703339368,354.0753137963482
1790040594.7821405,405.3183713000035,-64.40677966101697,193.22033898305085,272541.0,233876.0,857.6265372029969,298.30488250539025
1790040594.8942127,405.4304436999955,-57.62711864406779,193.22033898305085,272633.0,233919.0,804.3178775492921,392.8064053147706
1790040595.0076232,405.5438536000438,-50.847457627118644,193.22033898305085,272753.0,233981.0,1089.7692830713281,554.1199744430481
1790040595.1235664,405.65979619999416,-44.067796610169495,193.22033898305085,272847.0,234040.0,785.2510003345982,514.4747933226678
1790040595.2379427,405.77417320001405,-37.288135593220346,193.22033898305085,272931.0,234086.0,740.8017883099964,416.70100592437296
1790040595.3545551,405.8907845999929,-30.508474576271198,193.22033898305085,273027.0,234156.0,827.35720955808,579.1500466906559
1790040595.4711304,406.0073595000431,-23.72881355932205,193.22033898305085,273113.0,234226.0,721.4773637588174,628.9802658410204
1790040595.5849319,406.12116010003956,-16.9491525423729,193.22033898305085,273202.0,234290.0,766.3896586147667,563.2502310301297
1790040595.699843,406.2360705000465,-10.169491525423723,193.22033898305085,273260.0,234371.0,520.8338093827085,712.7199496816012
1790040595.8158312,406.3520586999948,-3.3898305084745743,193.22033898305085,273312.0,234452.0,474.5781275150034,675.3611814636587
1790040595.9308975,406.4671255000285,3.3898305084745743,193.22033898305085,273375.0,234538.0,494.20137061197823,750.4539331515225
1790040596.043986,406.58021410001675,10.169491525423723,193.22033898305085,273434.0,234651.0,509.5366738254445,982.0161350090385
1790040596.1570318,406.69325960002607,16.94915254237287,193.22033898305085,273497.0,234738.0,565.3843872665084,787.8307035680854
1790040596.2735014,406.8097295000334,23.72881355932202,193.22033898305085,273541.0,234833.0,377.486015061249,808.8986037026764
1790040596.3872256,406.9234532000264,30.50847457627117,193.22033898305085,273562.0,234908.0,193.49239025769305,654.1885575379146
1790040596.5025783,407.0388059000252,37.28813559322032,193.22033898305085,273604.0,234997.0,381.20029078434874,762.4005815686975
1790040596.618366,407.15459350001765,44.06779661016947,193.22033898305085,273632.0,235099.0,237.5863421122595,849.8280698630821
1790040596.7381942,407.2744212000398,50.847457627118644,193.22033898305085,273657.0,235217.0,219.45744849443156,991.9476671948306
1790040596.8532786,407.38950460002525,57.627118644067764,193.22033898305085,273690.0,235330.0,257.35388723016894,965.0770771131336
1790040596.9765224,407.51274790003663,64.40677966101691,193.22033898305085,273714.0,235433.0,210.3732295438449,832.3462560212994
1790040597.091921,407.62814650003565,71.18644067796606,193.22033898305085,273745.0,235566.0,255.34282055879413,1185.520238308687
1790040597.2050178,407.7412437000312,77.96610169491527,193.22033898305085,273779.0,235689.0,306.5080007501572,1123.862669417243
1790040597.3166494,407.852874800039,84.74576271186442,193.22033898305085,273808.0,235781.0,243.8319885041742,825.2774995525896
1790040597.4311798,407.9674043999985,91.52542372881356,193.22033898305085,273848.0,235867.0,348.52377252420297,752.0776143943327
1790040597.5445147,408.0807394000003,98.30508474576271,193.22033898305085,273865.0,235978.0,157.4998656759561,1000.5873819413681
1790040597.659737,408.1959615999949,105.08474576271186,193.22033898305085,273899.0,236068.0,290.7888101273797,781.4949272173329
1790040597.7735019,408.30972610000754,111.86440677966101,193.22033898305085,273938.0,236187.0,361.6301173269549,982.8921137604415
1790040597.8868172,408.42304150003474,118.64406779661016,193.22033898305085,273983.0,236278.0,398.2716861794736,759.4948434120193
1790040597.9988754,408.5350996000343,125.42372881355931,193.22033898305085,274027.0,236378.0,392.96627797894394,898.2086353804433
1790040598.1120162,408.6482401000103,132.20338983050846,193.22033898305085,274068.0,236477.0,371.4775799313292,854.3984338420572
1790040598.2260509,408.7622750000446,138.9830508474576,193.22033898305085,274117.0,236563.0,413.2796865878533,771.4554149639928
1790040598.3457394,408.8819623000454,145.76271186440675,193.22033898305085,274173.0,236651.0,496.1719447333396,770.8385569964383
1790040598.4597113,408.9959334000014,152.5423728813559,193.22033898305085,274229.0,236748.0,500.16950179502896,870.665429050606
1790040598.5765166,409.1127381999977,159.32203389830505,193.22033898305085,274286.0,236846.0,519.1395631918317,825.0610915013041
1790040598.6913176,409.2275390000432,166.1016949152542,193.22033898305085,274348.0,236917.0,561.5717381125845,616.808302517101
1790040598.8077667,409.34398920001695,172.88135593220335,193.22033898305085,274431.0,236976.0,713.5914790675658,523.9026048850483
1790040598.9220057,409.45822700002464,179.66101694915255,193.22033898305085,274517.0,237049.0,733.1640334870656,650.6830797197707
1790040599.036817,409.57303680002224,186.4406779661017,193.22033898305085,274619.0,237119.0,923.0064906735084,590.7241540310455
1790040599.152754,409.6889752999996,193.22033898305085,193.22033898305085,274727.0,237191.0,897.1565627095964,613.3621398116628
1790040599.265812,409.80203340004664,200.0,193.22033898305085,274813.0,237254.0,764.7876828145892,550.2740644641556
1790040599.3799558,409.91617700003553,-200.0,200.0,274922.0,237300.0,962.9246500054921,412.68199285949663
1790040599.4949865,410.0312078000279,-193.22033898305085,200.0,275034.0,237337.0,984.9853577295207,319.20821778271505
1790040599.607217,410.1434382000007,-186.4406779661017,200.0,275169.0,237376.0,1223.0942603536348,336.11750666206757
1790040599.7214127,410.2576338000363,-179.66101694915255,200.0,275299.0,237409.0,1102.6574040828214,275.66435102070534
1790040599.833927,410.37014750001254,-172.8813559322034,200.0,275440.0,237441.0,1261.1539185697504,301.1710850315822
1790040599.9501526,410.4863729000208,-166.10169491525426,200.0,275579.0,237470.0,1200.6420663344277,258.5998296720306
1790040600.0641832,410.6004034000216,-159.32203389830508,200.0,275741.0,237504.0,1382.3814564529705,285.6921676669472
1790040600.1768742,410.71309410000686,-152.54237288135593,200.0,275866.0,237541.0,1106.0044896262516,325.29543812536815
1790040600.2899594,410.8261789000244,-145.76271186440678,200.0,275941.0,237561.0,657.8100116818711,157.50380561396912
1790040600.402833,410.93905069999164,-138.98305084745763,200.0,276058.0,237581.0,1048.9896739306885,185.66188919127228
1790040600.5168636,411.0530823000008,-132.20338983050848,200.0,276193.0,237598.0,1214.8319942089267,156.4556356178163
1790040600.6309736,411.16719240002567,-125.42372881355932,200.0,276308.0,237616.0,1012.1699637197398,165.62781224504835
1790040600.745876,411.28209350002,-118.64406779661017,200.0,276437.0,237640.0,1148.3274514898924,209.61532844656764
1790040600.8606791,411.39689590001944,-111.86440677966102,200.0,276539.0,237674.0,929.2500306400785,285.215355939034
1790040600.9764411,411.51265779999085,-105.08474576271186,200.0,276671.0,237709.0,1141.8351026860073,292.3097862876179
1790040601.0935771,411.6297945000115,-98.30508474576271,200.0,276778.0,237742.0,897.3942930405312,271.93766455773675
1790040601.2076626,411.7438791000168,-91.52542372881356,200.0,276886.0,237767.0,956.4370509983204,220.71624253807394
1790040601.3205895,411.856806900003,-84.74576271186442,200.0,276988.0,237792.0,901.017220507131,232.2209331203946
1790040601.436101,411.97231750003994,-77.96610169491527,200.0,277106.0,237829.0,999.4884435759807,299.8465330727942
1790040601.5492997,412.0855164999957,-71.18644067796612,200.0,277220.0,237872.0,1012.6337675012446,399.47937617021574
1790040601.662871,412.19908769999165,-64.40677966101697,200.0,277329.0,237920.0,951.3886577102573,424.8920218900178
1790040601.7766938,412.3129106000415,-57.62711864406779,200.0,277412.0,237961.0,745.0618954203911,358.7335052024105
1790040601.8992841,412.435500600026,-50.847457627118644,200.0,277518.0,238004.0,870.9299266020902,348.3719706408361
1790040602.0119922,412.5482082000235,-44.067796610169495,200.0,277601.0,238047.0,724.0298939018132,394.92539667371636
1790040602.1289473,412.66516200004844,-37.288135593220346,200.0,277682.0,238102.0,717.040278270509,478.02685218033935
1790040602.247253,412.78346870001405,-30.508474576271198,200.0,277749.0,238171.0,555.9906104197192,593.6848890922425
1790040602.361806,412.8980196000193,-23.72881355932205,200.0,277821.0,238250.0,630.4715102023807,694.4323880489991
1790040602.4768577,413.0130716999993,-16.9491525423729,200.0,277890.0,238319.0,569.0213751401259,596.5546674856158
1790040602.5919352,413.1281489999965,-10.169491525423723,200.0,277950.0,238403.0,521.5796726627847,750.3426869885674
1790040602.705816,413.2420299000223,-3.3898305084745743,200.0,278014.0,238493.0,564.3434832161386,804.8833285213778
1790040602.8212585,413.3574720000033,3.3898305084745743,200.0,278058.0,238593.0,383.02959992964975,829.8974665142412
1790040602.9366727,413.4728860000032,10.169491525423723,200.0,278107.0,238690.0,412.0498011605526,851.5695890651419
1790040603.0503495,413.58656319999136,16.94915254237287,200.0,278141.0,238770.0,297.41048405917303,687.7617443868377
1790040603.1630924,413.69930610002484,23.72881355932202,200.0,278191.0,238872.0,436.9889786249824,846.0850437207106
1790040603.275594,413.8118079000269,30.50847457627117,200.0,278230.0,238991.0,326.2010255747197,1071.8033697455076
1790040603.3893576,413.9255712000304,37.28813559322032,200.0,278279.0,239084.0,423.26679152539367,828.1306790714225
1790040603.505071,414.04128430003766,44.06779661016947,200.0,278311.0,239191.0,271.17786104258425,931.0439895795394
1790040603.6260908,414.1623038999969,50.847457627118644,200.0,278343.0,239295.0,236.61711142373449,850.0688817815646
1790040603.744415,414.2806270000292,57.627118644067764,200.0,278372.0,239417.0,222.66973888959168,1033.1875884477054
1790040603.86354,414.39975169999525,64.40677966101691,200.0,278405.0,239554.0,278.835804669632,1143.2267991454912
1790040603.9774363,414.51364720001584,71.18644067796606,200.0,278426.0,239612.0,183.93375439423548,469.03107370530046
1790040604.0925474,414.62875890004216,77.96610169491527,200.0,278454.0,239726.0,245.96772360292613,992.9808101007018
1790040604.2068045,414.7430160000222,84.74576271186442,200.0,278479.0,239851.0,220.30981069856662,1092.3694780470596
1790040604.3209507,414.85716150002554,91.52542372881356,200.0,278514.0,239949.0,321.2695103308655,826.1215979936541
1790040604.4362347,414.97244480001973,98.30508474576271,200.0,278542.0,240064.0,245.89088998644584,1001.7776999447793
1790040604.551618,415.0878283000202,105.08474576271186,200.0,278566.0,240155.0,165.0886939740059,770.4139052120275
1790040604.6711445,415.2073546000174,111.86440677966101,200.0,278610.0,240255.0,387.9673684070125,837.6568181515042
1790040604.7854779,415.32168850000016,118.64406779661016,200.0,278632.0,240309.0,166.7979428245945,463.32761895720694
1790040604.8999915,415.43620180001017,125.42372881355931,200.0,278645.0,240335.0,118.87725012145489,228.61009638741325
1790040605.0140119,415.5502220999915,132.20338983050846,200.0,278664.0,240370.0,165.1362511631243,302.74979379906125
1790040605.126805,415.66301499999827,138.9830508474576,200.0,278712.0,240441.0,436.3479716116655,631.311958927516
1790040605.2423427,415.77855240000645,145.76271186440675,200.0,278768.0,240512.0,512.0894255807103,630.967327947661
1790040605.3552847,415.8914943000418,152.5423728813559,200.0,278842.0,240582.0,624.5339299232262,587.2483221666157
1790040605.466347,416.0025559000205,159.32203389830505,200.0,278907.0,240668.0,568.791006472987,786.8275589542986
1790040605.5811467,416.1173553999979,166.1016949152542,200.0,278969.0,240720.0,540.3134375545759,447.15594832102835
1790040605.694332,416.23054060002323,172.88135593220335,200.0,279038.0,240778.0,612.1341688401042,510.1118073667535
1790040605.8076475,416.34385589999147,179.66101694915255,200.0,279132.0,240839.0,843.0765809922893,509.55177972061443
1790040605.921106,416.4573145000031,186.4406779661017,200.0,279223.0,240906.0,784.1892684698155,590.4483903772729
1790040606.034493,416.57070100004785,193.22033898305085,200.0,279333.0,240963.0,987.8695161840633,498.5509707844805
1790040606.1466804,416.682886900031,200.0,200.0,279435.0,241003.0,924.2126922608267,354.7483061203173
